date,open,high,low,close
2018-01-01,87.9100036621,88.0009994507,87.8499984741,87.8809967041
2018-01-02,87.9499969482,88.3960037231,87.6610031128,87.9300003052
2018-01-03,87.9150009155,88.0920028687,87.6800003052,87.9000015259
2018-01-04,88.1340026855,88.6869964600,88.1029968262,88.1250000000
2018-01-05,88.6859970093,88.9769973755,88.4520034790,88.6699981689
2018-01-08,88.9199981689,89.0250015259,88.4700012207,88.9270019531
2018-01-09,88.7630004883,88.8379974365,87.8649978638,88.7600021362
2018-01-10,88.0830001831,88.1009979248,87.3610000610,88.0630035400
2018-01-11,87.4300003052,88.0729980469,87.3119964600,87.4440002441
2018-01-12,87.7529983521,87.8740005493,87.4140014648,87.7590026855
2018-01-15,87.9100036621,88.1650009155,87.6699981689,87.8580017090
2018-01-16,88.0589981079,88.4130020142,87.8899993896,88.0240020752
2018-01-17,87.9479980469,88.4980010986,87.9160003662,87.9850006104
2018-01-18,88.7470016479,88.9789962769,88.4079971313,88.7880020142
2018-01-19,88.8679962158,89.0130004883,88.4000015259,88.8789978027
2018-01-22,88.5400009155,88.9589996338,88.3870010376,88.5630035400
2018-01-23,88.8629989624,89.0530014038,87.9069976807,88.8590011597
2018-01-24,88.1259994507,88.4189987183,87.9020004272,88.1259994507
2018-01-25,87.9919967651,88.3290023804,87.8330001831,87.9909973145
2018-01-26,88.0390014648,88.4150009155,87.8000030518,88.0770034790
2018-01-29,88.1719970703,88.2649993896,87.9199981689,88.1399993896
2018-01-30,88.2160034180,88.2829971313,87.4710006714,88.1780014038
2018-01-31,88.0660018921,88.3990020752,87.6699981689,88.0770034790
2018-02-01,88.0059967041,88.1179962158,87.4950027466,88.0019989014
2018-02-02,87.9359970093,87.9599990845,87.4309997559,87.9420013428
2018-02-05,86.9830017090,87.4960021973,86.9140014648,86.9759979248
2018-02-06,85.8529968262,86.2630004883,85.0049972534,85.9049987793
2018-02-07,86.5100021362,86.5739974976,85.6829986572,86.5390014648
2018-02-08,85.3020019531,85.9570007324,84.8000030518,85.3440017700
2018-02-09,84.5240020752,85.3399963379,84.4089965820,84.5059967041
2018-02-12,85.0609970093,85.2119979858,84.7689971924,85.0770034790
2018-02-13,85.3850021362,85.5820007324,84.3000030518,85.4130020142
2018-02-14,84.7099990845,84.8840026855,83.3499984741,84.7070007324
2018-02-15,84.5139999390,84.7949981689,83.8799972534,84.4970016479
2018-02-16,84.2580032349,84.6520004272,83.9469985962,84.2880020142
2018-02-19,84.0699996948,84.4919967651,84.0699996948,84.0640029907
2018-02-20,84.4110031128,84.7959976196,84.2109985352,84.3919982910
2018-02-21,84.6110000610,84.8470001221,84.2519989014,84.6169967651
2018-02-22,83.9209976196,84.0500030518,83.5309982300,83.8679962158
2018-02-23,83.7419967651,83.8359985352,83.2750015259,83.7279968262
2018-02-26,83.9140014648,84.1149978638,83.6090011597,83.9219970703
2018-02-27,84.0520019531,84.1610031128,83.8099975586,84.0429992676
2018-02-28,83.7080001831,83.7939987183,83.0979995728,83.7160034180
2018-03-01,82.7630004883,83.1419982910,82.3040008545,82.7799987793
2018-03-02,82.4400024414,82.5989990234,81.5640029907,82.4229965210
2018-03-05,81.8639984131,82.2880020142,81.5049972534,81.8509979248
2018-03-06,82.5319976807,83.3030014038,82.1800003052,82.5039978027
2018-03-07,82.2300033569,82.9440002441,82.0650024414,82.1640014648
2018-03-08,83.1060028076,83.1279983521,82.5049972534,83.1050033569
2018-03-09,82.8860015869,83.8960037231,82.8079986572,82.8880004883
2018-03-12,84.0289993286,84.0810012817,83.6689987183,84.0400009155
2018-03-13,83.6959991455,84.5189971924,83.6660003662,83.6480026245
2018-03-14,83.7330017090,84.2490005493,83.4940032959,83.6869964600
2018-03-15,83.6610031128,83.6770019531,82.8130035400,83.6409988403
2018-03-16,82.8089981079,82.8089981079,81.8820037842,82.8010025024
2018-03-19,81.7559967041,81.9990005493,81.2399978638,81.7639999390
2018-03-20,81.7440032959,82.1849975586,81.6129989624,81.6969985962
2018-03-21,81.8759994507,82.0049972534,81.5260009766,81.8629989624
2018-03-22,82.3209991455,82.4179992676,81.0100021362,82.3509979248
2018-03-23,80.7819976807,81.4509963989,80.6959991455,80.7529983521
2018-03-26,80.8320007324,81.4550018311,80.7900009155,80.8259963989
2018-03-27,81.8470001221,81.8870010376,81.3600006104,81.8050003052
2018-03-28,81.0820007324,81.6930007935,80.7620010376,81.0699996948
2018-03-29,81.8119964600,81.8700027466,81.4830017090,81.8020019531
2018-03-30,81.8099975586,81.8440017700,81.4800033569,81.8079986572
2018-04-02,81.6849975586,81.7720031738,81.1060028076,81.6770019531
2018-04-03,80.9789962769,81.9690017700,80.9400024414,80.9589996338
2018-04-04,81.7570037842,82.1760025024,81.2630004883,81.7559967041
2018-04-05,82.4380035400,82.6230010986,82.1289978027,82.4260025024
2018-04-06,82.1389999390,82.5759963989,82.1389999390,82.0830001831
2018-04-09,82.0899963379,82.5319976807,81.9649963379,82.1460037231
2018-04-10,82.1699981689,83.3339996338,82.0739974976,82.1839981079
2018-04-11,83.1490020752,83.2050018311,82.6719970703,83.1559982300
2018-04-12,82.9189987183,83.2639999390,82.6900024414,82.9300003052
2018-04-13,83.2559967041,84.0599975586,83.2099990845,83.1729965210
2018-04-16,83.5459976196,83.5999984741,83.1289978027,83.5599975586
2018-04-17,83.1859970093,83.3410034180,83.0619964600,83.2050018311
2018-04-18,83.1289978027,83.5650024414,83.0960006714,83.1100006104
2018-04-19,83.6200027466,83.9300003052,83.2320022583,83.5800018311
2018-04-20,82.9540023804,83.1490020752,82.5159988403,82.9710006714
2018-04-23,82.5989990234,82.8119964600,82.5000000000,82.6110000610
2018-04-24,82.6729965210,83.0709991455,82.5159988403,82.6650009155
2018-04-25,82.7279968262,82.7770004272,82.4589996338,82.7300033569
2018-04-26,82.7679977417,82.9039993286,82.5329971313,82.7949981689
2018-04-27,82.5699996948,82.7009963989,82.3690032959,82.5889968872
2018-04-30,82.6139984131,82.6880035400,82.3799972534,82.6210021973
2018-05-01,82.3199996948,82.5260009766,82.0439987183,82.3420028687
2018-05-02,82.2139968872,82.6480026245,82.0800018311,82.2080001831
2018-05-03,82.2220001221,82.5709991455,81.7529983521,82.2220001221
2018-05-04,82.1539993286,82.4469985962,81.6699981689,82.1230010986
2018-05-07,82.1179962158,82.1959991455,81.8219985962,82.1139984131
2018-05-08,81.9100036621,81.9710006714,81.1600036621,81.8970031738
2018-05-09,81.1709976196,81.9980010986,81.1200027466,81.2050018311
2018-05-10,81.9150009155,82.4509963989,81.8509979248,81.9199981689
2018-05-11,82.3750000000,82.6630020142,82.2620010376,82.3659973145
2018-05-14,82.5479965210,82.7829971313,82.4929962158,82.5550003052
2018-05-15,82.5920028687,82.6940002441,82.1979980469,82.5759963989
2018-05-16,82.3600006104,82.9010009766,82.1829986572,82.3649978638
2018-05-17,82.9729995728,83.3750000000,82.8830032349,82.9619979858
2018-05-18,83.1770019531,83.4270019531,83.0609970093,83.1900024414
2018-05-21,83.4309997559,84.1539993286,83.3820037842,83.4219970703
2018-05-22,84.1449966431,84.4720001221,84.0100021362,84.1460037231
2018-05-23,83.9260025024,83.9990005493,82.4919967651,83.9160003662
2018-05-24,83.1309967041,83.1309967041,82.3960037231,83.1330032349
2018-05-25,82.7580032349,83.1539993286,82.4100036621,82.7639999390
2018-05-28,82.8489990234,83.0540008545,82.4479980469,82.8310012817
2018-05-29,82.5299987793,82.5309982300,81.5739974976,82.5390014648
2018-05-30,81.1620025635,82.6029968262,81.1259994507,81.0930023193
2018-05-31,82.3219985962,82.6559982300,82.0059967041,82.3000030518
2018-06-01,82.2320022583,82.8460006714,82.2080001831,82.2320022583
2018-06-04,82.9499969482,83.9390029907,82.9499969482,82.9449996948
2018-06-05,84.1569976807,84.1719970703,83.3199996948,84.1200027466
2018-06-06,83.7770004272,84.4639968872,83.7389984131,83.7549972534
2018-06-07,84.3809967041,84.5149993896,83.8219985962,84.4010009766
2018-06-08,83.5390014648,83.7600021362,82.5950012207,83.5159988403
2018-06-11,83.2450027466,83.8050003052,83.0970001221,83.1880035400
2018-06-12,83.9229965210,84.1409988403,83.6559982300,83.9359970093
2018-06-13,83.6630020142,83.9580001831,83.5400009155,83.6539993286
2018-06-14,83.4329986572,83.5400009155,82.9100036621,83.4550018311
2018-06-15,82.6019973755,82.8379974365,82.2720031738,82.6019973755
2018-06-18,82.2949981689,82.3929977417,81.9199981689,82.2979965210
2018-06-19,81.5459976196,81.7740020752,80.6330032349,81.5360031128
2018-06-20,81.3460006714,81.6539993286,81.0019989014,81.3170013428
2018-06-21,81.3339996338,81.6340026855,81.1200027466,81.3399963379
2018-06-22,81.1029968262,81.9250030518,81.0899963379,81.1100006104
2018-06-25,81.7710037231,81.7710037231,81.0950012207,81.7659988403
2018-06-26,81.2259979248,81.3669967651,80.9909973145,81.2330017090
2018-06-27,81.3889999390,81.6289978027,80.8339996338,81.3740005493
2018-06-28,80.9240036011,81.1920013428,80.6959991455,80.9189987183
2018-06-29,81.1409988403,81.9919967651,81.0469970703,81.1600036621
2018-07-02,81.9260025024,82.0989990234,81.0029983521,81.9100036621
2018-07-03,81.3700027466,82.0660018921,81.0530014038,81.3560028076
2018-07-04,81.4489974976,81.9420013428,81.4489974976,81.4589996338
2018-07-05,81.5250015259,81.9280014038,81.2860031128,81.5500030518
2018-07-06,81.6610031128,82.2419967651,81.6200027466,81.6760025024
2018-07-09,82.1060028076,82.7409973145,82.0899963379,82.1050033569
2018-07-10,82.8730010986,83.0889968872,82.6569976807,82.8820037842
2018-07-11,82.2320022583,82.5609970093,82.0800018311,82.1470031738
2018-07-12,82.4769973755,83.4000015259,82.4710006714,82.4499969482
2018-07-13,83.4390029907,83.5899963379,82.9899978638,83.4359970093
2018-07-16,83.3820037842,83.6650009155,83.2300033569,83.3870010376
2018-07-17,83.3010025024,83.5950012207,83.2170028687,83.3130035400
2018-07-18,83.3740005493,83.4810028076,82.8440017700,83.3649978638
2018-07-19,83.4550018311,83.8980026245,82.7419967651,83.4440002441
2018-07-20,82.7320022583,82.9820022583,82.2279968262,82.7239990234
2018-07-23,82.5469970703,82.5469970703,82.1470031738,82.5380020142
2018-07-24,82.2409973145,82.5380020142,81.8300018311,82.2539978027
2018-07-25,82.6330032349,82.8059997559,82.1029968262,82.5999984741
2018-07-26,82.6999969482,82.6999969482,82.0179977417,82.6770019531
2018-07-27,82.0199966431,82.2990036011,81.8600006104,81.9899978638
2018-07-30,82.0500030518,82.2460021973,82.0400009155,82.0889968872
2018-07-31,82.2279968262,83.2509994507,82.1299972534,82.2060012817
2018-08-01,82.9400024414,83.0589981079,82.6640014648,82.9489974976
2018-08-02,82.6770019531,82.7160034180,81.9700012207,82.6579971313
2018-08-03,82.1920013428,82.6060028076,82.1100006104,82.1780014038
2018-08-06,82.2350006104,82.4150009155,82.1910018921,82.2559967041
2018-08-07,82.2160034180,82.7519989014,82.1600036621,82.2259979248
2018-08-08,82.6780014038,82.7850036621,82.0920028687,82.6490020752
2018-08-09,82.3379974365,82.6419982910,81.9489974976,82.3199996948
2018-08-10,81.8600006104,81.8899993896,80.7399978638,81.8889999390
2018-08-13,80.6309967041,80.8379974365,79.9899978638,80.6169967651
2018-08-14,80.3349990845,80.8050003052,80.2239990234,80.3960037231
2018-08-15,80.4800033569,80.5479965210,79.7180023193,80.4899978638
2018-08-16,79.9980010986,80.6880035400,79.8619995117,79.9729995728
2018-08-17,80.5729980469,80.7040023804,80.1399993896,80.5699996948
2018-08-20,80.7200012207,80.9449996948,80.5999984741,80.7320022583
2018-08-21,80.6449966431,81.2440032959,80.5940017700,80.6600036621
2018-08-22,81.0500030518,81.2910003662,80.9169998169,81.0540008545
2018-08-23,81.0790023804,81.0839996338,80.6289978027,81.0889968872
2018-08-24,80.6520004272,81.6760025024,80.6090011597,80.6569976807
2018-08-27,81.7119979858,81.7170028687,81.1900024414,81.7190017700
2018-08-28,81.6740036011,81.7649993896,81.4270019531,81.6630020142
2018-08-29,81.6299972534,81.7850036621,81.0650024414,81.5940017700
2018-08-30,81.6520004272,81.6579971313,80.7229995728,81.6780014038
2018-08-31,80.5979995728,80.6399993896,79.7669982910,80.5999984741
2018-09-03,79.8929977417,80.2570037842,79.5530014038,79.9120025635
2018-09-04,80.0260009766,80.4349975586,79.7399978638,80.0660018921
2018-09-05,80.0690002441,80.5609970093,79.6259994507,80.0589981079
2018-09-06,80.1740036011,80.2549972534,79.6729965210,80.1910018921
2018-09-07,79.4440002441,79.5360031128,79.0130004883,79.4440002441
2018-09-10,78.8939971924,79.2419967651,78.7740020752,78.9110031128
2018-09-11,79.0110015869,79.4789962769,78.9130020142,78.9899978638
2018-09-12,79.3479995728,79.9950027466,79.0690002441,79.3529968262
2018-09-13,79.7139968872,80.7959976196,79.7139968872,79.7429962158
2018-09-14,80.5199966431,80.6989974976,80.3099975586,80.5080032349
2018-09-17,79.9400024414,80.5869979858,79.9400024414,79.9700012207
2018-09-18,79.7809982300,81.0770034790,79.7809982300,79.7900009155
2018-09-19,81.1179962158,81.6330032349,81.0169982910,81.1220016479
2018-09-20,81.5240020752,81.9369964600,81.3399963379,81.5000000000
2018-09-21,81.9560012817,82.3450012207,81.8919982910,81.9540023804
2018-09-24,81.8830032349,81.9869995117,81.5899963379,81.8700027466
2018-09-25,81.7969970703,82.0250015259,81.6500015259,81.7829971313
2018-09-26,81.8870010376,82.2249984741,81.8099975586,81.8899993896
2018-09-27,81.7549972534,81.9459991455,81.3079986572,81.7910003662
2018-09-28,81.7020034790,82.1979980469,81.6699981689,81.6610031128
2018-10-01,82.1770019531,82.3610000610,82.0699996948,82.1989974976
2018-10-02,82.3619995117,82.4589996338,81.3600006104,82.3489990234
2018-10-03,81.6210021973,81.8899993896,81.3259963989,81.6289978027
2018-10-04,81.2429962158,81.2600021362,80.5220031738,81.2340011597
2018-10-05,80.6399993896,80.7630004883,80.0360031128,80.6380004883
2018-10-08,80.1959991455,80.4140014648,79.7919998169,80.1940002441
2018-10-09,79.9800033569,80.2570037842,79.8320007324,79.9700012207
2018-10-10,80.3799972534,80.5839996338,79.8519973755,80.3889999390
2018-10-11,79.1999969482,80.1460037231,79.1559982300,79.1790008545
2018-10-12,79.8580017090,80.1299972534,79.6719970703,79.8470001221
2018-10-15,79.7470016479,79.9660034180,79.4869995117,79.7310028076
2018-10-16,79.8180007935,80.1839981079,79.7350006104,79.7919998169
2018-10-17,80.1869964600,80.3290023804,79.6760025024,80.1890029907
2018-10-18,80.0749969482,80.4400024414,79.8050003052,80.0830001831
2018-10-19,79.6110000610,80.4690017700,79.5640029907,79.5979995728
2018-10-22,79.9960021973,80.2979965210,79.6429977417,80.0049972534
2018-10-23,79.7210006714,79.7799987793,79.0500030518,79.7419967651
2018-10-24,79.7460021973,80.0220031738,79.4530029297,79.7330017090
2018-10-25,79.1200027466,79.7890014648,78.9960021973,79.1080017090
2018-10-26,79.5029983521,79.5189971924,78.5640029907,79.5490036011
2018-10-29,79.4229965210,79.7490005493,79.1999969482,79.4219970703
2018-10-30,79.3020019531,80.3410034180,79.2990036011,79.3320007324
2018-10-31,80.2549972534,80.3759994507,79.9649963379,80.2509994507
2018-11-01,79.9209976196,81.2350006104,79.8399963379,79.9270019531
2018-11-02,81.1989974976,81.9380035400,81.0599975586,81.2080001831
2018-11-05,81.4270019531,81.6500015259,81.2580032349,81.4339981079
2018-11-06,81.6640014648,81.9589996338,81.5999984741,81.6699981689
2018-11-07,82.0599975586,82.6589965820,81.9100036621,82.1029968262
2018-11-08,82.6179962158,82.9929962158,82.5179977417,82.6100006104
2018-11-09,82.7890014648,82.8669967651,82.1699981689,82.7979965210
2018-11-12,82.2630004883,82.5000000000,81.7870025635,82.2689971924
2018-11-13,81.5260009766,82.3470001221,81.3919982910,81.5759963989
2018-11-14,82.2730026245,82.4660034180,81.8300018311,82.2809982300
2018-11-15,82.1370010376,82.8040008545,82.1200027466,82.1370010376
2018-11-16,82.5680007935,82.7399978638,82.1200027466,82.5680007935
2018-11-19,82.4860000610,82.6080017090,82.0070037842,82.4850006104
2018-11-20,82.0520019531,82.1999969482,81.2720031738,82.0240020752
2018-11-21,81.3379974365,82.2289962769,81.2979965210,81.3270034790
2018-11-22,82.0719985962,82.1760025024,81.6989974976,82.0619964600
2018-11-23,81.9199981689,81.9710006714,81.4100036621,81.8899993896
2018-11-26,81.6729965210,82.3710021973,81.6500015259,81.6660003662
2018-11-27,81.9990005493,82.5640029907,81.8290023804,81.9820022583
2018-11-28,82.2440032959,82.4919967651,82.1780014038,82.2409973145
2018-11-29,82.9160003662,83.1409988403,82.7379989624,82.9100036621
2018-11-30,83.0390014648,83.0709991455,82.7500000000,83.0299987793
2018-12-03,83.8700027466,83.8700027466,83.4540023804,83.8740005493
2018-12-04,83.5469970703,83.6050033569,83.0199966431,83.5569992065
2018-12-05,82.7910003662,82.9830017090,82.1569976807,82.7699966431
2018-12-06,82.1149978638,82.1210021973,80.9420013428,82.1449966431
2018-12-07,81.5439987183,81.6699981689,81.1640014648,81.4800033569
2018-12-10,80.7900009155,81.5169982910,80.7900009155,80.7799987793
2018-12-11,81.4039993286,81.7969970703,81.2399978638,81.3809967041
2018-12-12,81.7770004272,82.0490036011,81.6589965820,81.7770004272
2018-12-13,81.7160034180,82.1940002441,81.7160034180,81.7720031738
2018-12-14,82.0169982910,82.1060028076,81.2500000000,82.0260009766
2018-12-17,81.3619995117,81.4940032959,81.0260009766,81.3590011597
2018-12-18,81.0039978027,81.1940002441,80.6940002441,80.9710006714
2018-12-19,80.8700027466,81.0059967041,80.4029998779,80.8690032959
2018-12-20,79.9629974365,80.1859970093,79.0739974976,79.9530029297
2018-12-21,79.1289978027,79.2539978027,78.5439987183,79.0989990234
2018-12-24,78.3069992065,78.5070037842,77.7919998169,78.2860031128
2018-12-25,77.7630004883,77.8560028076,77.3410034180,77.7600021362
2018-12-26,77.8030014038,78.1220016479,77.6080017090,77.7799987793
2018-12-27,78.6579971313,78.6579971313,77.6559982300,78.6679992676
2018-12-28,77.9759979248,78.1060028076,77.6579971313,77.9810028076
2018-12-31,77.7099990845,78.0449981689,77.1869964600,77.7259979248
2019-01-01,77.1999969482,77.4860000610,76.7500000000,77.1750030518
2019-01-02,77.2779998779,77.2779998779,76.0029983521,77.2850036621
2019-01-03,74.3460006714,75.9749984741,73.9929962158,74.3249969482
2019-01-04,75.5770034790,77.0329971313,75.2320022583,75.5270004272
2019-01-07,77.2779998779,77.5889968872,77.0199966431,77.3020019531
2019-01-08,77.6299972534,77.8030014038,77.2799987793,77.5699996948
2019-01-09,77.8750000000,78.0960006714,77.4189987183,77.9049987793
2019-01-10,77.6149978638,77.8870010376,77.0930023193,77.6279983521
2019-01-11,77.8590011597,78.3420028687,77.8410034180,77.8199996948
2019-01-14,78.1179962158,78.2399978638,77.5579986572,78.0899963379
2019-01-15,77.9390029907,78.5169982910,77.8710021973,77.9290008545
2019-01-16,78.2699966431,78.2860031128,77.9039993286,78.2990036011
2019-01-17,78.1610031128,78.1999969482,77.7620010376,78.2060012817
2019-01-18,78.4779968262,78.8410034180,78.4779968262,78.4769973755
2019-01-21,78.5360031128,78.6569976807,78.2799987793,78.5410003662
2019-01-22,78.5009994507,78.5149993896,77.8830032349,78.5070037842
2019-01-23,77.8779983521,78.3960037231,77.8690032959,77.8730010986
2019-01-24,78.2340011597,78.5009994507,77.6409988403,78.2200012207
2019-01-25,77.6839981079,78.6729965210,77.5999984741,77.6940002441
2019-01-28,78.5110015869,78.8119964600,78.2399978638,78.5350036621
2019-01-29,78.2900009155,78.4739990234,77.9609985352,78.2839965820
2019-01-30,78.3109970093,78.8580017090,78.1999969482,78.2799987793
2019-01-31,79.0100021362,79.3539962769,78.8779983521,79.0400009155
2019-02-01,79.1200027466,79.5459976196,78.7659988403,79.1419982910
2019-02-04,79.3600006104,79.5179977417,79.1699981689,79.3099975586
2019-02-05,79.3300018311,79.8180007935,79.0889968872,79.3270034790
2019-02-06,79.6289978027,79.6520004272,78.0540008545,79.6309967041
2019-02-07,78.2040023804,78.2040023804,77.7509994507,78.1809997559
2019-02-08,77.8639984131,77.9670028687,77.4499969482,77.8690032959
2019-02-11,77.9629974365,78.1419982910,77.8799972534,77.9499969482
2019-02-12,77.9599990845,78.3960037231,77.9329986572,77.9729995728
2019-02-13,78.4869995117,78.9300003052,78.4039993286,78.5120010376
2019-02-14,78.6689987183,79.2279968262,78.3669967651,78.6399993896
2019-02-15,78.5199966431,78.7399978638,78.0999984741,78.5139999390
2019-02-18,78.9710006714,79.1740036011,78.7760009766,78.9950027466
2019-02-19,78.8300018311,79.0910034180,78.5000000000,78.8600006104
2019-02-20,79.2699966431,79.5660018921,79.1350021362,79.2419967651
2019-02-21,79.4140014648,79.7839965820,78.3420028687,79.3960037231
2019-02-22,78.6709976196,79.0490036011,78.4410018921,78.6910018921
2019-02-25,79.2600021362,79.6269989014,78.8899993896,79.2779998779
2019-02-26,79.6139984131,79.6600036621,79.1500015259,79.6299972534
2019-02-27,79.5240020752,79.5370025635,78.9530029297,79.5000000000
2019-02-28,79.2050018311,79.4209976196,78.9720001221,79.2450027466
2019-03-01,79.0680007935,79.6449966431,79.0500030518,79.0859985352
2019-03-04,79.4530029297,79.5159988403,79.0770034790,79.4710006714
2019-03-05,79.2460021973,79.3499984741,79.0039978027,79.2689971924
2019-03-06,79.2699966431,79.3030014038,78.3850021362,79.2799987793
2019-03-07,78.4990005493,78.7470016479,78.3270034790,78.4800033569
2019-03-08,78.3889999390,78.3889999390,77.7300033569,78.3949966431
2019-03-11,78.1559982300,78.5250015259,77.9140014648,78.1849975586
2019-03-12,78.7190017700,78.8799972534,78.5279998779,78.7490005493
2019-03-13,78.6210021973,78.8740005493,78.3740005493,78.5999984741
2019-03-14,78.7620010376,78.9329986572,78.5719985962,78.8010025024
2019-03-15,79.0149993896,79.2259979248,78.8600006104,78.9850006104
2019-03-18,79.0000000000,79.4069976807,78.9800033569,79.0000000000
2019-03-19,79.0530014038,79.1829986572,78.8799972534,79.0579986572
2019-03-20,78.9700012207,79.1449966431,78.7740020752,78.9499969482
2019-03-21,78.9100036621,79.3180007935,78.7300033569,78.9280014038
2019-03-22,78.7300033569,78.8359985352,77.7890014648,78.7379989624
2019-03-25,77.9670028687,78.3300018311,77.5390014648,77.9359970093
2019-03-26,78.2939987183,78.9929962158,78.2799987793,78.3160018921
2019-03-27,78.8730010986,78.9000015259,78.0220031738,78.8700027466
2019-03-28,78.2009963989,78.4280014038,77.9000015259,78.2600021362
2019-03-29,78.3799972534,78.6849975586,78.3199996948,78.3300018311
2019-04-01,78.9459991455,79.2379989624,78.9100036621,78.9420013428
2019-04-02,79.2210006714,79.2210006714,78.4899978638,79.2310028076
2019-04-03,78.5410003662,79.4369964600,78.4800033569,78.5559997559
2019-04-04,79.2659988403,79.4589996338,79.1399993896,79.2730026245
2019-04-05,79.3610000610,79.6250000000,79.2399978638,79.3840026855
2019-04-08,79.3040008545,79.4250030518,78.9499969482,79.3130035400
2019-04-09,79.3610000610,79.5960006714,79.1699981689,79.3690032959
2019-04-10,79.1920013428,79.5419998169,78.9879989624,79.1930007935
2019-04-11,79.5299987793,79.6240005493,79.4189987183,79.5360031128
2019-04-12,79.4940032959,80.4789962769,79.4499969482,79.4940032959
2019-04-15,80.3369979858,80.4300003052,80.1800003052,80.3300018311
2019-04-16,80.3059997559,80.3769989014,79.8799972534,80.2959976196
2019-04-17,80.2040023804,80.6729965210,80.0889968872,80.2320022583
2019-04-18,80.3600006104,80.5080032349,79.9300003052,80.3369979858
2019-04-19,80.0080032349,80.0800018311,79.9329986572,80.0139999390
2019-04-22,79.9599990845,80.0719985962,79.7710037231,79.9599990845
2019-04-23,79.8020019531,79.8130035400,79.2649993896,79.8399963379
2019-04-24,79.3359985352,79.3519973755,78.4300003052,79.3079986572
2019-04-25,78.6340026855,78.6979980469,78.1090011597,78.6200027466
2019-04-26,78.2480010986,78.7639999390,78.1719970703,78.2799987793
2019-04-29,78.5999984741,78.8960037231,78.5899963379,78.6139984131
2019-04-30,78.7919998169,78.8750000000,78.2969970703,78.7699966431
2019-05-01,78.5309982300,78.6900024414,78.2300033569,78.5250015259
2019-05-02,78.1569976807,78.4140014648,77.9649963379,78.1750030518
2019-05-03,77.9609985352,78.1640014648,77.8160018921,77.9899978638
2019-05-06,77.1119995117,77.6320037842,76.7710037231,77.1370010376
2019-05-07,77.4720001221,77.9869995117,77.2689971924,77.4769973755
2019-05-08,77.2519989014,77.3639984131,76.9520034790,77.2699966431
2019-05-09,76.9240036011,76.9609985352,76.3399963379,76.9369964600
2019-05-10,76.7200012207,77.2170028687,76.5670013428,76.7160034180
2019-05-13,76.5540008545,76.6729965210,75.7689971924,76.5830001831
2019-05-14,75.8199996948,76.3410034180,75.8199996948,75.8069992065
2019-05-15,76.0820007324,76.0820007324,75.5240020752,76.0770034790
2019-05-16,75.7929992676,75.9869995117,75.4609985352,75.8239974976
2019-05-17,75.7020034790,75.8280029297,75.3290023804,75.6900024414
2019-05-20,76.0000000000,76.3840026855,75.9100036621,76.0299987793
2019-05-21,76.1699981689,76.2730026245,75.5999984741,76.1699981689
2019-05-22,76.0739974976,76.1600036621,75.8099975586,76.0940017700
2019-05-23,75.8119964600,75.8750000000,75.4729995728,75.7979965210
2019-05-24,75.5709991455,75.8140029907,75.3600006104,75.5800018311
2019-05-27,75.8050003052,76.0000000000,75.7200012207,75.8239974976
2019-05-28,75.7649993896,75.9449996948,75.5199966431,75.7679977417
2019-05-29,75.7289962769,75.8050003052,75.4499969482,75.7040023804
2019-05-30,75.7979965210,76.1520004272,75.7549972534,75.7559967041
2019-05-31,75.4599990845,75.6389999390,75.0849990845,75.5070037842
2019-06-03,74.9820022583,75.4649963379,74.9710006714,74.9779968262
2019-06-04,75.3140029907,75.6760025024,75.0640029907,75.3020019531
2019-06-05,75.6579971313,75.8929977417,75.4020004272,75.6760025024
2019-06-06,75.5169982910,75.6070022583,75.2699966431,75.5059967041
2019-06-07,75.6380004883,75.8079986572,75.4940032959,75.6380004883
2019-06-10,75.8629989624,75.9089965820,75.5699996948,75.8619995117
2019-06-11,75.4440002441,75.6650009155,75.3799972534,75.4219970703
2019-06-12,75.5019989014,75.5380020142,75.1999969482,75.4940032959
2019-06-13,75.1859970093,75.2399978638,74.7699966431,75.1780014038
2019-06-14,74.8550033569,74.9049987793,74.4850006104,74.8629989624
2019-06-17,74.6500015259,74.7669982910,74.4449996948,74.6809997559
2019-06-18,74.3649978638,74.6559982300,73.9459991455,74.3700027466
2019-06-19,74.7200012207,74.7590026855,74.3399963379,74.6949996948
2019-06-20,74.4270019531,74.6679992676,74.1139984131,74.4349975586
2019-06-21,74.2419967651,74.5240020752,74.1409988403,74.2559967041
2019-06-24,74.5370025635,74.7649993896,74.5100021362,74.5130004883
2019-06-25,74.7949981689,74.8489990234,74.3199996948,74.7509994507
2019-06-26,74.6110000610,75.3259963989,74.6110000610,74.5699996948
2019-06-27,75.2519989014,75.6050033569,75.2300033569,75.2649993896
2019-06-28,75.4929962158,75.6320037842,75.3199996948,75.4570007324
2019-07-01,76.0910034180,76.0910034180,75.4270019531,76.1119995117
2019-07-02,75.4850006104,75.7340011597,75.4499969482,75.4670028687
2019-07-03,75.4089965820,75.8339996338,75.1179962158,75.3939971924
2019-07-04,75.7539978027,75.9169998169,75.5999984741,75.7600021362
2019-07-05,75.7389984131,75.8860015869,75.5540008545,75.7320022583
2019-07-08,75.7220001221,75.8809967041,75.6100006104,75.7099990845
2019-07-09,75.8010025024,75.8960037231,75.2900009155,75.7969970703
2019-07-10,75.4000015259,75.6070022583,75.2699966431,75.4400024414
2019-07-11,75.3750000000,75.6100006104,75.1600036621,75.3870010376
2019-07-12,75.7030029297,75.8919982910,75.5299987793,75.7060012817
2019-07-15,75.6679992676,76.0110015869,75.6200027466,75.6689987183
2019-07-16,75.9369964600,76.1360015869,75.8199996948,75.9479980469
2019-07-17,75.9150009155,75.9940032959,75.6910018921,75.9120025635
2019-07-18,75.6279983521,75.9840011597,75.4779968262,75.6299972534
2019-07-19,75.9189987183,76.1009979248,75.8320007324,75.8990020752
2019-07-22,75.9339981079,76.1559982300,75.8590011597,75.9280014038
2019-07-23,75.8399963379,76.0559997559,75.6139984131,75.8379974365
2019-07-24,75.6800003052,75.7149963379,75.3470001221,75.7170028687
2019-07-25,75.4789962769,75.5820007324,75.2500000000,75.4980010986
2019-07-26,75.5279998779,75.5739974976,75.0240020752,75.5100021362
2019-07-29,75.0230026245,75.1849975586,74.9000015259,75.0199966431
2019-07-30,75.0889968872,75.1849975586,74.5889968872,75.1100006104
2019-07-31,74.6110000610,74.8850021362,74.4789962769,74.6299972534
2019-08-01,74.4710006714,74.8450012207,74.0500030518,74.4800033569
2019-08-02,73.0650024414,73.1210021973,72.2630004883,73.0830001831
2019-08-05,72.3730010986,72.3909988403,71.4049987793,72.3779983521
2019-08-06,71.4280014038,72.6640014648,71.4010009766,71.4120025635
2019-08-07,71.8809967041,72.0329971313,70.7419967651,71.9069976807
2019-08-08,71.7099990845,72.3300018311,71.5699996948,71.7180023193
2019-08-09,72.1080017090,72.2210006714,71.5830001831,72.1100006104
2019-08-12,71.4380035400,71.6740036011,70.8990020752,71.4059982300
2019-08-13,71.1699981689,72.8850021362,71.0319976807,71.1699981689
2019-08-14,72.4229965210,72.4390029907,71.3000030518,72.4509963989
2019-08-15,71.5390014648,72.2689971924,71.5159988403,71.5329971313
2019-08-16,71.8470001221,72.2239990234,71.8089981079,71.8199996948
2019-08-19,72.1999969482,72.2990036011,71.9779968262,72.1999969482
2019-08-20,71.9960021973,72.3470001221,71.9059982300,71.9700012207
2019-08-21,72.0019989014,72.3899993896,71.9889984131,71.9940032959
2019-08-22,72.2949981689,72.3280029297,71.8430023193,72.3109970093
2019-08-23,71.9430007935,72.0970001221,71.0360031128,71.9000015259
2019-08-26,70.3519973755,71.9440002441,70.3519973755,70.3280029297
2019-08-27,71.7500000000,71.7600021362,71.2610015869,71.7389984131
2019-08-28,71.4280014038,71.5640029907,71.2200012207,71.4160003662
2019-08-29,71.4990005493,71.8030014038,71.0999984741,71.4800033569
2019-08-30,71.7109985352,71.7519989014,71.3339996338,71.6859970093
2019-09-02,71.4000015259,71.5270004272,71.2699966431,71.3870010376
2019-09-03,71.2750015259,71.5930023193,71.0899963379,71.2699966431
2019-09-04,71.6080017090,72.2549972534,71.5500030518,71.5999984741
2019-09-05,72.2860031128,73.1210021973,72.2819976807,72.2699966431
2019-09-06,72.9430007935,73.2740020752,72.8450012207,72.9290008545
2019-09-09,73.2099990845,73.6470031738,73.0350036621,73.2149963379
2019-09-10,73.6579971313,73.8280029297,73.4199981689,73.6790008545
2019-09-11,73.7500000000,74.1880035400,73.6719970703,73.7799987793
2019-09-12,74.2409973145,74.4580001831,73.8799972534,74.2460021973
2019-09-13,74.2409973145,74.4810028076,74.1569976807,74.2389984131
2019-09-16,74.1299972534,74.2720031738,73.8460006714,74.1179962158
2019-09-17,74.2170028687,74.2750015259,73.8799972534,74.2239990234
2019-09-18,74.2190017700,74.2289962769,73.8799972534,74.2119979858
2019-09-19,73.9830017090,73.9940032959,73.1389999390,73.9990005493
2019-09-20,73.3769989014,73.4550018311,73.0199966431,73.3850021362
2019-09-23,72.8470001221,73.0319976807,72.6139984131,72.8639984131
2019-09-24,72.8799972534,73.2860031128,72.7600021362,72.8850021362
2019-09-25,72.8499984741,73.0410003662,72.5000000000,72.8199996948
2019-09-26,72.7229995728,72.9850006104,72.6200027466,72.7470016479
2019-09-27,72.7509994507,73.3079986572,72.6320037842,72.7710037231
2019-09-30,72.9649963379,73.0599975586,72.6910018921,72.9599990845
2019-10-01,72.9400024414,73.1230010986,72.0640029907,72.9400024414
2019-10-02,72.2659988403,72.4749984741,71.7900009155,72.2600021362
2019-10-03,71.8830032349,72.1070022583,71.7399978638,71.8850021362
2019-10-04,72.0530014038,72.4520034790,72.0370025635,72.0490036011
2019-10-07,72.2119979858,72.2220001221,71.9000015259,72.2030029297
2019-10-08,72.2119979858,72.5350036621,71.9680023193,72.1989974976
2019-10-09,71.9649963379,72.4540023804,71.9599990845,71.9570007324
2019-10-10,72.0449981689,73.0540008545,71.9810028076,71.9950027466
2019-10-11,72.9100036621,73.9489974976,72.9100036621,72.9540023804
2019-10-14,73.6890029907,73.7109985352,73.0000000000,73.7040023804
2019-10-15,73.3980026245,73.6679992676,73.0599975586,73.4319992065
2019-10-16,73.4840011597,73.4899978638,73.0599975586,73.4739990234
2019-10-17,73.3990020752,74.3809967041,73.3799972534,73.4000015259
2019-10-18,74.1159973145,74.3499984741,74.0899963379,74.1050033569
2019-10-21,74.2360000610,74.7210006714,74.2300033569,74.2259979248
2019-10-22,74.6080017090,74.7979965210,74.3600006104,74.6009979248
2019-10-23,74.4110031128,74.4110031128,74.0000000000,74.4229965210
2019-10-24,74.3960037231,74.4820022583,73.9830017090,74.4169998169
2019-10-25,74.0400009155,74.3040008545,73.9499969482,74.0199966431
2019-10-28,74.1709976196,74.5640029907,74.0699996948,74.1800003052
2019-10-29,74.5250015259,74.8050003052,74.5090026855,74.5199966431
2019-10-30,74.6529998779,74.8369979858,74.5199966431,74.6350021362
2019-10-31,75.0790023804,75.2850036621,74.4199981689,75.0360031128
2019-11-01,74.4639968872,74.7559967041,74.3499984741,74.4329986572
2019-11-04,74.8330001831,74.9990005493,74.7099990845,74.8280029297
2019-11-05,74.8570022583,75.4010009766,74.7300033569,74.8639984131
2019-11-06,75.1829986572,75.2939987183,74.8450012207,75.2009963989
2019-11-07,74.9029998779,75.4430007935,74.5500030518,74.8960037231
2019-11-08,75.3789978027,75.5439987183,74.7539978027,75.3700027466
2019-11-11,74.9000015259,74.9120025635,74.6050033569,74.9000015259
2019-11-12,74.6809997559,74.9339981079,74.5869979858,74.6579971313
2019-11-13,74.5690002441,74.6999969482,74.1999969482,74.5660018921
2019-11-14,74.3990020752,74.4270019531,73.3720016479,74.4069976807
2019-11-15,73.6289978027,74.1620025635,73.5800018311,73.6389999390
2019-11-18,74.0759963989,74.3040008545,73.8980026245,74.0810012817
2019-11-19,73.9250030518,74.2539978027,73.5889968872,73.9410018921
2019-11-20,74.0469970703,74.1549987793,73.7279968262,74.0090026855
2019-11-21,73.7519989014,74.0380020142,73.4800033569,73.7099990845
2019-11-22,73.7009963989,73.9089965820,73.5899963379,73.7160034180
2019-11-25,73.8410034180,73.9889984131,73.7200012207,73.8450012207
2019-11-26,73.8539962769,74.0729980469,73.7740020752,73.8470001221
2019-11-27,74.0360031128,74.1750030518,73.8899993896,74.0319976807
2019-11-28,74.0289993286,74.1593170166,73.9400024414,74.0049972534
2019-11-29,74.1159973145,74.2649993896,73.9199981689,74.1119995117
2019-12-02,74.0869979858,74.5100021362,74.0869979858,74.0869979858
2019-12-03,74.3140029907,74.8389968872,74.1869964600,74.3270034790
2019-12-04,74.4339981079,74.6259994507,73.8990020752,74.4100036621
2019-12-05,74.5350036621,74.6169967651,74.1630020142,74.5410003662
2019-12-06,74.3170013428,74.5220031738,74.1679992676,74.2600021362
2019-12-09,74.2350006104,74.2389984131,73.9729995728,74.2419967651
2019-12-10,74.1340026855,74.2630004883,73.8099975586,74.1060028076
2019-12-11,74.0979995728,74.6179962158,73.9420013428,74.0770034790
2019-12-12,74.5400009155,75.4270019531,74.5400009155,74.5680007935
2019-12-13,75.7630004883,75.9489974976,74.9779968262,75.7760009766
2019-12-16,75.1920013428,75.6119995117,75.1200027466,75.1949996948
2019-12-17,75.3040008545,75.3229980469,74.9400024414,75.2979965210
2019-12-18,75.0260009766,75.2020034790,74.8560028076,75.0240020752
2019-12-19,75.0869979858,75.4274215698,75.0400009155,75.0869979858
2019-12-20,75.3720016479,75.5950012207,75.1999969482,75.3499984741
2019-12-23,75.6090011597,75.7860031128,75.4840011597,75.5910034180
2019-12-24,75.7310028076,75.7819976807,75.5899963379,75.7239990234
2019-12-25,75.6949996948,75.9501037598,74.9850006104,75.6800003052
2019-12-26,75.7300033569,76.1070022583,75.7279968262,75.7269973755
2019-12-27,76.1110000610,76.5449981689,76.0199966431,76.0889968872
2019-12-30,76.4329986572,76.4970016479,76.0979995728,76.4160003662
2019-12-31,76.2369995117,76.4169998169,76.0400009155,76.2389984131
2020-01-01,76.2300033569,76.7431564331,75.8951721191,76.2099990845
2020-01-02,76.2969970703,76.3010025024,75.6740036011,76.3020019531
2020-01-03,75.7949981689,75.7949981689,74.8610000610,75.7959976196
2020-01-06,75.0240020752,75.1989974976,74.8529968262,74.9649963379
2020-01-07,75.2009963989,75.2559967041,74.3679962158,75.1959991455
2020-01-08,74.0619964600,74.9680023193,73.7500000000,74.0899963379
2020-01-09,74.9690017700,75.1890029907,74.9520034790,74.9400024414
2020-01-10,75.0419998169,75.6610031128,75.0240020752,75.0390014648
2020-01-13,75.5500030518,75.9990005493,75.5500030518,75.5970001221
2020-01-14,75.8700027466,76.0650024414,75.7600021362,75.8769989014
2020-01-15,75.7460021973,75.9990005493,75.5839996338,75.7399978638
2020-01-16,75.8929977417,76.2360000610,75.8629989624,75.8939971924
2020-01-17,75.9789962769,76.1600036621,75.6900024414,75.9850006104
2020-01-20,75.8369979858,75.8880004883,75.5199966431,75.8199996948
2020-01-21,75.7590026855,75.8099975586,75.2689971924,75.7539978027
2020-01-22,75.2570037842,75.3949966431,75.0309982300,75.2450027466
2020-01-23,75.0739974976,75.4789962769,74.6600036621,75.0699996948
2020-01-24,75.0250015259,75.1559982300,74.5699996948,74.9240036011
2020-01-27,74.0159988403,74.3010025024,73.5199966431,73.9980010986
2020-01-28,73.6299972534,73.7450027466,73.3040008545,73.6439971924
2020-01-29,73.8109970093,74.0000000000,73.4639968872,73.8119964600
2020-01-30,73.5800018311,73.6159973145,72.8410034180,73.5699996948
2020-01-31,73.0520019531,73.4049987793,72.5139999390,73.0230026245
2020-02-03,72.5240020752,72.9059982300,72.5039978027,72.5319976807
2020-02-04,72.6561431885,73.6620025635,72.5189971924,72.6589965820
2020-02-05,73.6770019531,74.3239974976,73.5449981689,73.6679992676
2020-02-06,74.1299972534,74.3679962158,73.9830017090,74.1200027466
2020-02-07,74.0149993896,74.0171966553,73.0550003052,74.0270004272
2020-02-10,73.1100006104,73.6600036621,73.1100006104,73.1510009766
2020-02-11,73.4060821533,73.9869995117,73.3389968872,73.4309997559
2020-02-12,73.7969970703,74.2779998779,73.7180023193,73.7910003662
2020-02-13,73.7419967651,74.0660018921,73.6800003052,73.7300033569
2020-02-14,73.7720031738,73.9690017700,73.6600036621,73.7360000610
2020-02-17,73.8180007935,73.9430007935,73.6770019531,73.8379974365
2020-02-18,73.6600036621,73.6729965210,73.1900024414,73.6800003052
2020-02-19,73.5879974365,74.2539978027,73.4199981689,73.5500030518
2020-02-20,74.2910003662,74.3949966431,73.8020019531,74.2939987183
2020-02-21,74.0319976807,74.2839965820,73.4520034790,74.0370025635
2020-02-24,73.6809997559,73.8929977417,73.0739974976,73.6959991455
2020-02-25,73.2900009155,73.4759979248,72.6139984131,73.2919998169
2020-02-26,72.8280029297,72.9899978638,72.3440017700,72.8410034180
2020-02-27,72.2639999390,72.5199966431,72.0100021362,72.2480010986
2020-02-28,72.1539993286,72.1640014648,69.4260025024,72.1529998779
2020-03-02,70.1979980469,71.1900024414,69.8539962769,70.1689987183
2020-03-03,70.9759979248,71.4560012817,70.3099975586,71.0199966431
2020-03-04,70.5019989014,71.2900009155,70.5019989014,70.4619979858
2020-03-05,71.3199996948,71.3219985962,70.2789993286,71.3509979248
2020-03-06,70.3229980469,70.4089965820,69.5810012817,70.2789993286
2020-03-09,68.7570037842,68.9899978638,64.4359970093,68.7300033569
2020-03-10,68.0410003662,68.9769973755,67.1200027466,68.0169982910
2020-03-11,68.2409973145,68.7529983521,67.6750030518,68.2450027466
2020-03-12,67.7799987793,67.8109970093,65.9479980469,67.7279968262
2020-03-13,65.7300033569,67.7129974365,65.6179962158,65.6190032959
2020-03-16,65.8270034790,66.2050018311,64.0640029907,65.8779983521
2020-03-17,64.8550033569,65.7929992676,63.9510002136,64.7500000000
2020-03-18,64.2470016479,64.6110000610,62.9990005493,64.3030014038
2020-03-19,62.7729988098,65.4879989624,59.1949996948,62.9179992676
2020-03-20,63.9140014648,65.4879989624,63.4099998474,63.8670005798
2020-03-23,63.5069999695,64.6330032349,62.9129981995,63.5209999084
2020-03-24,65.1269989014,66.3170013428,64.9820022583,65.1009979248
2020-03-25,66.2939987183,67.6449966431,65.9260025024,66.3919982910
2020-03-26,65.4240036011,66.3860015869,64.8960037231,65.4909973145
2020-03-27,66.2839965820,66.4089965820,65.4950027466,66.3089981079
2020-03-30,66.2910003662,66.6289978027,65.7490005493,66.3590011597
2020-03-31,66.5879974365,67.2379989624,65.8690032959,66.6179962158
2020-04-01,65.9639968872,66.1149978638,64.8769989014,65.9680023193
2020-04-02,65.3050003052,65.6179962158,64.4329986572,65.3290023804
2020-04-03,65.5540008545,65.5770034790,64.8420028687,65.4660034180
2020-04-06,65.1520004272,66.5889968872,65.1520004272,65.1370010376
2020-04-07,66.7310028076,67.6529998779,66.4339981079,66.7460021973
2020-04-08,66.8659973145,67.8030014038,66.4899978638,66.8199996948
2020-04-09,67.8619995117,68.5490036011,67.5059967041,67.8929977417
2020-04-10,68.7020034790,69.0250015259,68.4670028687,68.7249984741
2020-04-13,68.6689987183,68.7819976807,68.3430023193,68.6190032959
2020-04-14,68.8570022583,69.2529983521,68.5189971924,68.8679962158
2020-04-15,68.8939971924,68.9359970093,67.5869979858,68.9100036621
2020-04-16,67.8860015869,68.0520019531,67.6299972534,67.8880004883
2020-04-17,68.6429977417,68.7310028076,68.0810012817,68.6330032349
2020-04-20,68.2649993896,68.8529968262,68.2590026855,68.2300033569
2020-04-21,68.3280029297,68.3280029297,67.2959976196,68.3089981079
2020-04-22,67.8399963379,68.3420028687,67.6900024414,67.7799987793
2020-04-23,67.8949966431,68.9950027466,67.7900009155,67.8600006104
2020-04-24,68.6549987793,68.6869964600,68.2200012207,68.6500015259
2020-04-27,68.7621688843,69.3300018311,68.7399978638,68.7576065063
2020-04-28,69.1900024414,69.4789962769,69.0299987793,69.1780014038
2020-04-29,69.4150009155,69.7549972534,69.2689971924,69.4100036621
2020-04-30,69.8430023193,70.1080017090,69.2480010986,69.8730010986
2020-05-01,69.6999969482,69.6999969482,68.5339965820,69.6750030518
2020-05-04,68.0849990845,68.6999969482,67.9800033569,68.0569992065
2020-05-05,68.5660018921,68.9690017700,68.5299987793,68.5569992065
2020-05-06,68.4660034180,68.6129989624,67.9599990845,68.4820022583
2020-05-07,67.9609985352,69.1409988403,67.9079971313,67.8369979858
2020-05-08,69.1849975586,69.6809997559,69.1539993286,69.1620025635
2020-05-11,69.8539962769,70.1620025635,69.3960037231,69.8700027466
2020-05-12,69.7740020752,70.1299972534,69.1299972534,69.7340011597
2020-05-13,69.1940002441,69.7360000610,69.0439987183,69.1610031128
2020-05-14,68.9649963379,69.0660018921,68.5500030518,69.0169982910
2020-05-15,69.4639968872,69.5179977417,68.6890029907,69.4599990845
2020-05-18,68.9049987793,69.9489974976,68.8199996948,68.8809967041
2020-05-19,70.0419998169,70.8939971924,69.8830032349,70.0550003052
2020-05-20,70.5459976196,71.0189971924,70.2730026245,70.5000000000
2020-05-21,70.8990020752,71.0729980469,70.4700012207,70.9260025024
2020-05-22,70.7060012817,70.7900009155,69.9459991455,70.6600036621
2020-05-25,70.5370025635,70.5579986572,70.1999969482,70.5100021362
2020-05-26,70.5189971924,71.6780014038,70.4840011597,70.5029983521
2020-05-27,71.4339981079,71.9039993286,70.8359985352,71.4449996948
2020-05-28,71.3659973145,71.7630004883,71.0250015259,71.3629989624
2020-05-29,71.3870010376,71.6269989014,71.1500015259,71.4020004272
2020-06-01,71.7210006714,72.9919967651,71.7040023804,71.7239990234
2020-06-02,72.9980010986,74.8470001221,72.9560012817,72.9609985352
2020-06-03,75.2470016479,75.7610015869,74.4059982300,75.2310028076
2020-06-04,75.4990005493,76.1900024414,74.8659973145,75.5039978027
2020-06-05,75.7119979858,76.7139968872,75.6100006104,75.7460021973
2020-06-08,76.6080017090,76.6589965820,75.6809997559,76.7639999390
2020-06-09,76.0810012817,76.2590026855,74.4800033569,76.1299972534
2020-06-10,74.8219985962,75.4020004272,74.7190017700,74.8030014038
2020-06-11,74.5599975586,74.8180007935,73.4160003662,74.5419998169
2020-06-12,72.9599990845,74.2919998169,72.5360031128,72.9489974976
2020-06-15,73.2730026245,73.7839965820,72.6770019531,73.2320022583
2020-06-16,74.8030014038,75.0309982300,73.4329986572,74.7789993286
2020-06-17,74.0329971313,74.2829971313,73.4749984741,74.0579986572
2020-06-18,73.4810028076,73.8730010986,73.0029983521,73.4950027466
2020-06-19,73.3580017090,73.8150024414,73.1389999390,73.3700027466
2020-06-22,72.8570022583,73.8349990845,72.8229980469,72.8789978027
2020-06-23,74.0609970093,74.4079971313,73.2720031738,74.0989990234
2020-06-24,73.8929977417,74.1579971313,73.3310012817,73.8679962158
2020-06-25,73.4069976807,73.8629989624,73.3229980469,73.3880004883
2020-06-26,73.8069992065,73.8809967041,73.3199996948,73.7789993286
2020-06-29,73.5670013428,73.9759979248,73.4680023193,73.5589981079
2020-06-30,73.9229965210,74.4909973145,73.6139984131,73.9349975586
2020-07-01,74.5090026855,74.6770019531,73.9199981689,74.5154266357
2020-07-02,74.2180023193,74.6930007935,74.1800003052,74.1699981689
2020-07-03,74.3949966431,74.6380004883,74.3300018311,74.3769989014
2020-07-06,74.7419967651,75.1500015259,74.7360000610,74.7399978638
2020-07-07,74.8330001831,75.0559997559,74.5680007935,74.8880004883
2020-07-08,74.6299972534,74.9430007935,74.5250015259,74.6760025024
2020-07-09,74.9100036621,75.0490036011,74.5739974976,74.9199981689
2020-07-10,74.6299972534,74.6299972534,73.9899978638,74.6200027466
2020-07-13,74.2750015259,74.9899978638,74.1900024414,74.2900009155
2020-07-14,74.4229965210,74.7760009766,74.2570037842,74.4199981689
2020-07-15,74.9380035400,75.2699966431,74.7949981689,74.9199981689
2020-07-16,74.8880004883,75.0960006714,74.6900024414,74.9110031128
2020-07-17,74.8479995728,74.9639968872,74.7600021362,74.8450012207
2020-07-20,74.9739990234,75.1589965820,74.8560028076,74.9929962158
2020-07-21,75.2829971313,76.0749969482,75.2170028687,75.2819976807
2020-07-22,76.2699966431,76.8470001221,76.0559997559,76.2310028076
2020-07-23,76.4980010986,76.6979980469,76.0299987793,76.5009994507
2020-07-24,75.8430023193,75.8909988403,74.9400024414,75.8570022583
2020-07-27,75.1999969482,75.4056930542,75.0070037842,75.2269973755
2020-07-28,75.3619995117,75.5759963989,75.0070037842,75.3570022583
2020-07-29,75.2659988403,75.4940032959,75.1800003052,75.2300033569
2020-07-30,75.3280029297,75.4759979248,74.8339996338,75.3290023804
2020-07-31,75.3840026855,75.9169998169,75.0260009766,75.3899993896
2020-08-03,75.6500015259,75.7789993286,75.0960006714,75.6510009766
2020-08-04,75.4649963379,75.7750015259,75.3980026245,75.4599990845
2020-08-05,75.7850036621,76.4039993286,75.7050018311,75.7910003662
2020-08-06,75.9860000610,76.2580032349,75.6500015259,75.9820022583
2020-08-07,76.3119964600,76.4250030518,75.8219985962,76.3430023193
2020-08-10,75.7600021362,76.0049972534,75.6699981689,75.7470016479
2020-08-11,75.8460006714,76.3270034790,75.8440017700,75.8249969482
2020-08-12,76.0660018921,76.7009963989,75.8710021973,76.1090011597
2020-08-13,76.5579986572,76.6920013428,76.3580017090,76.5319976807
2020-08-14,76.4560012817,76.4970016479,76.1600036621,76.4769973755
2020-08-17,76.6340026855,76.6620025635,76.3300018311,76.6320037842
2020-08-18,76.4629974365,76.5400009155,76.1299972534,76.4499969482
2020-08-19,76.3219985962,76.6689987183,76.1999969482,76.3300018311
2020-08-20,76.2139968872,76.3069992065,75.6149978638,76.2300033569
2020-08-21,76.1380004883,76.2689971924,75.6699981689,76.1389999390
2020-08-24,75.8249969482,76.1480026245,75.7210006714,75.8130035400
2020-08-25,75.9749984741,76.4919967651,75.8690032959,75.9830017090
2020-08-26,76.6029968262,76.7610015869,76.4290008545,76.5699996948
2020-08-27,76.6880035400,77.2740020752,76.6200027466,76.6719970703
2020-08-28,77.5339965820,77.9459991455,77.0979995728,77.5139999390
2020-08-31,77.7659988403,78.4390029907,77.4179992676,77.7699966431
2020-09-01,78.2300033569,78.3539962769,77.9950027466,78.1999969482
2020-09-02,78.0889968872,78.1610031128,77.5520019531,78.1279983521
2020-09-03,77.7939987183,77.8960037231,77.1169967651,77.8470001221
2020-09-04,77.0070037842,77.4619979858,76.8010025024,76.9380035400
2020-09-07,77.3809967041,77.5960006714,77.2399978638,77.4107818604
2020-09-08,77.3850021362,77.6269989014,76.4980010986,77.3889999390
2020-09-09,76.3919982910,77.3310012817,76.2649993896,76.3960037231
2020-09-10,77.3000030518,77.7259979248,77.0400009155,77.2990036011
2020-09-11,77.0999984741,77.5719985962,77.0439987183,77.0699996948
2020-09-14,77.2910003662,77.3160018921,76.9400024414,77.2699966431
2020-09-15,76.9700012207,77.5009994507,76.8000030518,77.0059967041
2020-09-16,76.8730010986,77.1740036011,76.7440032959,76.8909988403
2020-09-17,76.6460037231,76.7570037842,76.1240005493,76.6480026245
2020-09-18,76.6039962769,76.8440017700,75.9879989624,76.5500030518
2020-09-21,76.2440032959,76.3860015869,75.2710037231,76.2099990845
2020-09-22,75.6930007935,75.7610015869,75.1100006104,75.6809997559
2020-09-23,75.3740005493,75.3740005493,74.6240005493,75.3509979248
2020-09-24,74.4509963989,74.6070022583,73.9749984741,74.4290008545
2020-09-25,74.3600006104,74.6250000000,74.0279998779,74.3639984131
2020-09-28,74.3199996948,74.6019973755,74.1200027466,74.3170013428
2020-09-29,74.7900009155,75.3759994507,74.6149978638,74.8000030518
2020-09-30,75.5029983521,75.6689987183,74.8740005493,75.4779968262
2020-10-01,75.5670013428,76.0429992676,75.4599990845,75.5609970093
2020-10-02,75.8020019531,75.8330001831,74.9359970093,75.7850036621
2020-10-05,75.7060012817,75.9779968262,75.6409988403,75.6900024414
2020-10-06,76.0230026245,76.1539993286,75.4700012207,76.0100021362
2020-10-07,75.1110000610,75.7460021973,74.9960021973,75.1039962769
2020-10-08,75.6159973145,75.9749984741,75.5189971924,75.6029968262
2020-10-09,76.0770034790,76.5189971924,75.9349975586,76.0599975586
2020-10-12,76.2900009155,76.3639984131,75.8619995117,76.3089981079
2020-10-13,75.9410018921,75.9430007935,75.4589996338,75.9430007935
2020-10-14,75.5619964600,75.7180023193,75.2900009155,75.5500030518
2020-10-15,75.0899963379,75.2389984131,74.2500000000,75.0719985962
2020-10-16,74.6630020142,74.7289962769,74.3700027466,74.6729965210
2020-10-19,74.7850036621,74.9339981079,74.6699981689,74.7799987793
2020-10-20,74.3870010376,74.5210037231,74.1900024414,74.3700027466
2020-10-21,74.3619995117,74.5999984741,74.2099990845,74.3560028076
2020-10-22,74.3389968872,74.5899963379,74.1800003052,74.3730010986
2020-10-23,74.7649993896,74.9179992676,74.3600006104,74.7639999390
2020-10-26,74.6630020142,74.9240036011,74.5080032349,74.6360015869
2020-10-27,74.6139984131,74.7740020752,74.4639968872,74.6070022583
2020-10-28,74.4380035400,74.6210021973,73.3949966431,74.4670028687
2020-10-29,73.5970001221,73.8450012207,73.1399993896,73.5920028687
2020-10-30,73.5670013428,73.9059982300,73.1500015259,73.5800018311
2020-11-02,73.3180007935,73.9319992065,73.2720031738,73.2799987793
2020-11-03,73.8300018311,74.9990005493,73.5899963379,73.8690032959
2020-11-04,75.2109985352,75.3880004883,74.0899963379,75.2350006104
2020-11-05,74.9290008545,75.4000015259,74.5770034790,74.9899978638
2020-11-06,75.2269973755,75.3560028076,74.9169998169,75.2369995117
2020-11-09,75.2440032959,77.0080032349,75.0930023193,75.2269973755
2020-11-10,76.5289993286,76.8140029907,76.2590026855,76.5279998779
2020-11-11,76.6689987183,77.0780029297,76.5000000000,76.6439971924
2020-11-12,76.7779998779,76.8160018921,76.3059997559,76.7770004272
2020-11-13,76.0879974365,76.2919998169,75.7500000000,76.0839996338
2020-11-16,76.2659988403,76.7559967041,76.1009979248,76.3059997559
2020-11-17,76.4840011597,76.5569992065,75.9169998169,76.5130004883
2020-11-18,75.9599990845,76.1429977417,75.7030029297,76.0059967041
2020-11-19,75.8000030518,75.8300018311,75.4300003052,75.8550033569
2020-11-20,75.4639968872,75.9629974365,75.4499969482,75.4710006714
2020-11-23,75.9140014648,76.1360015869,75.8180007935,75.9369964600
2020-11-24,76.2750015259,76.9290008545,76.2730026245,76.2599716187
2020-11-25,76.9710006714,77.0419998169,76.4570007324,76.9899978638
2020-11-26,76.8499984741,76.9120025635,76.6610031128,76.8759994507
2020-11-27,76.6940002441,76.9479980469,76.5059967041,76.6869964600
2020-11-30,77.0370025635,77.0370025635,76.6809997559,77.0180816650
2020-12-01,76.7710037231,76.9749984741,76.6370010376,76.7310028076
2020-12-02,76.9580001831,77.3170013428,76.8570022583,76.9840011597
2020-12-03,77.4400024414,77.5559997559,77.1699981689,77.4479980469
2020-12-04,77.2330017090,77.4970016479,77.0849990845,77.2269973755
2020-12-07,77.4209976196,77.4820022583,76.9089965820,77.4319992065
2020-12-08,77.1289978027,77.3590011597,77.0680007935,77.1439971924
2020-12-09,77.1569976807,77.9390029907,77.1439971924,77.1480026245
2020-12-10,77.5339965820,78.5120010376,77.5339965820,77.5039978027
2020-12-11,78.3669967651,78.7413635254,78.1999969482,78.3779983521
2020-12-14,78.4840011597,78.6989974976,78.2949981689,78.4749984741
2020-12-15,78.3720016479,78.5370025635,78.1559982300,78.3860015869
2020-12-16,78.3199996948,78.3669967651,78.1110305786,78.2969970703
2020-12-17,78.3290023804,78.8150024414,78.2890014648,78.3270034790
2020-12-18,78.5329971313,78.8150024414,78.4359970093,78.5400009155
2020-12-21,78.5000000000,78.5670013428,77.4950027466,78.4889984131
2020-12-22,78.2789993286,78.3550033569,77.8499984741,78.2779998779
2020-12-23,78.1510009766,78.5780029297,77.9670028687,78.1679992676
2020-12-24,78.4700012207,78.8420028687,78.4639968872,78.4800033569
2020-12-25,78.5169982910,78.7710037231,77.7160034180,78.7099990845
2020-12-28,78.8040008545,78.8850021362,78.4889984131,78.7949981689
2020-12-29,78.6790008545,78.9499969482,78.6790008545,78.6780014038
2020-12-30,78.7799987793,79.3899993896,78.7480010986,78.8050003052
2020-12-31,79.2900009155,79.7850036621,79.2803802490,79.2850036621
2021-01-01,73.2730026245,81.4144897461,73.2730026245,78.3779983521
2021-01-04,79.6029968262,79.6029968262,78.9980010986,79.6070022583
2021-01-05,79.1009979248,79.6259994507,79.0550003052,79.0739974976
2021-01-06,79.7190017700,80.4219970703,79.5319976807,79.7190017700
2021-01-07,80.5169982910,80.5569992065,80.1500015259,80.5100021362
2021-01-08,80.6230010986,80.9120025635,80.4899978638,80.6350021362
2021-01-11,80.3720016479,80.4385375977,80.0019989014,80.3099975586
2021-01-12,80.2669982910,80.6019973755,80.1809997559,80.2570037842
2021-01-13,80.6600036621,80.6770019531,80.2770004272,80.6660003662
2021-01-14,80.4349975586,80.7952575684,80.4000015259,80.4270019531
2021-01-15,80.7340011597,80.7839965820,79.7340011597,80.6999969482
2021-01-18,79.8479995728,79.8929977417,79.5100021362,79.8820037842
2021-01-19,79.6900024414,80.2969970703,79.6900024414,79.6910018921
2021-01-20,80.1279983521,80.3420028687,79.9830017090,80.1230010986
2021-01-21,80.2910003662,80.5090026855,80.2470016479,80.3069992065
2021-01-22,80.3099975586,80.4400024414,79.9000015259,80.3229980469
2021-01-25,80.0660018921,80.3339996338,79.7699966431,80.0690002441
2021-01-26,80.0289993286,80.3339996338,79.6119995117,80.0599975586
2021-01-27,80.3239974976,80.4069976807,79.6800003052,80.3099975586
2021-01-28,79.6800003052,80.0739974976,79.1800003052,79.6600036621
2021-01-29,80.0199966431,80.6399993896,79.8069992065,79.9850006104
2021-02-01,79.7910003662,80.2030029297,79.7900009155,79.7590026855
2021-02-02,80.0479965210,80.3529968262,79.5640029907,80.0709991455
2021-02-03,79.9029998779,80.1149978638,79.8290023804,79.9029998779
2021-02-04,80.1689987183,80.3259963989,80.0510025024,80.1490020752
2021-02-05,80.2340011597,80.7679977417,80.0299987793,80.2450027466
2021-02-08,80.9219970703,81.1719970703,80.8330001831,80.9250030518
2021-02-09,81.0790023804,81.1529998779,80.6490020752,81.0970001221
2021-02-10,80.9489974976,81.0859985352,80.8290023804,80.9520034790
2021-02-11,80.8059997559,81.3619995117,80.6600036621,80.7890014648
2021-02-12,81.1969985962,81.4759979248,81.0699996948,81.1819992065
2021-02-15,81.5559997559,82.0589981079,81.5100021362,81.5630035400
2021-02-16,82.0380020142,82.4020004272,81.8860015869,82.0540008545
2021-02-17,82.0960006714,82.2710037231,81.7809982300,82.1060028076
2021-02-18,82.1149978638,82.2919998169,81.8320007324,82.1289978027
2021-02-19,82.0780029297,83.1460037231,81.9950027466,82.0599975586
2021-02-22,83.1910018921,83.4160003662,82.9980010986,83.2249984741
2021-02-23,83.0999984741,83.2910003662,82.9440002441,83.0936965942
2021-02-24,83.2699966431,84.0459976196,83.2500000000,83.2652130127
2021-02-25,84.4869995117,84.9449996948,84.3199996948,84.4082183838
2021-02-26,83.6760025024,83.7149963379,82.2389984131,83.6969985962
2021-03-01,82.5429992676,83.0260009766,82.4100036621,82.5559997559
2021-03-02,83.0449981689,83.4960021973,82.6360015869,83.0380020142
2021-03-03,83.5189971924,83.7369995117,83.1719970703,83.5339965820
2021-03-04,83.0130004883,84.0009994507,83.0130004883,83.0490036011
2021-03-05,83.3000030518,83.5770034790,82.7860031128,83.2860031128
2021-03-08,83.5339965820,83.6100006104,82.9280014038,83.5699996948
2021-03-09,83.3980026245,83.9020004272,83.1770019531,83.4029998779
2021-03-10,83.7509994507,83.8919982910,83.4860000610,83.7669982910
2021-03-11,83.8330001831,84.5270004272,83.7949981689,83.8229980469
2021-03-12,84.5220031738,84.7750015259,84.2099990845,84.5339965820
2021-03-15,84.6989974976,84.7249984741,84.1159973145,84.6922302246
2021-03-16,84.5589981079,84.6559982300,84.2170028687,84.5584564209
2021-03-17,84.4469985962,84.4520034790,84.1689987183,84.4430007935
2021-03-18,85.0800018311,85.4430007935,84.7590026855,85.0739974976
2021-03-19,84.4479980469,84.5380020142,84.1230010986,84.4609985352
2021-03-22,84.0889968872,84.2860031128,83.8420028687,84.0709991455
2021-03-23,84.2480010986,84.2559967041,82.9980010986,84.2450027466
2021-03-24,82.5690002441,83.0319976807,82.2939987183,82.5189971924
2021-03-25,82.5699996948,83.0609970093,82.5569992065,82.5709991455
2021-03-26,82.8919982910,83.8010025024,82.8430023193,82.9069976807
2021-03-29,83.8199996948,83.9229965210,83.3410034180,83.8300018311
2021-03-30,83.8980026245,84.2720031738,83.7890014648,83.9023742676
2021-03-31,83.9010009766,84.4729995728,83.8830032349,83.9219970703
2021-04-01,84.0920028687,84.1559982300,83.4369964600,84.0839996338
2021-04-02,84.2590026855,84.4720001221,84.0199966431,84.2470016479
2021-04-05,84.3079986572,84.3759994507,84.0820007324,84.3219985962
2021-04-06,84.3769989014,84.4489974976,83.8059997559,84.3779983521
2021-04-07,84.1620025635,84.2330017090,83.5699996948,84.1699981689
2021-04-08,83.6289978027,83.7730026245,83.3000030518,83.6350021362
2021-04-09,83.6969985962,83.7770004272,83.0299987793,83.7060012817
2021-04-12,83.6159973145,83.6159973145,83.1689987183,83.6350021362
2021-04-13,83.4189987183,83.4550018311,83.0449981689,83.4240036011
2021-04-14,83.2770004272,84.2429962158,83.0899963379,83.2929992676
2021-04-15,84.0999984741,84.4000015259,83.8830032349,84.1179962158
2021-04-16,84.2310028076,84.3720016479,84.0800018311,84.2460021973
2021-04-19,83.8410034180,84.1399993896,83.7600021362,83.8560028076
2021-04-20,83.9400024414,84.7099990845,83.5100021362,83.9199981689
2021-04-21,83.4869995117,83.9189987183,83.2099990845,83.5029983521
2021-04-22,83.7399978638,83.8529968262,83.3020019531,83.7770004272
2021-04-23,83.1900024414,83.6070022583,83.0839996338,83.1709976196
2021-04-26,83.5230026245,84.4789962769,83.5149993896,83.5220031738
2021-04-27,84.3369979858,84.4140014648,84.0989990234,84.3639984131
2021-04-28,84.4449996948,84.5889968872,84.1510009766,84.4729995728
2021-04-29,84.6470031738,85.0029983521,84.5070037842,84.6460037231
2021-04-30,84.6999969482,84.8420028687,84.1900024414,84.6959991455
2021-05-03,84.3529968262,84.7460021973,84.3529968262,84.3399963379
2021-05-04,84.6330032349,84.6940002441,83.9469985962,84.6320037842
2021-05-05,84.3140029907,84.6839981079,84.3079986572,84.3280029297
2021-05-06,84.6480026245,84.8270034790,84.2460021973,84.6549987793
2021-05-07,84.8799972534,85.3030014038,84.7099990845,84.9150009155
2021-05-10,85.3040008545,85.7969970703,85.2910003662,85.3140029907
2021-05-11,85.3430023193,85.4309997559,84.8280029297,85.3349990845
2021-05-12,85.2249984741,85.2539978027,84.6800003052,85.2060012817
2021-05-13,84.8190002441,84.8229980469,84.3030014038,84.7939987183
2021-05-14,84.6039962769,85.0589981079,84.5309982300,84.5869979858
2021-05-17,85.0699996948,85.0820007324,84.4589996338,85.0899963379
2021-05-18,84.9100036621,85.1389999390,84.7699966431,84.9000015259
2021-05-19,84.7549972534,84.9469985962,84.0579986572,84.7819976807
2021-05-20,84.3499984741,84.6360015869,84.2649993896,84.3560028076
2021-05-21,84.5599975586,84.6500015259,84.0999984741,84.5749969482
2021-05-24,84.1309967041,84.3190002441,83.9869995117,84.1699981689
2021-05-25,84.3460006714,84.6370010376,84.2399978638,84.3659973145
2021-05-26,84.3369979858,84.7969970703,84.2969970703,84.3130035400
2021-05-27,84.4800033569,85.0559997559,84.3199996948,84.4929962158
2021-05-28,85.0319976807,85.1490020752,84.5520019531,85.0179977417
2021-05-31,84.7289962769,84.9049987793,84.6050033569,84.7119979858
2021-06-01,84.7710037231,85.0400009155,84.6699981689,84.7839965820
2021-06-02,84.9179992676,85.1640014648,84.7399978638,84.9219970703
2021-06-03,84.8600006104,84.9850006104,84.3759994507,84.8720016479
2021-06-04,84.5000000000,84.7809982300,84.1529998779,84.4800033569
2021-06-07,84.8330001831,84.8779983521,84.6399993896,84.8509979248
2021-06-08,84.7570037842,84.8479995728,84.6299972534,84.7549972534
2021-06-09,84.6959991455,84.8320007324,84.6409988403,84.6959991455
2021-06-10,84.7310028076,84.9980010986,84.6200027466,84.7220001221
2021-06-11,84.7490005493,85.0439987183,84.4100036621,84.7669982910
2021-06-14,84.5800018311,84.9329986572,84.4599990845,84.5500030518
2021-06-15,84.8550033569,84.9260025024,84.5149993896,84.8600006104
2021-06-16,84.6019973755,84.7529983521,84.5899963379,84.6050033569
2021-06-17,84.3180007935,84.5240020752,83.3010025024,84.3430023193
2021-06-18,83.3479995728,83.3750000000,82.4729995728,83.3700027466
2021-06-21,82.6539993286,83.0299987793,82.1389999390,82.6630020142
2021-06-22,83.1470031738,83.3880004883,82.7699966431,83.1299972534
2021-06-23,83.6220016479,84.1299972534,83.5100021362,83.5930023193
2021-06-24,84.0650024414,84.1490020752,83.8700027466,84.0709991455
2021-06-25,84.0810012817,84.2279968262,84.0199966431,84.0970001221
2021-06-28,84.1569976807,84.1569976807,83.6579971313,84.1200027466
2021-06-29,83.7040023804,83.7040023804,83.0110015869,83.7030029297
2021-06-30,83.0380020142,83.3420028687,82.8180007935,83.0490036011
2021-07-01,83.2860031128,83.6399993896,83.0879974365,83.3170013428
2021-07-02,83.3190002441,83.4609985352,83.0400009155,83.2919998169
2021-07-05,83.5309982300,83.5660018921,83.4280014038,83.5510025024
2021-07-06,83.6200027466,84.1859970093,82.8270034790,83.6370010376
2021-07-07,82.8300018311,83.3290023804,82.6529998779,82.8919982910
2021-07-08,82.7789993286,82.7789993286,81.3430023193,82.7900009155
2021-07-09,81.6100006104,82.4739990234,81.3539962769,81.6139984131
2021-07-12,82.5360031128,82.6689987183,82.0309982300,82.5400009155
2021-07-13,82.5199966431,82.8089981079,82.0910034180,82.4960021973
2021-07-14,82.2580032349,82.5240020752,82.1370010376,82.2770004272
2021-07-15,82.2799987793,82.2799987793,81.7119979858,82.2649993896
2021-07-16,81.4850006104,81.9349975586,81.4670028687,81.4869995117
2021-07-19,81.1869964600,81.2429962158,80.0000000000,81.1500015259
2021-07-20,80.3619995117,80.5830001831,79.8499984741,80.3899993896
2021-07-21,80.6600036621,81.1259994507,80.0899963379,80.6650009155
2021-07-22,81.0459976196,81.4680023193,80.8399963379,81.0540008545
2021-07-23,81.2979965210,81.6520004272,81.1849975586,81.2860031128
2021-07-26,81.4250030518,81.4990005493,80.7890014648,81.4400024414
2021-07-27,81.4499969482,81.4769973755,80.7300033569,81.4700012207
2021-07-28,80.8880004883,81.0339965820,80.6370010376,80.8799972534
2021-07-29,81.0609970093,81.3519973755,80.7580032349,81.0609970093
2021-07-30,80.9010009766,81.0749969482,80.6060028076,80.9169998169
2021-08-02,80.5299987793,80.7500000000,80.3830032349,80.5429992676
2021-08-03,80.4459991455,80.8929977417,80.1729965210,80.4280014038
2021-08-04,80.6060028076,81.0260009766,80.5199966431,80.6159973145
2021-08-05,80.8600006104,81.3460006714,80.8300018311,80.8529968262
2021-08-06,81.2369995117,81.3860015869,80.9739990234,81.2490005493
2021-08-09,80.8700027466,81.0830001831,80.8300018311,80.8710021973
2021-08-10,80.8629989624,81.3040008545,80.6999969482,80.8560028076
2021-08-11,81.2220001221,81.5599975586,81.1200027466,81.1999969482
2021-08-12,81.3539962769,81.3639984131,80.9499969482,81.3499984741
2021-08-13,81.0439987183,81.1039962769,80.8700027466,81.0459976196
2021-08-16,80.7289962769,80.7289962769,79.9059982300,80.7379989624
2021-08-17,80.2170028687,80.2170028687,79.4629974365,80.1920013428
2021-08-18,79.4700012207,79.7160034180,79.3069992065,79.4710006714
2021-08-19,79.4329986572,79.5360031128,78.2480010986,79.4240036011
2021-08-20,78.4580001831,78.6230010986,77.9079971313,78.4420013428
2021-08-23,78.4540023804,79.1340026855,78.4400024414,78.3799972534
2021-08-24,79.0299987793,79.7369995117,79.0130004883,79.0299987793
2021-08-25,79.5660018921,79.9919967651,79.3883743286,79.5329971313
2021-08-26,80.0479965210,80.0869979858,79.6699981689,80.0240020752
2021-08-27,79.6139984131,80.3150024414,79.4319992065,79.6569976807
2021-08-30,80.3629989624,80.3629989624,79.9700012207,80.3629989624
2021-08-31,80.1529998779,80.6380004883,80.0599975586,80.1500015259
2021-09-01,80.5510025024,81.1269989014,80.5000000000,80.5319976807
2021-09-02,81.1309967041,81.5100021362,80.8850021362,81.0960006714
2021-09-03,81.3209991455,82.0210037231,81.2509994507,81.3330001831
2021-09-06,81.7020034790,81.8150024414,81.5230026245,81.7089996338
2021-09-07,81.6399993896,81.9550018311,81.2900009155,81.6640014648
2021-09-08,81.4720001221,81.6410064697,80.9599990845,81.4660034180
2021-09-09,81.1149978638,81.1920013428,80.9000015259,81.1340026855
2021-09-10,80.8880004883,81.4240036011,80.7570037842,80.8799972534
2021-09-13,80.9359970093,81.1200027466,80.6890029907,80.9509963989
2021-09-14,81.0250015259,81.1399993896,80.3160018921,81.0179977417
2021-09-15,80.2600021362,80.3440017700,79.8209991455,80.2819976807
2021-09-16,80.2689971924,80.3590011597,79.7559967041,80.3000030518
2021-09-17,79.9749984741,80.4980010986,79.8840026855,79.9860000610
2021-09-20,79.8980026245,79.9570007324,79.0400009155,79.8769989014
2021-09-21,79.4270019531,79.8270034790,78.8619995117,79.4459991455
2021-09-22,78.8799972534,79.6100006104,78.8529968262,78.8735580444
2021-09-23,79.4270019531,80.5080032349,79.3590011597,79.4280014038
2021-09-24,80.5260009766,80.7610015869,80.0090026855,80.4990005493
2021-09-27,80.4430007935,80.8440017700,80.4100036621,80.4530029297
2021-09-28,80.7760009766,81.3050003052,80.4850006104,80.7850036621
2021-09-29,80.7880020142,80.9250030518,80.2080001831,80.7900009155
2021-09-30,80.3339996338,80.8909988403,80.3339996338,80.3529968262
2021-10-01,80.5670013428,80.7570037842,79.9150009155,80.5670013428
2021-10-04,80.7099990845,81.1699981689,80.4950027466,80.7070007324
2021-10-05,80.8809967041,81.3069992065,80.5699996948,80.8850021362
2021-10-06,81.2610015869,81.3349990845,80.5759963989,81.2470016479
2021-10-07,81.1289978027,81.6370010376,81.0169982910,81.1200027466
2021-10-08,81.6979980469,81.9950027466,81.5559997559,81.6940002441
2021-10-11,81.8870010376,83.5490036011,81.8870010376,81.8909988403
2021-10-12,83.3349990845,83.7929992676,83.0210037231,83.3170013428
2021-10-13,83.2610015869,83.6630020142,83.1250000000,83.2600021362
2021-10-14,83.6869964600,84.3949966431,83.6399993896,83.6299972534
2021-10-15,84.4010009766,84.9089965820,84.3359985352,84.3700027466
2021-10-18,84.8600006104,84.8600006104,84.2770004272,84.8789978027
2021-10-19,84.7760009766,85.4860000610,84.7099990845,84.7360000610
2021-10-20,85.6100006104,85.9199981689,85.4899978638,85.5899963379
2021-10-21,85.9769973755,86.2409973145,85.1159973145,85.9570007324
2021-10-22,84.9830017090,85.5260009766,84.6819992065,84.9690017700
2021-10-25,84.8769989014,85.2999038696,84.7972183228,84.8889999390
2021-10-26,85.2470016479,85.9130020142,85.2129974365,85.2279968262
2021-10-27,85.7979965210,86.0510025024,85.0439987183,85.7829971313
2021-10-28,85.3259963989,85.6029968262,85.1139984131,85.3229980469
2021-10-29,85.6240005493,85.8610000610,85.3310012817,85.5640029907
2021-11-01,85.8939971924,86.0469970703,85.6110000610,85.8759994507
2021-11-02,85.8099975586,85.9039993286,84.5199966431,85.8020019531
2021-11-03,84.7429962158,84.8720016479,84.5059967041,84.7200012207
2021-11-04,85.2060012817,85.2060012817,83.9039993286,85.1969985962
2021-11-05,84.3000030518,84.3089981079,83.8000030518,84.3339996338
2021-11-08,83.8976745605,84.1669998169,83.8509979248,83.9120025635
2021-11-09,83.9680023193,83.9820022583,83.1320037842,83.9729995728
2021-11-10,83.2839965820,83.9430007935,83.0000000000,83.2779998779
2021-11-11,83.5490036011,83.6490020752,83.1100006104,83.5319976807
2021-11-12,83.1500015259,83.4459991455,83.1149978638,83.1449966431
2021-11-15,83.5759963989,83.9189987183,83.4100036621,83.5670013428
2021-11-16,83.8330001831,84.1559982300,83.7089996338,83.8300018311
2021-11-17,83.8880004883,83.9059982300,83.1090011597,83.8919982910
2021-11-18,83.0149993896,83.2460021973,82.6800003052,82.9960021973
2021-11-19,83.1719970703,83.3539962769,82.1600036621,83.1399993896
2021-11-22,82.5350036621,83.1790008545,82.4589996338,82.5329971313
2021-11-23,82.9739990234,83.2229995728,82.6640014648,82.9619979858
2021-11-24,83.1399993896,83.2279968262,82.7300033569,83.1529998779
2021-11-25,83.1220016479,83.1910018921,82.7900009155,83.1110000610
2021-11-26,82.5780029297,82.5780029297,80.5759963989,82.5429992676
2021-11-29,81.1959991455,81.3779983521,80.6839981079,81.2190017700
2021-11-30,81.3300018311,81.3690032959,80.1849975586,81.3180007935
2021-12-01,80.7200012207,81.4720001221,80.4359970093,80.7259979248
2021-12-02,80.2170028687,80.5410003662,79.9199981689,80.2330017090
2021-12-03,80.0940017700,80.1930007935,79.1200027466,80.1029968262
2021-12-06,79.2870025635,79.9680023193,79.0930023193,79.3229980469
2021-12-07,79.9960021973,80.9160003662,79.8399963379,79.9759979248
2021-12-08,80.8403091431,81.6090011597,80.6760025024,80.8550033569
2021-12-09,81.5000000000,81.6600036621,80.9290008545,81.4950027466
2021-12-10,81.0940017700,81.5309982300,80.8379974365,81.0630035400
2021-12-13,81.3330001831,81.4889984131,80.7099990845,81.3280029297
2021-12-14,81.0039978027,81.1480026245,80.4889984131,80.9700012207
2021-12-15,80.8099975586,81.3949966431,80.7699966431,80.8010025024
2021-12-16,81.8209991455,82.4270019531,81.5299987793,81.7979965210
2021-12-17,81.5790023804,81.7310028076,80.9349975586,81.5520019531
2021-12-20,80.8359985352,80.9420013428,80.2850036621,80.7789993286
2021-12-21,80.8259963989,81.4909973145,80.6490020752,80.8079986572
2021-12-22,81.4950027466,82.4039993286,81.2399978638,81.4769973755
2021-12-23,82.3109970093,82.8779983521,82.1299972534,82.2829971313
2021-12-24,82.7679977417,82.8690032959,82.4800033569,82.7809982300
2021-12-27,82.6330032349,83.1959991455,82.6200027466,82.6630020142
2021-12-28,83.0490036011,83.4290008545,82.8799972534,83.0579986572
2021-12-29,83.0000000000,83.4929962158,82.7990036011,82.9899978638
2021-12-30,83.4300003052,83.7470016479,83.3399963379,83.4329986572
2021-12-31,83.4100036621,83.7389984131,83.3799972534,83.4120025635
2022-01-03,83.6760025024,83.8590011597,82.8539962769,83.6770019531
2022-01-04,82.9929962158,84.1679992676,82.9410018921,82.9830017090
2022-01-05,84.1119995117,84.2070007324,83.7590026855,84.0940017700
2022-01-06,83.8499984741,83.8769989014,82.7020034790,83.8489990234
2022-01-07,82.9990005493,83.2180023193,82.6320037842,82.9869995117
2022-01-10,82.9879989624,83.3570022583,82.3430023193,82.9909973145
2022-01-11,82.7890014648,83.0640029907,82.5810012817,82.7689971924
2022-01-12,83.1399993896,83.6589965820,82.9749984741,83.1520004272
2022-01-13,83.5029983521,83.7419967651,83.1750030518,83.5019989014
2022-01-14,83.0690002441,83.0960006714,82.1080017090,83.0910034180
2022-01-17,82.4759979248,82.7539978027,82.3499984741,82.4800033569
2022-01-18,82.6240005493,82.9499969482,82.2109985352,82.6110000610
2022-01-19,82.3600006104,82.7779998779,82.0780029297,82.3320007324
2022-01-20,82.5159988403,82.9609985352,82.4929962158,82.5080032349
2022-01-21,82.2369995117,82.2369995117,81.6350021362,82.2600021362
2022-01-24,81.7580032349,81.8180007935,80.7419967651,81.7770004272
2022-01-25,81.5770034790,81.7630004883,81.0630035400,81.5670013428
2022-01-26,81.5279998779,81.9789962769,81.3669967651,81.5299987793
2022-01-27,81.6959991455,81.7500000000,80.9899978638,81.6920013428
2022-01-28,81.1699981689,81.3310012817,80.5029983521,81.1470031738
2022-01-31,80.5940017700,81.6159973145,80.5690002441,80.6350021362
2022-02-01,81.3600006104,81.6699981689,80.9000015259,81.3690032959
2022-02-02,81.8369979858,81.9619979858,81.3870010376,81.8420028687
2022-02-03,81.4339981079,82.2779998779,81.3799972534,81.4459991455
2022-02-04,82.1100006104,82.2009963989,81.3040008545,82.1060028076
2022-02-07,81.5830001831,81.9400024414,81.4179992676,81.5690002441
2022-02-08,82.0149993896,82.4680023193,81.9980010986,82.0100021362
2022-02-09,82.5609970093,83.0360031128,82.4530029297,82.5510025024
2022-02-10,82.9609985352,83.9489974976,82.7099990845,82.9670028687
2022-02-11,83.1070022583,83.2289962769,82.5289993286,83.1049346924
2022-02-14,82.5719985962,82.5719985962,81.5510025024,82.5739974976
2022-02-15,82.4110031128,82.7200012207,81.8919982910,82.3990020752
2022-02-16,82.6630020142,83.1250000000,82.6250000000,82.6350021362
2022-02-17,82.9940032959,83.3300018311,82.3600006104,83.0130004883
2022-02-18,82.5439987183,83.2900009155,82.4179992676,82.5670013428
2022-02-21,82.4420013428,83.0459976196,82.3610000610,82.4400024414
2022-02-22,82.3359985352,83.1760025024,82.2379989624,82.3359985352
2022-02-23,83.1849975586,83.8109970093,83.0459976196,83.1790008545
2022-02-24,83.0579986572,83.0579986572,82.0270004272,83.0459976196
2022-02-25,82.7289962769,83.6129989624,82.4800033569,82.7490005493
2022-02-28,82.9970016479,83.6859970093,82.7659988403,83.0490036011
2022-03-01,83.5339965820,83.8580017090,83.2399978638,83.5380020142
2022-03-02,83.3580017090,84.2239990234,83.2979965210,83.3610000610
2022-03-03,84.2190017700,84.9260025024,84.1250000000,84.2470016479
2022-03-04,84.7129974365,85.1380004883,84.2009963989,84.7180023193
2022-03-07,84.9499969482,85.4489974976,84.4690017700,84.9889984131
2022-03-08,84.5540008545,84.8300018311,83.8160018921,84.5500030518
2022-03-09,84.1419982910,84.9739990234,84.1376495361,84.0800018311
2022-03-10,84.8339996338,85.4769973755,84.5910034180,84.8069992065
2022-03-11,85.5540008545,85.8700027466,85.2679977417,85.5759963989
2022-03-14,85.7200012207,85.7269973755,85.2300033569,85.7470016479
2022-03-15,85.0999984741,85.3509979248,84.6019973755,85.0970001221
2022-03-16,85.0650024414,86.0530014038,85.0149993896,85.0640029907
2022-03-17,86.6640014648,87.5130004883,86.5029983521,86.6389999390
2022-03-18,87.4619979858,88.3509979248,87.4619979858,87.4540023804
2022-03-21,88.3659973145,88.4929962158,87.8349990845,88.3659973145
2022-03-22,88.4270019531,89.9150009155,88.4020004272,88.4459991455
2022-03-23,90.5039978027,90.7669982910,89.9530029297,90.5410003662
2022-03-24,90.8750000000,91.7570037842,90.5479965210,90.8280029297
2022-03-25,91.8870010376,91.8870010376,91.0800018311,91.8960037231
2022-03-28,91.9079971313,94.2860031128,91.7050018311,91.9079971313
2022-03-29,92.7369995117,92.9940032959,91.4690017700,92.7369995117
2022-03-30,92.5230026245,92.4199981689,91.1380004883,92.5230026245
2022-03-31,91.5319976807,91.9319992065,90.7760009766,91.5319976807
2022-04-01,91.1900024414,92.3140029907,91.1729965210,91.1900024414
2022-04-04,91.7829971313,92.7160034180,91.5920028687,91.7829971313
2022-04-05,92.6200027466,94.1449966431,92.3000030518,92.6200027466
2022-04-06,93.7969970703,94.1200027466,93.2269973755,93.7969970703
2022-04-07,92.8509979248,92.8850021362,92.4110031128,92.8509979248
2022-04-08,92.7959976196,92.8919982910,92.4680023193,92.8099975586
2022-04-11,92.6149978638,93.5979995728,92.5199966431,92.6149978638
2022-04-12,93.0319976807,93.7990036011,92.8570022583,93.0319976807
2022-04-13,93.4779968262,93.8509979248,93.0309982300,93.4779968262
2022-04-14,93.4189987183,93.6539993286,93.1419982910,93.4189987183
2022-04-15,93.4710006714,93.7630004883,93.3880004883,93.4710006714
2022-04-18,93.6070022583,93.6900024414,93.0800018311,93.6070022583
2022-04-19,93.5070037842,95.0080032349,93.4800033569,93.5070037842
2022-04-20,95.6200027466,95.7300033569,94.7679977417,95.6200027466
2022-04-21,95.2969970703,95.5830001831,94.8099975586,95.2969970703
2022-04-22,94.5139999390,94.7040023804,93.0500030518,94.5139999390
2022-04-25,93.0350036621,93.0120010376,91.0999984741,93.0350036621
2022-04-26,91.6979980469,92.5810012817,90.9169998169,91.6979980469
2022-04-27,90.9010009766,91.9700012207,90.8099975586,90.9010009766
2022-04-28,91.4810028076,93.4899978638,91.3300018311,91.4810028076
2022-04-29,92.9599990845,93.4270019531,91.9759979248,92.9599990845
2022-05-02,91.8489990234,92.0000000000,91.5100021362,91.8489990234
2022-05-03,91.7139968872,92.8509979248,91.7500000000,91.7139968872
2022-05-04,92.4140014648,92.8919982910,92.2699966431,92.4140014648
2022-05-05,93.7220001221,93.7610015869,92.4530029297,93.7220001221
2022-05-06,92.7939987183,92.9700012207,92.0609970093,92.7939987183
2022-05-09,92.1039962769,92.1289978027,90.7149963379,92.1039962769
2022-05-10,90.7020034790,91.1309967041,89.7900009155,90.7020034790
2022-05-11,90.3870010376,91.7419967651,90.3310012817,90.3870010376
2022-05-12,89.9359970093,90.2770004272,87.3440017700,89.9359970093
2022-05-13,88.3580017090,89.5839996338,88.1940002441,88.3580017090
2022-05-16,89.8939971924,90.1159973145,88.5139999390,89.8939971924
2022-05-17,89.8860015869,91.1569976807,89.8779983521,89.8860015869
2022-05-18,91.0000000000,91.1539993286,89.6009979248,91.0000000000
2022-05-19,89.0080032349,90.5230026245,89.0510025024,89.0080032349
2022-05-20,90.0090026855,90.6800003052,89.3799972534,90.0090026855
2022-05-23,90.3259963989,91.0019989014,90.0739974976,90.3259963989
2022-05-24,90.6250000000,90.7089996338,89.2770004272,90.6250000000
2022-05-25,90.0400009155,90.4879989624,89.3069992065,90.0400009155
2022-05-26,90.1399993896,90.6190032959,89.6460037231,90.1399993896
2022-05-27,90.1790008545,90.9710006714,90.0400009155,90.1790008545
2022-05-30,91.1299972534,91.8420028687,90.9580001831,91.1299972534
2022-05-31,91.9300003052,92.4089965820,91.6050033569,91.9300003052
2022-06-01,92.4570007324,93.5650024414,92.4240036011,92.4570007324
2022-06-02,93.3339996338,94.2070007324,92.8440017700,93.3339996338
2022-06-03,94.3960037231,94.5500030518,94.1159973145,94.3960037231
2022-06-06,94.1699981689,94.8369979858,93.8020019531,94.1699981689
2022-06-07,95.0090026855,96.0029983521,94.8249969482,95.0090026855
2022-06-08,95.9140014648,96.8619995117,95.7429962158,95.9140014648
2022-06-09,96.5989990234,96.6940002441,95.3059997559,96.5989990234
2022-06-10,95.3799972534,95.5270004272,94.3529968262,95.3799972534
2022-06-13,94.6060028076,94.9160003662,92.6389999390,94.6060028076
2022-06-14,93.1719970703,93.8750000000,92.4270019531,93.1719970703
2022-06-15,93.1890029907,93.5999984741,92.9400024414,93.1890029907
2022-06-16,94.0889968872,94.5350036621,91.9940032959,94.0889968872
2022-06-17,93.2320022583,94.5080032349,92.8820037842,93.2320022583
2022-06-20,94.0339965820,94.3479995728,93.4029998779,94.0339965820
2022-06-21,94.1389999390,95.2099990845,93.8570022583,94.1389999390
2022-06-22,94.8560028076,94.8990020752,93.6159973145,94.8560028076
2022-06-23,93.9189987183,94.1500015259,92.8610000610,93.9189987183
2022-06-24,93.0790023804,93.9940032959,92.8010025024,93.0790023804
2022-06-27,93.7689971924,93.9349975586,93.0049972534,93.7689971924
2022-06-28,93.7480010986,94.6689987183,93.4810028076,93.7480010986
2022-06-29,93.9290008545,94.2689971924,93.4789962769,93.9290008545
2022-06-30,93.9639968872,94.2710037231,93.3499984741,93.9639968872
2022-07-01,93.6579971313,93.7799987793,91.4209976196,93.6579971313
2022-07-04,92.0329971313,93.2750015259,91.6009979248,92.0329971313
2022-07-05,93.3639984131,93.9710006714,91.7399978638,93.3639984131
2022-07-06,92.0490036011,92.4990005493,91.5410003662,92.0490036011
2022-07-07,92.2320022583,93.1240005493,91.9079971313,92.2320022583
2022-07-08,93.0640029907,93.4690017700,92.3450012207,93.0640029907
2022-07-11,93.2799987793,93.6719970703,92.3140029907,93.2799987793
2022-07-12,92.6350021362,92.6399993896,91.9629974365,92.6350021362
2022-07-13,92.2460021973,93.3619995117,92.2460021973,92.2460021973
2022-07-14,92.6510009766,94.2360000610,92.6709976196,92.6510009766
2022-07-15,93.8610000610,94.2500000000,93.1880035400,93.8610000610
2022-07-18,94.2229995728,94.6259994507,93.9469985962,94.2229995728
2022-07-19,94.1279983521,95.2220001221,94.0049972534,94.1279983521
2022-07-20,95.3059997559,95.7460021973,95.0770034790,95.3059997559
2022-07-21,95.3119964600,95.5839996338,95.0049972534,95.3119964600
2022-07-22,94.9069976807,95.3730010986,94.4950027466,94.9069976807
2022-07-25,94.0999984741,95.1679992676,93.9160003662,94.0999984741
2022-07-26,94.8249969482,95.2649993896,94.5729980469,94.8249969482
2022-07-27,95.1500015259,95.3199996948,94.7580032349,95.1500015259
2022-07-28,95.1999969482,95.3089981079,93.6230010986,95.1999969482
2022-07-29,94.0429992676,94.2470016479,92.8870010376,94.0429992676
2022-08-01,92.9909973145,93.3059997559,92.3130035400,92.9909973145
2022-08-02,92.4089965820,92.3700027466,90.5339965820,92.4089965820
2022-08-03,91.9029998779,92.9929962158,91.7509994507,91.9029998779
2022-08-04,92.9300003052,93.7979965210,92.5390014648,92.9300003052
2022-08-05,92.2900009155,93.6050033569,92.2809982300,92.2900009155
2022-08-08,93.2139968872,94.3880004883,93.2239532471,93.2139968872
2022-08-09,94.2170028687,94.3830032349,93.9089965820,94.2170028687
2022-08-10,94.0185775757,94.1650009155,93.5820007324,94.0185775757
2022-08-11,94.0800018311,94.5019989014,93.8690032959,94.0800018311
2022-08-12,94.4570007324,95.0039978027,94.4599990845,94.4570007324
2022-08-15,94.8479995728,94.9280014038,93.0739974976,94.8479995728
2022-08-16,93.4609985352,94.4629974365,93.0899963379,93.4609985352
2022-08-17,94.2587661743,94.3619995117,93.5660018921,94.2587661743
2022-08-18,93.5179977417,94.1790008545,93.3799972534,93.5179977417
2022-08-19,93.8460006714,94.5220031738,93.8619995117,93.8460006714
2022-08-22,94.2350006104,94.8280029297,94.1510009766,94.2350006104
2022-08-23,94.6240005493,94.8059997559,94.1050033569,94.6240005493
2022-08-24,94.6100006104,94.7320022583,94.2020034790,94.6100006104
2022-08-25,94.6750030518,95.4319992065,94.6760025024,94.6750030518
2022-08-26,95.0999984741,95.7050018311,94.8280029297,95.0999984741
2022-08-29,94.8600006104,95.8669967651,94.8239974976,94.8600006104
2022-08-30,95.7279968262,96.1849975586,95.2590026855,95.7279968262
2022-08-31,95.1309967041,95.5690002441,94.9079971313,95.1309967041
2022-09-01,95.1080017090,95.3160018921,94.7839965820,95.1080017090
2022-09-02,95.1849975586,96.0250015259,95.0309982300,95.1849975586
2022-09-05,95.3850021362,95.5879974365,95.0419998169,95.3850021362
2022-09-06,95.6480026245,96.4810028076,95.5530014038,95.6480026245
2022-09-07,96.3359985352,97.3330001831,96.0130004883,96.3359985352
2022-09-08,97.2990036011,97.4489974976,96.6630020142,97.2990036011
2022-09-09,97.3209991455,97.9000015259,97.0650024414,97.3209991455
2022-09-12,97.6159973145,98.3570022583,97.4359970093,97.6159973145
2022-09-13,98.2870025635,98.4309997559,97.5449981689,98.2870025635
2022-09-14,97.3619995117,97.5329971313,95.9919967651,97.3619995117
2022-09-15,96.4960021973,97.1240005493,96.1699981689,96.4960021973
2022-09-16,95.8659973145,96.4100036621,95.5500030518,95.8659973145
2022-09-19,96.0120010376,96.1640014648,95.7190017700,96.0120010376
2022-09-20,96.3889999390,96.5490036011,96.0319976807,96.3889999390
2022-09-21,96.1100006104,96.2470016479,95.5260009766,96.1100006104
2022-09-22,95.3919982910,96.3789978027,93.5709991455,95.3919982910
2022-09-23,94.5490036011,94.6719970703,93.6029968262,94.5490036011
2022-09-26,93.7139968872,94.0049972534,93.2839965820,93.7139968872
2022-09-27,93.5000000000,93.9580001831,93.2500000000,93.5000000000
2022-09-28,93.1029968262,93.8759994507,92.1289978027,93.1029968262
2022-09-29,93.9179992676,94.0230026245,93.1269989014,93.9179992676
2022-09-30,94.0059967041,94.2060012817,93.0250015259,94.0059967041
2022-10-03,92.9570007324,94.0839996338,92.8369979858,92.9570007324
2022-10-04,93.9560012817,94.6650009155,93.4329986572,93.9560012817
2022-10-05,93.6549987793,94.0130004883,92.9329986572,93.6549987793
2022-10-06,94.0599975586,94.5220031738,92.6480026245,94.0599975586
2022-10-07,93.0260009766,93.2210006714,92.5619964600,93.0260009766
2022-10-10,92.5000000000,92.7500000000,91.4970016479,92.5000000000
2022-10-11,91.6900024414,92.1179962158,91.0839996338,91.6900024414
2022-10-12,91.3970031738,92.1859970093,91.2939987183,91.3970031738
2022-10-13,92.1029968262,92.4599990845,90.9619979858,92.1029968262
2022-10-14,92.7590026855,93.5419998169,92.2620010376,92.7590026855
2022-10-17,92.4769973755,93.8550033569,92.2770004272,92.4769973755
2022-10-18,93.8109970093,94.3949966431,93.1699981689,93.8109970093
2022-10-19,94.2470016479,94.3850021362,93.9000015259,94.2470016479
2022-10-20,93.8339996338,95.1299972534,93.3799972534,93.8339996338
2022-10-21,94.2229995728,95.7229995728,93.1279983521,94.2229995728
2022-10-24,94.1800003052,94.7979965210,93.5950012207,94.1800003052
2022-10-25,94.2340011597,94.6520004272,93.8769989014,94.2340011597
2022-10-26,94.4899978638,95.4179992676,94.4079971313,94.4899978638
2022-10-27,94.8870010376,95.0000000000,94.2770004272,94.8870010376
2022-10-28,94.3519973755,94.8909988403,94.2639999390,94.3519973755
2022-10-31,94.6070022583,95.1419982910,94.6259994507,94.6070022583
2022-11-01,95.3339996338,95.5419998169,94.5410003662,95.3339996338
2022-11-02,94.6039962769,94.7659988403,94.0810012817,94.6039962769
2022-11-03,93.7350006104,93.8300018311,92.9420013428,93.7350006104
2022-11-04,93.3099975586,95.0070037842,93.1050033569,93.3099975586
2022-11-07,94.5439987183,95.0100021362,94.3099975586,94.5439987183
2022-11-08,94.9300003052,95.1910018921,94.5169982910,94.9300003052
2022-11-09,94.5690002441,94.7750015259,94.1370010376,94.5690002441
2022-11-10,94.0070037842,94.2590026855,92.9789962769,94.0070037842
2022-11-11,93.6370010376,94.2389984131,92.6460037231,93.6370010376
2022-11-14,93.4739990234,94.2750015259,92.9140014648,93.4739990234
2022-11-15,93.7600021362,94.4879989624,93.4789962769,93.7600021362
2022-11-16,94.0650024414,94.6500015259,93.8629989624,94.0650024414
2022-11-17,93.8960037231,94.0260009766,93.1579971313,93.8960037231
2022-11-18,93.9130020142,94.0849990845,93.2519989014,93.9130020142
2022-11-21,93.7099990845,94.0729980469,93.1880035400,93.7099990845
2022-11-22,93.8799972534,94.0110015869,93.5930023193,93.8799972534
2022-11-23,93.8499984741,94.1169967651,93.6949996948,93.8499984741
2022-11-24,93.9189987183,94.0019989014,93.1409988403,93.9189987183
2022-11-25,93.7669982910,94.0540008545,93.6200027466,93.7669982910
2022-11-28,93.5319976807,93.5579986572,92.1549987793,93.5080032349
2022-11-29,92.2679977417,93.1669998169,92.1959991455,92.2679977417
2022-11-30,92.7300033569,93.7590026855,92.6220016479,92.7300033569
2022-12-01,93.3860015869,93.6060028076,92.1910018921,93.3860015869
2022-12-02,92.0449981689,92.2289962769,91.1500015259,92.0449981689
2022-12-05,91.6080017090,92.1829986572,91.5830001831,91.6080017090
2022-12-06,91.6200027466,92.3249969482,91.4339981079,91.6200027466
2022-12-07,91.6800003052,92.1299972534,91.6330032349,91.6800003052
2022-12-08,91.7379989624,92.4749984741,91.6100006104,91.7379989624
2022-12-09,92.5599975586,92.8889999390,91.9909973145,92.5599975586
2022-12-12,92.6989974976,92.8669967651,92.4150009155,92.6989974976
2022-12-13,92.8430023193,93.3460006714,92.6780014038,92.8560028076
2022-12-14,92.7669982910,92.9820022583,92.4179992676,92.7669982910
2022-12-15,92.8140029907,93.0579986572,92.1689987183,92.8140029907
2022-12-16,92.3679962158,92.3919982910,91.2320022583,92.3679962158
2022-12-19,91.3219985962,91.8850021362,91.0759963989,91.3219985962
2022-12-20,91.8349990845,92.0080032349,87.2870025635,91.8349990845
2022-12-21,88.2009963989,88.8619995117,87.7639999390,88.2009963989
2022-12-22,88.8399963379,89.2639999390,88.2529983521,88.8399963379
2022-12-23,88.3759994507,89.1100006104,88.2490005493,88.3759994507
2022-12-26,89.4629287720,89.5500030518,88.4479980469,89.4629287720
2022-12-27,89.5370025635,90.1269989014,89.4369964600,89.5370025635
2022-12-28,89.8089981079,91.0449981689,89.8190002441,89.8089981079
2022-12-29,90.4300003052,90.5530014038,89.6100006104,90.4300003052
2022-12-30,89.9270019531,89.9830017090,89.3499984741,89.9270019531
2023-01-02,89.1940002441,89.3600006104,88.3649978638,89.1940002441
2023-01-03,89.0090026855,89.0810012817,87.4089965820,89.0090026855
2023-01-04,88.2639999390,90.5319976807,88.0879974365,88.2639999390
2023-01-05,90.3089981079,90.9449996948,89.8590011597,90.3089981079
2023-01-06,90.0540008545,90.9280014038,90.0270004272,90.0540008545
2023-01-09,90.8939971924,91.8000030518,90.8450012207,90.8939971924
2023-01-10,91.0169982910,91.2900009155,90.7699966431,91.0169982910
2023-01-11,91.0510025024,91.6600036621,91.0579986572,91.0510025024
2023-01-12,91.1309967041,91.2630004883,89.8610000610,91.1309967041
2023-01-13,89.9909973145,90.0680007935,88.2720031738,89.9909973145
2023-01-16,89.2659988403,89.5759963989,89.1409988403,89.2659988403
2023-01-17,89.3820037842,89.8499984741,89.2760009766,89.3820037842
2023-01-18,89.6370010376,91.9069976807,89.6740036011,89.6370010376
2023-01-19,89.2659988403,89.2350006104,88.1220016479,89.2659988403
2023-01-20,88.7239990234,90.4219970703,88.7205810547,88.7239990234
2023-01-23,90.3529968262,91.9000015259,90.1600036621,90.3150024414
2023-01-24,91.7789993286,91.9069976807,91.2659988403,91.7789993286
2023-01-25,91.7559967041,92.7809982300,91.1699981689,91.7559967041
2023-01-26,91.8580017090,92.7969970703,91.6470031738,91.8580017090
2023-01-27,92.3349990845,92.5429992676,92.0719985962,92.3349990845
2023-01-30,92.2910003662,92.6510009766,91.6210021973,92.2910003662
2023-01-31,92.0960006714,92.0849990845,91.0940017700,92.0960006714
2023-02-01,91.7399978638,92.2229995728,91.3430023193,91.7399978638
2023-02-02,91.8939971924,92.1409988403,90.9140014648,91.8939971924
2023-02-03,91.0699996948,91.4739990234,90.5129470825,91.0699996948
2023-02-06,91.3470001221,91.5889968872,90.9680023193,91.3470001221
2023-02-07,91.3460006714,91.9329986572,90.7269973755,91.3460006714
2023-02-08,91.2620010376,91.5410003662,90.9800033569,91.2620010376
2023-02-09,91.0299987793,91.5199966431,90.9509963989,91.0299987793
2023-02-10,91.2630004883,91.4629974365,90.2549972534,91.2630004883
2023-02-13,90.9329986572,92.4820022583,90.8270034790,90.9329986572
2023-02-14,92.1999969482,92.7050018311,91.7799987793,92.1999969482
2023-02-15,92.9100036621,92.8909988403,91.9199981689,92.9100036621
2023-02-16,92.4789962769,92.7269973755,91.9980010986,92.4789962769
2023-02-17,91.9960021973,92.3700027466,91.9489974976,91.9960021973
2023-02-20,92.2539978027,92.7720031738,92.1949996948,92.2580032349
2023-02-21,92.8109970093,92.9960021973,92.5500030518,92.8109970093
2023-02-22,92.6279983521,92.6719970703,91.6719970703,92.6279983521
2023-02-23,91.9100036621,92.2839965820,91.4359970093,91.9100036621
2023-02-24,91.6650009155,91.9319992065,91.3899993896,91.6650009155
2023-02-27,91.8560028076,91.8799972534,91.3359985352,91.8600006104
2023-02-28,91.8830032349,92.1890029907,91.5999984741,91.8830032349
2023-03-01,91.7669982910,92.2089996338,91.3089981079,91.7669982910
2023-03-02,92.0619964600,92.1510009766,91.4150009155,92.0619964600
2023-03-03,92.0410003662,92.2330017090,91.6829986572,92.0410003662
2023-03-06,91.8590011597,91.8880004883,91.3730010986,91.8590011597
2023-03-07,91.5400009155,91.7300033569,90.2799987793,91.5400009155
2023-03-08,90.5159988403,90.9130020142,90.2750015259,90.5159988403
2023-03-09,90.4879989624,90.4860000610,89.9879989624,90.4879989624
2023-03-10,89.8560028076,90.2399978638,88.9089965820,89.8560028076
2023-03-13,88.7500000000,89.8199996948,87.7939987183,88.7799987793
2023-03-14,88.6200027466,90.0839996338,88.5500030518,88.6200027466
2023-03-15,89.8970031738,90.1859970093,87.7450027466,89.8970031738
2023-03-16,87.9710006714,88.6849975586,87.4160003662,87.9710006714
2023-03-17,88.8639984131,89.4400024414,88.1019973755,88.8639984131
2023-03-20,88.7959976196,89.2239990234,87.1470031738,88.7959976196
2023-03-21,88.2509994507,88.4840011597,87.7139968872,88.2509994507
2023-03-22,88.3740005493,88.9789962769,88.3140029907,88.3740005493
2023-03-23,87.8769989014,88.3529968262,87.7799987793,87.8769989014
2023-03-24,87.4329986572,87.4680023193,86.0680007935,87.4329986572
2023-03-27,86.8300018311,87.5250015259,86.6999969482,86.8399963379
2023-03-28,87.3980026245,87.8529968262,87.1869964600,87.3980026245
2023-03-29,87.8789978027,88.6910018921,87.7819976807,87.8789978027
2023-03-30,88.5879974365,89.0749969482,88.3809967041,88.5879974365
2023-03-31,89.4489974976,89.6760025024,88.6989974976,89.4489974976
2023-04-03,88.7839965820,90.0390014648,88.5699996948,88.7839965820
2023-04-04,89.8089981079,90.1330032349,88.6660003662,89.8089981079
2023-04-05,88.8280029297,89.1760025024,87.4390029907,88.8280029297
2023-04-06,87.9169998169,88.1439971924,87.5889968872,87.9100036621
2023-04-07,87.8669967651,88.2470016479,87.7269973755,87.8669967651
2023-04-10,88.1439971924,88.7060012817,88.0000000000,88.1439971924
2023-04-11,88.7320022583,89.1100006104,88.5319976807,88.7320022583
2023-04-12,88.8899993896,89.3170013428,88.8809967041,88.8899993896
2023-04-13,89.1220016479,89.8980026245,88.9769973755,89.1220016479
2023-04-14,89.8710021973,90.0719985962,89.5350036621,89.8710021973
2023-04-17,89.8209991455,90.0370025635,89.5979995728,89.8209991455
2023-04-18,90.0599975586,90.5000000000,89.9599990845,90.0599975586
2023-04-19,90.2850036621,90.5490036011,90.2340011597,90.2850036621
2023-04-20,90.3199996948,90.7610015869,90.2300033569,90.3199996948
2023-04-21,90.3349990845,90.4789962769,89.4069976807,90.3349990845
2023-04-24,89.6419982910,90.0400009155,89.4359970093,89.6419982910
2023-04-25,89.8779983521,90.0169982910,88.6949996948,89.8779983521
2023-04-26,88.7330017090,88.7269973755,87.8700027466,88.7330017090
2023-04-27,88.1940002441,88.7460021973,88.1439971924,88.2009963989
2023-04-28,88.7129974365,90.0800018311,88.6250000000,88.7129974365
2023-05-01,90.1959991455,91.3209991455,90.1669998169,90.1959991455
2023-05-02,91.0920028687,92.4240036011,90.8669967651,91.0920028687
2023-05-03,91.0100021362,91.0240020752,90.0279998779,91.0100021362
2023-05-04,89.3300018311,90.1139984131,89.1869964600,89.3300018311
2023-05-05,89.8440017700,91.0009994507,89.8099975586,89.8440017700
2023-05-08,91.2190017700,91.8570022583,90.9270019531,91.2190017700
2023-05-09,91.5839996338,91.7310028076,91.0889968872,91.5839996338
2023-05-10,91.5410003662,91.6839981079,90.8199996948,91.5410003662
2023-05-11,90.9199981689,91.1240005493,89.8150024414,90.9199981689
2023-05-12,90.1039962769,90.3939971924,89.9000015259,90.1039962769
2023-05-15,90.2699966431,91.1340026855,90.1999969482,90.2699966431
2023-05-16,91.1600036621,91.2509994507,90.5729980469,91.1600036621
2023-05-17,90.8190002441,91.5459976196,90.6760025024,90.8190002441
2023-05-18,91.5599975586,91.7669982910,91.1330032349,91.5599975586
2023-05-19,91.8700027466,92.3349990845,91.4950027466,91.8700027466
2023-05-22,91.6699981689,92.1250000000,91.3960037231,91.6699981689
2023-05-23,92.1999969482,92.3310012817,91.5579986572,92.1999969482
2023-05-24,91.6539993286,91.6309967041,90.7850036621,91.6539993286
2023-05-25,91.1520004272,91.2549972534,90.7639999390,91.1520004272
2023-05-26,90.9599990845,91.5309982300,90.8209991455,90.9599990845
2023-05-29,91.9359970093,91.9980010986,91.5800018311,91.9359970093
2023-05-30,91.6809997559,91.9250030518,90.9680023193,91.6809997559
2023-05-31,91.1070022583,91.1299972534,90.3529968262,91.1070022583
2023-06-01,90.4899978638,91.2610015869,90.3000030518,90.4899978638
2023-06-02,91.2669982910,92.5029983521,91.2429962158,91.2669982910
2023-06-05,92.4970016479,92.6480026245,92.1480026245,92.4970016479
2023-06-06,92.1709976196,93.2340011597,92.1849975586,92.1709976196
2023-06-07,93.1859970093,93.4840011597,92.8160018921,93.1859970093
2023-06-08,93.1380004883,93.4300003052,92.9800033569,93.1380004883
2023-06-09,93.1959991455,94.0940017700,93.2099990845,93.1959991455
2023-06-12,93.9960021973,94.4059982300,93.8750000000,93.9960021973
2023-06-13,94.1729965210,95.0319976807,93.9789962769,94.1729965210
2023-06-14,94.8820037842,95.2750015259,94.7500000000,94.8820037842
2023-06-15,95.1330032349,96.5410003662,95.1340026855,95.1330032349
2023-06-16,96.5009994507,97.3420028687,96.2200012207,96.5009994507
2023-06-19,97.4899978638,97.5699996948,96.7379989624,97.4899978638
2023-06-20,97.2109985352,97.4110031128,95.5770034790,97.2109985352
2023-06-21,95.9440002441,96.3550033569,95.7809982300,95.9440002441
2023-06-22,96.3209991455,96.5999984741,95.7900009155,96.3209991455
2023-06-23,96.6959991455,96.8300018311,95.2500000000,96.6959991455
2023-06-26,95.8830032349,96.0770034790,95.3949966431,95.8830032349
2023-06-27,95.7450027466,96.4850006104,95.6989974976,95.7450027466
2023-06-28,96.1309967041,96.1549987793,95.2340011597,96.1309967041
2023-06-29,95.2990036011,96.0029983521,95.1770019531,95.2990036011
2023-06-30,95.8300018311,96.2929992676,95.6080017090,95.8300018311
2023-07-03,96.1340026855,96.6060028076,96.0120010376,96.1340026855
2023-07-04,96.4899978638,96.8219985962,96.1009979248,96.4899978638
2023-07-05,96.6399993896,96.8239974976,96.0619964600,96.6399993896
2023-07-06,96.1500015259,96.3010025024,95.3059997559,96.1500015259
2023-07-07,95.4089965820,95.5790023804,94.8099975586,95.4089965820
2023-07-10,95.1050033569,95.4649963379,94.1149978638,95.1050033569
2023-07-11,94.3379974365,94.6009979248,93.4710006714,94.3379974365
2023-07-12,93.7819976807,94.1989974976,93.2500000000,93.7819976807
2023-07-13,93.9420013428,95.2929992676,93.8580017090,93.9420013428
2023-07-14,95.1050033569,95.3669967651,94.5660018921,95.1050033569
2023-07-17,94.8239974976,94.8669967651,94.0189971924,94.8239974976
2023-07-18,94.4739990234,94.7789993286,93.7900009155,94.4739990234
2023-07-19,94.7099990845,94.7959976196,94.2070007324,94.7099990845
2023-07-20,94.5049972534,95.4110031128,94.5329971313,94.5049972534
2023-07-21,94.7939987183,95.7779998779,94.6549987793,94.7939987183
2023-07-24,95.3300018311,95.4430007935,94.8929977417,95.3300018311
2023-07-25,95.2789993286,95.8519973755,95.1849975586,95.2789993286
2023-07-26,95.6389999390,95.7129974365,94.4440002441,95.6389999390
2023-07-27,94.8850021362,95.4089965820,94.7760009766,94.8850021362
2023-07-28,93.1930007935,94.1409988403,91.8420028687,93.1930007935
2023-07-31,93.7500000000,95.8140029907,93.7350006104,93.7500000000
2023-08-01,95.5899963379,95.7480010986,94.5690002441,95.5899963379
2023-08-02,94.6050033569,94.8980026245,93.6139984131,94.6050033569
2023-08-03,93.7539978027,94.0690002441,92.9729995728,93.7539978027
2023-08-04,93.5419998169,93.9120025635,93.2220001221,93.5419998169
2023-08-07,93.2610015869,93.6190032959,93.1129989624,93.2610015869
2023-08-08,93.6689987183,93.9609985352,92.9270019531,93.6689987183
2023-08-09,93.5910034180,94.1050033569,93.5277252197,93.5910034180
2023-08-10,93.9300003052,94.9250030518,93.8560028076,93.9300003052
2023-08-11,94.3320007324,94.5869979858,94.0000000000,94.3320007324
2023-08-14,94.0569992065,94.3919982910,93.5899963379,94.0569992065
2023-08-15,94.3499984741,94.7799987793,93.9879989624,94.3499984741
2023-08-16,94.0250015259,94.2750015259,93.6510009766,94.0250015259
2023-08-17,93.8509979248,93.9960021973,93.2659988403,93.8509979248
2023-08-18,93.3470001221,93.5459976196,92.7699966431,93.3470001221
2023-08-21,93.1999969482,93.7480010986,92.8489990234,93.1999969482
2023-08-22,93.7910003662,94.0469970703,93.5950012207,93.7910003662
2023-08-23,93.6409988403,93.9479980469,93.2289962769,93.6409988403
2023-08-24,93.7399978638,94.1529998779,93.6019973755,93.7399978638
2023-08-25,93.6600036621,93.8560028076,93.5019989014,93.6600036621
2023-08-28,94.0169982910,94.2839965820,93.8199996948,94.0169982910
2023-08-29,94.1409988403,94.5859985352,94.0530014038,94.1409988403
2023-08-30,94.5439987183,95.0449981689,94.1959991455,94.5439987183
2023-08-31,94.6460037231,94.9140014648,94.1559982300,94.6460037231
2023-09-01,94.3799972534,94.4089965820,93.8600006104,94.3799972534
2023-09-04,94.2289962769,94.7089996338,94.1999969482,94.2289962769
2023-09-05,94.6360015869,94.6480026245,93.5899963379,94.6360015869
2023-09-06,94.0090026855,94.3180007935,93.8600006104,94.0090026855
2023-09-07,94.2529983521,94.3069992065,93.7099990845,94.2529983521
2023-09-08,93.9609985352,94.4489974976,93.6309967041,93.9609985352
2023-09-11,94.0999984741,94.4509963989,93.8779983521,94.0999984741
2023-09-12,94.3229980469,94.5250015259,94.0589981079,94.3229980469
2023-09-13,94.5869979858,94.8219985962,94.2320022583,94.5869979858
2023-09-14,94.6100006104,95.0120010376,94.5000000000,94.6100006104
2023-09-15,94.8610000610,95.5139999390,94.8349990845,94.8610000610
2023-09-18,95.2269973755,95.2480010986,94.8089981079,95.2269973755
2023-09-19,95.0490036011,95.6139984131,94.9599990845,95.0490036011
2023-09-20,95.5000000000,96.0360031128,95.3109970093,95.5000000000
2023-09-21,95.4550018311,95.5439987183,94.5479965210,95.4550018311
2023-09-22,94.6269989014,95.8170013428,94.5400009155,94.6269989014
2023-09-25,95.5899963379,95.6900024414,95.1800003052,95.5899963379
2023-09-26,95.5579986572,95.7580032349,95.2379989624,95.5579986572
2023-09-27,95.2770004272,95.4430007935,94.9240036011,95.2770004272
2023-09-28,94.8789978027,95.8700027466,94.8840026855,94.8789978027
2023-09-29,95.9300003052,96.9160003662,95.9179992676,95.9300003052
2023-10-02,96.2519989014,96.4110031128,95.4260025024,96.2519989014
2023-10-03,95.3430023193,95.3590011597,93.7600021362,95.3430023193
2023-10-04,94.1190032959,94.3929977417,93.7799987793,94.1190032959
2023-10-05,94.2750015259,94.6900024414,94.2070007324,94.2750015259
2023-10-06,94.5429992676,95.3280029297,94.3759994507,94.5429992676
2023-10-09,94.9990005493,95.1279983521,94.6490020752,94.9990005493
2023-10-10,95.2300033569,95.5899963379,95.1520004272,95.2300033569
2023-10-11,95.5950012207,95.7249984741,95.3840026855,95.5950012207
2023-10-12,95.6500015259,95.8119964600,94.7580032349,95.6500015259
2023-10-13,94.6159973145,94.8170013428,94.0500030518,94.6159973145
2023-10-16,94.3730010986,94.8249969482,94.2239990234,94.3730010986
2023-10-17,94.7979965210,95.4520034790,94.7860031128,94.7979965210
2023-10-18,95.2799987793,95.6480026245,94.9319992065,95.2799987793
2023-10-19,94.8199996948,94.8830032349,94.3180007935,94.8199996948
2023-10-20,94.7320022583,94.7870025635,94.4599990845,94.7320022583
2023-10-23,94.6999969482,94.9199981689,94.3339996338,94.6999969482
2023-10-24,94.9039993286,95.3659973145,94.8399963379,94.9039993286
2023-10-25,95.3089981079,95.8880004883,94.7779998779,95.3089981079
2023-10-26,94.4759979248,95.0690002441,94.2570037842,94.4759979248
2023-10-27,95.2340011597,95.3600006104,94.9739990234,95.2340011597
2023-10-30,94.9069976807,95.5220031738,94.8939971924,94.9069976807
2023-10-31,94.9430007935,95.9789962769,94.8550033569,94.9459991455
2023-11-01,95.8909988403,96.4570007324,95.6080017090,95.8909988403
2023-11-02,96.7089996338,96.9209976196,96.4990005493,96.7089996338
2023-11-03,96.7300033569,97.1869964600,96.5899963379,96.7300033569
2023-11-06,97.3720016479,97.4960021973,97.2659988403,97.3720016479
2023-11-07,97.3300018311,97.4089965820,96.4169998169,97.3300018311
2023-11-08,96.7040023804,97.0839996338,96.6640014648,96.7040023804
2023-11-09,96.6360015869,96.9899978638,96.5830001831,96.6360015869
2023-11-10,96.2799987793,96.3809967041,96.0419998169,96.2799987793
2023-11-13,96.3960037231,96.8539962769,96.2870025635,96.3960037231
2023-11-14,96.7379989624,97.9300003052,96.3259963989,96.7379989624
2023-11-15,97.7900009155,98.5339965820,97.6510009766,97.7900009155
2023-11-16,98.4619979858,98.5619964600,97.2480010986,98.4619979858
2023-11-17,97.4919967651,97.5070037842,96.9309997559,97.4919967651
2023-11-20,97.6539993286,97.7099990845,97.0279998779,97.6539993286
2023-11-21,97.3339996338,97.4059982300,96.8320007324,97.3339996338
2023-11-22,97.1399993896,97.8259963989,97.0749969482,97.1399993896
2023-11-23,97.7799987793,98.1829986572,97.6740036011,97.7799987793
2023-11-24,98.1640014648,98.5159988403,97.9300003052,98.1640014648
2023-11-27,98.4319992065,98.4779968262,97.8089981079,98.4319992065
2023-11-28,98.1399993896,98.3710021973,97.8840026855,98.1399993896
2023-11-29,97.8860015869,97.9530029297,97.3440017700,97.8860015869
2023-11-30,97.3010025024,98.0780029297,97.2679977417,97.3010025024
2023-12-01,97.7779998779,98.0589981079,97.7020034790,97.7779998779
2023-12-04,97.8209991455,97.9049987793,97.1959991455,97.8209991455
2023-12-05,97.4820022583,97.5029983521,96.2740020752,97.4820022583
2023-12-06,96.4400024414,97.1729965210,96.4720001221,96.4400024414
2023-12-07,96.4240036011,96.4749984741,94.8379974365,96.4240036011
2023-12-08,95.1309967041,95.5859985352,94.1829986572,95.1309967041
2023-12-11,95.3870010376,96.1350021362,95.3190002441,95.3870010376
2023-12-12,95.9000015259,96.0000000000,95.3219985962,95.9000015259
2023-12-13,95.3690032959,95.6200027466,95.3399963379,95.3690032959
2023-12-14,95.1480026245,95.4919967651,94.8489990234,95.1480026245
2023-12-15,95.3590011597,95.4329986572,94.7350006104,95.3590011597
2023-12-18,95.3249969482,96.1350021362,95.2850036621,95.3249969482
2023-12-19,95.6689987183,97.5630035400,95.4950027466,95.6689987183
2023-12-20,97.2679977417,97.3809967041,96.9110031128,97.2799987793
2023-12-21,96.7099990845,96.7669982910,96.3290023804,96.7099990845
2023-12-22,96.5210037231,97.0299987793,96.3619995117,96.5210037231
2023-12-25,96.8337554932,97.1503524780,95.3310012817,96.8337554932
2023-12-26,96.7789993286,97.1029968262,96.7330017090,96.7789993286
2023-12-27,97.2050018311,97.5849990845,97.1399993896,97.2050018311
2023-12-28,96.9209976196,97.2020034790,96.1029968262,96.9209976196
2023-12-29,96.5400009155,96.8499984741,96.0240020752,96.5400009155
2024-01-01,96.2194213867,96.2300033569,95.5800018311,96.2194213867
2024-01-02,96.1019973755,96.6979980469,95.9280014038,96.1019973755
2024-01-03,96.1770019531,96.4550018311,95.8799972534,96.1770019531
2024-01-04,96.3040008545,97.1869964600,96.1920013428,96.3040008545
2024-01-05,97.0729980469,97.3659973145,96.9029998779,97.0729980469
2024-01-08,97.1849975586,97.2789993286,96.4670028687,97.2009963989
2024-01-09,96.8740005493,96.9049987793,96.1510009766,96.8740005493
2024-01-10,96.5469970703,97.5350036621,96.5540008545,96.5469970703
2024-01-11,97.6729965210,97.7829971313,97.1179962158,97.6729965210
2024-01-12,97.1569976807,97.4349975586,96.8769989014,97.1569976807
2024-01-15,97.0879974365,97.1559982300,96.9779968262,97.0810012817
2024-01-16,96.9580001831,97.0309982300,96.5800018311,96.9580001831
2024-01-17,97.0120010376,97.1340026855,96.6529998779,97.0120010376
2024-01-18,97.0100021362,97.2450027466,96.8349990845,97.0100021362
2024-01-19,97.4649963379,97.7310028076,97.2519989014,97.4649963379
2024-01-22,97.6829986572,97.8690032959,97.2500000000,97.6920013428
2024-01-23,97.3349990845,97.8040008545,97.0960006714,97.3349990845
2024-01-24,97.5940017700,97.5419998169,96.9100036621,97.5940017700
2024-01-25,97.0329971313,97.3249969482,96.9120025635,97.0329971313
2024-01-26,97.2369995117,97.6539993286,97.1279983521,97.2369995117
2024-01-29,97.4410018921,97.6949996948,97.3069992065,97.4410018921
2024-01-30,97.5299987793,97.5800018311,96.9280014038,97.5299987793
2024-01-31,97.1800003052,97.3720016479,96.4509963989,97.1800003052
2024-02-01,96.4449996948,96.5849990845,95.5059967041,96.4449996948
2024-02-02,96.2860031128,96.9160003662,96.2669982910,96.2860031128
2024-02-05,96.5960006714,96.7239990234,96.0849990845,96.5960006714
2024-02-06,96.3180007935,96.7839965820,96.2819976807,96.3180007935
2024-02-07,96.4700012207,96.7799987793,96.4380035400,96.4700012207
2024-02-08,96.5650024414,97.0270004272,96.5469970703,96.5650024414
2024-02-09,96.9840011597,97.4499969482,96.3929977417,96.9840011597
2024-02-12,97.3239974976,97.6490020752,97.1299972534,97.3239974976
2024-02-13,97.5419998169,97.5930023193,97.1699981689,97.5429992676
2024-02-14,97.2639999390,97.6920013428,97.0719985962,97.2639999390
2024-02-15,97.8259963989,97.8430023193,97.3259963989,97.8259963989
2024-02-16,97.8430023193,98.2009963989,97.7040023804,97.8430023193
2024-02-19,98.1419982910,98.2070007324,97.9700012207,98.1210021973
2024-02-20,98.1309967041,98.6029968262,98.0299987793,98.1309967041
2024-02-21,98.2659988403,98.5879974365,98.2500000000,98.2659988403
2024-02-22,98.5299987793,99.0159988403,98.3600006104,98.5299987793
2024-02-23,98.6999969482,99.0459976196,98.6029968262,98.6999969482
2024-02-26,98.7760009766,98.7760009766,98.4660034180,98.7990036011
2024-02-27,98.4550018311,98.6110000610,98.2080001831,98.4430007935
2024-02-28,98.4739990234,98.5319976807,97.8099975586,98.4739990234
2024-02-29,97.8379974365,97.8379974365,97.3450012207,97.8209991455
2024-03-01,97.5319976807,98.0770034790,97.5459976196,97.5319976807
2024-03-04,97.9800033569,98.1389999390,97.8730010986,97.9800033569
2024-03-05,97.9059982300,97.9520034790,97.4380035400,97.9059982300
2024-03-06,97.5759963989,98.2050018311,97.3870010376,97.5759963989
2024-03-07,98.0070037842,98.0299987793,97.4329986572,98.0070037842
2024-03-08,97.9000015259,98.1419982910,97.4970016479,97.9000015259
2024-03-11,97.2221221924,97.2929992676,96.8990020752,97.2221221924
2024-03-12,97.0469970703,97.6689987183,97.0130004883,97.0650024414
2024-03-13,97.5260009766,97.9260025024,97.2409973145,97.5260009766
2024-03-14,97.8300018311,97.9280014038,97.4240036011,97.8300018311
2024-03-15,97.5630035400,97.9499969482,97.2639999390,97.5630035400
2024-03-18,97.6770019531,98.0390014648,97.6729965210,97.6770019531
2024-03-19,97.8040008545,98.4800033569,97.6500015259,97.8040008545
2024-03-20,98.5619964600,99.0159988403,98.5380020142,98.5619964600
2024-03-21,99.4540023804,100.1610031128,99.0719985962,99.4540023804
2024-03-22,99.6409988403,99.7009963989,98.5289993286,99.6409988403
2024-03-25,98.5800018311,99.0410003662,98.5370025635,98.5800018311
2024-03-26,98.9670028687,99.2389984131,98.8880004883,98.9670028687
2024-03-27,99.0780029297,99.0690002441,98.4869995117,99.0780029297
2024-03-28,98.6330032349,98.9219970703,98.1699981689,98.6330032349
2024-03-29,98.6299972534,98.7839965820,98.4639968872,98.6299972534
2024-04-01,98.8899993896,98.9449996948,98.3389968872,98.8899993896
2024-04-02,98.3359985352,98.8050003052,98.2500000000,98.3359985352
2024-04-03,98.7099990845,99.5169982910,98.5879974365,98.7099990845
2024-04-04,99.5559997559,100.3870010376,99.5080032349,99.5559997559
2024-04-05,99.6610031128,99.7990036011,99.2020034790,99.6610031128
2024-04-08,99.6559982300,100.3140029907,99.5250015259,99.6559982300
2024-04-09,100.2860031128,100.7929992676,100.2099990845,100.2860031128
2024-04-10,100.5960006714,100.6299972534,99.4469985962,100.5960006714
2024-04-11,99.5289993286,100.1829986572,99.4039993286,99.5289993286
2024-04-12,100.1880035400,100.1920013428,98.7529983521,100.1880035400
2024-04-15,99.2559967041,100.0029983521,99.2030029297,99.2559967041
2024-04-16,99.3379974365,99.3619995117,98.8099975586,99.3379974365
2024-04-17,99.1940002441,99.5270004272,99.0059967041,99.1940002441
2024-04-18,99.3840026855,99.5729980469,99.2119979858,99.3840026855
2024-04-19,99.3239974976,99.3889999390,97.7929992676,99.3239974976
2024-04-22,99.3509979248,99.8050003052,99.3349990845,99.3639984131
2024-04-23,99.8460006714,100.3939971924,99.7089996338,99.8460006714
2024-04-24,100.4039993286,101.0500030518,100.1719970703,100.4039993286
2024-04-25,100.8690032959,101.6460037231,100.8219985962,100.8690032959
2024-04-26,101.4950027466,102.8949966431,101.4199981689,101.4950027466
2024-04-29,103.4899978638,104.7760009766,101.3889999390,103.4899978638
2024-04-30,102.5500030518,102.8830032349,102.0999984741,102.5500030518
2024-05-01,102.1370010376,102.4380035400,101.7799987793,102.1370010376
2024-05-02,101.6999969482,102.0149993896,100.4759979248,101.6999969482
2024-05-03,100.5680007935,101.1589965820,100.4560012817,100.5680007935
2024-05-06,101.4860000610,102.0370025635,101.4250030518,101.4860000610
2024-05-07,102.1579971313,102.4599990845,101.5910034180,102.1579971313
2024-05-08,101.9629974365,102.3499984741,101.8000030518,101.9629974365
2024-05-09,102.2119979858,102.8489990234,102.0800018311,102.2119979858
2024-05-10,102.8330001831,103.0400009155,102.7730026245,102.8330001831
2024-05-13,102.8440017700,103.2519989014,102.6419982910,102.8440017700
2024-05-14,103.2750015259,103.6849975586,103.1699981689,103.2750015259
2024-05-15,103.6630020142,104.0139999390,103.1600036621,103.6630020142
2024-05-16,103.3710021973,103.7509994507,102.8359985352,103.3710021973
2024-05-17,103.8099975586,104.0350036621,103.6230010986,103.8099975586
2024-05-20,104.3590011597,104.5559997559,103.9199981689,104.3590011597
2024-05-21,104.3239974976,104.4209976196,103.9140014648,104.3239974976
2024-05-22,104.1660003662,104.4209976196,103.8140029907,104.1660003662
2024-05-23,103.7220001221,104.2330017090,103.6480026245,103.7220001221
2024-05-24,103.6169967651,104.1080017090,103.5130004883,103.6169967651
2024-05-27,103.9029998779,104.4369964600,103.8639984131,103.9029998779
2024-05-28,104.3809967041,104.6070022583,104.3430023193,104.3809967041
2024-05-29,104.5439987183,104.7949981689,104.1279983521,104.5390014648
2024-05-30,104.2249984741,104.2470016479,103.3570022583,104.2249984741
2024-05-31,104.0569992065,104.6230010986,103.8199996948,104.0569992065
2024-06-03,104.6090011597,104.7030029297,103.9189987183,104.6090011597
2024-06-04,104.4089965820,104.6039962769,102.6179962158,104.4089965820
2024-06-05,103.0899963379,103.9860000610,103.0749969482,103.0899963379
2024-06-06,103.7399978638,103.9680023193,103.6309967041,103.7399978638
2024-06-07,103.8359985352,103.9489974976,102.9850006104,103.8359985352
2024-06-10,103.2289962769,103.7289962769,103.1569976807,103.2289962769
2024-06-11,103.7510604858,103.9290008545,103.5400009155,103.7510604858
2024-06-12,103.8050003052,104.5169982910,103.6259994507,103.8050003052
2024-06-13,104.4680023193,104.6679992676,104.0419998169,104.4680023193
2024-06-14,104.2149963379,104.7770004272,103.6340026855,104.2149963379
2024-06-17,104.1299972534,104.2160034180,103.5979995728,104.1299972534
2024-06-18,104.3740005493,105.0729980469,104.0390014648,104.3740005493
2024-06-19,105.1520004272,105.4189987183,105.0999984741,105.1269989014
2024-06-20,105.4329986572,105.8939971924,105.3339996338,105.4329986572
2024-06-21,105.8570022583,105.9619979858,105.4940032959,105.8570022583
2024-06-24,106.0500030518,106.3600006104,105.7549972534,106.0500030518
2024-06-25,106.2570037842,106.3820037842,105.9300003052,106.2570037842
2024-06-26,106.1039962769,106.9160003662,105.9789962769,106.1039962769
2024-06-27,106.7190017700,107.0469970703,106.6449966431,106.7190017700
2024-06-28,106.8629989624,107.4380035400,106.5559997559,106.8629989624
2024-07-01,107.3700027466,107.8040008545,107.2509994507,107.3700027466
2024-07-02,107.4710006714,107.6529998779,107.2440032959,107.4710006714
2024-07-03,107.6949996948,108.4850006104,107.6819992065,107.6949996948
2024-07-04,108.4499969482,108.4820022583,108.2969970703,108.4499969482
2024-07-05,108.5080032349,108.5859985352,108.1220016479,108.5080032349
2024-07-08,108.3659973145,108.5670013428,108.1620025635,108.3659973145
2024-07-09,108.4609985352,108.7210006714,108.3830032349,108.4609985352
2024-07-10,108.7529983521,109.1460037231,108.7409973145,108.7529983521
2024-07-11,109.1050033569,109.3649978638,107.0390014648,109.1050033569
2024-07-12,107.0390014648,107.8489990234,106.7149963379,107.0390014648
2024-07-15,107.1780014038,107.2050018311,106.9309997559,107.1780014038
2024-07-16,106.9509963989,107.0790023804,106.5469970703,106.9509963989
2024-07-17,106.5920028687,106.8190002441,105.2440032959,106.5920028687
2024-07-18,104.7740020752,105.5970001221,104.6179962158,104.7740020752
2024-07-19,105.3710021973,105.7669982910,105.1729965210,105.3710021973
2024-07-22,105.4059982300,105.3669967651,103.9789962769,105.4059982300
2024-07-23,104.1689987183,104.1910018921,103.1699981689,104.1689987183
2024-07-24,102.9879989624,103.0979995728,101.0569992065,102.9879989624
2024-07-25,101.1719970703,101.1760025024,99.2050018311,101.1719970703
2024-07-26,100.5189971924,101.4820022583,100.4270019531,100.5189971924
2024-07-29,101.0090026855,101.2200012207,100.3789978027,101.0090026855
2024-07-30,100.7699966431,101.7659988403,100.4069976807,100.7699966431
2024-07-31,99.8570022583,99.8560028076,97.4089965820,99.8570022583
2024-08-01,98.0279998779,98.7330017090,97.1760025024,98.0279998779
2024-08-02,96.9010009766,97.4300003052,95.3639984131,96.9010009766
2024-08-05,94.5820007324,94.7750015259,90.3690032959,94.5820007324
2024-08-06,94.9850006104,95.4430007935,93.4440002441,94.9850006104
2024-08-07,94.2649993896,97.0100021362,94.1719970703,94.2649993896
2024-08-08,95.2009963989,96.9850006104,94.7480010986,95.2009963989
2024-08-09,97.3219985962,97.3339996338,96.2229995728,97.3219985962
2024-08-12,96.6009979248,97.8399963379,96.5080032349,96.5930023193
2024-08-13,96.7779998779,97.7289962769,96.7320022583,96.7779998779
2024-08-14,97.5469970703,97.8379974365,96.7600021362,97.5469970703
2024-08-15,97.1800003052,98.7829971313,96.7170028687,97.1800003052
2024-08-16,98.6610031128,98.8939971924,97.8160018921,98.6610031128
2024-08-19,98.7239990234,98.9079971313,97.0149993896,98.7239990234
2024-08-20,98.7949981689,99.0130004883,98.0770034790,98.7949981689
2024-08-21,98.0569992065,98.5780029297,97.8750000000,98.0569992065
2024-08-22,97.9459991455,98.4010009766,97.5970001221,97.9459991455
2024-08-23,98.0660018921,98.5780029297,97.6039962769,98.0660018921
2024-08-26,97.7340011597,97.9260025024,97.2610015869,97.7340011597
2024-08-27,97.8679962158,98.4089965820,97.6930007935,97.8679962158
2024-08-28,97.7229995728,98.2669982910,97.6890029907,97.7229995728
2024-08-29,97.9629974365,98.9300003052,97.8899993896,97.9629974365
2024-08-30,98.4550018311,98.9489974976,98.2600021362,98.4550018311
2024-09-02,99.0599975586,99.8219985962,98.5520019531,99.0599975586
2024-09-03,99.5759963989,99.8180007935,97.6610031128,99.5759963989
2024-09-04,97.5770034790,97.6650009155,96.9199981689,97.5770034790
2024-09-05,96.2419967651,97.0169982910,96.1100006104,96.2419967651
2024-09-06,96.6449966431,96.7129974365,94.7979965210,96.6449966431
2024-09-09,95.0390014648,95.6890029907,94.9130020142,95.0390014648
2024-09-10,95.3190002441,95.6900024414,94.5869979858,95.3020019531
2024-09-11,94.6210021973,94.8199996948,93.6190032959,94.6210021973
2024-09-12,95.1719970703,95.6500015259,94.7310028076,95.1719970703
2024-09-13,95.1800003052,95.2050018311,94.1640014648,95.1800003052
2024-09-16,94.5189971924,94.8779983521,93.8830032349,94.5189971924
2024-09-17,95.0559997559,95.9479980469,94.7160034180,95.0500030518
2024-09-18,96.0309982300,96.3190002441,95.3349990845,96.0309982300
2024-09-19,96.5230026245,97.8440017700,96.5439987183,96.5230026245
2024-09-20,97.2710037231,98.2990036011,96.7300033569,97.2710037231
2024-09-23,98.0602951050,98.6949996948,97.6340026855,98.0602951050
2024-09-24,98.1579971313,99.0569992065,97.9990005493,98.1579971313
2024-09-25,98.7180023193,99.3300018311,98.4919967651,98.7180023193
2024-09-26,98.6910018921,99.8730010986,98.6380004883,98.6910018921
2024-09-27,99.9889984131,100.6910018921,98.3379974365,99.9889984131
2024-09-30,98.7819976807,99.3740005493,98.0970001221,98.7819976807
2024-10-01,99.3820037842,100.0889968872,98.3889999390,99.3820037842
2024-10-02,98.8779983521,100.7369995117,98.7419967651,98.8779983521
2024-10-03,100.9260025024,101.2500000000,100.2559967041,100.9260025024
2024-10-04,100.5739974976,101.1240005493,99.9290008545,100.5739974976
2024-10-07,101.1930007935,101.1880035400,100.0830001831,101.1930007935
2024-10-08,100.0500030518,100.1269989014,99.1100006104,100.0500030518
2024-10-09,99.8399963379,100.3870010376,99.7099990845,99.8399963379
2024-10-10,100.1869964600,100.7490005493,99.7129974365,100.1869964600
2024-10-11,100.2340011597,100.7730026245,100.0319976807,100.2129974365
2024-10-14,100.5110015869,100.9300003052,100.3399963379,100.5110015869
2024-10-15,100.6210021973,100.7539978027,99.8479995728,100.6210021973
2024-10-16,99.6250000000,100.0370025635,99.4520034790,99.6250000000
2024-10-17,99.6809997559,100.6269989014,99.6159973145,99.6809997559
2024-10-18,100.5530014038,100.8249969482,100.1930007935,100.5530014038
2024-10-21,100.4339981079,100.4440002441,99.9499969482,100.4339981079
2024-10-22,100.1777648926,101.0100021362,100.1630020142,100.1777648926
2024-10-23,101.0039978027,101.6880035400,100.9810028076,101.0039978027
2024-10-24,101.3550033569,101.4079971313,100.5299987793,101.3550033569
2024-10-25,100.7009963989,101.0690002441,100.3099975586,100.7009963989
2024-10-28,100.9889984131,101.5080032349,100.6920013428,100.9889984131
2024-10-29,100.8180007935,100.9369964600,100.2679977417,100.8180007935
2024-10-30,100.5419998169,100.9540023804,100.2009963989,100.5419998169
2024-10-31,100.6979980469,100.9100036621,99.5599975586,100.6979980469
2024-11-01,99.9520034790,100.7119979858,99.8410034180,99.9520034790
2024-11-04,100.3720016479,100.4550018311,100.0220031738,100.3720016479
2024-11-05,100.2529983521,100.9179992676,100.1299972534,100.2529983521
2024-11-06,100.5559997559,101.6409988403,100.2669982910,100.5559997559
2024-11-07,101.3320007324,102.3850021362,101.3420028687,101.3320007324
2024-11-08,102.2689971924,102.2399978638,100.2610015869,102.2689971924
2024-11-11,100.6740036011,101.3369979858,100.6780014038,100.6740036011
2024-11-12,100.9410018921,101.2369995117,100.5110015869,100.9410018921
2024-11-13,100.9729995728,101.2689971924,100.4639968872,100.9729995728
2024-11-14,100.9069976807,101.1620025635,100.6979980469,100.9069976807
2024-11-15,100.9850006104,101.1940002441,99.8300018311,100.9850006104
2024-11-18,99.9580001831,100.6380004883,99.5660018921,99.9580001831
2024-11-19,100.5859985352,100.7220001221,99.5159988403,100.5859985352
2024-11-20,101.2020034790,101.5479965210,100.5739974976,101.2020034790
2024-11-21,101.1190032959,101.1320037842,100.3099975586,101.1190032959
2024-11-22,100.3870010376,100.7969970703,100.0630035400,100.3870010376
2024-11-25,100.8020019531,100.9609985352,100.0189971924,100.5999984741
2024-11-26,99.7799987793,100.0149993896,99.0800018311,99.7799987793
2024-11-27,99.0510025024,99.1389999390,97.7860031128,99.0510025024
2024-11-28,98.3160018921,98.7360000610,98.1389999390,98.3330001831
2024-11-29,98.3659973145,98.3750000000,97.4479980469,98.3659973145
2024-12-02,97.4020004272,98.0049972534,96.2880020142,97.4580001831
2024-12-03,96.7990036011,97.5070037842,96.1790008545,96.7990036011
2024-12-04,97.0429992676,97.1429977417,95.9069976807,97.0429992676
2024-12-05,96.8239974976,97.0670013428,96.3310012817,96.8239974976
2024-12-06,96.8730010986,96.8820037842,95.5800018311,96.8730010986
2024-12-09,95.9459991455,97.7600021362,95.6179962158,95.9459991455
2024-12-10,97.4670028687,97.4530029297,96.4660034180,97.4670028687
2024-12-11,96.7879791260,97.1250000000,96.1240005493,96.7879791260
2024-12-12,97.1699981689,98.0479965210,96.9629974365,97.1699981689
2024-12-13,97.1490020752,97.9520034790,97.0199966431,97.1490020752
2024-12-16,97.6940002441,98.2490005493,97.6360015869,97.6940002441
2024-12-17,98.2440032959,98.3379974365,97.2139968872,98.2440032959
2024-12-18,97.3369979858,97.4059982300,96.7990036011,97.3369979858
2024-12-19,95.9850006104,98.7229995728,95.9189987183,95.9850006104
2024-12-20,98.2310028076,98.3860015869,97.4309997559,98.2310028076
2024-12-23,97.8700027466,98.1240005493,97.7509994507,97.8700027466
2024-12-24,98.0800018311,98.1579971313,97.7429962158,98.0800018311
2024-12-25,97.9400024414,98.3099975586,90.8600006104,97.9400024414
2024-12-26,98.1029968262,98.4329986572,97.9140014648,98.1029968262
2024-12-27,98.1579971313,98.2500000000,97.7959976196,98.1579971313
2024-12-30,98.2689971924,98.7220001221,97.2900009155,98.2689971924
2024-12-31,97.6230010986,97.6360015869,96.9349975586,97.6230010986
2025-01-02,97.6569976807,97.9150009155,97.0540008545,97.6569976807
2025-01-03,97.5599975586,97.8799972534,97.4990005493,97.5599975586
2025-01-06,97.9459991455,98.8809967041,97.9860000610,97.9459991455
2025-01-07,98.4100036621,99.1480026245,98.3939971924,98.4100036621
2025-01-08,98.6480026245,98.6449966431,98.0110015869,98.6480026245
2025-01-09,98.2519989014,98.2710037231,97.6750030518,98.2519989014
2025-01-10,97.8229980469,98.1940002441,96.7990036011,97.8229980469
2025-01-13,97.1709976196,97.2340011597,96.3899993896,97.1709976196
2025-01-14,97.4349975586,97.9430007935,97.2620010376,97.4349975586
2025-01-15,97.8430023193,97.8460006714,97.2320022583,97.8430023193
2025-01-16,97.4280014038,97.5729980469,96.5059967041,97.4280014038
2025-01-17,96.4700012207,97.1470031738,96.0709991455,96.4700012207
2025-01-20,96.8280029297,97.7580032349,96.6669998169,96.8280029297
2025-01-21,97.5019989014,97.5199966431,96.7760009766,97.5019989014
2025-01-22,97.5279998779,98.2880020142,97.4629974365,97.5279998779
2025-01-23,98.1259994507,98.3209991455,97.8450012207,98.1259994507
2025-01-24,98.1020278931,98.7639999390,97.8919982910,98.1020278931
2025-01-27,97.9940032959,98.2239990234,96.7669982910,97.9940032959
2025-01-28,97.0230026245,97.4769973755,96.8399963379,97.0230026245
2025-01-29,97.2669982910,97.3339996338,96.4850006104,97.2669982910
2025-01-30,96.8130035400,96.8109970093,95.8570022583,96.8130035400
2025-01-31,95.7610015869,96.7340011597,95.6200027466,95.7610015869
2025-02-03,95.4420013428,95.9049987793,94.6399993896,95.4420013428
2025-02-04,96.5380020142,96.7419967651,95.5800018311,96.5380020142
2025-02-05,96.3330001831,96.4440002441,95.7030029297,96.3330001831
2025-02-06,95.9028625488,95.9449996948,95.2040023804,95.9028625488
2025-02-07,94.9660034180,95.6630020142,94.4879989624,94.9660034180
2025-02-10,95.0289993286,95.6610031128,94.9810028076,95.0289993286
2025-02-11,95.1529998779,95.9270019531,95.0749969482,95.1529998779
2025-02-12,96.1869964600,97.1829986572,96.1750030518,96.1869964600
2025-02-13,96.8860015869,97.2659988403,96.0159988403,96.8860015869
2025-02-14,96.6309967041,96.9609985352,96.3349990845,96.6309967041
2025-02-17,96.6200027466,96.7300033569,96.3099975586,96.6200027466
2025-02-18,96.2460021973,96.7679977417,96.1360015869,96.2460021973
2025-02-19,96.5139999390,96.7360000610,96.0139999390,96.5139999390
2025-02-20,95.8769989014,95.9509963989,95.3310012817,95.8769989014
2025-02-21,95.6480026245,96.4879989624,95.2419967651,95.6480026245
2025-02-24,95.1520004272,95.4359970093,94.7220001221,95.1520004272
2025-02-25,94.9729995728,95.3030014038,94.0289993286,94.9729995728
2025-02-26,94.6800003052,94.7040023804,94.1029968262,94.6800003052
2025-02-27,93.9160003662,94.5029983521,93.5090026855,93.9160003662
2025-02-28,93.4779968262,93.8460006714,92.7379989624,93.4779968262
2025-03-03,93.7799987793,94.2249984741,93.1979980469,93.7799987793
2025-03-04,92.7699966431,92.9169998169,91.8619995117,92.7699966431
2025-03-05,93.8889999390,94.2109985352,93.3830032349,93.8889999390
2025-03-06,94.3580017090,94.6999969482,93.3270034790,94.3580017090
2025-03-07,93.7740020752,93.7910003662,92.4380035400,93.7740020752
2025-03-10,93.0410003662,93.3960037231,92.4850006104,93.0410003662
2025-03-11,92.3379974365,93.2460021973,91.8509979248,92.3379974365
2025-03-12,93.1869964600,93.8249969482,93.0059967041,93.1869964600
2025-03-13,93.8109970093,93.9209976196,92.8509979248,93.8109970093
2025-03-14,93.0120010376,94.0920028687,92.9339981079,93.0120010376
2025-03-17,93.9980010986,94.7959976196,93.9229965210,93.9980010986
2025-03-18,95.3199996948,95.7399978638,94.9120025635,95.3199996948
2025-03-19,95.0619964600,95.3410034180,94.3919982910,95.0619964600
2025-03-20,94.4850006104,94.4629974365,93.1709976196,94.4850006104
2025-03-21,93.6650009155,94.2020034790,93.1969985962,93.6650009155
2025-03-24,94.1090011597,94.7129974365,93.9499969482,94.1090011597
2025-03-25,94.7620010376,94.9079971313,94.3639984131,94.7620010376
2025-03-26,94.5589981079,95.1729965210,94.3259963989,94.5589981079
2025-03-27,94.5879974365,95.3860015869,94.4440002441,94.5879974365
2025-03-28,95.0439987183,95.1559982300,94.3199996948,95.0439987183
2025-03-31,93.9929962158,94.0230026245,93.0533905029,93.9929962158
2025-04-01,93.5459976196,93.8840026855,93.1460037231,93.5459976196
2025-04-02,94.1999969482,94.5490036011,93.9369964600,94.1999969482
2025-04-03,92.6210021973,93.0859985352,92.2880020142,92.6210021973
2025-04-04,92.5120010376,92.6250000000,87.4489974976,92.4550018311
2025-04-07,87.0540008545,90.2979965210,86.7529983521,87.0540008545
2025-04-08,88.6289978027,89.6790008545,88.2070007324,88.6289978027
2025-04-09,86.8410034180,87.8820037842,86.1760025024,86.8410034180
2025-04-10,90.3949966431,91.0869979858,89.3209991455,90.3949966431
2025-04-11,89.4499969482,89.9599990845,88.2990036011,89.4499969482
2025-04-14,90.5299987793,90.7190017700,89.5989990234,90.5299987793
2025-04-15,90.5029983521,91.3789978027,90.4869995117,90.5029983521
2025-04-16,90.6800003052,91.1959991455,90.1600036621,90.6800003052
2025-04-17,90.3980026245,90.8629989624,90.3300018311,90.3980026245
2025-04-22,90.4629974365,90.5469970703,89.6449966431,90.4629974365
2025-04-23,90.9619979858,91.5660018921,90.5839996338,90.9619979858
2025-04-24,91.1490020752,91.2630004883,90.5680007935,91.1490020752
2025-04-25,91.4420013428,92.2070007324,91.3399963379,91.4420013428
2025-04-28,91.7779998779,91.9329986572,91.4700012207,91.7779998779
2025-04-29,91.3909988403,91.6610031128,90.5899963379,91.3909988403
2025-04-30,90.8519973755,91.5260009766,90.6940002441,90.8519973755
2025-05-01,91.7020034790,92.8779983521,91.6019973755,91.7020034790
2025-05-02,92.8820037842,93.4499969482,92.7369995117,92.8820037842
2025-05-05,93.2089996338,93.4550018311,93.0240020752,93.2089996338
2025-05-06,92.8089981079,93.0299987793,92.1210021973,92.8089981079
2025-05-07,93.0559997559,93.0650024414,92.5619964600,93.0559997559
2025-05-08,92.5009994507,93.3750000000,92.4380035400,92.5009994507
2025-05-09,93.3369979858,93.3860015869,92.8539962769,93.3369979858
2025-05-12,93.6200027466,94.8960037231,93.5189971924,93.6200027466
2025-05-13,94.4899978638,95.6230010986,94.0739974976,94.4899978638
2025-05-14,95.4769973755,95.5550003052,94.1890029907,95.4769973755
2025-05-15,94.2300033569,94.3570022583,93.1380004883,94.2300033569
2025-05-16,93.2630004883,93.4840011597,92.7500000000,93.2630004883
2025-05-19,93.1110000610,93.6719970703,92.8850021362,93.1110000610
2025-05-20,93.5830001831,93.8160018921,92.4970016479,93.5830001831
2025-05-21,92.7220001221,92.9150009155,92.5299987793,92.7220001221
2025-05-22,92.4680023193,92.4860000610,92.0049972534,92.4680023193
2025-05-23,92.2030029297,92.6839981079,91.6740036011,92.2030029297
2025-05-26,92.8659973145,93.1849975586,92.7050018311,92.8659973145
2025-05-27,92.4479980469,93.0920028687,92.1500015259,92.4479980469
2025-05-28,92.9440002441,93.1920013428,92.7399978638,92.9440002441
2025-05-29,93.5970001221,93.8420028687,92.7860031128,93.5970001221
2025-05-30,92.6689987183,92.8929977417,92.0889968872,92.6689987183
2025-06-02,92.6510009766,92.8310012817,92.3949966431,92.6510009766
2025-06-03,92.5619964600,93.0559997559,92.0609970093,92.5619964600
2025-06-04,92.9940032959,93.5920028687,92.7649993896,92.9940032959
2025-06-05,92.6210021973,93.7730026245,92.6029968262,92.6210021973
2025-06-06,93.4410018921,94.1029968262,93.3779983521,93.4410018921
2025-06-09,94.0419998169,94.2819976807,93.9110031128,94.0419998169
2025-06-10,94.1999969482,94.5950012207,93.9189987183,94.1999969482
2025-06-11,94.5210037231,94.6210021973,94.1800003052,94.5210037231
2025-06-12,93.8570022583,93.9069976807,93.2399978638,93.8570022583
2025-06-13,93.4589996338,93.8479995728,92.3619995117,93.4589996338
2025-06-16,93.5835266113,94.2239990234,93.4160003662,93.5835266113
2025-06-17,94.1849975586,94.8199996948,94.1819992065,94.1849975586
2025-06-18,94.1910018921,94.4000015259,93.9469985962,94.1910018921
2025-06-19,94.3150024414,94.3229980469,93.8190002441,94.3150024414
2025-06-20,94.1780014038,94.5469970703,94.0699996948,94.1780014038
2025-06-23,94.2529983521,94.6650009155,93.8479995728,94.2529983521
2025-06-24,94.5199966431,94.5319976807,94.0869979858,94.5199966431
2025-06-25,94.1289978027,94.7360000610,94.0270004272,94.1289978027
2025-06-26,94.5019989014,94.6200027466,94.0660018921,94.5019989014
2025-06-27,94.7109985352,94.8369979858,94.3909988403,94.7109985352
2025-06-30,94.3909988403,94.7490005493,94.0000000000,94.3909988403
2025-07-01,94.5619964600,94.5889968872,93.9759979248,94.5619964600
2025-07-02,94.3529968262,94.6719970703,94.1259994507,94.3529968262
2025-07-03,94.4710006714,95.2939987183,94.3359985352,94.4710006714
2025-07-04,95.1549987793,95.1999969482,94.5709991455,95.1549987793
2025-07-07,94.6630020142,95.0259933472,94.2330017090,94.6630020142
2025-07-08,94.9089965820,95.9530029297,94.9000015259,94.9089965820
2025-07-09,95.8020019531,96.2060012817,95.6029968262,95.8020019531
2025-07-10,95.4929962158,96.2679977417,95.3949966431,95.4929962158
2025-07-11,96.4489974976,97.0250015259,95.9980010986,96.4489974976
2025-07-14,96.8590011597,96.9169998169,96.4570007324,96.8590011597
2025-07-15,96.7129974365,97.4270019531,96.5380020142,96.7129974365
2025-07-16,96.9499969482,97.3079986572,96.2089996338,96.9499969482
2025-07-17,96.5439987183,96.7580032349,95.9980010986,96.5439987183
2025-07-18,96.4499969482,96.9629974365,96.3970031738,96.4499969482
2025-07-21,96.6529998779,96.6679992676,96.1299972534,96.6529998779
2025-07-22,96.2200012207,96.3610000610,95.6200027466,96.2200012207
2025-07-23,96.1999969482,96.6760025024,95.8539962769,96.1999969482
2025-07-24,96.5999984741,97.0350036621,96.3960037231,96.5999984741
2025-07-25,96.9509963989,97.1070022583,96.6460037231,96.9509963989
2025-07-28,97.1159973145,97.2649993896,96.5770034790,97.1159973145
2025-07-29,96.8199996948,96.9309997559,96.5709991455,96.8199996948
2025-07-30,96.6709976196,96.7350006104,96.1100006104,96.6709976196
2025-07-31,96.1940002441,96.9609985352,95.8659973145,96.1940002441
2025-08-01,96.9250030518,97.0650024414,95.5240020752,96.9250030518
2025-08-04,95.3109970093,95.8479995728,95.0920028687,95.3109970093
2025-08-05,95.0319976807,95.5350036621,94.9749984741,95.0319976807
2025-08-06,95.5019989014,96.0189971924,95.4749984741,95.5019989014
2025-08-07,95.6679992676,96.1890029907,95.6589965820,95.6679992676
2025-08-08,95.8130035400,96.5110015869,95.7720031738,95.8130035400
2025-08-11,96.2360000610,96.3870010376,96.0049972534,96.2360000610
2025-08-12,96.4879989624,96.8270034790,96.2210006714,96.4879989624
2025-08-13,96.4729995728,96.7340011597,96.3099975586,96.4729995728
2025-08-14,96.3820037842,96.3529968262,95.5000000000,96.3820037842
2025-08-15,95.9550018311,95.9729995728,95.5270004272,95.9550018311
2025-08-18,95.8830032349,96.1949996948,95.8690032959,95.8830032349
2025-08-19,96.0630035400,96.0960006714,95.4029998779,96.0630035400
2025-08-20,95.3479995728,95.3529968262,94.3860015869,95.3479995728
2025-08-21,94.8089981079,95.2809982300,94.5709991455,94.8089981079
2025-08-22,95.3369979858,95.5839996338,95.1620025635,95.3369979858
2025-08-25,95.4619979858,95.9440002441,95.4039993286,95.4619979858
2025-08-26,95.8010025024,95.8339996338,95.3730010986,95.8010025024
2025-08-27,95.7760009766,95.9830017090,95.6279983521,95.7760009766
2025-08-28,95.9189987183,96.0790023804,95.7050018311,95.9189987183
2025-08-29,95.8840026855,96.2109985352,95.8769989014,95.8840026855
2025-09-01,96.2490005493,96.5820007324,96.0579986572,96.2490005493
2025-09-02,96.4359970093,96.8560028076,96.4560012817,96.4359970093
2025-09-03,96.8229980469,97.2799987793,96.7200012207,96.8229980469
2025-09-04,96.8440017700,96.9990005493,96.5670013428,96.8440017700
2025-09-05,96.7669982910,96.9960021973,96.3320007324,96.7669982910
2025-09-08,97.2310028076,97.4219970703,97.0780029297,97.2310028076
2025-09-09,97.2229995728,97.3130035400,96.8190002441,97.2229995728
2025-09-10,97.0469970703,97.7340011597,97.0599975586,97.0469970703
2025-09-11,97.5199966431,97.9860000610,97.4029998779,97.5199966431
2025-09-12,98.1340026855,98.4150009155,98.0380020142,98.1340026855
2025-09-15,98.1719970703,98.2819976807,98.0559997559,98.1719970703
2025-09-16,98.3600006104,98.3769989014,97.6989974976,98.3600006104
2025-09-17,97.9339981079,97.9410018921,97.5279998779,97.9339981079
2025-09-18,97.7149963379,98.0920028687,97.5319976807,97.7149963379
2025-09-19,97.9059982300,97.9619979858,97.2529983521,97.9059982300
2025-09-22,97.5759963989,97.8473205566,97.3150024414,97.5759963989
2025-09-23,97.5080032349,97.7080001831,97.2429962158,97.5080032349
2025-09-24,97.3889999390,98.1719970703,97.2789993286,97.3889999390
2025-09-25,97.9700012207,98.2160034180,97.7409973145,97.9700012207
2025-09-26,97.9520034790,97.9850006104,97.7330017090,97.9520034790
2025-09-29,97.8830032349,97.8830032349,97.5199966431,97.8830032349
2025-09-30,97.7509994507,98.1190032959,97.4879989624,97.7509994507
2025-10-01,97.8300018311,97.9100036621,97.0350036621,97.8300018311
2025-10-02,97.2890014648,97.4410018921,96.8659973145,97.2890014648
2025-10-03,97.0729980469,97.4879989624,97.1009979248,97.0729980469
2025-10-06,98.6330032349,99.3399963379,98.5640029907,98.6330032349
2025-10-07,99.4599990845,99.6630020142,99.1620025635,99.4599990845
2025-10-08,100.0459976196,100.5699996948,99.9189987183,100.0459976196
2025-10-09,100.5279998779,100.9390029907,100.2330017090,100.5279998779
2025-10-10,100.3550033569,100.5169982910,98.2959976196,100.3550033569
2025-10-13,98.8059997559,99.3659973145,98.7740020752,98.8059997559
2025-10-14,99.2519989014,99.4599990845,97.8789978027,99.2519989014
2025-10-15,98.4929962158,98.8130035400,98.2669982910,98.4929962158
2025-10-16,98.2399978638,98.4789962769,97.5899963379,98.2399978638
2025-10-17,97.3079986572,97.6979980469,96.3010025024,97.3079986572
2025-10-20,98.1060028076,98.4690017700,97.6470031738,98.1060028076
2025-10-21,98.2399978638,98.7639999390,97.9280014038,98.2399978638
2025-10-22,98.6009979248,98.8509979248,98.3140029907,98.6009979248
2025-10-23,98.5839996338,99.5240020752,98.5759963989,98.5839996338
2025-10-24,99.4140014648,99.5680007935,99.2249984741,99.4140014648
2025-10-27,100.0000000000,100.3300018311,99.7929992676,100.0000000000
2025-10-28,100.1419982910,100.1770019531,99.4140014648,100.1419982910
2025-10-29,99.9089965820,100.7129974365,99.7470016479,99.9089965820
2025-10-30,100.4380035400,101.1959991455,100.3320007324,100.4380035400
2025-10-31,100.9479980469,101.0000000000,100.6419982910,100.9479980469
2025-11-03,100.9280014038,101.1299972534,100.3990020752,100.9280014038
2025-11-04,100.8170013428,100.9020004272,99.4660034180,100.8170013428
2025-11-05,99.5830001831,100.3789978027,98.8300018311,99.5830001831
2025-11-06,100.2910003662,100.3109970093,98.9349975586,100.2910003662
2025-11-07,99.1650009155,99.5699996948,98.9649963379,99.1650009155
2025-11-10,99.8190002441,100.8209991455,99.8190002441,100.0110015869
2025-11-11,100.7229995728,100.8539962769,100.4069976807,100.6999969482
2025-11-12,100.5680007935,101.3109970093,100.5680007935,100.5970001221
2025-11-13,101.1159973145,101.8119964600,100.9309997559,101.1190032959
2025-11-14,100.9160003662,101.2699966431,100.2289962769,100.9410018921
2025-11-17,100.9940032959,101.1289978027,100.7429962158,100.9850006104
2025-11-18,100.7919998169,101.1910018921,100.1660003662,100.8069992065
2025-11-19,101.2220001221,101.6790008545,100.5999984741,101.2300033569
2025-11-20,101.8820037842,102.4609985352,101.4919967651,101.8799972534
2025-11-21,101.4700012207,101.6490020752,100.3529968262,101.4929962158
2025-11-24,101.2330017090,101.4550018311,100.9690017700,101.2549972534
2025-11-25,101.4120025635,101.4120025635,100.3550033569,101.4690017700
2025-11-26,101.0530014038,101.9020004272,101.0279998779,101.0599975586
2025-11-27,101.9020004272,102.1259994507,101.6419982910,101.9290008545
2025-11-28,102.1399993896,102.3560028076,101.6259994507,102.1370010376
2025-12-01,102.1250000000,102.1250000000,101.5189971924,102.1449966431
2025-12-02,101.7590026855,102.4869995117,101.6900024414,101.7610015869
2025-12-03,102.3820037842,102.5000000000,102.0299987793,102.4169998169
2025-12-04,102.4240036011,102.8379974365,102.1200027466,102.4319992065
2025-12-05,102.4739990234,103.1740036011,102.2990036011,102.4830017090
2025-12-08,103.0429992676,103.3629989624,102.9029998779,103.0699996948
2025-12-09,103.2740020752,104.3909988403,103.0569992065,103.2770004272
2025-12-10,104.1060028076,104.3040008545,103.7340011597,104.1330032349
2025-12-11,103.9359970093,103.9469985962,103.2020034790,103.9720001221
2025-12-12,103.5810012817,104.0410003662,103.3410034180,103.6449966431
2025-12-15,103.6039962769,103.6660003662,102.8909988403,103.6119995117
2025-12-16,102.9580001831,103.0169982910,102.4479980469,102.9530029297
2025-12-17,102.6460037231,103.0479965210,102.3359985352,102.6480026245
2025-12-18,102.6230010986,103.0940017700,102.5619964600,102.6399993896
2025-12-19,102.8919982910,104.2750015259,102.8919982910,102.8929977417
2025-12-22,104.2129974365,104.5999984741,104.0749969482,104.2180023193
2025-12-23,104.4329986572,104.6429977417,103.8899993896,104.4189987183
2025-12-24,104.6179962158,104.6829986572,104.3580017090,104.6200027466
2025-12-26,104.7060012817,105.1520004272,104.6399993896,104.6559982300
2025-12-29,104.9459991455,105.2099990845,104.3399963379,105.0479965210
2025-12-30,104.3860015869,104.8430252075,104.3860015869,104.4489974976
2025-12-31,104.6900024414,104.8300018311,104.4599990845,104.7200012207
2026-01-02,104.6719970703,105.2549972534,104.6360015869,104.6620025635
2026-01-05,104.9225234985,105.0739974976,104.5640029907,104.9229965210
2026-01-06,105.1230010986,105.4887161255,104.9749984741,105.1399993896
2026-01-07,105.5029983521,105.9229965210,105.2399978638,105.5339965820
2026-01-08,105.3249969482,105.5199966431,104.7269973755,105.3519973755
2026-01-09,105.0869979858,105.6279983521,105.0520019531,105.0869979858
2026-01-12,105.7099990845,106.2639999390,105.6009979248,105.7269973755
2026-01-13,105.9769973755,106.6610031128,105.9690017700,105.9680023193
2026-01-14,106.3730010986,106.7089996338,105.5869979858,106.3789978027
2026-01-15,105.8539962769,106.3150024414,105.6719970703,105.8519973755
2026-01-16,106.2570037842,106.2839965820,105.5329971313,106.2770004272
2026-01-19,105.3840026855,106.1630020142,105.2379989624,105.3489990234
2026-01-20,106.1419982910,106.8130035400,105.9150009155,106.1269989014
2026-01-21,106.4619979858,107.1849975586,106.2990036011,106.4599990845
2026-01-22,107.0250015259,108.2020034790,106.9670028687,107.0169982910
2026-01-23,108.3889999390,108.9889984131,107.8010025024,108.4029998779
2026-01-26,107.2679977417,107.2919998169,106.1100006104,107.2730026245
2026-01-27,106.6989974976,107.0749969482,106.2470016479,106.7109985352
2026-01-28,106.7060012817,107.5189971924,106.6380004883,106.6500015259
2026-01-29,107.7770004272,108.5439987183,106.5459976196,107.7689971924
2026-01-30,107.9459991455,108.5660018921,107.2969970703,107.9309997559
2026-02-02,107.7819976807,108.3399963379,106.8690032959,107.7929992676
2026-02-03,108.2070007324,109.5199966431,108.1630020142,108.1080017090
2026-02-04,109.3949966431,110.1699981689,109.3310012817,109.3799972534
2026-02-05,109.7509994507,109.9440002441,108.7040023804,109.7490005493
2026-02-06,108.4049987793,110.2460021973,108.0670013428,108.4260025024
2026-02-09,110.6149978638,110.6250000000,109.6600036621,110.5930023193
2026-02-10,110.6029968262,110.6449966431,109.0400009155,110.5879974365
2026-02-11,109.2880020142,109.6210021973,108.1230010986,109.2819976807
2026-02-12,109.1699981689,109.4759979248,107.9960021973,109.2009963989
2026-02-13,108.2580032349,108.7710037231,107.7060012817,108.2990036011
2026-02-16,108.0179977417,108.8820037842,108.0179977417,108.0159988403
2026-02-17,108.5979995728,108.5979995728,107.8570022583,108.6389999390
2026-02-18,108.4509963989,109.1709976196,108.3759994507,108.4599990845
2026-02-19,108.9530029297,109.7379989624,108.8659973145,108.9520034790
2026-02-20,109.4970016479,109.9100036621,108.8889999390,109.4729995728
2026-02-23,109.7070007324,109.7200012207,108.8769989014,109.7509994507
2026-02-24,109.1790008545,110.4069976807,109.1790008545,109.1600036621
2026-02-25,110.0510025024,111.2870025635,110.0299987793,110.0370025635
2026-02-26,111.1679992676,111.2850036621,110.3020019531,111.1900024414
2026-02-27,110.7030029297,111.2799987793,110.5230026245,110.6800003052
2026-03-02,110.5169982910,111.6809997559,110.4830017090,110.5459976196
2026-03-03,111.6600036621,112.0729980469,109.5719985962,111.7350006104
2026-03-04,111.0319976807,111.1340026855,109.9489974976,111.0800018311
2026-03-05,111.0220031738,111.0899963379,110.1800003052,111.0709991455
2026-03-06,110.4069976807,111.0970001221,110.1640014648,110.4469985962
2026-03-09,110.3649978638,111.4980010986,110.2679977417,110.3570022583
2026-03-10,111.5439987183,112.7360000610,111.2959976196,111.5670013428
2026-03-11,112.5650024414,113.9479980469,112.5469970703,112.5569992065
2026-03-12,113.4000015259,113.7259979248,112.6330032349,113.4029998779
2026-03-13,112.6539993286,112.8769989014,111.7389984131,112.6340026855
2026-03-16,111.7750015259,112.4339981079,111.5960006714,111.7809982300
2026-03-17,112.4400024414,113.0619964600,112.2949981689,112.4479980469
2026-03-18,112.9390029907,113.2060012817,112.4530029297,112.9479980469
2026-03-19,112.3219985962,112.5970001221,111.1719970703,112.3109970093
2026-03-20,111.7979965210,112.3740005493,111.6470031738,111.8150024414
2026-03-23,111.5739974976,111.7509994507,110.2819976807,111.5810012817
2026-03-24,111.0599975586,111.0599975586,110.3600006104,111.0100021362
2026-03-25,111.0000000000,111.1399993896,110.5510025024,111.0299987793
2026-03-26,110.6819992065,110.8970031738,110.2089996338,110.6460037231
2026-03-27,110.0019989014,110.3170013428,109.6299972534,109.9830017090
2026-03-30,109.7340011597,109.8000030518,109.0449981689,109.7669982910
2026-03-31,109.3600006104,109.8450012207,108.8529968262,109.4089965820
2026-04-01,109.6500015259,110.2070007324,109.4879989624,109.7060012817
2026-04-02,109.8560028076,110.1370010376,109.4140014648,109.8460006714
2026-04-03,110.2239990234,110.3290023804,109.9449996948,110.2030029297
2026-04-06,110.0210037231,110.5690002441,110.0210037231,109.9960021973
2026-04-07,110.4339981079,111.0849990845,110.2900009155,110.4440002441
2026-04-08,112.2839965820,112.3679962158,111.4390029907,112.3079986572
2026-04-09,111.6460037231,112.5820007324,111.5660018921,111.6699981689
2026-04-10,112.5550003052,112.8519973755,112.3970031738,112.5670013428
2026-04-13,112.0770034790,112.8079986572,112.0599975586,112.0810012817
2026-04-14,113.0130004883,113.4000015259,112.6279983521,113.0230026245
2026-04-15,113.1709976196,113.8679962158,113.0999984741,113.2009963989
2026-04-16,113.9260025024,114.2350006104,113.7549972534,113.9509963989
2026-04-17,113.9589996338,114.3681411743,113.5049972534,113.9619979858
2026-04-20,113.5479965210,113.8399963379,113.5439987183,113.5299987793
2026-04-21,113.9789962769,114.2880020142,113.6890029907,113.9509963989
2026-04-22,114.0419998169,114.2330017090,113.8499984741,114.0380020142
2026-04-23,114.1309967041,114.2509994507,113.8460006714,114.1419982910
2026-04-24,113.8960037231,113.9860000610,113.6869964600,113.8690032959
2026-04-27,113.9680023193,114.5640029907,113.9570007324,113.9789962769
2026-04-28,114.5770034790,114.7009963989,114.0820007324,114.5839996338
2026-04-29,114.6920013428,114.7009963989,114.1060028076,114.6630020142
2026-04-30,114.1679992676,114.4329986572,111.3000030518,114.1549987793
2026-05-01,113.0279998779,113.2259979248,111.9400024414,113.0289993286
2026-05-04,113.1029968262,113.3229980469,112.4039993286,113.0869979858
2026-05-05,112.6679992676,113.4589996338,112.1940002441,112.6500015259
2026-05-06,113.5699996948,114.2990036011,112.3850021362,113.5820007324
2026-05-07,113.2360000610,113.5709991455,113.0130004883,113.2289962769
2026-05-08,113.0619964600,113.4990005493,112.9820022583,113.0469970703
2026-05-11,113.4970016479,113.9830017090,113.4800033569,113.4729995728
2026-05-12,113.8789978027,114.0380020142,113.4440002441,113.9300003052
2026-05-13,114.1259994507,114.7210006714,114.0210037231,114.1019973755
2026-05-14,114.5039978027,114.6510009766,113.8899993896,114.4919967651
2026-05-15,114.2610015869,114.2990036011,113.1900024414,114.2119979858
2026-05-18,113.2549972534,113.9609985352,113.1220016479,113.2509994507
2026-05-19,113.9179992676,113.9179992676,112.6529998779,113.9069976807
2026-05-20,112.9319992065,113.7669982910,112.7340011597,112.9789962769
2026-05-21,113.5879974365,113.6500015259,112.8539962769,113.5830001831
2026-05-22,113.6389999390,113.6709976196,113.2649993896,113.6640014648
2026-05-25,113.7509994507,114.1019973755,113.6979980469,113.7570037842
2026-05-26,113.9160003662,114.2649993896,113.7779998779,113.9100036621
2026-05-27,114.1859970093,114.3209991455,113.5810012817,114.1839981079
2026-05-28,113.7850036621,114.0370025635,113.2500000000,113.8119964600
2026-05-29,114.0889968872,114.5709991455,113.8899993896,114.0599975586
2026-06-01,114.4270019531,114.6340026855,113.9649963379,114.4179992676
2026-06-02,114.3479995728,114.9029998779,114.2379989624,114.3690032959
2026-06-03,114.7519989014,114.8440017700,114.1729965210,114.7590026855
2026-06-04,114.0780029297,114.2450027466,113.8919982910,114.0910034180
2026-06-05,114.0729980469,114.2070007324,113.0780029297,114.0579986572
2026-06-08,112.8909988403,113.1869964600,112.6350021362,112.9127273560
2026-06-09,112.7350006104,113.1699981689,112.5630035400,112.7460021973
2026-06-10,112.6520004272,112.8190002441,112.3290023804,112.6269989014
2026-06-11,112.3119964600,112.5299987793,112.0339965820,112.2679977417
2026-06-12,112.8399963379,113.0719985962,112.5889968872,112.8410034180
2026-06-15,113.1660003662,113.4980010986,113.1259994507,113.1640014648
2026-06-16,113.3119964600,113.5339965820,112.8789978027,113.3170013428
2026-06-17,113.3140029907,113.3830032349,113.0400009155,113.3349990845
2026-06-18,112.7519989014,113.2470016479,112.6490020752,112.7099990845
2026-06-19,113.0950012207,113.2190017700,112.8089981079,113.1039962769
2026-06-22,113.0350036621,113.4209976196,112.9260025024,113.0390014648
2026-06-23,112.9700012207,112.9879989624,111.7990036011,113.0049972534
2026-06-24,111.7710037231,111.8550033569,111.3450012207,111.7040023804
2026-06-25,111.5199966431,111.8949966431,111.3740005493,111.5920028687
2026-06-26,111.6539993286,111.7600021362,111.2399978638,111.6269989014
2026-06-29,111.5090026855,111.7030029297,111.3199996948,111.5670013428
2026-06-30,111.3960037231,112.6100006104,111.2900009155,111.4319992065
2026-07-01,112.4169998169,112.4479980469,111.9919967651,112.3750000000
2026-07-02,111.9889984131,112.1449966431,111.1709976196,111.9919967651
2026-07-03,111.6409988403,111.8919982910,111.5199966431,111.6520004272
2026-07-06,111.9639968872,112.6969985962,111.9339981079,111.9899978638
2026-07-07,112.7279968262,112.7799987793,112.2190017700,112.7289962769
2026-07-08,112.3430023193,112.7440032959,112.2419967651,112.3820037842
2026-07-09,112.7229995728,112.7509994507,112.5500030518,112.7310028076
2026-07-10,112.6989974976,112.6989974976,112.1839981079,112.7220001221
2026-07-13,112.3679962158,112.6399993896,112.2379989624,112.3700027466
2026-07-14,112.3789978027,113.2210006714,112.2850036621,112.3629989624
2026-07-15,113.1299972534,113.5080032349,113.1240005493,113.1429977417
2026-07-16,113.5950012207,113.8600006104,113.2789993286,113.5459976196
2026-07-17,113.6419982910,113.7020034790,113.0999984741,113.6190032959
2026-07-20,113.3970031738,114.0009994507,113.3669967651,113.4100036621
2026-07-21,113.7399978638,114.2860031128,113.6800003052,113.7300033569
2026-07-22,114.1959991455,114.3889999390,113.8850021362,114.2310028076
2026-07-23,113.9850006104,114.4670028687,113.9800033569,113.9810028076
2026-07-24,114.1809997559,114.5589981079,114.1679992676,114.1435546875
2026-07-27,114.4639968872,114.6480026245,114.3899993896,114.4300003052
2026-07-28,114.4120025635,114.5530014038,114.0199966431,114.4229965210
2026-07-29,114.2379989624,114.2949981689,113.4489974976,114.2850036621
2026-07-30,113.6210021973,113.9469985962,110.9390029907,113.6309967041
2026-07-31,112.5289993286,112.9789962769,111.1620025635,112.5090026855
2026-08-03,111.0830001831,111.1630020142,109.2369995117,111.0179977417
2026-08-04,110.2289962769,111.0179977417,110.0999984741,110.2279968262
2026-08-05,111.1510009766,111.2379989624,110.8600006104,111.1210021973
2026-08-06,111.2389984131,111.4840011597,111.0599975586,111.2200012207
2026-08-07,111.4179992676,111.5139999390,110.8740005493,111.4120025635
2026-08-10,111.5070037842,112.2900009155,111.5070037842,111.5189971924
2026-08-11,112.2870025635,112.5630035400,112.0719985962,112.2829971313
2026-08-12,112.5059967041,112.7460021973,112.2900009155,112.5019989014
2026-08-13,112.5419998169,112.5940017700,112.2160034180,112.5100021362
2026-08-14,112.6119995117,112.9000015259,112.4400024414,112.6090011597
