date,open,high,low,close
2018-01-01,152.2500000000,152.2500000000,151.7700042725,152.2500000000
2018-01-02,152.3410034180,152.5169982910,151.8930053711,152.3489990234
2018-01-03,152.5959930420,152.8099975586,151.7500000000,152.5910034180
2018-01-04,152.1100006104,152.9510040283,152.1100006104,152.1360015869
2018-01-05,152.8300018311,153.6139984131,152.8099975586,152.8339996338
2018-01-08,153.5700073242,153.6629943848,152.8829956055,153.6049957275
2018-01-09,153.5670013428,153.5670013428,151.9609985352,153.5160064697
2018-01-10,152.5839996338,152.5839996338,150.5440063477,152.5700073242
2018-01-11,150.5559997559,150.9839935303,150.2019958496,150.5760040283
2018-01-12,150.6840057373,152.5970001221,150.5970001221,150.6970062256
2018-01-15,152.6390075684,152.7929992676,151.9309997559,152.5399932861
2018-01-16,152.5820007324,153.0930023193,152.0489959717,152.5709991455
2018-01-17,152.2400054932,153.3739929199,152.1860046387,152.3029937744
2018-01-18,153.9219970703,154.5630035400,153.6212005615,153.9819946289
2018-01-19,154.1909942627,154.3359985352,153.1060028076,154.2350006104
2018-01-22,153.7400054932,154.9629974365,153.4880065918,153.7440032959
2018-01-23,155.1799926758,155.3619995117,153.7359924316,155.1620025635
2018-01-24,154.2980041504,155.6069946289,154.1100006104,154.2920074463
2018-01-25,155.4470062256,156.0630035400,155.0370025635,155.4470062256
2018-01-26,155.1499938965,155.8119964600,153.4570007324,155.2299957275
2018-01-29,153.7180023193,154.0070037842,152.8430023193,153.7050018311
2018-01-30,153.3170013428,153.8079986572,152.0099945068,153.2989959717
2018-01-31,153.9120025635,155.2890014648,153.5950012207,153.9069976807
2018-02-01,155.0260009766,156.4219970703,154.9739990234,155.0540008545
2018-02-02,156.0559997559,156.5959930420,155.7299957275,156.0769958496
2018-02-05,155.2460021973,155.3970031738,153.9750061035,155.2579956055
2018-02-06,151.9420013428,152.8529968262,151.2239990234,152.1109924316
2018-02-07,153.0030059814,153.0099945068,151.3430023193,152.9859924316
2018-02-08,151.4570007324,154.0059967041,151.4570007324,151.5379943848
2018-02-09,151.2630004883,152.7440032959,149.5180053711,151.2350006104
2018-02-12,150.3990020752,150.7940063477,149.6799926758,150.3999938965
2018-02-13,150.4750061035,150.5299987793,148.9960021973,150.5330047607
2018-02-14,149.6119995117,149.8370056152,147.9859924316,149.6000061035
2018-02-15,149.3750000000,150.1670074463,149.0290069580,149.3679962158
2018-02-16,149.5919952393,149.9429931641,148.8229980469,149.6529998779
2018-02-19,149.1000061035,149.4559936523,148.8999938965,149.0700073242
2018-02-20,149.3249969482,150.3500061035,149.1060028076,149.2989959717
2018-02-21,150.2989959717,150.9100036621,149.4750061035,150.3260040283
2018-02-22,149.7050018311,149.7740020752,148.5359954834,149.5959930420
2018-02-23,149.0489959717,149.5079956055,148.8329925537,149.0189971924
2018-02-26,149.5319976807,149.9980010986,148.9960021973,149.5559997559
2018-02-27,149.4900054932,149.7790069580,148.8639984131,149.5299987793
2018-02-28,149.3939971924,149.5070037842,146.9530029297,149.3869934082
2018-03-01,146.6589965820,147.4309997559,146.4830017090,146.6660003662
2018-03-02,146.2480010986,146.4290008545,145.0180053711,146.2369995117
2018-03-05,145.6139984131,146.9600067139,145.0899963379,145.5930023193
2018-03-06,147.1589965820,147.9929962158,146.5509948730,147.1399993896
2018-03-07,146.7830047607,147.4720001221,146.2579956055,146.6719970703
2018-03-08,147.6119995117,147.6329956055,146.5220031738,147.6329956055
2018-03-09,146.8500061035,148.5330047607,146.8029937744,146.8699951172
2018-03-12,148.0959930420,148.2019958496,147.4190063477,148.0980072021
2018-03-13,147.8260040283,149.3439941406,147.7799987793,147.7700042725
2018-03-14,148.8609924316,149.1369934082,147.7830047607,148.7400054932
2018-03-15,148.2969970703,148.4179992676,147.4830017090,148.3079986572
2018-03-16,148.1770019531,148.1770019531,147.2619934082,148.1629943848
2018-03-19,147.7519989014,149.6690063477,147.0440063477,147.7610015869
2018-03-20,148.6979980469,149.7570037842,148.6450042725,148.6529998779
2018-03-21,149.1040039062,149.6219940186,148.9620056152,149.0700073242
2018-03-22,149.7799987793,149.9700012207,148.3130035400,149.8220062256
2018-03-23,148.1490020752,148.9459991455,147.7310028076,148.1300048828
2018-03-26,148.3179931641,149.6049957275,148.2400054932,148.3390045166
2018-03-27,150.2489929199,150.4810028076,148.9680023193,150.2050018311
2018-03-28,149.5670013428,150.3840026855,149.1399993896,149.4940032959
2018-03-29,150.3849945068,150.4040069580,149.0410003662,150.3670043945
2018-03-30,149.3040008545,149.3549957275,148.8430023193,149.3300018311
2018-04-02,149.2039947510,149.6609954834,148.6869964600,149.2350006104
2018-04-03,148.6100006104,149.8600006104,148.4940032959,148.5970001221
2018-04-04,149.7440032959,150.1490020752,148.8289947510,149.7270050049
2018-04-05,150.4219970703,150.6799926758,150.0370025635,150.4190063477
2018-04-06,149.9889984131,151.1840057373,149.9259948730,149.9429931641
2018-04-09,150.6840057373,151.4779968262,150.5980072021,150.7200012207
2018-04-10,150.8240051270,152.1179962158,150.7200012207,150.8789978027
2018-04-11,151.8860015869,152.2369995117,151.2599945068,151.8899993896
2018-04-12,151.5330047607,152.8589935303,151.1739959717,151.5599975586
2018-04-13,152.7480010986,153.8399963379,152.6999969482,152.6459960938
2018-04-16,153.1230010986,153.7299957275,152.6600036621,153.1219940186
2018-04-17,153.4570007324,153.7460021973,153.0800018311,153.5099945068
2018-04-18,153.0140075684,153.6210021973,152.0610046387,152.9819946289
2018-04-19,152.4730072021,152.9329986572,152.0520019531,152.4199981689
2018-04-20,151.3200073242,151.6679992676,150.8800048828,151.3200073242
2018-04-23,151.0200042725,151.5722045898,150.9029998779,151.0359954834
2018-04-24,151.5700073242,152.5480041504,151.4019927979,151.5769958496
2018-04-25,152.2220001221,152.5579986572,152.0899963379,152.2660064697
2018-04-26,152.3990020752,152.7050018311,151.9799957275,152.4170074463
2018-04-27,152.1340026855,152.2669982910,150.3099975586,152.1430053711
2018-04-30,150.2189941406,150.8090057373,149.8710021973,150.2330017090
2018-05-01,150.5209960938,150.6109924316,149.1340026855,150.5760040283
2018-05-02,149.5149993896,150.1029968262,149.1510009766,149.5489959717
2018-05-03,149.0500030518,149.4299926758,147.6329956055,149.0619964600
2018-05-04,148.0859985352,148.2500000000,147.1260070801,148.0599975586
2018-05-07,147.6699981689,148.2539978027,147.3359985352,147.6950073242
2018-05-08,147.8090057373,148.0489959717,147.0319976807,147.8179931641
2018-05-09,147.7720031738,149.1829986572,147.7380065918,147.7400054932
2018-05-10,148.7400054932,149.2899932861,147.4900054932,148.7400054932
2018-05-11,148.0099945068,148.4700012207,147.5989990234,147.9559936523
2018-05-14,148.1280059814,149.0469970703,148.0500030518,148.1529998779
2018-05-15,148.8159942627,149.0229949951,148.4080047607,148.8119964600
2018-05-16,148.8910064697,149.0370025635,148.1950073242,148.8849945068
2018-05-17,149.5679931641,149.8249969482,149.0659942627,149.4739990234
2018-05-18,149.7700042725,149.9969940186,149.1159973145,149.7299957275
2018-05-21,149.4649963379,149.6080017090,148.9900054932,149.4100036621
2018-05-22,149.0780029297,149.7019958496,148.7500000000,149.0500030518
2018-05-23,148.8329925537,148.9340057373,145.9640045166,148.8110046387
2018-05-24,146.9470062256,147.2299957275,145.7290039062,146.8910064697
2018-05-25,146.2870025635,146.6869964600,145.3110046387,146.2830047607
2018-05-28,145.8880004883,146.1529998779,145.3209991455,145.8840026855
2018-05-29,145.6159973145,145.6159973145,143.2579956055,145.6289978027
2018-05-30,143.7429962158,145.0420074463,143.6340026855,143.6459960938
2018-05-31,144.4459991455,145.3090057373,144.1329956055,144.3939971924
2018-06-01,144.5290069580,146.2440032959,144.5000000000,144.5180053711
2018-06-04,146.3470001221,146.8760070801,145.8769989014,146.3500061035
2018-06-05,146.4470062256,146.9389953613,146.0800018311,146.4149932861
2018-06-06,147.2890014648,147.9839935303,147.1999969482,147.2700042725
2018-06-07,147.7980041504,148.1069946289,147.0659942627,147.7960052490
2018-06-08,147.1970062256,147.4140014648,146.1139984131,147.1640014648
2018-06-11,146.8580017090,147.8379974365,146.6999969482,146.7790069580
2018-06-12,147.5570068359,147.9519958496,147.0989990234,147.6130065918
2018-06-13,147.7259979248,147.8869934082,147.2669982910,147.6979980469
2018-06-14,147.5299987793,147.8280029297,146.8289947510,147.5000000000
2018-06-15,146.6670074463,147.0630035400,146.2940063477,146.6589965820
2018-06-18,146.8489990234,146.8489990234,146.1060028076,146.8430023193
2018-06-19,146.0200042725,146.1470031738,144.4100036621,146.0090026855
2018-06-20,145.0099945068,145.5019989014,144.5890045166,144.9869995117
2018-06-21,145.3399963379,146.1770019531,144.6130065918,145.3399963379
2018-06-22,145.6280059814,146.6260070801,145.5879974365,145.6519927979
2018-06-25,145.7899932861,145.7899932861,144.6699981689,145.7870025635
2018-06-26,145.5639953613,145.6739959717,144.9909973145,145.5729980469
2018-06-27,145.5769958496,145.6260070801,144.8070068359,145.5549926758
2018-06-28,144.5959930420,144.6369934082,143.8000030518,144.6000061035
2018-06-29,144.4140014648,146.3090057373,144.3470001221,144.4470062256
2018-07-02,146.2530059814,146.4790039062,145.1920013428,146.2149963379
2018-07-03,145.7019958496,146.3719940186,145.3159942627,145.7030029297
2018-07-04,145.6479949951,146.1217041016,145.5740051270,145.6679992676
2018-07-05,146.1600036621,146.8529968262,145.8339996338,146.1809997559
2018-07-06,146.1759948730,146.6560058594,146.1300048828,146.1959991455
2018-07-09,146.7960052490,147.5980072021,146.3229980469,146.8029937744
2018-07-10,147.0460052490,147.7579956055,146.9100036621,147.0509948730
2018-07-11,146.9969940186,147.6920013428,146.7980041504,146.9089965820
2018-07-12,147.8710021973,148.8760070801,147.8710021973,147.8500061035
2018-07-13,148.4470062256,148.6609954834,147.6600036621,148.4770050049
2018-07-16,148.6770019531,149.2910003662,148.5529937744,148.6499938965
2018-07-17,148.7180023193,149.0749969482,148.1000061035,148.7270050049
2018-07-18,148.1159973145,148.2180023193,146.8699951172,148.0989990234
2018-07-19,147.5149993896,147.5260009766,146.5549926758,147.4940032959
2018-07-20,146.3220062256,146.6459960938,145.9859924316,146.3179931641
2018-07-23,146.0140075684,146.1600036621,145.6840057373,145.9920043945
2018-07-24,146.0269927979,146.1999969482,145.4750061035,146.0339965820
2018-07-25,146.3300018311,146.4920043945,145.7899932861,146.2700042725
2018-07-26,146.3300018311,146.3950042725,145.8209991455,146.2940063477
2018-07-27,145.6929931641,145.7039947510,145.3260040283,145.6889953613
2018-07-30,145.4100036621,145.9179992676,145.3999938965,145.4479980469
2018-07-31,145.7870025635,146.9980010986,145.4790039062,145.7790069580
2018-08-01,146.6580047607,147.1300048828,146.5370025635,146.6499938965
2018-08-02,146.5330047607,146.5839996338,145.0140075684,146.5050048828
2018-08-03,145.3829956055,145.4989929199,144.5180053711,145.3800048828
2018-08-06,144.5950012207,144.7180023193,144.0480041504,144.6269989014
2018-08-07,144.0789947510,144.4259948730,143.8000030518,144.0910034180
2018-08-08,144.1349945068,144.2599945068,142.7519989014,144.1210021973
2018-08-09,142.8000030518,143.4730072021,142.3670043945,142.8000030518
2018-08-10,142.4799957275,142.4850006104,140.9980010986,142.4909973145
2018-08-13,141.1649932861,141.8119964600,140.2729949951,141.1430053711
2018-08-14,141.0980072021,142.3979949951,141.0980072021,141.2180023193
2018-08-15,141.4700012207,141.7480010986,139.9100036621,141.4720001221
2018-08-16,140.3769989014,141.1380004883,140.2100067139,140.3480072021
2018-08-17,141.0959930420,141.1519927979,140.2599945068,141.0800018311
2018-08-20,140.8119964600,141.1990051270,140.7299957275,140.8000030518
2018-08-21,140.7400054932,142.1589965820,140.6670074463,140.7720031738
2018-08-22,142.0930023193,142.7769927979,142.0039978027,142.1100006104
2018-08-23,142.6499938965,142.9949951172,142.4440002441,142.6909942627
2018-08-24,142.6119995117,143.2039947510,142.5099945068,142.6369934082
2018-08-27,143.0780029297,143.2079925537,142.5299987793,143.1000061035
2018-08-28,143.2940063477,143.6410064697,143.0559997559,143.3249969482
2018-08-29,143.0540008545,145.4759979248,142.8350067139,143.0249938965
2018-08-30,145.5820007324,145.6660003662,144.3750000000,145.6150054932
2018-08-31,144.4179992676,144.6399993896,143.5200042725,144.4080047607
2018-09-03,143.6119995117,143.6239929199,142.8470001221,143.6170043945
2018-09-04,142.8979949951,143.2350006104,142.5939941406,142.9470062256
2018-09-05,143.2899932861,144.9340057373,142.7330017090,143.3049926758
2018-09-06,143.8800048828,144.2140045166,143.2599945068,143.9149932861
2018-09-07,142.8059997559,144.3520050049,142.6100006104,142.8059997559
2018-09-10,143.3800048828,145.0149993896,143.0720062256,143.3800048828
2018-09-11,144.8059997559,145.8370056152,144.4570007324,144.7779998779
2018-09-12,145.2510070801,145.3659973145,144.6979980469,145.2489929199
2018-09-13,145.0000000000,146.7039947510,145.0000000000,145.0850067139
2018-09-14,146.8950042725,146.9839935303,146.3500061035,146.8569946289
2018-09-17,146.3170013428,147.3359985352,146.2899932861,146.3480072021
2018-09-18,146.7920074463,147.9060058594,146.7920074463,146.8249969482
2018-09-19,147.8359985352,148.4730072021,147.3339996338,147.8379974365
2018-09-20,147.5890045166,149.1300048828,147.3560028076,147.5939941406
2018-09-21,149.2619934082,149.7070007324,147.0140075684,149.2839965820
2018-09-24,147.1649932861,148.2749938965,146.9609985352,147.1710052490
2018-09-25,147.9440002441,148.6820068359,147.7899932861,147.9360046387
2018-09-26,148.8939971924,149.0480041504,148.3399963379,148.8699951172
2018-09-27,148.4109954834,148.7220001221,147.6139984131,148.4389953613
2018-09-28,148.2599945068,148.6049957275,147.5559997559,148.2109985352
2018-10-01,148.3300018311,149.1649932861,148.2729949951,148.3609924316
2018-10-02,148.6360015869,148.6809997559,147.1940002441,148.6150054932
2018-10-03,147.4049987793,148.5050048828,147.2480010986,147.4120025635
2018-10-04,148.1300048828,148.5980072021,147.7100067139,148.1430053711
2018-10-05,148.3179931641,149.0780029297,148.1000061035,148.3320007324
2018-10-08,149.2310028076,149.4920043945,147.5229949951,149.2649993896
2018-10-09,148.0619964600,148.7129974365,147.3560028076,148.0690002441
2018-10-10,148.6439971924,149.2910003662,148.5399932861,148.6569976807
2018-10-11,148.0469970703,148.7550048828,147.8809967041,148.0339965820
2018-10-12,148.3200073242,148.9750061035,147.3240051270,148.3220062256
2018-10-15,147.0290069580,147.4129943848,146.5160064697,147.0070037842
2018-10-16,147.1250000000,148.3919982910,147.0800018311,147.1109924316
2018-10-17,148.0939941406,148.2400054932,147.0630035400,148.1390075684
2018-10-18,147.5390014648,147.7140045166,146.4250030518,147.5549926758
2018-10-19,146.0879974365,147.0079956055,146.0599975586,146.0570068359
2018-10-22,146.9210052490,147.5700073242,146.0610046387,146.9510040283
2018-10-23,146.1600036621,146.3699951172,145.3280029297,146.1860046387
2018-10-24,145.9490051270,146.2949981689,144.9900054932,145.9389953613
2018-10-25,144.3489990234,145.0180053711,144.0959930420,144.3370056152
2018-10-26,144.0010070801,144.1250000000,142.7700042725,144.0729980469
2018-10-29,143.5599975586,144.3710021973,143.3569946289,143.5820007324
2018-10-30,143.7599945068,144.3750000000,143.5319976807,143.7920074463
2018-10-31,143.6419982910,145.1060028076,143.6199951172,143.6699981689
2018-11-01,144.0399932861,146.3200073242,144.0310058594,144.0970001221
2018-11-02,146.5149993896,147.2290039062,146.3200073242,146.5399932861
2018-11-05,147.1170043945,147.5010070801,146.8760070801,147.1360015869
2018-11-06,147.8600006104,148.3540039062,147.3059997559,147.8540039062
2018-11-07,148.6419982910,149.2200012207,148.3589935303,148.6390075684
2018-11-08,149.0740051270,149.4750061035,148.7680053711,149.0650024414
2018-11-09,148.8869934082,148.9600067139,147.6139984131,148.8840026855
2018-11-12,147.2740020752,147.5650024414,146.0839996338,147.2859954834
2018-11-13,146.1029968262,148.6380004883,146.0000000000,146.1580047607
2018-11-14,148.1179962158,148.3999938965,146.8500061035,148.0820007324
2018-11-15,147.4499969482,147.8979949951,144.4400024414,147.4629974365
2018-11-16,144.9579925537,145.4329986572,144.7200012207,144.9299926758
2018-11-19,144.6699981689,145.2669982910,144.4120025635,144.6519927979
2018-11-20,144.5910034180,144.8520050049,143.9900054932,144.6020050049
2018-11-21,144.1360015869,144.8840026855,144.0800018311,144.1479949951
2018-11-22,144.3800048828,145.8560028076,144.2920074463,144.3970031738
2018-11-23,145.4499969482,145.5169982910,144.3760070801,145.4499969482
2018-11-26,144.7259979248,145.7319946289,144.6629943848,144.6649932861
2018-11-27,145.4409942627,145.5039978027,144.6040039062,145.4250030518
2018-11-28,144.9700012207,145.6889953613,144.8600006104,144.9550018311
2018-11-29,145.6029968262,145.6600036621,144.5500030518,145.6040039062
2018-11-30,144.9620056152,145.2539978027,144.6660003662,144.9600067139
2018-12-03,145.0099945068,145.5030059814,144.1920013428,145.0399932861
2018-12-04,144.5330047607,144.6869964600,143.6199951172,144.5350036621
2018-12-05,143.3329925537,144.4579925537,143.2720031738,143.3410034180
2018-12-06,143.8800048828,144.0559997559,143.2500000000,143.8789978027
2018-12-07,144.0590057373,144.1889953613,143.4620056152,143.9900054932
2018-12-10,143.0980072021,143.6600036621,141.2630004883,143.0800018311
2018-12-11,142.1670074463,142.8359985352,141.8119964600,142.1399993896
2018-12-12,141.6399993896,143.4179992676,141.5299987793,141.6369934082
2018-12-13,143.0050048828,143.8939971924,142.9900054932,143.0509948730
2018-12-14,143.7010040283,143.7039947510,142.4049987793,143.6880035400
2018-12-17,142.6920013428,143.2070007324,142.2610015869,142.6920013428
2018-12-18,142.3320007324,142.6399993896,141.9609985352,142.3249969482
2018-12-19,142.3419952393,142.5119934082,141.6430053711,142.3699951172
2018-12-20,141.9100036621,142.0729980469,140.8170013428,141.9450073242
2018-12-21,140.8350067139,141.1560058594,140.2469940186,140.8200073242
2018-12-24,140.5200042725,140.8470001221,140.3000030518,140.4570007324
2018-12-25,140.2400054932,140.9199981689,139.5399932861,140.1699981689
2018-12-26,140.0700073242,140.4810028076,139.7570037842,140.0529937744
2018-12-27,140.7019958496,140.7660064697,139.8300018311,140.6959991455
2018-12-28,140.2109985352,140.3049926758,139.4850006104,140.2059936523
2018-12-31,140.0039978027,140.8600006104,139.6549987793,140.0269927979
2019-01-01,139.7500000000,139.7799987793,138.0299987793,139.6000061035
2019-01-02,139.8489990234,139.8489990234,137.4459991455,139.8580017090
2019-01-03,134.4929962158,136.7339935303,133.9089965820,134.4839935303
2019-01-04,136.2010040283,137.9499969482,135.8320007324,136.1410064697
2019-01-07,138.1210021973,138.6750030518,137.6629943848,138.1829986572
2019-01-08,138.8999938965,139.3869934082,138.1230010986,138.8560028076
2019-01-09,138.5160064697,139.0610046387,137.7610015869,138.5420074463
2019-01-10,138.4279937744,138.4750061035,137.4190063477,138.4629974365
2019-01-11,138.1490020752,139.0919952393,137.7030029297,138.0899963379
2019-01-14,139.3650054932,139.9900054932,138.6089935303,139.3580017090
2019-01-15,139.3580017090,140.4230041504,138.5119934082,139.3439941406
2019-01-16,139.8560028076,140.3190002441,138.9909973145,139.8390045166
2019-01-17,140.4709930420,141.0950012207,139.5540008545,140.4900054932
2019-01-18,141.6909942627,142.0670013428,141.2230072021,141.7079925537
2019-01-21,140.9149932861,141.5189971924,140.6970062256,140.9190063477
2019-01-22,141.3670043945,141.8690032959,140.6490020752,141.3450012207
2019-01-23,141.6909942627,143.5489959717,141.6600036621,141.6889953613
2019-01-24,143.2180023193,143.5330047607,142.7319946289,143.2310028076
2019-01-25,143.6840057373,144.4770050049,143.4129943848,143.7819976807
2019-01-28,144.4669952393,144.4980010986,143.6100006104,144.4880065918
2019-01-29,143.7850036621,144.4329986572,143.4259948730,143.7400054932
2019-01-30,143.1049957275,143.5740051270,142.8209991455,143.0599975586
2019-01-31,142.9060058594,143.1600036621,142.2510070801,142.9100036621
2019-02-01,142.6790008545,143.4519958496,142.0980072021,142.6820068359
2019-02-04,143.1670074463,144.1399993896,143.1499938965,143.1049957275
2019-02-05,143.3090057373,143.4799957275,142.0529937744,143.2899932861
2019-02-06,142.4230041504,142.5059967041,141.7899932861,142.4389953613
2019-02-07,142.2310028076,142.6100006104,141.1150054932,142.2180023193
2019-02-08,142.1320037842,142.5090026855,141.8540039062,142.1230010986
2019-02-11,142.0570068359,142.4989929199,141.8750000000,142.0099945068
2019-02-12,142.0030059814,142.4900054932,141.8800048828,142.0000000000
2019-02-13,142.4479980469,143.2989959717,142.4259948730,142.4700012207
2019-02-14,142.5930023193,143.0260009766,141.3009948730,142.5910034180
2019-02-15,141.4510040283,142.1600036621,141.0229949951,141.4550018311
2019-02-18,142.6239929199,142.9960021973,142.5000000000,142.6770019531
2019-02-19,142.8800048828,144.2799987793,142.4770050049,142.8999938965
2019-02-20,144.4340057373,145.0200042725,144.1419982910,144.4100036621
2019-02-21,144.4859924316,144.9140014648,144.1119995117,144.4880065918
2019-02-22,144.3500061035,144.7369995117,143.7799987793,144.3679962158
2019-02-25,144.6970062256,145.0670013428,144.4499969482,144.7140045166
2019-02-26,145.7429962158,147.0090026855,145.3809967041,145.7610015869
2019-02-27,146.5780029297,148.0240020752,146.1580047607,146.5610046387
2019-02-28,147.6239929199,148.2230072021,146.9859924316,147.6360015869
2019-03-01,147.7180023193,148.5630035400,147.6900024414,147.7039947510
2019-03-04,148.1549987793,148.2969970703,147.1170043945,148.1499938965
2019-03-05,147.2680053711,147.7209930420,146.6170043945,147.2969970703
2019-03-06,147.1399993896,147.1629943848,146.6699981689,147.1399993896
2019-03-07,147.1340026855,147.2740020752,146.0249938965,147.1269989014
2019-03-08,146.1410064697,146.1410064697,144.5200042725,146.1289978027
2019-03-11,144.2100067139,145.6629943848,143.7230072021,144.2590026855
2019-03-12,147.4450073242,147.4450073242,144.6329956055,147.4739990234
2019-03-13,145.4250030518,147.1670074463,145.4179992676,145.4049987793
2019-03-14,147.7019958496,148.8580017090,147.4029998779,147.7129974365
2019-03-15,148.1600036621,148.2660064697,147.4459991455,148.1560058594
2019-03-18,148.3179931641,148.3760070801,147.0160064697,148.3289947510
2019-03-19,147.7250061035,148.0189971924,147.5189971924,147.6970062256
2019-03-20,147.8639984131,148.0619964600,146.5650024414,147.8379974365
2019-03-21,146.1089935303,146.3829956055,144.8699951172,146.1199951172
2019-03-22,145.4660034180,145.7339935303,144.5440063477,145.4819946289
2019-03-25,145.4129943848,145.7859954834,144.6699981689,145.3650054932
2019-03-26,145.3569946289,146.4299926758,145.0240020752,145.4479980469
2019-03-27,145.9900054932,146.3769989014,145.5299987793,146.0200042725
2019-03-28,145.3059997559,145.4969940186,144.5000000000,145.3229980469
2019-03-29,144.4400024414,145.3840026855,143.8789978027,144.4210052490
2019-04-01,144.5149993896,146.2599945068,144.4190063477,144.5339965820
2019-04-02,145.6029968262,145.6450042725,144.9440002441,145.6329956055
2019-04-03,146.1009979248,147.1710052490,146.0000000000,146.1040039062
2019-04-04,146.7550048828,146.9459991455,145.7409973145,146.7630004883
2019-04-05,145.9499969482,146.5050048828,145.2890014648,145.9640045166
2019-04-08,145.6080017090,145.6219940186,145.1049957275,145.6309967041
2019-04-09,145.5599975586,145.9830017090,144.8130035400,145.5760040283
2019-04-10,144.9600067139,145.6410064697,144.9589996338,145.0579986572
2019-04-11,145.3609924316,145.9160003662,145.1770019531,145.3300018311
2019-04-12,145.7230072021,146.9660034180,145.6900024414,145.7200012207
2019-04-15,146.5789947510,146.9660034180,146.3609924316,146.5679931641
2019-04-16,146.6369934082,146.7389984131,146.0000000000,146.6100006104
2019-04-17,146.0269927979,146.3359985352,145.8529968262,146.0319976807
2019-04-18,146.0579986572,146.0579986572,145.4089965820,146.0200042725
2019-04-19,145.4680023193,145.5429992676,145.3300018311,145.4889984131
2019-04-22,145.3899993896,145.4980010986,145.1999969482,145.3919982910
2019-04-23,145.2890014648,145.6130065918,144.7039947510,145.2890014648
2019-04-24,144.7129974365,144.8820037842,144.3999938965,144.7369995117
2019-04-25,144.6900024414,144.8470001221,143.8220062256,144.6999969482
2019-04-26,143.8650054932,144.4140014648,143.7400054932,143.8880004883
2019-04-29,144.2100067139,144.7140045166,144.1719970703,144.1999969482
2019-04-30,144.4199981689,145.3540039062,144.0469970703,144.4649963379
2019-05-01,145.2799987793,145.6880035400,145.2689971924,145.2980041504
2019-05-02,145.4689941406,145.8520050049,145.1119995117,145.4770050049
2019-05-03,145.2819976807,146.5019989014,144.8000030518,145.3079986572
2019-05-06,145.4340057373,145.5410003662,144.9900054932,145.4790039062
2019-05-07,145.1179962158,145.3529968262,143.9649963379,145.1150054932
2019-05-08,144.0420074463,144.0650024414,143.0590057373,144.0599975586
2019-05-09,143.1529998779,143.1809997559,142.2760009766,143.1580047607
2019-05-10,142.9080047607,143.2180023193,142.4900054932,142.8390045166
2019-05-13,142.6049957275,142.8670043945,141.3309936523,142.6260070801
2019-05-14,141.5209960938,142.1640014648,141.3600006104,141.4830017090
2019-05-15,141.5469970703,141.6340026855,140.2120056152,141.5410003662
2019-05-16,140.5789947510,140.7910003662,140.2039947510,140.6360015869
2019-05-17,140.5720062256,140.6430053711,139.5630035400,140.6000061035
2019-05-20,140.2140045166,140.5070037842,139.7449951172,140.2359924316
2019-05-21,140.0899963379,141.4600067139,139.6510009766,140.0899963379
2019-05-22,140.4510040283,140.6809997559,139.3430023193,140.4929962158
2019-05-23,139.5690002441,139.5690002441,138.7310028076,139.5729980469
2019-05-24,138.7169952393,139.4770050049,138.5310058594,138.7220001221
2019-05-27,139.1730041504,139.6329956055,138.6730041504,139.1920013428
2019-05-28,138.8439941406,138.9960021973,138.2599945068,138.8600006104
2019-05-29,138.4369964600,138.5579986572,137.8719940186,138.3910064697
2019-05-30,138.3370056152,138.7189941406,138.1860046387,138.3350067139
2019-05-31,137.7799987793,137.9440002441,136.6300048828,137.8789978027
2019-06-03,136.7980041504,137.1109924316,136.6159973145,136.7610015869
2019-06-04,136.8220062256,137.4579925537,136.5399932861,136.7910003662
2019-06-05,137.4790039062,137.7579956055,137.1999969482,137.4900054932
2019-06-06,137.4389953613,137.7330017090,136.9700012207,137.4369964600
2019-06-07,137.6900024414,138.1649932861,137.4929962158,137.6889953613
2019-06-10,137.9620056152,138.2489929199,137.4839935303,137.9400024414
2019-06-11,137.5279998779,138.3119964600,137.4799957275,137.5079956055
2019-06-12,138.0119934082,138.2310028076,137.5520019531,138.0099945068
2019-06-13,137.7230072021,137.7720031738,137.1320037842,137.6970062256
2019-06-14,137.3280029297,137.3950042725,136.5310058594,137.3370056152
2019-06-17,136.7129974365,136.9259948730,136.3529968262,136.7380065918
2019-06-18,136.1000061035,136.1179962158,135.4029998779,136.1250000000
2019-06-19,136.4329986572,136.9739990234,135.8040008545,136.4270019531
2019-06-20,136.7830047607,137.1549987793,136.3899993896,136.7980041504
2019-06-21,136.3159942627,136.7519989014,135.9299926758,136.3220062256
2019-06-24,136.8260040283,137.1250000000,136.5010070801,136.8179931641
2019-06-25,136.7489929199,136.8289947510,135.8139953613,136.7149963379
2019-06-26,136.0099945068,136.8079986572,136.0099945068,135.9799957275
2019-06-27,136.7590026855,137.3000030518,136.4660034180,136.7550048828
2019-06-28,136.5760040283,137.1699981689,136.2599945068,136.5460052490
2019-07-01,137.5429992676,137.5429992676,136.7400054932,137.5700073242
2019-07-02,137.0370025635,137.1150054932,135.9880065918,137.0180053711
2019-07-03,135.8179931641,135.8179931641,135.1739959717,135.7799987793
2019-07-04,135.5890045166,135.6990051270,135.4530029297,135.5700073242
2019-07-05,135.6540069580,135.8359985352,135.4700012207,135.6369934082
2019-07-08,135.8619995117,136.0119934082,135.5200042725,135.8630065918
2019-07-09,136.0500030518,136.2669982910,135.4069976807,136.0500030518
2019-07-10,135.6799926758,136.0420074463,135.4889984131,135.7010040283
2019-07-11,135.4779968262,136.0379943848,135.0769958496,135.5050048828
2019-07-12,135.9400024414,136.0099945068,135.5130004883,135.9819946289
2019-07-15,135.5200042725,135.8280029297,135.0670013428,135.5599975586
2019-07-16,135.0379943848,135.2440032959,133.9700012207,135.0549926758
2019-07-17,134.2619934082,134.4839935303,133.9709930420,134.2799987793
2019-07-18,134.1849975586,134.8009948730,133.8399963379,134.1840057373
2019-07-19,134.7250061035,134.9889984131,134.5659942627,134.6929931641
2019-07-22,134.8860015869,135.0760040283,134.4060058594,134.8600006104
2019-07-23,134.5299987793,134.9600067139,134.3309936523,134.5700073242
2019-07-24,134.5800018311,135.2530059814,134.2610015869,134.5899963379
2019-07-25,135.0549926758,135.6410064697,134.7120056152,135.0630035400
2019-07-26,135.3240051270,135.3820037842,134.5299987793,135.2899932861
2019-07-29,134.4299926758,134.4499969482,132.9389953613,134.4409942627
2019-07-30,132.9759979248,133.0330047607,131.6020050049,132.9819946289
2019-07-31,131.9689941406,132.9609985352,131.8399963379,132.0180053711
2019-08-01,132.2519989014,132.5339965820,131.0090026855,132.2440032959
2019-08-02,130.2310028076,130.3990020752,129.0899963379,130.2400054932
2019-08-05,129.4960021973,129.5559997559,128.1719970703,129.4810028076
2019-08-06,128.3820037842,130.0540008545,128.3820037842,128.3670043945
2019-08-07,129.3699951172,129.5090026855,128.2630004883,129.3880004883
2019-08-08,128.8410034180,129.3170013428,128.3399963379,128.8399963379
2019-08-09,128.5590057373,128.7039947510,127.2710037231,128.5579986572
2019-08-12,126.6949996948,127.4769973755,126.6549987793,126.6660003662
2019-08-13,127.2600021362,129.1880035400,126.8119964600,127.2300033569
2019-08-14,128.5540008545,128.6340026855,127.5670013428,128.5800018311
2019-08-15,127.7259979248,128.9179992676,127.5650024414,127.6999969482
2019-08-16,128.2779998779,129.5440063477,128.1399993896,128.2579956055
2019-08-19,129.3600006104,129.5319976807,128.9600067139,129.3699951172
2019-08-20,129.2519989014,129.3919982910,128.2700042725,129.2539978027
2019-08-21,129.2599945068,129.6620025635,128.8899993896,129.2420043945
2019-08-22,129.3070068359,130.6309967041,128.7579956055,129.3139953613
2019-08-23,130.4429931641,130.5420074463,129.0140075684,130.4199981689
2019-08-26,128.5720062256,130.0169982910,128.5720062256,128.5540008545
2019-08-27,129.5189971924,130.3209991455,128.9900054932,129.5180053711
2019-08-28,129.8679962158,130.0619964600,128.5359954834,129.8750000000
2019-08-29,129.6089935303,129.9949951172,129.0030059814,129.5939941406
2019-08-30,129.7299957275,129.7940063477,129.1829986572,129.6920013428
2019-09-02,129.0679931641,129.2940063477,127.9619979858,129.0200042725
2019-09-03,128.1100006104,128.2299957275,126.7200012207,128.1179962158
2019-09-04,127.9869995117,129.7899932861,127.9199981689,127.9700012207
2019-09-05,130.2109985352,132.0919952393,129.9689941406,130.1979980469
2019-09-06,131.9400024414,132.1119995117,131.3370056152,131.9400024414
2019-09-09,131.3399963379,132.5160064697,130.8240051270,131.3560028076
2019-09-10,132.4859924316,132.8540039062,132.0099945068,132.4989929199
2019-09-11,132.8800048828,133.3540039062,132.6999969482,132.9149932861
2019-09-12,133.2100067139,133.5220031738,132.1979980469,133.2319946289
2019-09-13,133.3750000000,134.7530059814,133.3020019531,133.3659973145
2019-09-16,134.6399993896,134.6529998779,133.8899993896,134.6569976807
2019-09-17,134.3820037842,135.1710052490,133.9850006104,134.3979949951
2019-09-18,135.1459960938,135.2250061035,134.6060028076,135.1179962158
2019-09-19,135.2039947510,135.2180023193,134.2799987793,135.1979980469
2019-09-20,135.3289947510,135.7270050049,134.5809936523,135.3059997559
2019-09-23,134.2129974365,134.5299987793,133.3500061035,134.2400054932
2019-09-24,133.8049926758,134.4629974365,133.5299987793,133.7749938965
2019-09-25,133.8059997559,133.9759979248,132.8589935303,133.7830047607
2019-09-26,133.0720062256,133.2769927979,132.3800048828,133.0859985352
2019-09-27,132.8289947510,133.2660064697,132.3200073242,132.8459930420
2019-09-30,132.6600036621,133.3260040283,132.4600067139,132.6799926758
2019-10-01,132.7799987793,133.3200073242,131.7910003662,132.7899932861
2019-10-02,132.4259948730,132.5359954834,131.5789947510,132.4170074463
2019-10-03,131.8390045166,132.5260009766,131.4799957275,131.8419952393
2019-10-04,131.8090057373,131.9720001221,131.2599945068,131.8379974365
2019-10-07,131.6799926758,131.9340057373,131.3059997559,131.6719970703
2019-10-08,131.7899932861,132.1000061035,130.4400024414,131.7819976807
2019-10-09,130.6880035400,131.7050018311,130.6589965820,130.6869964600
2019-10-10,130.9250030518,133.6309967041,130.8619995117,130.8780059814
2019-10-11,134.0700073242,137.8090057373,134.0700073242,134.1100006104
2019-10-14,136.7630004883,136.9799957275,135.5610046387,136.8419952393
2019-10-15,136.6199951172,139.2059936523,136.5110015869,136.6670074463
2019-10-16,138.8280029297,139.8110046387,137.5950012207,138.8320007324
2019-10-17,139.2890014648,141.3439941406,138.6889953613,139.3339996338
2019-10-18,139.6799926758,140.3139953613,139.3399963379,139.6900024414
2019-10-21,139.8480072021,141.3070068359,139.7769927979,139.8359985352
2019-10-22,140.8569946289,141.0890045166,139.9600067139,140.8540039062
2019-10-23,139.7469940186,140.0370025635,139.0800018311,139.7429962158
2019-10-24,140.3110046387,140.6920013428,139.0970001221,140.3569946289
2019-10-25,139.4499969482,139.7440032959,139.0099945068,139.4199981689
2019-10-28,139.4609985352,140.1940002441,139.3099975586,139.4770050049
2019-10-29,140.0850067139,140.5149993896,139.4750061035,140.0829925537
2019-10-30,140.0729980469,140.4490051270,139.9400024414,140.0520019531
2019-10-31,140.3589935303,140.6560058594,139.7500000000,140.3419952393
2019-11-01,139.7619934082,140.1269989014,139.6799926758,139.7319946289
2019-11-04,139.9819946289,140.2129974365,139.9100036621,139.9969940186
2019-11-05,140.0590057373,140.5310058594,139.9969940186,140.0839996338
2019-11-06,140.5379943848,140.5740051270,140.0599975586,140.5749969482
2019-11-07,140.0140075684,140.5229949951,139.4869995117,140.0140075684
2019-11-08,140.0800018311,140.1979980469,139.4880065918,140.0809936523
2019-11-11,139.7389984131,140.4589996338,139.3600006104,139.7440032959
2019-11-12,140.1360015869,140.5720062256,139.9479980469,140.1340026855
2019-11-13,140.0570068359,140.2400054932,139.4499969482,140.0659942627
2019-11-14,139.7949981689,139.8459930420,139.3899993896,139.8300018311
2019-11-15,139.7409973145,140.4389953613,139.6600036621,139.7449951172
2019-11-18,140.4239959717,141.5290069580,140.3899993896,140.4299926758
2019-11-19,140.7169952393,140.9129943848,140.2700042725,140.6909942627
2019-11-20,140.2460021973,140.4389953613,139.7279968262,140.1979980469
2019-11-21,140.2230072021,140.8529968262,139.9669952393,140.1900024414
2019-11-22,140.2599945068,140.4440002441,139.3339996338,140.2500000000
2019-11-25,139.7129974365,140.6069946289,139.6399993896,139.6999969482
2019-11-26,140.5650024414,140.8529968262,139.9900054932,140.5549926758
2019-11-27,140.2700042725,140.9720001221,140.0299987793,140.2980041504
2019-11-28,141.4170074463,141.7440032959,141.2299957275,141.3699951172
2019-11-29,141.3670043945,141.6809997559,141.1289978027,141.3939971924
2019-12-02,141.4029998779,141.7989959717,140.9720001221,141.4239959717
2019-12-03,141.0290069580,141.6959991455,140.9210052490,141.0659942627
2019-12-04,141.2120056152,142.7630004883,140.8200073242,141.1999969482
2019-12-05,142.6790008545,143.2469940186,142.6100006104,142.6660003662
2019-12-06,143.0820007324,143.1300048828,142.3899993896,143.0740051270
2019-12-09,142.7500000000,143.0789947510,142.5599975586,142.7169952393
2019-12-10,142.7489929199,143.2700042725,142.6369934082,142.7039947510
2019-12-11,142.8260040283,143.3110046387,142.5700073242,142.8059997559
2019-12-12,143.2760009766,143.6365814209,142.4960021973,143.2720031738
2019-12-13,147.4320068359,147.9320068359,145.4669952393,147.4190063477
2019-12-16,146.0659942627,146.7330017090,145.8470001221,146.0709991455
2019-12-17,145.3860015869,145.7129974365,143.5079956055,145.4230041504
2019-12-18,143.6990051270,143.6990051270,143.0859985352,143.6880035400
2019-12-19,143.3170013428,143.8209991455,142.0359954834,143.3515625000
2019-12-20,142.3809967041,143.0249938965,142.1799926758,142.3600006104
2019-12-23,142.3860015869,142.5010070801,141.1649932861,142.3809967041
2019-12-24,141.5410003662,141.7830047607,141.3289947510,141.5381164551
2019-12-25,141.4100036621,142.4199981689,140.6349945068,141.3999938965
2019-12-26,141.8489990234,142.6860046387,141.8339996338,141.8589935303
2019-12-27,142.4160003662,143.6549987793,142.0229949951,142.4629974365
2019-12-30,143.2550048828,143.4140014648,142.7680053711,143.2480010986
2019-12-31,142.7579956055,144.3339996338,142.4279937744,142.7640075684
2020-01-01,144.6678009033,145.3072357178,144.0099945068,144.4199981689
2020-01-02,144.0290069580,144.1690063477,142.2760009766,144.0480041504
2020-01-03,142.6490020752,142.7369995117,141.0229949951,142.7079925537
2020-01-06,141.2610015869,142.7290039062,141.1199951172,141.2010040283
2020-01-07,142.7769927979,143.2729949951,142.0339965820,142.7729949951
2020-01-08,141.5599975586,142.9470062256,141.1349945068,141.6390075684
2020-01-09,142.9060058594,143.4479980469,142.4199981689,142.8750000000
2020-01-10,143.1020050049,143.4880065918,142.8699951172,143.1100006104
2020-01-13,142.8509979248,142.9620056152,142.3809967041,142.9120025635
2020-01-14,142.8529968262,143.2469940186,142.4499969482,142.8470001221
2020-01-15,143.0650024414,143.3439941406,142.6900024414,143.0460052490
2020-01-16,143.2720031738,144.1069946289,143.2700042725,143.2870025635
2020-01-17,144.0549926758,144.4720001221,143.3600006104,144.0570068359
2020-01-20,143.3090057373,143.3419952393,142.8139953613,143.3099975586
2020-01-21,143.2669982910,143.9660034180,142.8609924316,143.2619934082
2020-01-22,143.4100036621,144.5679931641,143.3390045166,143.3860626221
2020-01-23,144.2310028076,144.2870025635,143.2109985352,144.2149963379
2020-01-24,143.7350006104,144.2149963379,142.8229980469,143.7149963379
2020-01-27,142.1150054932,142.7339935303,142.1150054932,142.1029968262
2020-01-28,142.2440032959,142.4349975586,141.4949951172,142.2389984131
2020-01-29,142.1210021973,142.2055358887,141.7070007324,142.1289978027
2020-01-30,141.9219970703,142.6779937744,141.2640075684,141.9109954834
2020-01-31,142.5050048828,143.2799987793,142.5050048828,142.4609985352
2020-02-03,142.8370056152,143.0970001221,141.1320037842,142.8427124023
2020-02-04,141.1399993896,142.5420074463,140.9700012207,141.1519927979
2020-02-05,142.6142578125,143.3329925537,142.2400054932,142.6100006104
2020-02-06,142.7109985352,142.8029937744,142.0800018311,142.6900024414
2020-02-07,142.1569976807,142.3549957275,141.6150054932,142.1632995605
2020-02-10,141.2908020020,142.0740051270,141.2700042725,141.3280029297
2020-02-11,141.7402038574,142.4420013428,141.6799926758,141.7599945068
2020-02-12,142.2799987793,142.8760070801,142.2270050049,142.3049926758
2020-02-13,142.3480072021,143.4649963379,142.1399993896,142.3179931641
2020-02-14,143.2050018311,143.3939971924,142.7779998779,143.1600036621
2020-02-17,143.2480010986,143.3320007324,142.8739929199,143.2890014648
2020-02-18,142.8000030518,143.2149963379,142.3320007324,142.8300018311
2020-02-19,142.8899993896,143.9459991455,142.8099975586,142.8869934082
2020-02-20,143.7339935303,144.5749969482,143.6119995117,143.7400054932
2020-02-21,144.2189941406,144.9380035400,143.7630004883,144.2149963379
2020-02-24,144.4779968262,144.6000061035,142.8119964600,144.4940032959
2020-02-25,143.2870025635,143.6100006104,143.0469970703,143.2839965820
2020-02-26,143.3750000000,143.6990051270,142.5910034180,143.3939971924
2020-02-27,142.4270019531,142.5339965820,141.3820037842,142.4299926758
2020-02-28,141.3190002441,141.3280029297,137.6020050049,141.3280029297
2020-03-02,137.9649963379,139.1529998779,137.1649932861,137.9109954834
2020-03-03,138.4329986572,138.4660034180,137.2100067139,138.4929962158
2020-03-04,137.2590026855,137.9750061035,137.2420043945,137.2200012207
2020-03-05,138.5590057373,138.5590057373,137.7810058594,138.6009979248
2020-03-06,137.5950012207,137.7290039062,136.4470062256,137.5829925537
2020-03-09,136.1499938965,136.2929992676,132.6820068359,136.1179962158
2020-03-10,134.7749938965,137.1620025635,134.0959930420,134.7890014648
2020-03-11,135.5859985352,136.5200042725,134.3370056152,135.5650024414
2020-03-12,134.0989990234,134.2100067139,131.3540039062,133.9920043945
2020-03-13,131.5879974365,134.2929992676,131.2359924316,131.4619293213
2020-03-16,132.1360015869,132.4940032959,128.8930053711,132.2539978027
2020-03-17,130.3329925537,131.1119995117,128.6529998779,130.2059936523
2020-03-18,130.0319976807,130.2660064697,127.0670013428,130.1300048828
2020-03-19,125.8649978638,129.5000000000,124.9300003052,125.9619979858
2020-03-20,127.8809967041,131.9490051270,127.5059967041,127.8629989624
2020-03-23,128.0700073242,129.0740051270,127.4120025635,128.3500061035
2020-03-24,128.5310058594,131.3860015869,128.0189971924,128.4629974365
2020-03-25,130.9949951172,133.3580017090,129.9160003662,131.0039978027
2020-03-26,131.2790069580,132.8659973145,130.6269989014,131.3650054932
2020-03-27,133.0469970703,133.6799926758,132.1250000000,133.0639953613
2020-03-30,133.7680053711,134.3719940186,132.7510070801,133.7259979248
2020-03-31,133.5829925537,134.5390014648,133.2319946289,133.6360015869
2020-04-01,133.3209991455,133.5469970703,132.6150054932,133.3529968262
2020-04-02,132.7969970703,133.8352355957,132.5639953613,132.7879943848
2020-04-03,133.8589935303,133.9109954834,132.5500030518,133.8309936523
2020-04-06,132.7749938965,134.4819946289,132.7749938965,132.7779998779
2020-04-07,133.4080047607,134.9389953613,133.1100006104,133.5279998779
2020-04-08,134.0149993896,134.9960021973,133.7250061035,134.0370025635
2020-04-09,134.9140014648,135.7239990234,134.6459960938,134.9349975586
2020-04-10,135.1699981689,135.3860015869,134.9799957275,135.1300048828
2020-04-13,134.9799957275,135.1170043945,134.4980010986,134.9700012207
2020-04-14,134.7400054932,135.3930053711,134.5690002441,134.7619934082
2020-04-15,135.1710052490,135.2539978027,133.6660003662,135.2120056152
2020-04-16,134.7169952393,134.8450012207,133.7189941406,134.7180023193
2020-04-17,134.7599945068,134.8280029297,133.8849945068,134.7700042725
2020-04-20,134.4620056152,134.6909942627,133.8600006104,134.4290008545
2020-04-21,133.9440002441,134.0229949951,131.9589996338,133.9429931641
2020-04-22,132.5099945068,133.2779998779,132.0480041504,132.4720001221
2020-04-23,132.8300018311,133.6479949951,132.4010009766,132.8410034180
2020-04-24,132.9640045166,133.1029968262,132.3800048828,132.9660034180
2020-04-27,132.9519958496,133.5229949951,132.9089965820,132.9257507324
2020-04-28,133.2539978027,133.5370025635,132.8289947510,133.2579956055
2020-04-29,132.7160034180,132.9929962158,131.9400024414,132.7330017090
2020-04-30,132.8999938965,135.0619964600,132.6699981689,132.9440002441
2020-05-01,134.9819946289,135.0399932861,133.4479980469,134.9490051270
2020-05-04,132.9629974365,133.1490020752,132.5180053711,132.9149932861
2020-05-05,132.7819976807,133.0980072021,132.5440063477,132.7630004883
2020-05-06,132.4389953613,132.4389953613,130.8459930420,132.4499969482
2020-05-07,130.9060058594,131.9669952393,130.7700042725,130.8489990234
2020-05-08,131.6089935303,132.6540069580,131.5399932861,131.6159973145
2020-05-11,132.7230072021,133.1679992676,131.8840026855,132.7299957275
2020-05-12,132.6670074463,132.8509979248,131.9450073242,132.6309967041
2020-05-13,131.3029937744,131.9049987793,130.6609954834,131.2729949951
2020-05-14,130.8320007324,130.8609924316,130.1399993896,130.8809967041
2020-05-15,131.3249969482,131.4040069580,129.9859924316,131.3200073242
2020-05-18,129.5809936523,131.2400054932,129.5339965820,129.5529937744
2020-05-19,130.9799957275,132.3679962158,130.7779998779,130.9700012207
2020-05-20,132.1519927979,132.4080047607,131.5599975586,132.1139984131
2020-05-21,131.6109924316,131.9340057373,131.2129974365,131.6300048828
2020-05-22,131.5780029297,131.7599945068,130.6710052490,131.5429992676
2020-05-25,131.2839965820,131.4019927979,130.9980010986,131.2700042725
2020-05-26,131.3739929199,133.0240020752,131.3699951172,131.3780059814
2020-05-27,132.5559997559,132.9349975586,131.6670074463,132.5509948730
2020-05-28,132.1820068359,132.7270050049,131.8419952393,132.1979980469
2020-05-29,132.5720062256,133.4120025635,131.8090057373,132.6139984131
2020-06-01,132.9609985352,134.2550048828,132.9360046387,132.9499969482
2020-06-02,134.2949981689,136.4929962158,134.2810058594,134.2799987793
2020-06-03,136.8650054932,137.3500061035,136.2669982910,136.8500061035
2020-06-04,137.0119934082,137.6250000000,135.9519958496,137.0399932861
2020-06-05,137.5070037842,139.6880035400,137.2760009766,137.6080017090
2020-06-08,139.3090057373,139.3569946289,137.6009979248,139.4900054932
2020-06-09,137.9779968262,138.1470031738,136.2380065918,138.0480041504
2020-06-10,137.0350036621,137.3829956055,136.6300048828,137.0010070801
2020-06-11,136.0460052490,136.3999938965,134.6739959717,135.9589996338
2020-06-12,134.3119964600,136.0260009766,133.7879943848,134.2899932861
2020-06-15,134.2489929199,135.0420074463,133.4940032959,134.2200012207
2020-06-16,135.7969970703,136.3200073242,134.8249969482,135.7700042725
2020-06-17,135.1089935303,135.1219940186,134.0930023193,135.1450042725
2020-06-18,134.1100006104,134.3179931641,132.4669952393,134.1620025635
2020-06-19,132.9199981689,133.1829986572,132.1100006104,132.9400024414
2020-06-22,131.8529968262,133.0820007324,131.7799987793,131.8990020752
2020-06-23,133.5839996338,133.9570007324,132.6159973145,133.6239929199
2020-06-24,133.2940063477,133.5970001221,132.6970062256,133.2879943848
2020-06-25,132.8609924316,133.5800018311,132.8090057373,132.8540039062
2020-06-26,133.1119995117,133.2420043945,132.0480041504,133.1000061035
2020-06-29,132.3070068359,132.6600036621,131.9570007324,132.3170013428
2020-06-30,132.4550018311,133.5540008545,132.0460052490,132.4309997559
2020-07-01,133.7559967041,134.1170043945,132.9550018311,133.7855072021
2020-07-02,133.8350067139,134.6759948730,133.7910003662,133.8190002441
2020-07-03,134.0140075684,134.1849975586,133.6959991455,133.9909973145
2020-07-06,134.2180023193,134.6549987793,134.1490020752,134.1970062256
2020-07-07,134.1210021973,135.3760070801,134.0899963379,134.1349945068
2020-07-08,134.8569946289,135.3990020752,134.5890045166,134.9120025635
2020-07-09,135.2599945068,135.9129943848,135.1840057373,135.2899932861
2020-07-10,135.1699981689,135.1860046387,134.3009948730,135.1300048828
2020-07-13,134.9839935303,135.4689941406,134.8020019531,134.9880065918
2020-07-14,134.6309967041,134.7420043945,133.9889984131,134.6380004883
2020-07-15,134.8059997559,135.0760040283,134.4680023193,134.7839965820
2020-07-16,134.5520019531,135.1490020752,134.0590057373,134.5899963379
2020-07-17,134.7409973145,134.8899993896,134.1000061035,134.7189941406
2020-07-20,134.5829925537,135.6999969482,134.3399963379,134.6119995117
2020-07-21,135.7070007324,136.4210052490,135.7070007324,135.7100067139
2020-07-22,136.0229949951,136.4830017090,135.2960052490,135.9900054932
2020-07-23,136.4170074463,136.6100006104,135.8419952393,136.4149932861
2020-07-24,135.9929962158,136.0229949951,134.9700012207,136.0030059814
2020-07-27,135.5910034180,135.8079986572,135.1540069580,135.6069946289
2020-07-28,135.6940002441,135.9980010986,135.3300018311,135.6399993896
2020-07-29,135.8619995117,136.4429931641,135.6699981689,135.8280029297
2020-07-30,136.3249969482,137.3399963379,136.0839996338,136.3509979248
2020-07-31,137.2779998779,139.1829986572,136.7890014648,137.3000030518
2020-08-03,138.6510009766,138.9799957275,137.7610015869,138.6860046387
2020-08-04,138.6739959717,138.8549957275,137.8099975586,138.6399993896
2020-08-05,138.1809997559,138.9869995117,138.0299987793,138.1920013428
2020-08-06,138.5390014648,139.2059936523,138.4299926758,138.5410003662
2020-08-07,138.6309967041,138.7380065918,137.8600006104,138.6990051270
2020-08-10,138.1499938965,138.6190032959,138.0970001221,138.1459960938
2020-08-11,138.5899963379,139.4839935303,138.5899963379,138.5700073242
2020-08-12,138.9490051270,139.6040039062,138.8919982910,139.0019989014
2020-08-13,139.3509979248,140.1929931641,139.2799987793,139.3300018311
2020-08-14,139.7839965820,139.9889984131,139.3450012207,139.8229980469
2020-08-17,139.6300048828,139.6629943848,138.7899932861,139.6369934082
2020-08-18,138.9120025635,139.4969940186,138.5899963379,138.9230041504
2020-08-19,139.4360046387,139.9409942627,138.8840026855,139.4559936523
2020-08-20,139.0429992676,139.5839996338,138.5700073242,139.0299987793
2020-08-21,139.6959991455,139.9210052490,138.2929992676,139.6779937744
2020-08-24,138.6430053711,138.9889984131,138.2980041504,138.6199951172
2020-08-25,138.5220031738,140.0079956055,138.4490051270,138.5330047607
2020-08-26,139.9219970703,140.2850036621,139.6100006104,139.8899993896
2020-08-27,139.9360046387,140.7689971924,139.7189941406,139.9049987793
2020-08-28,140.7619934082,141.5890045166,140.0229949951,140.7050018311
2020-08-31,140.9129943848,142.0099945068,140.5119934082,140.9380035400
2020-09-01,141.6430053711,142.6970062256,141.3200073242,141.6589965820
2020-09-02,141.8439941406,141.9530029297,141.0269927979,141.8809967041
2020-09-03,141.7299957275,141.7538452148,140.5010070801,141.7799987793
2020-09-04,140.7369995117,141.4170074463,140.1340026855,140.6710052490
2020-09-07,140.8000030518,140.9731445312,139.6049957275,140.8029937744
2020-09-08,139.8910064697,139.8930053711,137.8880004883,139.8959960938
2020-09-09,137.3930053711,138.2910003662,136.7460021973,137.4010009766
2020-09-10,138.0800018311,138.3099975586,136.3699951172,138.0749969482
2020-09-11,135.9459991455,136.5189971924,135.5789947510,135.9340057373
2020-09-14,135.9329986572,136.5610046387,135.7700042725,135.9239959717
2020-09-15,135.8000030518,136.4120025635,135.4440002441,135.8280029297
2020-09-16,135.7429962158,136.4539947510,135.5500030518,135.7740020752
2020-09-17,136.1390075684,136.1390075684,134.5829925537,136.1430053711
2020-09-18,135.9120025635,136.1519927979,135.0299987793,135.8200073242
2020-09-21,135.1959991455,135.3190002441,133.5500030518,135.1779937744
2020-09-22,134.1990051270,134.3549957275,133.1029968262,134.1950073242
2020-09-23,133.8809967041,134.5000000000,133.1490020752,133.8379974365
2020-09-24,133.9409942627,134.6000061035,133.6280059814,133.9069976807
2020-09-25,134.4559936523,134.8099975586,133.8520050049,134.4570007324
2020-09-28,134.7530059814,136.1419982910,134.3659973145,134.7489929199
2020-09-29,135.7149963379,136.1759948730,135.4400024414,135.7050018311
2020-09-30,135.9270019531,136.5099945068,135.1790008545,135.9250030518
2020-10-01,136.2050018311,136.9920043945,135.3789978027,136.1990051270
2020-10-02,136.0149993896,136.3639984131,135.0559997559,135.9900054932
2020-10-05,136.4290008545,137.1490020752,136.2279968262,136.4199981689
2020-10-06,137.3329925537,137.4279937744,136.5099945068,137.3249969482
2020-10-07,136.0919952393,136.9470062256,135.9669952393,136.0950012207
2020-10-08,136.8650054932,137.3809967041,136.6970062256,136.8699951172
2020-10-09,137.1739959717,137.5480041504,136.8800048828,137.1829986572
2020-10-12,137.6100006104,137.7050018311,137.2140045166,137.6490020752
2020-10-13,137.6320037842,137.7550048828,136.8410034180,137.6100006104
2020-10-14,136.4160003662,137.3040008545,135.6779937744,136.4049987793
2020-10-15,136.8079986572,137.1410064697,135.7740020752,136.7460021973
2020-10-16,135.9239959717,136.3950042725,135.5260009766,135.9170074463
2020-10-19,136.2899932861,137.1900024414,136.2330017090,136.2790069580
2020-10-20,136.5390014648,137.0189971924,136.3339996338,136.5520019531
2020-10-21,136.6499938965,137.5010070801,136.5460052490,136.6130065918
2020-10-22,137.3979949951,137.5749969482,136.9759979248,137.4429931641
2020-10-23,137.1849975586,137.2665710449,136.5350036621,137.1959991455
2020-10-26,136.6629943848,137.0379943848,136.3000030518,136.6260070801
2020-10-27,136.4109954834,136.5740051270,136.1470031738,136.4340057373
2020-10-28,136.2180023193,136.2180023193,134.8979949951,136.2100067139
2020-10-29,135.4759979248,135.9349975586,134.6719970703,135.4889984131
2020-10-30,135.1959991455,135.7839965820,134.4109954834,135.1920013428
2020-11-02,135.2189941406,135.4069976807,134.8699951172,135.1699981689
2020-11-03,135.3150024414,136.6690063477,135.1609954834,135.3249969482
2020-11-04,137.2200012207,137.2790069580,135.3670043945,137.1470031738
2020-11-05,135.3229980469,136.2500000000,135.0599975586,135.3979949951
2020-11-06,136.0639953613,136.1690063477,135.4900054932,136.0850067139
2020-11-09,136.0760040283,138.7630004883,136.0290069580,136.0789947510
2020-11-10,138.4470062256,139.7559967041,138.1679992676,138.4340057373
2020-11-11,139.5780029297,140.1679992676,139.3000030518,139.5709991455
2020-11-12,139.3999938965,139.4010009766,138.0119934082,139.3880004883
2020-11-13,137.8890075684,138.4960021973,137.5200042725,137.8910064697
2020-11-16,138.3520050049,138.8059997559,137.6649932861,138.3719940186
2020-11-17,138.1549987793,138.3410034180,137.8139953613,138.1929931641
2020-11-18,138.0500030518,138.1529998779,137.8099975586,138.0919952393
2020-11-19,137.6040039062,137.9559936523,137.1869964600,137.7109985352
2020-11-20,137.4880065918,138.0260009766,137.4720001221,137.5399932861
2020-11-23,138.1009979248,139.0189971924,138.0800018311,138.1119995117
2020-11-24,139.2929992676,139.8190002441,139.1280059814,139.3208160400
2020-11-25,139.6260070801,139.7380065918,139.0119934082,139.6529998779
2020-11-26,139.6920013428,139.7700042725,138.9210052490,139.7239990234
2020-11-27,139.1929931641,139.2039947510,138.3450012207,139.1979980469
2020-11-30,138.7579956055,139.4429931641,138.4219970703,138.7460021973
2020-12-01,139.1119995117,140.2200012207,138.9850006104,139.0910034180
2020-12-02,139.9609985352,140.4160003662,138.9060058594,139.9900054932
2020-12-03,139.6490020752,140.2790069580,139.5209960938,139.6439971924
2020-12-04,139.6699981689,140.6889953613,139.5130004883,139.6799926758
2020-12-07,139.7749938965,139.8130035400,137.9160003662,139.7949981689
2020-12-08,138.9010009766,139.2660064697,138.4239959717,138.8990020752
2020-12-09,139.1840057373,140.3020019531,139.1450042725,139.1679992676
2020-12-10,139.3679962158,139.6430053711,138.4810028076,139.3560028076
2020-12-11,138.5489959717,138.6130065918,136.7799987793,138.6020050049
2020-12-14,138.4400024414,139.4069976807,138.2839965820,138.4069976807
2020-12-15,138.5729980469,139.4299926758,138.2969970703,138.6280059814
2020-12-16,139.3569946289,140.0359954834,139.1369934082,139.3040008545
2020-12-17,139.6869964600,140.3800048828,139.5970001221,139.7039947510
2020-12-18,139.9499969482,140.2969970703,139.3379974365,139.9389953613
2020-12-21,138.6620025635,138.7400054932,136.9940032959,138.6380004883
2020-12-22,138.9479980469,139.0650024414,138.0209960938,138.9700012207
2020-12-23,138.6730041504,140.2420043945,138.5440063477,138.6950073242
2020-12-24,139.8289947510,141.2059936523,139.8289947510,139.8209991455
2020-12-25,140.4600067139,140.8899993896,133.7129974365,140.1029968262
2020-12-28,140.5030059814,140.5610046387,139.5059967041,140.4949951172
2020-12-29,139.6100006104,140.1519927979,139.6100006104,139.6190032959
2020-12-30,139.7299957275,140.5339965820,139.6999969482,139.7899932861
2020-12-31,140.5509948730,141.1940002441,140.3809967041,140.5330047607
2021-01-01,141.1300048828,141.1600036621,138.7400054932,141.1399993896
2021-01-04,141.2489929199,141.2489929199,139.7810058594,141.2570037842
2021-01-05,139.9810028076,140.1349945068,139.5079956055,139.9329986572
2021-01-06,139.9250030518,140.5540008545,139.7799987793,139.9290008545
2021-01-07,140.3320007324,140.9799957275,140.1159973145,140.3399963379
2021-01-08,140.8079986572,141.3309936523,140.7319946289,140.8179931641
2021-01-11,140.6970062256,140.8370056152,140.3339996338,140.6719970703
2021-01-12,140.8309936523,142.0059967041,140.7250061035,140.8099975586
2021-01-13,141.7799987793,142.2279968262,141.5700073242,141.8020019531
2021-01-14,141.6979980469,142.2109985352,141.6100006104,141.7019958496
2021-01-15,142.0650024414,142.0980072021,140.9640045166,142.0500030518
2021-01-18,141.0350036621,141.0749969482,140.3540039062,141.0370025635
2021-01-19,140.8329925537,141.7100067139,140.8329925537,140.8269958496
2021-01-20,141.7460021973,142.2980041504,141.1060028076,141.7449951172
2021-01-21,141.4819946289,142.2059936523,141.4080047607,141.5209960938
2021-01-22,142.1139984131,142.1860046387,141.5160064697,142.0749969482
2021-01-25,142.0399932861,142.3099975586,141.6640014648,142.0545043945
2021-01-26,141.8769989014,142.4389953613,141.2870025635,141.9109954834
2021-01-27,142.3509979248,142.6880035400,142.2039947510,142.3399963379
2021-01-28,142.3719940186,143.2299957275,142.1909942627,142.3399963379
2021-01-29,143.1649932861,143.9443359375,142.9969940186,143.1190032959
2021-02-01,143.3999938965,144.0829925537,143.3719940186,143.3760070801
2021-02-02,143.4100036621,143.7460021973,143.1360015869,143.4459991455
2021-02-03,143.4660034180,143.6779937744,143.1179962158,143.4389953613
2021-02-04,143.3049926758,144.1999969482,142.8419952393,143.2720031738
2021-02-05,144.3190002441,144.8769989014,144.2480010986,144.3639984131
2021-02-08,144.7859954834,144.9160003662,144.3899993896,144.7830047607
2021-02-09,144.6080017090,144.6519927979,144.0149993896,144.6069946289
2021-02-10,144.4799957275,145.0480041504,144.3899993896,144.4400024414
2021-02-11,144.6699981689,144.8910064697,144.5399932861,144.6710052490
2021-02-12,144.6580047607,145.4040069580,144.4799957275,144.6519927979
2021-02-15,145.7030029297,146.6239929199,145.6450042725,145.7070007324
2021-02-16,146.6080017090,147.2960052490,146.5189971924,146.6100006104
2021-02-17,147.3509979248,147.3509979248,146.4270019531,147.3500061035
2021-02-18,146.7339935303,147.7599945068,146.5399932861,146.7689971924
2021-02-19,147.5480041504,148.1360015869,147.2779998779,147.5610046387
2021-02-22,148.0359954834,148.2700042725,147.5449981689,148.0350036621
2021-02-23,147.7200012207,148.3890075684,147.6589965820,147.6999969482
2021-02-24,148.6540069580,149.9519958496,148.6289978027,148.6401367188
2021-02-25,149.8500061035,150.4349975586,149.7487792969,149.8828887939
2021-02-26,148.9539947510,149.0149993896,147.4270019531,148.9709930420
2021-03-01,148.7960052490,149.2810058594,148.3470001221,148.7920074463
2021-03-02,148.8070068359,149.0310058594,148.0899963379,148.8130035400
2021-03-03,148.9470062256,149.6529998779,148.8829956055,148.9369964600
2021-03-04,149.0480041504,150.6690063477,149.0480041504,149.0800018311
2021-03-05,149.9709930420,150.3569946289,149.3730010986,149.9739990234
2021-03-08,150.0919952393,150.5659942627,149.6869964600,150.1829986572
2021-03-09,150.5670013428,151.2619934082,150.4900054932,150.5720062256
2021-03-10,150.7559967041,151.1660003662,150.6710052490,150.7899932861
2021-03-11,151.0390014648,151.6690063477,150.9608154297,151.0480041504
2021-03-12,151.8390045166,152.2200012207,151.2480010986,151.8520050049
2021-03-15,151.9880065918,152.0850067139,151.2089996338,151.9780883789
2021-03-16,151.6609954834,151.7330017090,150.8040008545,151.6622924805
2021-03-17,151.5549926758,151.9869995117,151.4299926758,151.5440063477
2021-03-18,152.1629943848,152.5290069580,151.6759948730,152.1580047607
2021-03-19,151.6470031738,151.7729949951,150.5899963379,151.6690063477
2021-03-22,150.6269989014,150.8869934082,150.3359985352,150.5780029297
2021-03-23,150.7449951172,150.7630004883,149.1210021973,150.7720031738
2021-03-24,149.0540008545,149.4340057373,148.5390014648,148.9850006104
2021-03-25,148.9149932861,149.8860015869,148.9049987793,148.9040069580
2021-03-26,150.0850067139,151.5260009766,150.0359954834,150.0899963379
2021-03-29,151.3300018311,151.7942047119,150.5700073242,151.3979949951
2021-03-30,151.2689971924,151.9270019531,151.1499938965,151.2874603271
2021-03-31,151.5980072021,152.7689971924,151.5570068359,151.5839996338
2021-04-01,152.6710052490,153.0650024414,152.3150024414,152.6519927979
2021-04-02,152.9998168945,153.1940002441,152.6900024414,153.0039978027
2021-04-05,153.0350036621,153.3549957275,152.8600006104,153.0559997559
2021-04-06,153.2799987793,153.3899993896,151.8950042725,153.2929992676
2021-04-07,151.7969970703,152.0440063477,150.7929992676,151.8150024414
2021-04-08,150.9640045166,151.0740051270,149.8869934082,150.9219970703
2021-04-09,150.1130065918,150.9069976807,149.5930023193,150.1100006104
2021-04-12,150.3910064697,150.5659942627,149.7400054932,150.3990020752
2021-04-13,150.4190063477,150.8110046387,149.7359924316,150.4250030518
2021-04-14,149.8500061035,150.4499969482,149.5599975586,149.8509979248
2021-04-15,150.0090026855,150.1679992676,149.6970062256,150.0160064697
2021-04-16,149.7619934082,150.4409942627,149.3999938965,149.7980041504
2021-04-19,150.1940002441,151.1959991455,149.9069976807,150.2160034180
2021-04-20,151.2440032959,151.9340057373,150.5980072021,151.2200012207
2021-04-21,150.6860046387,150.9440002441,150.0590057373,150.7030029297
2021-04-22,150.4900054932,150.6300048828,149.4210052490,150.5030059814
2021-04-23,149.3950042725,149.9219970703,149.0650024414,149.4089965820
2021-04-26,149.5930023193,150.2530059814,149.5500030518,149.5429992676
2021-04-27,150.3020019531,151.0879974365,150.1589965820,150.3320007324
2021-04-28,151.1300048828,151.4441070557,150.9900054932,151.1829986572
2021-04-29,151.3899993896,152.3840026855,151.3000030518,151.3990020752
2021-04-30,151.9309997559,152.0939941406,150.9190063477,151.9100036621
2021-05-03,151.0180053711,151.9250030518,151.0180053711,151.0090026855
2021-05-04,151.6490020752,152.0410003662,151.0059967041,151.6569976807
2021-05-05,151.8099975586,152.2100067139,151.7599945068,151.8119964600
2021-05-06,151.8820037842,152.0910034180,151.3309936523,151.8860015869
2021-05-07,151.4669952393,152.0209960938,151.3000030518,151.5119934082
2021-05-10,152.4320068359,153.8410034180,152.3990020752,152.3999938965
2021-05-11,153.7689971924,153.9409942627,153.1759948730,153.7980041504
2021-05-12,153.6670074463,154.4160003662,153.5290069580,153.6499938965
2021-05-13,154.2429962158,154.2969970703,153.5720062256,154.1940002441
2021-05-14,153.8300018311,154.2510070801,153.6100006104,153.8209991455
2021-05-17,154.2539978027,154.2640075684,153.7200012207,154.2790069580
2021-05-18,154.5950012207,154.8130035400,154.5050048828,154.5379943848
2021-05-19,154.4239959717,154.7850036621,153.5650024414,154.4420013428
2021-05-20,154.1289978027,154.2689971924,153.6580047607,154.1100006104
2021-05-21,154.3820037842,154.6529998779,154.0350036621,154.4029998779
2021-05-24,154.0000000000,154.1424713135,153.7729949951,154.0099945068
2021-05-25,154.0399932861,154.4259948730,153.8099975586,154.0690002441
2021-05-26,153.8899993896,154.3260040283,153.7689971924,153.8470001221
2021-05-27,154.0789947510,155.7640075684,153.8339996338,154.0859985352
2021-05-28,155.9929962158,156.0379943848,155.5919952393,155.9459991455
2021-05-31,155.8619995117,155.8619995117,155.2899932861,155.8359985352
2021-06-01,155.7359924316,155.9199981689,154.9779968262,155.7640075684
2021-06-02,154.9609985352,155.4960021973,154.9609985352,154.9839935303
2021-06-03,155.2899932861,155.7980041504,155.2899932861,155.2960052490
2021-06-04,155.5599975586,155.7189941406,155.0200042725,155.5500030518
2021-06-07,155.2440032959,155.2440032959,154.5399932861,155.2299957275
2021-06-08,154.9069976807,155.0670013428,154.5720062256,154.8910064697
2021-06-09,154.8970031738,155.3020019531,154.4980010986,154.8829956055
2021-06-10,154.7200012207,155.1959991455,154.1369934082,154.6739959717
2021-06-11,155.0000000000,155.1940002441,154.8300018311,155.0119934082
2021-06-14,154.8899993896,155.2870025635,154.3240051270,154.8820037842
2021-06-15,155.2500000000,155.4720001221,154.5480041504,155.2539978027
2021-06-16,155.0050048828,155.3730010986,154.9600067139,154.9940032959
2021-06-17,154.8760070801,155.0000000000,153.4029998779,154.9299926758
2021-06-18,153.7369995117,153.7409973145,152.1349945068,153.7579956055
2021-06-21,152.2330017090,153.4080047607,151.3099975586,152.2510070801
2021-06-22,153.6730041504,154.2480010986,153.0800018311,153.6799926758
2021-06-23,154.3769989014,155.1329956055,154.2299957275,154.3439941406
2021-06-24,154.9900054932,155.1130065918,153.8220062256,155.0200042725
2021-06-25,154.3500061035,154.5090026855,153.6100006104,154.3500061035
2021-06-28,153.9750061035,154.2180023193,153.4479980469,153.9629974365
2021-06-29,153.4889984131,153.4920043945,152.6289978027,153.4799957275
2021-06-30,152.9629974365,153.3919982910,152.6900024414,152.9730072021
2021-07-01,153.6280059814,153.9459991455,153.3339996338,153.6679992676
2021-07-02,153.5149993896,153.7050018311,153.0800018311,153.5019989014
2021-07-05,153.6829986572,153.7100067139,153.4499969482,153.7140045166
2021-07-06,153.6230010986,154.0630035400,152.4210052490,153.6419982910
2021-07-07,152.5829925537,153.1620025635,152.3099975586,152.6620025635
2021-07-08,152.6300048828,152.6300048828,150.6929931641,152.6600036621
2021-07-09,151.4019927979,152.7969970703,151.1600036621,151.3999938965
2021-07-12,153.1569976807,153.3350067139,152.4089965820,153.1799926758
2021-07-13,153.2189941406,153.4700012207,152.4360046387,153.1699981689
2021-07-14,152.6419982910,153.2680053711,152.3899993896,152.6519927979
2021-07-15,152.3820037842,152.7749938965,151.6199951172,152.3690032959
2021-07-16,151.7760009766,152.6069946289,151.6950073242,151.7940063477
2021-07-19,151.2369995117,151.2890014648,149.3190002441,151.1999969482
2021-07-20,149.6999969482,149.9409942627,148.4700012207,149.7180023193
2021-07-21,149.8609924316,150.9960021973,149.2920074463,149.8589935303
2021-07-22,151.1629943848,151.8869934082,150.7100067139,151.1660003662
2021-07-23,151.6499938965,152.1450042725,151.5540008545,151.6940002441
2021-07-26,152.0610046387,152.5509948730,151.4349975586,152.0690002441
2021-07-27,152.5000000000,152.5249938965,151.5899963379,152.4929962158
2021-07-28,152.4409942627,152.8730010986,152.1710052490,152.4239959717
2021-07-29,152.7989959717,153.4160003662,152.5189971924,152.7980041504
2021-07-30,152.7359924316,153.2129974365,152.4949951172,152.7669982910
2021-08-02,152.4190063477,152.8329925537,151.6479949951,152.4199981689
2021-08-03,151.7400054932,152.1929931641,151.2019958496,151.7779998779
2021-08-04,151.6499938965,152.4980010986,151.5099945068,151.6739959717
2021-08-05,152.1300048828,153.0169982910,152.0899963379,152.1230010986
2021-08-06,152.8379974365,153.2259979248,152.6699981689,152.8459930420
2021-08-09,152.8800048828,153.0209960938,152.5899963379,152.8699951172
2021-08-10,152.7259979248,153.2929992676,152.6239929199,152.7250061035
2021-08-11,153.0200042725,153.2339935303,152.8600006104,153.0050048828
2021-08-12,153.0440063477,153.1829986572,152.5500030518,153.0169982910
2021-08-13,152.5000000000,152.5379943848,152.0700073242,152.4620056152
2021-08-16,151.9499969482,151.9499969482,150.9539947510,151.9545288086
2021-08-17,151.2740020752,151.2810058594,150.5039978027,151.2599945068
2021-08-18,150.4720001221,151.2440032959,150.4470062256,150.4969940186
2021-08-19,150.9629974365,151.2019958496,149.6369934082,150.9470062256
2021-08-20,149.6329956055,149.8690032959,149.1900024414,149.6100006104
2021-08-23,149.7129974365,150.7409973145,149.6999969482,149.6100006104
2021-08-24,150.4839935303,151.0099945068,150.0399932861,150.5030059814
2021-08-25,150.6280059814,151.2050018311,150.4199981689,150.5879974365
2021-08-26,151.3840026855,151.5729980469,150.8390045166,151.3679962158
2021-08-27,150.6860046387,151.4940032959,150.4570007324,150.7610015869
2021-08-30,151.1499938965,151.2610015869,150.9299926758,151.1920013428
2021-08-31,151.2460021973,151.5740051270,151.0690002441,151.2619934082
2021-09-01,151.3300018311,151.9369964600,151.3000030518,151.3459930420
2021-09-02,151.6410064697,152.1540069580,151.3710021973,151.5899963379
2021-09-03,152.1020050049,152.2850036621,151.8240051270,152.1150054932
2021-09-06,152.1199951172,152.2259979248,151.7799987793,152.1119995117
2021-09-07,151.9720001221,152.2149963379,151.5070037842,151.9770050049
2021-09-08,151.9640045166,152.0740051270,151.4649963379,151.9700012207
2021-09-09,151.7200012207,152.1540069580,151.3910064697,151.7299957275
2021-09-10,151.8919982910,152.6210021973,151.7599945068,151.9100036621
2021-09-13,152.1000061035,152.3220062256,151.9210052490,152.1000061035
2021-09-14,152.2239990234,152.8209991455,151.7749938965,152.1970062256
2021-09-15,151.4830017090,151.5269927979,150.8220062256,151.4700012207
2021-09-16,151.4550018311,151.5410003662,150.9049987793,151.4660034180
2021-09-17,151.3439941406,151.9160003662,151.0720062256,151.3509979248
2021-09-20,150.9579925537,151.0339965820,149.4149932861,150.9790039062
2021-09-21,149.4689941406,150.1320037842,148.9400024414,149.4949951172
2021-09-22,149.0500030518,149.8049926758,148.9953918457,149.0535278320
2021-09-23,149.5460052490,151.4510040283,149.5200042725,149.5249938965
2021-09-24,151.3630065918,151.7129974365,151.0110015869,151.3659973145
2021-09-27,151.3520050049,152.1730041504,151.1150054932,151.3899993896
2021-09-28,151.9980010986,152.5659942627,150.5429992676,152.0180053711
2021-09-29,150.9700012207,151.1660003662,149.9279937744,150.9799957275
2021-09-30,150.2440032959,150.9259948730,150.0930023193,150.2799987793
2021-10-01,150.1100006104,150.6929931641,149.2440032959,150.1109924316
2021-10-04,150.5500030518,151.5110015869,150.2100067139,150.5480041504
2021-10-05,150.9859924316,152.0240020752,150.7429962158,150.9759979248
2021-10-06,151.9349975586,152.1089935303,150.8260040283,151.9029998779
2021-10-07,151.4100036621,152.0030059814,151.0099945068,151.4129943848
2021-10-08,152.0789947510,152.9259948730,152.0039978027,152.0599975586
2021-10-11,152.8800048828,154.4980010986,152.8800048828,152.8619995117
2021-10-12,154.1369934082,154.8070068359,153.7070007324,154.1000061035
2021-10-13,154.1269989014,154.9440002441,154.1199951172,154.1250000000
2021-10-14,154.8509979248,155.7230072021,154.8130035400,154.8589935303
2021-10-15,155.5899963379,157.4069976807,155.5760040283,155.5700073242
2021-10-18,157.2729949951,157.2819976807,156.6159973145,157.3209991455
2021-10-19,157.0149993896,158.0359954834,156.8829956055,156.9730072021
2021-10-20,157.9850006104,158.2019958496,157.0200042725,157.9600067139
2021-10-21,158.0980072021,158.1560058594,156.9530029297,158.0959930420
2021-10-22,156.9900054932,157.6320037842,156.0559997559,157.0010070801
2021-10-25,156.4290008545,156.7969970703,156.1649932861,156.3800048828
2021-10-26,156.5789947510,157.7480010986,156.4900054932,156.5700073242
2021-10-27,157.1880035400,157.2400054932,155.7100067139,157.1699981689
2021-10-28,156.2100067139,156.5610046387,155.9100036621,156.2220001221
2021-10-29,156.7550048828,157.0829925537,156.0429992676,156.7169952393
2021-11-01,156.3079986572,156.4680023193,155.8159942627,156.2960052490
2021-11-02,155.8090057373,155.8090057373,154.6580047607,155.7790069580
2021-11-03,155.1629943848,155.8919982910,154.9620056152,155.1580047607
2021-11-04,156.1790008545,156.2039947510,153.1210021973,156.1880035400
2021-11-05,153.7319946289,153.7319946289,152.8190002441,153.7590026855
2021-11-08,153.0416564941,153.6119995117,152.7129974365,153.0769958496
2021-11-09,153.5829925537,153.6239929199,152.7669982910,153.6040039062
2021-11-10,153.1113281250,153.7200012207,152.7949981689,153.1000061035
2021-11-11,152.7700042725,152.9940032959,152.4869995117,152.7350006104
2021-11-12,152.4129943848,152.9129943848,152.4129943848,152.3990020752
2021-11-15,152.9239959717,153.2669982910,152.6419982910,152.9109954834
2021-11-16,153.0350036621,154.0000000000,153.0350036621,153.0000000000
2021-11-17,154.2489929199,154.6499938965,153.9750061035,154.2440032959
2021-11-18,154.0379943848,154.2510070801,153.7070007324,154.0070037842
2021-11-19,154.2929992676,154.4420013428,152.5200042725,154.2599945068
2021-11-22,153.3170013428,154.0290069580,153.1340026855,153.3229980469
2021-11-23,153.7890014648,154.2010040283,153.2850036621,153.7749938965
2021-11-24,154.0149993896,154.1280059814,153.4600067139,153.9960021973
2021-11-25,153.8439941406,154.0460052490,153.4250030518,153.8229980469
2021-11-26,153.2270050049,153.2270050049,150.7940063477,153.1770019531
2021-11-29,151.6600036621,151.8329925537,150.7530059814,151.6990051270
2021-11-30,151.5299987793,151.6000061035,149.7559967041,151.5050048828
2021-12-01,150.5769958496,151.4170074463,150.0630035400,150.6269989014
2021-12-02,149.8300018311,150.7850036621,149.7980041504,149.8500061035
2021-12-03,150.3159942627,150.7259979248,149.3000030518,150.3020019531
2021-12-06,149.5330047607,150.3760070801,149.3659973145,149.6109924316
2021-12-07,150.4700012207,151.1119995117,150.1779937744,150.4649963379
2021-12-08,150.3489990234,150.6699981689,149.5189971924,150.3600006104
2021-12-09,150.1900024414,150.2899932861,149.4700012207,150.1490020752
2021-12-10,150.0379943848,150.3710021973,149.6820068359,150.0050048828
2021-12-13,150.4750061035,150.7409973145,150.0299987793,150.4519958496
2021-12-14,150.0529937744,150.5429992676,149.8000030518,150.0639953613
2021-12-15,150.4720001221,150.9920043945,150.2819976807,150.4660034180
2021-12-16,151.3899993896,152.6179962158,151.0910034180,151.3639984131
2021-12-17,151.4510040283,151.6970062256,150.4199981689,151.4230041504
2021-12-20,150.2129974365,150.3979949951,149.5390014648,150.1629943848
2021-12-21,150.1150054932,151.2619934082,149.9060058594,150.1320037842
2021-12-22,151.2769927979,152.5729980469,151.1000061035,151.2339935303
2021-12-23,152.3500061035,153.6950073242,152.2819976807,152.3329925537
2021-12-24,153.3999938965,153.5429992676,153.0549926758,153.4320068359
2021-12-27,153.2350006104,154.3619995117,153.1540069580,153.2369995117
2021-12-28,154.2539978027,154.5619964600,154.0200042725,154.2610015869
2021-12-29,154.1609954834,155.0379943848,154.0319976807,154.1499938965
2021-12-30,155.1660003662,155.6410064697,154.9149932861,155.1199951172
2021-12-31,155.2700042725,155.9869995117,155.0059967041,155.2940063477
2022-01-03,155.6679992676,155.9080047607,154.8970031738,155.6829986572
2022-01-04,155.4609985352,157.4069976807,155.3882904053,155.4830017090
2022-01-05,157.1499938965,157.3739929199,156.5760040283,157.1629943848
2022-01-06,157.3979949951,157.4589996338,156.1199951172,157.3970031738
2022-01-07,156.7989959717,157.0899963379,156.7510070801,156.7899932861
2022-01-10,157.1250000000,157.3540039062,155.9689941406,157.1369934082
2022-01-11,156.5359954834,157.1999969482,156.4170074463,156.5279998779
2022-01-12,157.2230072021,157.6809997559,157.0429992676,157.2209930420
2022-01-13,157.1549987793,157.4490051270,156.5110015869,157.1349945068
2022-01-14,156.4400024414,156.5099945068,155.4799957275,156.4770050049
2022-01-17,156.2819976807,156.7079925537,156.1940002441,156.2819976807
2022-01-18,156.3540039062,156.8800048828,155.4850006104,156.3450012207
2022-01-19,155.7890014648,156.2220001221,155.4029998779,155.7870025635
2022-01-20,155.6020050049,156.0399932861,155.4250030518,155.5930023193
2022-01-21,154.9450073242,154.9600067139,153.9170074463,154.9770050049
2022-01-24,154.2230072021,154.4640045166,152.9570007324,154.2310028076
2022-01-25,153.7709960938,153.8780059814,153.1199951172,153.7749938965
2022-01-26,153.8260040283,154.5520019531,153.6759948730,153.8359985352
2022-01-27,154.4839935303,154.7089996338,153.8240051270,154.4819946289
2022-01-28,154.4129943848,154.9409942627,154.3780059814,154.3880004883
2022-01-31,154.4290008545,155.3249969482,154.3860015869,154.4759979248
2022-02-01,154.7689971924,155.1609954834,154.4859924316,154.7649993896
2022-02-02,155.1239929199,155.2810058594,154.8099975586,155.1540069580
2022-02-03,155.1080017090,156.4839935303,155.0299987793,155.1300048828
2022-02-04,156.3130035400,156.4909973145,155.5989990234,156.3040008545
2022-02-07,155.9519958496,156.1219940186,155.1109924316,155.9230041504
2022-02-08,155.7669982910,156.7059936523,155.7669982910,155.7480010986
2022-02-09,156.5059967041,156.8399963379,156.2870025635,156.4929962158
2022-02-10,156.4309997559,158.0390014648,156.2500000000,156.4259948730
2022-02-11,157.2319946289,157.6670074463,156.7230072021,157.2339935303
2022-02-14,156.7989959717,156.7989959717,155.3300018311,156.8280029297
2022-02-15,156.3470001221,156.8119964600,155.9750061035,156.3370056152
2022-02-16,156.5740051270,157.0690002441,156.3710021973,156.5509948730
2022-02-17,156.7070007324,156.9790039062,156.1069946289,156.7400054932
2022-02-18,156.3650054932,157.1730041504,156.2120056152,156.3999938965
2022-02-21,156.2420043945,156.7279968262,156.1230010986,156.2480010986
2022-02-22,155.7640075684,156.4949951172,155.5939941406,155.7720031738
2022-02-23,156.4149932861,156.7649993896,155.8990020752,156.3919982910
2022-02-24,155.6430053711,155.8540039062,153.3990020752,155.6130065918
2022-02-25,154.4980010986,155.1620025635,154.1609954834,154.5240020752
2022-02-28,154.5189971924,154.9700012207,154.0980072021,154.5520019531
2022-03-01,154.4589996338,154.6719970703,152.8970031738,154.4559936523
2022-03-02,153.0690002441,154.5249938965,152.8200073242,153.1269989014
2022-03-03,154.7079925537,155.2059936523,154.0410003662,154.7330017090
2022-03-04,154.1320037842,154.1889953613,151.4730072021,154.1560058594
2022-03-07,151.8419952393,152.1979980469,151.2079925537,151.8589935303
2022-03-08,151.2720031738,151.8639984131,151.0039978027,151.2700042725
2022-03-09,151.6329956055,152.7100067139,151.6089935303,151.5720062256
2022-03-10,152.8430023193,152.9819946289,152.0800018311,152.8159942627
2022-03-11,152.1889953613,153.3950042725,152.0110015869,152.2089996338
2022-03-14,153.3249969482,154.1820068359,153.1900024414,153.3650054932
2022-03-15,153.8040008545,154.6840057373,153.2830047607,153.7680053711
2022-03-16,154.3049926758,155.3489990234,154.2389984131,154.3029937744
2022-03-17,156.1990051270,156.6940002441,155.4689941406,156.1710052490
2022-03-18,155.9170074463,156.9980010986,155.9160003662,155.8890075684
2022-03-21,156.9400024414,157.3829956055,156.3769989014,156.9369964600
2022-03-22,157.4589996338,160.1499938965,157.4589996338,157.4770050049
2022-03-23,160.8990020752,161.0789947510,159.0570068359,160.9579925537
2022-03-24,159.9570007324,160.9980010986,159.5939941406,159.9380035400
2022-03-25,161.4120025635,161.4120025635,159.8820037842,161.4170074463
2022-03-28,161.0599975586,164.5879974365,160.7769927979,161.0599975586
2022-03-29,162.0119934082,162.5480041504,160.4120025635,162.0119934082
2022-03-30,161.1979980469,161.0950012207,159.0489959717,161.1979980469
2022-03-31,160.2630004883,160.7989959717,159.4770050049,160.2630004883
2022-04-01,160.0579986572,161.1439971924,160.0030059814,160.0579986572
2022-04-04,160.6510009766,161.2640075684,160.2870025635,160.6510009766
2022-04-05,161.0099945068,161.9429931641,160.5449981689,161.0099945068
2022-04-06,161.6959991455,162.2440032959,161.6089935303,161.6959991455
2022-04-07,161.6889953613,162.2460021973,161.4490051270,161.6889953613
2022-04-08,162.1719970703,162.2239990234,161.6580047607,162.1719970703
2022-04-11,162.0859985352,163.8410034180,161.9210052490,162.0859985352
2022-04-12,163.3899993896,163.6060028076,162.9190063477,163.3899993896
2022-04-13,163.0570068359,164.1999969482,163.0050048828,163.0570068359
2022-04-14,164.4680023193,164.7810058594,164.0229949951,164.4680023193
2022-04-15,164.8470001221,165.3678588867,164.6529998779,164.8470001221
2022-04-18,165.3170013428,165.3600006104,164.6300048828,165.3170013428
2022-04-19,165.3099975586,167.4440002441,165.3200073242,165.3099975586
2022-04-20,168.2839965820,168.3880004883,166.4600067139,168.2839965820
2022-04-21,167.2460021973,167.8950042725,166.9810028076,167.2460021973
2022-04-22,167.2330017090,167.5500030518,164.8209991455,167.2330017090
2022-04-25,164.9949951172,165.1139984131,162.0690002441,164.9949951172
2022-04-26,162.7310028076,163.5700073242,160.4519958496,162.7310028076
2022-04-27,160.1360015869,161.2169952393,160.0800018311,160.1360015869
2022-04-28,161.0169982910,164.2209930420,160.8750000000,161.0169982910
2022-04-29,163.0050048828,163.9669952393,162.5220031738,163.0050048828
2022-05-02,163.4459991455,163.7980041504,162.7539978027,163.4459991455
2022-05-03,162.5749969482,163.3950042725,162.4900054932,162.5749969482
2022-05-04,162.6360015869,162.8419952393,162.2339935303,162.6360015869
2022-05-05,163.0229949951,163.1179962158,160.4909973145,163.0229949951
2022-05-06,161.1009979248,161.5740051270,160.3399963379,161.1009979248
2022-05-09,161.1529998779,162.1779937744,160.1869964600,161.1529998779
2022-05-10,160.8419952393,161.4839935303,160.0590057373,160.8419952393
2022-05-11,160.4210052490,161.2599945068,160.0050048828,160.4210052490
2022-05-12,158.8159942627,159.0339965820,155.6739959717,158.8159942627
2022-05-13,156.9080047607,158.2510070801,156.6529998779,156.9080047607
2022-05-16,158.6430053711,159.2169952393,157.4830017090,158.6430053711
2022-05-17,158.8800048828,161.8289947510,158.8630065918,158.8800048828
2022-05-18,161.5899963379,161.6970062256,158.9380035400,161.5899963379
2022-05-19,157.8699951172,159.8950042725,157.9060058594,157.8699951172
2022-05-20,159.2790069580,160.1779937744,158.7290039062,159.2790069580
2022-05-23,159.9149932861,160.7799987793,159.4170074463,159.9149932861
2022-05-24,160.6399993896,160.8350067139,158.0520019531,160.6399993896
2022-05-25,158.9700012207,159.8220062256,158.3990020752,158.9700012207
2022-05-26,160.0079956055,160.7720031738,159.0213928223,160.0079956055
2022-05-27,160.2689971924,160.5939941406,159.8099975586,160.2689971924
2022-05-30,160.7230072021,161.5149993896,160.3329925537,160.7230072021
2022-05-31,161.5950012207,162.3300018311,160.9730072021,161.5950012207
2022-06-01,162.2649993896,163.3249969482,161.9949951172,162.2649993896
2022-06-02,162.3950042725,163.1260070801,162.1060028076,162.3950042725
2022-06-03,163.4129943848,164.0489959717,163.0599975586,163.4129943848
2022-06-06,163.2680053711,165.0370025635,162.9349975586,163.2680053711
2022-06-07,165.5189971924,166.9109954834,165.3150024414,165.5189971924
2022-06-08,167.2019958496,168.4869995117,166.9700012207,167.2019958496
2022-06-09,168.5630035400,168.7169952393,166.7400054932,168.5630035400
2022-06-10,167.8990020752,167.8679962158,165.1770019531,167.8990020752
2022-06-13,165.4649963379,166.0019989014,162.2940063477,165.4649963379
2022-06-14,162.9799957275,164.2480010986,161.3560028076,162.9799957275
2022-06-15,162.4960021973,163.0760040283,161.7290039062,162.4960021973
2022-06-16,163.2400054932,163.7510070801,160.1560058594,163.2400054932
2022-06-17,163.5850067139,166.1569976807,163.0520019531,163.5850067139
2022-06-20,165.4010009766,165.6250000000,164.5030059814,165.4010009766
2022-06-21,165.4880065918,167.3750000000,165.3899993896,165.4880065918
2022-06-22,167.1020050049,167.3029937744,165.8009948730,167.1020050049
2022-06-23,166.5839996338,166.8780059814,164.7579956055,166.5839996338
2022-06-24,165.2839965820,166.2929992676,164.8580017090,165.2839965820
2022-06-27,165.8730010986,166.4739990234,165.1470031738,165.8730010986
2022-06-28,166.1199951172,166.8999938965,165.7209930420,166.1199951172
2022-06-29,165.7980041504,166.3000030518,165.4400024414,165.7980041504
2022-06-30,165.6629943848,165.8070068359,164.8049926758,165.6629943848
2022-07-01,165.0919952393,165.2949981689,161.6369934082,165.0919952393
2022-07-04,163.4219970703,164.7290039062,163.0119934082,163.4219970703
2022-07-05,164.5249938965,165.2570037842,161.6100006104,164.5249938965
2022-07-06,161.8999938965,162.5579986572,160.4060058594,161.8999938965
2022-07-07,162.0800018311,163.3990020752,161.5939941406,162.0800018311
2022-07-08,163.4420013428,163.8939971924,161.8489990234,163.4420013428
2022-07-11,163.7689971924,164.4210052490,163.0630035400,163.7689971924
2022-07-12,163.4900054932,163.5039978027,161.8520050049,163.4900054932
2022-07-13,162.3710021973,164.0729980469,162.4490051270,162.3710021973
2022-07-14,163.2420043945,165.1629943848,163.1439971924,163.2420043945
2022-07-15,164.5149993896,164.6840057373,163.6490020752,164.5149993896
2022-07-18,164.4149932861,166.0540008545,164.1399993896,164.4149932861
2022-07-19,165.1029968262,165.9199981689,164.7109985352,165.1029968262
2022-07-20,165.8589935303,166.2070007324,165.1730041504,165.8589935303
2022-07-21,165.6529998779,165.9420013428,164.5749969482,165.6529998779
2022-07-22,164.4479980469,165.1219940186,163.4069976807,164.4479980469
2022-07-25,163.3739929199,165.0310058594,163.0200042725,163.3739929199
2022-07-26,164.4490051270,164.9429931641,163.5119934082,164.4490051270
2022-07-27,164.8509979248,165.2669982910,164.7489929199,164.8509979248
2022-07-28,165.5229949951,165.6750030518,162.8800048828,165.5229949951
2022-07-29,163.5769958496,163.8509979248,161.5679931641,163.5769958496
2022-08-01,162.2799987793,162.2644805908,161.0639953613,162.2799987793
2022-08-02,161.1779937744,161.7729949951,159.4640045166,161.1779937744
2022-08-03,161.9429931641,163.0469970703,161.2480010986,161.9429931641
2022-08-04,162.5899963379,163.6479949951,161.1320037842,162.5899963379
2022-08-05,161.2279968262,163.3130035400,161.2030029297,161.2279968262
2022-08-08,162.8589935303,163.8289947510,162.8410034180,162.8589935303
2022-08-09,162.9329986572,163.6450042725,162.6230010986,162.9329986572
2022-08-10,163.1919403076,163.4869995117,161.6840057373,163.1919403076
2022-08-11,162.1799926758,162.4290008545,161.3560028076,162.1799926758
2022-08-12,162.1450042725,162.7790069580,161.8260040283,162.1450042725
2022-08-15,161.6369934082,161.7949981689,160.3609924316,161.6369934082
2022-08-16,160.5130004883,162.7209930420,160.0800018311,160.5130004883
2022-08-17,162.4464721680,163.5299987793,162.1909942627,162.4464721680
2022-08-18,162.5090026855,163.2290039062,161.9100036621,162.5090026855
2022-08-19,162.0099945068,162.8159942627,161.6439971924,162.0099945068
2022-08-22,161.9409942627,162.4779968262,161.1970062256,161.9409942627
2022-08-23,161.8470001221,162.2830047607,160.8150024414,161.8470001221
2022-08-24,161.7440032959,161.8399963379,160.8500061035,161.7440032959
2022-08-25,161.6289978027,161.9859924316,161.3350067139,161.6289978027
2022-08-26,161.4499969482,162.6329956055,161.2920074463,161.4499969482
2022-08-29,161.5399932861,162.5579986572,161.4550018311,161.5399932861
2022-08-30,162.4510040283,162.5639953613,161.5099945068,162.4510040283
2022-08-31,161.7279968262,161.8849945068,160.9259948730,161.7279968262
2022-09-01,161.5299987793,161.6959991455,160.9819946289,161.5299987793
2022-09-02,161.7579956055,162.4759979248,161.5169982910,161.7579956055
2022-09-05,161.1880035400,161.9109954834,160.6540069580,161.1880035400
2022-09-06,162.3999938965,165.0800018311,162.2510070801,162.3999938965
2022-09-07,164.7769927979,165.9889984131,164.2200012207,164.7769927979
2022-09-08,166.0130004883,166.1860046387,164.9309997559,166.0130004883
2022-09-09,165.6900024414,166.2129974365,164.3009948730,165.6900024414
2022-09-12,165.6699981689,167.0180053711,165.3849945068,165.6699981689
2022-09-13,166.6600036621,167.1340026855,166.1309967041,166.6600036621
2022-09-14,166.1369934082,166.4089965820,164.7899932861,166.1369934082
2022-09-15,164.9660034180,165.7149963379,164.6380004883,164.9660034180
2022-09-16,164.1690063477,164.4649963379,162.7590026855,164.1690063477
2022-09-19,163.2070007324,163.6360015869,162.9479980469,163.2070007324
2022-09-20,163.8769989014,164.4170074463,163.3639984131,163.8769989014
2022-09-21,163.4120025635,163.9109954834,162.3099975586,163.4120025635
2022-09-22,162.4080047607,164.3999938965,159.1560058594,162.4080047607
2022-09-23,160.2660064697,160.3500061035,156.1040039062,160.2660064697
2022-09-26,154.9170074463,156.9539947510,148.9299926758,154.9170074463
2022-09-27,155.5809936523,156.3370056152,155.1860046387,155.5809936523
2022-09-28,155.1829986572,156.3009948730,152.5899963379,155.1829986572
2022-09-29,156.4349975586,159.8650054932,155.6179962158,156.4349975586
2022-09-30,161.2870025635,162.1519927979,159.4349975586,161.2870025635
2022-10-03,161.2899932861,163.4709930420,160.6759948730,161.2899932861
2022-10-04,163.7779998779,165.2550048828,163.4199981689,163.7779998779
2022-10-05,164.6250000000,165.6820068359,162.6080017090,164.6250000000
2022-10-06,164.0019989014,164.4279937744,161.1820068359,164.0019989014
2022-10-07,161.8659973145,162.5610046387,161.0549926758,161.8659973145
2022-10-10,161.0299987793,161.5500030518,160.4799957275,161.0800018311
2022-10-11,161.3260040283,162.6029968262,160.3209991455,161.3260040283
2022-10-12,159.9600067139,163.0399932861,159.8159942627,159.9600067139
2022-10-13,162.9149932861,167.0059967041,162.3329925537,162.9149932861
2022-10-14,166.4579925537,167.1549987793,165.0529937744,166.4579925537
2022-10-17,167.0980072021,170.0709991455,166.6419982910,167.0980072021
2022-10-18,169.1119995117,169.7160034180,167.9400024414,169.1119995117
2022-10-19,169.2409973145,169.2769927979,167.9779968262,169.2409973145
2022-10-20,167.9389953613,169.6670074463,167.4499969482,167.9389953613
2022-10-21,168.4940032959,169.5229949951,165.0290069580,168.4940032959
2022-10-24,167.6699981689,169.4689941406,167.5390014648,167.6699981689
2022-10-25,168.3399963379,169.8880004883,167.8419952393,168.3399963379
2022-10-26,169.5989990234,170.5829925537,169.3569946289,169.5989990234
2022-10-27,170.0520019531,170.0310058594,168.7599945068,170.0520019531
2022-10-28,169.1320037842,171.0449981689,168.8999938965,169.1320037842
2022-10-31,171.3760070801,172.1009979248,170.7400054932,171.3760070801
2022-11-01,170.5509948730,170.9190063477,169.5769958496,170.5509948730
2022-11-02,169.9259948730,170.0390014648,168.5209960938,169.9259948730
2022-11-03,168.3390045166,168.2899932861,165.1210021973,168.3390045166
2022-11-04,165.7429962158,166.3399963379,165.2400054932,165.7429962158
2022-11-07,166.3750000000,168.2590026855,166.3670043945,166.3750000000
2022-11-08,168.8379974365,169.0489959717,167.3170013428,168.8379974365
2022-11-09,167.8059997559,168.3000030518,166.2899932861,167.8059997559
2022-11-10,166.1499938965,167.1089935303,165.2640075684,166.1499938965
2022-11-11,165.7059936523,166.0740051270,163.1309967041,165.7059936523
2022-11-14,164.6399993896,165.7010040283,163.6900024414,164.6399993896
2022-11-15,164.6269989014,166.1909942627,164.5420074463,164.6269989014
2022-11-16,165.0679931641,166.3619995117,164.9709930420,165.0679931641
2022-11-17,165.9779968262,166.2969970703,165.2940063477,165.9779968262
2022-11-18,166.5079956055,167.3029937744,166.1419982910,166.5079956055
2022-11-21,166.6779937744,167.6190032959,166.0829925537,166.6779937744
2022-11-22,168.0290069580,168.2599945068,167.3630065918,168.0290069580
2022-11-23,167.8760070801,168.9799957275,167.7500000000,167.8760070801
2022-11-24,168.1109924316,168.2599945068,167.1739959717,168.1109924316
2022-11-25,167.8659973145,168.7709960938,167.6159973145,167.8659973145
2022-11-28,167.9859924316,168.0390014648,166.3099975586,167.9859924316
2022-11-29,165.8939971924,166.6589965820,165.5590057373,165.8939971924
2022-11-30,165.7440032959,167.3609924316,165.5169982910,165.7440032959
2022-12-01,165.8399963379,167.1230010986,164.5440063477,165.8399963379
2022-12-02,165.6620025635,165.9479980469,164.0410003662,165.6620025635
2022-12-05,164.7100067139,166.5500030518,164.6100006104,165.0099945068
2022-12-06,166.5910034180,167.4709930420,166.1849975586,166.5910034180
2022-12-07,166.0559997559,167.3959960938,165.9440002441,166.0559997559
2022-12-08,166.5180053711,167.1410064697,166.3190002441,166.5180053711
2022-12-09,167.1199951172,168.0240020752,166.4980010986,167.1199951172
2022-12-12,167.2960052490,168.9640045166,167.1269989014,167.2960052490
2022-12-13,168.6869964600,169.2440032959,167.1280059814,168.6869964600
2022-12-14,167.5090026855,167.6329956055,166.7550048828,167.5090026855
2022-12-15,168.0769958496,168.8260040283,167.8099975586,168.0769958496
2022-12-16,167.8739929199,167.9759979248,166.0010070801,167.8739929199
2022-12-19,166.0480041504,166.8619995117,165.4880065918,166.0480041504
2022-12-20,166.4589996338,166.9290008545,159.1300048828,166.4589996338
2022-12-21,160.7369995117,160.9810028076,159.4940032959,160.7369995117
2022-12-22,159.8430023193,160.2089996338,158.8190002441,159.8430023193
2022-12-23,159.3200073242,160.5130004883,159.1280059814,159.3200073242
2022-12-26,160.9001464844,160.9100036621,159.6100006104,160.9001464844
2022-12-27,160.4010009766,160.8930053711,160.2030029297,160.4010009766
2022-12-28,160.5169982910,162.3370056152,160.4949951172,160.5169982910
2022-12-29,161.1979980469,161.4499969482,160.0579986572,161.1979980469
2022-12-30,160.2259979248,160.2599945068,158.4600067139,160.2259979248
2023-01-02,158.1119995117,158.5285186768,157.3439941406,158.1119995117
2023-01-03,157.7570037842,157.8600006104,155.3609924316,157.7570037842
2023-01-04,157.0740051270,159.2010040283,156.5260009766,157.0740051270
2023-01-05,159.4290008545,159.9929962158,158.8179931641,159.4290008545
2023-01-06,158.7590026855,159.9960021973,158.7489929199,158.7590026855
2023-01-09,159.7440032959,161.1759948730,159.2870025635,159.7440032959
2023-01-10,160.4889984131,160.9160003662,160.0350036621,160.4889984131
2023-01-11,160.5070037842,161.1739959717,160.5059967041,160.5070037842
2023-01-12,160.3359985352,160.4609985352,157.7740020752,160.3359985352
2023-01-13,157.7949981689,157.8699951172,155.6779937744,157.7949981689
2023-01-16,156.5050048828,157.0269927979,156.1779937744,156.5050048828
2023-01-17,156.6210021973,158.0260009766,156.5899963379,156.6210021973
2023-01-18,157.5339965820,161.4929962158,157.5019989014,157.5339965820
2023-01-19,158.6979980469,159.0070037842,157.5500030518,158.6979980469
2023-01-20,159.0760040283,161.2720031738,159.0440063477,159.0760040283
2023-01-23,160.5030059814,161.6849975586,160.3860015869,160.4579925537
2023-01-24,161.6260070801,161.7359924316,160.0050048828,161.6260070801
2023-01-25,160.5090026855,160.8970031738,159.5200042725,160.5090026855
2023-01-26,160.3880004883,161.4440002441,160.0099945068,160.3880004883
2023-01-27,161.1329956055,161.2510070801,160.4140014648,161.1329956055
2023-01-30,160.9980010986,161.3970031738,160.1940002441,160.9980010986
2023-01-31,161.1199951172,161.1479949951,159.7790069580,161.1199951172
2023-02-01,160.1000061035,160.6479949951,159.0399932861,160.1000061035
2023-02-02,159.3009948730,159.5549926758,157.3860015869,159.3009948730
2023-02-03,157.3200073242,158.7250061035,156.7420043945,157.3200073242
2023-02-06,158.9810028076,159.9290008545,158.7209930420,158.9810028076
2023-02-07,159.4799957275,159.5359954834,157.5679931641,159.4799957275
2023-02-08,157.9400024414,158.7949981689,157.6109924316,157.9400024414
2023-02-09,158.5749969482,159.4080047607,158.4259948730,158.5749969482
2023-02-10,159.3329925537,159.5679931641,157.5829925537,159.3329925537
2023-02-13,158.5269927979,161.1779937744,158.4219970703,158.5269927979
2023-02-14,160.7980041504,161.9589996338,160.1100006104,160.7980041504
2023-02-15,161.8910064697,161.9550018311,160.8110046387,161.8910064697
2023-02-16,161.1459960938,161.5019989014,160.8359985352,161.1459960938
2023-02-17,160.5310058594,161.4530029297,160.5019989014,160.5310058594
2023-02-20,161.5500030518,161.7109985352,161.1730041504,161.5500030518
2023-02-21,161.7019958496,163.7409973145,161.4279937744,161.7019958496
2023-02-22,163.4360046387,163.5469970703,162.3979949951,163.4360046387
2023-02-23,162.5429992676,162.8280029297,161.8730010986,162.5429992676
2023-02-24,161.7599945068,162.9989929199,161.2230072021,161.7599945068
2023-02-27,162.9949951172,163.9620056152,162.6009979248,162.9949951172
2023-02-28,164.3809967041,165.9680023193,164.0910034180,164.3809967041
2023-03-01,164.0460052490,164.4980010986,162.8820037842,164.0460052490
2023-03-02,163.7859954834,163.8840026855,163.0820007324,163.7859954834
2023-03-03,163.3589935303,163.6230010986,163.0970001221,163.3589935303
2023-03-06,163.5890045166,163.7760009766,163.0039978027,163.5890045166
2023-03-07,163.5079956055,163.8520050049,162.2160034180,163.5079956055
2023-03-08,162.4750061035,162.9660034180,161.7310028076,162.4750061035
2023-03-09,162.5910034180,162.6100006104,161.6289978027,162.5910034180
2023-03-10,162.5910034180,164.2030029297,161.9420013428,162.5910034180
2023-03-13,162.9980010986,163.0050048828,160.0520019531,162.9980010986
2023-03-14,161.9819946289,164.0489959717,161.8719940186,161.9819946289
2023-03-15,163.2929992676,164.1380004883,159.6889953613,163.2929992676
2023-03-16,160.3869934082,161.1880035400,158.5829925537,160.3869934082
2023-03-17,161.4859924316,162.0939941406,160.1790008545,161.4859924316
2023-03-20,161.1959991455,161.6970062256,158.9859924316,161.1959991455
2023-03-21,161.2680053711,162.2339935303,160.7579956055,161.2680053711
2023-03-22,161.7760009766,163.3179931641,161.6900024414,161.7760009766
2023-03-23,161.0619964600,161.8240051270,160.6999969482,161.0619964600
2023-03-24,160.6860046387,160.6990051270,158.3119964600,160.6860046387
2023-03-27,159.7700042725,161.6970062256,159.6399993896,159.8300018311
2023-03-28,161.3699951172,161.7230072021,160.7129974365,161.3699951172
2023-03-29,161.5749969482,163.4559936523,161.5099945068,161.5749969482
2023-03-30,163.2209930420,164.4190063477,163.0220031738,163.2209930420
2023-03-31,164.9600067139,165.3990020752,164.1649932861,164.9600067139
2023-04-03,163.8280029297,164.8730010986,163.4190063477,163.8280029297
2023-04-04,164.3399963379,166.3439941406,164.1869964600,164.3399963379
2023-04-05,164.2259979248,164.6589965820,162.8099975586,164.2259979248
2023-04-06,163.1170043945,164.1020050049,162.9049987793,163.1069946289
2023-04-07,163.7279968262,164.2640075684,163.6069946289,163.7279968262
2023-04-10,164.1979980469,165.4819946289,164.0160064697,164.1979980469
2023-04-11,165.3670043945,166.0989990234,165.1900024414,165.3670043945
2023-04-12,166.0440063477,166.5559997559,165.4409942627,166.0440063477
2023-04-13,166.2429962158,166.8009948730,165.4409942627,166.2429962158
2023-04-14,165.9170074463,166.2230072021,165.4739990234,165.9170074463
2023-04-17,166.1109924316,166.6289978027,165.7109985352,166.1109924316
2023-04-18,166.3509979248,166.9830017090,166.1670074463,166.3509979248
2023-04-19,166.5269927979,167.9349975586,166.4810028076,166.5269927979
2023-04-20,167.4069976807,167.6900024414,166.8439941406,167.4069976807
2023-04-21,166.6820068359,166.9850006104,165.5359954834,166.6820068359
2023-04-24,166.7299957275,167.6690063477,166.5529937744,166.7299957275
2023-04-25,167.5839996338,167.9329986572,165.8769989014,167.5839996338
2023-04-26,165.9770050049,166.9600067139,165.6390075684,165.9770050049
2023-04-27,166.4019927979,167.3300018311,166.3399963379,166.4100036621
2023-04-28,167.0700073242,171.0980072021,166.9470062256,167.0700073242
2023-05-01,171.2519989014,172.0749969482,171.0099945068,171.2519989014
2023-05-02,171.6849975586,172.3070068359,169.9440002441,171.6849975586
2023-05-03,170.2429962158,170.3549957275,169.1450042725,170.2429962158
2023-05-04,169.0700073242,169.5229949951,168.1490020752,169.0700073242
2023-05-05,168.8280029297,170.5980072021,168.6900024414,168.8280029297
2023-05-08,170.7480010986,171.0559997559,170.2270050049,170.7480010986
2023-05-09,170.3419952393,170.5939941406,169.8600006104,170.3419952393
2023-05-10,170.7779998779,171.1569976807,169.5540008545,170.7779998779
2023-05-11,169.3000030518,169.7019958496,167.8549957275,169.3000030518
2023-05-12,168.1900024414,169.1089935303,168.2019958496,168.1900024414
2023-05-15,169.0980072021,170.4210052490,169.0399932861,169.0980072021
2023-05-16,170.3800048828,170.8049926758,169.3970031738,170.3800048828
2023-05-17,170.3040008545,171.6640014648,170.1210021973,170.3040008545
2023-05-18,171.7660064697,172.1320037842,171.1799926758,171.7660064697
2023-05-19,172.0480041504,172.4949951172,171.2530059814,172.0480041504
2023-05-22,171.5650024414,172.5410003662,171.2010040283,171.5650024414
2023-05-23,172.4140014648,172.6100006104,171.3170013428,172.4140014648
2023-05-24,172.0870056152,172.7239990234,171.2610015869,172.0870056152
2023-05-25,172.2960052490,172.7511749268,172.0099945068,172.2960052490
2023-05-26,172.4239959717,173.4299926758,172.2200012207,172.4239959717
2023-05-29,173.9170074463,173.9010009766,172.9299926758,173.9170074463
2023-05-30,173.4199981689,174.2669982910,173.0030059814,173.4199981689
2023-05-31,173.4920043945,173.6069946289,172.5200042725,173.4920043945
2023-06-01,173.1549987793,174.0950012207,173.0520019531,173.1549987793
2023-06-02,173.7769927979,174.6560058594,173.7489929199,173.7769927979
2023-06-05,174.2630004883,174.3040008545,172.8899993896,174.2630004883
2023-06-06,173.2669982910,173.7429962158,172.6750030518,173.2669982910
2023-06-07,173.3869934082,174.3439941406,172.6809997559,173.3869934082
2023-06-08,174.0879974365,174.4810028076,173.8999938965,174.0879974365
2023-06-09,174.3769989014,175.5310058594,174.4290008545,174.3769989014
2023-06-12,175.3280029297,175.7489929199,174.3639984131,175.3280029297
2023-06-13,174.5229949951,176.6390075684,174.4649963379,174.5229949951
2023-06-14,176.6790008545,177.1289978027,176.4499969482,176.6790008545
2023-06-15,177.3240051270,179.3390045166,177.3339996338,177.3240051270
2023-06-16,179.3260040283,181.7239990234,178.8249969482,179.3260040283
2023-06-19,181.9799957275,182.0599975586,181.2220001221,181.9799957275
2023-06-20,181.5310058594,182.0319976807,179.9579925537,181.5310058594
2023-06-21,180.3970031738,181.5599975586,179.9589996338,180.3970031738
2023-06-22,180.9380035400,182.1959991455,180.7369995117,180.9380035400
2023-06-23,182.2989959717,182.7929992676,181.3190002441,182.2989959717
2023-06-26,182.7079925537,182.9700012207,181.6999969482,182.7079925537
2023-06-27,182.3520050049,183.6770019531,182.2180023193,182.3520050049
2023-06-28,183.3509979248,183.5789947510,182.1690063477,183.3509979248
2023-06-29,182.5189971924,182.8560028076,182.2169952393,182.5189971924
2023-06-30,182.6300048828,183.8560028076,182.1799926758,182.6300048828
2023-07-03,183.2769927979,183.7449951172,183.0859985352,183.2769927979
2023-07-04,183.4900054932,183.8970031738,183.2550048828,183.4900054932
2023-07-05,183.6100006104,183.9739990234,183.1710052490,183.6100006104
2023-07-06,183.5299987793,183.9940032959,182.5000000000,183.5299987793
2023-07-07,183.4109954834,183.5350036621,182.0229949951,183.4109954834
2023-07-10,182.5690002441,183.2030029297,181.1029968262,182.5690002441
2023-07-11,181.7330017090,181.9750061035,180.8359985352,181.7330017090
2023-07-12,181.1970062256,181.1690063477,179.5299987793,181.1970062256
2023-07-13,179.7319946289,181.4259948730,179.4969940186,179.7319946289
2023-07-14,181.2530059814,182.2519989014,180.2510070801,181.2530059814
2023-07-17,181.5310058594,182.1199951172,180.6009979248,181.5310058594
2023-07-18,181.3300018311,181.7899932861,180.4040069580,181.3300018311
2023-07-19,181.2089996338,181.6060028076,179.8439941406,181.2089996338
2023-07-20,180.5820007324,180.7030029297,179.7319946289,180.5820007324
2023-07-21,180.0140075684,182.5090026855,179.9340057373,180.0140075684
2023-07-24,182.1849975586,182.3240051270,180.8159942627,182.1849975586
2023-07-25,181.2799987793,181.9859924316,181.1670074463,181.2799987793
2023-07-26,181.6809997559,181.9080047607,180.9109954834,181.6809997559
2023-07-27,181.4429931641,181.9019927979,180.8170013428,181.4429931641
2023-07-28,177.6519927979,181.1139984131,176.4029998779,177.6519927979
2023-07-31,180.9170074463,183.1759948730,180.8699951172,180.9170074463
2023-08-01,182.6479949951,183.2279968262,182.5839996338,182.6479949951
2023-08-02,182.8970031738,183.1219940186,181.7559967041,182.8970031738
2023-08-03,182.3150024414,182.7420043945,180.4830017090,182.3150024414
2023-08-04,181.3139953613,181.7129974365,180.7530059814,181.3139953613
2023-08-07,180.8540039062,181.8930053711,180.5820007324,180.8540039062
2023-08-08,182.1470031738,182.9450073242,181.3999938965,182.1470031738
2023-08-09,182.5200042725,183.0059967041,182.3769989014,182.5200042725
2023-08-10,182.8070068359,184.2059936523,182.6999969482,182.8070068359
2023-08-11,183.5130004883,184.2290039062,183.4349975586,183.5130004883
2023-08-14,183.8370056152,184.4340057373,183.4559936523,183.8370056152
2023-08-15,184.4499969482,185.2910003662,184.3540039062,184.4499969482
2023-08-16,184.9290008545,186.0220031738,184.6799926758,184.9290008545
2023-08-17,186.2270050049,186.4689941406,185.7899932861,186.2270050049
2023-08-18,185.7449951172,185.8690032959,184.5679931641,185.7449951172
2023-08-21,185.1359405518,186.3560028076,184.8809967041,185.1359405518
2023-08-22,186.5989990234,186.7489929199,185.5700073242,186.5989990234
2023-08-23,185.5729980469,185.9160003662,183.3979949951,185.5729980469
2023-08-24,184.0220031738,184.7380065918,184.0000000000,184.0220031738
2023-08-25,183.9290008545,184.3520050049,183.3910064697,183.9290008545
2023-08-28,184.4629974365,184.6320037842,184.1799926758,184.4629974365
2023-08-29,184.6959991455,185.2469940186,184.1049957275,184.6959991455
2023-08-30,184.4689941406,185.7220001221,184.4089965820,184.4689941406
2023-08-31,185.6940002441,185.7969970703,184.4036254883,185.6940002441
2023-09-01,184.3320007324,184.5390014648,183.5390014648,184.3320007324
2023-09-04,183.8800048828,185.0679931641,183.8750000000,183.8800048828
2023-09-05,184.9299926758,185.7599945068,184.0720062256,184.9299926758
2023-09-06,185.3549957275,185.5899963379,184.2810058594,185.3549957275
2023-09-07,184.6080017090,184.7489929199,183.3860015869,184.6080017090
2023-09-08,183.7799987793,184.4490051270,183.1759948730,183.7799987793
2023-09-11,183.7149963379,183.8939971924,182.6699981689,183.7149963379
2023-09-12,183.4510040283,183.8630065918,182.9770050049,183.4510040283
2023-09-13,183.7989959717,184.3609924316,183.2050018311,183.7989959717
2023-09-14,184.0110015869,184.0559997559,182.5599975586,184.0110015869
2023-09-15,182.8739929199,183.8959960938,182.7700042725,182.8739929199
2023-09-18,183.3079986572,183.3320007324,182.7400054932,183.3079986572
2023-09-19,182.7700042725,183.4689941406,182.7319946289,182.7700042725
2023-09-20,183.0890045166,183.3410034180,182.4929962158,183.0890045166
2023-09-21,182.8339996338,182.9190063477,181.0879974365,182.8339996338
2023-09-22,181.4989929199,182.2879943848,181.1959991455,181.4989929199
2023-09-25,181.6920013428,181.9510040283,181.4100036621,181.6920013428
2023-09-26,181.7299957275,181.7940063477,181.0610046387,181.7299957275
2023-09-27,181.0200042725,181.5350036621,180.8829956055,181.0200042725
2023-09-28,181.4069976807,182.3959960938,181.0630035400,181.4069976807
2023-09-29,182.2480010986,182.9909973145,181.8999938965,182.2480010986
2023-10-02,182.3099975586,182.7980041504,181.5370025635,182.3099975586
2023-10-03,181.1730041504,181.3549957275,179.6649932861,181.1730041504
2023-10-04,180.1820068359,181.2409973145,179.5899963379,180.1820068359
2023-10-05,180.7890014648,180.9279937744,180.3200073242,180.7890014648
2023-10-06,180.9219970703,182.7469940186,180.8359985352,180.9219970703
2023-10-09,182.2740020752,182.2960052490,181.2660064697,182.2740020752
2023-10-10,181.6829986572,182.7660064697,181.5650024414,181.6829986572
2023-10-11,182.6360015869,183.7369995117,182.4980010986,182.6360015869
2023-10-12,183.5339965820,183.8000030518,182.7619934082,183.5339965820
2023-10-13,182.4700012207,182.8990020752,181.5099945068,182.4700012207
2023-10-16,181.7599945068,182.4799957275,181.5399932861,181.7599945068
2023-10-17,182.6560058594,182.7169952393,181.7050018311,182.6560058594
2023-10-18,182.3600006104,182.8040008545,181.8739929199,182.3600006104
2023-10-19,181.7870025635,182.1349945068,181.1900024414,181.7870025635
2023-10-20,181.7680053711,182.2839965820,181.3200073242,181.7680053711
2023-10-23,182.2960052490,183.2859954834,182.0740051270,182.2960052490
2023-10-24,183.4479980469,183.7310028076,182.2610015869,183.4479980469
2023-10-25,182.2310028076,182.4360046387,181.6300048828,182.2310028076
2023-10-26,181.6499938965,182.3500061035,181.4219970703,181.6499938965
2023-10-27,182.4720001221,182.4949951172,181.5489959717,182.4720001221
2023-10-30,181.3690032959,181.8600006104,180.7879943848,181.3690032959
2023-10-31,181.3439941406,183.8200073242,181.3399963379,181.3829956055
2023-11-01,183.8350067139,183.9779968262,183.0000000000,183.8350067139
2023-11-02,183.4069976807,183.6790008545,182.8099975586,183.4069976807
2023-11-03,183.4389953613,184.7920074463,183.2649993896,183.4389953613
2023-11-06,184.8939971924,185.9450073242,184.8800048828,184.8939971924
2023-11-07,185.1419982910,185.4450073242,184.6580047607,185.1419982910
2023-11-08,184.8390045166,185.4940032959,184.5529937744,184.8390045166
2023-11-09,185.3070068359,185.8739929199,185.1340026855,185.3070068359
2023-11-10,184.8670043945,185.2100067139,184.6519927979,184.8670043945
2023-11-13,185.2059936523,185.9539947510,185.2140045166,185.2059936523
2023-11-14,186.1999969482,188.2830047607,186.0890045166,186.1999969482
2023-11-15,187.9980010986,188.2239990234,187.3439941406,187.9980010986
2023-11-16,187.8240051270,187.8999938965,186.8249969482,187.8240051270
2023-11-17,187.0749969482,187.1410064697,185.3300018311,187.0749969482
2023-11-20,186.7279968262,186.7660064697,184.6419982910,186.7279968262
2023-11-21,185.5679931641,185.6190032959,184.4799957275,185.5679931641
2023-11-22,185.8339996338,187.0189971924,185.7330017090,185.8339996338
2023-11-23,186.6629943848,187.5749969482,186.2839965820,186.6629943848
2023-11-24,187.5279998779,188.6560058594,187.0800018311,187.5279998779
2023-11-27,188.4490051270,188.5130004883,187.6000061035,188.4490051270
2023-11-28,187.5420074463,187.8580017090,187.0639953613,187.5420074463
2023-11-29,186.9299926758,187.5050048828,186.6450042725,186.9299926758
2023-11-30,186.6589965820,187.5359954834,186.2550048828,186.6589965820
2023-12-01,186.9270019531,187.4929962158,186.2120056152,186.9270019531
2023-12-04,186.0919952393,186.3119964600,185.0800018311,186.0919952393
2023-12-05,186.1199951172,186.1640014648,185.0800018311,186.1199951172
2023-12-06,185.3569946289,185.7949981689,185.1699981689,185.3569946289
2023-12-07,184.8159942627,184.8090057373,180.9649963379,184.8159942627
2023-12-08,181.5989990234,182.0140075684,179.5650024414,181.5989990234
2023-12-11,182.0070037842,184.2960052490,181.9680023193,182.0070037842
2023-12-12,183.3719940186,183.4239959717,182.2760009766,183.3719940186
2023-12-13,182.5980072021,183.1250000000,181.7100067139,182.5980072021
2023-12-14,180.2100067139,180.8919982910,178.4279937744,180.2100067139
2023-12-15,181.6609954834,181.6959991455,179.8549957275,181.6609954834
2023-12-18,180.3289947510,181.1710052490,180.1999969482,180.3289947510
2023-12-19,180.5449981689,184.1410064697,180.0630035400,180.5449981689
2023-12-20,183.1999969482,183.3040008545,181.2940063477,183.1640014648
2023-12-21,181.4089965820,181.4210052490,179.7980041504,181.4089965820
2023-12-22,180.1139984131,181.3659973145,179.9450073242,180.1139984131
2023-12-25,181.1736145020,181.2329864502,180.1100006104,181.1736145020
2023-12-26,180.6640014648,181.2380065918,180.4940032959,180.6640014648
2023-12-27,181.2630004883,182.1490020752,181.1260070801,181.2630004883
2023-12-28,180.9499969482,181.3659973145,179.0330047607,180.9499969482
2023-12-29,180.0410003662,180.5249938965,179.3309936523,180.0410003662
2024-01-01,179.3880004883,179.8600006104,178.9600067139,179.3880004883
2024-01-02,179.6139984131,180.6170043945,178.7660064697,179.6139984131
2024-01-03,179.4270019531,181.4620056152,179.1860046387,179.4270019531
2024-01-04,181.2030029297,183.7680053711,181.0220031738,181.2030029297
2024-01-05,183.6049957275,184.2940063477,183.3880004883,183.6049957275
2024-01-08,184.0379943848,184.1230010986,183.0130004883,184.0379943848
2024-01-09,183.7899932861,183.8099975586,182.7790069580,183.7899932861
2024-01-10,183.5769958496,185.4960021973,183.6380004883,183.5769958496
2024-01-11,185.7310028076,186.1109924316,185.2819976807,185.7310028076
2024-01-12,185.3070068359,185.6369934082,184.4739990234,185.3070068359
2024-01-15,184.8569946289,185.7089996338,184.7799987793,184.8569946289
2024-01-16,185.3670043945,186.1660003662,184.9909973145,185.3670043945
2024-01-17,186.0769958496,188.0959930420,185.8719940186,186.0769958496
2024-01-18,187.7420043945,187.9589996338,187.3200073242,187.7420043945
2024-01-19,188.2230072021,188.8899993896,187.4149932861,188.2230072021
2024-01-22,188.1029968262,188.3690032959,187.7550048828,188.1029968262
2024-01-23,188.2310028076,188.8899993896,187.4069976807,188.2310028076
2024-01-24,188.1260070801,188.4550018311,187.1430053711,188.1260070801
2024-01-25,187.6880035400,188.1699981689,187.1770019531,187.6880035400
2024-01-26,187.7070007324,188.5429992676,187.3339996338,187.7070007324
2024-01-29,188.0800018311,188.2799987793,187.1130065918,188.0800018311
2024-01-30,187.4620056152,187.4510040283,186.3619995117,187.4620056152
2024-01-31,187.0789947510,187.5679931641,185.9960021973,187.0789947510
2024-02-01,186.3459930420,186.5579986572,185.2389984131,186.3459930420
2024-02-02,186.6369934082,187.7100067139,186.4100036621,186.6369934082
2024-02-05,187.4270019531,187.5700073242,186.1880035400,187.4270019531
2024-02-06,186.3009948730,186.7590026855,186.1759948730,186.3009948730
2024-02-07,186.2799987793,187.2519989014,186.2500000000,186.2799987793
2024-02-08,186.9839935303,188.4290008545,186.8650054932,186.9839935303
2024-02-09,188.3540039062,188.8439941406,188.2550048828,188.3540039062
2024-02-12,188.4920043945,188.7030029297,187.8679962158,188.4920043945
2024-02-13,188.6309967041,189.9880065918,188.4299926758,188.6329956055
2024-02-14,189.7290039062,189.8159942627,188.7550048828,189.7290039062
2024-02-15,189.1950073242,189.2120056152,188.1399993896,189.1950073242
2024-02-16,188.8910064697,189.2409973145,188.8500061035,188.8910064697
2024-02-19,189.3339996338,189.3890075684,188.9100036621,189.2709960938
2024-02-20,189.1139984131,189.6999969482,189.0579986572,189.1139984131
2024-02-21,189.3090057373,189.7409973145,189.1399993896,189.3090057373
2024-02-22,189.9900054932,190.8110046387,189.8569946289,189.9900054932
2024-02-23,190.5390014648,191.1369934082,190.3860015869,190.5390014648
2024-02-26,190.6809997559,191.3000030518,190.3190002441,190.7070007324
2024-02-27,190.9400024414,190.9660034180,190.4029998779,190.9669952393
2024-02-28,190.8339996338,190.8919982910,190.2749938965,190.8339996338
2024-02-29,190.7500000000,190.7500000000,189.0559997559,190.6690063477
2024-03-01,189.4830017090,190.3739929199,189.4730072021,189.4830017090
2024-03-04,190.0299987793,191.1849975586,189.7870025635,190.0299987793
2024-03-05,190.9320068359,191.0189971924,190.4100036621,190.9320068359
2024-03-06,190.6199951172,190.6759948730,189.8760070801,190.6199951172
2024-03-07,190.0910034180,190.0910034180,188.2310028076,190.0910034180
2024-03-08,189.4649963379,189.6869964600,188.3919982910,189.4649963379
2024-03-11,188.6709747314,188.9629974365,187.9660034180,188.6709747314
2024-03-12,188.0970001221,189.1809997559,187.9909973145,188.0970001221
2024-03-13,188.8719940186,189.5180053711,188.4309997559,188.8719940186
2024-03-14,188.9400024414,189.5050048828,188.6580047607,188.9400024414
2024-03-15,188.9989929199,189.9859924316,188.5970001221,188.9989929199
2024-03-18,189.6300048828,190.1419982910,189.6231079102,189.6300048828
2024-03-19,189.8040008545,191.6450042725,189.7200012207,189.8040008545
2024-03-20,192.0959930420,192.8249969482,192.0520019531,192.0959930420
2024-03-21,192.9360046387,193.4770050049,191.9060058594,192.9360046387
2024-03-22,191.9750061035,192.1829986572,190.4060058594,191.9750061035
2024-03-25,190.6777191162,191.4920043945,190.6000061035,190.6777191162
2024-03-26,191.2839965820,191.6710052490,191.1210021973,191.2839965820
2024-03-27,191.2180023193,191.6100006104,190.5140075684,191.2180023193
2024-03-28,190.8099975586,191.2559967041,190.5659942627,190.8099975586
2024-03-29,191.1529998779,191.2030029297,190.7700042725,191.1529998779
2024-04-01,191.3000030518,191.3329925537,190.2850036621,191.3000030518
2024-04-02,190.1719970703,190.7050018311,190.0720062256,190.1719970703
2024-04-03,190.5800018311,191.6699981689,190.4290008545,190.5800018311
2024-04-04,191.7610015869,192.2369995117,191.7220001221,191.7610015869
2024-04-05,191.2299957275,191.5260009766,190.6950073242,191.2299957275
2024-04-08,191.5000000000,192.1309967041,191.3690032959,191.5000000000
2024-04-09,192.1849975586,192.8229980469,192.1089935303,192.1849975586
2024-04-10,192.3999938965,192.8880004883,191.6719970703,192.3999938965
2024-04-11,191.7400054932,192.5670013428,191.5720062256,191.7400054932
2024-04-12,192.3170013428,192.3809967041,190.0229949951,192.3170013428
2024-04-15,191.0099945068,192.6799926758,190.8880004883,191.0099945068
2024-04-16,191.9299926758,192.7890014648,191.6609954834,191.9299926758
2024-04-17,192.2899932861,192.8309936523,192.0090026855,192.2899932861
2024-04-18,192.2019958496,192.7749938965,191.9069976807,192.2019958496
2024-04-19,192.2709960938,192.7140045166,190.3540039062,192.2709960938
2024-04-22,191.3670043945,191.6840057373,190.3190002441,191.3650054932
2024-04-23,191.1829986572,192.7550048828,190.8359985352,191.1829986572
2024-04-24,192.6950073242,192.9429931641,192.4239959717,192.6950073242
2024-04-25,193.4369964600,194.9378356934,193.4470062256,193.4369964600
2024-04-26,194.6170043945,196.6759948730,194.4069976807,194.6170043945
2024-04-29,197.9109954834,200.2830047607,193.6340026855,197.9109954834
2024-04-30,196.3179931641,197.3529968262,196.1219940186,196.3179931641
2024-05-01,196.9819946289,197.4060058594,196.5700073242,196.9819946289
2024-05-02,195.2030029297,195.7350006104,191.8970031738,195.2030029297
2024-05-03,191.9129943848,192.5189971924,191.4049987793,191.9129943848
2024-05-06,192.5760040283,193.6340026855,192.4409942627,192.5760040283
2024-05-07,193.7169952393,194.1130065918,193.0200042725,193.7169952393
2024-05-08,193.4470062256,194.3910064697,193.3589935303,193.4470062256
2024-05-09,194.1589965820,194.8489990234,193.9140014648,194.1589965820
2024-05-10,194.6230010986,195.2790069580,194.6210021973,194.6230010986
2024-05-13,195.1190032959,196.1900024414,194.8560028076,195.1190032959
2024-05-14,196.2400054932,197.0420074463,195.7449951172,196.2400054932
2024-05-15,196.9470062256,197.0809936523,196.0650024414,196.9470062256
2024-05-16,195.7669982910,196.8580017090,195.0500030518,195.7669982910
2024-05-17,196.8840026855,197.6130065918,196.8049926758,196.8840026855
2024-05-20,197.8999938965,198.4409942627,197.4040069580,197.8999938965
2024-05-21,198.7460021973,198.8849945068,198.2790069580,198.7460021973
2024-05-22,198.6049957275,199.5290069580,198.5200042725,198.6049957275
2024-05-23,199.3390045166,199.8710021973,199.1490020752,199.3390045166
2024-05-24,199.2230072021,200.0800018311,199.1269989014,199.2230072021
2024-05-27,199.7810058594,200.3800048828,199.5899963379,199.7810058594
2024-05-28,200.3090057373,200.6080017090,200.1609954834,200.3090057373
2024-05-29,200.6309967041,200.7290039062,200.0690002441,200.6309967041
2024-05-30,200.1190032959,200.1479949951,198.7500000000,200.1190032959
2024-05-31,199.7859954834,200.2599945068,199.2319946289,199.7859954834
2024-06-03,200.3110046387,200.6369934082,199.2310028076,200.3110046387
2024-06-04,199.9199981689,200.4040069580,197.2019958496,199.9199981689
2024-06-05,198.1199951172,199.7200012207,198.1130065918,198.1199951172
2024-06-06,199.4850006104,199.9340057373,199.0449981689,199.4850006104
2024-06-07,199.1649932861,199.7890014648,198.4100036621,199.1649932861
2024-06-10,199.6100006104,199.9179992676,198.9349975586,199.6100006104
2024-06-11,199.8439941406,200.3789978027,199.6600036621,199.8439941406
2024-06-12,200.1430053711,200.9040069580,199.9420013428,200.1430053711
2024-06-13,200.6309967041,201.2910003662,199.9750061035,200.6309967041
2024-06-14,200.4199981689,201.6029968262,198.9409942627,200.4199981689
2024-06-17,199.8029937744,200.3240051270,199.0859985352,199.8029937744
2024-06-18,200.4889984131,200.8289947510,200.0279998779,200.4889984131
2024-06-19,200.6000061035,201.1100006104,200.3910064697,200.5619964600
2024-06-20,200.9270019531,201.3809967041,200.8339996338,200.9270019531
2024-06-21,201.2059936523,201.5820007324,200.5590057373,201.2059936523
2024-06-24,202.0189971924,202.6820068359,201.4459991455,202.0189971924
2024-06-25,202.5130004883,202.5890045166,202.0269927979,202.5130004883
2024-06-26,202.5399932861,203.1000061035,202.4700012207,202.5399932861
2024-06-27,202.7160034180,203.3500061035,202.4900054932,202.7160034180
2024-06-28,203.1889953613,203.5659942627,202.5760040283,203.1889953613
2024-07-01,203.4799957275,204.7270050049,203.4299926758,203.4799957275
2024-07-02,204.2290039062,204.8130035400,203.8849945068,204.2290039062
2024-07-03,204.8999938965,206.1569976807,204.8750000000,204.8999938965
2024-07-04,206.0090026855,205.9689941406,205.2799987793,206.0090026855
2024-07-05,205.8079986572,206.4239959717,205.0160064697,205.8079986572
2024-07-08,205.7089996338,206.6580047607,205.2920074463,205.7089996338
2024-07-09,206.1419982910,206.5549926758,205.8670043945,206.1419982910
2024-07-10,206.3119964600,207.7630004883,206.3049926758,206.3119964600
2024-07-11,207.7030029297,208.1020050049,203.9160003662,207.7030029297
2024-07-12,204.4340057373,206.3139953613,204.1269989014,204.4340057373
2024-07-15,205.2689971924,205.2920074463,204.7920074463,205.2689971924
2024-07-16,205.0820007324,205.7769927979,205.0290069580,205.0820007324
2024-07-17,205.4819946289,205.6690063477,203.4380035400,205.4819946289
2024-07-18,202.4859924316,203.6900024414,202.2790069580,202.4859924316
2024-07-19,203.5149993896,204.2019958496,202.9620056152,203.5149993896
2024-07-22,203.5850067139,203.5989990234,201.9049987793,203.5850067139
2024-07-23,202.8869934082,202.8880004883,201.1589965820,202.8869934082
2024-07-24,200.9499969482,201.1699981689,197.7839965820,200.9499969482
2024-07-25,198.5000000000,198.5279998779,195.8639984131,198.5000000000
2024-07-26,197.5740051270,199.1269989014,197.0359954834,197.5740051270
2024-07-29,198.3390045166,198.5850067139,196.8119964600,198.3390045166
2024-07-30,197.8119964600,199.4369964600,197.1000061035,197.8119964600
2024-07-31,195.9700012207,197.2100067139,192.2120056152,195.9700012207
2024-08-01,192.4609985352,193.2510070801,190.9530029297,192.4609985352
2024-08-02,189.9100036621,190.4570007324,187.3970031738,189.9100036621
2024-08-05,186.1640014648,186.5310058594,180.1060028076,186.1640014648
2024-08-06,186.4360046387,186.9589996338,182.8350067139,186.4360046387
2024-08-07,183.5820007324,187.9750061035,183.4049987793,183.5820007324
2024-08-08,185.2729949951,187.5229949951,184.5039978027,185.2729949951
2024-08-09,188.2129974365,188.2619934082,186.4909973145,188.2129974365
2024-08-12,187.4669952393,189.3049926758,187.1589965820,187.4669952393
2024-08-13,187.6869964600,189.4909973145,187.6699981689,187.6869964600
2024-08-14,189.0899963379,189.3439941406,187.8580017090,189.0899963379
2024-08-15,188.8650054932,191.6620025635,188.7769927979,188.8650054932
2024-08-16,191.8800048828,191.9799957275,190.4010009766,191.8800048828
2024-08-19,191.5460052490,191.6049957275,188.2980041504,191.5460052490
2024-08-20,190.5590057373,191.2330017090,189.5670013428,190.5590057373
2024-08-21,189.4450073242,190.8029937744,188.9940032959,189.4450073242
2024-08-22,189.9940032959,191.8390045166,189.6959991455,189.9940032959
2024-08-23,191.4299926758,191.9980010986,190.4299926758,191.4299926758
2024-08-26,190.2469940186,190.6759948730,189.5410003662,190.2469940186
2024-08-27,190.6190032959,191.8979949951,190.5559997559,190.6260070801
2024-08-28,190.8520050049,191.4060058594,190.5520019531,190.8520050049
2024-08-29,190.5449981689,191.5079956055,190.3699951172,190.5449981689
2024-08-30,190.7429962158,191.7100067139,190.5030059814,190.7429962158
2024-09-02,192.1829986572,193.4230041504,191.3540039062,192.1829986572
2024-09-03,192.7899932861,193.3410034180,190.3899993896,192.7899932861
2024-09-04,190.5879974365,190.8079986572,189.5599975586,190.5879974365
2024-09-05,188.3919982910,189.7380065918,188.0839996338,188.3919982910
2024-09-06,188.9440002441,189.2850036621,186.5359954834,188.9440002441
2024-09-09,187.1130065918,188.1040039062,186.5820007324,187.1130065918
2024-09-10,187.1410064697,188.0579986572,185.8509979248,187.1410064697
2024-09-11,186.0249938965,186.1679992676,183.7839965820,186.0249938965
2024-09-12,185.9230041504,186.6049957275,185.2969970703,185.9230041504
2024-09-13,185.8090057373,185.8780059814,184.3690032959,185.8090057373
2024-09-16,184.9199981689,185.8659973145,183.8020019531,184.9199981689
2024-09-17,185.9850006104,187.1380004883,185.3190002441,185.9850006104
2024-09-18,186.9889984131,187.9720001221,185.8459930420,186.9889984131
2024-09-19,188.3910064697,190.3739929199,188.2120056152,188.3910064697
2024-09-20,189.7299957275,191.9750061035,188.7779998779,189.7299957275
2024-09-23,191.7163696289,192.4100036621,190.1459960938,191.7163696289
2024-09-24,191.7469940186,193.2960052490,191.3880004883,191.7469940186
2024-09-25,191.9550018311,193.2400054932,191.9270019531,191.9550018311
2024-09-26,192.6499938965,194.3110046387,192.5169982910,192.6499938965
2024-09-27,194.5520019531,195.9259948730,190.9019927979,194.5520019531
2024-09-30,191.0829925537,192.1529998779,189.5749969482,191.0829925537
2024-10-01,192.2129974365,193.3560028076,190.3269958496,192.2129974365
2024-10-02,190.7810058594,194.0099945068,190.4120025635,190.7810058594
2024-10-03,194.4349975586,195.1309967041,192.1320037842,194.4349975586
2024-10-04,192.7810058594,194.9060058594,191.7127990723,192.7810058594
2024-10-07,195.3139953613,195.2299957275,193.3470001221,195.3139953613
2024-10-08,193.8269958496,194.3329925537,192.8939971924,193.8269958496
2024-10-09,193.9909973145,195.2359924316,193.6410064697,193.9909973145
2024-10-10,194.9100036621,195.4750061035,193.5709991455,194.9100036621
2024-10-11,194.2220001221,195.1909942627,193.8639984131,194.2220001221
2024-10-14,194.8529968262,195.6909942627,194.6390075684,194.8529968262
2024-10-15,195.5529937744,195.6309967041,194.6580047607,195.5529937744
2024-10-16,194.8079986572,195.2660064697,193.7169952393,194.8079986572
2024-10-17,194.2640075684,195.3040008545,193.8489990234,194.2640075684
2024-10-18,195.3489990234,196.0299987793,194.7539978027,195.3489990234
2024-10-21,195.2519989014,195.5350036621,194.5500030518,195.2519989014
2024-10-22,195.4832153320,196.5000000000,195.1809997559,195.4832153320
2024-10-23,196.2100067139,198.4149932861,196.1900024414,196.2100067139
2024-10-24,197.2729949951,197.5959930420,196.6600036621,197.2729949951
2024-10-25,196.8869934082,197.6979980469,196.4160003662,196.8869934082
2024-10-28,198.1799926758,199.3200073242,197.8419952393,198.1799926758
2024-10-29,198.7160034180,199.6652069092,198.0299987793,198.7160034180
2024-10-30,199.4499969482,199.7299957275,198.1799926758,199.4499969482
2024-10-31,198.5249938965,198.8769989014,195.4080047607,198.5249938965
2024-11-01,196.0070037842,198.3439941406,195.9290008545,196.0070037842
2024-11-04,197.2510070801,197.7129974365,196.5030059814,197.2510070801
2024-11-05,197.2550048828,197.8690032959,197.0099945068,197.2550048828
2024-11-06,197.5030059814,199.3529968262,197.3860015869,197.5030059814
2024-11-07,198.7960052490,199.5399932861,198.5500030518,198.7960052490
2024-11-08,198.8459930420,198.8730010986,196.8300018311,198.8459930420
2024-11-11,197.4920043945,198.4409942627,197.4340057373,197.4920043945
2024-11-12,197.5549926758,198.0520019531,196.8890075684,197.5549926758
2024-11-13,196.9920043945,197.7010040283,196.6799926758,196.9920043945
2024-11-14,197.4869995117,198.2070007324,197.1000061035,197.4869995117
2024-11-15,198.2079925537,198.4239959717,195.0399932861,198.2079925537
2024-11-18,195.1410064697,196.1320037842,194.3789978027,195.1410064697
2024-11-19,196.0279998779,196.0070037842,193.6399993896,196.0279998779
2024-11-20,196.3970031738,197.7599945068,196.1320037842,196.3970031738
2024-11-21,196.4960021973,196.5010070801,194.4100036621,196.4960021973
2024-11-22,194.0599975586,194.7929992676,192.8719940186,194.0599975586
2024-11-25,194.1179962158,194.5879974365,193.3119964600,194.1179962158
2024-11-26,193.4499969482,193.6900024414,192.4440002441,193.4499969482
2024-11-27,192.3760070801,192.3919982910,190.7380065918,192.3760070801
2024-11-28,191.8500061035,192.4369964600,191.5989990234,191.8589935303
2024-11-29,191.9100036621,191.9389953613,190.1809997559,191.9100036621
2024-12-02,190.3229980469,191.2740020752,188.4700012207,190.3739929199
2024-12-03,189.2409973145,190.3609924316,188.1009979248,189.2409973145
2024-12-04,189.6479949951,191.5169982910,189.3619995117,189.6479949951
2024-12-05,191.2270050049,192.1970062256,190.3390045166,191.2270050049
2024-12-06,191.6369934082,192.3580017090,190.7400054932,191.6369934082
2024-12-09,191.1329956055,193.3950042725,190.6020050049,191.1699981689
2024-12-10,193.0330047607,193.9770050049,192.4600067139,193.0330047607
2024-12-11,193.9949951172,194.5429992676,192.8159942627,193.9949951172
2024-12-12,194.3359985352,194.9799957275,192.9510040283,194.3359985352
2024-12-13,193.4270019531,194.4380035400,192.8540039062,193.4270019531
2024-12-16,193.7539978027,195.8500061035,193.6479949951,193.7539978027
2024-12-17,195.5359954834,195.8829956055,194.6670074463,195.5359954834
2024-12-18,195.1929931641,195.7660064697,194.7230072021,195.1929931641
2024-12-19,194.3769989014,198.8880004883,194.3000030518,194.3769989014
2024-12-20,197.0099945068,197.2510070801,195.7709960938,197.0099945068
2024-12-23,196.7429962158,197.0780029297,196.4790039062,196.7429962158
2024-12-24,196.9549255371,197.6029968262,196.6049957275,196.9549255371
2024-12-25,196.8999938965,200.9499969482,196.6390075684,196.8999938965
2024-12-26,197.0970001221,197.8410034180,197.0079956055,197.0970001221
2024-12-27,197.6250000000,198.4859924316,197.2129974365,197.6250000000
2024-12-30,198.5720062256,198.9100036621,196.3320007324,198.5720062256
2024-12-31,196.9989929199,197.0959930420,195.7449951172,196.9989929199
2025-01-02,197.4049987793,197.4550018311,194.2319946289,197.4049987793
2025-01-03,194.7975311279,195.3300018311,194.6540069580,194.7975311279
2025-01-06,195.6860046387,197.3890075684,195.7050018311,195.6860046387
2025-01-07,197.3390045166,198.2369995117,197.0619964600,197.3390045166
2025-01-08,197.3999938965,197.5330047607,195.1410064697,197.3999938965
2025-01-09,195.5130004883,195.5870056152,193.4989929199,195.5130004883
2025-01-10,194.3800048828,194.7599945068,192.2089996338,194.3800048828
2025-01-13,192.6840057373,192.7440032959,190.1089935303,192.6840057373
2025-01-14,192.4940032959,192.8339996338,191.5549926758,192.4940032959
2025-01-15,192.9779968262,192.9600067139,191.1829986572,192.9779968262
2025-01-16,191.2879943848,191.5030059814,189.8040008545,191.2879943848
2025-01-17,190.0780029297,190.5749969482,189.3589935303,190.0780029297
2025-01-20,190.2290039062,191.6219940186,189.8869934082,190.2290039062
2025-01-21,191.4250030518,191.7409973145,190.4819946289,191.4250030518
2025-01-22,192.1399993896,193.0000000000,191.7160034180,192.1399993896
2025-01-23,192.6199951172,192.9949951172,192.3569946289,192.6199951172
2025-01-24,192.8760681152,194.5619964600,192.0950012207,192.8760681152
2025-01-27,194.0279998779,194.6340026855,192.1730041504,194.0279998779
2025-01-28,193.0070037842,193.9989929199,192.7720031738,193.0070037842
2025-01-29,193.5019989014,193.7369995117,192.5019989014,193.5019989014
2025-01-30,193.2579956055,193.2570037842,191.4869995117,193.2579956055
2025-01-31,191.4250030518,192.9700012207,191.2149963379,191.4250030518
2025-02-03,190.9470062256,192.2740020752,190.0350036621,190.9470062256
2025-02-04,193.0240020752,193.1360015869,191.7810058594,193.0240020752
2025-02-05,192.2949981689,192.5469970703,190.3560028076,192.2949981689
2025-02-06,190.8000030518,190.8800048828,188.2610015869,190.8000030518
2025-02-07,188.0130004883,189.5520019531,187.0639953613,188.0130004883
2025-02-10,188.1459960938,189.1089935303,187.6430053711,188.1459960938
2025-02-11,187.5509948730,189.4250030518,187.2749938965,187.5509948730
2025-02-12,190.1750030518,192.4400024414,190.1860046387,190.1750030518
2025-02-13,192.0359954834,193.0189971924,191.1809997559,192.0359954834
2025-02-14,192.1970062256,192.4859924316,191.4790039062,192.1970062256
2025-02-17,191.2960052490,191.3840026855,190.6390075684,191.2960052490
2025-02-18,191.1250000000,191.9309997559,190.9320068359,191.1250000000
2025-02-19,191.8159942627,192.0959930420,190.4750061035,191.8159942627
2025-02-20,190.2660064697,190.2680053711,188.7910003662,190.2660064697
2025-02-21,189.2700042725,190.9320068359,188.8650054932,189.2700042725
2025-02-24,188.9660034180,189.5720062256,188.2239990234,188.9660034180
2025-02-25,189.0700073242,189.6999969482,188.1829986572,189.0700073242
2025-02-26,188.9250030518,189.8529968262,188.4409942627,188.9250030518
2025-02-27,188.7409973145,190.0870056152,188.5749969482,188.7409973145
2025-02-28,188.9869995117,190.2769927979,187.7109985352,188.9869995117
2025-03-03,190.0189971924,191.9609985352,188.8399963379,190.0189971924
2025-03-04,189.6239929199,190.0700073242,188.2689971924,189.6239929199
2025-03-05,191.6289978027,192.2689971924,190.8990020752,191.6289978027
2025-03-06,191.9309997559,192.5119934082,189.9160003662,191.9309997559
2025-03-07,190.8300018311,190.9040069580,189.8390045166,190.8300018311
2025-03-10,190.8829956055,190.8829956055,189.3119964600,190.8829956055
2025-03-11,189.3430023193,191.5429992676,188.8000030518,189.3430023193
2025-03-12,191.6260070801,193.0749969482,191.2299957275,191.6260070801
2025-03-13,192.2189941406,192.3240051270,191.0010070801,192.2189941406
2025-03-14,191.6909942627,192.6719970703,191.5619964600,191.6909942627
2025-03-17,192.1289978027,193.4709930420,191.9980010986,192.1289978027
2025-03-18,193.9640045166,194.8800048828,193.8240051270,193.9640045166
2025-03-19,194.2769927979,194.6920013428,193.2819976807,194.2769927979
2025-03-20,193.1829986572,193.1690063477,192.0820007324,193.1829986572
2025-03-21,192.6869964600,193.5670013428,192.0910034180,192.6869964600
2025-03-24,193.4420013428,194.6679992676,193.2819976807,193.4420013428
2025-03-25,194.8500061035,194.9909973145,193.6529998779,194.8500061035
2025-03-26,194.0800018311,194.7720031738,193.4799957275,194.0800018311
2025-03-27,193.7640075684,195.8800048828,193.5299987793,193.7640075684
2025-03-28,195.3609924316,195.6990051270,194.2480010986,195.3609924316
2025-03-31,193.5650024414,193.6770019531,192.7610015869,193.5650024414
2025-04-01,193.6880035400,193.8849945068,192.2030029297,193.6880035400
2025-04-02,193.5559997559,194.6199951172,192.9929962158,193.5559997559
2025-04-03,192.9029998779,193.6349945068,191.2599945068,192.9029998779
2025-04-04,191.4299926758,191.7290039062,187.5679931641,191.3820037842
2025-04-07,187.7429962158,189.8829956055,187.2039947510,187.7429962158
2025-04-08,188.1849975586,188.9230041504,187.2720031738,188.1849975586
2025-04-09,186.5149993896,187.0899963379,184.4170074463,186.5149993896
2025-04-10,189.0350036621,189.3970031738,186.6759948730,189.0350036621
2025-04-11,186.7400054932,187.6239929199,186.0319976807,186.7400054932
2025-04-14,188.0019989014,189.1840057373,186.6109924316,188.0019989014
2025-04-15,188.6699981689,189.5279998779,188.5639953613,188.6699981689
2025-04-16,189.3600006104,189.5870056152,188.5780029297,189.3600006104
2025-04-17,187.7740020752,189.2599945068,187.7530059814,187.7740020752
2025-04-22,188.4530029297,188.7429962158,187.4779968262,188.4530029297
2025-04-23,189.3800048828,189.6100006104,188.2579956055,189.3800048828
2025-04-24,189.9680023193,190.1040039062,189.3099975586,189.9680023193
2025-04-25,190.3919982910,191.7129974365,190.0760040283,190.3919982910
2025-04-28,191.1580047607,191.5290069580,190.6580047607,191.1580047607
2025-04-29,191.0149993896,191.3309936523,190.4440002441,191.0149993896
2025-04-30,190.8249969482,191.2550048828,190.0220031738,190.8249969482
2025-05-01,190.5290069580,193.3439941406,190.3580017090,190.5290069580
2025-05-02,193.2330017090,193.7120056152,191.5140075684,193.2330017090
2025-05-05,191.9299926758,192.0299987793,191.0610046387,191.9299926758
2025-05-06,190.9199981689,191.3200073242,190.4609985352,190.9199981689
2025-05-07,191.0160064697,191.6349945068,190.7359924316,191.0160064697
2025-05-08,191.1860046387,193.2700042725,191.0110015869,191.1860046387
2025-05-09,193.2489929199,193.2760009766,192.3569946289,193.2489929199
2025-05-12,193.7299957275,195.7530059814,193.6329956055,193.7299957275
2025-05-13,195.4199981689,196.3209991455,194.7799987793,195.4199981689
2025-05-14,196.2570037842,196.3899993896,194.2429962158,196.2570037842
2025-05-15,194.4989929199,194.5789947510,193.4440002441,194.4989929199
2025-05-16,193.7310028076,193.7259979248,193.0559997559,193.7310028076
2025-05-19,193.3079986572,194.0540008545,192.7850036621,193.3079986572
2025-05-20,193.6779937744,194.1459960938,192.9360046387,193.6779937744
2025-05-21,193.3489990234,193.4709930420,192.5850067139,193.3489990234
2025-05-22,192.8849945068,193.2299957275,191.9170074463,192.8849945068
2025-05-23,193.0429992676,193.5469970703,192.0919952393,193.0429992676
2025-05-26,193.3609924316,194.0299987793,193.2709960938,193.3609924316
2025-05-27,193.5000000000,195.6020050049,193.0299987793,193.5000000000
2025-05-28,194.8179931641,195.2779998779,194.3500061035,194.8179931641
2025-05-29,195.6759948730,196.2669982910,194.3059997559,195.6759948730
2025-05-30,194.0970001221,194.6479949951,193.4770050049,194.0970001221
2025-06-02,193.6670074463,193.8970031738,193.0099945068,193.6670074463
2025-06-03,193.1020050049,194.7250061035,192.7350006104,193.1020050049
2025-06-04,194.6150054932,195.2169952393,193.8139953613,194.6150054932
2025-06-05,193.4190063477,195.4700012207,193.3399963379,193.4190063477
2025-06-06,194.9320068359,196.1750030518,194.8190002441,194.9320068359
2025-06-09,195.8710021973,196.1269989014,195.4539947510,195.8710021973
2025-06-10,195.9369964600,196.4360046387,194.7870025635,195.9369964600
2025-06-11,195.6119995117,196.1860046387,195.2949981689,195.6119995117
2025-06-12,195.6230010986,195.7519989014,194.7239990234,195.6230010986
2025-06-13,195.0959930420,195.9660034180,193.7839965820,195.0959930420
2025-06-16,196.7455139160,196.1640014648,195.3999938965,196.7455139160
2025-06-17,196.3130035400,196.8220062256,195.8159942627,196.3130035400
2025-06-18,195.2200012207,195.3309936523,194.5189971924,195.2200012207
2025-06-19,194.4559936523,195.9239959717,194.0379943848,194.4559936523
2025-06-20,195.6920013428,196.6840057373,195.6889953613,195.6920013428
2025-06-23,196.4490051270,198.1629943848,196.2969970703,196.4490051270
2025-06-24,197.6450042725,197.6230010986,196.9559936523,197.6450042725
2025-06-25,197.3430023193,198.5650024414,197.0420074463,197.3430023193
2025-06-26,198.3719940186,198.5829925537,197.7599945068,198.3719940186
2025-06-27,198.5659942627,198.7839965820,198.1280059814,198.5659942627
2025-06-30,198.2369995117,198.4049987793,197.2319946289,198.2369995117
2025-07-01,197.4440002441,197.7389984131,196.3079986572,197.4440002441
2025-07-02,197.1100006104,197.5319976807,195.3800048828,197.1100006104
2025-07-03,195.9029998779,198.0489959717,195.7760009766,195.9029998779
2025-07-04,197.7330017090,197.8240051270,196.8970031738,197.7330017090
2025-07-07,197.2519989014,198.9830017090,196.7989959717,197.2519989014
2025-07-08,198.7369995117,199.4299926758,198.6670074463,198.7369995117
2025-07-09,199.4830017090,199.7929992676,198.9179992676,199.4830017090
2025-07-10,198.5800018311,199.2400054932,198.3800048828,198.5800018311
2025-07-11,198.6329956055,199.4120025635,198.2500000000,198.6329956055
2025-07-14,198.7420043945,198.7910003662,198.1089935303,198.7420043945
2025-07-15,198.4459991455,199.5010070801,198.1999969482,198.4459991455
2025-07-16,199.2290039062,199.7169952393,198.0440063477,199.2290039062
2025-07-17,198.4730072021,199.4850006104,198.4720001221,198.4730072021
2025-07-18,199.3800048828,199.9600067139,199.2749938965,199.3800048828
2025-07-21,199.1159973145,199.2290039062,198.5780029297,199.1159973145
2025-07-22,198.8289947510,199.2819976807,197.4429931641,198.8289947510
2025-07-23,198.4680023193,199.0509948730,197.7830047607,198.4680023193
2025-07-24,198.6999969482,198.8520050049,198.1289978027,198.6999969482
2025-07-25,198.5870056152,199.0599975586,198.1419982910,198.5870056152
2025-07-28,198.6280059814,199.2010040283,198.4100036621,198.6280059814
2025-07-29,198.3580017090,198.4459991455,197.7449951172,198.3580017090
2025-07-30,198.2089996338,198.4250030518,197.4429931641,198.2089996338
2025-07-31,197.8179931641,199.2039947510,196.9700012207,197.8179931641
2025-08-01,199.1470031738,199.2760009766,196.1750030518,199.1470031738
2025-08-04,195.7960052490,196.5260009766,195.4600067139,195.7960052490
2025-08-05,195.1829986572,196.3439941406,195.0399932861,195.1829986572
2025-08-06,196.2310028076,196.8560028076,196.0970001221,196.2310028076
2025-08-07,196.6080017090,197.9680023193,196.2449951172,196.6080017090
2025-08-08,197.5070037842,198.8172302246,197.4320068359,197.5070037842
2025-08-11,198.4900054932,198.7879943848,198.1929931641,198.4900054932
2025-08-12,198.9900054932,200.0700073242,198.9980010986,198.9900054932
2025-08-13,199.5209960938,200.2640075684,199.4259948730,199.5209960938
2025-08-14,199.8569946289,200.0899963379,198.6109924316,199.8569946289
2025-08-15,199.8209991455,199.8240051270,198.9100036621,199.8209991455
2025-08-18,199.6260070801,200.2599945068,199.3760070801,199.6260070801
2025-08-19,199.8009948730,199.8540039062,199.2640075684,199.8009948730
2025-08-20,199.2339935303,199.4100036621,197.8699951172,199.2339935303
2025-08-21,198.3509979248,199.2129974365,198.1329956055,198.3509979248
2025-08-22,199.0879974365,199.5260009766,198.4100036621,199.0879974365
2025-08-25,198.8979949951,199.2689971924,198.7400054932,198.8979949951
2025-08-26,198.8619995117,199.0440063477,198.2680053711,198.8619995117
2025-08-27,198.7200012207,199.1779937744,198.6479949951,198.7200012207
2025-08-28,198.9230041504,199.0919952393,198.4669952393,198.9230041504
2025-08-29,198.3240051270,198.5800018311,197.9629974365,198.3240051270
2025-09-01,198.6280059814,199.5379943848,198.6199951172,198.6280059814
2025-09-02,199.2610015869,200.2489929199,198.3269958496,199.2610015869
2025-09-03,198.7949981689,199.7169952393,198.5180053711,198.7949981689
2025-09-04,198.8970031738,199.8130035400,198.8049926758,198.8970031738
2025-09-05,199.4689941406,199.7850036621,198.6959991455,199.4689941406
2025-09-08,200.1540069580,200.3229980469,199.3999938965,200.1540069580
2025-09-09,199.7100067139,199.8659973145,198.8110046387,199.7100067139
2025-09-10,199.2859954834,199.7940063477,199.2489929199,199.2859954834
2025-09-11,199.4049987793,200.0449981689,199.3560028076,199.4049987793
2025-09-12,199.8659973145,200.4700012207,199.7089996338,199.8659973145
2025-09-15,200.1260070801,200.7350006104,199.9109954834,200.1260070801
2025-09-16,200.5000000000,200.6900024414,199.9329986572,200.5000000000
2025-09-17,199.8979949951,199.9869995117,199.4799957275,199.8979949951
2025-09-18,200.2010040283,201.2270050049,200.1470031738,200.2010040283
2025-09-19,200.5480041504,200.5839996338,199.2510070801,200.5480041504
2025-09-22,199.3930053711,199.7649993896,199.3959960938,199.3930053711
2025-09-23,199.6390075684,199.9459991455,199.1560058594,199.6390075684
2025-09-24,199.6080017090,200.1170043945,199.4600067139,199.6080017090
2025-09-25,200.1000061035,200.3309936523,199.6230010986,200.1000061035
2025-09-26,199.8509979248,200.4940032959,199.6920013428,199.8509979248
2025-09-29,200.3139953613,200.3099975586,199.3450012207,200.3139953613
2025-09-30,199.6459960938,199.7440032959,198.5700073242,199.6459960938
2025-10-01,198.9490051270,199.2109985352,197.9129943848,198.9490051270
2025-10-02,198.2599945068,198.5989990234,197.4960021973,198.2599945068
2025-10-03,197.8600006104,198.6790008545,197.8760070801,197.8600006104
2025-10-06,200.9600067139,202.2330017090,200.7920074463,200.9600067139
2025-10-07,202.7050018311,203.2429962158,202.1369934082,202.7050018311
2025-10-08,204.0579986572,205.3079986572,203.9120025635,204.0579986572
2025-10-09,204.5980072021,204.8670043945,203.5800018311,204.5980072021
2025-10-10,203.5039978027,203.6929931641,202.2530059814,203.5039978027
2025-10-13,202.7720031738,203.2239990234,202.6320037842,202.7720031738
2025-10-14,203.2239990234,203.5039978027,201.3600006104,203.2239990234
2025-10-15,202.1159973145,202.5800018311,201.5950012207,202.1159973145
2025-10-16,202.3600006104,203.4109954834,202.0110015869,202.3600006104
2025-10-17,201.8379974365,202.1049957275,200.7089996338,201.8379974365
2025-10-20,202.5820007324,203.0959930420,201.8679962158,202.5820007324
2025-10-21,202.1040039062,203.5070037842,201.8220062256,202.1040039062
2025-10-22,202.9929962158,203.2420043945,201.9239959717,202.9929962158
2025-10-23,202.8780059814,203.7810058594,202.8800048828,202.8780059814
2025-10-24,203.3719940186,203.9730072021,203.1060028076,203.3719940186
2025-10-27,203.9069976807,204.2330017090,203.5460052490,203.9069976807
2025-10-28,203.6950073242,203.7030029297,201.6699981689,203.6950073242
2025-10-29,201.4700012207,201.9239959717,200.5950012207,201.4700012207
2025-10-30,201.5039978027,203.2359924316,201.0099945068,201.5039978027
2025-10-31,202.5090026855,202.8930053711,201.8529968262,202.5090026855
2025-11-03,202.5189971924,202.7590026855,202.0330047607,202.5189971924
2025-11-04,202.5410003662,202.6549987793,200.0200042725,202.5410003662
2025-11-05,199.9199981689,201.2350006104,199.0919952393,199.9199981689
2025-11-06,201.0899963379,201.3719940186,200.4730072021,201.0899963379
2025-11-07,200.9700012207,201.7460021973,200.6580047607,200.9700012207
2025-11-10,201.8930053711,203.2200012207,201.8930053711,202.1260070801
2025-11-11,203.0729980469,203.2579956055,202.3399963379,203.0350036621
2025-11-12,202.6130065918,203.5520019531,202.6000061035,202.6380004883
2025-11-13,203.0859985352,204.0440063477,202.9700012207,203.0980072021
2025-11-14,203.3760070801,203.7929992676,202.3730010986,203.3589935303
2025-11-17,203.4179992676,204.5220031738,203.1349945068,203.4190063477
2025-11-18,204.2010040283,204.4530029297,203.7070007324,204.2660064697
2025-11-19,204.4700012207,205.3549957275,203.9869995117,204.5010070801
2025-11-20,205.0160064697,206.8379974365,204.8040008545,205.0410003662
2025-11-21,205.9049987793,206.0310058594,204.2920074463,205.9040069580
2025-11-24,205.1640014648,205.8869934082,205.0299987793,205.2030029297
2025-11-25,205.5959930420,205.9089965820,205.0030059814,205.6690063477
2025-11-26,205.5180053711,207.0449981689,205.3489990234,205.5590057373
2025-11-27,206.8999938965,207.1770019531,206.4320068359,206.9320068359
2025-11-28,206.9279937744,207.1990051270,206.1300048828,206.9250030518
2025-12-01,206.3959960938,206.3970031738,205.2140045166,206.4239959717
2025-12-02,205.4649963379,206.2299957275,205.3869934082,205.4739990234
2025-12-03,205.9049987793,207.0509948730,205.7890014648,205.9620056152
2025-12-04,206.9929962158,207.3439941406,206.3580017090,207.0330047607
2025-12-05,206.6439971924,207.2819976807,206.2180023193,206.6649932861
2025-12-08,206.9609985352,207.7140045166,206.5939941406,206.9770050049
2025-12-09,207.6880035400,208.9279937744,207.5970001221,207.6699981689
2025-12-10,208.5930023193,208.8560028076,208.2299957275,208.6340026855
2025-12-11,208.5200042725,208.6199951172,207.9360046387,208.5690002441
2025-12-12,208.2310028076,208.7239990234,207.8970031738,208.3099975586
2025-12-15,208.3430023193,208.4149932861,207.1029968262,208.3699951172
2025-12-16,207.4069976807,207.9759979248,206.7689971924,207.4069976807
2025-12-17,207.7720031738,208.3670043945,207.0800018311,207.7760009766
2025-12-18,207.9360046387,208.9629974365,207.8619995117,207.9490051270
2025-12-19,208.2169952393,210.6329956055,208.2169952393,208.2429962158
2025-12-22,210.8619995117,211.5809936523,210.6219940186,210.8750000000
2025-12-23,211.2680053711,211.2859954834,210.2879943848,211.2359924316
2025-12-24,210.9259948730,211.0749969482,210.0449981689,210.9559936523
2025-12-26,210.9190063477,211.4730072021,210.6190032959,210.8419952393
2025-12-29,210.9649963379,211.3359985352,210.4409942627,211.1670074463
2025-12-30,210.6490020752,211.1053771973,210.4400024414,210.7550048828
2025-12-31,210.5859985352,211.0870056152,210.2579956055,210.6100006104
2026-01-02,211.1869964600,211.4299926758,210.7590026855,211.1600036621
2026-01-05,210.9526824951,211.4739990234,210.5130004883,210.9570007324
2026-01-06,211.9179992676,212.1250000000,211.3179931641,211.9579925537
2026-01-07,211.4660034180,211.7339935303,210.9869995117,211.5119934082
2026-01-08,210.8910064697,211.1490020752,210.3419952393,210.9100036621
2026-01-09,210.7899932861,212.0480041504,210.7640075684,210.7729949951
2026-01-12,211.7859954834,212.9779968262,211.6679992676,211.8159942627
2026-01-13,212.7489929199,214.2850036621,212.7270050049,212.7259979248
2026-01-14,213.6999969482,214.0939941406,212.5709991455,213.7079925537
2026-01-15,212.9320068359,213.2989959717,212.0130004883,212.8979949951
2026-01-16,212.1889953613,212.2480010986,211.3899993896,212.2189941406
2026-01-19,211.1690063477,212.3760070801,210.8939971924,211.1399993896
2026-01-20,212.2599945068,213.4649963379,211.8489990234,212.2369995117
2026-01-21,212.5509948730,212.7420043945,211.6519927979,212.5639953613
2026-01-22,212.6239929199,213.6430053711,212.3750000000,212.6199951172
2026-01-23,213.9429931641,214.8350067139,212.7160034180,213.9720001221
2026-01-26,211.9940032959,212.0330047607,209.6399993896,211.9810028076
2026-01-27,211.0700073242,211.7290039062,210.1260070801,211.0820007324
2026-01-28,210.8890075684,211.8509979248,210.0700073242,210.7500000000
2026-01-29,211.6589965820,212.1479949951,210.0729980469,211.6390075684
2026-01-30,211.4669952393,212.4369964600,211.3079986572,211.4299926758
2026-02-02,212.2220001221,212.6629943848,211.2989959717,212.2819976807
2026-02-03,212.6130065918,213.4250030518,212.5449981689,212.5229949951
2026-02-04,213.4170074463,214.9909973145,213.3739929199,213.3939971924
2026-02-05,214.1020050049,214.2089996338,211.8119964600,214.0899963379
2026-02-06,211.9550018311,213.8560028076,211.6300048828,211.9969940186
2026-02-09,213.9869995117,213.9869995117,212.1649932861,213.9830017090
2026-02-10,213.6080017090,213.6999969482,210.5390014648,213.6000061035
2026-02-11,210.6329956055,210.6329956055,208.7420043945,210.6100006104
2026-02-12,208.7590026855,209.5299987793,207.5870056152,208.7980041504
2026-02-13,208.0350036621,209.3119964600,208.0350036621,208.1060028076
2026-02-16,208.5059967041,209.6690063477,208.4960021973,208.4960021973
2026-02-17,209.2590026855,209.2590026855,207.2440032959,209.3200073242
2026-02-18,207.6719970703,209.2100067139,207.6199951172,207.7279968262
2026-02-19,208.7420043945,209.5299987793,208.0769958496,208.7530059814
2026-02-20,208.8500061035,209.6040039062,208.3899993896,208.8450012207
2026-02-23,208.8130035400,209.2120056152,208.2279968262,208.8670043945
2026-02-24,208.6869964600,210.8300018311,208.6869964600,208.6909942627
2026-02-25,210.4199981689,212.0000000000,210.0099945068,210.3719940186
2026-02-26,211.6979980469,211.7689971924,210.6820068359,211.7660064697
2026-02-27,210.2839965820,210.8209991455,209.7929992676,210.2649993896
2026-03-02,209.9479980469,211.3589935303,209.3760070801,209.9819946289
2026-03-03,210.8639984131,211.3209991455,209.2299957275,210.8730010986
2026-03-04,210.6430053711,210.6430053711,209.4889984131,210.6600036621
2026-03-05,209.8470001221,210.6119995117,209.1750030518,209.8540039062
2026-03-06,210.3809967041,211.2129974365,210.2850036621,210.4149932861
2026-03-09,210.7519989014,212.0200042725,210.6719970703,210.7180023193
2026-03-10,211.8890075684,212.3899993896,211.5890045166,211.8699951172
2026-03-11,212.1490020752,213.0469970703,212.1309967041,212.1589965820
2026-03-12,212.8679962158,212.9989929199,212.4160003662,212.8710021973
2026-03-13,212.5690002441,212.7998657227,211.1349945068,212.5610046387
2026-03-16,211.3309936523,211.8990020752,210.8090057373,211.3699951172
2026-03-17,211.8200073242,212.2599945068,211.6340026855,211.8220062256
2026-03-18,212.2239990234,212.6020050049,211.9609985352,212.2369995117
2026-03-19,211.9620056152,212.3370056152,210.8379974365,211.9400024414
2026-03-20,211.9689941406,212.7500000000,211.7660064697,212.0130004883
2026-03-23,212.1889953613,213.2910003662,211.6040039062,212.2599945068
2026-03-24,212.7709960938,212.9620056152,212.2949981689,212.7359924316
2026-03-25,212.8899993896,213.1849975586,212.6519927979,212.9320068359
2026-03-26,213.0260009766,213.2969970703,212.7079925537,212.9839935303
2026-03-27,212.9720001221,213.0769958496,212.2319946289,212.9620056152
2026-03-30,212.1089935303,212.1089935303,210.2469940186,212.0970001221
2026-03-31,210.4270019531,211.2039947510,209.6430053711,210.5449981689
2026-04-01,209.8910064697,211.4270019531,209.8699951172,209.9409942627
2026-04-02,211.0749969482,211.2460021973,210.3560028076,211.0410003662
2026-04-03,210.9929962158,211.2949981689,210.6029968262,210.9609985352
2026-04-06,210.6730041504,211.5279998779,210.6069946289,210.6809997559
2026-04-07,211.3430023193,211.9680023193,211.1999969482,211.3229980469
2026-04-08,212.6069946289,213.1320037842,212.1399993896,212.6950073242
2026-04-09,212.4389953613,213.7630004883,212.4389953613,212.4700012207
2026-04-10,213.6369934082,214.4519958496,213.5480041504,213.6660003662
2026-04-13,213.8260040283,214.9859924316,213.8130035400,213.8679962158
2026-04-14,215.1869964600,215.7810058594,214.9060058594,215.1860046387
2026-04-15,215.5010070801,215.8220062256,215.2050018311,215.5650024414
2026-04-16,215.5285797119,215.7039947510,215.1309967041,215.5440063477
2026-04-17,215.3009948730,215.6589965820,214.0399932861,215.3190002441
2026-04-20,214.5749969482,214.8739929199,214.3339996338,214.5832519531
2026-04-21,214.9279937744,215.4010009766,214.6369934082,214.9309997559
2026-04-22,215.2940063477,215.6620025635,214.9340057373,215.2870025635
2026-04-23,215.2870025635,215.7259979248,215.0599975586,215.2969970703
2026-04-24,215.1309967041,215.4669952393,214.9400024414,215.1190032959
2026-04-27,215.6300048828,216.0350036621,215.5099945068,215.6470031738
2026-04-28,215.6999969482,215.8150024414,214.9739990234,215.7339935303
2026-04-29,215.8009948730,216.2680053711,215.4989929199,215.7760009766
2026-04-30,216.0760040283,216.5850067139,210.5209960938,216.0549926758
2026-05-01,213.5659942627,214.0290069580,211.8130035400,213.5350036621
2026-05-04,213.0740051270,213.6060028076,211.8939971924,213.0160064697
2026-05-05,212.7160034180,214.0570068359,212.5489959717,212.6820068359
2026-05-06,213.9259948730,214.2120056152,210.7799987793,213.9470062256
2026-05-07,212.7230072021,213.1190032959,212.2960052490,212.6920013428
2026-05-08,212.5989990234,213.4539947510,212.5480041504,212.5800018311
2026-05-11,213.2669982910,214.3600006104,213.2669982910,213.2299957275
2026-05-12,213.8880004883,214.1880035400,212.7480010986,213.8939971924
2026-05-13,213.3899993896,213.6779937744,212.8910064697,213.4049987793
2026-05-14,213.5209960938,213.6959991455,212.7449951172,213.5180053711
2026-05-15,212.0789947510,212.0789947510,211.2940063477,212.0740051270
2026-05-18,211.4570007324,213.1779937744,211.3710021973,211.4170074463
2026-05-19,213.4089965820,213.4720001221,212.9400024414,213.3760070801
2026-05-20,212.9929962158,213.5709991455,212.7209930420,213.0350036621
2026-05-21,213.4409942627,213.8000030518,213.2920074463,213.4299926758
2026-05-22,213.5740051270,213.9819946289,213.4400024414,213.5820007324
2026-05-25,214.2579956055,214.5970001221,214.0359954834,214.2749938965
2026-05-26,214.4940032959,214.6660003662,214.0670013428,214.5090026855
2026-05-27,214.2630004883,214.4730072021,214.0180053711,214.2610015869
2026-05-28,214.0650024414,214.1049957275,213.3070068359,214.0630035400
2026-05-29,214.1159973145,214.6069946289,213.5879974365,214.1199951172
2026-06-01,214.3459930420,214.8690032959,214.1849975586,214.3379974365
2026-06-02,214.8589935303,215.5119934082,214.7980041504,214.8719940186
2026-06-03,215.2079925537,215.3639984131,214.5879974365,215.1900024414
2026-06-04,214.7350006104,215.1479949951,214.4680023193,214.7429962158
2026-06-05,214.7449951172,215.5919952393,214.0410003662,214.7299957275
2026-06-08,213.7980041504,214.0070037842,212.9369964600,213.8009948730
2026-06-09,213.5590057373,214.7740020752,213.4920043945,213.5740051270
2026-06-10,214.4559936523,215.2100067139,214.3840026855,214.4559936523
2026-06-11,214.5319976807,214.9340057373,213.8719940186,214.4869995117
2026-06-12,214.8090057373,215.0079956055,214.5659942627,214.7749938965
2026-06-15,215.1300048828,215.3609924316,214.8849945068,215.1320037842
2026-06-16,214.9649963379,215.5240020752,214.5260009766,214.9499969482
2026-06-17,215.3379974365,215.4239959717,214.5826416016,215.3609924316
2026-06-18,213.5959930420,214.0420074463,212.5209960938,213.6080017090
2026-06-19,212.9160003662,213.5039978027,212.4600067139,212.9270019531
2026-06-22,213.2409973145,214.6629943848,213.2409973145,213.2050018311
2026-06-23,213.9909973145,214.1909942627,212.9779968262,214.0269927979
2026-06-24,213.2830047607,213.4889984131,212.5690002441,213.3000030518
2026-06-25,212.8710021973,213.6640014648,212.8070068359,212.9479980469
2026-06-26,213.3919982910,213.8009948730,213.2149963379,213.3699951172
2026-06-29,213.4470062256,214.6029968262,213.3959960938,213.5010070801
2026-06-30,214.5939941406,215.7350006104,214.3919982910,214.5930023193
2026-07-01,215.4799957275,215.7440032959,215.1190032959,215.4799957275
2026-07-02,215.8300018311,216.0599975586,214.7200012207,215.8269958496
2026-07-03,215.3159942627,215.4559936523,214.8450012207,215.3470001221
2026-07-06,215.5839996338,216.9389953613,215.5820007324,215.5789947510
2026-07-07,217.1100006104,217.1920013428,216.4440002441,217.1020050049
2026-07-08,216.6620025635,217.4689941406,216.5410003662,216.6860046387
2026-07-09,217.6320037842,218.0019989014,217.4049987793,217.6929931641
2026-07-10,217.6880035400,217.7920074463,216.4600067139,217.7779998779
2026-07-13,216.6929931641,217.2969970703,216.6679992676,216.6990051270
2026-07-14,216.8200073242,217.2810058594,216.7299957275,216.7980041504
2026-07-15,217.2429962158,218.8119964600,217.1100006104,217.2769927979
2026-07-16,219.4230041504,219.5160064697,218.8470001221,219.3869934082
2026-07-17,218.8480072021,218.9340057373,217.9940032959,218.8200073242
2026-07-20,218.4969940186,218.8249969482,218.0650024414,218.4929962158
2026-07-21,218.2270050049,218.7169952393,217.5160064697,218.2270050049
2026-07-22,218.2760009766,218.4040069580,217.8329925537,218.3130035400
2026-07-23,218.1159973145,218.5839996338,217.9759979248,218.1179962158
2026-07-24,218.1549987793,218.4579925537,217.9669952393,218.1059722900
2026-07-27,218.4380035400,218.5039978027,217.6799926758,218.4349975586
2026-07-28,217.6369934082,217.9730072021,217.5099945068,217.6419982910
2026-07-29,217.6600036621,217.8950042725,217.1840057373,217.7089996338
2026-07-30,218.2409973145,218.6699981689,212.4320068359,218.2790069580
2026-07-31,215.6109924316,216.2749938965,213.2550048828,215.6080017090
2026-08-03,212.7209930420,212.8829956055,209.5959930420,212.5820007324
2026-08-04,211.5149993896,212.3159942627,211.1629943848,211.5169982910
2026-08-05,212.1450042725,212.5249938965,211.6970062256,212.1060028076
2026-08-06,212.3200073242,213.2169952393,212.2500000000,212.2779998779
2026-08-07,213.1710052490,213.2429962158,211.6560058594,213.1390075684
2026-08-10,212.9859924316,214.9790039062,212.9629974365,212.9989929199
2026-08-11,215.0220031738,215.2160034180,214.7619934082,215.0220031738
2026-08-12,215.1540069580,215.3659973145,214.8500061035,215.1560058594
2026-08-13,215.0520019531,215.1150054932,214.7910003662,215.0469970703
2026-08-14,215.0709991455,215.8220062256,214.8800048828,215.0679931641
