date,open,high,low,close
2018-01-01,0.8883000016,0.8909000158,0.8876000047,0.8881000280
2018-01-02,0.8888700008,0.8915500045,0.8861700296,0.8889200091
2018-01-03,0.8872299790,0.8899300098,0.8848900199,0.8871999979
2018-01-04,0.8888999820,0.8922200203,0.8880000114,0.8888400197
2018-01-05,0.8903899789,0.8907099962,0.8867999911,0.8902999759
2018-01-08,0.8865699768,0.8875200152,0.8816099763,0.8866199851
2018-01-09,0.8820300102,0.8832799792,0.8806999922,0.8820499778
2018-01-10,0.8816000223,0.8872200251,0.8812999725,0.8815500140
2018-01-11,0.8847000003,0.8911799788,0.8846600056,0.8847699761
2018-01-12,0.8891999722,0.8923299909,0.8860200047,0.8891900182
2018-01-15,0.8879100084,0.8909100294,0.8872699738,0.8877900243
2018-01-16,0.8892999887,0.8898100257,0.8862500191,0.8890600204
2018-01-17,0.8892999887,0.8905699849,0.8840699792,0.8892800212
2018-01-18,0.8810399771,0.8836200237,0.8802700043,0.8810899854
2018-01-19,0.8805900216,0.8845999837,0.8805000186,0.8807299733
2018-01-22,0.8823800087,0.8825299740,0.8769699931,0.8821899891
2018-01-23,0.8764200211,0.8794999719,0.8761000037,0.8765000105
2018-01-24,0.8784300089,0.8786799908,0.8700100183,0.8783699870
2018-01-25,0.8714500070,0.8760899901,0.8689299822,0.8713999987
2018-01-26,0.8755999804,0.8777499795,0.8727099895,0.8757200241
2018-01-29,0.8783100247,0.8814100027,0.8767600060,0.8783100247
2018-01-30,0.8798000216,0.8831999898,0.8772299886,0.8796200156
2018-01-31,0.8766899705,0.8814399838,0.8751000166,0.8765799999
2018-02-01,0.8744000196,0.8770999908,0.8718500137,0.8743000031
2018-02-02,0.8769900203,0.8818500042,0.8756899834,0.8768100142
2018-02-05,0.8820000291,0.8869799972,0.8813599944,0.8820199966
2018-02-06,0.8872100115,0.8908100128,0.8855400085,0.8869299889
2018-02-07,0.8869400024,0.8897299767,0.8838999867,0.8870300055
2018-02-08,0.8838800192,0.8841000199,0.8734700084,0.8839499950
2018-02-09,0.8798900247,0.8878499866,0.8777999878,0.8797799945
2018-02-12,0.8861799836,0.8889799714,0.8845000267,0.8861600161
2018-02-13,0.8881999850,0.8903200030,0.8858100176,0.8881000280
2018-02-14,0.8896099925,0.8917700052,0.8875399828,0.8896999955
2018-02-15,0.8895099759,0.8901299834,0.8859000206,0.8894799948
2018-02-16,0.8866500258,0.8888099790,0.8849999905,0.8864899874
2018-02-19,0.8845000267,0.8867099881,0.8844000101,0.8845099807
2018-02-20,0.8860700130,0.8867400289,0.8806099892,0.8860599995
2018-02-21,0.8810999990,0.8854399920,0.8806300163,0.8809700012
2018-02-22,0.8827900290,0.8862699866,0.8822000027,0.8828600049
2018-02-23,0.8834599853,0.8835899830,0.8786900043,0.8834000230
2018-02-26,0.8796100020,0.8822299838,0.8770800233,0.8796100020
2018-02-27,0.8819699883,0.8842300177,0.8801100254,0.8817399740
2018-02-28,0.8790299892,0.8856199980,0.8779399991,0.8793900013
2018-03-01,0.8863700032,0.8886299729,0.8837599754,0.8863000274
2018-03-02,0.8907499909,0.8949699998,0.8895999789,0.8907099962
2018-03-05,0.8928999901,0.8938999772,0.8886399865,0.8927999735
2018-03-06,0.8907700181,0.8943300247,0.8906000257,0.8906000257
2018-03-07,0.8934199810,0.8967000246,0.8919199705,0.8932499886
2018-03-08,0.8926399946,0.8956000209,0.8905000091,0.8927000165
2018-03-09,0.8916299939,0.8925099969,0.8877400160,0.8914300203
2018-03-12,0.8882899880,0.8895499706,0.8849300146,0.8883500099
2018-03-13,0.8872500062,0.8885999918,0.8852400184,0.8871999979
2018-03-14,0.8868799806,0.8878300190,0.8845000267,0.8870400190
2018-03-15,0.8857700229,0.8872900009,0.8823000193,0.8857399821
2018-03-16,0.8828999996,0.8838599920,0.8812900186,0.8827999830
2018-03-19,0.8806999922,0.8815400004,0.8744999766,0.8806999922
2018-03-20,0.8795800209,0.8798999786,0.8757500052,0.8795999885
2018-03-21,0.8745899796,0.8758299947,0.8721699715,0.8745999932
2018-03-22,0.8729100227,0.8739500046,0.8678600192,0.8729500175
2018-03-23,0.8732399940,0.8752400279,0.8710500002,0.8732100129
2018-03-26,0.8730000257,0.8761799932,0.8716999888,0.8731899858
2018-03-27,0.8747900128,0.8796399832,0.8744999766,0.8748999834
2018-03-28,0.8752999902,0.8767200112,0.8734200001,0.8751999736
2018-03-29,0.8742700219,0.8769400120,0.8740599751,0.8742499948
2018-03-30,0.8769999743,0.8784300089,0.8766599894,0.8768600225
2018-04-02,0.8771899939,0.8776299953,0.8751999736,0.8771499991
2018-04-03,0.8751199841,0.8762000203,0.8713999987,0.8750900030
2018-04-04,0.8726300001,0.8757399917,0.8713999987,0.8727300167
2018-04-05,0.8719999790,0.8748900294,0.8716099858,0.8720999956
2018-04-06,0.8745399714,0.8748900294,0.8701900244,0.8744999766
2018-04-09,0.8708800077,0.8719400167,0.8697999716,0.8707799911
2018-04-10,0.8717899919,0.8726999760,0.8692700267,0.8717300296
2018-04-11,0.8718000054,0.8739200234,0.8701000214,0.8716999888
2018-04-12,0.8720200062,0.8727200031,0.8646199703,0.8719699979
2018-04-13,0.8658000231,0.8663200140,0.8628100157,0.8660100102
2018-04-16,0.8656499982,0.8668100238,0.8627600074,0.8654900193
2018-04-17,0.8635100126,0.8646500111,0.8619999886,0.8635299802
2018-04-18,0.8653399944,0.8720700145,0.8643800020,0.8654299974
2018-04-19,0.8715199828,0.8733000159,0.8689000010,0.8715100288
2018-04-20,0.8763999939,0.8789200187,0.8733999729,0.8764200211
2018-04-23,0.8764299750,0.8774200082,0.8744900227,0.8763700128
2018-04-24,0.8760399818,0.8766099811,0.8738999963,0.8758900166
2018-04-25,0.8743000031,0.8751000166,0.8730000257,0.8743000031
2018-04-26,0.8732900023,0.8750000000,0.8681600094,0.8731999993
2018-04-27,0.8699200153,0.8786299825,0.8683599830,0.8699300289
2018-04-30,0.8803200126,0.8822500110,0.8767300248,0.8801000118
2018-05-01,0.8770999908,0.8820000291,0.8761000037,0.8772100210
2018-05-02,0.8810799718,0.8830199838,0.8783800006,0.8810799718
2018-05-03,0.8805299997,0.8829500079,0.8804000020,0.8804000020
2018-05-04,0.8833199739,0.8838300109,0.8815600276,0.8833199739
2018-05-07,0.8834199905,0.8837199807,0.8779299855,0.8834099770
2018-05-08,0.8793500066,0.8808599710,0.8767799735,0.8794599771
2018-05-09,0.8755199909,0.8766000271,0.8728399873,0.8755999804
2018-05-10,0.8746899962,0.8835600019,0.8729100227,0.8746200204
2018-05-11,0.8812000155,0.8820300102,0.8788200021,0.8810999990
2018-05-14,0.8819699883,0.8826599717,0.8801199794,0.8819000125
2018-05-15,0.8798000216,0.8817099929,0.8779000044,0.8797000051
2018-05-16,0.8755800128,0.8781399727,0.8732799888,0.8755900264
2018-05-17,0.8719999790,0.8751900196,0.8714500070,0.8721100092
2018-05-18,0.8725900054,0.8751900196,0.8725100160,0.8726000190
2018-05-21,0.8728899956,0.8773300052,0.8725600243,0.8729000092
2018-05-22,0.8776900172,0.8788400292,0.8758699894,0.8777999878
2018-05-23,0.8769800067,0.8795300126,0.8741700053,0.8769000173
2018-05-24,0.8754900098,0.8775699735,0.8738300204,0.8758000135
2018-05-25,0.8758699894,0.8779699802,0.8741800189,0.8759999871
2018-05-28,0.8781899810,0.8794500232,0.8725200295,0.8782100081
2018-05-29,0.8733900189,0.8739500046,0.8698300123,0.8732500076
2018-05-30,0.8703500032,0.8776500225,0.8695999980,0.8704500198
2018-05-31,0.8780199885,0.8791000247,0.8757399917,0.8781099916
2018-06-01,0.8797799945,0.8809000254,0.8729000092,0.8798000216
2018-06-04,0.8736900091,0.8785300255,0.8732200265,0.8736000061
2018-06-05,0.8785899878,0.8787999749,0.8724300265,0.8786200285
2018-06-06,0.8746100068,0.8777400255,0.8738999963,0.8744999766
2018-06-07,0.8777999878,0.8837500215,0.8776000142,0.8778499961
2018-06-08,0.8790000081,0.8798999786,0.8758999705,0.8789299726
2018-06-11,0.8786200285,0.8830900192,0.8778399825,0.8784999847
2018-06-12,0.8804500103,0.8831200004,0.8786299825,0.8804100156
2018-06-13,0.8783400059,0.8824800253,0.8782500029,0.8783800006
2018-06-14,0.8819599748,0.8820300102,0.8723899722,0.8820000291
2018-06-15,0.8722500205,0.8755599856,0.8717799783,0.8724700212
2018-06-18,0.8733000159,0.8777499795,0.8727999926,0.8733999729
2018-06-19,0.8773400187,0.8788800240,0.8753899932,0.8771899939
2018-06-20,0.8794999719,0.8799999952,0.8769000173,0.8796499968
2018-06-21,0.8788200021,0.8798400164,0.8726999760,0.8789299726
2018-06-22,0.8761000037,0.8782799840,0.8750000000,0.8759999871
2018-06-25,0.8791000247,0.8813899755,0.8781099916,0.8792200089
2018-06-26,0.8811799884,0.8820599914,0.8799600005,0.8812000155
2018-06-27,0.8810499907,0.8827400208,0.8803399801,0.8811399937
2018-06-28,0.8812699914,0.8869900107,0.8812000155,0.8813999891
2018-06-29,0.8842399716,0.8889399767,0.8835999966,0.8842800260
2018-07-02,0.8841000199,0.8868399858,0.8834699988,0.8841999769
2018-07-03,0.8856999874,0.8861799836,0.8827999830,0.8855999708
2018-07-04,0.8836200237,0.8839399815,0.8799300194,0.8835899830
2018-07-05,0.8812000155,0.8857100010,0.8810999990,0.8815000057
2018-07-06,0.8842899799,0.8866699934,0.8834999800,0.8842800260
2018-07-09,0.8838999867,0.8889799714,0.8814399838,0.8838499784
2018-07-10,0.8869400024,0.8874999881,0.8820999861,0.8868700266
2018-07-11,0.8846300244,0.8860499859,0.8829799891,0.8842999935
2018-07-12,0.8839899898,0.8849499822,0.8820800185,0.8838999867
2018-07-13,0.8850299716,0.8865200281,0.8824999928,0.8851000071
2018-07-16,0.8828799725,0.8852000237,0.8816800117,0.8828899860
2018-07-17,0.8846899867,0.8897500038,0.8841999769,0.8845999837
2018-07-18,0.8891299963,0.8929899931,0.8873800039,0.8891999722
2018-07-19,0.8904500008,0.8941100240,0.8903200030,0.8904100060
2018-07-20,0.8949300051,0.8957099915,0.8927800059,0.8949300051
2018-07-23,0.8929700255,0.8935599923,0.8909999728,0.8930000067
2018-07-24,0.8923000097,0.8926200271,0.8891800046,0.8924199939
2018-07-25,0.8884000182,0.8901000023,0.8875200152,0.8884000182
2018-07-26,0.8892300129,0.8894199729,0.8865600228,0.8891699910
2018-07-27,0.8881999850,0.8893200159,0.8873999715,0.8881499767
2018-07-30,0.8891999722,0.8917400241,0.8881000280,0.8892499804
2018-07-31,0.8912600279,0.8932800293,0.8907499909,0.8912699819
2018-08-01,0.8910200000,0.8916400075,0.8891299963,0.8910999894
2018-08-02,0.8885899782,0.8923199773,0.8855599761,0.8885499835
2018-08-03,0.8899000287,0.8918099999,0.8895000219,0.8899000287
2018-08-06,0.8891900182,0.8935300112,0.8891000152,0.8891199827
2018-08-07,0.8928999901,0.8961399794,0.8923000097,0.8929499984
2018-08-08,0.8962299824,0.9015700221,0.8962200284,0.8962399960
2018-08-09,0.9014700055,0.9028699994,0.8983899951,0.9014800191
2018-08-10,0.8982599974,0.8990799785,0.8926500082,0.8982700109
2018-08-13,0.8931199908,0.8945599794,0.8912600279,0.8929700255
2018-08-14,0.8933600187,0.8938199878,0.8903999925,0.8932399750
2018-08-15,0.8921399713,0.8933799863,0.8901000023,0.8920099735
2018-08-16,0.8935499787,0.8959000111,0.8932999969,0.8934900165
2018-08-17,0.8945000172,0.8968899846,0.8935999870,0.8944299817
2018-08-20,0.8973199725,0.8973199725,0.8940700293,0.8972300291
2018-08-21,0.8973399997,0.8997600079,0.8950799704,0.8974199891
2018-08-22,0.8968899846,0.9002199769,0.8962399960,0.8968600035
2018-08-23,0.8977100253,0.9022399783,0.8970900178,0.8978000283
2018-08-24,0.9010699987,0.9046400189,0.9002000093,0.9009699821
2018-08-27,0.9056000113,0.9060999751,0.9034000039,0.9057000279
2018-08-28,0.9059000015,0.9097899795,0.9057000279,0.9059100151
2018-08-29,0.9085999727,0.9090399742,0.8987900019,0.9085299969
2018-08-30,0.8982499838,0.8991799951,0.8953899741,0.8982099891
2018-08-31,0.8965200186,0.8986499906,0.8937799931,0.8965100050
2018-09-03,0.8974000216,0.9032400250,0.8970000148,0.8975200057
2018-09-04,0.9024199843,0.9026200175,0.8989599943,0.9025400281
2018-09-05,0.9010900259,0.9047999978,0.8955900073,0.9010999799
2018-09-06,0.9009000063,0.9017900229,0.8975300193,0.9009000063
2018-09-07,0.8988999724,0.9005699754,0.8913800120,0.8989800215
2018-09-10,0.8938999772,0.8956000209,0.8896499872,0.8938999772
2018-09-11,0.8898400068,0.8924300075,0.8888400197,0.8899800181
2018-09-12,0.8906999826,0.8934599757,0.8889099956,0.8908900023
2018-09-13,0.8912000060,0.8928800225,0.8894900084,0.8911600113
2018-09-14,0.8916400075,0.8931400180,0.8898500204,0.8917999864
2018-09-17,0.8892099857,0.8903099895,0.8884000182,0.8891999722
2018-09-18,0.8875600100,0.8908399940,0.8875600100,0.8873999715
2018-09-19,0.8869299889,0.8899899721,0.8861600161,0.8869000077
2018-09-20,0.8882799745,0.8889999986,0.8847600222,0.8883500099
2018-09-21,0.8873699903,0.8994100094,0.8873699903,0.8873400092
2018-09-24,0.8982099891,0.8982999921,0.8935599923,0.8981999755
2018-09-25,0.8960000277,0.8974999785,0.8939700127,0.8959500194
2018-09-26,0.8924900293,0.8945000172,0.8902199864,0.8923000097
2018-09-27,0.8919500113,0.8936200142,0.8889099956,0.8918899894
2018-09-28,0.8897899985,0.8912500143,0.8872299790,0.8899599910
2018-10-01,0.8899300098,0.8914200068,0.8863199949,0.8899999857
2018-10-02,0.8876000047,0.8913300037,0.8867200017,0.8876000047
2018-10-03,0.8898299932,0.8917400241,0.8859599829,0.8899300098
2018-10-04,0.8868299723,0.8874800205,0.8838999867,0.8867800236
2018-10-05,0.8844100237,0.8847000003,0.8777599931,0.8842999935
2018-10-08,0.8779100180,0.8805800080,0.8776000142,0.8777199984
2018-10-09,0.8778600097,0.8790299892,0.8737000227,0.8779000044
2018-10-10,0.8744400144,0.8749300241,0.8723000288,0.8744000196
2018-10-11,0.8731999993,0.8766700029,0.8729000092,0.8732699752
2018-10-12,0.8759300113,0.8788800240,0.8746100068,0.8756999969
2018-10-15,0.8815299869,0.8824899793,0.8797399998,0.8814600110
2018-10-16,0.8805099726,0.8809300065,0.8753299713,0.8805199862
2018-10-17,0.8776500225,0.8804200292,0.8768299818,0.8777400255
2018-10-18,0.8777599931,0.8802499771,0.8771299720,0.8777700067
2018-10-19,0.8797500134,0.8826299906,0.8774899840,0.8797000051
2018-10-22,0.8809099793,0.8855500221,0.8805900216,0.8808000088
2018-10-23,0.8842099905,0.8846600056,0.8800500035,0.8841900229
2018-10-24,0.8837100267,0.8843399882,0.8815900087,0.8836899996
2018-10-25,0.8845499754,0.8880500197,0.8830900192,0.8845400214
2018-10-26,0.8870599866,0.8885099888,0.8861799836,0.8870000243
2018-10-29,0.8883200288,0.8893300295,0.8866999745,0.8884000182
2018-10-30,0.8885300159,0.8926600218,0.8881899714,0.8885700107
2018-10-31,0.8928800225,0.8930400014,0.8844000101,0.8925999999
2018-11-01,0.8862400055,0.8863000274,0.8783000112,0.8861799836
2018-11-02,0.8771499991,0.8798900247,0.8769199848,0.8768799901
2018-11-05,0.8762999773,0.8771700263,0.8736900091,0.8762900233
2018-11-06,0.8734999895,0.8753299713,0.8721799850,0.8736400008
2018-11-07,0.8723099828,0.8745099902,0.8710799813,0.8722699881
2018-11-08,0.8708900213,0.8736699820,0.8697500229,0.8708800077
2018-11-09,0.8700299859,0.8731399775,0.8690999746,0.8699700236
2018-11-12,0.8752200007,0.8771499991,0.8708999753,0.8751900196
2018-11-13,0.8729000092,0.8740599751,0.8656299710,0.8730000257
2018-11-14,0.8690999746,0.8737300038,0.8678399920,0.8691099882
2018-11-15,0.8711000085,0.8881000280,0.8705999851,0.8710100055
2018-11-16,0.8871099949,0.8888499737,0.8824899793,0.8870499730
2018-11-19,0.8890600204,0.8924800158,0.8868799806,0.8893600106
2018-11-20,0.8908799887,0.8921200037,0.8876399994,0.8909000158
2018-11-21,0.8892899752,0.8922799826,0.8886600137,0.8891599774
2018-11-22,0.8913499713,0.8920800090,0.8845199943,0.8912400007
2018-11-23,0.8855299950,0.8875499964,0.8838000298,0.8854799867
2018-11-26,0.8844500184,0.8868200183,0.8836699724,0.8847000003
2018-11-27,0.8845099807,0.8886100054,0.8842999935,0.8844400048
2018-11-28,0.8864899874,0.8867999911,0.8809999824,0.8865000010
2018-11-29,0.8862900138,0.8919399977,0.8859000206,0.8865000010
2018-11-30,0.8910499811,0.8924000263,0.8860800266,0.8910999894
2018-12-03,0.8894000053,0.8923100233,0.8863999844,0.8894000053
2018-12-04,0.8921300173,0.8942999840,0.8889300227,0.8921999931
2018-12-05,0.8917000294,0.8931000233,0.8875899911,0.8917099833
2018-12-06,0.8915799856,0.8925999999,0.8887900114,0.8916100264
2018-12-07,0.8900700212,0.8942199945,0.8898000121,0.8900899887
2018-12-10,0.8964300156,0.9083399773,0.8959000111,0.8961899877
2018-12-11,0.9039000273,0.9048299789,0.9006599784,0.9039000273
2018-12-12,0.9063000083,0.9067599773,0.8970699906,0.9062899947
2018-12-13,0.9007400274,0.9013199806,0.8952400088,0.9005900025
2018-12-14,0.8979799747,0.9004200101,0.8961099982,0.8978000283
2018-12-17,0.8982700109,0.9002100229,0.8975800276,0.8982399702
2018-12-18,0.8996000290,0.9008299708,0.8965100050,0.8995000124
2018-12-19,0.8988699913,0.9040300250,0.8981000185,0.8988100290
2018-12-20,0.9019299746,0.9049599767,0.9007800221,0.9017500281
2018-12-21,0.9042800069,0.9049999714,0.8987299800,0.9042000175
2018-12-24,0.8988999724,0.9025599957,0.8965700269,0.8990499973
2018-12-25,0.8967999816,0.9006999731,0.8905000091,0.8966000080
2018-12-26,0.8993899822,0.9007300138,0.8965499997,0.8994899988
2018-12-27,0.8981099725,0.9039400220,0.8979700208,0.8981599808
2018-12-28,0.9038599730,0.9059100151,0.9012500048,0.9038599730
2018-12-31,0.9014000297,0.9020599723,0.8928200006,0.9013299942
2019-01-01,0.9013000131,0.9107999802,0.8998000026,0.9023000002
2019-01-02,0.8986899853,0.9029399753,0.8981500268,0.8985000253
2019-01-03,0.9039400220,0.9063199759,0.9016900063,0.9040499926
2019-01-04,0.9018999934,0.9031000137,0.8955799937,0.9019100070
2019-01-07,0.8960800171,0.8990100026,0.8953700066,0.8959299922
2019-01-08,0.8977599740,0.8994200230,0.8950600028,0.8978499770
2019-01-09,0.8993600011,0.9040399790,0.8974800110,0.8993200064
2019-01-10,0.9027600288,0.9058700204,0.9014300108,0.9025999904
2019-01-11,0.9025499821,0.9059200287,0.8931800127,0.9022200108
2019-01-14,0.8920000196,0.8951100111,0.8875399828,0.8917999864
2019-01-15,0.8910200000,0.8933500051,0.8880000114,0.8909000158
2019-01-16,0.8866400123,0.8888300061,0.8841800094,0.8866000175
2019-01-17,0.8846200109,0.8868899941,0.8798800111,0.8844900131
2019-01-18,0.8774099946,0.8822699785,0.8770800233,0.8772000074
2019-01-21,0.8841999769,0.8861799836,0.8806300163,0.8843200207
2019-01-22,0.8818699718,0.8827999830,0.8762699962,0.8819100261
2019-01-23,0.8770099878,0.8780999780,0.8698400259,0.8769900203
2019-01-24,0.8702999949,0.8724200130,0.8683400154,0.8702999949
2019-01-25,0.8625199795,0.8679800034,0.8619999886,0.8621199727
2019-01-28,0.8640300035,0.8694599867,0.8640300035,0.8639000058
2019-01-29,0.8684599996,0.8709400296,0.8659300208,0.8684700131
2019-01-30,0.8741499782,0.8747000098,0.8714900017,0.8743699789
2019-01-31,0.8755699992,0.8765699863,0.8712599874,0.8754000068
2019-02-01,0.8731999993,0.8791700006,0.8725000024,0.8731999993
2019-02-04,0.8759800196,0.8773999810,0.8727300167,0.8758999705
2019-02-05,0.8775200248,0.8821399808,0.8751000166,0.8775900006
2019-02-06,0.8805999756,0.8805999756,0.8772000074,0.8805099726
2019-02-07,0.8786699772,0.8812999725,0.8730300069,0.8786299825
2019-02-08,0.8756700158,0.8763999939,0.8742799759,0.8755999804
2019-02-11,0.8752599955,0.8775500059,0.8744800091,0.8752999902
2019-02-12,0.8766899705,0.8783100247,0.8756999969,0.8767700195
2019-02-13,0.8791000247,0.8791999817,0.8745099902,0.8791199923
2019-02-14,0.8763099909,0.8838099837,0.8759999871,0.8762300014
2019-02-15,0.8824999928,0.8826900125,0.8761699796,0.8824899793
2019-02-18,0.8752899766,0.8766400218,0.8742799759,0.8751000166
2019-02-19,0.8752999902,0.8761900067,0.8686000109,0.8752499819
2019-02-20,0.8683300018,0.8712999821,0.8677800298,0.8682299852
2019-02-21,0.8697999716,0.8701999784,0.8665000200,0.8697100282
2019-02-22,0.8694000244,0.8727099895,0.8676999807,0.8695099950
2019-02-25,0.8679500222,0.8698300123,0.8668799996,0.8680400252
2019-02-26,0.8655800223,0.8657299876,0.8564599752,0.8657199740
2019-02-27,0.8592500091,0.8595200181,0.8530600071,0.8593299985
2019-02-28,0.8543599844,0.8585199714,0.8540999889,0.8544399738
2019-03-01,0.8572999835,0.8610600233,0.8571000099,0.8573799729
2019-03-04,0.8592500091,0.8595799804,0.8558300138,0.8592000008
2019-03-05,0.8602799773,0.8644199967,0.8585900068,0.8602399826
2019-03-06,0.8592600226,0.8617600203,0.8586800098,0.8592900038
2019-03-07,0.8582999706,0.8622900248,0.8555200100,0.8582999706
2019-03-08,0.8553599715,0.8642500043,0.8547000289,0.8554000258
2019-03-11,0.8649200201,0.8673899770,0.8568300009,0.8647599816
2019-03-12,0.8499500155,0.8651900291,0.8498700261,0.8499699831
2019-03-13,0.8638700247,0.8639000058,0.8547599912,0.8638899922
2019-03-14,0.8530700207,0.8559799790,0.8499100208,0.8528299928
2019-03-15,0.8528699875,0.8573399782,0.8528199792,0.8528599739
2019-03-18,0.8512300253,0.8593599796,0.8512099981,0.8511999846
2019-03-19,0.8545799851,0.8568000197,0.8535299897,0.8546900153
2019-03-20,0.8555499911,0.8637099862,0.8554999828,0.8554999828
2019-03-21,0.8654500246,0.8694999814,0.8636999726,0.8653500080
2019-03-22,0.8661900163,0.8668000102,0.8533700109,0.8662999868
2019-03-25,0.8551999927,0.8596000075,0.8546800017,0.8553000093
2019-03-26,0.8565700054,0.8591700196,0.8520100117,0.8561999798
2019-03-27,0.8533899784,0.8549799919,0.8501200080,0.8533400297
2019-03-28,0.8553799987,0.8588500023,0.8525999784,0.8554000258
2019-03-29,0.8600999713,0.8648099899,0.8554900289,0.8602100015
2019-04-01,0.8618299961,0.8625599742,0.8529099822,0.8618000150
2019-04-02,0.8573499918,0.8606399894,0.8566899896,0.8573799729
2019-04-03,0.8534600139,0.8554000258,0.8503999710,0.8533899784
2019-04-04,0.8532699943,0.8586500287,0.8518999815,0.8533899784
2019-04-05,0.8584200144,0.8626099825,0.8558499813,0.8583300114
2019-04-08,0.8604699969,0.8644800186,0.8589000106,0.8604999781
2019-04-09,0.8617600203,0.8651099801,0.8596600294,0.8617399931
2019-04-10,0.8629500270,0.8631500006,0.8592500091,0.8627899885
2019-04-11,0.8608999848,0.8631100059,0.8595600128,0.8608499765
2019-04-12,0.8624600172,0.8655200005,0.8621000051,0.8624299765
2019-04-15,0.8638299704,0.8648599982,0.8619099855,0.8638799787
2019-04-16,0.8629299998,0.8658699989,0.8625900149,0.8628000021
2019-04-17,0.8650599718,0.8679900169,0.8650000095,0.8647999763
2019-04-18,0.8663799763,0.8665199876,0.8636000156,0.8663200140
2019-04-19,0.8647599816,0.8654699922,0.8641999960,0.8646000028
2019-04-22,0.8654099703,0.8672199845,0.8646000028,0.8654199839
2019-04-23,0.8672699928,0.8672699928,0.8635399938,0.8672999740
2019-04-24,0.8675000072,0.8677200079,0.8637400270,0.8674899936
2019-04-25,0.8643000126,0.8653699756,0.8626899719,0.8641999960
2019-04-26,0.8634899855,0.8637999892,0.8623700142,0.8635699749
2019-04-29,0.8628000021,0.8642799854,0.8621100187,0.8629500270
2019-04-30,0.8647000194,0.8649100065,0.8592000008,0.8648499846
2019-05-01,0.8599799871,0.8605399728,0.8586099744,0.8599399924
2019-05-02,0.8582000136,0.8595399857,0.8568199873,0.8579000235
2019-05-03,0.8572999835,0.8586800098,0.8497300148,0.8571000099
2019-05-06,0.8506399989,0.8554800153,0.8504999876,0.8505300283
2019-05-07,0.8551899791,0.8579499722,0.8537999988,0.8550000191
2019-05-08,0.8561000228,0.8622999787,0.8559899926,0.8561999798
2019-05-09,0.8604699969,0.8645899892,0.8594999909,0.8605399728
2019-05-10,0.8619800210,0.8638799787,0.8619499803,0.8622900248
2019-05-13,0.8637300134,0.8673499823,0.8623999953,0.8637999892
2019-05-14,0.8664199710,0.8690900207,0.8661000133,0.8664299846
2019-05-15,0.8680499792,0.8732699752,0.8669999838,0.8680999875
2019-05-16,0.8723700047,0.8747500181,0.8719999790,0.8722599745
2019-05-17,0.8731200099,0.8776599765,0.8730999827,0.8730300069
2019-05-20,0.8770200014,0.8783699870,0.8748999834,0.8769199848
2019-05-21,0.8773599863,0.8787599802,0.8732500076,0.8773499727
2019-05-22,0.8784999847,0.8838700056,0.8770999908,0.8785099983
2019-05-23,0.8808199763,0.8836600184,0.8791999817,0.8808000088
2019-05-24,0.8830900192,0.8848500252,0.8802800179,0.8833000064
2019-05-27,0.8807600141,0.8834499717,0.8788999915,0.8809000254
2019-05-28,0.8826599717,0.8840500116,0.8805900216,0.8826900125
2019-05-29,0.8821099997,0.8831499815,0.8798599839,0.8822299838
2019-05-30,0.8817099929,0.8838800192,0.8808000088,0.8817800283
2019-05-31,0.8827999830,0.8874099851,0.8821899891,0.8827099800
2019-06-03,0.8838800192,0.8879500031,0.8825600147,0.8840000033
2019-06-04,0.8880100250,0.8900499940,0.8852699995,0.8879899979
2019-06-05,0.8858000040,0.8877099752,0.8842999935,0.8858299851
2019-06-06,0.8848999739,0.8886700273,0.8839100003,0.8849999905
2019-06-07,0.8881199956,0.8899199963,0.8851000071,0.8881000280
2019-06-10,0.8895999789,0.8928999901,0.8880500197,0.8895000219
2019-06-11,0.8917099833,0.8931599855,0.8891299963,0.8917700052
2019-06-12,0.8903700113,0.8913300037,0.8873299956,0.8903099895
2019-06-13,0.8896399736,0.8918099999,0.8877300024,0.8895999789
2019-06-14,0.8895099759,0.8916500211,0.8889999986,0.8895699978
2019-06-17,0.8904899955,0.8944399953,0.8898900151,0.8905299902
2019-06-18,0.8950200081,0.8973500133,0.8914999962,0.8949300051
2019-06-19,0.8909900188,0.8925600052,0.8874499798,0.8910899758
2019-06-20,0.8880000114,0.8919699788,0.8871999979,0.8878999949
2019-06-21,0.8885999918,0.8945099711,0.8883000016,0.8887900114
2019-06-24,0.8926900029,0.8960000277,0.8919000030,0.8927999735
2019-06-25,0.8948199749,0.8961799741,0.8916500211,0.8948400021
2019-06-26,0.8957499862,0.8974900246,0.8942300081,0.8956999779
2019-06-27,0.8958799839,0.8972399831,0.8937600255,0.8959100246
2019-06-28,0.8971800208,0.8991299868,0.8940799832,0.8970999718
2019-07-01,0.8948000073,0.8979099989,0.8926200271,0.8949000239
2019-07-02,0.8925999999,0.8971999884,0.8920300007,0.8926100135
2019-07-03,0.8962299824,0.8987100124,0.8960000277,0.8962000012
2019-07-04,0.8969600201,0.8978000283,0.8963199854,0.8969900012
2019-07-05,0.8967999816,0.8981500268,0.8957999945,0.8967000246
2019-07-08,0.8962900043,0.8972700238,0.8952999711,0.8963099718
2019-07-09,0.8959900141,0.9000399709,0.8957999945,0.8960800171
2019-07-10,0.8992000222,0.9008799791,0.8982999921,0.8993999958
2019-07-11,0.9001299739,0.9004999995,0.8966000080,0.9000999928
2019-07-12,0.8982999921,0.8988999724,0.8955900073,0.8982999921
2019-07-15,0.8965299726,0.8999699950,0.8963999748,0.8965200186
2019-07-16,0.8995599747,0.9046000242,0.8993999958,0.8995800018
2019-07-17,0.9034600258,0.9049999714,0.9022899866,0.9034000039
2019-07-18,0.9028499722,0.9039000273,0.8979200125,0.9028999805
2019-07-19,0.8977000117,0.8997300267,0.8956999779,0.8978499770
2019-07-22,0.8963999748,0.8999999762,0.8963000178,0.8966000080
2019-07-23,0.8981000185,0.9003499746,0.8953199983,0.8982899785
2019-07-24,0.8964999914,0.8965600133,0.8907899857,0.8966000080
2019-07-25,0.8923299909,0.8959199786,0.8891999722,0.8924000263
2019-07-26,0.8948699832,0.8982899785,0.8947600126,0.8949000239
2019-07-29,0.8992000222,0.9114999771,0.8991000056,0.8992000222
2019-07-30,0.9119399786,0.9188699722,0.9117000103,0.9119899869
2019-07-31,0.9176399708,0.9180399776,0.9089999795,0.9174100161
2019-08-01,0.9108700156,0.9136400223,0.9096599817,0.9107999802
2019-08-02,0.9137200117,0.9168999791,0.9129999876,0.9136899710
2019-08-05,0.9141499996,0.9220700264,0.9132000208,0.9141499996
2019-08-06,0.9247800112,0.9248499870,0.9156500101,0.9247000217
2019-08-07,0.9205999970,0.9247099757,0.9189100266,0.9206100106
2019-08-08,0.9227799773,0.9263200164,0.9207000136,0.9225599766
2019-08-09,0.9212200046,0.9289900064,0.9210000038,0.9211000204
2019-08-12,0.9321200252,0.9322000146,0.9250100255,0.9322500229
2019-08-13,0.9283900261,0.9293000102,0.9249699712,0.9284999967
2019-08-14,0.9264100194,0.9275100231,0.9232299924,0.9264500141
2019-08-15,0.9240300059,0.9250299931,0.9154800177,0.9240000248
2019-08-16,0.9188600183,0.9190999866,0.9090600014,0.9188500047
2019-08-19,0.9121800065,0.9167699814,0.9111899734,0.9121999741
2019-08-20,0.9136099815,0.9182000160,0.9110699892,0.9136000276
2019-08-21,0.9122300148,0.9160500169,0.9114999771,0.9124199748
2019-08-22,0.9141200185,0.9156299829,0.9029200077,0.9140899777
2019-08-23,0.9045900106,0.9092800021,0.9039199948,0.9046999812
2019-08-26,0.9086599946,0.9107499719,0.9064000249,0.9086599946
2019-08-27,0.9082499743,0.9093800187,0.9019799829,0.9082499743
2019-08-28,0.9028999805,0.9116799831,0.9024000168,0.9027900100
2019-08-29,0.9072600007,0.9091899991,0.9052199721,0.9072399735
2019-08-30,0.9075400233,0.9079300165,0.9021999836,0.9074900150
2019-09-02,0.9038000107,0.9107000232,0.9025999904,0.9039099813
2019-09-03,0.9088000059,0.9146400094,0.9061899781,0.9085599780
2019-09-04,0.9074900150,0.9080600142,0.9016799927,0.9072999954
2019-09-05,0.9010699987,0.9028300047,0.8943399787,0.9010000229
2019-09-06,0.8952100277,0.8985000253,0.8944000006,0.8952000141
2019-09-09,0.8968999982,0.9012399912,0.8906700015,0.8970900178
2019-09-10,0.8946999907,0.8972600102,0.8920900226,0.8948900104
2019-09-11,0.8942700028,0.8949999809,0.8905000091,0.8944200277
2019-09-12,0.8928700089,0.8968200088,0.8886299729,0.8928200006
2019-09-13,0.8967999816,0.8974000216,0.8884000182,0.8966900110
2019-09-16,0.8868100047,0.8901000023,0.8849099874,0.8867899776
2019-09-17,0.8854200244,0.8887199759,0.8845800161,0.8853999972
2019-09-18,0.8856700063,0.8878300190,0.8851000071,0.8857799768
2019-09-19,0.8844199777,0.8891400099,0.8841999769,0.8843799829
2019-09-20,0.8818100095,0.8838999867,0.8787000179,0.8818699718
2019-09-23,0.8835700154,0.8853399754,0.8815000057,0.8835600019
2019-09-24,0.8839799762,0.8850799799,0.8802999854,0.8841999769
2019-09-25,0.8820700049,0.8879100084,0.8814700246,0.8820999861
2019-09-26,0.8860499859,0.8884800076,0.8844000101,0.8860999942
2019-09-27,0.8859000206,0.8896999955,0.8846200109,0.8858799934
2019-09-30,0.8900200129,0.8902000189,0.8833299875,0.8899999857
2019-10-01,0.8867999911,0.8934900165,0.8847100139,0.8870000243
2019-10-02,0.8895099759,0.8923799992,0.8884999752,0.8895199895
2019-10-03,0.8906900287,0.8920999765,0.8847900033,0.8907499909
2019-10-04,0.8893300295,0.8936499953,0.8880500197,0.8892199993
2019-10-07,0.8905000091,0.8926399946,0.8902999759,0.8904299736
2019-10-08,0.8928300142,0.8998799920,0.8921999931,0.8927999735
2019-10-09,0.8967999816,0.8994299769,0.8945599794,0.8968600035
2019-10-10,0.8993899822,0.9018300176,0.8894299865,0.8994699717
2019-10-11,0.8855000138,0.8858199716,0.8697000146,0.8855000138
2019-10-14,0.8744300008,0.8808100224,0.8717499971,0.8737999797
2019-10-15,0.8743500113,0.8748599887,0.8630099893,0.8742300272
2019-10-16,0.8647300005,0.8706399798,0.8597400188,0.8646900058
2019-10-17,0.8638100028,0.8696399927,0.8582000136,0.8636999726
2019-10-18,0.8647000194,0.8662899733,0.8618299961,0.8645099998
2019-10-21,0.8645300269,0.8654099703,0.8576999903,0.8647099733
2019-10-22,0.8596799970,0.8629299998,0.8586999774,0.8596199751
2019-10-23,0.8636299968,0.8657400012,0.8622199893,0.8636100292
2019-10-24,0.8615499735,0.8662999868,0.8601099849,0.8615400195
2019-10-25,0.8646900058,0.8668699861,0.8630700111,0.8648099899
2019-10-28,0.8639000058,0.8651499748,0.8615999818,0.8639799953
2019-10-29,0.8632400036,0.8650000095,0.8608400226,0.8630999923
2019-10-30,0.8636299968,0.8642899990,0.8613299727,0.8637199998
2019-10-31,0.8643500209,0.8644999862,0.8600900173,0.8643800020
2019-11-01,0.8621399999,0.8633900285,0.8595799804,0.8621799946
2019-11-04,0.8629000187,0.8644899726,0.8622000217,0.8630499840
2019-11-05,0.8634700179,0.8644400239,0.8597400188,0.8631500006
2019-11-06,0.8600000143,0.8611699939,0.8593000174,0.8597000241
2019-11-07,0.8610000014,0.8656100035,0.8600999713,0.8609799743
2019-11-08,0.8620499969,0.8629699945,0.8597999811,0.8620600104
2019-11-11,0.8613299727,0.8619199991,0.8561300039,0.8613200188
2019-11-12,0.8583400249,0.8604999781,0.8567399979,0.8582999706
2019-11-13,0.8568500280,0.8586800098,0.8561999798,0.8567900062
2019-11-14,0.8565000296,0.8580800295,0.8544899821,0.8565000296
2019-11-15,0.8553599715,0.8572000265,0.8550199866,0.8554400206
2019-11-18,0.8555200100,0.8560000062,0.8524100184,0.8555200100
2019-11-19,0.8550099730,0.8571000099,0.8538200259,0.8548899889
2019-11-20,0.8568000197,0.8582100272,0.8561300039,0.8568000197
2019-11-21,0.8569499850,0.8578900099,0.8545500040,0.8571000099
2019-11-22,0.8564699888,0.8604300022,0.8558999896,0.8565000296
2019-11-25,0.8575000167,0.8583999872,0.8529400229,0.8576599956
2019-11-26,0.8537999988,0.8578699827,0.8531000018,0.8536800146
2019-11-27,0.8570799828,0.8583099842,0.8529800177,0.8571000099
2019-11-28,0.8510800004,0.8531200290,0.8500000238,0.8510699868
2019-11-29,0.8526899815,0.8541100025,0.8514000177,0.8526999950
2019-12-02,0.8532800078,0.8572999835,0.8515599966,0.8532800078
2019-12-03,0.8559700251,0.8564000130,0.8512700200,0.8558300138
2019-12-04,0.8525999784,0.8529000282,0.8454800248,0.8525500298
2019-12-05,0.8452100158,0.8455500007,0.8430799842,0.8453599811
2019-12-06,0.8438400030,0.8466200233,0.8420000076,0.8438799977
2019-12-09,0.8411700130,0.8426700234,0.8393999934,0.8415399790
2019-12-10,0.8415499926,0.8429099917,0.8402000070,0.8416299820
2019-12-11,0.8447300196,0.8450999856,0.8410300016,0.8446999788
2019-12-12,0.8433300257,0.8489199877,0.8421599865,0.8433600068
2019-12-13,0.8297899961,0.8384799957,0.8276000023,0.8300399780
2019-12-16,0.8329700232,0.8363500237,0.8303999901,0.8330299854
2019-12-17,0.8390700221,0.8509399891,0.8379999995,0.8390499949
2019-12-18,0.8497999907,0.8516299725,0.8484500051,0.8497899771
2019-12-19,0.8494600058,0.8553599715,0.8478400111,0.8493000269
2019-12-20,0.8545699716,0.8547999859,0.8477900028,0.8544999957
2019-12-23,0.8518999815,0.8588700294,0.8505499959,0.8519499898
2019-12-24,0.8568999767,0.8577299714,0.8544600010,0.8569899797
2019-12-25,0.8569999933,0.8607000113,0.8491299748,0.8569999933
2019-12-26,0.8551999927,0.8554999828,0.8529000282,0.8553000093
2019-12-27,0.8536999822,0.8563200235,0.8509500027,0.8537999988
2019-12-30,0.8540599942,0.8555799723,0.8512799740,0.8540599942
2019-12-31,0.8541899920,0.8547999859,0.8454399705,0.8542600274
2020-01-01,0.8460999727,0.8471000195,0.8312900066,0.8461999893
2020-01-02,0.8466299772,0.8512499928,0.8457999825,0.8465700150
2020-01-03,0.8496000171,0.8542199731,0.8492000103,0.8495000005
2020-01-06,0.8532500267,0.8543999791,0.8492699862,0.8532900214
2020-01-07,0.8499100208,0.8526099920,0.8466600180,0.8499799967
2020-01-08,0.8506900072,0.8514900208,0.8455200195,0.8505300283
2020-01-09,0.8479999900,0.8531799912,0.8470000029,0.8478999734
2020-01-10,0.8499000072,0.8515999913,0.8478999734,0.8499500155
2020-01-13,0.8521599770,0.8581600189,0.8521500230,0.8521299958
2020-01-14,0.8572400212,0.8595399857,0.8546000123,0.8573200107
2020-01-15,0.8545399904,0.8576700091,0.8537999988,0.8545200229
2020-01-16,0.8552200198,0.8559299707,0.8509899974,0.8550999761
2020-01-17,0.8517000079,0.8527699709,0.8488000035,0.8514000177
2020-01-20,0.8528900146,0.8551800251,0.8519999981,0.8529000282
2020-01-21,0.8532099724,0.8534899950,0.8495600224,0.8532000184
2020-01-22,0.8495699763,0.8500000238,0.8424000144,0.8496900201
2020-01-23,0.8442000151,0.8454399705,0.8417000175,0.8440999985
2020-01-24,0.8425700068,0.8442500234,0.8396000266,0.8425899744
2020-01-27,0.8440999985,0.8448799849,0.8409299850,0.8440200090
2020-01-28,0.8437500000,0.8477299809,0.8432999849,0.8437100053
2020-01-29,0.8464000225,0.8467500210,0.8446999788,0.8462399840
2020-01-30,0.8457300067,0.8486800194,0.8411399722,0.8457499743
2020-01-31,0.8427000046,0.8427000046,0.8387399912,0.8427299857
2020-02-03,0.8412399888,0.8506399989,0.8406900167,0.8412500024
2020-02-04,0.8511000276,0.8536199927,0.8467100263,0.8508999944
2020-02-05,0.8475099802,0.8490599990,0.8428900242,0.8475800157
2020-02-06,0.8464000225,0.8493800163,0.8461999893,0.8464000225
2020-02-07,0.8493000269,0.8493000269,0.8461599946,0.8492000103
2020-02-10,0.8494099975,0.8502799869,0.8442000151,0.8493099809
2020-02-11,0.8447200060,0.8457900286,0.8420500159,0.8446599841
2020-02-12,0.8427500129,0.8427500129,0.8391000032,0.8426799774
2020-02-13,0.8392699957,0.8399199843,0.8296300173,0.8392900229
2020-02-14,0.8310499787,0.8342599869,0.8298000097,0.8309000134
2020-02-17,0.8305500150,0.8334900141,0.8302699924,0.8305000067
2020-02-18,0.8332200050,0.8346899748,0.8281400204,0.8331300020
2020-02-19,0.8303200006,0.8349000216,0.8295099735,0.8302999735
2020-02-20,0.8362500072,0.8414999843,0.8358799815,0.8363000154
2020-02-21,0.8374500275,0.8384299874,0.8343300223,0.8373900056
2020-02-24,0.8368200064,0.8402600288,0.8344699740,0.8366799951
2020-02-25,0.8393300176,0.8400200009,0.8339400291,0.8391000032
2020-02-26,0.8366799951,0.8429300189,0.8356400132,0.8366199732
2020-02-27,0.8433700204,0.8541799784,0.8433700204,0.8433200121
2020-02-28,0.8530300260,0.8622099757,0.8522199988,0.8531500101
2020-03-02,0.8630399704,0.8736299872,0.8593900204,0.8628399968
2020-03-03,0.8728899956,0.8737900257,0.8682100177,0.8727499843
2020-03-04,0.8717499971,0.8743600249,0.8661400080,0.8716999888
2020-03-05,0.8652600050,0.8677200079,0.8622099757,0.8652700186
2020-03-06,0.8665300012,0.8716199994,0.8651000261,0.8666200042
2020-03-09,0.8693000078,0.8761799932,0.8656399846,0.8691599965
2020-03-10,0.8716700077,0.8769199848,0.8681600094,0.8717499971
2020-03-11,0.8766199946,0.8827300072,0.8715599775,0.8766599894
2020-03-12,0.8784199953,0.8910400271,0.8780800104,0.8784499764
2020-03-13,0.8893600106,0.8938000202,0.8844000101,0.8897299767
2020-03-16,0.8997300267,0.9132000208,0.8988900185,0.8993200064
2020-03-17,0.9097800255,0.9136499763,0.9065300226,0.9099000096
2020-03-18,0.9091299772,0.9267699718,0.9067000151,0.9086099863
2020-03-19,0.9423000216,0.9494100213,0.9127600193,0.9424999952
2020-03-20,0.9269400239,0.9279000163,0.9001700282,0.9269700050
2020-03-23,0.9204900265,0.9369900227,0.9165700078,0.9199200273
2020-03-24,0.9279900193,0.9323499799,0.9152899981,0.9282600284
2020-03-25,0.9159200191,0.9270600080,0.9058200121,0.9161599874
2020-03-26,0.9188299775,0.9222700000,0.9081400037,0.9187600017
2020-03-27,0.9058600068,0.9071000218,0.8920300007,0.9054600000
2020-03-30,0.8939200044,0.8986099958,0.8873999715,0.8943600059
2020-03-31,0.8916699886,0.8963099718,0.8816599846,0.8914200068
2020-04-01,0.8884999752,0.8909000158,0.8788300157,0.8886100054
2020-04-02,0.8843899965,0.8843899965,0.8758000135,0.8845000267
2020-04-03,0.8749600053,0.8833799958,0.8741400242,0.8750299811
2020-04-06,0.8843700290,0.8853600025,0.8763399720,0.8842700124
2020-04-07,0.8828399777,0.8855999708,0.8800399899,0.8823599815
2020-04-08,0.8830199838,0.8831899762,0.8755699992,0.8829200268
2020-04-09,0.8764100075,0.8782600164,0.8729000092,0.8765000105
2020-04-10,0.8765799999,0.8784300089,0.8750600219,0.8768699765
2020-04-13,0.8772900105,0.8777099848,0.8705800176,0.8772500157
2020-04-14,0.8720700145,0.8738399744,0.8682900071,0.8719999790
2020-04-15,0.8699399829,0.8744400144,0.8697299957,0.8699499965
2020-04-16,0.8707900047,0.8727999926,0.8697299957,0.8708000183
2020-04-17,0.8695200086,0.8720600009,0.8684399724,0.8695999980
2020-04-20,0.8700600266,0.8741000295,0.8698099852,0.8701599836
2020-04-21,0.8730400205,0.8850499988,0.8726000190,0.8731999993
2020-04-22,0.8823999763,0.8835999966,0.8776800036,0.8826000094
2020-04-23,0.8769599795,0.8776000142,0.8709400296,0.8769000173
2020-04-24,0.8722699881,0.8767899871,0.8711000085,0.8722000122
2020-04-27,0.8748000264,0.8748800159,0.8712900281,0.8749899864
2020-04-28,0.8712999821,0.8723599911,0.8689399958,0.8713099957
2020-04-29,0.8711000085,0.8753799796,0.8693000078,0.8711100221
2020-04-30,0.8722199798,0.8739799857,0.8671200275,0.8720800281
2020-05-01,0.8699100018,0.8793200254,0.8698099852,0.8698700070
2020-05-04,0.8795999885,0.8813999891,0.8773000240,0.8799300194
2020-05-05,0.8759199977,0.8759199977,0.8691499829,0.8760600090
2020-05-06,0.8709499836,0.8755000234,0.8698499799,0.8710100055
2020-05-07,0.8760600090,0.8789100051,0.8708999753,0.8760200143
2020-05-08,0.8758999705,0.8764600158,0.8713899851,0.8755900264
2020-05-11,0.8727399707,0.8803300261,0.8721799850,0.8727999926
2020-05-12,0.8764399886,0.8834900260,0.8759499788,0.8766000271
2020-05-13,0.8850799799,0.8876000047,0.8808299899,0.8851400018
2020-05-14,0.8840900064,0.8869400024,0.8832700253,0.8839700222
2020-05-15,0.8832399845,0.8932399750,0.8829399943,0.8834000230
2020-05-18,0.8951299787,0.8952800035,0.8895699978,0.8951500058
2020-05-19,0.8945099711,0.8956599832,0.8916699886,0.8946099877
2020-05-20,0.8914200068,0.8968300223,0.8910999894,0.8914800286
2020-05-21,0.8973199725,0.8999300003,0.8946400285,0.8970999718
2020-05-22,0.8957499862,0.8969900012,0.8930600286,0.8957700133
2020-05-25,0.8950999975,0.8953999877,0.8927000165,0.8951100111
2020-05-26,0.8934199810,0.8940100074,0.8881999850,0.8933799863
2020-05-27,0.8901000023,0.8992499709,0.8888599873,0.8901000023
2020-05-28,0.8981900215,0.8993600011,0.8963599801,0.8981900215
2020-05-29,0.8991699815,0.9052500129,0.8979700208,0.8991100192
2020-06-01,0.9002199769,0.9002199769,0.8917999864,0.9003700018
2020-06-02,0.8907999992,0.8919799924,0.8866000175,0.8909500241
2020-06-03,0.8891999722,0.8930500150,0.8878300190,0.8890500069
2020-06-04,0.8934199810,0.9004499912,0.8930000067,0.8933600187
2020-06-05,0.8994600177,0.9003099799,0.8886700273,0.8989899755
2020-06-08,0.8898299932,0.8927699924,0.8880000114,0.8894400001
2020-06-09,0.8875799775,0.8936700225,0.8866000175,0.8876799941
2020-06-10,0.8915799856,0.8920000196,0.8883900046,0.8914800286
2020-06-11,0.8941199780,0.9006500244,0.8932999969,0.8941400051
2020-06-12,0.8976699710,0.8991199732,0.8948500156,0.8977000117
2020-06-15,0.8993800282,0.9024099708,0.8960999846,0.8994500041
2020-06-16,0.8970599771,0.8979799747,0.8913000226,0.8970000148
2020-06-17,0.8951399922,0.8988699913,0.8939599991,0.8951100111
2020-06-18,0.8955299854,0.9040899873,0.8952000141,0.8955799937
2020-06-19,0.9017500281,0.9071800113,0.9006999731,0.9018999934
2020-06-22,0.9053300023,0.9059100151,0.9020000100,0.9051399827
2020-06-23,0.9021400213,0.9077900052,0.9018899798,0.9022099972
2020-06-24,0.9030299783,0.9073299766,0.9016799927,0.9031400084
2020-06-25,0.9061899781,0.9063699841,0.9000999928,0.9062899947
2020-06-26,0.9029700160,0.9096599817,0.9024000168,0.9029399753
2020-06-29,0.9094300270,0.9174299836,0.9083999991,0.9093000293
2020-06-30,0.9136000276,0.9144300222,0.9080500007,0.9135599732
2020-07-01,0.9065899849,0.9078500271,0.9020900130,0.9065999985
2020-07-02,0.9025099874,0.9031000137,0.9003400207,0.9025999904
2020-07-03,0.9013699889,0.9028499722,0.9003999829,0.9013900161
2020-07-06,0.9014499784,0.9067199826,0.9013400078,0.9014899731
2020-07-07,0.9051600099,0.9054800272,0.8967199922,0.9052900076
2020-07-08,0.8990200162,0.9009299874,0.8974199891,0.8988999724
2020-07-09,0.8986600041,0.8999900222,0.8945000172,0.8987799883
2020-07-10,0.8952100277,0.8968799710,0.8938000202,0.8954300284
2020-07-13,0.8953999877,0.9012399912,0.8944900036,0.8956000209
2020-07-14,0.9039899707,0.9111999869,0.9032999873,0.9038199782
2020-07-15,0.9076399803,0.9078000188,0.9043999910,0.9077699780
2020-07-16,0.9067800045,0.9094099998,0.9055799842,0.9066900015
2020-07-17,0.9065399766,0.9134299755,0.9056000113,0.9067000151
2020-07-20,0.9100099802,0.9136599898,0.9031800032,0.9101499915
2020-07-21,0.9047999978,0.9047999978,0.9000700116,0.9047999978
2020-07-22,0.9057599902,0.9136099815,0.9050999880,0.9059500098
2020-07-23,0.9085000157,0.9122999907,0.9082999825,0.9085100293
2020-07-24,0.9107400179,0.9123299718,0.9085500240,0.9108099937
2020-07-27,0.9104200006,0.9147899747,0.9100800157,0.9106100202
2020-07-28,0.9128800035,0.9133399725,0.9057700038,0.9130300283
2020-07-29,0.9064000249,0.9086999893,0.9035199881,0.9066799879
2020-07-30,0.9076499939,0.9078099728,0.9017500281,0.9075700045
2020-07-31,0.9051100016,0.9061999917,0.8981500268,0.9049900174
2020-08-03,0.8992999792,0.9014199972,0.8982300162,0.8992300034
2020-08-04,0.8991199732,0.9039099813,0.8991000056,0.8992999792
2020-08-05,0.9027500153,0.9057599902,0.9011800289,0.9028400183
2020-08-06,0.9043599963,0.9052299857,0.8985000253,0.9044200182
2020-08-07,0.9039700031,0.9041000009,0.9017300010,0.9037500024
2020-08-10,0.9025899768,0.9028099775,0.8978999853,0.9026399851
2020-08-11,0.8977000117,0.9008200169,0.8969399929,0.8975399733
2020-08-12,0.8990600109,0.9052399993,0.8988999724,0.8992499709
2020-08-13,0.9040499926,0.9051300287,0.9030699730,0.9039300084
2020-08-14,0.9039999843,0.9048200250,0.9002500176,0.9039999843
2020-08-17,0.9043099880,0.9070000052,0.9035099745,0.9043999910
2020-08-18,0.9059299827,0.9060999751,0.9014300108,0.9059000015
2020-08-19,0.9014199972,0.9042800069,0.9002900124,0.9014000297
2020-08-20,0.9033799767,0.9067500234,0.8992099762,0.9034000039
2020-08-21,0.8978099823,0.9013400078,0.8943899870,0.8977000117
2020-08-24,0.9011300206,0.9041100144,0.9001799822,0.9009600282
2020-08-25,0.9021599889,0.9035999775,0.8984900117,0.9022399783
2020-08-26,0.8998600245,0.9003000259,0.8946999907,0.8998000026
2020-08-27,0.8951600194,0.8963800073,0.8928700089,0.8955000043
2020-08-28,0.8955100179,0.8973600268,0.8910999894,0.8950999975
2020-08-31,0.8922100067,0.8965700269,0.8916000128,0.8922899961
2020-09-01,0.8932700157,0.8944200277,0.8888900280,0.8932899833
2020-09-02,0.8896899819,0.8906000257,0.8873900175,0.8897699714
2020-09-03,0.8873500228,0.8923000097,0.8865000010,0.8873400092
2020-09-04,0.8926799893,0.8950799704,0.8902699947,0.8926500082
2020-09-07,0.8933600187,0.8992300034,0.8929499984,0.8933799863
2020-09-08,0.8978999853,0.9054200053,0.8973000050,0.8979600072
2020-09-09,0.9075000286,0.9129899740,0.9074900150,0.9074000120
2020-09-10,0.9080700278,0.9247599840,0.9078000188,0.9080100060
2020-09-11,0.9230899811,0.9290000200,0.9212499857,0.9231500030
2020-09-14,0.9244999886,0.9250199795,0.9202200174,0.9244800210
2020-09-15,0.9236900210,0.9257699847,0.9190099835,0.9235600233
2020-09-16,0.9191600084,0.9206100106,0.9094600081,0.9191899896
2020-09-17,0.9106900096,0.9168300033,0.9082099795,0.9107199907
2020-09-18,0.9128000140,0.9161300063,0.9114900231,0.9131000042
2020-09-21,0.9157999754,0.9196100235,0.9148300290,0.9158800244
2020-09-22,0.9176300168,0.9216499925,0.9143400192,0.9175999761
2020-09-23,0.9186300039,0.9216799736,0.9138000011,0.9186000228
2020-09-24,0.9169200063,0.9179900289,0.9116899967,0.9162999988
2020-09-25,0.9150400162,0.9165400267,0.9119600058,0.9150500298
2020-09-28,0.9114000201,0.9116700292,0.9028499722,0.9113699794
2020-09-29,0.9071000218,0.9143000245,0.9064000249,0.9071400166
2020-09-30,0.9127200246,0.9154999852,0.9067299962,0.9126399755
2020-10-01,0.9070799947,0.9154000282,0.9061999917,0.9071900249
2020-10-02,0.9113600254,0.9121699929,0.9044100046,0.9113699794
2020-10-05,0.9064800143,0.9089400172,0.9053000212,0.9063100219
2020-10-06,0.9072700143,0.9124100208,0.9060400128,0.9074000120
2020-10-07,0.9109399915,0.9152600169,0.9095000029,0.9109200239
2020-10-08,0.9108399749,0.9120299816,0.9070299864,0.9108999968
2020-10-09,0.9093599916,0.9125499725,0.9073399901,0.9092500210
2020-10-12,0.9067000151,0.9077799916,0.9029899836,0.9067000151
2020-10-13,0.9041399956,0.9071199894,0.9017999768,0.9041299820
2020-10-14,0.9076700211,0.9118199944,0.8999999762,0.9076200128
2020-10-15,0.9026399851,0.9071199894,0.9014400244,0.9024599791
2020-10-16,0.9069899917,0.9106400013,0.9041500092,0.9073299766
2020-10-19,0.9061599970,0.9078699946,0.9023000002,0.9061800241
2020-10-20,0.9088600278,0.9146000147,0.9076399803,0.9087899923
2020-10-21,0.9129099846,0.9132400155,0.9017000198,0.9131699800
2020-10-22,0.9025400281,0.9045100212,0.9008499980,0.9025800228
2020-10-23,0.9032400250,0.9084100127,0.9020799994,0.9033700228
2020-10-26,0.9076099992,0.9104999900,0.9035900235,0.9075999856
2020-10-27,0.9068999887,0.9084200263,0.9046199918,0.9072499871
2020-10-28,0.9039999843,0.9074199796,0.9001899958,0.9040899873
2020-10-29,0.9044499993,0.9057400227,0.9007400274,0.9042000175
2020-10-30,0.9028000236,0.9052299857,0.8981900215,0.9030500054
2020-11-02,0.9005900025,0.9047799706,0.8993999958,0.9005699754
2020-11-03,0.9006999731,0.9020500183,0.8968600035,0.9006000161
2020-11-04,0.8956500292,0.9031400084,0.8947200179,0.8963000178
2020-11-05,0.9049699903,0.9067000151,0.8997399807,0.9047300220
2020-11-06,0.8989999890,0.9053000212,0.8989999890,0.8993499875
2020-11-09,0.9023399949,0.9046999812,0.8987900019,0.9022499919
2020-11-10,0.8978599906,0.8978599906,0.8884699941,0.8978300095
2020-11-11,0.8912500143,0.8917999864,0.8861299753,0.8911600113
2020-11-12,0.8905299902,0.8997099996,0.8905299902,0.8907300234
2020-11-13,0.8994500041,0.9003000259,0.8962900043,0.8998000026
2020-11-16,0.8957999945,0.8994200230,0.8955000043,0.8959199786
2020-11-17,0.8968499899,0.8981500268,0.8949699998,0.8967999816
2020-11-18,0.8947600126,0.8957200050,0.8914999962,0.8949000239
2020-11-19,0.8940899968,0.8962299824,0.8924300075,0.8936600089
2020-11-20,0.8953800201,0.8959400058,0.8914899826,0.8956000209
2020-11-23,0.8918399811,0.8921099901,0.8866000175,0.8918099999
2020-11-24,0.8887000084,0.8910700083,0.8870499730,0.8884900212
2020-11-25,0.8903099895,0.8936899900,0.8890500069,0.8903099895
2020-11-26,0.8903399706,0.8933600187,0.8898400068,0.8901000023
2020-11-27,0.8919000030,0.8991100192,0.8903899789,0.8920000196
2020-11-30,0.8979099989,0.8998699784,0.8946999907,0.8978899717
2020-12-01,0.8950300217,0.9005500078,0.8930600286,0.8950499892
2020-12-02,0.8992000222,0.9083200097,0.8985800147,0.8993099928
2020-12-03,0.9059100151,0.9064999819,0.8999000192,0.9060199857
2020-12-04,0.9027699828,0.9065300226,0.8983100057,0.9026600122
2020-12-07,0.9034100175,0.9138000011,0.9028199911,0.9033499956
2020-12-08,0.9064999819,0.9114699960,0.9059900045,0.9068199992
2020-12-09,0.9060000181,0.9079899788,0.8984100223,0.9057999849
2020-12-10,0.9036899805,0.9139999747,0.9021999836,0.9035500288
2020-12-11,0.9128400087,0.9228799939,0.9099400043,0.9126600027
2020-12-14,0.9108999968,0.9117299914,0.9038000107,0.9109799862
2020-12-15,0.9116600156,0.9148300290,0.9038699865,0.9113399982
2020-12-16,0.9037799835,0.9053699970,0.8993899822,0.9039499760
2020-12-17,0.9032099843,0.9035500288,0.8971999884,0.9031500220
2020-12-18,0.9035699964,0.9082800150,0.9029999971,0.9035900235
2020-12-21,0.9109799862,0.9214500189,0.9103699923,0.9114800096
2020-12-22,0.9097099900,0.9149500132,0.9082900286,0.9099000096
2020-12-23,0.9096999764,0.9096999764,0.9004999995,0.9093599916
2020-12-24,0.9024000168,0.9028800130,0.8952800035,0.9026700258
2020-12-25,0.8974300027,0.9006000161,0.8421900272,0.8974300027
2020-12-28,0.8992599845,0.9088500142,0.8988999724,0.8992000222
2020-12-29,0.9072700143,0.9090700150,0.9057199955,0.9072600007
2020-12-30,0.9077600241,0.9083999991,0.9002400041,0.9075899720
2020-12-31,0.9023100138,0.9029999971,0.8946499825,0.9023600221
2021-01-01,0.8841900229,0.8851500154,0.8838199973,0.8849200010
2021-01-04,0.8951600194,0.9044499993,0.8941000104,0.8951699734
2021-01-05,0.9026899934,0.9053199887,0.9014300108,0.9025999904
2021-01-06,0.9025200009,0.9083399773,0.9017199874,0.9024099708
2021-01-07,0.9056400061,0.9074900150,0.9015399814,0.9055799842
2021-01-08,0.9041900039,0.9044600129,0.8992000222,0.9041600227
2021-01-11,0.9012899995,0.9035900235,0.8999099731,0.9015300274
2021-01-12,0.8989999890,0.8994100094,0.8920500278,0.8991000056
2021-01-13,0.8931999803,0.8934000134,0.8884099722,0.8930799961
2021-01-14,0.8911200166,0.8915200233,0.8869400024,0.8909999728
2021-01-15,0.8878999949,0.8905599713,0.8867400289,0.8879600167
2021-01-18,0.8889300227,0.8924300075,0.8884999752,0.8889200091
2021-01-19,0.8892199993,0.8917999864,0.8883000016,0.8892700076
2021-01-20,0.8896200061,0.8902300000,0.8838000298,0.8895999789
2021-01-21,0.8861600161,0.8868200183,0.8829699755,0.8863499761
2021-01-22,0.8860300183,0.8917700052,0.8860300183,0.8860099912
2021-01-25,0.8889799714,0.8895999789,0.8869400024,0.8889399767
2021-01-26,0.8878999949,0.8903999925,0.8847000003,0.8880000114
2021-01-27,0.8850799799,0.8856499791,0.8812500238,0.8850899935
2021-01-28,0.8852300048,0.8882700205,0.8830999732,0.8853800297
2021-01-29,0.8830199838,0.8869900107,0.8823999763,0.8830999732
2021-02-01,0.8849300146,0.8851000071,0.8804399967,0.8850399852
2021-02-02,0.8823999763,0.8834699988,0.8794000149,0.8823300004
2021-02-03,0.8809999824,0.8822000027,0.8797000051,0.8812299967
2021-02-04,0.8821200132,0.8838899732,0.8751500249,0.8823000193
2021-02-05,0.8751599789,0.8776299953,0.8738099933,0.8749499917
2021-02-08,0.8769500256,0.8791800141,0.8761000037,0.8769500256
2021-02-09,0.8766000271,0.8795899749,0.8761900067,0.8767600060
2021-02-10,0.8769500256,0.8779299855,0.8751900196,0.8769099712
2021-02-11,0.8760799766,0.8784800172,0.8751999736,0.8760700226
2021-02-12,0.8781700134,0.8790400028,0.8745200038,0.8781700134
2021-02-15,0.8737999797,0.8739600182,0.8716999888,0.8738800287
2021-02-16,0.8719400167,0.8737499714,0.8697999716,0.8719000220
2021-02-17,0.8704900146,0.8719000220,0.8680599928,0.8705000281
2021-02-18,0.8686900139,0.8699600101,0.8641999960,0.8686699867
2021-02-19,0.8654999733,0.8676999807,0.8643000126,0.8656499982
2021-02-22,0.8642399907,0.8660100102,0.8632000089,0.8641999960
2021-02-23,0.8645200133,0.8653900027,0.8614400029,0.8645799756
2021-02-24,0.8605200052,0.8614199758,0.8548600078,0.8607000113
2021-02-25,0.8602499962,0.8671699762,0.8594999909,0.8601999879
2021-02-26,0.8682000041,0.8729000092,0.8668400049,0.8679000139
2021-03-01,0.8650500178,0.8659800291,0.8620100021,0.8651700020
2021-03-02,0.8650199771,0.8666499853,0.8636000156,0.8647699952
2021-03-03,0.8661999702,0.8665999770,0.8622499704,0.8659899831
2021-03-04,0.8652799726,0.8654000163,0.8597900271,0.8652300239
2021-03-05,0.8613200188,0.8650100231,0.8600999713,0.8613100052
2021-03-08,0.8610200286,0.8616799712,0.8568000197,0.8607900143
2021-03-09,0.8572999835,0.8585199714,0.8550400138,0.8573099971
2021-03-10,0.8566300273,0.8577499986,0.8549399972,0.8565999866
2021-03-11,0.8559600115,0.8581200242,0.8547000289,0.8557999730
2021-03-12,0.8566200137,0.8597499728,0.8552899957,0.8565499783
2021-03-15,0.8578400016,0.8598799706,0.8553900123,0.8578199744
2021-03-16,0.8580200076,0.8638100028,0.8561000228,0.8579999804
2021-03-17,0.8560600281,0.8582699895,0.8540999889,0.8561000228
2021-03-18,0.8573600054,0.8583400249,0.8536099792,0.8573899865
2021-03-19,0.8559299707,0.8589100242,0.8535500169,0.8558599949
2021-03-22,0.8590099812,0.8625800014,0.8575000167,0.8590199947
2021-03-23,0.8609300256,0.8644599915,0.8597700000,0.8608300090
2021-03-24,0.8619999886,0.8644700050,0.8615199924,0.8622900248
2021-03-25,0.8628799915,0.8640599847,0.8579999804,0.8624100089
2021-03-26,0.8565300107,0.8570200205,0.8537300229,0.8564900160
2021-03-29,0.8547800183,0.8561999798,0.8504999876,0.8547000289
2021-03-30,0.8543300033,0.8555700183,0.8522999883,0.8543400168
2021-03-31,0.8528000116,0.8537999988,0.8503999710,0.8527899981
2021-04-01,0.8505700231,0.8532199860,0.8493000269,0.8506500125
2021-04-02,0.8513000011,0.8519799709,0.8498200178,0.8511999846
2021-04-05,0.8508099914,0.8509100080,0.8471000195,0.8507000208
2021-04-06,0.8494700193,0.8558200002,0.8485000134,0.8493099809
2021-04-07,0.8586999774,0.8662700057,0.8580999970,0.8586999774
2021-04-08,0.8639000058,0.8668000102,0.8619999886,0.8640000224
2021-04-09,0.8673300147,0.8696799874,0.8646000028,0.8673899770
2021-04-12,0.8677300215,0.8693799973,0.8639000058,0.8677399755
2021-04-13,0.8660699725,0.8707500100,0.8640000224,0.8659999967
2021-04-14,0.8687000275,0.8697999716,0.8668000102,0.8687199950
2021-04-15,0.8696299791,0.8697000146,0.8670399785,0.8697000146
2021-04-16,0.8683500290,0.8719999790,0.8661999702,0.8682600260
2021-04-19,0.8659700155,0.8671699762,0.8589299917,0.8661299944
2021-04-20,0.8606200218,0.8641899824,0.8605399728,0.8605999947
2021-04-21,0.8630999923,0.8643500209,0.8612499833,0.8632199764
2021-04-22,0.8639000058,0.8698999882,0.8633999825,0.8639900088
2021-04-23,0.8680899739,0.8717100024,0.8669999838,0.8681100011
2021-04-26,0.8717399836,0.8717399836,0.8682000041,0.8717899919
2021-04-27,0.8693199754,0.8701000214,0.8673999906,0.8692700267
2021-04-28,0.8694599867,0.8708000183,0.8686000109,0.8694000244
2021-04-29,0.8697000146,0.8700900078,0.8673999906,0.8694000244
2021-04-30,0.8690900207,0.8714600205,0.8680999875,0.8690999746
2021-05-03,0.8701900244,0.8708500266,0.8665000200,0.8702899814
2021-05-04,0.8673999906,0.8688499928,0.8646399975,0.8672199845
2021-05-05,0.8647999763,0.8651000261,0.8622900248,0.8650000095
2021-05-06,0.8632000089,0.8697199821,0.8628000021,0.8632299900
2021-05-07,0.8682100177,0.8699100018,0.8664500117,0.8682199717
2021-05-10,0.8667100072,0.8671600223,0.8592600226,0.8667399883
2021-05-11,0.8589699864,0.8612700105,0.8586699963,0.8591200113
2021-05-12,0.8589000106,0.8597000241,0.8558999896,0.8589000106
2021-05-13,0.8587999940,0.8616999984,0.8583999872,0.8587899804
2021-05-14,0.8597400188,0.8626000285,0.8594999909,0.8597300053
2021-05-17,0.8614799976,0.8630999923,0.8600000143,0.8615499735
2021-05-18,0.8590700030,0.8608499765,0.8579999804,0.8591899872
2021-05-19,0.8613499999,0.8641800284,0.8610500097,0.8614400029
2021-05-20,0.8626499772,0.8642399907,0.8616999984,0.8626000285
2021-05-21,0.8615800142,0.8629299998,0.8582999706,0.8615999818
2021-05-24,0.8613600135,0.8648599982,0.8605999947,0.8613200188
2021-05-25,0.8626999855,0.8670499921,0.8618999720,0.8628100157
2021-05-26,0.8658999801,0.8659499884,0.8630200028,0.8659999967
2021-05-27,0.8637099862,0.8645600080,0.8593999743,0.8634999990
2021-05-28,0.8583599925,0.8605999947,0.8574000001,0.8583999872
2021-05-31,0.8595399857,0.8613799810,0.8582000136,0.8583999872
2021-06-01,0.8598499894,0.8644700050,0.8585000038,0.8597700000
2021-06-02,0.8630700111,0.8637800217,0.8600000143,0.8629699945
2021-06-03,0.8614900112,0.8618999720,0.8586199880,0.8615300059
2021-06-04,0.8597199917,0.8600100279,0.8565999866,0.8598999977
2021-06-07,0.8589699864,0.8612400293,0.8578000069,0.8590000272
2021-06-08,0.8598099947,0.8625900149,0.8594999909,0.8598799706
2021-06-09,0.8601199985,0.8637700081,0.8587999940,0.8602300286
2021-06-10,0.8628399968,0.8641499877,0.8593000174,0.8629999757
2021-06-11,0.8589599729,0.8604699969,0.8568500280,0.8590000272
2021-06-14,0.8576999903,0.8604300022,0.8571000099,0.8576999903
2021-06-15,0.8589000106,0.8628100157,0.8582000136,0.8590800166
2021-06-16,0.8609499931,0.8611000180,0.8579099774,0.8610100150
2021-06-17,0.8573099971,0.8579000235,0.8542000055,0.8572000265
2021-06-18,0.8546299934,0.8594300151,0.8540999889,0.8546400070
2021-06-21,0.8590000272,0.8601199985,0.8554999828,0.8590899706
2021-06-22,0.8554800153,0.8580099940,0.8547000289,0.8554199934
2021-06-23,0.8556900024,0.8563600183,0.8530700207,0.8555999994
2021-06-24,0.8541399837,0.8591499925,0.8533999920,0.8539999723
2021-06-25,0.8570500016,0.8603000045,0.8567000031,0.8570700288
2021-06-28,0.8592699766,0.8594999909,0.8567299843,0.8593699932
2021-06-29,0.8594499826,0.8608999848,0.8586999774,0.8593999743
2021-06-30,0.8596500158,0.8608300090,0.8568900228,0.8597700000
2021-07-01,0.8572999835,0.8614500165,0.8565000296,0.8572900295
2021-07-02,0.8608999848,0.8610200286,0.8587200046,0.8608899713
2021-07-05,0.8572199941,0.8580399752,0.8561800122,0.8571000099
2021-07-06,0.8560000062,0.8575900197,0.8536099792,0.8562399745
2021-07-07,0.8563899994,0.8582500219,0.8543000221,0.8563600183
2021-07-08,0.8545200229,0.8617399931,0.8543900251,0.8544999957
2021-07-09,0.8589199781,0.8597000241,0.8554999828,0.8589800000
2021-07-12,0.8541899920,0.8565899730,0.8536000252,0.8541300297
2021-07-13,0.8542299867,0.8557299972,0.8529999852,0.8542000055
2021-07-14,0.8528500199,0.8536499739,0.8504400253,0.8527100086
2021-07-15,0.8537999988,0.8567600250,0.8511000276,0.8536999822
2021-07-16,0.8541399837,0.8572000265,0.8521999717,0.8540899754
2021-07-19,0.8582000136,0.8640400171,0.8569399714,0.8580999970
2021-07-20,0.8625000119,0.8669099808,0.8619999886,0.8626000285
2021-07-21,0.8640900254,0.8657299876,0.8612999916,0.8640300035
2021-07-22,0.8600000143,0.8609399796,0.8550199866,0.8598099947
2021-07-23,0.8547400236,0.8583899736,0.8547000289,0.8546900153
2021-07-26,0.8557000160,0.8572700024,0.8537499905,0.8557999730
2021-07-27,0.8537999988,0.8555399776,0.8514299989,0.8537399769
2021-07-28,0.8512899876,0.8522199988,0.8499000072,0.8514400125
2021-07-29,0.8517000079,0.8519999981,0.8500199914,0.8515999913
2021-07-30,0.8514800072,0.8533800244,0.8509899974,0.8514999747
2021-08-02,0.8537899852,0.8557199836,0.8531000018,0.8538699746
2021-08-03,0.8547000289,0.8550500274,0.8527299762,0.8547000289
2021-08-04,0.8528100252,0.8532000184,0.8503999710,0.8527899981
2021-08-05,0.8521800041,0.8526499867,0.8492100239,0.8521599770
2021-08-06,0.8495699763,0.8497999907,0.8469499946,0.8495699763
2021-08-09,0.8472099900,0.8485500216,0.8461999893,0.8471999764
2021-08-10,0.8475099802,0.8479999900,0.8450499773,0.8474000096
2021-08-11,0.8469399810,0.8482999802,0.8462899923,0.8470199704
2021-08-12,0.8464499712,0.8483999968,0.8458600044,0.8465499878
2021-08-13,0.8496599793,0.8518000245,0.8493999839,0.8496800065
2021-08-16,0.8506600261,0.8514999747,0.8485000134,0.8506299853
2021-08-17,0.8508800268,0.8535500169,0.8506900072,0.8508300185
2021-08-18,0.8519799709,0.8532400131,0.8506000042,0.8519999981
2021-08-19,0.8513000011,0.8558300138,0.8505399823,0.8514800072
2021-08-20,0.8565400243,0.8582999706,0.8562999964,0.8565800190
2021-08-23,0.8584100008,0.8591899872,0.8550900221,0.8585000038
2021-08-24,0.8557999730,0.8571699858,0.8540999889,0.8555999994
2021-08-25,0.8562499881,0.8568400145,0.8550999761,0.8562399745
2021-08-26,0.8551300168,0.8578000069,0.8549000025,0.8551499844
2021-08-27,0.8580600023,0.8589000106,0.8560000062,0.8578900099
2021-08-30,0.8572000265,0.8581600189,0.8566899896,0.8572000265
2021-08-31,0.8573600054,0.8597300053,0.8566700220,0.8572000265
2021-09-01,0.8586300015,0.8602200150,0.8574399948,0.8586999774
2021-09-02,0.8597099781,0.8600000143,0.8575999737,0.8597000241
2021-09-03,0.8581600189,0.8592799902,0.8562300205,0.8581100106
2021-09-06,0.8576200008,0.8585600257,0.8565999866,0.8574000001
2021-09-07,0.8579400182,0.8612800241,0.8575000167,0.8578000069
2021-09-08,0.8594400287,0.8601700068,0.8576999903,0.8594300151
2021-09-09,0.8583999872,0.8587999940,0.8524500132,0.8584399819
2021-09-10,0.8542900085,0.8544899821,0.8520600200,0.8542299867
2021-09-13,0.8534299731,0.8537700176,0.8510400057,0.8534299731
2021-09-14,0.8532599807,0.8540099859,0.8510000110,0.8533999920
2021-09-15,0.8546800017,0.8561400175,0.8529199958,0.8546299934
2021-09-16,0.8535299897,0.8546900153,0.8500499725,0.8533899784
2021-09-17,0.8525400162,0.8552299738,0.8521000147,0.8525699973
2021-09-20,0.8541899920,0.8589900136,0.8539000154,0.8542699814
2021-09-21,0.8583099842,0.8593599796,0.8563399911,0.8582900167
2021-09-22,0.8583999872,0.8610900044,0.8572999835,0.8582999706
2021-09-23,0.8581100106,0.8589100242,0.8535000086,0.8582599759
2021-09-24,0.8557000160,0.8572099805,0.8549000025,0.8555999994
2021-09-27,0.8574399948,0.8576499820,0.8526999950,0.8575699925
2021-09-28,0.8536300063,0.8639799953,0.8525400162,0.8535900116
2021-09-29,0.8629000187,0.8657600284,0.8612999916,0.8630999923
2021-09-30,0.8640300035,0.8641600013,0.8577799797,0.8637999892
2021-10-01,0.8592200279,0.8623300195,0.8543999791,0.8592699766
2021-10-04,0.8550999761,0.8571699858,0.8529999852,0.8550999761
2021-10-05,0.8535799980,0.8544200063,0.8503699899,0.8536499739
2021-10-06,0.8509200215,0.8526099920,0.8493999839,0.8509200215
2021-10-07,0.8500800133,0.8521299958,0.8478999734,0.8500999808
2021-10-08,0.8485000134,0.8498899937,0.8478000164,0.8485999703
2021-10-11,0.8492299914,0.8495299816,0.8472099900,0.8493300080
2021-10-12,0.8498399854,0.8516600132,0.8474000096,0.8497999907
2021-10-13,0.8492400050,0.8495399952,0.8472999930,0.8492000103
2021-10-14,0.8483700156,0.8486999869,0.8453999758,0.8483499885
2021-10-15,0.8478900194,0.8486499786,0.8425499797,0.8479200006
2021-10-18,0.8426600099,0.8462700248,0.8424000144,0.8426499963
2021-10-19,0.8453699946,0.8463000059,0.8423500061,0.8453999758
2021-10-20,0.8432700038,0.8460000157,0.8421999812,0.8432000279
2021-10-21,0.8428800106,0.8443499804,0.8422200084,0.8429800272
2021-10-22,0.8429099917,0.8463699818,0.8420000076,0.8428999782
2021-10-25,0.8455500007,0.8464599848,0.8427000046,0.8456000090
2021-10-26,0.8433399796,0.8433799744,0.8402000070,0.8433799744
2021-10-27,0.8422899842,0.8463000059,0.8418999910,0.8423500061
2021-10-28,0.8445900083,0.8465899825,0.8422999978,0.8446099758
2021-10-29,0.8464499712,0.8471999764,0.8435000181,0.8463799953
2021-11-01,0.8445699811,0.8478800058,0.8440999985,0.8445299864
2021-11-02,0.8493199944,0.8512899876,0.8490999937,0.8493999839
2021-11-03,0.8503400087,0.8512200117,0.8471999764,0.8503000140
2021-11-04,0.8482000232,0.8563500047,0.8465499878,0.8481500149
2021-11-05,0.8552899957,0.8593900204,0.8549799919,0.8553799987
2021-11-08,0.8575099707,0.8587300181,0.8535000086,0.8574299812
2021-11-09,0.8543400168,0.8560000062,0.8521000147,0.8542000055
2021-11-10,0.8546500206,0.8559299707,0.8531699777,0.8550000191
2021-11-11,0.8561000228,0.8572300076,0.8543999791,0.8560900092
2021-11-12,0.8562999964,0.8564699888,0.8531900048,0.8564299941
2021-11-15,0.8527699709,0.8537099957,0.8494399786,0.8527200222
2021-11-16,0.8475599885,0.8481299877,0.8434799910,0.8475499749
2021-11-17,0.8429200053,0.8435999751,0.8385000229,0.8428999782
2021-11-18,0.8389700055,0.8424599767,0.8383499980,0.8389999866
2021-11-19,0.8421099782,0.8425999880,0.8385999799,0.8420600295
2021-11-22,0.8393099904,0.8402699828,0.8380600214,0.8391000032
2021-11-23,0.8389000297,0.8429899812,0.8384000063,0.8390399814
2021-11-24,0.8405500054,0.8413800001,0.8384400010,0.8406299949
2021-11-25,0.8404300213,0.8434299827,0.8398000002,0.8403400183
2021-11-26,0.8417999744,0.8494799733,0.8415899873,0.8417999744
2021-11-29,0.8463600278,0.8475700021,0.8446300030,0.8464099765
2021-11-30,0.8480600119,0.8524500132,0.8472499847,0.8480600119
2021-12-01,0.8520799875,0.8524500132,0.8493000269,0.8521000147
2021-12-02,0.8524000049,0.8525699973,0.8494399786,0.8522999883
2021-12-03,0.8500999808,0.8546599746,0.8492799997,0.8500199914
2021-12-06,0.8540700078,0.8540999889,0.8501300216,0.8539999723
2021-12-07,0.8507099748,0.8510000110,0.8489099741,0.8506900072
2021-12-08,0.8509500027,0.8584300280,0.8507999778,0.8510000110
2021-12-09,0.8586999774,0.8589900136,0.8543400168,0.8587399721
2021-12-10,0.8539500237,0.8552100062,0.8529000282,0.8539299965
2021-12-13,0.8531000018,0.8537399769,0.8500999808,0.8531200290
2021-12-14,0.8538799882,0.8552100062,0.8510599732,0.8538699746
2021-12-15,0.8507699966,0.8524299860,0.8486499786,0.8508599997
2021-12-16,0.8513100147,0.8527299762,0.8453500271,0.8512300253
2021-12-17,0.8506900072,0.8526700139,0.8492000103,0.8505700231
2021-12-20,0.8497099876,0.8549399972,0.8494899869,0.8498100042
2021-12-21,0.8535900116,0.8548700213,0.8500400186,0.8536000252
2021-12-22,0.8505799770,0.8510100245,0.8480799794,0.8505899906
2021-12-23,0.8482999802,0.8497999907,0.8415799737,0.8482400179
2021-12-24,0.8443199992,0.8462299705,0.8428900242,0.8443899751
2021-12-27,0.8447600007,0.8456000090,0.8423900008,0.8446499705
2021-12-28,0.8427900076,0.8434000015,0.8402799964,0.8427799940
2021-12-29,0.8420799971,0.8423500061,0.8402699828,0.8418800235
2021-12-30,0.8415099978,0.8415099978,0.8379600048,0.8414000273
2021-12-31,0.8388699889,0.8409299850,0.8367900252,0.8385499716
2022-01-03,0.8410400152,0.8418099880,0.8378499746,0.8410000205
2022-01-04,0.8382099867,0.8393999934,0.8336200118,0.8381800056
2022-01-05,0.8337900043,0.8372099996,0.8334199786,0.8338999748
2022-01-06,0.8343999982,0.8371099830,0.8342999816,0.8343399763
2022-01-07,0.8345699906,0.8364899755,0.8335999846,0.8345500231
2022-01-10,0.8353099823,0.8354300261,0.8331999779,0.8352699876
2022-01-11,0.8343999982,0.8349000216,0.8324699998,0.8342400193
2022-01-12,0.8337000012,0.8345999718,0.8328999877,0.8335999846
2022-01-13,0.8345400095,0.8358799815,0.8336600065,0.8344299793
2022-01-14,0.8353000283,0.8361600041,0.8341699839,0.8353999853
2022-01-17,0.8344900012,0.8361499906,0.8341000080,0.8344299793
2022-01-18,0.8360099792,0.8377299905,0.8341900110,0.8359500170
2022-01-19,0.8329799771,0.8340600133,0.8312000036,0.8329700232
2022-01-20,0.8335000277,0.8338599801,0.8305299878,0.8335000277
2022-01-21,0.8317999840,0.8375899792,0.8317999840,0.8319900036
2022-01-24,0.8366000056,0.8414199948,0.8352000117,0.8366000056
2022-01-25,0.8394299746,0.8400800228,0.8357999921,0.8394399881
2022-01-26,0.8364199996,0.8370100260,0.8342000246,0.8363900185
2022-01-27,0.8346099854,0.8357300162,0.8320699930,0.8346999884
2022-01-28,0.8322899938,0.8329600096,0.8306000233,0.8322100043
2022-01-31,0.8320000172,0.8356000185,0.8305100203,0.8320099711
2022-02-01,0.8352800012,0.8359299898,0.8319799900,0.8351399899
2022-02-02,0.8335199952,0.8349699974,0.8324900270,0.8334500194
2022-02-03,0.8329300284,0.8407400250,0.8287699819,0.8328899741
2022-02-04,0.8408899903,0.8469300270,0.8404999971,0.8409299850
2022-02-07,0.8463000059,0.8476999998,0.8438699841,0.8463400006
2022-02-08,0.8450199962,0.8456500173,0.8413400054,0.8451099992
2022-02-09,0.8428999782,0.8444899917,0.8413400054,0.8429999948
2022-02-10,0.8438400030,0.8445600271,0.8410699964,0.8439099789
2022-02-11,0.8422099948,0.8422399759,0.8377000093,0.8421300054
2022-02-14,0.8374699950,0.8385999799,0.8353000283,0.8374500275
2022-02-15,0.8353800178,0.8398799896,0.8350700140,0.8353700042
2022-02-16,0.8385599852,0.8400599957,0.8365300298,0.8386300206
2022-02-17,0.8372799754,0.8376200199,0.8334000111,0.8371899724
2022-02-18,0.8345800042,0.8355299830,0.8334000111,0.8343999982
2022-02-21,0.8325600028,0.8350999951,0.8323799968,0.8325499892
2022-02-22,0.8318300247,0.8381699920,0.8309000134,0.8317400217
2022-02-23,0.8336200118,0.8353599906,0.8324999809,0.8336300254
2022-02-24,0.8345500231,0.8376700282,0.8303599954,0.8345800042
2022-02-25,0.8368200064,0.8403699994,0.8345500231,0.8367300034
2022-02-28,0.8361399770,0.8381299973,0.8341599703,0.8359900117
2022-03-01,0.8354399800,0.8366600275,0.8316400051,0.8352699876
2022-03-02,0.8347499967,0.8357999921,0.8299300075,0.8346999884
2022-03-03,0.8295099735,0.8298199773,0.8274700046,0.8294199705
2022-03-04,0.8288000226,0.8289499879,0.8230999708,0.8289999962
2022-03-07,0.8229100108,0.8287400007,0.8203600049,0.8229200244
2022-03-08,0.8285099864,0.8330299854,0.8278200030,0.8284999728
2022-03-09,0.8319399953,0.8417000175,0.8316799998,0.8319100142
2022-03-10,0.8396000266,0.8431500196,0.8367800117,0.8396999836
2022-03-11,0.8402000070,0.8416399956,0.8366000056,0.8404600024
2022-03-14,0.8377199769,0.8422499895,0.8373500109,0.8376399875
2022-03-15,0.8411999941,0.8454899788,0.8391100168,0.8409000039
2022-03-16,0.8406199813,0.8427100182,0.8387399912,0.8406699896
2022-03-17,0.8387600183,0.8453800082,0.8367999792,0.8386399746
2022-03-18,0.8432300091,0.8436800241,0.8383700252,0.8434299827
2022-03-21,0.8389700055,0.8414000273,0.8363599777,0.8390700221
2022-03-22,0.8364999890,0.8371599913,0.8309000134,0.8365100026
2022-03-23,0.8311300278,0.8336499929,0.8294799924,0.8312000036
2022-03-24,0.8333500028,0.8348600268,0.8316699862,0.8333299756
2022-03-25,0.8342000246,0.8368999958,0.8325300217,0.8342900276
2022-03-28,0.8335999846,0.8396300077,0.8322200179,0.8335999846
2022-03-29,0.8389400244,0.8475400209,0.8384699821,0.8389400244
2022-03-30,0.8469899893,0.8491899967,0.8452299833,0.8469899893
2022-03-31,0.8492699862,0.8511999846,0.8432899714,0.8492699862
2022-04-01,0.8418800235,0.8440099955,0.8406999707,0.8418800235
2022-04-04,0.8427799940,0.8431000113,0.8365700245,0.8427799940
2022-04-05,0.8368700147,0.8373000026,0.8328199983,0.8368700147
2022-04-06,0.8339400291,0.8352699876,0.8325700164,0.8339400291
2022-04-07,0.8338000178,0.8362900019,0.8313999772,0.8338000178
2022-04-08,0.8312500119,0.8360599875,0.8307499886,0.8312500119
2022-04-11,0.8351899981,0.8378700018,0.8342800140,0.8351899981
2022-04-12,0.8352199793,0.8360300064,0.8324900270,0.8352199793
2022-04-13,0.8325700164,0.8343099952,0.8313000202,0.8325700164
2022-04-14,0.8304700255,0.8313500285,0.8251000047,0.8304700255
2022-04-15,0.8274999857,0.8283399940,0.8259500265,0.8274999857
2022-04-18,0.8282099962,0.8295999765,0.8277000189,0.8282099962
2022-04-19,0.8284999728,0.8313300014,0.8279899955,0.8284999728
2022-04-20,0.8293700218,0.8335000277,0.8282999992,0.8293700218
2022-04-21,0.8299499750,0.8366199732,0.8295000196,0.8299499750
2022-04-22,0.8317499757,0.8409600258,0.8317000270,0.8317499757
2022-04-25,0.8425999880,0.8439700007,0.8401700258,0.8425999880
2022-04-26,0.8408700228,0.8449400067,0.8392999768,0.8408700228
2022-04-27,0.8457400203,0.8463400006,0.8389000297,0.8457400203
2022-04-28,0.8415099978,0.8459200263,0.8382800221,0.8415099978
2022-04-29,0.8425999880,0.8429999948,0.8384600282,0.8425999880
2022-05-02,0.8379499912,0.8416100144,0.8366900086,0.8379499912
2022-05-03,0.8407899737,0.8424000144,0.8373799920,0.8407899737
2022-05-04,0.8419799805,0.8449199796,0.8403000236,0.8419799805
2022-05-05,0.8417199850,0.8543999791,0.8410999775,0.8417199850
2022-05-06,0.8523899913,0.8589500189,0.8508999944,0.8523899913
2022-05-09,0.8544999957,0.8570799828,0.8517199755,0.8546000123
2022-05-10,0.8562300205,0.8577299714,0.8535500169,0.8562300205
2022-05-11,0.8553000093,0.8568099737,0.8526999950,0.8553000093
2022-05-12,0.8591300249,0.8616999984,0.8503900170,0.8591300249
2022-05-13,0.8500499725,0.8527399898,0.8495100141,0.8500499725
2022-05-16,0.8483800292,0.8532999754,0.8470100164,0.8483800292
2022-05-17,0.8467000127,0.8473899961,0.8393999934,0.8467000127
2022-05-18,0.8447700143,0.8492900133,0.8435000181,0.8447700143
2022-05-19,0.8482000232,0.8494300246,0.8448699713,0.8482000232
2022-05-20,0.8487200141,0.8493000269,0.8450999856,0.8487200141
2022-05-23,0.8452500105,0.8500300050,0.8432999849,0.8452500105
2022-05-24,0.8498899937,0.8586699963,0.8479999900,0.8498899937
2022-05-25,0.8557500243,0.8561000228,0.8499199748,0.8557500243
2022-05-26,0.8490300179,0.8528500199,0.8485800028,0.8490300179
2022-05-27,0.8505899906,0.8514599800,0.8481000066,0.8505899906
2022-05-30,0.8497400284,0.8527699709,0.8494200110,0.8497400284
2022-05-31,0.8518199921,0.8527500033,0.8490399718,0.8518199921
2022-06-01,0.8513100147,0.8543000221,0.8500000238,0.8513100147
2022-06-02,0.8529899716,0.8547199965,0.8510100245,0.8529899716
2022-06-03,0.8547000289,0.8573799729,0.8539999723,0.8547000289
2022-06-06,0.8585500121,0.8588200212,0.8527399898,0.8585500121
2022-06-07,0.8535400033,0.8582400084,0.8492000103,0.8535400033
2022-06-08,0.8499000072,0.8562399745,0.8496000171,0.8499000072
2022-06-09,0.8546000123,0.8591200113,0.8487100005,0.8546000123
2022-06-10,0.8499900103,0.8542100191,0.8491100073,0.8499900103
2022-06-13,0.8545100093,0.8592200279,0.8530899882,0.8545100093
2022-06-14,0.8574500084,0.8681799769,0.8554400206,0.8574500084
2022-06-15,0.8689000010,0.8720200062,0.8611400127,0.8689000010
2022-06-16,0.8587999940,0.8628399968,0.8515999913,0.8587999940
2022-06-17,0.8536000252,0.8587300181,0.8523600101,0.8536000252
2022-06-20,0.8579000235,0.8611400127,0.8572000265,0.8536000252
2022-06-21,0.8585000038,0.8609700203,0.8569399714,0.8585000038
2022-06-22,0.8585799932,0.8621000051,0.8574399948,0.8585799932
2022-06-23,0.8622000217,0.8639900088,0.8574000001,0.8622000217
2022-06-24,0.8579199910,0.8595299721,0.8561300039,0.8579199910
2022-06-27,0.8601999879,0.8625000119,0.8577399850,0.8601999879
2022-06-28,0.8626000285,0.8645300269,0.8611999750,0.8626000285
2022-06-29,0.8632400036,0.8659999967,0.8603500128,0.8632400036
2022-06-30,0.8611999750,0.8619099855,0.8551700115,0.8611999750
2022-07-01,0.8615400195,0.8678100109,0.8611999750,0.8615400195
2022-07-04,0.8622000217,0.8626000285,0.8595399857,0.8622000217
2022-07-05,0.8611699939,0.8622000217,0.8545399904,0.8611699939
2022-07-06,0.8583300114,0.8600800037,0.8541399837,0.8583300114
2022-07-07,0.8540599942,0.8551700115,0.8461999893,0.8540599942
2022-07-08,0.8452399969,0.8474799991,0.8442000151,0.8452399969
2022-07-11,0.8459500074,0.8487799764,0.8446000218,0.8459500074
2022-07-12,0.8442000151,0.8483499885,0.8432499766,0.8442000151
2022-07-13,0.8444300294,0.8466799855,0.8403800130,0.8444300294
2022-07-14,0.8456500173,0.8490800261,0.8439900279,0.8456500173
2022-07-15,0.8466600180,0.8512300253,0.8464000225,0.8466600180
2022-07-18,0.8490999937,0.8504099846,0.8457999825,0.8490999937
2022-07-19,0.8489000201,0.8539199829,0.8469899893,0.8489000201
2022-07-20,0.8522999883,0.8540700078,0.8500400186,0.8522999883
2022-07-21,0.8505799770,0.8584700227,0.8504700065,0.8505799770
2022-07-22,0.8518999815,0.8522999883,0.8485000134,0.8518999815
2022-07-25,0.8508800268,0.8524000049,0.8476999998,0.8508800268
2022-07-26,0.8479999900,0.8491200209,0.8404700160,0.8479999900
2022-07-27,0.8414899707,0.8425199986,0.8397799730,0.8414899707
2022-07-28,0.8390499949,0.8402299881,0.8345999718,0.8390499949
2022-07-29,0.8371999860,0.8413400054,0.8369299769,0.8371999860
2022-08-01,0.8381999731,0.8398200274,0.8355000019,0.8381999731
2022-08-02,0.8373200297,0.8398299813,0.8339999914,0.8373200297
2022-08-03,0.8362799883,0.8371999860,0.8342700005,0.8362799883
2022-08-04,0.8366000056,0.8435599804,0.8355000019,0.8366000056
2022-08-05,0.8427900076,0.8451499939,0.8411499858,0.8427900076
2022-08-08,0.8434000015,0.8441500068,0.8410699964,0.8434000015
2022-08-09,0.8437700272,0.8460500240,0.8432599902,0.8437700272
2022-08-10,0.8454999924,0.8469899893,0.8435999751,0.8454999924
2022-08-11,0.8432999849,0.8470000029,0.8429700136,0.8432999849
2022-08-12,0.8459799886,0.8492000103,0.8446999788,0.8459799886
2022-08-15,0.8453999758,0.8468700051,0.8424000144,0.8453999758
2022-08-16,0.8427000046,0.8439599872,0.8404999971,0.8427000046
2022-08-17,0.8406000137,0.8449699879,0.8392000198,0.8406000137
2022-08-18,0.8450000286,0.8465399742,0.8424000144,0.8450000286
2022-08-19,0.8454800248,0.8510500193,0.8453000188,0.8454800248
2022-08-22,0.8490800261,0.8490999937,0.8446400166,0.8490800261
2022-08-23,0.8446699977,0.8451399803,0.8416299820,0.8446699977
2022-08-24,0.8424100280,0.8454999924,0.8408399820,0.8424100280
2022-08-25,0.8452000022,0.8459100127,0.8426700234,0.8452000022
2022-08-26,0.8432899714,0.8502100110,0.8428999782,0.8432899714
2022-08-29,0.8497999907,0.8548300266,0.8496099710,0.8497999907
2022-08-30,0.8539999723,0.8601199985,0.8521999717,0.8539999723
2022-08-31,0.8597400188,0.8651999831,0.8571900129,0.8597400188
2022-09-01,0.8654900193,0.8668599725,0.8613100052,0.8654900193
2022-09-02,0.8616300225,0.8676000237,0.8613399863,0.8616300225
2022-09-05,0.8635399938,0.8650199771,0.8616300225,0.8635399938
2022-09-06,0.8603000045,0.8619700074,0.8567199707,0.8603000045
2022-09-07,0.8597499728,0.8686599731,0.8596900105,0.8597499728
2022-09-08,0.8675900102,0.8711400032,0.8654199839,0.8675900102
2022-09-09,0.8689000010,0.8705499768,0.8658999801,0.8689000010
2022-09-12,0.8667100072,0.8721399903,0.8649700284,0.8667100072
2022-09-13,0.8662599921,0.8689399958,0.8647199869,0.8662599921
2022-09-14,0.8670899868,0.8683500290,0.8627499938,0.8670899868
2022-09-15,0.8645899892,0.8709700108,0.8641999960,0.8645899892
2022-09-16,0.8721299767,0.8776900172,0.8715000153,0.8721299767
2022-09-19,0.8765599728,0.8786600232,0.8748199940,0.8765599728
2022-09-20,0.8763499856,0.8781999946,0.8725000024,0.8763499856
2022-09-21,0.8760100007,0.8763399720,0.8711400032,0.8760100007
2022-09-22,0.8732799888,0.8758900166,0.8689699769,0.8732799888
2022-09-23,0.8733999729,0.8907899857,0.8711599708,0.8733999729
2022-09-26,0.8970999718,0.9235799909,0.8868299723,0.8970999718
2022-09-27,0.8932099938,0.8960800171,0.8896999955,0.8932099938
2022-09-28,0.8944799900,0.9063000083,0.8860899806,0.8944799900
2022-09-29,0.8958500028,0.8978199959,0.8842300177,0.8958500028
2022-09-30,0.8800200224,0.8846899867,0.8752999902,0.8800200224
2022-10-03,0.8789499998,0.8830199838,0.8677600026,0.8789499998
2022-10-04,0.8673999906,0.8741499782,0.8650599718,0.8673999906
2022-10-05,0.8718299866,0.8776100278,0.8694499731,0.8718299866
2022-10-06,0.8725200295,0.8814399838,0.8717499971,0.8725200295
2022-10-07,0.8769199848,0.8806499839,0.8736199737,0.8769199848
2022-10-10,0.8786000013,0.8811900020,0.8769000173,0.9789999723
2022-10-11,0.8765799999,0.8805400133,0.8724899888,0.8765799999
2022-10-12,0.8843600154,0.8866000175,0.8734899759,0.8843600154
2022-10-13,0.8741000295,0.8765900135,0.8615000248,0.8741000295
2022-10-14,0.8642699718,0.8713700175,0.8626999855,0.8642699718
2022-10-17,0.8662999868,0.8683900237,0.8578900099,0.8662999868
2022-10-18,0.8669999838,0.8729400039,0.8637700081,0.8669999838
2022-10-19,0.8694099784,0.8727099895,0.8678600192,0.8694099784
2022-10-20,0.8710899949,0.8755900264,0.8674700260,0.8710899949
2022-10-21,0.8711400032,0.8779199719,0.8712499738,0.8711400032
2022-10-24,0.8690299988,0.8748599887,0.8661999702,0.8690299988
2022-10-25,0.8740900159,0.8755499721,0.8665999770,0.8740900159
2022-10-26,0.8691999912,0.8699300289,0.8646000028,0.8691999912
2022-10-27,0.8670799732,0.8687499762,0.8618599772,0.8670799732
2022-10-28,0.8617699742,0.8649399877,0.8575000167,0.8617699742
2022-10-31,0.8584300280,0.8618199825,0.8571900129,0.8584300280
2022-11-01,0.8621000051,0.8623200059,0.8597499728,0.8621000051
2022-11-02,0.8596699834,0.8619899750,0.8583700061,0.8596699834
2022-11-03,0.8617600203,0.8732299805,0.8606600165,0.8617600203
2022-11-04,0.8726800084,0.8784499764,0.8698599935,0.8726800084
2022-11-07,0.8761399984,0.8788800240,0.8702099919,0.8761399984
2022-11-08,0.8697900176,0.8743699789,0.8690900207,0.8697900176
2022-11-09,0.8725299835,0.8820700049,0.8715299964,0.8725299835
2022-11-10,0.8812999725,0.8815000057,0.8706300259,0.8812999725
2022-11-11,0.8713099957,0.8776900172,0.8710799813,0.8713099957
2022-11-14,0.8752999902,0.8821099997,0.8727999926,0.8752999902
2022-11-15,0.8780199885,0.8803099990,0.8711100221,0.8780199885
2022-11-16,0.8718000054,0.8774300218,0.8711900115,0.8718000054
2022-11-17,0.8722100258,0.8771600127,0.8695700169,0.8722100258
2022-11-18,0.8733299971,0.8736100197,0.8682900071,0.8733299971
2022-11-21,0.8690800071,0.8696500063,0.8659200072,0.8690800071
2022-11-22,0.8661699891,0.8680300117,0.8632500172,0.8661699891
2022-11-23,0.8668100238,0.8698099852,0.8586599827,0.8668100238
2022-11-24,0.8626199961,0.8634600043,0.8573099971,0.8626199961
2022-11-25,0.8591700196,0.8614400029,0.8578299880,0.8591700196
2022-11-28,0.8599699736,0.8673800230,0.8585000038,0.8599699736
2022-11-29,0.8647900224,0.8651300073,0.8607299924,0.8647900224
2022-11-30,0.8641099930,0.8659999967,0.8621199727,0.8641099930
2022-12-01,0.8630200028,0.8640900254,0.8548300266,0.8630200028
2022-12-02,0.8587499857,0.8607699871,0.8556299806,0.8587499857
2022-12-05,0.8573700190,0.8631100059,0.8564299941,0.8573700190
2022-12-06,0.8608700037,0.8631100059,0.8582100272,0.8608700037
2022-12-07,0.8626000285,0.8642699718,0.8609799743,0.8626000285
2022-12-08,0.8607199788,0.8644599915,0.8605999947,0.8607199788
2022-12-09,0.8627700210,0.8636999726,0.8562899828,0.8627700210
2022-12-12,0.8596500158,0.8611800075,0.8582500219,0.8590000272
2022-12-13,0.8590899706,0.8604400158,0.8559499979,0.8589900136
2022-12-14,0.8600000143,0.8614699841,0.8577899933,0.8600000143
2022-12-15,0.8595399857,0.8721899986,0.8591300249,0.8595399857
2022-12-16,0.8725000024,0.8769400120,0.8708999753,0.8725000024
2022-12-19,0.8703899980,0.8732600212,0.8690099716,0.8703899980
2022-12-20,0.8728700280,0.8770800233,0.8708199859,0.8728700280
2022-12-21,0.8714500070,0.8779500127,0.8713799715,0.8714500070
2022-12-22,0.8782899976,0.8832499981,0.8766300082,0.8782899976
2022-12-23,0.8802999854,0.8815799952,0.8783000112,0.8802999854
2022-12-26,0.8790699840,0.8813999891,0.8695300221,0.8790699840
2022-12-27,0.8801900148,0.8862599730,0.8799600005,0.8801900148
2022-12-28,0.8843600154,0.8859999776,0.8794199824,0.8843600154
2022-12-29,0.8836100101,0.8858500123,0.8820000291,0.8836100101
2022-12-30,0.8840699792,0.8876399994,0.8822699785,0.8840699792
2023-01-02,0.8841400146,0.8872600198,0.8829100132,0.8841400146
2023-01-03,0.8851100206,0.8859000206,0.8782699704,0.8851100206
2023-01-04,0.8808900118,0.8820400238,0.8788499832,0.8808900118
2023-01-05,0.8794699907,0.8861899972,0.8796700239,0.8794699907
2023-01-06,0.8832399845,0.8867300153,0.8797500134,0.8832399845
2023-01-09,0.8794400096,0.8816999793,0.8768000007,0.8794400096
2023-01-10,0.8806499839,0.8845300078,0.8801000118,0.8806499839
2023-01-11,0.8834800124,0.8880599737,0.8827199936,0.8834800124
2023-01-12,0.8852900267,0.8892199993,0.8833100200,0.8852900267
2023-01-13,0.8888300061,0.8896600008,0.8859999776,0.8888300061
2023-01-16,0.8852699995,0.8878499866,0.8845400214,0.8852699995
2023-01-17,0.8870900273,0.8885800242,0.8793500066,0.8870900273
2023-01-18,0.8781999946,0.8802899718,0.8734999895,0.8781999946
2023-01-19,0.8744300008,0.8783800006,0.8723000288,0.8744300008
2023-01-20,0.8741199970,0.8785200119,0.8739500046,0.8741199970
2023-01-23,0.8756200075,0.8814100027,0.8755000234,0.8756899834
2023-01-24,0.8781300187,0.8845800161,0.8767399788,0.8781300187
2023-01-25,0.8828600049,0.8849499822,0.8808299899,0.8828600049
2023-01-26,0.8798599839,0.8814200163,0.8783199787,0.8798599839
2023-01-27,0.8773900270,0.8802000284,0.8765199780,0.8773900270
2023-01-30,0.8766599894,0.8802499771,0.8761900067,0.8766599894
2023-01-31,0.8785099983,0.8828300238,0.8773400187,0.8785099983
2023-02-01,0.8823199868,0.8874400258,0.8815000057,0.8823199868
2023-02-02,0.8889999986,0.8952900171,0.8877099752,0.8889999986
2023-02-03,0.8920599818,0.8977800012,0.8912000060,0.8920599818
2023-02-06,0.8958200216,0.8963099718,0.8914999962,0.8958200216
2023-02-07,0.8920199871,0.8939999938,0.8901000023,0.8920199871
2023-02-08,0.8900300264,0.8910200000,0.8875600100,0.8900300264
2023-02-09,0.8875600100,0.8884000182,0.8839100003,0.8875600100
2023-02-10,0.8866000175,0.8871499896,0.8823999763,0.8866000175
2023-02-13,0.8858900070,0.8874300122,0.8824499846,0.8858900070
2023-02-14,0.8829399943,0.8847600222,0.8805099726,0.8829399943
2023-02-15,0.8817700148,0.8901600242,0.8814700246,0.8817700148
2023-02-16,0.8881199956,0.8908399940,0.8870700002,0.8881199956
2023-02-17,0.8905900121,0.8928099871,0.8874400258,0.8905900121
2023-02-20,0.8881099820,0.8891100287,0.8870000243,0.8881099820
2023-02-21,0.8871799707,0.8885200024,0.8792200089,0.8871799707
2023-02-22,0.8795999885,0.8820800185,0.8783800006,0.8795999885
2023-02-23,0.8802700043,0.8816499710,0.8794500232,0.8802700043
2023-02-24,0.8817999959,0.8835200071,0.8798300028,0.8817999959
2023-02-27,0.8829900026,0.8834199905,0.8798800111,0.8829900026
2023-02-28,0.8795400262,0.8809900284,0.8755099773,0.8795400262
2023-03-01,0.8788300157,0.8895900249,0.8787299991,0.8788300157
2023-03-02,0.8869900107,0.8890399933,0.8856700063,0.8869900107
2023-03-03,0.8868499994,0.8868399858,0.8841900229,0.8868499994
2023-03-06,0.8833500147,0.8886600137,0.8830999732,0.8833500147
2023-03-07,0.8882899880,0.8920599818,0.8857100010,0.8882899880
2023-03-08,0.8917199969,0.8921200037,0.8895599842,0.8917199969
2023-03-09,0.8901799917,0.8912699819,0.8868200183,0.8901799917
2023-03-10,0.8877300024,0.8888800144,0.8823599815,0.8877300024
2023-03-13,0.8844100237,0.8862900138,0.8811399937,0.8844100237
2023-03-14,0.8811299801,0.8834400177,0.8779600263,0.8811299801
2023-03-15,0.8827499747,0.8842800260,0.8718400002,0.8827499747
2023-03-16,0.8766099811,0.8817999959,0.8753799796,0.8766099811
2023-03-17,0.8762800097,0.8781899810,0.8745099902,0.8762800097
2023-03-20,0.8761299849,0.8767200112,0.8729199767,0.8761299849
2023-03-21,0.8732200265,0.8838300109,0.8729900122,0.8732200265
2023-03-22,0.8810099959,0.8824200034,0.8769900203,0.8810099959
2023-03-23,0.8850700259,0.8864399791,0.8818699718,0.8850700259
2023-03-24,0.8819199800,0.8826199770,0.8777899742,0.8819199800
2023-03-27,0.8799999952,0.8809999824,0.8775399923,0.8794999719
2023-03-28,0.8787400126,0.8806800246,0.8770999908,0.8787400126
2023-03-29,0.8790100217,0.8810399771,0.8781200051,0.8790100217
2023-03-30,0.8806399703,0.8827099800,0.8779299855,0.8806399703
2023-03-31,0.8802400231,0.8807299733,0.8775900006,0.8802400231
2023-04-03,0.8791599870,0.8804799914,0.8770499825,0.8791599870
2023-04-04,0.8780500293,0.8784400225,0.8729100227,0.8780500293
2023-04-05,0.8766099811,0.8785200119,0.8751999736,0.8766099811
2023-04-06,0.8747599721,0.8784499764,0.8739200234,0.8748300076
2023-04-07,0.8778700233,0.8787400126,0.8764500022,0.8778700233
2023-04-10,0.8778100014,0.8791099787,0.8762999773,0.8778100014
2023-04-11,0.8770300150,0.8787900209,0.8760399818,0.8770300150
2023-04-12,0.8781300187,0.8817700148,0.8779900074,0.8781300187
2023-04-13,0.8802499771,0.8838099837,0.8790400028,0.8802499771
2023-04-14,0.8822299838,0.8851500154,0.8820000291,0.8822299838
2023-04-17,0.8857499957,0.8864200115,0.8821200132,0.8857499957
2023-04-18,0.8827400208,0.8832399845,0.8810099959,0.8827400208
2023-04-19,0.8831700087,0.8836699724,0.8792499900,0.8831700087
2023-04-20,0.8811299801,0.8824300170,0.8804600239,0.8811299801
2023-04-21,0.8814399838,0.8860300183,0.8809900284,0.8814399838
2023-04-24,0.8829699755,0.8858799934,0.8823800087,0.8829699755
2023-04-25,0.8845999837,0.8874499798,0.8840000033,0.8845999837
2023-04-26,0.8841500282,0.8872799873,0.8830800056,0.8841500282
2023-04-27,0.8856199980,0.8871499896,0.8824999928,0.8856300116
2023-04-28,0.8826799989,0.8838000298,0.8773900270,0.8826799989
2023-05-01,0.8767799735,0.8794100285,0.8758999705,0.8767799735
2023-05-02,0.8785200119,0.8819699883,0.8781599998,0.8785200119
2023-05-03,0.8824700117,0.8834199905,0.8805400133,0.8824700117
2023-05-04,0.8805999756,0.8812800050,0.8745999932,0.8805999756
2023-05-05,0.8761000037,0.8766999841,0.8712999821,0.8761000037
2023-05-08,0.8723300099,0.8744800091,0.8716999888,0.8723300099
2023-05-09,0.8717700243,0.8718199730,0.8679000139,0.8717700243
2023-05-10,0.8684399724,0.8699499965,0.8671900034,0.8684399724
2023-05-11,0.8697999716,0.8732600212,0.8661100268,0.8697999716
2023-05-12,0.8721100092,0.8732100129,0.8693000078,0.8721100092
2023-05-15,0.8715800047,0.8718199730,0.8679999709,0.8715800047
2023-05-16,0.8679999709,0.8717799783,0.8679999709,0.8679999709
2023-05-17,0.8702399731,0.8719599843,0.8675000072,0.8702399731
2023-05-18,0.8682100177,0.8701199889,0.8670799732,0.8682100177
2023-05-19,0.8680700064,0.8695999980,0.8669099808,0.8680700064
2023-05-22,0.8684800267,0.8703500032,0.8680599928,0.8684800267
2023-05-23,0.8693500161,0.8716999888,0.8671600223,0.8693500161
2023-05-24,0.8672699928,0.8708599806,0.8651300073,0.8672699928
2023-05-25,0.8694300056,0.8705000281,0.8666800261,0.8694300056
2023-05-26,0.8705099821,0.8709999919,0.8676000237,0.8705099821
2023-05-29,0.8684300184,0.8694499731,0.8666999936,0.8684300184
2023-05-30,0.8670099974,0.8672999740,0.8628000021,0.8670099974
2023-05-31,0.8645799756,0.8647599816,0.8592000008,0.8645799756
2023-06-01,0.8589000106,0.8603699803,0.8567699790,0.8589000106
2023-06-02,0.8590199947,0.8603399992,0.8579199910,0.8590199947
2023-06-05,0.8605599999,0.8635399938,0.8598999977,0.8605599999
2023-06-06,0.8614900112,0.8624100089,0.8603199720,0.8614900112
2023-06-07,0.8607100248,0.8611099720,0.8584600091,0.8607100248
2023-06-08,0.8603600264,0.8612999916,0.8585000038,0.8603600264
2023-06-09,0.8583800197,0.8589699864,0.8542000055,0.8583800197
2023-06-12,0.8544899821,0.8605999947,0.8539999723,0.8544899821
2023-06-13,0.8596600294,0.8611800075,0.8554999828,0.8596600294
2023-06-14,0.8555700183,0.8560100198,0.8540300131,0.8555700183
2023-06-15,0.8554099798,0.8590800166,0.8543699980,0.8554099798
2023-06-16,0.8560500145,0.8564699888,0.8521000147,0.8560500145
2023-06-19,0.8525999784,0.8539900184,0.8518000245,0.8525999784
2023-06-20,0.8537600040,0.8580099940,0.8527399898,0.8537600040
2023-06-21,0.8553100228,0.8606200218,0.8527200222,0.8553100228
2023-06-22,0.8607000113,0.8634200096,0.8582999706,0.8607000113
2023-06-23,0.8593999743,0.8607299924,0.8536000252,0.8593999743
2023-06-26,0.8567500114,0.8594200015,0.8543599844,0.8567500114
2023-06-27,0.8579699993,0.8613100052,0.8569499850,0.8579699993
2023-06-28,0.8596600294,0.8656899929,0.8593999743,0.8596600294
2023-06-29,0.8632500172,0.8644000292,0.8621000051,0.8632500172
2023-06-30,0.8614799976,0.8616600037,0.8575000167,0.8614799976
2023-07-03,0.8592600226,0.8604999781,0.8579999804,0.8592600226
2023-07-04,0.8597300053,0.8596900105,0.8558400273,0.8597300053
2023-07-05,0.8553799987,0.8575000167,0.8547000289,0.8553799987
2023-07-06,0.8543999791,0.8562800288,0.8521000147,0.8543999791
2023-07-07,0.8546000123,0.8553500175,0.8525599837,0.8546000123
2023-07-10,0.8543999791,0.8583199978,0.8541899920,0.8543999791
2023-07-11,0.8554999828,0.8560600281,0.8504499793,0.8554999828
2023-07-12,0.8511999846,0.8563200235,0.8504999876,0.8511999846
2023-07-13,0.8572000265,0.8574000001,0.8533800244,0.8572000265
2023-07-14,0.8548300266,0.8572000265,0.8547000289,0.8548300266
2023-07-17,0.8576700091,0.8597099781,0.8570299745,0.8576700091
2023-07-18,0.8596400023,0.8606899977,0.8577200174,0.8596400023
2023-07-19,0.8613799810,0.8700600266,0.8612400293,0.8613799810
2023-07-20,0.8660399914,0.8696900010,0.8659399748,0.8660399914
2023-07-21,0.8649399877,0.8678600192,0.8633499742,0.8649399877
2023-07-24,0.8655099869,0.8655499816,0.8619499803,0.8655099869
2023-07-25,0.8633999825,0.8636100292,0.8581799865,0.8633999825
2023-07-26,0.8569899797,0.8586000204,0.8560000062,0.8569899797
2023-07-27,0.8569399714,0.8598600030,0.8544999957,0.8569399714
2023-07-28,0.8580800295,0.8587499857,0.8549600244,0.8580800295
2023-07-31,0.8575999737,0.8590000272,0.8561599851,0.8575999737
2023-08-01,0.8568699956,0.8606100082,0.8550400138,0.8568699956
2023-08-02,0.8602399826,0.8628299832,0.8584499955,0.8602399826
2023-08-03,0.8603199720,0.8653900027,0.8596900105,0.8603199720
2023-08-04,0.8611000180,0.8647400141,0.8600500226,0.8611000180
2023-08-07,0.8630599976,0.8635299802,0.8605999947,0.8630599976
2023-08-08,0.8607800007,0.8623800278,0.8601800203,0.8607800007
2023-08-09,0.8600400090,0.8634399772,0.8589000106,0.8600400090
2023-08-10,0.8629500270,0.8660299778,0.8626000285,0.8629500270
2023-08-11,0.8666899800,0.8668000102,0.8625900149,0.8666899800
2023-08-14,0.8620700240,0.8632299900,0.8601700068,0.8620700240
2023-08-15,0.8597000241,0.8609200120,0.8575000167,0.8597000241
2023-08-16,0.8582999706,0.8593000174,0.8549399972,0.8582999706
2023-08-17,0.8543499708,0.8555899858,0.8526300192,0.8543499708
2023-08-18,0.8529000282,0.8557000160,0.8526999950,0.8529000282
2023-08-21,0.8534799814,0.8562200069,0.8532800078,0.8534799814
2023-08-22,0.8539999723,0.8546000123,0.8514000177,0.8539999723
2023-08-23,0.8518000245,0.8564699888,0.8494200110,0.8518000245
2023-08-24,0.8541300297,0.8577200174,0.8537799716,0.8541300297
2023-08-25,0.8574900031,0.8583899736,0.8559799790,0.8574900031
2023-08-28,0.8575999737,0.8598200083,0.8572999835,0.8575999737
2023-08-29,0.8583599925,0.8606200218,0.8565800190,0.8583599925
2023-08-30,0.8600800037,0.8609399796,0.8583599925,0.8600800037
2023-08-31,0.8597499728,0.8597599864,0.8554999828,0.8597499728
2023-09-01,0.8556399941,0.8572400212,0.8547700047,0.8556399941
2023-09-04,0.8557999730,0.8558999896,0.8543499708,0.8557999730
2023-09-05,0.8548700213,0.8575999737,0.8524699807,0.8548700213
2023-09-06,0.8531200290,0.8575599790,0.8528000116,0.8531200290
2023-09-07,0.8579699993,0.8600000143,0.8572700024,0.8579699993
2023-09-08,0.8574500084,0.8588600159,0.8568500280,0.8574500084
2023-09-11,0.8580700159,0.8581200242,0.8558099866,0.8580700159
2023-09-12,0.8591899872,0.8599399924,0.8571799994,0.8591899872
2023-09-13,0.8607000113,0.8629999757,0.8590899706,0.8607000113
2023-09-14,0.8592799902,0.8613799810,0.8578299880,0.8592799902
2023-09-15,0.8575500250,0.8613899946,0.8568999767,0.8575500250
2023-09-18,0.8604599833,0.8625800014,0.8597000241,0.8604599833
2023-09-19,0.8633800149,0.8635900021,0.8618299961,0.8633800149
2023-09-20,0.8618299961,0.8658999801,0.8616999984,0.8618299961
2023-09-21,0.8639100194,0.8687499762,0.8627200127,0.8639100194
2023-09-22,0.8671200275,0.8699499965,0.8661299944,0.8671200275
2023-09-25,0.8697500229,0.8701500297,0.8666999936,0.8697500229
2023-09-26,0.8671100140,0.8705000281,0.8666999936,0.8671100140
2023-09-27,0.8700299859,0.8702300191,0.8657400012,0.8700299859
2023-09-28,0.8656200171,0.8660200238,0.8630200028,0.8656200171
2023-09-29,0.8653900027,0.8679599762,0.8641600013,0.8653900027
2023-10-02,0.8663499951,0.8673999906,0.8652399778,0.8663499951
2023-10-03,0.8667399883,0.8690999746,0.8660100102,0.8667399883
2023-10-04,0.8667200208,0.8680800200,0.8640199900,0.8667200208
2023-10-05,0.8656100035,0.8673800230,0.8648300171,0.8656100035
2023-10-06,0.8652899861,0.8662400246,0.8640499711,0.8652899861
2023-10-09,0.8646600246,0.8656899929,0.8632500172,0.8646600246
2023-10-10,0.8635299802,0.8650699854,0.8630499840,0.8635299802
2023-10-11,0.8628299832,0.8642399907,0.8616200089,0.8628299832
2023-10-12,0.8624899983,0.8642600179,0.8621100187,0.8624899983
2023-10-13,0.8647699952,0.8654999733,0.8632900119,0.8647699952
2023-10-16,0.8656200171,0.8671100140,0.8644000292,0.8656200171
2023-10-17,0.8641399741,0.8689900041,0.8629999757,0.8641399741
2023-10-18,0.8680999875,0.8687999845,0.8659999967,0.8680999875
2023-10-19,0.8678200245,0.8717100024,0.8675100207,0.8678200245
2023-10-20,0.8720899820,0.8738999963,0.8707799911,0.8720899820
2023-10-23,0.8705400229,0.8724700212,0.8697999716,0.8705400229
2023-10-24,0.8708999753,0.8711100221,0.8681499958,0.8708999753
2023-10-25,0.8711299896,0.8725699782,0.8702999949,0.8711299896
2023-10-26,0.8730099797,0.8733800054,0.8690000176,0.8730099797
2023-10-27,0.8704100251,0.8720399737,0.8694999814,0.8704100251
2023-10-30,0.8719000220,0.8740299940,0.8705999851,0.8719000220
2023-10-31,0.8725299835,0.8752200007,0.8709499836,0.8723999858
2023-11-01,0.8707000017,0.8711699843,0.8682000041,0.8707000017
2023-11-02,0.8689699769,0.8735399842,0.8688799739,0.8689699769
2023-11-03,0.8707699776,0.8720999956,0.8673599958,0.8707699776
2023-11-06,0.8673300147,0.8676000237,0.8648999929,0.8673300147
2023-11-07,0.8680999875,0.8692499995,0.8676999807,0.8680999875
2023-11-08,0.8700799942,0.8714500070,0.8695999980,0.8700799942
2023-11-09,0.8717399836,0.8726199865,0.8691999912,0.8717399836
2023-11-10,0.8730400205,0.8754900098,0.8709899783,0.8730400205
2023-11-13,0.8741599917,0.8741000295,0.8708000183,0.8741599917
2023-11-14,0.8713300228,0.8729400039,0.8689100146,0.8713300228
2023-11-15,0.8705999851,0.8736500144,0.8698300123,0.8705999851
2023-11-16,0.8737499714,0.8765500188,0.8734499812,0.8737499714
2023-11-17,0.8741800189,0.8762300014,0.8728500009,0.8741800189
2023-11-20,0.8757200241,0.8764899969,0.8742200136,0.8757200241
2023-11-21,0.8749799728,0.8751199841,0.8711799979,0.8749799728
2023-11-22,0.8701999784,0.8724099994,0.8691899776,0.8701999784
2023-11-23,0.8717399836,0.8723400235,0.8687000275,0.8717399836
2023-11-24,0.8700000048,0.8707100153,0.8671000004,0.8700000048
2023-11-27,0.8682000041,0.8687999845,0.8658000231,0.8682000041
2023-11-28,0.8673099875,0.8683000207,0.8656799793,0.8673099875
2023-11-29,0.8655800223,0.8661500216,0.8641999960,0.8655800223
2023-11-30,0.8642899990,0.8648800254,0.8616999984,0.8642899990
2023-12-01,0.8622000217,0.8636000156,0.8572999835,0.8622000217
2023-12-04,0.8564100266,0.8584700227,0.8562600017,0.8564100266
2023-12-05,0.8577799797,0.8586099744,0.8564000130,0.8577799797
2023-12-06,0.8569499850,0.8573700190,0.8553699851,0.8569499850
2023-12-07,0.8571699858,0.8582000136,0.8553000093,0.8571699858
2023-12-08,0.8569999933,0.8587999940,0.8560400009,0.8569999933
2023-12-11,0.8574399948,0.8587899804,0.8549200296,0.8574399948
2023-12-12,0.8575000167,0.8608099818,0.8556699753,0.8575000167
2023-12-13,0.8589800000,0.8624399900,0.8584300280,0.8589800000
2023-12-14,0.8621199727,0.8633199930,0.8587700129,0.8621199727
2023-12-15,0.8608599901,0.8616600037,0.8571900129,0.8608599901
2023-12-18,0.8597400188,0.8645099998,0.8590999842,0.8597400188
2023-12-19,0.8633499742,0.8635699749,0.8598300219,0.8633499742
2023-12-20,0.8624200225,0.8667399883,0.8616999984,0.8624100089
2023-12-21,0.8656899929,0.8685500026,0.8654800057,0.8656899929
2023-12-22,0.8676499724,0.8677499890,0.8651000261,0.8676499724
2023-12-25,0.8649200201,0.8676000237,0.8530200124,0.8649200201
2023-12-26,0.8670300245,0.8684300184,0.8667600155,0.8670300245
2023-12-27,0.8676199913,0.8698400259,0.8665999770,0.8676199913
2023-12-28,0.8674700260,0.8714200258,0.8669199944,0.8674700260
2023-12-29,0.8691400290,0.8700000048,0.8663700223,0.8691400290
2024-01-01,0.8665300012,0.8707000017,0.8665300012,0.8665300012
2024-01-02,0.8670700192,0.8682000041,0.8646100163,0.8670700192
2024-01-03,0.8667700291,0.8675299883,0.8626000285,0.8667700291
2024-01-04,0.8620100021,0.8640000224,0.8609799743,0.8620100021
2024-01-05,0.8630300164,0.8633099794,0.8598499894,0.8630300164
2024-01-08,0.8603199720,0.8620100021,0.8597999811,0.8603199720
2024-01-09,0.8592100143,0.8606899977,0.8585699797,0.8592100143
2024-01-10,0.8599600196,0.8616200089,0.8594999909,0.8599600196
2024-01-11,0.8610100150,0.8616899848,0.8596000075,0.8610100150
2024-01-12,0.8593900204,0.8605899811,0.8585299850,0.8593900204
2024-01-15,0.8593599796,0.8611199856,0.8592000008,0.8593299985
2024-01-16,0.8606100082,0.8618999720,0.8590700030,0.8606100082
2024-01-17,0.8607199788,0.8618000150,0.8567000031,0.8607199788
2024-01-18,0.8586199880,0.8590999842,0.8561000228,0.8586199880
2024-01-19,0.8558999896,0.8592100143,0.8557100296,0.8558999896
2024-01-22,0.8575999737,0.8582599759,0.8554900289,0.8576599956
2024-01-23,0.8560100198,0.8564699888,0.8546000123,0.8560100198
2024-01-24,0.8553100228,0.8561000228,0.8536400199,0.8553100228
2024-01-25,0.8555200100,0.8563699722,0.8520399928,0.8555200100
2024-01-26,0.8535000086,0.8543900251,0.8525000215,0.8535000086
2024-01-29,0.8539199829,0.8542000055,0.8513000011,0.8539199829
2024-01-30,0.8521000147,0.8567000031,0.8515999913,0.8521000147
2024-01-31,0.8540300131,0.8547499776,0.8523600101,0.8540300131
2024-02-01,0.8521000147,0.8557699919,0.8519700170,0.8521000147
2024-02-02,0.8530700207,0.8546000123,0.8520699739,0.8530700207
2024-02-05,0.8540499806,0.8568300009,0.8529000282,0.8540499806
2024-02-06,0.8569399714,0.8569999933,0.8536000252,0.8569399714
2024-02-07,0.8533300161,0.8539999723,0.8516100049,0.8533300161
2024-02-08,0.8530200124,0.8544399738,0.8528599739,0.8530200124
2024-02-09,0.8538900018,0.8546800017,0.8532000184,0.8538900018
2024-02-12,0.8544399738,0.8546299934,0.8526999950,0.8544399738
2024-02-13,0.8530300260,0.8535000086,0.8500000238,0.8529599905
2024-02-14,0.8504099846,0.8548300266,0.8495100141,0.8504099846
2024-02-15,0.8538600206,0.8569499850,0.8520100117,0.8538600206
2024-02-16,0.8550999761,0.8564000130,0.8542199731,0.8550999761
2024-02-19,0.8551099896,0.8557599783,0.8536999822,0.8551599979
2024-02-20,0.8560000062,0.8578000069,0.8546100259,0.8560000062
2024-02-21,0.8561699986,0.8570500016,0.8555999994,0.8561699986
2024-02-22,0.8561300039,0.8571900129,0.8548600078,0.8561300039
2024-02-23,0.8548200130,0.8551999927,0.8528199792,0.8548200130
2024-02-26,0.8538500071,0.8560000062,0.8536900282,0.8537700176
2024-02-27,0.8551999927,0.8566600084,0.8549000025,0.8553400040
2024-02-28,0.8548099995,0.8565000296,0.8546000123,0.8548099995
2024-02-29,0.8558999896,0.8569700122,0.8550000191,0.8560199738
2024-03-01,0.8557500243,0.8575999737,0.8554000258,0.8557500243
2024-03-04,0.8563799858,0.8565999866,0.8550999761,0.8563799858
2024-03-05,0.8552899957,0.8560199738,0.8536999822,0.8552899957
2024-03-06,0.8544399738,0.8561999798,0.8539999723,0.8544399738
2024-03-07,0.8557800055,0.8562800288,0.8522999883,0.8557800055
2024-03-08,0.8544499874,0.8547999859,0.8503999710,0.8544499874
2024-03-11,0.8512300253,0.8533700109,0.8507999778,0.8512300253
2024-03-12,0.8526099920,0.8553799987,0.8525000215,0.8526099920
2024-03-13,0.8539199829,0.8553000093,0.8536999822,0.8539199829
2024-03-14,0.8555499911,0.8556500077,0.8534799814,0.8555499911
2024-03-15,0.8538500071,0.8547199965,0.8536000252,0.8538500071
2024-03-18,0.8547599912,0.8562099934,0.8546000123,0.8547599912
2024-03-19,0.8542199731,0.8555700183,0.8539900184,0.8542199731
2024-03-20,0.8540099859,0.8549799919,0.8535000086,0.8540099859
2024-03-21,0.8544099927,0.8578799963,0.8529000282,0.8544099927
2024-03-22,0.8578000069,0.8601999879,0.8566399813,0.8578000069
2024-03-25,0.8578500152,0.8584399819,0.8565300107,0.8578500152
2024-03-26,0.8575699925,0.8587599993,0.8569599986,0.8575699925
2024-03-27,0.8578000069,0.8585000038,0.8564000130,0.8578000069
2024-03-28,0.8569800258,0.8571000099,0.8545899987,0.8569800258
2024-03-29,0.8547899723,0.8554000258,0.8529899716,0.8547899723
2024-04-01,0.8540099859,0.8557299972,0.8538399935,0.8540099859
2024-04-02,0.8557400107,0.8574699759,0.8539999723,0.8557400107
2024-04-03,0.8561800122,0.8582000136,0.8555999994,0.8561800122
2024-04-04,0.8566399813,0.8582000136,0.8562999964,0.8566399813
2024-04-05,0.8572000265,0.8585600257,0.8569499850,0.8572000265
2024-04-08,0.8578199744,0.8583899736,0.8572999835,0.8578199744
2024-04-09,0.8580600023,0.8582000136,0.8561300039,0.8580600023
2024-04-10,0.8564400077,0.8565899730,0.8547899723,0.8564400077
2024-04-11,0.8568000197,0.8568699956,0.8542000055,0.8568000197
2024-04-12,0.8543400168,0.8551200032,0.8528000116,0.8543400168
2024-04-15,0.8543999791,0.8551999927,0.8526999950,0.8543999791
2024-04-16,0.8536199927,0.8547800183,0.8528100252,0.8536199927
2024-04-17,0.8543999791,0.8554000258,0.8520900011,0.8543999791
2024-04-18,0.8566899896,0.8572000265,0.8549900055,0.8566899896
2024-04-19,0.8558200002,0.8594999909,0.8549100161,0.8558200002
2024-04-22,0.8611299992,0.8642699718,0.8608000278,0.8611999750
2024-04-23,0.8626000285,0.8643199801,0.8594499826,0.8626000285
2024-04-24,0.8594200015,0.8600000143,0.8587999940,0.8594200015
2024-04-25,0.8587099910,0.8592000008,0.8562499881,0.8587099910
2024-04-26,0.8575999737,0.8583300114,0.8559299707,0.8575999737
2024-04-29,0.8558999896,0.8559799790,0.8536000252,0.8558999896
2024-04-30,0.8531399965,0.8554599881,0.8529899716,0.8531399965
2024-05-01,0.8539699912,0.8557699919,0.8536400199,0.8539699912
2024-05-02,0.8547400236,0.8564500213,0.8543800116,0.8547400236
2024-05-03,0.8555099964,0.8585100174,0.8550000191,0.8555099964
2024-05-06,0.8578000069,0.8580800295,0.8555999994,0.8578000069
2024-05-07,0.8572700024,0.8593800068,0.8570600152,0.8572700024
2024-05-08,0.8599200249,0.8618000150,0.8597599864,0.8599200249
2024-05-09,0.8601599932,0.8618699908,0.8590899706,0.8601599932
2024-05-10,0.8607800007,0.8611000180,0.8594800234,0.8607800007
2024-05-13,0.8600299954,0.8608999848,0.8593000174,0.8600299954
2024-05-14,0.8592000008,0.8614000082,0.8584700227,0.8592000008
2024-05-15,0.8592799902,0.8599699736,0.8569899797,0.8592799902
2024-05-16,0.8579900265,0.8585900068,0.8572999835,0.8579900265
2024-05-17,0.8576099873,0.8580099940,0.8554000258,0.8576099873
2024-05-20,0.8556699753,0.8567600250,0.8546699882,0.8556699753
2024-05-21,0.8544399738,0.8550599813,0.8532000184,0.8544399738
2024-05-22,0.8539400101,0.8540499806,0.8503000140,0.8539400101
2024-05-23,0.8509600163,0.8526800275,0.8500300050,0.8509600163
2024-05-24,0.8517199755,0.8531500101,0.8511000276,0.8517199755
2024-05-27,0.8517000079,0.8519499898,0.8495000005,0.8517000079
2024-05-28,0.8502900004,0.8518000245,0.8495000005,0.8502900004
2024-05-29,0.8505399823,0.8515999913,0.8483700156,0.8505399823
2024-05-30,0.8506500125,0.8516600132,0.8499900103,0.8506500125
2024-05-31,0.8508800268,0.8540300131,0.8500000238,0.8508800268
2024-06-03,0.8515300155,0.8535199761,0.8508999944,0.8515300155
2024-06-04,0.8514000177,0.8524399996,0.8506000042,0.8514000177
2024-06-05,0.8519499898,0.8520100117,0.8503000140,0.8519499898
2024-06-06,0.8498899937,0.8524000049,0.8493099809,0.8498899937
2024-06-07,0.8513900042,0.8519999981,0.8490999937,0.8513900042
2024-06-10,0.8467299938,0.8471199870,0.8439400196,0.8467299938
2024-06-11,0.8457400203,0.8467299938,0.8417900205,0.8457400203
2024-06-12,0.8428999782,0.8451200128,0.8418200016,0.8428999782
2024-06-13,0.8450000286,0.8457599878,0.8426100016,0.8450000286
2024-06-14,0.8418200016,0.8438100219,0.8397399783,0.8418200016
2024-06-17,0.8438000083,0.8460999727,0.8435000181,0.8438000083
2024-06-18,0.8447999954,0.8463299870,0.8442999721,0.8447999954
2024-06-19,0.8450700045,0.8454200029,0.8428999782,0.8450000286
2024-06-20,0.8449000120,0.8460999727,0.8434399962,0.8449000120
2024-06-21,0.8456100225,0.8465099931,0.8442000151,0.8456100225
2024-06-24,0.8456699848,0.8476499915,0.8452000022,0.8456699848
2024-06-25,0.8461899757,0.8462399840,0.8429999948,0.8461899757
2024-06-26,0.8442900181,0.8463000059,0.8432999849,0.8442900181
2024-06-27,0.8461300135,0.8474900126,0.8453800082,0.8461300135
2024-06-28,0.8467800021,0.8480499983,0.8455399871,0.8467800021
2024-07-01,0.8487100005,0.8498200178,0.8475000262,0.8487100005
2024-07-02,0.8490200043,0.8495100141,0.8464999795,0.8490200043
2024-07-03,0.8468999863,0.8477500081,0.8458700180,0.8468999863
2024-07-04,0.8464999795,0.8474000096,0.8460000157,0.8464999795
2024-07-05,0.8475000262,0.8477500081,0.8450999856,0.8475000262
2024-07-08,0.8453099728,0.8459500074,0.8438000083,0.8453099728
2024-07-09,0.8450899720,0.8459500074,0.8440999985,0.8450899720
2024-07-10,0.8456299901,0.8458999991,0.8424000144,0.8456299901
2024-07-11,0.8428000212,0.8432000279,0.8413000107,0.8428000212
2024-07-12,0.8413400054,0.8421199918,0.8391699791,0.8413400054
2024-07-15,0.8394500017,0.8411999941,0.8389999866,0.8394500017
2024-07-16,0.8402799964,0.8410400152,0.8396999836,0.8402799964
2024-07-17,0.8399599791,0.8407999873,0.8381999731,0.8399599791
2024-07-18,0.8410300016,0.8421700001,0.8400599957,0.8410300016
2024-07-19,0.8416399956,0.8432300091,0.8408499956,0.8416399956
2024-07-22,0.8427100182,0.8431000113,0.8413000107,0.8427100182
2024-07-23,0.8420400023,0.8425999880,0.8397799730,0.8420400023
2024-07-24,0.8409100175,0.8417999744,0.8391699791,0.8409100175
2024-07-25,0.8402199745,0.8432000279,0.8402000070,0.8402199745
2024-07-26,0.8439099789,0.8448799849,0.8427900076,0.8439099789
2024-07-29,0.8434000015,0.8459900022,0.8414000273,0.8434000015
2024-07-30,0.8412799835,0.8428999782,0.8412799835,0.8412799835
2024-07-31,0.8424000144,0.8448200226,0.8411999941,0.8424000144
2024-08-01,0.8420000076,0.8458200097,0.8420000076,0.8420000076
2024-08-02,0.8474400043,0.8534100056,0.8474000096,0.8474400043
2024-08-05,0.8531500101,0.8618000150,0.8529400229,0.8531500101
2024-08-06,0.8562800288,0.8612899780,0.8561800122,0.8562800288
2024-08-07,0.8610000014,0.8613499999,0.8575999737,0.8610000014
2024-08-08,0.8618800044,0.8623999953,0.8564000130,0.8618800044
2024-08-09,0.8561999798,0.8577200174,0.8549000025,0.8561999798
2024-08-12,0.8559200168,0.8567100167,0.8543599844,0.8559200168
2024-08-13,0.8562899828,0.8563399911,0.8529999852,0.8562899828
2024-08-14,0.8546199799,0.8591700196,0.8541799784,0.8546199799
2024-08-15,0.8585000038,0.8586699963,0.8536000252,0.8585000038
2024-08-16,0.8531200290,0.8534500003,0.8510000110,0.8531200290
2024-08-19,0.8514900208,0.8527699709,0.8507999778,0.8514900208
2024-08-20,0.8530200124,0.8536900282,0.8515800238,0.8530200124
2024-08-21,0.8536800146,0.8544200063,0.8510199785,0.8536800146
2024-08-22,0.8519700170,0.8519300222,0.8478199840,0.8519700170
2024-08-23,0.8486800194,0.8491899967,0.8458999991,0.8486800194
2024-08-26,0.8467199802,0.8475000262,0.8450000286,0.8467199802
2024-08-27,0.8462499976,0.8467199802,0.8431800008,0.8462499976
2024-08-28,0.8431299925,0.8433200121,0.8409399986,0.8431299925
2024-08-29,0.8431599736,0.8432400227,0.8401399851,0.8431599736
2024-08-30,0.8415200114,0.8426499963,0.8400300145,0.8415200114
2024-09-02,0.8411899805,0.8432199955,0.8411300182,0.8411899805
2024-09-03,0.8420900106,0.8433399796,0.8406100273,0.8420900106
2024-09-04,0.8424900174,0.8434200287,0.8416100144,0.8424900174
2024-09-05,0.8424999714,0.8436400294,0.8417999744,0.8424999714
2024-09-06,0.8431000113,0.8446099758,0.8411399722,0.8431000113
2024-09-09,0.8441799879,0.8447999954,0.8432800174,0.8441799879
2024-09-10,0.8442500234,0.8446699977,0.8424999714,0.8442999721
2024-09-11,0.8424299955,0.8463000059,0.8424000144,0.8424299955
2024-09-12,0.8444300294,0.8454700112,0.8435900211,0.8444300294
2024-09-13,0.8435000181,0.8452699780,0.8427000046,0.8435000181
2024-09-16,0.8440700173,0.8443999887,0.8421000242,0.8440700173
2024-09-17,0.8424400091,0.8446599841,0.8417999744,0.8424400091
2024-09-18,0.8446000218,0.8453000188,0.8404200077,0.8446000218
2024-09-19,0.8417900205,0.8421199918,0.8391600251,0.8417900205
2024-09-20,0.8401600122,0.8406100273,0.8379999995,0.8401600122
2024-09-23,0.8382200003,0.8386200070,0.8335499763,0.8382200003
2024-09-24,0.8323100209,0.8338599801,0.8317199945,0.8323100209
2024-09-25,0.8334400058,0.8371099830,0.8331400156,0.8334400058
2024-09-26,0.8358399868,0.8359100223,0.8326699734,0.8358399868
2024-09-27,0.8335000277,0.8348199725,0.8321800232,0.8335000277
2024-09-30,0.8345599771,0.8360000253,0.8312699795,0.8345599771
2024-10-01,0.8325399756,0.8340600133,0.8310800195,0.8325399756
2024-10-02,0.8335400224,0.8337100148,0.8320999742,0.8335400224
2024-10-03,0.8327199817,0.8433899879,0.8323000073,0.8327199817
2024-10-04,0.8404700160,0.8406000137,0.8360000253,0.8404700160
2024-10-07,0.8359100223,0.8399099708,0.8354899883,0.8359100223
2024-10-08,0.8386999965,0.8403999805,0.8374300003,0.8386999965
2024-10-09,0.8381400108,0.8387600183,0.8370000124,0.8381400108
2024-10-10,0.8372399807,0.8384299874,0.8355000019,0.8372399807
2024-10-11,0.8370100260,0.8382300138,0.8364599943,0.8370100260
2024-10-14,0.8370800018,0.8373200297,0.8353000283,0.8370800018
2024-10-15,0.8348699808,0.8350899816,0.8324999809,0.8348699808
2024-10-16,0.8328999877,0.8379999995,0.8320299983,0.8328999877
2024-10-17,0.8358299732,0.8364099860,0.8320199847,0.8358299732
2024-10-18,0.8320400119,0.8335099816,0.8297200203,0.8320400119
2024-10-21,0.8326399922,0.8338500261,0.8324000239,0.8326399922
2024-10-22,0.8330600262,0.8346300125,0.8319000006,0.8330600262
2024-10-23,0.8316199780,0.8332999945,0.8303300142,0.8316199780
2024-10-24,0.8347700238,0.8349000216,0.8315399885,0.8347700238
2024-10-25,0.8342300057,0.8349999785,0.8328899741,0.8342300057
2024-10-28,0.8331500292,0.8343300223,0.8324000239,0.8331500292
2024-10-29,0.8337100148,0.8341000080,0.8298900127,0.8337100148
2024-10-30,0.8314599991,0.8356800079,0.8313099742,0.8314599991
2024-10-31,0.8378999829,0.8446099758,0.8354799747,0.8378999829
2024-11-01,0.8438599706,0.8442599773,0.8367000222,0.8438599706
2024-11-04,0.8394600153,0.8418499827,0.8384500146,0.8394600153
2024-11-05,0.8393300176,0.8397300243,0.8378000259,0.8393300176
2024-11-06,0.8382599950,0.8382700086,0.8314399719,0.8382599950
2024-11-07,0.8329899907,0.8339700103,0.8306000233,0.8329899907
2024-11-08,0.8314899802,0.8324000239,0.8298599720,0.8314899802
2024-11-11,0.8294900060,0.8302000165,0.8260700107,0.8294900060
2024-11-12,0.8282099962,0.8324999809,0.8275899887,0.8282099962
2024-11-13,0.8335000277,0.8343799710,0.8311100006,0.8335000277
2024-11-14,0.8313400149,0.8323500156,0.8306999803,0.8313400149
2024-11-15,0.8312100172,0.8358100057,0.8312000036,0.8312100172
2024-11-18,0.8348199725,0.8371999860,0.8338999748,0.8348199725
2024-11-19,0.8355799913,0.8374599814,0.8333399892,0.8355799913
2024-11-20,0.8355500102,0.8357999921,0.8313400149,0.8355500102
2024-11-21,0.8333600163,0.8341000080,0.8318399787,0.8333600163
2024-11-22,0.8318499923,0.8346300125,0.8267300129,0.8318499923
2024-11-25,0.8320900202,0.8360300064,0.8309900165,0.8320900202
2024-11-26,0.8333100080,0.8363800049,0.8330000043,0.8333100080
2024-11-27,0.8343399763,0.8354499936,0.8331999779,0.8343399763
2024-11-28,0.8330699801,0.8337699771,0.8314499855,0.8331300020
2024-11-29,0.8318300247,0.8330500126,0.8305000067,0.8318300247
2024-12-02,0.8299300075,0.8302900195,0.8270000219,0.8301200271
2024-12-03,0.8295099735,0.8312299848,0.8286600113,0.8295099735
2024-12-04,0.8292400241,0.8299400210,0.8267999887,0.8292400241
2024-12-05,0.8276299834,0.8294199705,0.8270999789,0.8276299834
2024-12-06,0.8295999765,0.8299199939,0.8280299902,0.8295999765
2024-12-09,0.8286899924,0.8288199902,0.8269600272,0.8286899924
2024-12-10,0.8278099895,0.8282999992,0.8236399889,0.8278099895
2024-12-11,0.8240299821,0.8251199722,0.8226000071,0.8240299821
2024-12-12,0.8229500055,0.8271800280,0.8227000237,0.8229500055
2024-12-13,0.8257799745,0.8316400051,0.8257399797,0.8257799745
2024-12-16,0.8322799802,0.8327299953,0.8273000121,0.8322799802
2024-12-17,0.8286299706,0.8293799758,0.8258000016,0.8286299706
2024-12-18,0.8256300092,0.8277900219,0.8245499730,0.8256300092
2024-12-19,0.8235399723,0.8274599910,0.8223000169,0.8235399723
2024-12-20,0.8292700052,0.8313000202,0.8277500272,0.8292700052
2024-12-23,0.8299700022,0.8309500217,0.8277199864,0.8299700022
2024-12-24,0.8300899863,0.8302000165,0.8274300098,0.8300899863
2024-12-25,0.8292999864,0.8575999737,0.8034999967,0.8289999962
2024-12-26,0.8289999962,0.8324000239,0.8286799788,0.8289999962
2024-12-27,0.8317999840,0.8327599764,0.8281999826,0.8317999840
2024-12-30,0.8290799856,0.8299000263,0.8274700046,0.8290799856
2024-12-31,0.8291900158,0.8306499720,0.8262799978,0.8291900158
2025-01-02,0.8268300295,0.8324699998,0.8266999722,0.8268300295
2025-01-03,0.8293399811,0.8302000165,0.8284000158,0.8293399811
2025-01-06,0.8292300105,0.8317199945,0.8284999728,0.8292300105
2025-01-07,0.8299000263,0.8306000233,0.8286799788,0.8299000263
2025-01-08,0.8289600015,0.8350800276,0.8282999992,0.8289600015
2025-01-09,0.8344799876,0.8403699994,0.8342599869,0.8344799876
2025-01-10,0.8371599913,0.8389099836,0.8364999890,0.8371599913
2025-01-13,0.8393099904,0.8423699737,0.8389499784,0.8393099904
2025-01-14,0.8390799761,0.8447099924,0.8387200236,0.8390799761
2025-01-15,0.8439099789,0.8459500074,0.8404499888,0.8439099789
2025-01-16,0.8408499956,0.8436999917,0.8408300281,0.8408499956
2025-01-17,0.8418999910,0.8453199863,0.8417000175,0.8418999910
2025-01-20,0.8443899751,0.8473299742,0.8435400128,0.8443899751
2025-01-21,0.8449599743,0.8461999893,0.8444100022,0.8449599743
2025-01-22,0.8435299993,0.8462399840,0.8432800174,0.8435299993
2025-01-23,0.8452100158,0.8456799984,0.8431000113,0.8452100158
2025-01-24,0.8431599736,0.8461300135,0.8410999775,0.8431599736
2025-01-27,0.8401299715,0.8421000242,0.8391799927,0.8401299715
2025-01-28,0.8381900191,0.8394899964,0.8379600048,0.8381900191
2025-01-29,0.8382200003,0.8386999965,0.8364599943,0.8382200003
2025-01-30,0.8369500041,0.8388000131,0.8359500170,0.8369500041
2025-01-31,0.8368200064,0.8374000192,0.8353999853,0.8368200064
2025-02-03,0.8336399794,0.8345999718,0.8295400143,0.8336399794
2025-02-04,0.8306599855,0.8327400088,0.8297399879,0.8306599855
2025-02-05,0.8312900066,0.8335099816,0.8304600120,0.8312900066
2025-02-06,0.8317599893,0.8375700116,0.8314599991,0.8317599893
2025-02-07,0.8350700140,0.8355000019,0.8324599862,0.8350700140
2025-02-10,0.8320999742,0.8333100080,0.8309900165,0.8320999742
2025-02-11,0.8334299922,0.8352400064,0.8324300051,0.8334299922
2025-02-12,0.8323400021,0.8351299763,0.8317999840,0.8323400021
2025-02-13,0.8346099854,0.8356999755,0.8323100209,0.8346099854
2025-02-14,0.8326299787,0.8332999945,0.8315500021,0.8326299787
2025-02-17,0.8335000277,0.8338999748,0.8308399916,0.8335000277
2025-02-18,0.8306900263,0.8308699727,0.8284599781,0.8306900263
2025-02-19,0.8275200129,0.8288999796,0.8273000121,0.8275200129
2025-02-20,0.8281499743,0.8287299871,0.8269699812,0.8281499743
2025-02-21,0.8287000060,0.8292000294,0.8264099956,0.8287000060
2025-02-24,0.8280000091,0.8301399946,0.8272100091,0.8280000091
2025-02-25,0.8290200233,0.8301500082,0.8278800249,0.8290200233
2025-02-26,0.8301200271,0.8304200172,0.8270099759,0.8301200271
2025-02-27,0.8270099759,0.8273599744,0.8234800100,0.8270099759
2025-02-28,0.8250200152,0.8266800046,0.8244400024,0.8250200152
2025-03-03,0.8261700273,0.8266199827,0.8242899776,0.8261700273
2025-03-04,0.8254299760,0.8286299706,0.8248299956,0.8254299760
2025-03-05,0.8304200172,0.8374300003,0.8295500278,0.8304200172
2025-03-06,0.8372899890,0.8408600092,0.8364199996,0.8372899890
2025-03-07,0.8371199965,0.8416600227,0.8371999860,0.8371199965
2025-03-10,0.8397499919,0.8416000009,0.8378099799,0.8397499919
2025-03-11,0.8417900205,0.8446999788,0.8415200114,0.8417900205
2025-03-12,0.8430699706,0.8441200256,0.8403999805,0.8430699706
2025-03-13,0.8396499753,0.8403999805,0.8373799920,0.8396499753
2025-03-14,0.8377299905,0.8427500129,0.8373000026,0.8377299905
2025-03-17,0.8414499760,0.8417000175,0.8398799896,0.8414499760
2025-03-18,0.8408100009,0.8427699804,0.8404999971,0.8408100009
2025-03-19,0.8414199948,0.8420000076,0.8388699889,0.8414199948
2025-03-20,0.8386099935,0.8389999866,0.8350499868,0.8386099935
2025-03-21,0.8371700048,0.8383200169,0.8366600275,0.8371700048
2025-03-24,0.8383299708,0.8383399844,0.8346300125,0.8383299708
2025-03-25,0.8358700275,0.8363000154,0.8341000080,0.8358700275
2025-03-26,0.8332599998,0.8374300003,0.8330600262,0.8332599998
2025-03-27,0.8341000080,0.8348000050,0.8325399756,0.8341000080
2025-03-28,0.8338999748,0.8367499709,0.8314899802,0.8338999748
2025-03-31,0.8365499973,0.8374000192,0.8341799974,0.8365499973
2025-04-01,0.8372600079,0.8378099799,0.8351799846,0.8372600079
2025-04-02,0.8353300095,0.8377199769,0.8335999846,0.8353300095
2025-04-03,0.8357999921,0.8446400166,0.8341000080,0.8357999921
2025-04-04,0.8437700272,0.8522099853,0.8433399796,0.8436999917
2025-04-07,0.8507500291,0.8578900099,0.8487499952,0.8507500291
2025-04-08,0.8571500182,0.8593699932,0.8532000184,0.8571500182
2025-04-09,0.8585000038,0.8661900163,0.8582000136,0.8585000038
2025-04-10,0.8538100123,0.8652899861,0.8519399762,0.8538100123
2025-04-11,0.8664299846,0.8736600280,0.8655200005,0.8664299846
2025-04-14,0.8668000102,0.8692399859,0.8595399857,0.8668000102
2025-04-15,0.8607000113,0.8605200052,0.8536099792,0.8607000113
2025-04-16,0.8534700274,0.8593500257,0.8533999920,0.8534700274
2025-04-17,0.8611000180,0.8612999916,0.8567799926,0.8611000180
2025-04-22,0.8604000211,0.8607599735,0.8563399911,0.8604000211
2025-04-23,0.8551700115,0.8582999706,0.8532099724,0.8551700115
2025-04-24,0.8539100289,0.8564599752,0.8530799747,0.8539100289
2025-04-25,0.8532500267,0.8546599746,0.8511899710,0.8532500267
2025-04-28,0.8534600139,0.8543999791,0.8493899703,0.8534600139
2025-04-29,0.8490599990,0.8511199951,0.8486599922,0.8490599990
2025-04-30,0.8492100239,0.8536999822,0.8481299877,0.8492100239
2025-05-01,0.8498899937,0.8510000110,0.8479800224,0.8498899937
2025-05-02,0.8501899838,0.8539999723,0.8489999771,0.8501899838
2025-05-05,0.8530899882,0.8531900048,0.8513399959,0.8530899882
2025-05-06,0.8510500193,0.8519399762,0.8461999893,0.8510500193
2025-05-07,0.8491899967,0.8521999717,0.8487499952,0.8491899967
2025-05-08,0.8504700065,0.8511199951,0.8461800218,0.8504700065
2025-05-09,0.8479899764,0.8492100239,0.8463600278,0.8479899764
2025-05-12,0.8450199962,0.8457099795,0.8410800099,0.8450199962
2025-05-13,0.8419399858,0.8426300287,0.8402000070,0.8419399858
2025-05-14,0.8406999707,0.8434900045,0.8403000236,0.8406999707
2025-05-15,0.8430100083,0.8439800143,0.8413299918,0.8430100083
2025-05-16,0.8411700130,0.8432000279,0.8402000070,0.8411700130
2025-05-19,0.8407700062,0.8425400257,0.8399099708,0.8407700062
2025-05-20,0.8407300115,0.8428800106,0.8403999805,0.8407300115
2025-05-21,0.8425300121,0.8458999991,0.8422099948,0.8425300121
2025-05-22,0.8443599939,0.8447899818,0.8399999738,0.8443599939
2025-05-23,0.8406400084,0.8416000009,0.8381900191,0.8406400084
2025-05-26,0.8401299715,0.8407999873,0.8387299776,0.8401299715
2025-05-27,0.8394700289,0.8397600055,0.8373000026,0.8394700289
2025-05-28,0.8388900161,0.8401100039,0.8381999731,0.8388900161
2025-05-29,0.8363199830,0.8428999782,0.8361999989,0.8363199830
2025-05-30,0.8427100182,0.8429800272,0.8403599858,0.8427100182
2025-06-02,0.8428699970,0.8447499871,0.8418210149,0.8428699970
2025-06-03,0.8447700143,0.8449400067,0.8410400152,0.8447700143
2025-06-04,0.8412799835,0.8429300189,0.8406000137,0.8412799835
2025-06-05,0.8427799940,0.8446699977,0.8410300016,0.8427799940
2025-06-06,0.8432800174,0.8442999721,0.8417299986,0.8432800174
2025-06-09,0.8425499797,0.8426100016,0.8413230181,0.8425499797
2025-06-10,0.8428999782,0.8467599750,0.8417000175,0.8428999782
2025-06-11,0.8466600180,0.8487700224,0.8462600112,0.8466600180
2025-06-12,0.8481600285,0.8543000221,0.8475999832,0.8481600285
2025-06-13,0.8512399793,0.8530099988,0.8493199944,0.8512399793
2025-06-16,0.8510000110,0.8530899882,0.8504920006,0.8510000110
2025-06-17,0.8514500260,0.8538299799,0.8511499763,0.8514500260
2025-06-18,0.8548799753,0.8558999896,0.8541399837,0.8548799753
2025-06-19,0.8554199934,0.8559299707,0.8532609940,0.8554199934
2025-06-20,0.8540899754,0.8557000160,0.8525000215,0.8540899754
2025-06-23,0.8558899760,0.8573700190,0.8546000123,0.8558899760
2025-06-24,0.8561900258,0.8564000130,0.8519999981,0.8561900258
2025-06-25,0.8528599739,0.8536499739,0.8512700200,0.8528599739
2025-06-26,0.8532999754,0.8539100289,0.8517000079,0.8532999754
2025-06-27,0.8518000245,0.8550999761,0.8508300185,0.8518000245
2025-06-30,0.8547300100,0.8580600023,0.8534029722,0.8547300100
2025-07-01,0.8583599925,0.8596199751,0.8556299806,0.8583599925
2025-07-02,0.8587800264,0.8668799996,0.8576999903,0.8587800264
2025-07-03,0.8644300103,0.8654000163,0.8610000014,0.8644300103
2025-07-04,0.8611800075,0.8636999726,0.8608999848,0.8611800075
2025-07-07,0.8629999757,0.8644000292,0.8600999713,0.8630999923
2025-07-08,0.8614299893,0.8641999960,0.8608999848,0.8614299893
2025-07-09,0.8629000187,0.8630999923,0.8605999947,0.8629000187
2025-07-10,0.8629900217,0.8633199930,0.8610000014,0.8629900217
2025-07-11,0.8616499901,0.8666599989,0.8608800173,0.8616499901
2025-07-14,0.8657000065,0.8692200184,0.8653799891,0.8657000065
2025-07-15,0.8687599897,0.8695999980,0.8667500019,0.8687599897
2025-07-16,0.8666099906,0.8694700003,0.8647000194,0.8666099906
2025-07-17,0.8676000237,0.8679000139,0.8637999892,0.8676000237
2025-07-18,0.8647000194,0.8670899868,0.8647500277,0.8647000194
2025-07-21,0.8668799996,0.8673200011,0.8650199771,0.8668799996
2025-07-22,0.8669099808,0.8690999746,0.8664000034,0.8669099808
2025-07-23,0.8681399822,0.8683900237,0.8647000194,0.8681399822
2025-07-24,0.8669899702,0.8701599836,0.8665999770,0.8669899702
2025-07-25,0.8701999784,0.8736299872,0.8696900010,0.8701999784
2025-07-28,0.8748000264,0.8751599789,0.8666200042,0.8748000264
2025-07-29,0.8679500222,0.8687000275,0.8643000126,0.8679500222
2025-07-30,0.8649299741,0.8658499718,0.8615999818,0.8649299741
2025-07-31,0.8620200157,0.8657799959,0.8610699773,0.8620200157
2025-08-01,0.8647400141,0.8719999790,0.8643800020,0.8647400141
2025-08-04,0.8717600107,0.8721200228,0.8686500192,0.8717600107
2025-08-05,0.8710899949,0.8712499738,0.8679800034,0.8710899949
2025-08-06,0.8705899715,0.8730999827,0.8695999980,0.8705899715
2025-08-07,0.8730400205,0.8741099834,0.8664000034,0.8730400205
2025-08-08,0.8679599762,0.8681499958,0.8653100133,0.8679599762
2025-08-11,0.8663399816,0.8671399951,0.8646799922,0.8663399816
2025-08-12,0.8646000028,0.8654099703,0.8618999720,0.8646000028
2025-08-13,0.8646799922,0.8653200269,0.8621000051,0.8646799922
2025-08-14,0.8621399999,0.8624100089,0.8596199751,0.8621399999
2025-08-15,0.8610299826,0.8637599945,0.8605399728,0.8610299826
2025-08-18,0.8634999990,0.8637999892,0.8616999984,0.8634999990
2025-08-19,0.8637499809,0.8647199869,0.8629400134,0.8637499809
2025-08-20,0.8632400036,0.8662199974,0.8608899713,0.8632400036
2025-08-21,0.8652799726,0.8665300012,0.8645499945,0.8652799726
2025-08-22,0.8654000163,0.8667399883,0.8637999892,0.8654000163
2025-08-25,0.8665999770,0.8670300245,0.8649799824,0.8665999770
2025-08-26,0.8632699847,0.8649100065,0.8623800278,0.8632699847
2025-08-27,0.8634999990,0.8639600277,0.8610000014,0.8634999990
2025-08-28,0.8625100255,0.8644599915,0.8615000248,0.8625100255
2025-08-29,0.8645399809,0.8672900200,0.8635100126,0.8645399809
2025-09-01,0.8656799793,0.8669999838,0.8637599945,0.8656799793
2025-09-02,0.8647000194,0.8712199926,0.8640999794,0.8647000194
2025-09-03,0.8692399859,0.8708599806,0.8670899868,0.8692399859
2025-09-04,0.8674600124,0.8680499792,0.8659600019,0.8674600124
2025-09-05,0.8670099974,0.8685700297,0.8664889932,0.8670099974
2025-09-08,0.8680400252,0.8683400154,0.8662700057,0.8680400252
2025-09-09,0.8683300018,0.8683599830,0.8654999733,0.8683300018
2025-09-10,0.8654999733,0.8655400276,0.8640699983,0.8654999733
2025-09-11,0.8646600246,0.8661699891,0.8636699915,0.8646600246
2025-09-12,0.8642600179,0.8664000034,0.8637999892,0.8642600179
2025-09-15,0.8651300073,0.8653299809,0.8631770015,0.8651300073
2025-09-16,0.8647599816,0.8679299951,0.8634399772,0.8647599816
2025-09-17,0.8694099784,0.8694099784,0.8669000268,0.8694099784
2025-09-18,0.8676199913,0.8695999980,0.8665000200,0.8676199913
2025-09-19,0.8696500063,0.8726800084,0.8686000109,0.8696500063
2025-09-22,0.8716499805,0.8732699752,0.8703420162,0.8716499805
2025-09-23,0.8730999827,0.8744500279,0.8716599941,0.8730999827
2025-09-24,0.8735899925,0.8744400144,0.8723000288,0.8735899925
2025-09-25,0.8730000257,0.8749399781,0.8723000288,0.8730000257
2025-09-26,0.8744500279,0.8748000264,0.8719999790,0.8744500279
2025-09-29,0.8729900122,0.8743699789,0.8714129925,0.8729900122
2025-09-30,0.8730999827,0.8744000196,0.8723000288,0.8730999827
2025-10-01,0.8729400039,0.8741499782,0.8690199852,0.8729400039
2025-10-02,0.8704100251,0.8729100227,0.8701699972,0.8704100251
2025-10-03,0.8719300032,0.8729199767,0.8710100055,0.8719300032
2025-10-06,0.8717799783,0.8722100258,0.8671600223,0.8717799783
2025-10-07,0.8683599830,0.8703500032,0.8677300215,0.8683599830
2025-10-08,0.8683000207,0.8683699965,0.8656799793,0.8683000207
2025-10-09,0.8677899837,0.8697699904,0.8675000072,0.8677899837
2025-10-10,0.8693299890,0.8722800016,0.8691999912,0.8693299890
2025-10-13,0.8699600101,0.8707000017,0.8672999740,0.8699600101
2025-10-14,0.8675000072,0.8721100092,0.8666499853,0.8675000072
2025-10-15,0.8709400296,0.8720399737,0.8684399724,0.8709400296
2025-10-16,0.8687899709,0.8695799708,0.8664399981,0.8687899709
2025-10-17,0.8701199889,0.8724099994,0.8694000244,0.8701199889
2025-10-20,0.8682500124,0.8694199920,0.8673650026,0.8682500124
2025-10-21,0.8686100245,0.8693799973,0.8669999838,0.8686100245
2025-10-22,0.8679000139,0.8711599708,0.8674899936,0.8679000139
2025-10-23,0.8693900108,0.8720099926,0.8681200147,0.8693900108
2025-10-24,0.8716700077,0.8746600151,0.8706499934,0.8716700077
2025-10-27,0.8730300069,0.8735299706,0.8716250062,0.8730300069
2025-10-28,0.8733000159,0.8788499832,0.8725699782,0.8733000159
2025-10-29,0.8778300285,0.8816300035,0.8777400255,0.8778300285
2025-10-30,0.8792999983,0.8812699914,0.8790000081,0.8792999983
2025-10-31,0.8793500066,0.8816599846,0.8781099916,0.8793500066
2025-11-03,0.8776199818,0.8782899976,0.8762999773,0.8776199818
2025-11-04,0.8769199848,0.8812299967,0.8764700294,0.8769199848
2025-11-05,0.8820000291,0.8828600049,0.8799700141,0.8820000291
2025-11-06,0.8807799816,0.8816599846,0.8794999719,0.8807799816
2025-11-07,0.8788200021,0.8815699816,0.8784000278,0.8788200021
2025-11-10,0.8785899878,0.8794999719,0.8773999810,0.8783400059
2025-11-11,0.8772799969,0.8812800050,0.8772799969,0.8773099780
2025-11-12,0.8809099793,0.8838099837,0.8804000020,0.8809199929
2025-11-13,0.8829200268,0.8841999769,0.8815500140,0.8829399943
2025-11-14,0.8841699958,0.8865299821,0.8816400170,0.8842200041
2025-11-17,0.8827000260,0.8828300238,0.8792399764,0.8826000094
2025-11-18,0.8810700178,0.8823000193,0.8804000020,0.8809700012
2025-11-19,0.8807799816,0.8832700253,0.8806700110,0.8807600141
2025-11-20,0.8835300207,0.8837000132,0.8795769811,0.8834199905
2025-11-21,0.8815100193,0.8826199770,0.8780999780,0.8814700246
2025-11-24,0.8786399961,0.8819400072,0.8785169721,0.8786500096
2025-11-25,0.8789799809,0.8794000149,0.8767700195,0.8789100051
2025-11-26,0.8787500262,0.8817499876,0.8754900098,0.8788400292
2025-11-27,0.8759199977,0.8769999743,0.8745700121,0.8758999705
2025-11-28,0.8760300279,0.8771799803,0.8746500015,0.8760200143
2025-12-01,0.8762000203,0.8793299794,0.8759300113,0.8762400150
2025-12-02,0.8786799908,0.8801000118,0.8783000112,0.8786799908
2025-12-03,0.8795599937,0.8798999786,0.8737000227,0.8795700073
2025-12-04,0.8740900159,0.8753499985,0.8722000122,0.8741000295
2025-12-05,0.8739200234,0.8741099834,0.8723999858,0.8739299774
2025-12-08,0.8734899759,0.8752200007,0.8725500107,0.8735399842
2025-12-09,0.8734300137,0.8746200204,0.8720499873,0.8734400272
2025-12-10,0.8740400076,0.8750900030,0.8728200197,0.8740299940
2025-12-11,0.8739500046,0.8757399917,0.8738300204,0.8739100099
2025-12-12,0.8766099811,0.8791400194,0.8759999871,0.8765799999
2025-12-15,0.8779699802,0.8788999915,0.8769999743,0.8780199885
2025-12-16,0.8784499764,0.8795599937,0.8755699992,0.8784499764
2025-12-17,0.8750900030,0.8795700073,0.8749700189,0.8751400113
2025-12-18,0.8778899908,0.8786900043,0.8736299872,0.8779000044
2025-12-19,0.8759999871,0.8773400187,0.8750299811,0.8759599924
2025-12-22,0.8751800060,0.8752999902,0.8727599978,0.8751299977
2025-12-23,0.8733900189,0.8736699820,0.8719999790,0.8734300137
2025-12-24,0.8727800250,0.8730800152,0.8718699813,0.8728100061
2025-12-26,0.8723199964,0.8735399842,0.8716400266,0.8722699881
2025-12-29,0.8721100092,0.8738999963,0.8709999919,0.8721600175
2025-12-30,0.8713799715,0.8736000061,0.8701999784,0.8713999987
2025-12-31,0.8721500039,0.8744999766,0.8717399836,0.8722400069
2026-01-02,0.8720600009,0.8724700212,0.8700500131,0.8720499873
2026-01-05,0.8709599972,0.8709599972,0.8660500050,0.8709700108
2026-01-06,0.8656399846,0.8662999868,0.8644400239,0.8655700088
2026-01-07,0.8657000065,0.8676999807,0.8652999997,0.8657100201
2026-01-08,0.8675500154,0.8690299988,0.8673800230,0.8675699830
2026-01-09,0.8676199913,0.8687000275,0.8665000200,0.8675799966
2026-01-12,0.8678600192,0.8691499829,0.8665199876,0.8677800298
2026-01-13,0.8663899899,0.8670499921,0.8651000261,0.8663899899
2026-01-14,0.8672000170,0.8672299981,0.8655999899,0.8671100140
2026-01-15,0.8664000034,0.8677700162,0.8652899861,0.8664100170
2026-01-16,0.8675199747,0.8678699732,0.8659999967,0.8675000072
2026-01-19,0.8672400117,0.8685500026,0.8665999770,0.8672299981
2026-01-20,0.8673300147,0.8729100227,0.8670200109,0.8673599958
2026-01-21,0.8724200130,0.8745499849,0.8708000183,0.8725000024
2026-01-22,0.8699100018,0.8731899858,0.8692799807,0.8698099852
2026-01-23,0.8706099987,0.8708599806,0.8657400012,0.8705899715
2026-01-26,0.8678900003,0.8685399890,0.8668100238,0.8678799868
2026-01-27,0.8682299852,0.8697699904,0.8670399785,0.8682000041
2026-01-28,0.8694999814,0.8696200252,0.8658499718,0.8692600131
2026-01-29,0.8663200140,0.8670799732,0.8650000095,0.8662999868
2026-01-30,0.8666499853,0.8674200177,0.8655899763,0.8666599989
2026-02-02,0.8661400080,0.8673200011,0.8643900156,0.8661999702
2026-02-03,0.8629000187,0.8635799885,0.8618999720,0.8628699780
2026-02-04,0.8626199961,0.8645499945,0.8612899780,0.8625800014
2026-02-05,0.8648099899,0.8718900084,0.8645399809,0.8648999929
2026-02-06,0.8709800243,0.8712800145,0.8672999740,0.8709999919
2026-02-09,0.8689900041,0.8739600182,0.8675500154,0.8689100146
2026-02-10,0.8699799776,0.8719800115,0.8687199950,0.8699100018
2026-02-11,0.8718000054,0.8723300099,0.8683500290,0.8719400167
2026-02-12,0.8716199994,0.8716199994,0.8693799973,0.8716599941
2026-02-13,0.8714900017,0.8720600009,0.8697699904,0.8714399934
2026-02-16,0.8695099950,0.8700000048,0.8686500192,0.8694999814
2026-02-17,0.8695200086,0.8747900128,0.8693000078,0.8695200086
2026-02-18,0.8737199903,0.8738200068,0.8715999722,0.8736799955
2026-02-19,0.8733999729,0.8750600219,0.8731300235,0.8734499812
2026-02-20,0.8743000031,0.8748000264,0.8725000024,0.8742499948
2026-02-23,0.8744000196,0.8748700023,0.8726999760,0.8744599819
2026-02-24,0.8737800121,0.8743399978,0.8707100153,0.8737800121
2026-02-25,0.8724300265,0.8730999827,0.8709999919,0.8723400235
2026-02-26,0.8713999987,0.8733699918,0.8711000085,0.8713999987
2026-02-27,0.8747599721,0.8786799908,0.8745700121,0.8747699857
2026-03-02,0.8771100044,0.8786799908,0.8729400039,0.8770700097
2026-03-03,0.8721200228,0.8737999797,0.8699399829,0.8721299767
2026-03-04,0.8694800138,0.8712000251,0.8685899973,0.8695999980
2026-03-05,0.8701999784,0.8710299730,0.8686000109,0.8702200055
2026-03-06,0.8689600229,0.8691999912,0.8657699823,0.8689900041
2026-03-09,0.8660500050,0.8675699830,0.8645899892,0.8662499785
2026-03-10,0.8653299809,0.8660500050,0.8641999960,0.8653200269
2026-03-11,0.8651900291,0.8656499982,0.8626000285,0.8651900291
2026-03-12,0.8625199795,0.8636500239,0.8617500067,0.8626000285
2026-03-13,0.8628399968,0.8653299809,0.8620600104,0.8628200293
2026-03-16,0.8632400036,0.8649200201,0.8624619842,0.8631299734
2026-03-17,0.8636100292,0.8644999862,0.8631200194,0.8636299968
2026-03-18,0.8637300134,0.8650100231,0.8628399968,0.8637599945
2026-03-19,0.8641499877,0.8648099899,0.8611000180,0.8641700149
2026-03-20,0.8622800112,0.8677099943,0.8614900112,0.8622900248
2026-03-23,0.8671699762,0.8678399920,0.8632000089,0.8671000004
2026-03-24,0.8645499945,0.8657100201,0.8637800217,0.8645899892
2026-03-25,0.8657199740,0.8667299747,0.8647900224,0.8657000065
2026-03-26,0.8651199937,0.8661699891,0.8637599945,0.8651199937
2026-03-27,0.8649399877,0.8674100041,0.8646900058,0.8649299741
2026-03-30,0.8680899739,0.8697800040,0.8671000004,0.8680300117
2026-03-31,0.8697699904,0.8741899729,0.8676000237,0.8697000146
2026-04-01,0.8738300204,0.8740100265,0.8709499836,0.8738700151
2026-04-02,0.8712300062,0.8733299971,0.8708999753,0.8712499738
2026-04-03,0.8722599745,0.8731399775,0.8716899753,0.8723199964
2026-04-06,0.8727999926,0.8729100227,0.8715999722,0.8727999926
2026-04-07,0.8720700145,0.8740000129,0.8712000251,0.8720499873
2026-04-08,0.8722400069,0.8723199964,0.8686000109,0.8720200062
2026-04-09,0.8704599738,0.8713200092,0.8701999784,0.8704900146
2026-04-10,0.8705400229,0.8719000220,0.8702999949,0.8704800010
2026-04-13,0.8716800213,0.8721699715,0.8696600199,0.8715999722
2026-04-14,0.8705499768,0.8712599874,0.8683999777,0.8704000115
2026-04-15,0.8690999746,0.8697599769,0.8684999943,0.8691200018
2026-04-16,0.8698400259,0.8711799979,0.8690099716,0.8698400259
2026-04-17,0.8710100055,0.8723099828,0.8703699708,0.8709800243
2026-04-20,0.8706200123,0.8715599775,0.8700900078,0.8707000017
2026-04-21,0.8708999753,0.8719000220,0.8694099784,0.8708599806
2026-04-22,0.8692399859,0.8694300056,0.8672999740,0.8693000078
2026-04-23,0.8670799732,0.8677999973,0.8653699756,0.8670399785
2026-04-24,0.8675199747,0.8682299852,0.8666899800,0.8675900102
2026-04-27,0.8661699891,0.8674399853,0.8655899763,0.8661599755
2026-04-28,0.8659099936,0.8677099943,0.8653600216,0.8659099936
2026-04-29,0.8663899899,0.8673400283,0.8659999967,0.8664399981
2026-04-30,0.8662400246,0.8664799929,0.8630499840,0.8662400246
2026-05-01,0.8622000217,0.8639000058,0.8619999886,0.8622800112
2026-05-04,0.8633499742,0.8646000028,0.8628000021,0.8633499742
2026-05-05,0.8640099764,0.8641999960,0.8623800278,0.8640099764
2026-05-06,0.8633800149,0.8648399711,0.8626999855,0.8634999990
2026-05-07,0.8643299937,0.8646000028,0.8634999990,0.8642799854
2026-05-08,0.8653399944,0.8655499816,0.8638700247,0.8653299809
2026-05-11,0.8655700088,0.8662899733,0.8628000021,0.8655700088
2026-05-12,0.8657699823,0.8697199821,0.8651999831,0.8657400012
2026-05-13,0.8668199778,0.8676000237,0.8649899960,0.8667700291
2026-05-14,0.8658900261,0.8668199778,0.8655700088,0.8661199808
2026-05-15,0.8709599972,0.8727399707,0.8701000214,0.8708500266
2026-05-18,0.8725299835,0.8729400039,0.8679100275,0.8725399971
2026-05-19,0.8673599958,0.8686500192,0.8656399846,0.8676800132
2026-05-20,0.8662999868,0.8666399717,0.8643199801,0.8664000034
2026-05-21,0.8650799990,0.8657000065,0.8639000058,0.8653200269
2026-05-22,0.8648999929,0.8651999831,0.8629699945,0.8649200201
2026-05-25,0.8634300232,0.8636100292,0.8622099757,0.8635200262
2026-05-26,0.8621799946,0.8648399711,0.8621199727,0.8619999886
2026-05-27,0.8648399711,0.8666300178,0.8647000194,0.8647500277
2026-05-28,0.8657400012,0.8673300147,0.8656899929,0.8659099936
2026-05-29,0.8664500117,0.8681300282,0.8655200005,0.8664100170
2026-06-01,0.8659800291,0.8661100268,0.8640999794,0.8659600019
2026-06-02,0.8641899824,0.8649399877,0.8633999825,0.8644099832
2026-06-03,0.8636900187,0.8642399907,0.8629999757,0.8637899756
2026-06-04,0.8645899892,0.8655700088,0.8640000224,0.8645899892
2026-06-05,0.8648999929,0.8654599786,0.8630599976,0.8648999929
2026-06-08,0.8639199734,0.8651000261,0.8630999923,0.8639799953
2026-06-09,0.8646100163,0.8647000194,0.8628100157,0.8645499945
2026-06-10,0.8624200225,0.8632599711,0.8619899750,0.8624100089
2026-06-11,0.8630499840,0.8643800020,0.8623999953,0.8630800247
2026-06-12,0.8628799915,0.8635699749,0.8623999953,0.8628900051
2026-06-15,0.8627099991,0.8651700020,0.8623999953,0.8626899719
2026-06-16,0.8639900088,0.8651000261,0.8639000058,0.8640000224
2026-06-17,0.8647199869,0.8655800223,0.8643000126,0.8647300005
2026-06-18,0.8649200201,0.8676000237,0.8646900058,0.8651000261
2026-06-19,0.8679100275,0.8679999709,0.8657500148,0.8678600192
2026-06-22,0.8677700162,0.8678699732,0.8622999787,0.8678600192
2026-06-23,0.8625000119,0.8634200096,0.8614900112,0.8625800014
2026-06-24,0.8619899750,0.8627600074,0.8603299856,0.8620399833
2026-06-25,0.8625199795,0.8626000285,0.8610399961,0.8624500036
2026-06-26,0.8612999916,0.8650199771,0.8610500097,0.8613299727
2026-06-29,0.8627200127,0.8632000089,0.8610600233,0.8626999855
2026-06-30,0.8614199758,0.8623399734,0.8605899811,0.8613700271
2026-07-01,0.8612899780,0.8618000150,0.8572700024,0.8613299727
2026-07-02,0.8568199873,0.8573399782,0.8546500206,0.8565300107
2026-07-03,0.8563100100,0.8574000001,0.8560600281,0.8561000228
2026-07-06,0.8565499783,0.8568999767,0.8545299768,0.8564900160
2026-07-07,0.8542100191,0.8553199768,0.8532999754,0.8541799784
2026-07-08,0.8541100025,0.8554199934,0.8525999784,0.8542299867
2026-07-09,0.8524799943,0.8539699912,0.8517000079,0.8524900079
2026-07-10,0.8524100184,0.8525199890,0.8508999944,0.8523200154
2026-07-13,0.8518499732,0.8540499806,0.8514999747,0.8518999815
2026-07-14,0.8526600003,0.8543999791,0.8515999913,0.8527200222
2026-07-15,0.8529300094,0.8534200191,0.8470799923,0.8527399898
2026-07-16,0.8471900225,0.8492400050,0.8468000293,0.8469399810
2026-07-17,0.8489599824,0.8513299823,0.8489599824,0.8491899967
2026-07-20,0.8499100208,0.8504999876,0.8482999802,0.8498700261
2026-07-21,0.8499100208,0.8538299799,0.8489999771,0.8497999907
2026-07-22,0.8521999717,0.8539500237,0.8518999815,0.8522400260
2026-07-23,0.8531900048,0.8546400070,0.8528000116,0.8531699777
2026-07-24,0.8544899821,0.8553400040,0.8531299829,0.8545600176
2026-07-27,0.8535100222,0.8558499813,0.8535100222,0.8534500003
2026-07-28,0.8554599881,0.8567000031,0.8544999957,0.8554300070
2026-07-29,0.8569300175,0.8574000001,0.8561699986,0.8568900228
2026-07-30,0.8578000069,0.8585199714,0.8557999730,0.8578299880
2026-07-31,0.8560600281,0.8565300107,0.8542799950,0.8560199738
2026-08-03,0.8554700017,0.8569999933,0.8553000093,0.8556299806
2026-08-04,0.8569999933,0.8573200107,0.8558999896,0.8569599986
2026-08-05,0.8573499918,0.8578100204,0.8566600084,0.8573499918
2026-08-06,0.8580200076,0.8581600189,0.8561999798,0.8579900265
2026-08-07,0.8564400077,0.8579400182,0.8561999798,0.8564800024
2026-08-10,0.8566499949,0.8568099737,0.8536599874,0.8565999866
2026-08-11,0.8545899987,0.8550599813,0.8539000154,0.8545399904
2026-08-12,0.8544700146,0.8545699716,0.8531000018,0.8544499874
2026-08-13,0.8540199995,0.8552500010,0.8538299799,0.8539000154
2026-08-14,0.8549399972,0.8550999761,0.8539000154,0.8549299836
