test,state,block,horizon,stocks,bars,adequate,equal_stock_mean,median_stock_median,equal_stock_positive_fraction,equal_stock_mean_abs,median_stock_p5,median_stock_p10,median_stock_es5,median_stock_neg_share,median_stock_pos_share
combo_bear_high_T0_bear,trigger,2000-2004,1,111,1338,1,-0.042215925830039705,-0.08521367769939242,0.4536830690468462,0.7589672554042003,-1.160162141766493,-0.9774697163705575,-1.4254209602610166,0.47740360501427953,0.5225963949857205
combo_bear_high_T0_bear,trigger,2000-2004,5,111,1338,1,-0.15140764012331642,-0.37009546123407944,0.4167613354145862,1.6065446726769,-2.6403037833729295,-2.2453237441368543,-3.0999227026412086,0.5660317985797402,0.43396820142025966
combo_bear_high_T0_bear,trigger,2000-2004,10,111,1336,1,-0.21786739822973447,-0.5462568403613692,0.4093230902828426,2.1721193257762814,-3.3525187266695298,-2.8478101366758755,-3.888467135330889,0.5752832676430047,0.42471673235699525
combo_bear_high_T0_bear,trigger,2000-2004,20,111,1334,1,-0.4951132157301303,-0.8814545275251267,0.38887958272633194,2.855753418493102,-4.8278496138125,-4.055254467583266,-5.257387285740278,0.6215351734361207,0.37846482656387936
combo_bear_high_T0_bear,trigger,2005-2009,1,16,132,0,-0.09592865647756257,-0.049265417507934166,0.46783234126984125,0.6551874172668699,-1.070064906602266,-1.0160397610622973,-1.1082836355131978,0.6302095712510531,0.36979042874894674
combo_bear_high_T0_bear,trigger,2005-2009,5,16,132,0,-0.14064495153821732,-0.5211172815224736,0.3807043650793651,1.6207162146335312,-2.2286090814994353,-1.8709186108606055,-2.4759391946465246,0.617080239332306,0.38291976066769395
combo_bear_high_T0_bear,trigger,2005-2009,10,16,132,0,-0.4632651390663332,-0.44793292234933163,0.39521329365079366,1.8191112995896,-2.7757124436860963,-2.511273296834317,-3.2122850036723976,0.6138974779117932,0.38610252208820695
combo_bear_high_T0_bear,trigger,2005-2009,20,16,132,0,-0.8042500406117656,-1.1999868351348324,0.3250496031746032,2.529031089035231,-4.15403411956853,-3.5622495776421124,-4.788289063802954,0.6680877204441388,0.3319122795558612
combo_bear_high_T0_bear,trigger,2010-2014,1,13,91,0,0.08552857922639807,-0.07205977287604252,0.490018315018315,0.742360817654181,-1.0436731773039338,-0.8883162099633424,-1.1755118465899144,0.5123182373468667,0.4876817626531333
combo_bear_high_T0_bear,trigger,2010-2014,5,13,91,0,0.18088440909453846,-0.38827148183886295,0.43543956043956045,1.8204719518407873,-2.1992475672397758,-1.9208618774508175,-2.342200859627226,0.5081113205804488,0.49188867941955117
combo_bear_high_T0_bear,trigger,2010-2014,10,13,91,0,0.4914759019059665,-0.1353903020434179,0.4682234432234432,2.695605960771449,-2.9458357262573522,-2.8806270654707937,-3.011044387043911,0.4723246725272664,0.5276753274727337
combo_bear_high_T0_bear,trigger,2010-2014,20,13,91,0,1.8895449008992433,-0.23161448930087217,0.4566849816849816,4.302588558122698,-3.0765488112828248,-2.971960826240168,-3.339284329119155,0.42487124930951825,0.5751287506904817
combo_bear_high_T0_bear,trigger,2015-2019,1,13,91,0,0.10754124177609335,0.2592318995160184,0.5607753357753358,0.7267175224220451,-0.9800351253945389,-0.7809101722802746,-1.127433687924746,0.3277272066928762,0.6722727933071238
combo_bear_high_T0_bear,trigger,2015-2019,5,13,91,0,0.2292749645821657,0.05784889477763369,0.4628815628815629,1.6358234090126718,-1.9577060160326807,-1.7502915227656974,-2.165120509299664,0.3844470101849581,0.6155529898150419
combo_bear_high_T0_bear,trigger,2015-2019,10,13,91,0,0.30486839754935513,0.17667144796711215,0.5062271062271062,2.07506154181923,-2.552881507389944,-2.3133501717883416,-2.7924128429915465,0.4325929003460284,0.5674070996539715
combo_bear_high_T0_bear,trigger,2015-2019,20,13,91,0,0.15693088243514938,0.2751161144803963,0.49706959706959714,3.10413491457366,-3.717175274006439,-3.354890825875204,-4.079459722137674,0.4527230271929606,0.5472769728070392
combo_bear_high_T0_bear,trigger,ALL,1,157,1680,1,-0.022238270685456956,-0.06834975922835973,0.46618700857795925,0.7368187461803211,-1.1304566563074712,-0.9418731964613061,-1.3690640737929518,0.4828313999380189,0.5171686000619811
combo_bear_high_T0_bear,trigger,ALL,5,157,1680,1,-0.07141351044540635,-0.37009546123407944,0.41836639556710153,1.6249397237793042,-2.4871111229402962,-2.1361486060155377,-2.7497310808025004,0.5482396733067474,0.451760326693253
combo_bear_high_T0_bear,trigger,ALL,10,157,1678,1,-0.11372639542225177,-0.4267377572816132,0.42396839251318563,2.156933196139117,-3.221102368784816,-2.8003486790837107,-3.7124332309416967,0.5553739488136289,0.44462605118637094
combo_bear_high_T0_bear,trigger,ALL,20,157,1676,1,-0.23451880336535197,-0.7445425901421834,0.4029860400369264,2.952382803230179,-4.521803351232779,-3.8921174360374557,-5.072688245485664,0.6034779966359256,0.39652200336407456
combo_bear_high_T1_bear,trigger,2000-2004,1,123,1539,1,0.013832044916928594,-0.025837593265093797,0.4731604484748065,0.6768090318130163,-1.0170990679727652,-0.855729847266093,-1.2316250548523147,0.5031209148973822,0.4968790851026179
combo_bear_high_T1_bear,trigger,2000-2004,5,123,1539,1,-0.08638410008543561,-0.34253730599017873,0.42737136738688825,1.5636916225645656,-2.3849957600726612,-1.9567315267764882,-2.8248199090164676,0.5574522589446361,0.4425477410553638
combo_bear_high_T1_bear,trigger,2000-2004,10,123,1539,1,-0.21830737462514763,-0.5221420880790161,0.40287649767083533,1.9868675118740249,-3.2233889889064113,-2.731541766875421,-3.8420190440857542,0.5959985922296797,0.40400140777032023
combo_bear_high_T1_bear,trigger,2000-2004,20,123,1535,1,-0.3837851147884971,-0.6629555829556895,0.39390191454116114,2.742513608797467,-4.524715086868597,-3.874669272721839,-5.26577135085711,0.5754544084000772,0.4245455915999229
combo_bear_high_T1_bear,trigger,2005-2009,1,19,185,0,-0.03626364467477811,0.0462520188513938,0.48630915867757973,0.706703303796334,-1.0810976556495249,-0.9308985351641279,-1.2722404949773694,0.531999013472302,0.4680009865276979
combo_bear_high_T1_bear,trigger,2005-2009,5,19,185,0,-0.18061636200309392,-0.09340755427973761,0.448609577556946,1.3687823924181108,-2.3987130431723256,-1.7822957824506,-2.9232880223928466,0.5088081702078288,0.49119182979217124
combo_bear_high_T1_bear,trigger,2005-2009,10,19,185,0,-0.37023692194306096,-0.8391282169332763,0.3698867652815021,1.9649693581488223,-3.2388998731099514,-2.6558229642278004,-3.7566730504366057,0.5730133508977341,0.42698664910226586
combo_bear_high_T1_bear,trigger,2005-2009,20,19,185,0,-0.6303948280485021,-0.5821902549876179,0.3869834843519054,2.585578480904159,-4.450905305958519,-3.7094140978732497,-5.188938642206517,0.6289789153359816,0.3710210846640183
combo_bear_high_T1_bear,trigger,2010-2014,1,15,132,0,0.061529222436805274,-0.05417643777604946,0.5064204314204315,0.7169728901134818,-0.965114968758833,-0.7932648789914746,-1.0419491478058143,0.4897146998413597,0.5102853001586402
combo_bear_high_T1_bear,trigger,2010-2014,5,15,132,0,0.35785702272631936,-0.08421426555081016,0.4956654456654457,1.7744141865730194,-2.287332656145333,-1.9152205464271153,-2.4978898001476537,0.43829915631215605,0.5617008436878439
combo_bear_high_T1_bear,trigger,2010-2014,10,15,132,0,0.36097009088785675,-0.15725500510557594,0.47795075295075296,2.3025392421387068,-3.318493857682333,-2.6275178406663424,-3.6764051263192075,0.4801240988449749,0.5198759011550251
combo_bear_high_T1_bear,trigger,2010-2014,20,15,132,0,0.2747720007088085,-0.24753716437081702,0.44550264550264546,2.8345333429146664,-3.9427367917070995,-3.025572478117228,-4.284437368838635,0.4733051072441726,0.5266948927558274
combo_bear_high_T1_bear,trigger,2015-2019,1,15,112,0,0.16495230394467145,0.04222185054633889,0.5767604617604618,0.7742194791865863,-0.8054047494359634,-0.6790891644143566,-0.9033443879281609,0.385937475740814,0.6140625242591862
combo_bear_high_T1_bear,trigger,2015-2019,5,15,112,0,0.38327555366891025,-0.1075691354906433,0.4796103896103896,1.720985987619667,-1.9963262370009944,-1.944065208627137,-2.085291396077878,0.40409757456990814,0.5959024254300916
combo_bear_high_T1_bear,trigger,2015-2019,10,15,112,0,0.3796909709932939,0.19095434885049134,0.5019913419913419,2.3746449917624353,-2.6800059789750295,-2.357940079830484,-3.0529848338415926,0.44700777231704275,0.5529922276829572
combo_bear_high_T1_bear,trigger,2015-2019,20,15,112,0,0.2850412096415072,-0.31682862119476485,0.4399350649350649,2.9981944073249283,-3.9359984778485364,-3.1816283411358572,-4.779270650944367,0.43719674219658267,0.5628032578034174
combo_bear_high_T1_bear,trigger,ALL,1,174,1995,1,0.036643346626860876,-0.023548947115003174,0.49185261104034683,0.694384387127763,-1.0026387836187238,-0.8276756232437839,-1.2244887173220498,0.4990700066903695,0.5009299933096304
combo_bear_high_T1_bear,trigger,ALL,5,174,1995,1,-0.010064523896991938,-0.28120024178139474,0.4404097842138593,1.576072132626049,-2.327349876256238,-1.9395688668704327,-2.7425217866451588,0.5342331052669957,0.4657668947330042
combo_bear_high_T1_bear,trigger,ALL,10,174,1995,1,-0.13669982003545877,-0.47834081387988736,0.4160180366916202,2.0395925128995147,-3.2190335870756543,-2.691732908192508,-3.7317208024446833,0.5748708817638157,0.42512911823618427
combo_bear_high_T1_bear,trigger,ALL,20,174,1991,1,-0.30986953689472574,-0.6307425214319916,0.3984062035132572,2.7493695871539687,-4.403267149580749,-3.684387662994298,-5.044506451340128,0.5733632113550284,0.4266367886449716
combo_bear_high_T2_bear,trigger,2000-2004,1,34,215,1,-0.06987853750017375,-0.11232252741584815,0.4582633053221288,0.6217998263677404,-0.945453355758027,-0.7963390297784058,-1.009316908643811,0.5794744165403105,0.4205255834596894
combo_bear_high_T2_bear,trigger,2000-2004,5,34,215,1,-0.22801906276593129,-0.31775824199481034,0.3953548085901027,1.452007738117128,-1.804751870506402,-1.7154692756228425,-1.9743832415303895,0.596608584598424,0.403391415401576
combo_bear_high_T2_bear,trigger,2000-2004,10,34,215,1,-0.16368606539395641,-0.49235885190141393,0.4404995331465919,1.9580183883468947,-2.850135406613697,-2.622937789559318,-3.0406732445160323,0.6152348420801468,0.3847651579198532
combo_bear_high_T2_bear,trigger,2000-2004,20,34,215,1,-0.5566333394322198,-0.7117632691381672,0.37505835667600373,2.680227038389308,-3.779103145220624,-3.3935773122353714,-4.273490296779023,0.6080120691478903,0.3919879308521097
combo_bear_high_T2_bear,trigger,2005-2009,1,1,7,0,-0.20717372918999763,-0.1998164926598157,0.42857142857142855,0.5322136930717687,-1.178078381707922,-0.9765643963796078,-1.379592367036236,0.6946339711726098,0.3053660288273902
combo_bear_high_T2_bear,trigger,2005-2009,5,1,7,0,0.5626030567298447,0.38305879070140236,0.7142857142857143,0.6503791651692844,-0.17466597343736406,-0.1430792979348473,-0.20625264893988085,0.06748071981717994,0.9325192801828202
combo_bear_high_T2_bear,trigger,2005-2009,10,1,7,0,0.9705655440835302,0.402558783662601,0.7142857142857143,1.867879430867778,-2.0166950710811067,-1.347101417268097,-2.6862887248941165,0.24019587987201463,0.7598041201279853
combo_bear_high_T2_bear,trigger,2005-2009,20,1,7,0,1.7971448480069554,1.6892202730896586,0.7142857142857143,2.804077002206179,-2.2169600485568157,-1.534716880494552,-2.8992032166190795,0.17954787857234186,0.820452121427658
combo_bear_high_T2_bear,trigger,2010-2014,1,1,5,0,-0.5976327887275464,-0.6054483101282345,0.2,0.6538713602042517,-1.5918820460918564,-1.3661578935252063,-1.8176061986585064,0.956995691431463,0.04300430856853705
combo_bear_high_T2_bear,trigger,2010-2014,5,1,5,0,-0.6981908344645958,-0.21400734301856006,0.4,1.0922724129849033,-2.780282265205006,-2.3474776802700648,-3.213086850139948,0.819604718641853,0.18039528135814703
combo_bear_high_T2_bear,trigger,2010-2014,10,1,5,0,-1.2734506772744945,-1.0123329607799485,0.2,1.4710671921444798,-3.227505686185146,-2.8692705207266735,-3.5857408516436178,0.9328322608493819,0.06716773915061813
combo_bear_high_T2_bear,trigger,2010-2014,20,1,5,0,-0.41116867852830535,-0.9929759969640756,0.4,2.375197318744554,-4.108983612513382,-3.3606408695771517,-4.857326355449612,0.586554635962968,0.4134453640370319
combo_bear_high_T2_bear,trigger,2015-2019,1,1,5,0,-0.7531170292628818,-1.0923407609556908,0.0,0.7531170292628818,-1.1845950003652435,-1.1713786284145762,-1.197811372315911,1.0,0.0
combo_bear_high_T2_bear,trigger,2015-2019,5,1,5,0,0.4437881528567928,1.14502357025319,0.6,1.1683156324485657,-1.098498830982637,-0.9699391766540228,-1.227058485311251,0.31007351929088806,0.689926480709112
combo_bear_high_T2_bear,trigger,2015-2019,10,1,5,0,1.268037763505316,0.6599196522853492,0.8,1.4176724334582214,-0.29818490113997337,-0.22228312739768397,-0.37408667488226277,0.05277476884695129,0.9472252311530487
combo_bear_high_T2_bear,trigger,2015-2019,20,1,5,0,0.9192586101642817,0.8728899586547552,0.6,1.57048227988075,-1.2084530950252077,-0.9455040897721261,-1.4714021002782895,0.20733238383495706,0.792667616165043
combo_bear_high_T2_bear,trigger,ALL,1,37,232,1,-0.106318751950982,-0.15859145713558379,0.4380952380952381,0.6237944913254615,-1.0156021015029446,-0.8413871137095492,-1.0837644598694718,0.6098679156189817,0.39013208438101843
combo_bear_high_T2_bear,trigger,ALL,5,37,232,1,-0.20120129078161142,-0.20032952416568497,0.4096310596310596,1.4129521704482464,-1.7608967192179494,-1.6746306111653682,-1.9612004267043115,0.5946518455529796,0.40534815444702055
combo_bear_high_T2_bear,trigger,ALL,10,37,232,1,-0.1243290160291937,-0.4817563748710937,0.45111540111540105,1.927817412439592,-2.8136947444891485,-2.507744991337231,-2.932753071680248,0.6054742670367588,0.39452573296324117
combo_bear_high_T2_bear,trigger,ALL,20,37,232,1,-0.44919726381223096,-0.7070934019847733,0.390980265980266,2.6453371866504862,-3.7615792128433774,-3.3606408695771517,-4.242359638929815,0.5954722232832037,0.4045277767167962
combo_bear_low_T0_bear,trigger,2000-2004,1,56,383,1,-0.0012115122770827674,-0.013525359492221063,0.4839501520305092,0.6046603308907921,-0.849332958835702,-0.7366147604231439,-0.925536358714182,0.4994306289958126,0.5005693710041873
combo_bear_low_T0_bear,trigger,2000-2004,5,56,383,1,-0.1365286029963003,-0.19117839917923937,0.4527342944753659,1.4106417061025662,-2.0466104610120346,-1.895287430559169,-2.285357953639247,0.5541094384318721,0.445890561568128
combo_bear_low_T0_bear,trigger,2000-2004,10,56,383,1,0.07074581419765637,-0.3070957963445212,0.48924996134817567,1.9850338405573937,-2.8178584663485546,-2.411877103619842,-2.9980082327461792,0.5259974728415997,0.4740025271584004
combo_bear_low_T0_bear,trigger,2000-2004,20,56,383,1,-0.09804182687049567,-0.5356627684502391,0.466978780148423,2.564819299597486,-3.339570034982509,-2.9258891195383345,-3.8549970490041927,0.5282168485940715,0.47178315140592847
combo_bear_low_T0_bear,trigger,2005-2009,1,7,43,0,0.034895186025079364,-0.059062731095420026,0.49523809523809526,0.6499243749694207,-0.7804333765584243,-0.7010828233886506,-0.859783929728198,0.4552326879137997,0.5447673120862002
combo_bear_low_T0_bear,trigger,2005-2009,5,7,43,0,-0.21772991230645294,-0.36731630984790065,0.42857142857142855,1.326990537105727,-1.8881267755747448,-1.643192782747358,-2.1599256427194127,0.7066537740876184,0.29334622591238174
combo_bear_low_T0_bear,trigger,2005-2009,10,7,42,0,-0.1713222380525019,-0.644785434010817,0.4142857142857143,1.67358805169867,-2.3898970653718585,-2.2687424600861865,-2.6034246150515727,0.615980624283401,0.38401937571659917
combo_bear_low_T0_bear,trigger,2005-2009,20,7,42,0,0.011184184620539892,0.32116918816866236,0.4619047619047619,2.986764403397727,-3.722190393058939,-3.5125517316230246,-4.049208765109949,0.5094483084127845,0.4905516915872155
combo_bear_low_T0_bear,trigger,2010-2014,1,5,32,0,0.0768515819799501,0.11208989440462248,0.48047619047619045,0.5134017432225247,-0.7982553466448705,-0.670391704710519,-0.8350192317704601,0.3933239225368798,0.6066760774631201
combo_bear_low_T0_bear,trigger,2010-2014,5,5,32,0,-0.27463963663435625,-0.3786960886862008,0.4002380952380952,1.0055442304575186,-1.5274488862910105,-1.415420169410734,-1.8649828984835826,0.615359853342501,0.38464014665749896
combo_bear_low_T0_bear,trigger,2010-2014,10,5,32,0,-0.2291056187327607,-1.2596005424717234,0.39904761904761904,2.35789223691817,-3.5045573086264046,-3.157991258059517,-3.8511233591932927,0.530356218662267,0.4696437813377329
combo_bear_low_T0_bear,trigger,2010-2014,20,5,32,0,0.19160364557596526,-0.527775527979414,0.42404761904761906,3.4017014471016287,-4.536829072039514,-3.5759559016959366,-5.497702242383091,0.43320331883929186,0.5667966811607084
combo_bear_low_T0_bear,trigger,ALL,1,69,464,1,0.011421771822877444,-0.019629113369455428,0.4858353200744505,0.5986498997321372,-0.8155664575931144,-0.7010828233886506,-0.9118106170822977,0.46939139688627296,0.530608603113727
combo_bear_low_T0_bear,trigger,ALL,5,69,464,1,-0.14488596131920353,-0.2046431608561655,0.4525469498295585,1.3606272678674236,-2.0244007157819204,-1.7863637211143342,-2.2214043000666983,0.6020297940776275,0.3979702059223725
combo_bear_low_T0_bear,trigger,ALL,10,69,463,1,0.046533659054820584,-0.39794512757627143,0.48099237718802934,1.9709972841263723,-2.712786718114659,-2.410476227114618,-2.9671610264823385,0.5308773265665586,0.4691226734334415
combo_bear_low_T0_bear,trigger,ALL,20,69,463,1,-0.07252627081414004,-0.4975240289410182,0.4639006524876091,2.6618780109395828,-3.5961352186886284,-3.0140137232204607,-3.9681006366137876,0.5352812010069848,0.4647187989930152
combo_bear_low_T3_bear,trigger,2000-2004,1,3,16,0,-0.5550013670199504,-0.15703233928903204,0.4444444444444445,1.1790955009693922,-3.8352500251136785,-2.880546510559493,-4.789953539667864,0.6701384884340277,0.3298615115659723
combo_bear_low_T3_bear,trigger,2000-2004,5,3,16,0,-1.5011702693273863,-0.587775486880702,0.37777777777777777,2.4808688621446406,-5.2762913923517765,-4.543057368795095,-6.009525415908457,0.7830350645882344,0.21696493541176565
combo_bear_low_T3_bear,trigger,2000-2004,10,3,16,0,-1.169967957701209,-0.5535475476576139,0.4444444444444444,3.3358347509472996,-6.085590391667673,-4.962854906071435,-7.208325877263912,0.546668090800716,0.4533319091992841
combo_bear_low_T3_bear,trigger,2000-2004,20,3,16,0,-1.0455338971033459,-0.38786916184573567,0.43333333333333335,3.4177422608760395,-3.398101020873833,-3.1449382831672077,-3.651263758580458,0.5800249424483072,0.41997505755169273
combo_bear_low_T3_bear,trigger,ALL,1,14,82,0,-0.059927168987318855,0.09141194733872897,0.49430272108843537,0.650591494350078,-0.672831739860683,-0.5706238784523786,-0.7069766079611741,0.4853105028563215,0.5146894971436784
combo_bear_low_T3_bear,trigger,ALL,5,14,82,0,-0.2934541520626422,0.052648877292546276,0.4914965986394558,1.49534983080821,-1.7887027135686298,-1.6245047244676831,-2.042849536985879,0.5044614940777008,0.4955385059222991
combo_bear_low_T3_bear,trigger,ALL,10,14,82,0,-0.08524101971079258,-0.07783044979641529,0.5277210884353741,2.023961499051288,-2.1155583964819598,-1.9250231976617207,-2.5670520368663943,0.4827690750718755,0.5172309249281245
combo_bear_low_T3_bear,trigger,ALL,20,14,82,0,-0.12109010242440817,-0.5599633474771826,0.47440476190476194,2.7258347436453128,-3.1780810411076716,-2.631011762435925,-3.333922433144081,0.5209559047118694,0.4790440952881305
combo_bull_high_T0_bull,trigger,2000-2004,1,37,284,1,0.033866784819284096,0.03404612428040542,0.5117429117429118,0.4686618511841445,-0.7462248704420046,-0.6241708023500974,-0.8553896540104552,0.4808056618785325,0.5191943381214675
combo_bull_high_T0_bull,trigger,2000-2004,5,37,284,1,0.012675378992729244,0.07166465524508832,0.5413610038610039,1.2085320993788176,-1.7546453905715982,-1.4418202617252125,-1.8533576065306372,0.5256368613709466,0.4743631386290533
combo_bull_high_T0_bull,trigger,2000-2004,10,37,284,1,0.048601715573102285,0.20622132316780878,0.5318274443274443,1.668581500464493,-2.745567596607246,-1.903570654695745,-3.3393985997816644,0.520949172550519,0.4790508274494809
combo_bull_high_T0_bull,trigger,2000-2004,20,36,279,1,-0.007958970052685211,0.1838862000713929,0.5651915985249318,2.5254267769709875,-3.6470317692592595,-3.0638725702687992,-4.140547609809099,0.47066457849166027,0.5293354215083397
combo_bull_high_T0_bull,trigger,2005-2009,1,17,157,0,-0.002573457594974434,-0.05631715781907994,0.480003819709702,0.5051625174525741,-0.7491325149813342,-0.565882956048672,-0.8148620732115595,0.4896873983038989,0.5103126016961012
combo_bull_high_T0_bull,trigger,2005-2009,5,17,157,0,0.022438946294708204,-0.059153128824690454,0.4978185213479331,1.0455538924251915,-1.3586583715552711,-1.218335841128215,-1.815187018010393,0.49106759108900316,0.5089324089109969
combo_bull_high_T0_bull,trigger,2005-2009,10,17,156,0,-0.11467059991156464,-0.06515502185818971,0.4856803327391562,1.5458899701085502,-2.0365051375584167,-1.696753848991312,-2.453667640531896,0.5753774503165163,0.4246225496834836
combo_bull_high_T0_bull,trigger,2005-2009,20,17,156,0,0.08536304450713858,0.4665296865451711,0.567052881758764,2.358881605437321,-3.6810309912034374,-2.7720127089827247,-4.771934695074499,0.4587878323651876,0.5412121676348123
combo_bull_high_T0_bull,trigger,2010-2014,1,15,120,0,-0.01908374568374048,0.14302761647594206,0.566421073479897,0.5522783154029395,-0.6529649539400351,-0.632884435467163,-0.7071127731414131,0.5848575506658094,0.4151424493341907
combo_bull_high_T0_bull,trigger,2010-2014,5,15,120,0,0.05390785203702435,0.19100399605169932,0.545426817191523,1.1144121791127153,-1.4499185406287554,-1.2814768797005824,-1.755390071032993,0.46937046327236054,0.5306295367276392
combo_bull_high_T0_bull,trigger,2010-2014,10,15,120,0,0.29207757639113957,0.24552912365067142,0.49973658150128736,1.6889555771118998,-1.732659011405309,-1.0943289994308874,-2.1055680444401528,0.3637576923232179,0.6362423076767821
combo_bull_high_T0_bull,trigger,2010-2014,20,15,120,0,0.5174843519369863,0.7998516822468422,0.5589275103980987,2.288144445861191,-2.186178697308017,-2.137138711676556,-2.4934229404680806,0.3784408148903692,0.6215591851096307
combo_bull_high_T0_bull,trigger,2015-2019,1,9,52,0,0.06034406858222177,-0.0004508132386626118,0.5068783068783069,0.5494993559905715,-0.6216176383968521,-0.5555519265791191,-0.687683350214585,0.4733944560872394,0.5266055439127607
combo_bull_high_T0_bull,trigger,2015-2019,5,9,52,0,-0.18827563627287017,-0.17536155796509947,0.34391534391534395,1.0712066323878047,-1.8120044852345325,-1.448564530491916,-2.15353115038747,0.586024120242251,0.4139758797577488
combo_bull_high_T0_bull,trigger,2015-2019,10,9,52,0,-0.06581359024388522,0.044839404989491766,0.5164021164021165,1.615560920565721,-2.460647847365601,-2.336186408323452,-2.5851092864077505,0.45876705566819004,0.5412329443318099
combo_bull_high_T0_bull,trigger,2015-2019,20,9,51,0,-0.03388423136648896,0.2502659883291162,0.5523809523809523,2.4331743272686936,-3.7507829058920485,-2.9838061550173394,-4.3390137896889165,0.5610326649098184,0.43896733509018154
combo_bull_high_T0_bull,trigger,ALL,1,150,1846,1,-0.013542184287231853,0.01969710554211938,0.5165296577913349,0.4874737496308925,-0.8371094776114225,-0.6337828457139276,-1.037573549476857,0.517892943008588,0.4821070569914121
combo_bull_high_T0_bull,trigger,ALL,5,150,1846,1,-0.029871839124702912,0.006226209974479457,0.5006670071601582,1.1305340410275488,-1.9045960783341727,-1.46717380857539,-2.2570107378626623,0.4987857469673732,0.5012142530326269
combo_bull_high_T0_bull,trigger,ALL,10,150,1845,1,-0.016222688191114346,0.1592783008524422,0.5217872130196248,1.6425214759083868,-2.7200814632278063,-2.140597118860215,-3.3448531780926123,0.5039828629972691,0.496017137002731
combo_bull_high_T0_bull,trigger,ALL,20,150,1841,1,-0.007455352669061455,0.23322252519818104,0.5389838161185317,2.447417008333213,-3.903621883156844,-3.0362349858544286,-5.040282829417043,0.4939213479051995,0.5060786520948006
combo_bull_high_T1_bull,trigger,2000-2004,1,51,423,1,-0.04537889538953653,0.02376838478028917,0.5191130492601082,0.4855769325153711,-0.8641255701666718,-0.7078293159678835,-1.005230004596314,0.5446905129033028,0.4553094870966972
combo_bull_high_T1_bull,trigger,2000-2004,5,51,423,1,-0.06014289948140247,0.030000222009861514,0.4797074385309679,1.1322511497253858,-1.6847270377264945,-1.2849030045354741,-1.8857798752570967,0.5048737621794354,0.495126237820565
combo_bull_high_T1_bull,trigger,2000-2004,10,51,423,1,-0.1292739239319857,-0.09748775750331361,0.4775772430184194,1.7110140861375185,-2.6427432642841455,-2.2598567979622786,-3.0307892234637457,0.5798921782635323,0.42010782173646755
combo_bull_high_T1_bull,trigger,2000-2004,20,51,422,1,-0.17228595543158284,-0.05713896701548237,0.5031569193333899,2.490030417546406,-3.500032243821657,-3.2584040493025093,-4.019586125675424,0.541341114783526,0.4586588852164741
combo_bull_high_T1_bull,trigger,2005-2009,1,19,207,0,-0.10479110991501331,-0.07666865156296813,0.4417521075415812,0.5315240288580485,-1.0750218310319213,-0.7877179588221119,-1.1567760309461186,0.5831154243082062,0.4168845756917938
combo_bull_high_T1_bull,trigger,2005-2009,5,19,207,0,-0.011466673945530576,-0.020242865416565115,0.49233690286321863,1.1321886236061218,-1.92517575512663,-1.4053069077001334,-2.387105730107997,0.5425471254765707,0.45745287452342953
combo_bull_high_T1_bull,trigger,2005-2009,10,19,206,0,0.11372488245667724,0.18665112598294853,0.5479722032353611,1.4604299914158032,-2.2267486289033327,-1.807916826534117,-2.7570386683768566,0.49465574140796137,0.5053442585920387
combo_bull_high_T1_bull,trigger,2005-2009,20,19,205,0,-0.07138604733939484,0.5223296109412142,0.5511506037821828,2.6617095988891264,-5.005062785973175,-3.2956454374619057,-5.968941233296098,0.5360060641387968,0.46399393586120335
combo_bull_high_T1_bull,trigger,2010-2014,1,16,131,0,-0.06331766240510209,-0.05837408589430214,0.47127976190476184,0.46048245853391667,-0.6870501537430654,-0.5685532427429019,-0.8987107914913406,0.5786454609068573,0.4213545390931426
combo_bull_high_T1_bull,trigger,2010-2014,5,16,131,0,0.2973261942395961,0.40836179799688455,0.5655753968253968,1.0774245338734072,-1.5343968234556131,-1.1525824244209923,-1.8769101860783348,0.3520284274215074,0.6479715725784927
combo_bull_high_T1_bull,trigger,2010-2014,10,16,131,0,0.4012204340617035,0.6535089871467753,0.6280505952380953,1.6353701165657877,-1.6536049961157864,-1.3407928241186249,-2.3087599475321117,0.3230411404641649,0.6769588595358351
combo_bull_high_T1_bull,trigger,2010-2014,20,16,131,0,0.37907564191778065,0.9096559861765281,0.5809275793650793,2.588190072793439,-2.917709203081972,-2.137059318143664,-4.112911057082334,0.39921030814990466,0.6007896918500952
combo_bull_high_T1_bull,trigger,2015-2019,1,14,91,0,-0.09076551777128408,-0.004946883515914177,0.45946712018140584,0.5826441377641312,-0.7585439571933221,-0.6308106455779459,-0.8885810157572467,0.44226116749541533,0.5577388325045847
combo_bull_high_T1_bull,trigger,2015-2019,5,14,91,0,-0.11966691306110365,0.1579627695306875,0.4662131519274376,1.0695471493544482,-1.5107464229632765,-1.0935542608945723,-1.6899807809537535,0.519033479703908,0.4809665202960921
combo_bull_high_T1_bull,trigger,2015-2019,10,14,91,0,-0.023537279026592296,-0.33551013064512114,0.4316043083900227,1.3874514408478362,-1.5966008660613453,-1.5211552810788767,-1.6720464510438142,0.5322494642630264,0.46775053573697345
combo_bull_high_T1_bull,trigger,2015-2019,20,14,91,0,-0.0974607596040948,0.0007101649341233474,0.4573412698412698,2.1522560063742335,-2.8066586478824904,-2.5151109813779073,-3.0941876400233674,0.5466278106019469,0.4533721893980531
combo_bull_high_T1_bull,trigger,ALL,1,168,2310,1,-0.009950587113266664,-0.0003672538312349733,0.49607878278177064,0.4962088572742043,-0.8825325613517591,-0.6474693698669541,-1.0230155895148194,0.5213224807308108,0.47867751926918917
combo_bull_high_T1_bull,trigger,ALL,5,168,2310,1,-0.004949217532451737,0.1134405698832755,0.5143963220627052,1.0876607643902374,-1.9015778315981633,-1.4054777073775786,-2.4200025455567165,0.49828835810593186,0.501711641894068
combo_bull_high_T1_bull,trigger,ALL,10,168,2308,1,0.05839333407686855,0.09586852535027252,0.5284178683042571,1.5685616286750559,-2.4934034601626793,-1.9646673493569642,-3.21674913715282,0.484991722378282,0.5150082776217181
combo_bull_high_T1_bull,trigger,ALL,20,168,2304,1,0.02118135266080551,0.3134398115843374,0.5352010179276906,2.4587045769634424,-4.047101622943484,-2.9600906459769423,-4.957283306718429,0.491281378484586,0.508718621515414
combo_bull_high_T2_bull,trigger,2000-2004,1,8,45,0,-0.009060257938472725,0.15214164226780466,0.6934523809523809,0.44656877950628604,-0.5510977865288833,-0.42965427346648255,-0.642209538059378,0.4431882744794332,0.5568117255205667
combo_bull_high_T2_bull,trigger,2000-2004,5,8,45,0,-0.18275928390198837,0.30985445600572314,0.5297619047619048,1.4358186647212243,-1.9192239339076576,-1.7019818090627248,-2.1364660587525903,0.5839201540953065,0.4160798459046935
combo_bull_high_T2_bull,trigger,2000-2004,10,8,45,0,-0.39060065027508956,0.3543413054543836,0.5363095238095238,2.1708696100883893,-2.7145295771231037,-2.590749067566137,-3.004977401024553,0.5863725905821496,0.41362740941785037
combo_bull_high_T2_bull,trigger,2000-2004,20,8,45,0,-0.6968081504707135,0.2496124312406828,0.575,3.641647649983708,-4.2409676757115085,-3.914879239069724,-4.567056112353292,0.4874273741894526,0.5125726258105474
combo_bull_high_T2_bull,trigger,2005-2009,1,1,6,0,-0.49605046461599556,-0.5232572575956125,0.3333333333333333,0.5661424535575229,-1.2123583186648041,-1.0700321196646652,-1.3546845176649434,0.9380968619284038,0.06190313807159636
combo_bull_high_T2_bull,trigger,2005-2009,5,1,6,0,-1.518494196564444,-1.393704714415695,0.3333333333333333,2.144020752740445,-4.502389468872357,-4.100067709541639,-4.904711228203076,0.8541230173783381,0.14587698262166193
combo_bull_high_T2_bull,trigger,2005-2009,10,1,6,0,-1.2263130650869136,-1.7014839796728667,0.16666666666666666,3.245333775554085,-5.472204296774367,-4.782295132809448,-6.1621134607392865,0.6889348137816027,0.3110651862183972
combo_bull_high_T2_bull,trigger,2005-2009,20,1,6,0,-2.7096908806456614,-4.1524989516828335,0.16666666666666666,5.012730946038156,-7.5559269586612094,-7.426429992868025,-7.685423924454394,0.7702809017495027,0.2297190982504972
combo_bull_high_T2_bull,trigger,2010-2014,1,1,5,0,0.3754133975903433,0.5182896204913419,0.6,0.5943522005842181,-0.42395037428377647,-0.3237657939228211,-0.5241349546447318,0.1841827142043632,0.815817285795637
combo_bull_high_T2_bull,trigger,2010-2014,5,1,5,0,0.5588980917827845,1.1778040404396033,0.6,1.317938291779344,-1.008819268074406,-0.9688065893552682,-1.0488319467935436,0.28796499985283147,0.7120350001471686
combo_bull_high_T2_bull,trigger,2010-2014,10,1,5,0,0.39216232984292254,0.44125502804495126,0.6,1.4575184614094758,-1.5427199966356293,-1.402036775184004,-1.6834032180872547,0.3654691723548782,0.6345308276451217
combo_bull_high_T2_bull,trigger,2010-2014,20,1,5,0,0.5973230844582836,1.2241810036727525,0.8,2.030852973477357,-2.789749169912969,-1.9956736172782557,-3.5838247225476825,0.3529378807182903,0.6470621192817095
combo_bull_high_T2_bull,trigger,2015-2019,1,1,5,0,0.3560687091661532,0.09337767837749485,0.6,0.4650925846809583,-0.13750315844156819,-0.13668761574286034,-0.138318701140276,0.11720663702861737,0.8827933629713828
combo_bull_high_T2_bull,trigger,2015-2019,5,1,5,0,1.0999072313230847,1.0285132559668968,0.8,1.114870947114571,0.1295356953356325,0.2964806801499816,-0.037409289478716586,0.006710963197226839,0.9932890368027733
combo_bull_high_T2_bull,trigger,2015-2019,10,1,5,0,0.8615648143625474,0.8212621325934023,0.6,1.9551355304947429,-1.4489516360584207,-1.3942928087963027,-1.5036104633205387,0.27966621727125723,0.7203337827287426
combo_bull_high_T2_bull,trigger,2015-2019,20,1,5,0,1.660724633861852,2.148487471882153,0.8,1.803421055442844,-0.008586853060614852,0.3395673478312501,-0.3567410539524798,0.039562702550889235,0.9604372974491107
combo_bull_high_T2_bull,trigger,ALL,1,48,316,1,0.027408358737224196,0.05029184002244386,0.5383560305435305,0.4635757452005597,-0.691301443006786,-0.5787135942497379,-0.7547050083326858,0.4734110083576456,0.5265889916423543
combo_bull_high_T2_bull,trigger,ALL,5,48,316,1,0.03994281606401555,0.12476265303854035,0.531337932900433,1.1606358305184044,-1.2374094807235565,-1.0680905992266372,-1.4229993646329218,0.4337712167359416,0.5662287832640583
combo_bull_high_T2_bull,trigger,ALL,10,48,316,1,0.0325454682735359,0.34557180587327924,0.5499060545935547,1.641517955612264,-2.045996033482404,-1.7689266612024697,-2.3850272640236714,0.48875603705078463,0.5112439629492154
combo_bull_high_T2_bull,trigger,ALL,20,48,316,1,0.1049663121220595,0.5702680460774006,0.5645893458393457,2.375278324821501,-2.995229688636984,-2.6612364047563073,-3.521566004141771,0.4765669604814407,0.5234330395185594
combo_bull_low_T0_bull,trigger,2000-2004,1,34,257,1,0.07363250899105699,0.1174534500544829,0.589104359692595,0.48034742979738543,-0.6026647132832825,-0.468280046432734,-0.7398019422412925,0.3925394773396176,0.6074605226603824
combo_bull_low_T0_bull,trigger,2000-2004,5,34,256,1,0.04006513333744757,0.13938111706587178,0.5316014867485456,1.1649589309429687,-1.5376526480231325,-1.3938262485396269,-1.9045374411940492,0.45854517036901055,0.5414548296309893
combo_bull_low_T0_bull,trigger,2000-2004,10,34,256,1,0.04719100742106904,0.2688211811877384,0.557353838971486,1.6680165421735604,-2.456402649051925,-1.7648769066905348,-3.072676777579116,0.4420512226533473,0.5579487773466527
combo_bull_low_T0_bull,trigger,2000-2004,20,34,256,1,0.18002083985181624,0.46544590850746725,0.6026170724700136,2.668267413684826,-3.7082024769764668,-3.048012584340116,-4.342335922267443,0.4811568741643094,0.5188431258356905
combo_bull_low_T0_bull,trigger,2005-2009,1,13,94,0,-0.06440326604857409,-0.057331160201078785,0.46433054125361817,0.5005392260962813,-0.7835449947331906,-0.6122523160102128,-0.9060826744913987,0.47396400953661494,0.526035990463385
combo_bull_low_T0_bull,trigger,2005-2009,5,13,94,0,-0.09802607062301825,-0.040754511127647795,0.4416762724455033,1.1631906052535161,-1.6439192029022072,-1.5572283705639118,-1.7306100352405025,0.5686703330564075,0.4313296669435926
combo_bull_low_T0_bull,trigger,2005-2009,10,13,93,0,-0.4161050837932137,-0.19734657037052708,0.46955736571121187,1.6819977625878875,-3.2285206329958074,-2.7318736460470188,-3.6711879544632624,0.7011197564789222,0.2988802435210778
combo_bull_low_T0_bull,trigger,2005-2009,20,13,93,0,-0.411321682776671,-0.05457507201449441,0.5448090371167296,2.439091631781942,-4.463781915179856,-3.551355160664145,-5.317521461376535,0.5163476488554107,0.48365235114458927
combo_bull_low_T0_bull,trigger,2010-2014,1,5,35,0,0.15549294214149129,0.09411670952694191,0.548138528138528,0.5509140858766639,-0.9533305245760242,-0.7419373218441216,-1.1332270564223987,0.36240247575788015,0.63759752424212
combo_bull_low_T0_bull,trigger,2010-2014,5,5,35,0,0.17346287440042032,0.7181194316926941,0.4791341991341991,1.2059707534103192,-1.3242483420157463,-1.2644276160707753,-1.3840690679607175,0.44947501209596347,0.5505249879040366
combo_bull_low_T0_bull,trigger,2010-2014,10,5,35,0,-0.04918923715382704,0.046863715470135785,0.49064935064935067,1.6432377753444638,-2.0470690867321184,-1.7983486834731954,-2.295789489991041,0.4767962224875871,0.523203777512413
combo_bull_low_T0_bull,trigger,2010-2014,20,5,35,0,-0.4788018356385291,-0.4783867778576231,0.48692640692640693,2.6865983062074434,-4.048795591080911,-3.0281705290241323,-5.06942065313769,0.614694946204327,0.3853050537956731
combo_bull_low_T0_bull,trigger,2015-2019,1,1,5,0,0.21992700968212509,0.7595323668899164,0.6,0.8301904018021495,-0.9293472788533463,-0.8183352530511359,-1.0403593046555568,0.3675442349100189,0.6324557650899811
combo_bull_low_T0_bull,trigger,2015-2019,5,1,5,0,0.8863942632383554,0.6310508847490464,0.6,2.3107282431543466,-2.475492349334532,-2.0121090997081703,-2.9388755989608937,0.30820023603720076,0.6917997639627994
combo_bull_low_T0_bull,trigger,2015-2019,10,1,5,0,0.39982248966617806,-1.3199097002017588,0.4,2.8087539021560346,-2.3734761271947638,-2.358631652739215,-2.388320601650312,0.42882564589242417,0.5711743541075759
combo_bull_low_T0_bull,trigger,2015-2019,20,1,5,0,0.32585856666584834,0.6764912229580103,0.6,2.639547647977166,-2.958509152689344,-2.9142439519892127,-3.0027743533894755,0.4382737858671405,0.5617262141328595
combo_bull_low_T0_bull,trigger,ALL,1,128,1409,1,0.0064559518027765325,0.013722250181325966,0.5091963581895615,0.49207284854237476,-0.7993845326265352,-0.6302777544919304,-0.963796273274542,0.47163468556225463,0.5283653144377454
combo_bull_low_T0_bull,trigger,ALL,5,127,1403,1,-0.0058070741520003365,0.09881842231653862,0.5183234071157329,1.1781549497537078,-1.8110543615969479,-1.4743707987588757,-2.212625664702973,0.48895852371893767,0.5110414762810624
combo_bull_low_T0_bull,trigger,ALL,10,127,1401,1,0.0037118327688268494,0.044210412659661684,0.5291309126896387,1.7394733953690624,-2.623386310052441,-2.067071709089132,-3.1880058993033136,0.4829623983020705,0.5170376016979294
combo_bull_low_T0_bull,trigger,ALL,20,127,1400,1,0.05177702168330705,0.40088545794537755,0.5636603816740211,2.5163971877484905,-3.8718696967104207,-3.028248791537644,-4.6959220781533695,0.47175119288267675,0.5282488071173231
combo_bull_low_T1_bull,trigger,2000-2004,1,4,31,0,-0.0209184796172113,0.06708016970660363,0.5817460317460317,0.43395267341342403,-0.7426124980508974,-0.5690728960326773,-0.9161521000691175,0.48647702138126603,0.5135229786187339
combo_bull_low_T1_bull,trigger,2000-2004,5,4,31,0,0.054777743608873886,0.43259021842688616,0.5702380952380952,1.1777108507513836,-2.287623498378573,-1.2671756085865926,-2.7595307549107373,0.45246888476346725,0.5475311152365328
combo_bull_low_T1_bull,trigger,2000-2004,10,4,31,0,0.5344581921035781,0.7663575561009958,0.6781746031746031,2.12058505300261,-1.807024794115135,-1.0454622868287504,-2.5685873014015193,0.19633486164302633,0.8036651383569737
combo_bull_low_T1_bull,trigger,2000-2004,20,4,31,0,0.7141053492794451,1.1365447703973195,0.7059523809523809,3.0481947289822937,-3.6999778147296296,-2.527466148359073,-5.398261117591344,0.2889277661861915,0.7110722338138085
combo_bull_low_T1_bull,trigger,2005-2009,1,1,5,0,-0.1582881729192295,0.09849772206633052,0.6,0.5657027764141166,-1.2778262227051835,-1.0292678653461829,-1.5263845800641842,0.63990400924191,0.3600959907580899
combo_bull_low_T1_bull,trigger,2005-2009,5,1,5,0,-0.19624286060829138,0.6916720588639381,0.6,1.1708724260937053,-2.711768549144646,-2.0431855886332126,-3.3803515096560797,0.5838019822804273,0.4161980177195726
combo_bull_low_T1_bull,trigger,2005-2009,10,1,5,0,0.48039357298931773,0.5054301965822321,0.6,1.0707563509879452,-0.8308844585742459,-0.7689304678569382,-0.8928384492915535,0.27567559018161447,0.7243244098183854
combo_bull_low_T1_bull,trigger,2005-2009,20,1,5,0,1.6990713688619692,1.8285075668607955,1.0,1.6990713688619692,0.9942202369297992,0.9974694244729837,0.9909710493866146,0.0,1.0
combo_bull_low_T1_bull,trigger,ALL,1,24,169,0,-0.02314986388647799,-0.044619039936182936,0.4951566951566952,0.4925274411543959,-0.8548887074836486,-0.6448502131256701,-0.8948930637717807,0.5482086778298518,0.4517913221701481
combo_bull_low_T1_bull,trigger,ALL,5,24,169,0,0.022119626856953938,0.16306543380902633,0.5037851037851038,1.1092151907416183,-1.892908573760183,-1.3974300510461557,-2.1688389475178225,0.4573288132639415,0.5426711867360585
combo_bull_low_T1_bull,trigger,ALL,10,24,169,0,0.08648425561120328,0.46607630766771635,0.5761065323565323,1.5679330389895807,-2.2163130691798028,-1.7527518414582,-2.7372964729484766,0.3995079339946093,0.6004920660053907
combo_bull_low_T1_bull,trigger,ALL,20,24,169,0,0.3166379777854864,0.7438651509876799,0.6342083842083842,2.3222789594002755,-3.395994511581418,-2.2348053595233424,-3.9944061659450503,0.376526147048886,0.623473852951114
combo_bull_low_T2_bull,trigger,ALL,1,16,92,0,-0.3079630697933497,-0.052755699412593,0.4258928571428572,0.6550998316156005,-0.9984918320417124,-0.9477968824224616,-1.1152071685095288,0.7392639044590088,0.2607360955409912
combo_bull_low_T2_bull,trigger,ALL,5,16,92,0,-0.18779557540507869,0.0019456279512449492,0.4617559523809524,1.3831124930287504,-2.0568953672403048,-1.7068082796320565,-2.395921261880422,0.5331350455277113,0.4668649544722886
combo_bull_low_T2_bull,trigger,ALL,10,16,92,0,0.19321847952558016,0.2584894392228166,0.6084821428571429,1.516558497144664,-2.282968680097392,-1.8177902206066434,-2.859585824518831,0.44605215234076045,0.5539478476592394
combo_bull_low_T2_bull,trigger,ALL,20,16,91,0,0.22344591893936477,0.8186005956812383,0.6095238095238095,2.348771362626213,-2.8306213787618715,-2.6096568827282747,-3.0515858747954683,0.43564616447161286,0.5643538355283872
descriptive_T0_bear,trigger,2000-2004,1,154,27730,1,-0.01614935675183267,-0.03984516880942237,0.4676229091640535,0.6584975948445948,-1.3134703343671388,-1.0020792178354383,-1.7984068620017233,0.5193621012855489,0.48063789871445106
descriptive_T0_bear,trigger,2000-2004,5,154,27713,1,-0.07427746886407392,-0.1755239408508681,0.4496798078667666,1.4318076346388489,-2.8071687244867802,-2.1935217870887156,-3.7123603164131658,0.5292406078304905,0.47075939216950935
descriptive_T0_bear,trigger,2000-2004,10,154,27685,1,-0.14328837553205534,-0.3173161829154475,0.43970651240892866,2.012733074366048,-3.9773849999275264,-3.1402772397588823,-5.11684819635343,0.5363045760981451,0.46369542390185503
descriptive_T0_bear,trigger,2000-2004,20,154,27656,1,-0.3180739305931021,-0.5550178335266582,0.4206412532292986,2.821237675470108,-5.601800704042741,-4.507279956737808,-7.053706130646059,0.5581628099750187,0.4418371900249814
descriptive_T0_bear,trigger,2005-2009,1,39,4710,1,-0.0032094628506064106,-0.004831354991833137,0.4766814871616465,0.6443551968333199,-1.2422083656473653,-0.9619200654314263,-1.7472611514679501,0.5136790464469936,0.48632095355300636
descriptive_T0_bear,trigger,2005-2009,5,39,4705,1,-0.07120978210910442,-0.18638866437693252,0.4430991857974724,1.431181514344416,-2.8742870248936554,-2.1360330073290505,-3.7046522953431418,0.5289787274409861,0.47102127255901377
descriptive_T0_bear,trigger,2005-2009,10,39,4703,1,-0.15814103719270087,-0.34876876759531894,0.4381490722057717,2.0479265898579544,-3.872334441733457,-3.223163151871619,-5.090786861108832,0.5434971433876395,0.45650285661236045
descriptive_T0_bear,trigger,2005-2009,20,39,4698,1,-0.2772802368191838,-0.628530996625449,0.42728407795247475,2.889099749031734,-5.651032391582659,-4.396340900174485,-7.345200590105672,0.5614160360562616,0.4385839639437386
descriptive_T0_bear,trigger,2010-2014,1,30,2532,1,0.009545761988440288,-0.022653547307972498,0.47524841393137157,0.6665398827603091,-1.2163689196908554,-0.9659163792369789,-1.6484479593862638,0.5001297911219693,0.4998702088780308
descriptive_T0_bear,trigger,2010-2014,5,30,2531,1,-0.08142230373269593,-0.28467825769593813,0.4409811196234782,1.4601572970381336,-2.720650892354022,-2.191187223395388,-3.6132915678512285,0.5354773345037793,0.4645226654962207
descriptive_T0_bear,trigger,2010-2014,10,30,2528,1,-0.1216516489743335,-0.38504793842395685,0.4332704337134418,2.0751842408137358,-3.7665356951766604,-2.991577445286076,-4.988738766791267,0.5657184829291506,0.4342815170708493
descriptive_T0_bear,trigger,2010-2014,20,30,2521,1,-0.16728450731175773,-0.5002405336052353,0.43033604378962464,2.896683855476468,-5.461062901045481,-4.304694680833425,-7.0004698925292335,0.547480028093111,0.4525199719068892
descriptive_T0_bear,trigger,2015-2019,1,57,3484,1,0.0026489690796584514,0.0,0.4818268500818626,0.6881477225654362,-1.1677202449319446,-0.9861920132072404,-1.5652489343625628,0.5032562725816908,0.496743727418309
descriptive_T0_bear,trigger,2015-2019,5,57,3477,1,0.021764621994608473,-0.07926269208070971,0.4658289344017979,1.5135519399604749,-2.768737512634763,-2.11274342724996,-3.5548487152376063,0.49422104649935705,0.5057789535006428
descriptive_T0_bear,trigger,2015-2019,10,57,3474,1,0.0021855906647748583,-0.29365490572506575,0.443073926241256,2.1365463773867277,-3.762162568541485,-3.141227955537275,-4.767923805833976,0.5065087639895648,0.49349123601043543
descriptive_T0_bear,trigger,2015-2019,20,57,3460,1,-0.006175746503106634,-0.41309053797932405,0.45450449586344677,3.02917404563757,-5.368160404531547,-4.247262075342778,-6.639011618478287,0.4953196420514793,0.5046803579485206
descriptive_T0_bear,trigger,2020-2026,1,35,1074,1,0.060730029624470765,0.00493573040504975,0.4977868079459577,0.604077861307843,-0.975751949556805,-0.8103618377932151,-1.347457588875961,0.45055129555587464,0.5494487044441254
descriptive_T0_bear,trigger,2020-2026,5,35,1071,1,-0.11860753374945708,-0.2318415578257821,0.45487541364360534,1.4106415205600824,-2.3714794784839848,-2.1606918033044282,-3.196814649873458,0.547246174767965,0.45275382523203483
descriptive_T0_bear,trigger,2020-2026,10,35,1067,1,-0.26855647662597243,-0.39131959958519974,0.41743572117363514,1.8340556501913514,-3.472692101969303,-2.657864859392754,-4.1946533040657386,0.5641125488880346,0.43588745111196536
descriptive_T0_bear,trigger,2020-2026,20,35,1060,1,-0.3071140759981784,-0.34329932314605927,0.44759830940972467,2.5213984718516556,-4.948860735755323,-3.8154882218614294,-5.8143865526360266,0.5607269011835075,0.43927309881649224
descriptive_T0_bear,trigger,ALL,1,296,39546,1,0.002162148402760115,-0.029336092078034785,0.47484063575846175,0.6531608307682732,-1.2647957237083014,-0.9765773109490684,-1.735651114937973,0.5044232175356487,0.49557678246435133
descriptive_T0_bear,trigger,ALL,5,296,39513,1,-0.057300294345399724,-0.16864895063775662,0.4540655521041476,1.4465476248987903,-2.784431168484546,-2.1857883542883236,-3.6609886942379393,0.5245338872629415,0.4754661127370585
descriptive_T0_bear,trigger,ALL,10,296,39473,1,-0.12538547587974788,-0.3219826270229531,0.4391494419269047,2.024803738764112,-3.863606096645909,-3.0961566272307763,-5.059419447307852,0.53520638938752,0.46479361061248003
descriptive_T0_bear,trigger,ALL,20,296,39410,1,-0.24117302247229877,-0.5072585533683854,0.4316650338515986,2.8364974944698944,-5.562621139352714,-4.416366038005148,-7.01794494070001,0.5501830100808369,0.44981698991916297
descriptive_T0_bull,trigger,2000-2004,1,164,9892,1,-0.005339313797874347,0.0,0.4968576164835082,0.5620444988270527,-1.0740474895847734,-0.8287146905986038,-1.4979916903465313,0.5228779531321934,0.4771220468678065
descriptive_T0_bull,trigger,2000-2004,5,164,9886,1,-0.02355299023725718,0.03217893986778828,0.5076818887392951,1.2423723407046952,-2.3895557812852752,-1.795673083124709,-3.354894878935562,0.5103747474267106,0.48962525257328937
descriptive_T0_bull,trigger,2000-2004,10,164,9873,1,0.021971648955097487,0.04799407004646521,0.516322270415338,1.7744443706948418,-3.470192742264646,-2.6276751620717773,-4.744731003198056,0.492111131658451,0.5078888683415489
descriptive_T0_bull,trigger,2000-2004,20,164,9819,1,0.0688564525881617,0.2603410322728214,0.5297527596407267,2.5711328721661264,-5.200421032007841,-3.819908697977329,-6.64281151668718,0.4780943780728444,0.5219056219271556
descriptive_T0_bull,trigger,2005-2009,1,40,5338,1,-0.022821176319022796,-0.004299253098956645,0.48863699197140803,0.5582345737503287,-1.1033614407835919,-0.8126725355497948,-1.722470890280354,0.5103178693316213,0.48968213066837873
descriptive_T0_bull,trigger,2005-2009,5,40,5337,1,-0.0015527204864477916,0.03482780084077151,0.5105083130150019,1.2280992100177712,-2.5295063775571753,-1.8643842131619937,-3.739251943865379,0.504055859183173,0.4959441408168269
descriptive_T0_bull,trigger,2005-2009,10,40,5332,1,0.039537380484213416,0.07243779490818796,0.5257297937776678,1.708336500421904,-3.5602618624800044,-2.6704271382557736,-4.778272956595661,0.49740056815247013,0.50259943184753
descriptive_T0_bull,trigger,2005-2009,20,40,5320,1,-0.03404621050119997,0.12842469216309382,0.5263900590637538,2.4992010726978933,-5.478518734022597,-3.8494163194461786,-7.672214482488266,0.5033576430176567,0.49664235698234327
descriptive_T0_bull,trigger,2010-2014,1,38,3743,1,-0.013790985082316477,0.0,0.4794000481325465,0.5378378034501914,-1.062274981633979,-0.7735790022604205,-1.493584570338505,0.5041951472816932,0.49580485271830665
descriptive_T0_bull,trigger,2010-2014,5,38,3740,1,-0.01972449740005985,0.020998473018925684,0.5078924623023546,1.2719371931274837,-2.774768487858278,-1.9527718471083415,-3.9624129790557028,0.5204901751863904,0.4795098248136097
descriptive_T0_bull,trigger,2010-2014,10,38,3737,1,0.05926211970375806,0.16138196715404318,0.5425265448764195,1.772842227952736,-3.444981589317969,-2.544453935670094,-4.7495095306172175,0.48663206619766813,0.5133679338023318
descriptive_T0_bull,trigger,2010-2014,20,38,3727,1,0.07580111538869633,0.23605628436481835,0.5234175941737746,2.5303991334969616,-5.011578896304201,-3.6057468820468164,-7.26866405757395,0.46290027075425644,0.5370997292457436
descriptive_T0_bull,trigger,2015-2019,1,52,3743,1,-0.00489839543093761,0.024166869211789035,0.49588862066753225,0.5214764994948827,-1.0331583233784176,-0.7542857125244967,-1.460013312144869,0.49876272286500195,0.5012372771349981
descriptive_T0_bull,trigger,2015-2019,5,52,3742,1,-0.0031431816961913473,0.08363877466844183,0.5172681770451619,1.2047091360670827,-2.500169672644434,-1.83662547329344,-3.5701104894016193,0.4887012765325238,0.5112987234674763
descriptive_T0_bull,trigger,2015-2019,10,52,3737,1,0.0014874390438018735,0.19208461245785058,0.5213205697541892,1.7226777343725592,-3.5030818718223418,-2.6593351204519315,-5.213757695576485,0.5035600031257274,0.49643999687427276
descriptive_T0_bull,trigger,2015-2019,20,52,3715,1,0.004099464689114481,0.2708298561119586,0.5245135664192726,2.498756978865231,-5.231267667832366,-3.69003863845859,-7.249198478543659,0.50562431165955,0.49437568834044976
descriptive_T0_bull,trigger,2020-2026,1,34,1165,1,0.0034821844762625703,-0.008282552438190267,0.4989227250212469,0.5148454366322862,-0.9933958348560485,-0.707438494910214,-1.2748881057501915,0.4874409052160868,0.5125590947839131
descriptive_T0_bull,trigger,2020-2026,5,34,1164,1,-0.004156042579296376,0.03782584829624696,0.5188250476425864,1.2076993610597415,-2.4436399365082178,-1.7141070568988823,-3.222470346970361,0.47712385735426516,0.5228761426457349
descriptive_T0_bull,trigger,2020-2026,10,34,1160,1,0.004349672539142979,0.049619294104794986,0.5255609161066995,1.740974354829142,-3.376725488116984,-2.587013994765461,-4.28977901793365,0.5070075740251851,0.49299242597481485
descriptive_T0_bull,trigger,2020-2026,20,33,1147,1,0.20949685775774246,0.4925395683505418,0.5495890165392741,2.4966799374067405,-4.456210916371947,-3.2697997906540452,-6.099610002502642,0.4708907408007087,0.5291092591992912
descriptive_T0_bull,trigger,ALL,1,299,53597,1,-0.005253369657004688,-0.008228809815464323,0.48984263762586266,0.5387240546477755,-1.0889562053793855,-0.8195514358381575,-1.6167646097058326,0.5032111935183865,0.4967888064816133
descriptive_T0_bull,trigger,ALL,5,299,53584,1,-0.007489285995251175,0.028082428564371032,0.5075311014190225,1.2061730612456418,-2.5232841819850216,-1.862838165036418,-3.5971724083684737,0.4963959858039819,0.5036040141960181
descriptive_T0_bull,trigger,ALL,10,299,53552,1,0.02701716677637605,0.11994859623488943,0.5211245867134607,1.7139153339485453,-3.5309844726894606,-2.58616246179073,-5.027780209120976,0.4976018430549078,0.5023981569450922
descriptive_T0_bull,trigger,ALL,20,298,53440,1,0.08402983982768654,0.23541797191897343,0.5330205757049148,2.4643127282200634,-5.188831669298848,-3.7117452182237485,-7.25051869876271,0.48865596942021683,0.5113440305797834
descriptive_T1_bear,trigger,2000-2004,1,154,16067,1,-0.03496250247274609,-0.035372670872441864,0.4667128533335741,0.6518801414647368,-1.3292482460884454,-1.0038762903045284,-1.8112397164091705,0.5168885412150284,0.48311145878497186
descriptive_T1_bear,trigger,2000-2004,5,154,16058,1,-0.13160505135870287,-0.24200711349341222,0.43730109250892835,1.4234960843473161,-2.7997438143513547,-2.1648799591928976,-3.734898120335628,0.5474097000175744,0.4525902999824256
descriptive_T1_bear,trigger,2000-2004,10,154,16051,1,-0.17502301869765446,-0.3283763373731502,0.43962983828935537,1.9941813280474883,-3.921218208899381,-3.137809246384359,-5.02265376341133,0.5472967003860162,0.4527032996139837
descriptive_T1_bear,trigger,2000-2004,20,154,16020,1,-0.39740695462711556,-0.6700961691334948,0.40698004756528794,2.756869322348019,-5.403964161508025,-4.377458087010583,-6.830036551748069,0.5673998451261032,0.4326001548738968
descriptive_T1_bear,trigger,2005-2009,1,39,2756,1,-0.06039260017934723,-0.07983814796801854,0.4482397009139309,0.6359998298243519,-1.2957483266876502,-0.9601706255605404,-1.6675497840826174,0.5233903747219723,0.4766096252780277
descriptive_T1_bear,trigger,2005-2009,5,39,2755,1,-0.1295563420045742,-0.22477362339010915,0.4319929136278337,1.442468685333174,-2.856912255365496,-2.200977064304317,-3.8493769419603128,0.5254473743621183,0.47455262563788164
descriptive_T1_bear,trigger,2005-2009,10,39,2755,1,-0.18510484439015,-0.2553953322417091,0.43528744447366263,1.9543944208065966,-3.7966185806548256,-2.9878027637612514,-5.086995792246777,0.5486689179032839,0.4513310820967163
descriptive_T1_bear,trigger,2005-2009,20,39,2750,1,-0.3566876955219161,-0.5778967231148008,0.42678716653897536,2.733216597218189,-5.349006938303544,-4.230459114265036,-7.182516542312345,0.5826099612139656,0.4173900387860345
descriptive_T1_bear,trigger,2010-2014,1,30,1482,1,-0.09969315948068097,-0.083927521620176,0.44139018403609237,0.6532911348443649,-1.2766011613332484,-1.0398901110157182,-1.640950778044835,0.5612135522773067,0.43878644772269326
descriptive_T1_bear,trigger,2010-2014,5,30,1482,1,-0.16457194259815885,-0.30943911785124273,0.44265787408824436,1.4426871236831953,-2.9176075324390567,-2.21414115938708,-3.468211081025002,0.5575814596771773,0.4424185403228227
descriptive_T1_bear,trigger,2010-2014,10,30,1481,1,-0.20782547686035802,-0.4909026652358856,0.4187823271117409,2.039013479134862,-3.9036506837208353,-3.140802065847394,-4.927818231149637,0.5701373412199919,0.42986265878000823
descriptive_T1_bear,trigger,2010-2014,20,30,1476,1,-0.36698807050721244,-0.6515784706990717,0.40302045113057267,2.8655839979379,-5.413744020498989,-4.425837689549484,-6.498926107266183,0.5670317364940196,0.4329682635059803
descriptive_T1_bear,trigger,2015-2019,1,56,2034,1,-0.0548298096375602,-0.0848030685752694,0.4549775272721998,0.6685769512385938,-1.297693525118137,-1.0162691011593132,-1.7592314330047867,0.5535375610345228,0.4464624389654772
descriptive_T1_bear,trigger,2015-2019,5,56,2030,1,-0.04776224224807644,-0.27449587910123374,0.4495616032890701,1.5088980005730654,-2.5899621436633664,-2.201190183175626,-3.3218769623148994,0.49671485974244334,0.5032851402575567
descriptive_T1_bear,trigger,2015-2019,10,56,2027,1,0.09369311567592087,-0.2471566021348389,0.45313670159103386,2.0446751815384365,-3.5888687455286976,-2.7341677448884703,-4.600228829218574,0.4841334158521374,0.5158665841478627
descriptive_T1_bear,trigger,2015-2019,20,56,2019,1,-0.03140916309808681,-0.3981570599649903,0.44960036340164844,2.892396098354967,-4.742884375776759,-3.920065288456426,-6.248976610137707,0.49082894234459495,0.5091710576554048
descriptive_T1_bear,trigger,2020-2026,1,33,624,1,-0.01573605515574421,-0.07311770924076096,0.47116495627135324,0.6639430639539307,-1.0997551006844652,-0.8618878091085621,-1.3676881293145688,0.5578528200424278,0.4421471799575722
descriptive_T1_bear,trigger,2020-2026,5,33,623,1,-0.08143246408535541,-0.10507518975638537,0.4490753854457923,1.2197391012825975,-1.9633339050049075,-1.640137840704317,-2.3477659110339197,0.5151031645316904,0.4848968354683099
descriptive_T1_bear,trigger,2020-2026,10,33,622,1,-0.1706585583366679,-0.2994824627032727,0.44286416404660334,1.737084894683037,-3.340383930908255,-2.5220983007740587,-3.7706280920287467,0.5553153497280501,0.4446846502719502
descriptive_T1_bear,trigger,2020-2026,20,33,617,1,-0.2478714224541689,-0.5537754196086102,0.4428988161340417,2.4954118031186083,-4.383393537848799,-3.620138168087545,-5.283347881480005,0.5672749541567625,0.43272504584323757
descriptive_T1_bear,trigger,ALL,1,294,22975,1,-0.03924189819492128,-0.049622259534304394,0.4615760716537013,0.6545513221373188,-1.2995376337911688,-1.0000208176708512,-1.7882113253459058,0.5309158443684933,0.4690841556315067
descriptive_T1_bear,trigger,ALL,5,294,22960,1,-0.10103067201156536,-0.23385988223309395,0.44341982356379706,1.4208997687352252,-2.7719282389833255,-2.1524865114652223,-3.635655355349625,0.5392590763817002,0.46074092361829944
descriptive_T1_bear,trigger,ALL,10,294,22948,1,-0.11458502528725308,-0.30968064144514,0.4408631416353814,1.9769029103177436,-3.8318095396571232,-3.0482457299593415,-4.938712572805619,0.5378565268712443,0.4621434731287557
descriptive_T1_bear,trigger,ALL,20,294,22893,1,-0.2996311234872158,-0.6158471202176856,0.4212819444455346,2.7693577057328596,-5.262214385833771,-4.284831034832768,-6.591347003874075,0.5597892447789707,0.44021075522102915
descriptive_T1_bull,trigger,2000-2004,1,161,6085,1,-0.012276479017750374,0.002516475884605301,0.4975756317370269,0.5227440416818052,-0.946875202392949,-0.7119106590616147,-1.2734150279310255,0.511900552697871,0.48809944730212884
descriptive_T1_bull,trigger,2000-2004,5,161,6085,1,-0.03742101619492849,0.09440523097503117,0.5099146336306475,1.2087446323047524,-2.296966912974729,-1.740557393552125,-2.9953313768135006,0.5004280473513972,0.4995719526486027
descriptive_T1_bull,trigger,2000-2004,10,161,6074,1,0.01082608393470445,0.10111442822161504,0.5209800663066838,1.7372724235663435,-3.4413087432924807,-2.5337398119294225,-4.64437991917558,0.48896081436947014,0.51103918563053
descriptive_T1_bull,trigger,2000-2004,20,161,6037,1,-0.037449197020277505,0.15716189365951827,0.5130379026596703,2.5491825045597856,-4.904032452220008,-3.7793385156584143,-6.423595042222839,0.4976658657929734,0.5023341342070267
descriptive_T1_bull,trigger,2005-2009,1,38,3220,1,-0.004120705981252424,-0.009388304626795619,0.49427315841545827,0.5018521703687121,-0.9954405891565522,-0.7431964105749391,-1.35139094381627,0.4991606106780609,0.5008393893219392
descriptive_T1_bull,trigger,2005-2009,5,38,3217,1,-0.031843022157510614,0.03523829643034285,0.4991304344840984,1.1732532335194432,-2.376606859893319,-1.774145129725838,-3.39063662601892,0.5209184333416214,0.47908156665837853
descriptive_T1_bull,trigger,2005-2009,10,38,3214,1,-0.012260031580228663,-0.007156136812598179,0.5046237446448063,1.6989002045919068,-3.584245665122982,-2.69226763926434,-4.859781048222914,0.5195467707803647,0.4804532292196353
descriptive_T1_bull,trigger,2005-2009,20,38,3208,1,-0.047653480398776225,0.23002239916459175,0.5258104361959515,2.4638807571761787,-5.304674139032609,-4.050800254713831,-7.463177025953021,0.5055463163295375,0.4944536836704624
descriptive_T1_bull,trigger,2010-2014,1,36,2311,1,0.033003956407224914,0.042336428439823395,0.5184272651576137,0.5296230366132223,-0.9438274323132374,-0.6805167187784371,-1.453358719484257,0.4799732220395201,0.5200267779604799
descriptive_T1_bull,trigger,2010-2014,5,36,2309,1,0.042292918935074066,0.1001017950154819,0.5270390470955307,1.1968243204938942,-2.387361671746572,-1.6539880700448681,-3.3639492965512576,0.47563210041673204,0.5243678995832679
descriptive_T1_bull,trigger,2010-2014,10,36,2307,1,0.013093722480884175,0.09617117690173374,0.5243925181484212,1.6934001142417825,-3.3823468139979127,-2.478290064580067,-4.8935375616020735,0.487473601863913,0.5125263981360869
descriptive_T1_bull,trigger,2010-2014,20,36,2300,1,0.11693893601771777,0.1492170872397893,0.5323779706726113,2.451538218582,-4.960026350293922,-3.487137835177486,-6.8275619240367895,0.461844780287311,0.5381552197126891
descriptive_T1_bull,trigger,2015-2019,1,52,2347,1,0.007603524503140702,0.009855294151293437,0.5059050952751527,0.5121595166457058,-0.940852022303907,-0.7255728446178153,-1.2987372280791387,0.5064720991870295,0.49352790081297043
descriptive_T1_bull,trigger,2015-2019,5,52,2346,1,-0.04435279156036033,0.07641234322696505,0.5109651733039142,1.2029224726883727,-2.2810077832832505,-1.8829595720018735,-3.2876510036806343,0.5171403054083311,0.4828596945916689
descriptive_T1_bull,trigger,2015-2019,10,52,2339,1,0.011396313639531096,0.10191151972035817,0.5101637952049034,1.7267971665079556,-3.3272254563353116,-2.538391456420702,-4.626141628962671,0.49751561337898115,0.5024843866210189
descriptive_T1_bull,trigger,2015-2019,20,52,2326,1,-0.06308501929775828,0.3067633996853899,0.528545030449015,2.6380514825955688,-5.149577019344072,-3.7266563057105957,-7.6804220672131835,0.48505679647240596,0.5149432035275939
descriptive_T1_bull,trigger,2020-2026,1,31,709,1,-0.018817298279765447,0.010296838262157833,0.5126711146030783,0.5108932851721762,-0.9496102560909494,-0.7550973552082845,-1.254462862183936,0.5361614481784521,0.4638385518215479
descriptive_T1_bull,trigger,2020-2026,5,30,701,1,0.07300319479708416,0.09160095716190392,0.5307863705870932,1.187933500666582,-2.25969705914408,-1.5930334966412971,-2.949101159938615,0.47541419025525566,0.5245858097447442
descriptive_T1_bull,trigger,2020-2026,10,30,701,1,0.11059894671494684,0.26850197878723736,0.5580796150795228,1.7536745155949949,-3.2358661492601266,-2.4421682747515097,-4.157309393132911,0.46811176470869703,0.531888235291303
descriptive_T1_bull,trigger,2020-2026,20,30,693,1,0.14897456637656772,0.06021539918442316,0.5281347075371727,2.4746858374299925,-4.21376266852554,-3.370405184158142,-5.432660172171012,0.47769077878437105,0.5223092212156291
descriptive_T1_bull,trigger,ALL,1,296,32706,1,-0.005498097952857148,0.0,0.49608842821143195,0.5097164415558477,-1.0152028180337362,-0.7471638761204367,-1.4451998440546734,0.5084340772342931,0.49156592276570693
descriptive_T1_bull,trigger,ALL,5,295,32692,1,0.001389598393378401,0.04482185900712246,0.5133229839658958,1.172738468643722,-2.3768744275282514,-1.7808722473290193,-3.330846654210064,0.5024470189323405,0.4975529810676595
descriptive_T1_bull,trigger,ALL,10,295,32668,1,0.03663833284374057,0.1080946855958155,0.5252643416941374,1.682584229258692,-3.487931077615933,-2.513222373867726,-4.888258594522241,0.4939744350258464,0.5060255649741537
descriptive_T1_bull,trigger,ALL,20,295,32595,1,0.05133798651008525,0.21386567127786138,0.5292424131370475,2.4535958897526013,-5.0789547820448355,-3.7319769446964135,-7.127769931860887,0.4856286797304557,0.5143713202695442
descriptive_T2_bear,trigger,2000-2004,1,153,7154,1,-0.03242233522587641,-0.05379233080026754,0.4597681425538451,0.6238530529761811,-1.2119134820834336,-0.9527636962497278,-1.5674909001882191,0.5232128581135528,0.47678714188644705
descriptive_T2_bear,trigger,2000-2004,5,153,7145,1,-0.09406936105872493,-0.1924300403270818,0.4445344466892943,1.3636489621649088,-2.597789068789586,-2.1158330496189626,-3.1602319616510983,0.5430921664122759,0.4569078335877239
descriptive_T2_bear,trigger,2000-2004,10,153,7145,1,-0.20024504225115444,-0.3306948280930665,0.43313647291192886,1.9387601467383258,-3.6103092390160563,-2.971217062787885,-4.623097165220521,0.5503237758246546,0.4496762241753452
descriptive_T2_bear,trigger,2000-2004,20,153,7134,1,-0.37873426818548667,-0.644076801474056,0.41088150460394574,2.748368613763954,-5.138319389380465,-4.237851360580483,-6.464539282703995,0.5779030881666947,0.42209691183330533
descriptive_T2_bear,trigger,2005-2009,1,38,1242,1,-0.027574660831431393,-0.022334287039301348,0.4614651438600453,0.5889339402030803,-1.105147247264899,-0.8584939198414778,-1.4239475318360384,0.536379738006484,0.46362026199351614
descriptive_T2_bear,trigger,2005-2009,5,38,1242,1,-0.14450728383770223,-0.23844683721750765,0.4307818242866442,1.441075148541744,-2.5981228531194613,-2.120992725633339,-3.169025473142952,0.5413481181856064,0.45865188181439376
descriptive_T2_bear,trigger,2005-2009,10,38,1242,1,-0.2182262414609585,-0.447826648486754,0.44021146176145814,2.004666237338535,-3.638246789471002,-2.9287752749898335,-4.628160370883261,0.5469936593751864,0.4530063406248136
descriptive_T2_bear,trigger,2005-2009,20,38,1238,1,-0.18435818720677388,-0.41795195308128963,0.4365130476117254,2.865088984377189,-4.867471517401356,-4.008812954493948,-6.2921346271560745,0.5258300046043753,0.47416999539562477
descriptive_T2_bear,trigger,2010-2014,1,30,625,1,-0.03427092023320963,-0.0442275257260807,0.4532587115037597,0.5648827991627026,-1.0860435907944854,-0.8398311138837692,-1.2411218226292893,0.5217811944331661,0.47821880556683394
descriptive_T2_bear,trigger,2010-2014,5,30,623,1,-0.08919537127588448,-0.21161350803916695,0.42863787562626576,1.3702372117115655,-2.296748955246317,-1.921175505012299,-2.79963209075978,0.5580908008072121,0.4419091991927879
descriptive_T2_bear,trigger,2010-2014,10,30,622,1,0.030148961988459344,-0.18332952048010853,0.44463552177897697,2.0221839014709495,-3.155438092319402,-2.5550598798846034,-3.979070428174068,0.5156598557532182,0.48434014424678185
descriptive_T2_bear,trigger,2010-2014,20,30,622,1,-0.07285793899405192,-0.7444058505031921,0.39110684509885546,2.943799249593405,-4.7026531724819565,-4.023374839773819,-5.770476809423335,0.579866655391947,0.4201333446080529
descriptive_T2_bear,trigger,2015-2019,1,55,895,1,0.04196106541920489,-0.00839674238856273,0.49338954112661465,0.604708653474457,-0.9446031170911896,-0.7821261174631997,-1.1659326867669824,0.4766160873519279,0.5233839126480724
descriptive_T2_bear,trigger,2015-2019,5,55,894,1,0.046606178679617256,-0.1525435477947998,0.45993967266295066,1.433366722786277,-2.3194908218124,-1.8733677104997464,-2.797562189897922,0.47307059629613163,0.5269294037038686
descriptive_T2_bear,trigger,2015-2019,10,55,893,1,-0.0029165014342193585,-0.3127617524078095,0.45280847089102266,1.9775325385276834,-3.2550378757766287,-2.3027363767263482,-4.1539816193237264,0.5336435580091025,0.46635644199089776
descriptive_T2_bear,trigger,2015-2019,20,55,887,1,-0.12444832414100988,-0.6237614897771848,0.4377134558150419,2.880249386686286,-5.002482656769189,-3.774272670983601,-5.813096122722795,0.5082317137253023,0.4917682862746979
descriptive_T2_bear,trigger,2020-2026,1,28,255,0,0.01336662509279651,0.011143673625970615,0.5072904278261421,0.5796973218212308,-0.8684951806533783,-0.6894621213322267,-0.9789098516193389,0.5372558186163303,0.4627441813836697
descriptive_T2_bear,trigger,2020-2026,5,28,255,0,-0.23732685397492514,-0.01778661055399241,0.4317488067488067,1.4344252310772114,-2.178706196435741,-1.9107748799401008,-2.5670003047425403,0.5139565177760861,0.486043482223914
descriptive_T2_bear,trigger,2020-2026,10,28,255,0,-0.28375191237745134,-0.02894948782364736,0.4766724347081491,1.8032405741091095,-3.161168699696738,-2.3902631210418055,-3.886967529367569,0.5505164819743271,0.449483518025673
descriptive_T2_bear,trigger,2020-2026,20,28,253,0,-0.35985769940600904,-0.7874611820997084,0.39346952650524075,2.7220778897626223,-4.373918157763875,-3.214236976960594,-5.120159104162173,0.5672627043254899,0.43273729567451025
descriptive_T2_bear,trigger,ALL,1,289,10188,1,-0.013099040258044472,-0.039576231536275756,0.4707969966767641,0.6080263183746014,-1.1231329196820654,-0.8814439789141334,-1.4493051394772192,0.5216175579377019,0.4783824420622981
descriptive_T2_bear,trigger,ALL,5,289,10176,1,-0.08632373366965934,-0.179427081000402,0.4448288669938841,1.3892972658964613,-2.4725030067570257,-2.0428844338428958,-3.051280038270154,0.5410326493610816,0.45896735063891847
descriptive_T2_bear,trigger,ALL,10,289,10174,1,-0.15564405559237543,-0.30858037998386917,0.4408187480299732,1.937847682030847,-3.540966110256303,-2.877356786864139,-4.54089492276583,0.5460334165450335,0.4539665834549665
descriptive_T2_bear,trigger,ALL,20,289,10151,1,-0.2837303893516573,-0.6237614897771848,0.41483035044615973,2.7982605678326578,-4.985093098692317,-4.138819529843203,-6.319750250804146,0.5547547306982368,0.44524526930176317
descriptive_T2_bull,trigger,2000-2004,1,140,2578,1,-0.013862128447720704,0.010917689636387902,0.4967082158109112,0.5467362971352592,-0.9601587506634692,-0.739387906308994,-1.187107823217973,0.5102414516939399,0.48975854830606014
descriptive_T2_bull,trigger,2000-2004,5,140,2577,1,-0.030683974798168034,0.03174417830327019,0.5060573038493872,1.2484466122501237,-2.163670428622493,-1.639039747470468,-2.620006995014545,0.49367917823707885,0.5063208217629211
descriptive_T2_bull,trigger,2000-2004,10,139,2568,1,0.029003809421295757,0.2290662640070953,0.5361623747626943,1.7931973283556009,-3.058296632900994,-2.5630892792071625,-4.042239275132592,0.4769063332054487,0.523093666794551
descriptive_T2_bull,trigger,2000-2004,20,139,2559,1,-0.044865838510386495,0.05211366644709475,0.5047179641017212,2.6331393425178717,-4.823469863953099,-3.6809996965938754,-6.12107548687272,0.5060360139367541,0.4939639860632458
descriptive_T2_bull,trigger,2005-2009,1,38,1375,1,-0.07674497105889502,-0.04478494964355234,0.45607136364603046,0.5503117917295598,-1.0899125844515085,-0.8043839490386292,-1.4647738261003336,0.5779891908726886,0.4220108091273113
descriptive_T2_bull,trigger,2005-2009,5,38,1373,1,-0.04018049145714249,-0.01824479677022727,0.48844318355962335,1.2046644080873452,-2.548535182855833,-1.7329970308751967,-3.3453090350664194,0.507080039990234,0.4929199600097661
descriptive_T2_bull,trigger,2005-2009,10,38,1372,1,0.0023996086429743206,0.12442692580785769,0.516406027900746,1.7644450151532562,-3.4452438778098644,-2.6322118355504585,-5.000891008019245,0.5041038588505762,0.49589614114942393
descriptive_T2_bull,trigger,2005-2009,20,38,1370,1,0.014274536674474531,0.1928990470947321,0.5284906060789595,2.5205988330480245,-4.983754761344818,-3.760068906369958,-6.6455951115993415,0.5065521655222474,0.4934478344777527
descriptive_T2_bull,trigger,2010-2014,1,36,962,1,-0.028255736304643786,0.0343724175520002,0.5026213439177984,0.5074650788633345,-0.9399751868575217,-0.7318005235100249,-1.1387696879597802,0.523808363959168,0.4761916360408321
descriptive_T2_bull,trigger,2010-2014,5,36,962,1,0.0037055357266306483,0.046054266583992864,0.5027670606459875,1.2294412253919842,-2.4612794273210814,-1.8840629533528914,-3.0970016559344784,0.5179325327655306,0.48206746723446947
descriptive_T2_bull,trigger,2010-2014,10,36,961,1,-0.05818998885736079,-0.049416477262181666,0.505311141104641,1.732990106576082,-2.984415425192319,-2.461434135724396,-3.714709206990889,0.5032596688619286,0.49674033113807126
descriptive_T2_bull,trigger,2010-2014,20,36,959,1,-0.10105060078044632,0.05330301345354671,0.4950083818355482,2.5655988867267605,-4.762869497799526,-4.082361001256262,-5.78601922544763,0.5125922001977594,0.4874077998022405
descriptive_T2_bull,trigger,2015-2019,1,50,949,1,0.0345382785819145,0.04910876081049259,0.5156903389140636,0.5035836876467787,-0.8769682979337843,-0.667482921276253,-1.0827551355749674,0.4622701893821032,0.5377298106178969
descriptive_T2_bull,trigger,2015-2019,5,50,949,1,0.08559839557554401,0.14770746779047123,0.5564434491382196,1.2746978171378878,-1.9969827611288,-1.6364138237650834,-2.5250855953619706,0.47626370674109425,0.5237362932589058
descriptive_T2_bull,trigger,2015-2019,10,50,948,1,0.03130796045642341,0.1211164589279849,0.5423600425033256,1.895834343202401,-3.2774440363586272,-2.4852962951060515,-4.0692039405793174,0.514260933461474,0.485739066538526
descriptive_T2_bull,trigger,2015-2019,20,50,940,1,-0.005415620147261748,0.3499230587494554,0.5346116303699491,2.676331311214722,-4.999300709439133,-3.807139002940743,-5.868153786729753,0.4808739092837624,0.5191260907162376
descriptive_T2_bull,trigger,2020-2026,1,27,303,0,0.09072147948536387,0.08230122083314266,0.5323159309571418,0.5684446829151076,-0.7253672268097436,-0.6868030930725464,-0.9612431551282312,0.40216609125942054,0.5978339087405795
descriptive_T2_bull,trigger,2020-2026,5,27,302,0,0.1463463781472297,0.1530864452186804,0.5225279935763253,1.267570024792303,-1.8605927062100371,-1.3930569655391674,-2.32096914348621,0.47328285285752136,0.5267171471424786
descriptive_T2_bull,trigger,2020-2026,10,27,301,0,0.14035164902356212,0.27279416488576486,0.5373212764251636,1.991749769479924,-2.9290608165498107,-2.441159948470082,-3.8776087548238345,0.5082860952322512,0.4917139047677488
descriptive_T2_bull,trigger,2020-2026,20,27,299,0,0.25542242358639294,0.34213211733753435,0.5225559027029616,2.7460984713493057,-3.76095564450956,-3.0108295289592073,-5.491889191135687,0.40263115918743647,0.5973688408125636
descriptive_T2_bull,trigger,ALL,1,292,14119,1,0.0005435725530002067,0.0,0.49300293211454044,0.5253662255814809,-1.0084055042638171,-0.7547086827957588,-1.3647941603410727,0.5062697969994625,0.4937302030005376
descriptive_T2_bull,trigger,ALL,5,292,14114,1,0.038260044962971806,0.05072104887934053,0.5178377172523011,1.2099545484703924,-2.318861218949172,-1.7345077555125492,-3.1448039152386986,0.49361320899909455,0.5063867910009054
descriptive_T2_bull,trigger,ALL,10,292,14105,1,0.048740020383623836,0.12223631768645066,0.5268535500613291,1.7401963857612175,-3.393537540342219,-2.562277190930035,-4.625741123285278,0.49580295257349344,0.5041970474265065
descriptive_T2_bull,trigger,ALL,20,292,14079,1,0.058115436306693594,0.10817535007578769,0.5217207373748729,2.5061449567470966,-4.928909842552779,-3.6508861879712566,-6.519459175144586,0.493489303777631,0.5065106962223691
descriptive_T3_bear,trigger,2000-2004,1,159,4743,1,-0.01702597944040234,-0.03437043930573843,0.466152516772984,0.5683684890723406,-1.020260441969439,-0.8098293673810386,-1.2440973821126962,0.5274272592181956,0.4725727407818045
descriptive_T3_bear,trigger,2000-2004,5,159,4735,1,-0.03796515374840517,-0.12023225268336311,0.47335959552191825,1.2933773399758386,-2.2571598292147264,-1.809872662814308,-2.8866282802789254,0.5268399577224867,0.47316004227751335
descriptive_T3_bear,trigger,2000-2004,10,158,4723,1,-0.12523576887062396,-0.23144653533468107,0.45211913552489214,1.8383289541842869,-3.2853755084944316,-2.6692529428335092,-4.032582887937325,0.5325338719568744,0.46746612804312565
descriptive_T3_bear,trigger,2000-2004,20,158,4703,1,-0.13868319076209804,-0.38527367123516104,0.46842946674406477,2.6805605288382637,-4.71360571505943,-3.7748987888093133,-5.765050738705378,0.5380048843520437,0.4619951156479563
descriptive_T3_bear,trigger,2005-2009,1,38,2522,1,0.01575837156305474,-0.01491097292533761,0.4909713408107953,0.5371659157277735,-1.0211392014634788,-0.7666997410695311,-1.2957702921882368,0.4877983790371707,0.5122016209628291
descriptive_T3_bear,trigger,2005-2009,5,38,2521,1,-0.02305300874031016,-0.09231666967560523,0.4664233643597137,1.1950115103152026,-2.193686768222756,-1.7593235675237526,-3.260253810325691,0.5090678783505298,0.49093212164947014
descriptive_T3_bear,trigger,2005-2009,10,38,2519,1,-0.07842004668416132,-0.18890346287654736,0.45879566886823997,1.7558467778456646,-3.3838046415614706,-2.5877147916849923,-4.500170875718852,0.5144461995900051,0.4855538004099951
descriptive_T3_bear,trigger,2005-2009,20,38,2514,1,-0.05361801941065686,-0.23932275105484846,0.4620140024830235,2.579588286067511,-4.87542747004157,-3.7942250093360324,-6.035360679937642,0.5071513903300108,0.4928486096699893
descriptive_T3_bear,trigger,2010-2014,1,37,1726,1,0.0009579802164355989,-0.03859211423350225,0.4656304414420584,0.5303753831475623,-0.9380355075188829,-0.7622858355840285,-1.2719543146647407,0.49035560750019214,0.5096443924998079
descriptive_T3_bear,trigger,2010-2014,5,37,1726,1,0.00947724626977129,-0.11134592781562261,0.4657441546541575,1.2714127862868576,-2.2126542632320314,-1.8785023474000508,-2.9800798306221936,0.4955217461669635,0.5044782538330366
descriptive_T3_bear,trigger,2010-2014,10,37,1726,1,-0.005534236319350755,0.05459847819283636,0.4879592681967448,1.7864925577182724,-3.2501297690857616,-2.617568484933014,-4.111585894462401,0.5159876863364798,0.4840123136635202
descriptive_T3_bear,trigger,2010-2014,20,37,1722,1,0.002119294497678233,-0.12895603515064832,0.47805801496618305,2.5417632405236263,-4.673199516987497,-3.6968883541145297,-5.919655719276101,0.5067923963440201,0.49320760365598026
descriptive_T3_bear,trigger,2015-2019,1,51,1725,1,-0.00968323620481674,-0.049536525182728997,0.44597389087931605,0.5570889634045044,-1.0478618575441487,-0.8056856866288058,-1.334433542952266,0.48658321377223923,0.5134167862277607
descriptive_T3_bear,trigger,2015-2019,5,51,1725,1,-0.06900685474671445,-0.15569521928645416,0.4616776382671536,1.2885486779584354,-2.2560304340008033,-1.7605115330640717,-2.963442745216629,0.5303461779274091,0.4696538220725911
descriptive_T3_bear,trigger,2015-2019,10,50,1719,1,-0.09591139217813734,-0.20616612848904364,0.4609675100386415,1.854488393218318,-3.359384631707436,-2.890260402819289,-4.311136168845113,0.5387304821748644,0.4612695178251358
descriptive_T3_bear,trigger,2015-2019,20,50,1709,1,-0.047333917749049916,-0.27810119806311767,0.4620867487912927,2.5958564762063023,-4.747676189759284,-3.685124476272162,-5.487230676675515,0.5185340937324767,0.48146590626752317
descriptive_T3_bear,trigger,2020-2026,1,30,544,1,0.03026654846976775,-0.025819224397821163,0.48884546127642226,0.510107760285244,-0.8537956051346047,-0.6644904949415174,-1.0177968438189022,0.44189303518832646,0.5581069648116734
descriptive_T3_bear,trigger,2020-2026,5,30,544,1,-0.13407404949981508,-0.07395877660940972,0.4462699994573176,1.21016200596194,-2.2112395412444923,-1.7768540154110632,-2.573414214005891,0.5132004728979805,0.48679952710201946
descriptive_T3_bear,trigger,2020-2026,10,30,543,1,-0.06281373498404054,-0.17353377804026826,0.4720527411377943,1.850714029615445,-3.1154002057115138,-2.713696352212189,-3.399785207310252,0.5222085172944115,0.47779148270558863
descriptive_T3_bear,trigger,2020-2026,20,30,540,1,-0.10027156150815184,-0.05998388825739856,0.49440932377237023,2.5947925907832574,-4.649884735714991,-3.8588160642813976,-5.415211622404794,0.5329826046874415,0.4670173953125585
descriptive_T3_bear,trigger,ALL,1,295,25380,1,-0.0034054684878803442,-0.031034886405898285,0.47203208298099025,0.5392598316209384,-1.0478618575441487,-0.8144554435163914,-1.3809610950614424,0.5052215280970939,0.4947784719029059
descriptive_T3_bear,trigger,ALL,5,295,25369,1,-0.056294827040618674,-0.09654113077155178,0.46697943939860653,1.2209883880800068,-2.362474288579541,-1.8437090006538353,-3.2655181899245207,0.5200323893532476,0.47996761064675253
descriptive_T3_bear,trigger,ALL,10,295,25354,1,-0.08400767747111615,-0.19705324233295785,0.46268855065960235,1.7551037946464345,-3.378198718514418,-2.6485811170519002,-4.4081115627269565,0.5221190877637427,0.4778809122362573
descriptive_T3_bear,trigger,ALL,20,295,25309,1,-0.09960248096710617,-0.2529503715191687,0.4632971437779384,2.517133590273055,-4.8258556472255005,-3.835024119713542,-6.113680575941558,0.5279981397645592,0.47200186023544055
descriptive_T3_bull,trigger,2000-2004,1,153,13920,1,-0.005568081872831411,0.018706995135267232,0.49921862012099566,0.601270015346868,-1.215131189835612,-0.92817927947415,-1.666037598834978,0.5022873312887312,0.4977126687112689
descriptive_T3_bull,trigger,2000-2004,5,153,13916,1,0.08248724945663657,0.12495035795923683,0.5313165881491458,1.3174649195754926,-2.5778119577641907,-1.9044129774152836,-3.828719416578906,0.467132170942028,0.5328678290579718
descriptive_T3_bull,trigger,2000-2004,10,153,13903,1,0.12466819852458934,0.2656332298905186,0.5450648839867707,1.8495279539219953,-3.540095761603056,-2.643471552593978,-5.215790301442688,0.46633343962742047,0.5336665603725795
descriptive_T3_bull,trigger,2000-2004,20,153,13890,1,0.2920662566110248,0.4652538018612438,0.5649808285978817,2.6088787938035374,-5.093993306488511,-3.651693162187675,-7.326512210677244,0.44752760844345146,0.5524723915565484
descriptive_T3_bull,trigger,2005-2009,1,39,2405,1,-0.06891277509612807,-0.03359968524817077,0.4748651802532413,0.6193406428912551,-1.163147575375499,-0.8930484296177149,-1.7608904862970243,0.52460430954737,0.47539569045262975
descriptive_T3_bull,trigger,2005-2009,5,39,2405,1,0.02962483615228016,0.1510070865821564,0.531052258407157,1.4049778093938055,-2.678665784419845,-2.064873683495016,-4.319894468635293,0.46935284037687347,0.5306471596231264
descriptive_T3_bull,trigger,2005-2009,10,39,2404,1,0.07825723845099727,0.20668166064230212,0.5498528857034484,1.9157812595786323,-4.066144853789428,-2.878096193872695,-5.456195517708709,0.48357547242950577,0.5164245275704944
descriptive_T3_bull,trigger,2005-2009,20,39,2401,1,0.1895814496678788,0.4127659162436021,0.5531568619744319,2.7511970445627916,-5.629380452231727,-4.0876568075532855,-8.357977690848369,0.4475321063193735,0.5524678936806263
descriptive_T3_bull,trigger,2010-2014,1,30,1267,1,0.021164645405735427,-0.00044137833193894256,0.5032385111027794,0.5959313586479948,-1.245582929646102,-0.8342128603478711,-1.5188409532527891,0.5118456460209563,0.4881543539790436
descriptive_T3_bull,trigger,2010-2014,5,30,1266,1,0.09317533098467248,0.2028885923215656,0.5520485504742932,1.293553096982402,-2.1412424310460247,-1.7800167892215515,-3.5039493596308997,0.44871328574341385,0.551286714256586
descriptive_T3_bull,trigger,2010-2014,10,30,1264,1,0.13493688495721895,0.37394691905491595,0.5733971703997008,1.856470333343497,-3.348700107704646,-2.4467939393853846,-5.766077906336928,0.4696077535798936,0.5303922464201065
descriptive_T3_bull,trigger,2010-2014,20,30,1261,1,0.15556983079921227,0.43224911745048633,0.566351586148459,2.657058671077869,-4.9605236241847255,-3.9328712751295165,-6.86735515151687,0.46514748669601624,0.5348525133039839
descriptive_T3_bull,trigger,2015-2019,1,56,1741,1,-0.0251164377644681,-0.007295378719864343,0.49876774312510797,0.5951784703817824,-1.1209319275784928,-0.8827296554347852,-1.4977399373005071,0.5125353347371486,0.4874646652628513
descriptive_T3_bull,trigger,2015-2019,5,56,1740,1,-0.008504613778834089,0.07600818414485622,0.5081322601970505,1.3541549019744974,-2.74614755820654,-1.9512277657768773,-3.6278820727704164,0.5004919719936833,0.49950802800631666
descriptive_T3_bull,trigger,2015-2019,10,56,1738,1,0.05654110980803957,0.22032689146944825,0.5317820516715446,1.9191997811908068,-3.5561899297983626,-2.679436263298391,-5.054080086969686,0.4864659383226919,0.5135340616773081
descriptive_T3_bull,trigger,2015-2019,20,56,1730,1,0.2712402612969903,0.47577223536297963,0.5512302724039085,2.769885146509704,-5.431539654001002,-3.621313808678007,-7.194323644720359,0.4325338281356971,0.5674661718643028
descriptive_T3_bull,trigger,2020-2026,1,35,532,1,0.036933345105063735,0.07219270260285356,0.5193533001464851,0.5237872415095802,-0.8496189972596595,-0.6221911541236862,-1.1034019963640753,0.4717535987377043,0.5282464012622956
descriptive_T3_bull,trigger,2020-2026,5,34,526,1,0.13658661514866036,0.21130174901282756,0.5402041900404834,1.231237741377853,-2.189855742933686,-1.507258809333998,-2.7478984620252827,0.4362274281151971,0.563772571884803
descriptive_T3_bull,trigger,2020-2026,10,34,526,1,0.24365004500743465,0.15947524901202292,0.5313691798974832,1.8039391155206848,-2.771320306464502,-1.9677183796656954,-3.7358257564827184,0.44660456203008153,0.5533954379699186
descriptive_T3_bull,trigger,2020-2026,20,34,522,1,0.3333291541366393,0.3894064168200607,0.5807261835257747,2.5801930901062162,-3.7680211216193165,-2.9920517522423618,-4.626580894167163,0.4318287074803885,0.5681712925196114
descriptive_T3_bull,trigger,ALL,1,296,19877,1,-0.0017212076735863273,0.017312597337937632,0.5025265199447879,0.5902526231910156,-1.189421783453775,-0.8943141240549712,-1.5969624060382086,0.5017059694797867,0.49829403052021337
descriptive_T3_bull,trigger,ALL,5,295,19865,1,0.06903304926971676,0.1314543284370277,0.5306832485484138,1.3200311102882891,-2.5965014515522746,-1.9024311234713467,-3.796022158510212,0.46833794764170805,0.5316620523582919
descriptive_T3_bull,trigger,ALL,10,295,19847,1,0.1269250604814462,0.2524428550539729,0.5443686718100711,1.8612130612961164,-3.5111730498027276,-2.6382797459724903,-5.206738140281543,0.4703391943999629,0.5296608056000371
descriptive_T3_bull,trigger,ALL,20,295,19816,1,0.27054902805706393,0.4434668937461365,0.5633260616485937,2.6598384874477365,-5.00298408739173,-3.6111476901098554,-7.228090908817914,0.4474398646623923,0.5525601353376077
primary_T0_bear,trigger,2000-2004,1,154,27720,1,-0.0014730521679796865,-0.023404595331303416,0.4741951815452135,0.6429781149916795,-1.2914236887247208,-0.9719266243014745,-1.7326896396295834,0.5052579212684432,0.49474207873155684
primary_T0_bear,trigger,2000-2004,5,154,27710,1,-0.09761204653213107,-0.1757222352966929,0.4481329744742574,1.3925835689088057,-2.7513561960563333,-2.18446960933526,-3.6349365835161596,0.5329172824399391,0.46708271756006103
primary_T0_bear,trigger,2000-2004,10,154,27681,1,-0.13645112533015266,-0.28515336630973176,0.445991397309377,1.9647081066602918,-3.858747591959828,-3.0587886009598115,-4.987829040119596,0.5365020250887631,0.46349797491123684
primary_T0_bear,trigger,2000-2004,20,154,27654,1,-0.3128299028869691,-0.5365825998155374,0.42538394208407704,2.757460979752567,-5.468522891084049,-4.369127032325283,-6.861667181026368,0.5560286156505021,0.4439713843494979
primary_T0_bear,trigger,2005-2009,1,39,4707,1,-0.0009106236854388555,-0.015295516801920941,0.48164770197426904,0.6172432453061931,-1.2186585790913371,-0.93027504431485,-1.7235892048713828,0.5015862132430989,0.498413786756901
primary_T0_bear,trigger,2005-2009,5,39,4705,1,-0.09958715175715999,-0.20002399559027764,0.44283010435406756,1.4479031539933716,-2.822151613005173,-2.208474124469199,-3.7721834561176633,0.5437816756652505,0.4562183243347496
primary_T0_bear,trigger,2005-2009,10,39,4704,1,-0.16602493783579492,-0.2842891912630218,0.4418726816774001,2.0103633880336704,-3.983280614138099,-3.1144826331762703,-5.03808703275752,0.5497495031620626,0.45025049683793733
primary_T0_bear,trigger,2005-2009,20,39,4699,1,-0.2994165127888807,-0.47055474222715654,0.4266518385071441,2.840897432240578,-5.679205602595617,-4.339132114900065,-7.333656896095789,0.5627821399747521,0.43721786002524776
primary_T0_bear,trigger,2010-2014,1,30,2531,1,0.003487423413563375,-0.0037559006317488533,0.47384537357629164,0.6388025127532156,-1.1692965054052524,-0.9320892282567834,-1.6097029650040606,0.5107800332954853,0.48921996670451484
primary_T0_bear,trigger,2010-2014,5,30,2530,1,-0.11970491253388561,-0.22915237234498007,0.44219010861513497,1.3936909666459167,-2.5733219088868493,-2.105201210809367,-3.662111533860431,0.558767595734558,0.44123240426544186
primary_T0_bear,trigger,2010-2014,10,30,2528,1,-0.13902418832953783,-0.3296860000373904,0.4374612178694956,2.0018263945356893,-3.865663496347877,-3.0627883213311966,-5.168114943589702,0.5569628464799925,0.4430371535200074
primary_T0_bear,trigger,2010-2014,20,30,2521,1,-0.19263107871786936,-0.6311553844333042,0.4210881774677257,2.822497992712649,-5.429488973682249,-4.297430522379132,-7.074653100937722,0.5511699348364976,0.44883006516350243
primary_T0_bear,trigger,2015-2019,1,57,3481,1,0.012839892901120194,-0.021413147239797897,0.48236079575533825,0.6483008601100111,-1.1892185921462604,-0.9686597173863267,-1.6263216264572846,0.4872243778233822,0.5127756221766178
primary_T0_bear,trigger,2015-2019,5,57,3475,1,-0.016175786348445097,-0.1491616773884731,0.45588628735108705,1.4190604741160109,-2.5904206258908182,-2.0564383549942704,-3.3973289599238505,0.5130884045321588,0.4869115954678415
primary_T0_bear,trigger,2015-2019,10,57,3473,1,0.006306788852082957,-0.20632459568678926,0.45698615645913715,2.0503555845959736,-3.7775111414468667,-2.97093831390651,-4.677842404864737,0.5034133024667018,0.4965866975332982
primary_T0_bear,trigger,2015-2019,20,57,3458,1,-0.02586052363425452,-0.38784707392791323,0.4539390716138952,2.940857829807629,-5.27903463957765,-4.276764088934285,-6.392682715081767,0.5047303103858807,0.4952696896141195
primary_T0_bear,trigger,2020-2026,1,35,1073,1,-0.0615556902119123,-0.044853818706967474,0.47251732506863525,0.5736798118694283,-1.059438373294192,-0.86866000374062,-1.2416035403949606,0.5308603851128922,0.46913961488710754
primary_T0_bear,trigger,2020-2026,5,35,1070,1,-0.1797441339703009,-0.24608157528844304,0.4147224085691275,1.340901688130191,-2.518510037778912,-1.9291549315466865,-3.13496238761603,0.5806690050999841,0.41933099490001574
primary_T0_bear,trigger,2020-2026,10,35,1067,1,-0.2860232879572009,-0.3739834253061669,0.438394990619396,1.848838989175722,-3.534576374734434,-2.8023879596016648,-4.202660975106258,0.5728868295198634,0.4271131704801367
primary_T0_bear,trigger,2020-2026,20,35,1059,1,-0.4161260842635592,-0.45094681120272306,0.41320130834497554,2.564859321645472,-5.143963876620242,-4.094499965637919,-6.231075607790483,0.578726334581838,0.42127366541816197
primary_T0_bear,trigger,ALL,1,296,39528,1,-0.006202798450121809,-0.021564551250590952,0.47585263063739747,0.6330432086369239,-1.2407840951660893,-0.9604368332693303,-1.7045766661636343,0.505856205985121,0.49414379401487885
primary_T0_bear,trigger,ALL,5,296,39506,1,-0.08957520228271706,-0.18027039488008928,0.4469791098840291,1.397358667589516,-2.7087606991068713,-2.1498541844156844,-3.6019024961226673,0.531981411737356,0.4680185882626441
primary_T0_bear,trigger,ALL,10,296,39469,1,-0.12773849783504787,-0.28561108033689614,0.4465103704442543,1.9743040098232565,-3.846092042485548,-3.0492975027306297,-4.921705799144776,0.5349353919544979,0.4650646080455022
primary_T0_bear,trigger,ALL,20,296,39406,1,-0.2635820937813163,-0.5055853486831141,0.4288336905599465,2.78783854363554,-5.431562782887866,-4.345715336021154,-6.846538070579647,0.5532722784415297,0.44672772155847024
primary_T0_bull,trigger,2000-2004,1,164,9891,1,-0.009663668937585823,0.006404677155813372,0.5026263945725116,0.541632575120666,-1.0522010257586571,-0.8002153532413395,-1.472146512873242,0.506220758495034,0.4937792415049661
primary_T0_bull,trigger,2000-2004,5,164,9883,1,-0.02463077463249343,0.013482969278412214,0.5048101539610769,1.24278393032707,-2.4474059442750935,-1.869994197266775,-3.2011603425473183,0.5105918921425125,0.4894081078574873
primary_T0_bull,trigger,2000-2004,10,164,9869,1,0.03678739759682254,0.12189569377551665,0.5213215871645599,1.7772114075384278,-3.5029669056758683,-2.6094824444707267,-4.7409303956806506,0.4753098469104444,0.5246901530895556
primary_T0_bull,trigger,2000-2004,20,164,9814,1,0.05320108712410528,0.2107671278660001,0.525383799194145,2.6016305446642396,-5.2022824706746285,-3.9000861455245666,-6.705971037274162,0.4835924148643226,0.5164075851356772
primary_T0_bull,trigger,2005-2009,1,40,5336,1,-0.0021859101933252023,0.015627863517390282,0.5054097816689047,0.5195975460147244,-1.059628728064083,-0.7795435159975669,-1.5643086896052294,0.4960896026864725,0.5039103973135276
primary_T0_bull,trigger,2005-2009,5,40,5336,1,0.026411027873831,0.05291318292403807,0.5258550227047624,1.189046347584199,-2.4480594472384087,-1.828223653509486,-3.612252059586555,0.4949129259017182,0.5050870740982818
primary_T0_bull,trigger,2005-2009,10,40,5330,1,0.04370026226847522,0.11474043074302115,0.5333744896296745,1.7192930894974139,-3.614697901006104,-2.7533404117101785,-5.0032536741469755,0.49505180253035386,0.5049481974696461
primary_T0_bull,trigger,2005-2009,20,40,5319,1,0.020129854330277204,0.21982273644793188,0.5328507071526081,2.490540804802664,-5.357403478210495,-3.7942565774031447,-7.475364395956227,0.490053738770291,0.509946261229709
primary_T0_bull,trigger,2010-2014,1,38,3743,1,0.012700449247710943,0.02809173981955624,0.5186584318212493,0.5106186163662408,-1.0063714942806081,-0.7927746203724236,-1.4828927956666837,0.4912679686012305,0.5087320313987695
primary_T0_bull,trigger,2010-2014,5,38,3740,1,0.0036733377511656605,0.11441053629632023,0.5341408120929149,1.2481657312968049,-2.629849698161258,-1.924771378927812,-3.750432808606418,0.5071429436273901,0.4928570563726098
primary_T0_bull,trigger,2010-2014,10,38,3737,1,0.060411875882105934,0.1353618478403356,0.5340113549341364,1.7408549288706723,-3.3841530884435773,-2.508553403011164,-5.0199071553846775,0.4766345774051192,0.5233654225948807
primary_T0_bull,trigger,2010-2014,20,38,3727,1,0.10540309870108472,0.3339012244774423,0.5340410083130641,2.493291317967175,-5.026939730762875,-3.599537719878761,-7.084803923008688,0.46925839000156977,0.5307416099984301
primary_T0_bull,trigger,2015-2019,1,52,3743,1,-0.013146074717168704,0.0030637551377179295,0.49855904113370253,0.5251544502786261,-1.034605599132297,-0.755724009960546,-1.4826317660647141,0.5024160825414061,0.4975839174585938
primary_T0_bull,trigger,2015-2019,5,52,3742,1,-0.016199431484255507,0.07143711071273802,0.5117082920212762,1.197929611252156,-2.427605903237925,-1.7575876992562995,-3.491453334057117,0.512763384624974,0.48723661537502605
primary_T0_bull,trigger,2015-2019,10,52,3735,1,0.008609542095417994,0.11891297427293042,0.5221814164740297,1.7271576701729918,-3.522023167641531,-2.626954029129339,-5.041985785536787,0.48841241471042884,0.5115875852895709
primary_T0_bull,trigger,2015-2019,20,52,3712,1,-0.02923690207011015,0.2652659853447168,0.5226256184835063,2.533926179762916,-4.94928657137772,-3.9161502306406133,-7.756634358815262,0.49995147221818415,0.5000485277818157
primary_T0_bull,trigger,2020-2026,1,34,1165,1,-0.06343488432880058,-0.037382647102834995,0.46831395971368467,0.5090914838610209,-0.9378782608451719,-0.7829342495207126,-1.2764154811772475,0.5494911532279847,0.4505088467720153
primary_T0_bull,trigger,2020-2026,5,34,1162,1,0.03220707349465192,0.02382396710889957,0.5188376729572407,1.1876298568271253,-2.2351775277976023,-1.5065877591175738,-3.048298225311621,0.5002842541584538,0.49971574584154627
primary_T0_bull,trigger,2020-2026,10,34,1160,1,0.03902812433954182,0.07752048155864193,0.512701925592498,1.7532252680720635,-3.2634513750334984,-2.517512965149483,-4.182769236691597,0.4915702242181885,0.5084297757818113
primary_T0_bull,trigger,2020-2026,20,33,1144,1,0.19799536169190549,0.35409172894003954,0.5417413439015696,2.5203758156759837,-4.659016244796071,-3.697592396493365,-5.3088484575385015,0.47787363299327507,0.5221263670067251
primary_T0_bull,trigger,ALL,1,299,53595,1,-0.007196605648618014,0.0,0.49647065541823254,0.5214393666635719,-1.0718015804721976,-0.7942308116890553,-1.5407922326817407,0.4999827213655794,0.5000172786344206
primary_T0_bull,trigger,ALL,5,299,53578,1,0.00477303619798552,0.03644867978669886,0.510186283853586,1.1884035149162797,-2.454594631970459,-1.8199283222412077,-3.5289153150633386,0.5012401904741987,0.49875980952580135
primary_T0_bull,trigger,ALL,10,299,53546,1,0.044387286204699554,0.1224379579248356,0.5225850397064531,1.7046799831817507,-3.5384829778687945,-2.5979508809258545,-4.998779611317962,0.48722141967151433,0.5127785803284859
primary_T0_bull,trigger,ALL,20,298,53428,1,0.08751930650928062,0.2676466196502242,0.5355881180432556,2.4661441252234946,-5.188277566635737,-3.7118129745818127,-7.220993732057741,0.480515677642068,0.5194843223579318
primary_T1_bear,trigger,2000-2004,1,154,16065,1,-0.022173175452435766,-0.020480050368721858,0.4716781448397401,0.6258783511652448,-1.2621639746054107,-0.9493885460582523,-1.7355013073520247,0.5123508347014601,0.48764916529853986
primary_T1_bear,trigger,2000-2004,5,154,16050,1,-0.09904360036672942,-0.1843012333038759,0.4521804386414964,1.4069524411531193,-2.803194343374215,-2.1844525351703297,-3.6783785712171184,0.5364051448364477,0.46359485516355226
primary_T1_bear,trigger,2000-2004,10,154,16047,1,-0.15124368465673274,-0.28282946253646535,0.4388669655969256,1.9563282724305786,-3.8960589455747745,-3.029224240377563,-4.929492617547849,0.5393216593912412,0.4606783406087586
primary_T1_bear,trigger,2000-2004,20,154,16012,1,-0.37338235392163327,-0.5883507017948549,0.41086896955189256,2.709895809628401,-5.3449018472482575,-4.33946675798297,-6.71846900475386,0.5664805604708107,0.43351943952918914
primary_T1_bear,trigger,2005-2009,1,39,2755,1,-0.021064141237945998,0.0,0.47244587424670104,0.6156380177947015,-1.2121792152835176,-0.8939784079049412,-1.6621339997979139,0.5093826698471444,0.49061733015285564
primary_T1_bear,trigger,2005-2009,5,39,2755,1,-0.09041345467140238,-0.1417014735732661,0.45538123453233254,1.4025123471786973,-2.6799913689949553,-2.118499231234154,-3.6770131816875433,0.5209647003778496,0.47903529962215047
primary_T1_bear,trigger,2005-2009,10,39,2755,1,-0.16722401179850965,-0.28509287313863474,0.44887353306990774,1.8831347584852005,-3.7347388766347693,-3.0134771417933273,-5.120513932531913,0.5450136408635878,0.4549863591364122
primary_T1_bear,trigger,2005-2009,20,39,2749,1,-0.30510083795248055,-0.6250593230782008,0.4304015719144446,2.6999823638741343,-5.523735990621429,-4.2494515229711185,-6.6655521919692715,0.5573144938657867,0.4426855061342134
primary_T1_bear,trigger,2010-2014,1,30,1482,1,-0.027468523208281508,-0.04943949993323325,0.4606041979296083,0.6471484592768811,-1.2046926359093948,-0.9549071047642218,-1.5990419607679627,0.5228103141563253,0.4771896858436748
primary_T1_bear,trigger,2010-2014,5,30,1482,1,-0.0507024964342573,-0.1670243474552652,0.46462766744188794,1.4525103990245638,-2.7338203847255844,-2.104897744879065,-3.4225333770920114,0.507018595524062,0.4929814044759381
primary_T1_bear,trigger,2010-2014,10,30,1481,1,-0.08828918382481482,-0.42478714002125906,0.42638240269348476,2.0242079380928795,-3.8102013087695794,-3.0447731572279966,-4.546843985653064,0.5396649157749792,0.4603350842250209
primary_T1_bear,trigger,2010-2014,20,30,1476,1,-0.25221982960651046,-0.40994536004765836,0.419994424136474,2.8294871460164113,-5.224276553979946,-4.206101048968467,-5.937745865423531,0.5764875147727477,0.4235124852272521
primary_T1_bear,trigger,2015-2019,1,56,2031,1,0.026136278627117728,-0.02675530495177819,0.47206183062666884,0.6401486427871598,-1.1190695919882305,-0.9006539675848078,-1.451797827283284,0.47683977121242327,0.5231602287875768
primary_T1_bear,trigger,2015-2019,5,56,2030,1,0.01741409474726365,-0.1764272418823864,0.4509872736564384,1.4935879723976218,-2.5704659924804516,-2.0407920932918464,-3.230383680042623,0.48299172126698053,0.5170082787330195
primary_T1_bear,trigger,2015-2019,10,56,2026,1,0.1613264839198542,-0.16640809084808247,0.47077005634884855,2.0248760963935446,-3.273840466110578,-2.610674830262022,-4.3642818061603705,0.47234936750482737,0.5276506324951724
primary_T1_bear,trigger,2015-2019,20,56,2018,1,0.029367748287521065,-0.4561376570372601,0.44755519077722755,2.8550324911046636,-4.653478502580721,-3.9083793411262993,-5.7719809994594815,0.4909420604875335,0.5090579395124665
primary_T1_bear,trigger,2020-2026,1,33,624,1,0.006892716901439769,-0.05031602144276888,0.4893066211929592,0.5842508200784378,-0.9173578459334581,-0.7787883370489995,-1.1372310704412703,0.49603566373983526,0.5039643362601648
primary_T1_bear,trigger,2020-2026,5,33,622,1,-0.11463902332630393,-0.14472266790959665,0.44529006710591973,1.1762553991918847,-2.1861931830871955,-1.5941257027234281,-2.5121897669381794,0.5078269187628205,0.49217308123717957
primary_T1_bear,trigger,2020-2026,10,33,622,1,-0.20561464007076918,-0.27675112089004295,0.4447405643620596,1.6060599603302632,-3.1883787343775976,-2.34767572534234,-3.5165863618434527,0.5577641552394523,0.44223584476054745
primary_T1_bear,trigger,2020-2026,20,33,615,1,-0.2314557405104185,-0.37722205206971104,0.4515032680665963,2.4271730377865737,-4.162179547831584,-3.7892697734096386,-5.123132294300022,0.5185718311787593,0.4814281688212407
primary_T1_bear,trigger,ALL,1,294,22969,1,-0.0066911947572598305,-0.020998163980552306,0.47574062415913604,0.62462073670063,-1.2149244908744676,-0.9253763821551406,-1.6377643418331589,0.5037317987819039,0.49626820121809634
primary_T1_bear,trigger,ALL,5,294,22951,1,-0.06270112477953695,-0.18228250756978742,0.4540354317180394,1.403181029894182,-2.692954602466886,-2.1236768179952668,-3.5383584979452554,0.5197026919458516,0.4802973080541486
primary_T1_bear,trigger,ALL,10,294,22943,1,-0.08623104309102872,-0.2787138006208357,0.4456331300236448,1.9327877834789517,-3.74716366899506,-2.9656801964821984,-4.693563335806465,0.5319593364112013,0.46804066358879876
primary_T1_bear,trigger,ALL,20,294,22881,1,-0.26190430423407096,-0.5520210355977508,0.4246030787174327,2.724693407485848,-5.157531750108808,-4.208126076105241,-6.488492956137992,0.5555939050776504,0.4444060949223496
primary_T1_bull,trigger,2000-2004,1,161,6085,1,-0.012451400416099417,0.007270335313764962,0.496775088082603,0.5240230104285785,-0.9693770095282517,-0.7472760042839001,-1.2352349893881474,0.49998029649981063,0.5000197035001895
primary_T1_bull,trigger,2000-2004,5,161,6080,1,-0.04849974793979214,0.03339100003122458,0.5035761734370153,1.2277179231801636,-2.3561259253279827,-1.7752897221303694,-3.1812303717405674,0.5179743901896593,0.48202560981034076
primary_T1_bull,trigger,2000-2004,10,161,6073,1,0.02867973401225914,0.1235786768892559,0.5207236247377369,1.7604551388798013,-3.412107499340704,-2.484796207306014,-4.522893863964384,0.49014919205993895,0.5098508079400611
primary_T1_bull,trigger,2000-2004,20,161,6037,1,-0.0015208689253528053,0.21704356919110437,0.5209198006994036,2.557372498569675,-4.834304022976471,-3.6792066658455664,-6.518113736399633,0.5036693821919319,0.4963306178080682
primary_T1_bull,trigger,2005-2009,1,38,3220,1,-0.014795225788148403,-0.021388352311418526,0.47393304517329193,0.5263696306221027,-1.0577180165370452,-0.805085492494704,-1.4332565990600785,0.5255601395375927,0.4744398604624075
primary_T1_bull,trigger,2005-2009,5,38,3217,1,-0.018608380145154254,0.018557391614734783,0.49849301944685925,1.1972713916487145,-2.441096904366618,-1.8065124554414973,-3.3201462257931165,0.5063046219277497,0.4936953780722504
primary_T1_bull,trigger,2005-2009,10,38,3215,1,-0.031113084551892836,0.10501036658350821,0.5032016348227759,1.705138242283753,-3.528472166897455,-2.793454236458607,-4.865489792805965,0.5169552144121272,0.4830447855878728
primary_T1_bull,trigger,2005-2009,20,38,3208,1,-0.05393489800351954,0.1900604567313835,0.5269888118506549,2.4833340543864817,-5.274414349371178,-3.857212237003155,-7.805503801503923,0.5261879326632106,0.4738120673367895
primary_T1_bull,trigger,2010-2014,1,36,2310,1,-0.029426687984638083,0.0,0.4839537812385801,0.5043377525298643,-0.9922953300727058,-0.7318029198619851,-1.5426414936413089,0.5300601862788975,0.4699398137211025
primary_T1_bull,trigger,2010-2014,5,36,2309,1,0.005710369089311807,0.07526937981314626,0.511173526704433,1.187027866509878,-2.3999764097291507,-1.8291743503737776,-3.2030058160958035,0.5093683966530158,0.4906316033469842
primary_T1_bull,trigger,2010-2014,10,36,2307,1,-0.004367231056908411,0.14529820198880472,0.5337574128178338,1.6904034865616677,-3.5335892691875452,-2.5961723209054037,-4.842114330213844,0.5008674905260728,0.49913250947392723
primary_T1_bull,trigger,2010-2014,20,36,2300,1,0.08882150997319466,0.20128009896252674,0.5363805621123687,2.440613861585657,-4.674353266382553,-3.3661185281591695,-6.846342314343637,0.4771259220973135,0.5228740779026866
primary_T1_bull,trigger,2015-2019,1,52,2347,1,-0.019349902821301286,-0.010122958480703834,0.48457831663973655,0.47309553012494104,-0.925527265861751,-0.7477324849079633,-1.2713502453603875,0.49785494021559623,0.5021450597844037
primary_T1_bull,trigger,2015-2019,5,52,2343,1,-0.018763900249855452,0.0970154309468052,0.5116217959949699,1.189664608695131,-2.318507818033789,-1.7548723284750758,-3.138568899037078,0.49927465046639086,0.5007253495336091
primary_T1_bull,trigger,2015-2019,10,52,2337,1,-0.00968901890003446,0.17123141997206492,0.5162403382409451,1.7497815043354523,-3.604918362724982,-2.441715723496012,-4.652008153582978,0.4861179669297855,0.5138820330702147
primary_T1_bull,trigger,2015-2019,20,52,2326,1,-0.08782805670678434,0.2962475091572095,0.5176561860371025,2.650577088433211,-5.272271555362757,-3.8573484721927342,-7.90216530111244,0.5024151252770436,0.49758487472295626
primary_T1_bull,trigger,2020-2026,1,30,704,1,-0.002829513804329298,-0.03426930128665925,0.46888981383451456,0.509096082952358,-0.9265450682289434,-0.6824623043186392,-1.1351975213591514,0.5158567493805715,0.48414325061942853
primary_T1_bull,trigger,2020-2026,5,30,701,1,0.06799072537334583,0.07784033891088832,0.5418263843936489,1.1630702651650815,-2.093282199223369,-1.820826220057953,-2.9722375887005485,0.4421228949215035,0.5578771050784965
primary_T1_bull,trigger,2020-2026,10,30,700,1,0.13388027059537028,0.2660116616636288,0.5564288045831005,1.6960961027832213,-2.792622386738973,-2.1656690028125443,-3.866124846450375,0.4547945852508257,0.5452054147491743
primary_T1_bull,trigger,2020-2026,20,30,693,1,0.152370963939097,0.16958853320195713,0.5425220044028947,2.4158743225649797,-4.169957142101207,-3.3504904314033768,-5.4337314192917905,0.4667431538088229,0.5332568461911771
primary_T1_bull,trigger,ALL,1,295,32700,1,-0.00781790875849612,0.0,0.4871240389960731,0.5044739398879907,-1.0350896755609067,-0.7632201010662766,-1.4422669531224699,0.5063269570007387,0.4936730429992612
primary_T1_bull,trigger,ALL,5,295,32683,1,0.007771371509570563,0.056448267951234886,0.5159485187508845,1.1723140065479665,-2.4054708641516416,-1.8040215017389203,-3.364696910135727,0.4988007996095261,0.5011992003904738
primary_T1_bull,trigger,ALL,10,295,32665,1,0.04373678231320823,0.1341416397382699,0.5269938082689314,1.6807109836694485,-3.451176312868231,-2.5068179347188067,-4.867839808673309,0.4861189436419721,0.5138810563580279
primary_T1_bull,trigger,ALL,20,295,32595,1,0.05785275140174185,0.2239091996278278,0.5321153406457231,2.4536959224120856,-5.115813197877829,-3.648503833597924,-7.164172380100839,0.48557892739741854,0.5144210726025814
primary_T2_bear,trigger,2000-2004,1,153,7150,1,-0.019788269433316436,-0.04348917719371005,0.4669738775358612,0.6315689762392881,-1.1890564715447454,-0.9330755500905075,-1.5113980248402694,0.5214512071794205,0.47854879282057955
primary_T2_bear,trigger,2000-2004,5,153,7144,1,-0.08893440646412029,-0.18047837859195476,0.4554021839642199,1.3452428251574013,-2.559079023124896,-2.038937766709248,-3.2357635044163855,0.5401998525547427,0.45980014744525727
primary_T2_bear,trigger,2000-2004,10,153,7141,1,-0.1873256923071199,-0.32459422151703793,0.4369080099142601,1.8922378547263201,-3.611461516138056,-2.940408810681336,-4.379663830027776,0.5468987918467089,0.4531012081532911
primary_T2_bear,trigger,2000-2004,20,153,7134,1,-0.3745123541987324,-0.5929090097307739,0.41757610663932515,2.7327536854772747,-5.255675669083855,-4.202231367908572,-6.571379648178246,0.5769605745205862,0.42303942547941376
primary_T2_bear,trigger,2005-2009,1,38,1242,1,-0.030558879919288073,-0.010449085741796076,0.4730405714970097,0.6230287519459633,-1.1112566286698689,-0.8603893229679243,-1.3459240805160342,0.5112956497215475,0.4887043502784525
primary_T2_bear,trigger,2005-2009,5,38,1242,1,-0.0825346448043169,-0.16103604681731115,0.45560881042435075,1.3905531883029616,-2.5392975035067957,-2.115213586485307,-3.028577765951966,0.5305634387237894,0.4694365612762108
primary_T2_bear,trigger,2005-2009,10,38,1241,1,-0.1615827630587339,-0.3762795212399194,0.4468873572175959,1.9953118759677,-3.3698562061740516,-2.812096856324202,-4.554372706105353,0.5459835948865344,0.45401640511346547
primary_T2_bear,trigger,2005-2009,20,38,1237,1,-0.24464397912227986,-0.4891288044027653,0.4408746767459725,2.795452433518671,-5.023926490056356,-4.052226609288098,-6.04363951004986,0.5571132764177849,0.44288672358221526
primary_T2_bear,trigger,2010-2014,1,30,624,1,-0.011826041327883084,-0.03484609522055812,0.4631931461648912,0.60389547727979,-1.0769349652590336,-0.8178748775573834,-1.2645796646399003,0.48642938696378524,0.5135706130362148
primary_T2_bear,trigger,2010-2014,5,30,623,1,-0.053879103803410336,-0.028841747102286357,0.4599503403866065,1.320438664475546,-2.297870313298559,-1.8981724034648872,-2.807946408092533,0.5357719362632787,0.46422806373672143
primary_T2_bear,trigger,2010-2014,10,30,622,1,0.0039648274971983205,-0.17600935384915684,0.45269030251176795,1.9751663670453445,-3.425438479172719,-2.9657280117436278,-3.984173455484814,0.510405190608046,0.489594809391954
primary_T2_bear,trigger,2010-2014,20,30,622,1,-0.09277048683417657,-0.7797407097675451,0.39344074082961034,3.029097336568396,-4.901858415289093,-4.095240300542834,-5.758910850491194,0.6077446995489597,0.3922553004510404
primary_T2_bear,trigger,2015-2019,1,55,895,1,-0.014057073540161535,-0.08362573285546583,0.47303745214790394,0.6186611695344653,-0.9856143329627008,-0.7900736471320404,-1.199922486090208,0.5320954043937295,0.4679045956062704
primary_T2_bear,trigger,2015-2019,5,55,894,1,-0.001236557759159643,0.0,0.4650036395068944,1.375478976841893,-2.385210820665463,-1.8277084733085507,-3.009571266019867,0.5207719047917131,0.4792280952082869
primary_T2_bear,trigger,2015-2019,10,55,891,1,-0.07642959377385956,-0.30538488911129374,0.43399231778866887,1.9945677133518727,-3.0806729269477424,-2.4515325742925134,-4.0373857905936825,0.5036278037922308,0.4963721962077692
primary_T2_bear,trigger,2015-2019,20,55,887,1,-0.16550498432037405,-0.6381795334901388,0.43313180950735314,2.9148667137234803,-4.741631936605846,-4.128952360251399,-5.774941779808394,0.5107230197259869,0.4892769802740133
primary_T2_bear,trigger,2020-2026,1,28,255,0,-0.08763434591086286,0.0016460371137298445,0.45599172652744085,0.5678274856803844,-0.8516042894512815,-0.6816917130295341,-1.0086642661856806,0.5450953259109448,0.4549046740890552
primary_T2_bear,trigger,2020-2026,5,28,255,0,-0.2819809788278948,-0.33901180880021425,0.44618952476095336,1.3487286200975164,-2.288257242131192,-1.893405720195092,-2.5952939481819635,0.6489612156777366,0.35103878432226343
primary_T2_bear,trigger,2020-2026,10,28,255,0,-0.27691029735280853,-0.22716911914242235,0.4692092629592631,1.7857313684827125,-3.0992473412363895,-2.206859361319845,-3.64227569221585,0.5189767256789402,0.48102327432105996
primary_T2_bear,trigger,2020-2026,20,28,253,0,-0.3606047301002403,-0.8590637580432745,0.4086480979338122,2.761595935269424,-4.263285999564035,-3.6864809922163615,-4.784629093358912,0.582663051477859,0.41733694852214104
primary_T2_bear,trigger,ALL,1,289,10183,1,-0.021802665793147966,-0.03937398240776234,0.4691233521290448,0.6181345025647056,-1.1400052677669241,-0.8903393210773564,-1.4282223940160754,0.522518457461013,0.47748154253898706
primary_T2_bear,trigger,ALL,5,289,10175,1,-0.08606754488305884,-0.16131568313911016,0.45721761916442955,1.3505704150885989,-2.500122762237464,-2.0312676794461018,-3.1056457515741327,0.5392885281397534,0.4607114718602468
primary_T2_bear,trigger,ALL,10,289,10167,1,-0.15392740992552195,-0.30538488911129374,0.44264749002801385,1.9118982238429874,-3.5154059931939035,-2.851080645828635,-4.3064302546844,0.5342729247614926,0.46572707523850754
primary_T2_bear,trigger,ALL,20,289,10150,1,-0.29198125655754614,-0.6133024902014214,0.4188166869281192,2.7942969312209973,-5.106086663322795,-4.136907150208586,-6.232062956739344,0.5746303791516754,0.4253696208483246
primary_T2_bull,trigger,2000-2004,1,140,2577,1,-0.04042754452978623,-0.007520888468816539,0.4740018052371108,0.5290047318661225,-0.9596121588569417,-0.723425859943416,-1.1992621632355296,0.524191934779983,0.47580806522001695
primary_T2_bull,trigger,2000-2004,5,140,2577,1,0.00026257283888837205,-0.015620052612183709,0.4979898733352682,1.283155499456167,-2.012143685918929,-1.5994455084677113,-2.498550300754639,0.49388340174944745,0.5061165982505527
primary_T2_bull,trigger,2000-2004,10,139,2567,1,0.027395812600138267,0.20809272541896479,0.5309799021231203,1.8176336677653133,-3.303828337688917,-2.351211359880829,-4.280972831091789,0.4936899327068958,0.5063100672931041
primary_T2_bull,trigger,2000-2004,20,139,2552,1,-0.014839307139144062,0.09643707410695423,0.5113820513168998,2.643684287125049,-4.6559363789903365,-3.7303596431936468,-5.838257058632146,0.5024660667655446,0.4975339332344556
primary_T2_bull,trigger,2005-2009,1,38,1375,1,-0.002516264459919094,0.0,0.5114371601744488,0.5215191196348234,-0.9832079831787653,-0.7607342648843916,-1.2597364876976993,0.5055601278719842,0.494439872128016
primary_T2_bull,trigger,2005-2009,5,38,1373,1,0.04582898046696462,0.019796981401311232,0.5183317793327128,1.2008321038288063,-2.2847578084358364,-1.7673942362127648,-3.272665118614337,0.4850485663817573,0.5149514336182428
primary_T2_bull,trigger,2005-2009,10,38,1372,1,0.07434833416492954,0.1742337106214374,0.5300933165765681,1.7781213977114003,-3.4905262751489383,-2.753153447541693,-4.751642132549474,0.5057381988576639,0.49426180114233625
primary_T2_bull,trigger,2005-2009,20,38,1370,1,0.058825987543156176,0.16600365020610444,0.532158356797081,2.510062655487795,-4.941394512943596,-3.8072411405753206,-6.651294509179202,0.501688548940582,0.498311451059418
primary_T2_bull,trigger,2010-2014,1,36,962,1,-0.025318865671757982,-0.01609558315239259,0.4939351786542254,0.5182801100573173,-0.8720830453614202,-0.7634696155119434,-1.180269925171161,0.5054074057261799,0.4945925942738201
primary_T2_bull,trigger,2010-2014,5,36,962,1,0.021584016965774767,0.05217691995446886,0.5268645519132759,1.2315180162895676,-2.2633186936814846,-1.7353241234783197,-3.057695115048754,0.4856281040044309,0.514371895995569
primary_T2_bull,trigger,2010-2014,10,36,961,1,-0.017537107601221194,0.1240011915118279,0.5138220245043371,1.7537890694904787,-3.2474675636607024,-2.3540429089817643,-4.666886276438202,0.4978106515121292,0.5021893484878708
primary_T2_bull,trigger,2010-2014,20,36,958,1,-0.06352201947783725,0.25578560084507335,0.5260493282639023,2.591259277970114,-4.690827069394569,-3.919308425971364,-6.151025495553127,0.490901854979814,0.509098145020186
primary_T2_bull,trigger,2015-2019,1,50,949,1,-0.01951913684400697,0.04283946970952023,0.5226224395387944,0.5121482048489011,-0.8757966338220684,-0.6521435515896497,-1.1973058839506572,0.49790698121910043,0.5020930187808996
primary_T2_bull,trigger,2015-2019,5,50,949,1,0.02903831028267282,0.083798612763514,0.5227100849047006,1.2453930536299134,-2.0502943175928907,-1.5500385699547827,-2.4101725194516996,0.4705641567452418,0.5294358432547582
primary_T2_bull,trigger,2015-2019,10,50,948,1,-0.033086269508001,0.2764877016574581,0.5217351704700878,1.870631966381827,-3.196034928026826,-2.515431265643717,-4.172751409960551,0.49120990083792704,0.5087900991620731
primary_T2_bull,trigger,2015-2019,20,50,939,1,-0.030523304641093783,0.13725262030547958,0.522599969250225,2.6434862699452437,-4.3008513094226135,-3.5379255727933883,-5.26013331079852,0.4869838583793844,0.5130161416206157
primary_T2_bull,trigger,2020-2026,1,27,303,0,-0.023257175858101695,-0.03148266016853938,0.48740210597795736,0.5486083973410052,-0.8574702234019638,-0.6653545572129114,-1.067608074731736,0.43997809238412305,0.5600219076158769
primary_T2_bull,trigger,2020-2026,5,27,302,0,0.08392389331708372,0.27586295656064674,0.5337094372139093,1.1991374594324984,-2.0300384432662586,-1.6214552223167047,-2.4088329995012145,0.5039670332545576,0.4960329667454424
primary_T2_bull,trigger,2020-2026,10,27,301,0,0.061430660278062425,0.1824108580562296,0.5242719248352203,1.8473975341836772,-2.9652352631992374,-2.2176498270817846,-3.586221317677922,0.5212180805303115,0.4787819194696887
primary_T2_bull,trigger,2020-2026,20,27,298,0,0.1630129054470844,0.18149567577627093,0.50761144870622,2.649497412055785,-4.042775592913193,-3.2721799950819506,-4.970129949959066,0.40834379194722625,0.5916562080527736
primary_T2_bull,trigger,ALL,1,292,14117,1,-0.010005242416894683,0.0,0.4988858672969135,0.5229087906122369,-0.9939845635944689,-0.7625022717697854,-1.3487126347362204,0.49748390510751683,0.5025160948924832
primary_T2_bull,trigger,ALL,5,292,14114,1,0.03945839457329366,0.035660681553424646,0.5171488531832396,1.198801465779783,-2.2708190850875303,-1.718810430909174,-3.1793791893148065,0.48951253530305344,0.5104874646969466
primary_T2_bull,trigger,ALL,10,292,14103,1,0.046728966125858744,0.14031560246149727,0.5264247298642242,1.7297203840212303,-3.3023141295606013,-2.4779076839458947,-4.609469981412597,0.4944029498691949,0.505597050130805
primary_T2_bull,trigger,ALL,20,292,14067,1,0.06746831256666679,0.15084102977550878,0.526606298884635,2.4967394047132148,-4.76800030831633,-3.6908413258090746,-6.508990705929376,0.4908289049875375,0.5091710950124626
primary_T3_bear,trigger,2000-2004,1,159,4741,1,1.5527398203633745e-05,-0.030261857586837776,0.48455135931721505,0.560557199586753,-0.962183751832354,-0.7736376573513353,-1.2414372357844297,0.5034912208468348,0.49650877915316516
primary_T3_bear,trigger,2000-2004,5,158,4730,1,-0.036405183860796254,-0.12120650539322286,0.47945738270901245,1.2817461489997914,-2.3093683259093263,-1.7993970461989424,-2.880328795676404,0.5173509939460929,0.48264900605390726
primary_T3_bear,trigger,2000-2004,10,158,4719,1,-0.10714365318152437,-0.23076845029355694,0.4566756167031807,1.8472188512593604,-3.3020741183953177,-2.6458251019424877,-4.091188986323468,0.5200293451076404,0.47997065489235957
primary_T3_bear,trigger,2000-2004,20,158,4701,1,-0.11507519960199035,-0.21933055855648287,0.47284220541607797,2.707026575329274,-4.7201006894352915,-3.835147404910532,-5.584399975154517,0.5279399189630508,0.4720600810369492
primary_T3_bear,trigger,2005-2009,1,38,2522,1,-0.009680973420833955,0.00556049411650025,0.4864371193845496,0.5384423100477248,-1.0112952271135633,-0.7735038754532648,-1.3617667402843059,0.5071301812264302,0.4928698187735697
primary_T3_bear,trigger,2005-2009,5,38,2520,1,-0.044925373645670945,-0.06381789697191279,0.46354559438881965,1.2059089799969314,-2.2798550899389562,-1.8032523920062968,-2.916893281619192,0.5135154741256336,0.4864845258743664
primary_T3_bear,trigger,2005-2009,10,38,2519,1,-0.058702482753251954,-0.17474433581909174,0.4518977720534087,1.739109630976391,-3.203256095664905,-2.5893219723214926,-4.104793275390971,0.503766914926121,0.4962330850738793
primary_T3_bear,trigger,2005-2009,20,38,2514,1,-0.0925290864993332,-0.290149423535793,0.4490970469474783,2.5504640375523877,-4.688645097183235,-3.6435386324175316,-6.013769140879415,0.49601609277155884,0.5039839072284413
primary_T3_bear,trigger,2010-2014,1,37,1726,1,0.006645581958377617,-0.025634426559831218,0.47464883713172373,0.5430128336284908,-0.9685027156803554,-0.7053188971179281,-1.2990710381842872,0.48898948679377685,0.511010513206223
primary_T3_bear,trigger,2010-2014,5,37,1726,1,-0.03964323432730164,-0.06510377111679777,0.475907269408488,1.248861514748979,-2.379820425525316,-1.8184550836023032,-2.9273125859360984,0.5285582424813915,0.4714417575186084
primary_T3_bear,trigger,2010-2014,10,37,1725,1,-0.01188567696293194,-0.2039393464307189,0.47319671534588403,1.7844511576433115,-3.396331073182298,-2.5285512672134267,-4.098654287154159,0.5284355917723907,0.4715644082276093
primary_T3_bear,trigger,2010-2014,20,37,1722,1,0.003069449730688794,-0.25103600567322853,0.47011710937079276,2.559917214174268,-4.892127958701752,-3.5364531922499705,-5.847039841381101,0.4957465735585245,0.5042534264414754
primary_T3_bear,trigger,2015-2019,1,51,1725,1,-0.01806224892594655,-0.0378764539842916,0.4623948991000533,0.5193656353600921,-0.9480816238624559,-0.7314708552590339,-1.2152364947052772,0.5329526310831005,0.4670473689168995
primary_T3_bear,trigger,2015-2019,5,51,1725,1,-0.08112226586960304,-0.13762448582811032,0.45336199549937245,1.2559025560106238,-2.394345366991616,-1.863279254908221,-2.9989750996630384,0.5332329360379848,0.4667670639620151
primary_T3_bear,trigger,2015-2019,10,50,1719,1,-0.10013817663796429,-0.26028340244067333,0.4533067510362223,1.8621437701371182,-3.307256807234203,-2.6548904248082668,-4.1919214188018135,0.5276439259588184,0.4723560740411817
primary_T3_bear,trigger,2015-2019,20,50,1708,1,-0.05787487197598812,-0.31835333105016117,0.4589672440923644,2.6473786044581726,-4.8690835712713145,-3.741798819405238,-6.0523319182492,0.5245158072088854,0.47548419279111487
primary_T3_bear,trigger,2020-2026,1,30,544,1,-0.05097364465618026,-0.07554689312654547,0.47202899605650445,0.5191988861922074,-0.8967386793851995,-0.7638303871974526,-1.1327381974480146,0.5391165317386784,0.4608834682613216
primary_T3_bear,trigger,2020-2026,5,30,543,1,-0.15283373716924162,-0.09907349648725916,0.4449280948114913,1.2188311435585246,-2.3559030518695563,-1.7653203916284383,-2.8812277169029015,0.552231032935306,0.44776896706469393
primary_T3_bear,trigger,2020-2026,10,30,543,1,-0.010272069521658194,-0.187458090147198,0.4546510117464714,1.8993028198788764,-3.144063677366807,-2.761421867309066,-3.6234415973277962,0.4982486328999685,0.5017513671000313
primary_T3_bear,trigger,2020-2026,20,30,540,1,-0.16669933837513923,-0.1635705377361827,0.46037887408875444,2.55041468544704,-4.20412726114523,-3.5757364890305485,-5.184126437917119,0.5614575020277013,0.43854249797229883
primary_T3_bear,trigger,ALL,1,295,25376,1,-0.014604709377022218,-0.025634426559831218,0.47540698705456863,0.5336903813137138,-1.0280031916947525,-0.7961192733668037,-1.3998786440038125,0.5161871767846898,0.48381282321531016
primary_T3_bear,trigger,ALL,5,295,25366,1,-0.07047075256243254,-0.09845502790067552,0.4644319944403091,1.2108907172982741,-2.399251799090001,-1.8587553794368183,-3.2503148180560193,0.5274101785278137,0.47258982147218614
primary_T3_bear,trigger,ALL,10,295,25350,1,-0.07084180040242669,-0.16186702835977348,0.4624117516665031,1.752510493315865,-3.350469151074781,-2.6361498418430953,-4.405788213283987,0.5181465377340295,0.4818534622659705
primary_T3_bear,trigger,ALL,20,295,25306,1,-0.10385074989586644,-0.24761550950311934,0.4598939621142294,2.5181283460997608,-4.863588011977319,-3.766835342016824,-6.188271899160681,0.5261852684986573,0.47381473150134273
primary_T3_bull,trigger,2000-2004,1,153,13916,1,0.021727101506048754,0.027297354211206267,0.5109004668244921,0.5896008577500997,-1.1755453223610306,-0.866393188767665,-1.6170095842985348,0.4782773369082386,0.5217226630917613
primary_T3_bull,trigger,2000-2004,5,153,13907,1,0.09059637779088213,0.12457966826119338,0.5361068630813819,1.3023523042188871,-2.5607099204139105,-1.883216775063279,-3.679388809965522,0.4656692270493242,0.5343307729506758
primary_T3_bull,trigger,2000-2004,10,153,13900,1,0.15022409288100624,0.25529928383708217,0.5475562218267674,1.8444070734073927,-3.5775878327255923,-2.574721618201161,-5.122994057308188,0.4576895536773345,0.5423104463226656
primary_T3_bull,trigger,2000-2004,20,153,13885,1,0.30088896062231224,0.49334054574226105,0.5680689002976835,2.6297780289823,-5.1892249413266756,-3.6743054647953803,-7.303887465966321,0.43878323250295825,0.5612167674970415
primary_T3_bull,trigger,2005-2009,1,39,2404,1,0.046370203945215724,0.0275822086235295,0.5277623212525011,0.5640969061137232,-1.086582334204138,-0.8043146699470834,-1.535891396953342,0.4674195235508165,0.5325804764491836
primary_T3_bull,trigger,2005-2009,5,39,2404,1,0.09785136743391395,0.1610633962415567,0.5427453146422316,1.3752910895883375,-2.523318055682935,-1.9225137297073167,-3.714611471755041,0.47605143603283734,0.5239485639671627
primary_T3_bull,trigger,2005-2009,10,39,2402,1,0.15814466963855095,0.21638076249499566,0.5517929058512991,1.8651836562286086,-3.7493361543274597,-2.647122204451852,-5.012892058207389,0.46710353061042525,0.5328964693895747
primary_T3_bull,trigger,2005-2009,20,39,2400,1,0.2519506496989973,0.5062864863653296,0.5684566123182101,2.6845986302528777,-5.219125427322253,-3.8084628957768016,-7.418219623749804,0.44037158950409105,0.5596284104959092
primary_T3_bull,trigger,2010-2014,1,30,1267,1,0.01367568309319751,0.03844398242683365,0.5100590139065942,0.5526822494567746,-1.0437992763799464,-0.8026428784969599,-1.3965040482990938,0.45348295924232507,0.5465170407576749
primary_T3_bull,trigger,2010-2014,5,30,1265,1,0.07872521854804759,0.15076274374939574,0.5480141544517548,1.2833849875219348,-2.526159539146479,-1.9123198707699638,-3.7201212436104574,0.45927191381580856,0.5407280861841914
primary_T3_bull,trigger,2010-2014,10,30,1264,1,0.1241995811929709,0.33363338485185656,0.5608514432679702,1.8147690964958727,-3.2278065114767136,-2.5463044975188174,-5.1057998015027035,0.4610400948849559,0.538959905115044
primary_T3_bull,trigger,2010-2014,20,30,1260,1,0.0898463378082024,0.5169967121675905,0.5696095205159373,2.7229600678783465,-5.166371921565231,-3.6909359456261646,-6.707539218373354,0.4428016731031645,0.5571983268968355
primary_T3_bull,trigger,2015-2019,1,56,1741,1,-0.007464589822279322,0.03752491615192488,0.5171881024411036,0.5752596058539953,-1.149441973625966,-0.821719093299341,-1.507074226429629,0.4857556067929384,0.5142443932070617
primary_T3_bull,trigger,2015-2019,5,56,1740,1,0.022725666257056555,0.16033517899972607,0.5426334509007992,1.3470240809695848,-2.5301950854722497,-1.9259127449380604,-3.562164881038175,0.474636425237178,0.5253635747628219
primary_T3_bull,trigger,2015-2019,10,56,1738,1,0.11271164819211466,0.32554880150554943,0.5406650907172478,1.8743182867431105,-3.4746048366890356,-2.5474040993966884,-4.844968374826728,0.456636455514697,0.5433635444853031
primary_T3_bull,trigger,2015-2019,20,56,1729,1,0.3041290245703535,0.5058536020600128,0.5566533143831123,2.7724065532303532,-5.0637417640541,-3.692626001133443,-7.206036906907766,0.4341501787713943,0.5658498212286057
primary_T3_bull,trigger,2020-2026,1,34,527,1,0.07497369461231028,0.024971270350329217,0.5407849893691844,0.5434465417181217,-0.8755792063624577,-0.6284156812292299,-1.0940580213454625,0.4359418605707698,0.5640581394292303
primary_T3_bull,trigger,2020-2026,5,34,526,1,0.12997799754345124,0.00884548339082799,0.505059779661163,1.2600188161160375,-1.9590436653217782,-1.4490164652807689,-2.577475400285035,0.4523000432428409,0.5476999567571591
primary_T3_bull,trigger,2020-2026,10,34,526,1,0.20306750621085737,0.007000200548969028,0.531689808228304,1.777917730627916,-2.6614695911763624,-1.957125383096582,-3.58398387196213,0.44515828383008615,0.5548417161699137
primary_T3_bull,trigger,2020-2026,20,34,522,1,0.2742162813610526,0.44180297379263483,0.5594099370078245,2.6226054776679235,-3.8584972428173834,-3.1080731436204787,-5.2161314436205615,0.43788581744280686,0.5621141825571931
primary_T3_bull,trigger,ALL,1,295,19867,1,0.0226595908324974,0.0328059046532931,0.5159673915973686,0.5765461012271265,-1.118802118230265,-0.8374438146054378,-1.5691325066300925,0.47341273625556696,0.5265872637444329
primary_T3_bull,trigger,ALL,5,295,19854,1,0.0804682076179615,0.13097442200990397,0.5352813881288798,1.3073509995304406,-2.5236452508111165,-1.8895835116381017,-3.643507079906873,0.4677029659184639,0.5322970340815361
primary_T3_bull,trigger,ALL,10,295,19842,1,0.14637342366730985,0.25069763463265354,0.5473969720964997,1.8404315800122293,-3.4982410269642443,-2.5342383374508066,-5.026028055622353,0.4607646714486432,0.5392353285513565
primary_T3_bull,trigger,ALL,20,295,19808,1,0.2707896337751916,0.4736341540779228,0.5650739920506072,2.6743470622204994,-5.11672992926481,-3.660686052830292,-7.176600209623977,0.4425050007876569,0.5574949992123431
