date,open,high,low,close
2012-12-04,1.042120,1.048380,1.040850,1.046570
2012-12-05,1.046540,1.048310,1.044150,1.045120
2012-12-06,1.045130,1.051460,1.043990,1.046980
2012-12-07,1.046990,1.049590,1.045890,1.048470
2012-12-10,1.048560,1.050490,1.046430,1.048490
2012-12-11,1.048510,1.053930,1.046020,1.053480
2012-12-12,1.053480,1.058480,1.052190,1.054850
2012-12-13,1.054850,1.056280,1.050720,1.052430
2012-12-14,1.052420,1.057700,1.050900,1.056510
2012-12-17,1.056710,1.056710,1.052530,1.054470
2012-12-18,1.054460,1.055600,1.051500,1.051730
2012-12-19,1.051740,1.053190,1.047220,1.047470
2012-12-20,1.047490,1.049900,1.046080,1.047620
2012-12-21,1.047620,1.048210,1.039330,1.039650
2012-12-24,1.040600,1.041550,1.035720,1.036520
2012-12-26,1.036330,1.038540,1.034400,1.037100
2012-12-27,1.037100,1.038810,1.034530,1.036380
2012-12-28,1.036380,1.039560,1.036010,1.037060
2012-12-31,1.037400,1.040690,1.036370,1.038230
2013-01-01,1.039490,1.040260,1.037730,1.037760
2013-01-02,1.037800,1.052290,1.037410,1.050150
2013-01-03,1.050160,1.052680,1.045570,1.045790
2013-01-04,1.045790,1.048610,1.039400,1.047830
2013-01-07,1.050920,1.051060,1.046660,1.050590
2013-01-08,1.050580,1.051520,1.046870,1.050270
2013-01-09,1.050260,1.053470,1.048560,1.050600
2013-01-10,1.050590,1.059710,1.049270,1.059100
2013-01-11,1.059130,1.059380,1.052910,1.053310
2013-01-14,1.053130,1.057700,1.052060,1.055720
2013-01-15,1.055710,1.056900,1.052520,1.055900
2013-01-16,1.055910,1.057880,1.053110,1.056250
2013-01-17,1.056250,1.056570,1.049350,1.054190
2013-01-18,1.054200,1.055570,1.048470,1.050820
2013-01-21,1.050130,1.052510,1.049150,1.051170
2013-01-22,1.051180,1.057800,1.050330,1.055900
2013-01-23,1.055930,1.056690,1.052610,1.053330
2013-01-24,1.053340,1.054660,1.044280,1.045180
2013-01-25,1.045180,1.046770,1.040150,1.042250
2013-01-28,1.041550,1.042890,1.038390,1.040490
2013-01-29,1.040510,1.047450,1.040460,1.046560
2013-01-30,1.046550,1.047510,1.039820,1.041480
2013-01-31,1.041470,1.045050,1.037910,1.043090
2013-02-01,1.043070,1.044440,1.036040,1.040530
2013-02-04,1.041620,1.044130,1.040780,1.043250
2013-02-05,1.043260,1.045600,1.036990,1.038480
2013-02-06,1.038490,1.039900,1.029540,1.030820
2013-02-07,1.030810,1.033810,1.027290,1.028510
2013-02-08,1.028520,1.034730,1.025420,1.031660
2013-02-11,1.030790,1.032350,1.024860,1.025930
2013-02-12,1.025950,1.032110,1.022580,1.031020
2013-02-13,1.031010,1.037000,1.030370,1.035670
2013-02-14,1.035660,1.037120,1.032580,1.036230
2013-02-15,1.036240,1.037340,1.028650,1.030330
2013-02-18,1.028680,1.031470,1.027420,1.030140
2013-02-19,1.030120,1.036640,1.030040,1.035260
2013-02-20,1.035250,1.036700,1.023640,1.025790
2013-02-21,1.025780,1.030610,1.022010,1.028980
2013-02-22,1.028950,1.034010,1.026930,1.031770
2013-02-25,1.029450,1.032800,1.024720,1.026120
2013-02-26,1.026080,1.029100,1.019980,1.022200
2013-02-27,1.022210,1.024420,1.018170,1.021810
2013-02-28,1.021800,1.028940,1.019820,1.021900
2013-03-01,1.021880,1.024130,1.018160,1.020210
2013-03-04,1.019930,1.020420,1.011210,1.019100
2013-03-05,1.019080,1.026210,1.019050,1.025460
2013-03-06,1.025490,1.029890,1.022480,1.022550
2013-03-07,1.022540,1.028920,1.021840,1.026960
2013-03-08,1.026980,1.028040,1.021080,1.023190
2013-03-11,1.020390,1.028450,1.020360,1.027270
2013-03-12,1.027270,1.033490,1.026640,1.031520
2013-03-13,1.031520,1.033350,1.028170,1.028890
2013-03-14,1.028880,1.040080,1.028750,1.037650
2013-03-15,1.037640,1.041320,1.036070,1.040730
2013-03-18,1.035840,1.040910,1.034350,1.039170
2013-03-19,1.039160,1.040510,1.035050,1.036750
2013-03-20,1.036750,1.040480,1.035500,1.037090
2013-03-21,1.037070,1.045770,1.036290,1.043290
2013-03-22,1.043280,1.045940,1.042060,1.044240
2013-03-25,1.044560,1.047910,1.043260,1.046350
2013-03-26,1.046380,1.049640,1.044680,1.048040
2013-03-27,1.048030,1.048160,1.041750,1.044300
2013-03-28,1.044310,1.045670,1.039630,1.041150
2013-03-29,1.041140,1.042670,1.039730,1.041630
2013-04-01,1.041220,1.043090,1.038570,1.042410
2013-04-02,1.042410,1.047880,1.042370,1.045370
2013-04-03,1.045320,1.049680,1.044570,1.045770
2013-04-04,1.045760,1.048940,1.038540,1.042830
2013-04-05,1.042810,1.043760,1.035470,1.038120
2013-04-08,1.036970,1.042310,1.034730,1.041420
2013-04-09,1.041390,1.050900,1.040520,1.048850
2013-04-10,1.048820,1.055150,1.047380,1.054120
2013-04-11,1.054130,1.058170,1.049940,1.053990
2013-04-12,1.053910,1.056080,1.047940,1.050340
2013-04-15,1.049610,1.052330,1.029000,1.031410
2013-04-16,1.031410,1.039670,1.030750,1.038320
2013-04-17,1.038320,1.039360,1.027620,1.030760
2013-04-18,1.030740,1.033710,1.026870,1.030360
2013-04-19,1.030380,1.035790,1.027280,1.027540
2013-04-22,1.027430,1.030710,1.023540,1.027000
2013-04-23,1.027030,1.027200,1.022080,1.027160
2013-04-24,1.027160,1.029530,1.023100,1.027910
2013-04-25,1.027910,1.033880,1.027140,1.029340
2013-04-26,1.029340,1.033590,1.026240,1.027560
2013-04-29,1.028680,1.035750,1.027190,1.034430
2013-04-30,1.034460,1.038390,1.032880,1.036560
2013-05-01,1.036560,1.038160,1.026490,1.027900
2013-05-02,1.027900,1.028420,1.022180,1.024650
2013-05-03,1.024670,1.032220,1.024230,1.031590
2013-05-06,1.030550,1.030630,1.022170,1.025140
2013-05-07,1.025180,1.025270,1.015480,1.018310
2013-05-08,1.018330,1.020790,1.015450,1.017570
2013-05-09,1.017590,1.025360,1.004620,1.009040
2013-05-10,1.009040,1.009540,0.996080,1.002050
2013-05-13,1.000730,1.001050,0.993990,0.995330
2013-05-14,0.995350,1.000320,0.987700,0.989560
2013-05-15,0.989560,0.991940,0.985280,0.988810
2013-05-16,0.988870,0.991310,0.979710,0.982030
2013-05-17,0.981960,0.983030,0.971120,0.972570
2013-05-20,0.975710,0.982660,0.973700,0.980670
2013-05-21,0.980670,0.984180,0.975080,0.980200
2013-05-22,0.980000,0.982730,0.966130,0.968910
2013-05-23,0.969000,0.977770,0.959340,0.973840
2013-05-24,0.973860,0.974060,0.963410,0.964450
2013-05-27,0.965100,0.966530,0.961480,0.963510
2013-05-28,0.963510,0.969560,0.959620,0.960690
2013-05-29,0.960750,0.967030,0.952790,0.963330
2013-05-30,0.963320,0.969690,0.958300,0.965940
2013-05-31,0.966030,0.968460,0.954850,0.956790
2013-06-03,0.960260,0.979160,0.959050,0.976940
2013-06-04,0.976880,0.976920,0.961020,0.964900
2013-06-05,0.964940,0.965690,0.951110,0.953290
2013-06-06,0.954050,0.967160,0.943420,0.959520
2013-06-07,0.959590,0.959610,0.942750,0.949460
2013-06-10,0.940400,0.948020,0.939260,0.946240
2013-06-11,0.946250,0.947030,0.932570,0.942550
2013-06-12,0.942540,0.956320,0.941510,0.948110
2013-06-13,0.948100,0.965650,0.942800,0.963820
2013-06-14,0.965330,0.965520,0.956710,0.956910
2013-06-17,0.956970,0.964100,0.950910,0.954810
2013-06-18,0.954900,0.957370,0.944000,0.948400
2013-06-19,0.948440,0.955590,0.926070,0.927930
2013-06-20,0.927940,0.931260,0.916330,0.920390
2013-06-21,0.920460,0.925880,0.918220,0.921560
2013-06-24,0.923180,0.929870,0.914760,0.925090
2013-06-25,0.925090,0.929680,0.919640,0.925840
2013-06-26,0.925840,0.934410,0.923540,0.927830
2013-06-27,0.927630,0.933760,0.926130,0.927410
2013-06-28,0.927420,0.928550,0.911280,0.913400
2013-07-01,0.913050,0.925280,0.912140,0.923320
2013-07-02,0.923320,0.924980,0.913020,0.914580
2013-07-03,0.914570,0.918950,0.903670,0.908350
2013-07-04,0.908390,0.918060,0.907280,0.913960
2013-07-05,0.914020,0.917970,0.904800,0.905900
2013-07-08,0.905280,0.914510,0.904160,0.913020
2013-07-09,0.913000,0.920050,0.908290,0.917280
2013-07-10,0.917290,0.923740,0.909260,0.922280
2013-07-11,0.922230,0.930510,0.911910,0.917630
2013-07-12,0.917630,0.918760,0.899960,0.904610
2013-07-15,0.907940,0.912160,0.903540,0.910460
2013-07-16,0.910460,0.926060,0.908590,0.924030
2013-07-17,0.924030,0.929180,0.919100,0.923470
2013-07-18,0.923480,0.924160,0.913760,0.916980
2013-07-19,0.916980,0.923470,0.915490,0.917040
2013-07-22,0.917560,0.927000,0.917320,0.924440
2013-07-23,0.924460,0.929860,0.922240,0.928920
2013-07-24,0.928900,0.931780,0.913190,0.916450
2013-07-25,0.916470,0.928100,0.912830,0.923560
2013-07-26,0.923560,0.929500,0.922750,0.925970
2013-07-29,0.925830,0.928680,0.918780,0.920660
2013-07-30,0.920660,0.920710,0.904380,0.906740
2013-07-31,0.906750,0.907590,0.892560,0.894060
2013-08-01,0.894060,0.899310,0.890730,0.893380
2013-08-02,0.893380,0.896930,0.887020,0.890100
2013-08-05,0.890940,0.894230,0.884770,0.893140
2013-08-06,0.893060,0.900520,0.890640,0.897970
2013-08-07,0.897990,0.902510,0.891930,0.899300
2013-08-08,0.899300,0.913440,0.897200,0.910050
2013-08-09,0.910050,0.921420,0.908560,0.919730
2013-08-12,0.917900,0.922090,0.913430,0.913800
2013-08-13,0.913900,0.914840,0.907330,0.909860
2013-08-14,0.909850,0.916000,0.908120,0.912420
2013-08-15,0.912440,0.918950,0.905850,0.913830
2013-08-16,0.913900,0.921490,0.912430,0.918210
2013-08-19,0.918720,0.923280,0.910290,0.911750
2013-08-20,0.911760,0.913220,0.902680,0.906690
2013-08-21,0.906700,0.906930,0.896500,0.897540
2013-08-22,0.897680,0.904280,0.893190,0.901300
2013-08-23,0.901410,0.904990,0.897130,0.902110
2013-08-26,0.902540,0.906930,0.900300,0.902740
2013-08-27,0.902740,0.903110,0.893300,0.897670
2013-08-28,0.897750,0.898440,0.889240,0.893830
2013-08-29,0.893900,0.897830,0.890310,0.892050
2013-08-30,0.892050,0.895750,0.889200,0.889710
2013-09-02,0.893150,0.901360,0.892320,0.899200
2013-09-03,0.899140,0.907200,0.897220,0.905580
2013-09-04,0.905650,0.918720,0.903720,0.916130
2013-09-05,0.916230,0.918770,0.911550,0.912960
2013-09-06,0.912940,0.921660,0.911570,0.917950
2013-09-09,0.919900,0.924160,0.916710,0.922700
2013-09-10,0.922700,0.931860,0.921700,0.930990
2013-09-11,0.931170,0.933800,0.927620,0.932240
2013-09-12,0.932250,0.935410,0.922790,0.926260
2013-09-13,0.926270,0.927070,0.922330,0.924210
2013-09-16,0.934610,0.938680,0.930510,0.931900
2013-09-17,0.931920,0.936600,0.928500,0.935520
2013-09-18,0.935530,0.952850,0.933560,0.949550
2013-09-19,0.949450,0.952400,0.942700,0.944080
2013-09-20,0.944080,0.945810,0.937740,0.939220
2013-09-23,0.937630,0.945670,0.937260,0.942370
2013-09-24,0.942420,0.942760,0.936350,0.938590
2013-09-25,0.938580,0.939330,0.933810,0.936050
2013-09-26,0.936050,0.940130,0.933990,0.936370
2013-09-27,0.936400,0.937470,0.929750,0.931300
2013-09-30,0.930580,0.935390,0.928080,0.932240
2013-10-01,0.932290,0.943510,0.928840,0.939440
2013-10-02,0.939450,0.940820,0.933340,0.938500
2013-10-03,0.938530,0.941470,0.936670,0.939270
2013-10-04,0.939280,0.945830,0.938830,0.943520
2013-10-07,0.942930,0.944930,0.938790,0.942430
2013-10-08,0.942420,0.948400,0.941150,0.941930
2013-10-09,0.941930,0.946410,0.941290,0.944710
2013-10-10,0.944760,0.947220,0.938910,0.946140
2013-10-11,0.946120,0.948440,0.943510,0.946520
2013-10-14,0.943380,0.950730,0.943190,0.949140
2013-10-15,0.949130,0.954710,0.947760,0.953080
2013-10-16,0.953070,0.956780,0.949860,0.955820
2013-10-17,0.955850,0.964660,0.952700,0.962620
2013-10-18,0.962700,0.967760,0.960430,0.967470
2013-10-21,0.966550,0.967880,0.964240,0.965120
2013-10-22,0.965170,0.973040,0.964330,0.970670
2013-10-23,0.970660,0.975730,0.960690,0.961400
2013-10-24,0.961470,0.967050,0.957170,0.961490
2013-10-25,0.961530,0.962390,0.957200,0.958150
2013-10-28,0.958670,0.962230,0.953520,0.953670
2013-10-29,0.953670,0.954660,0.947210,0.948100
2013-10-30,0.948090,0.951560,0.944120,0.946340
2013-10-31,0.946330,0.952520,0.944200,0.946100
2013-11-01,0.946100,0.948910,0.942130,0.943640
2013-11-04,0.944760,0.951400,0.944380,0.950680
2013-11-05,0.950680,0.953710,0.946320,0.949790
2013-11-06,0.949840,0.954230,0.948590,0.951970
2013-11-07,0.952010,0.952680,0.943890,0.945480
2013-11-08,0.945530,0.948060,0.935230,0.938460
2013-11-11,0.937990,0.939010,0.934420,0.935270
2013-11-12,0.935300,0.936790,0.927590,0.929740
2013-11-13,0.929750,0.937320,0.927850,0.934790
2013-11-14,0.934780,0.938600,0.928080,0.931010
2013-11-15,0.931080,0.937430,0.930540,0.936560
2013-11-18,0.937160,0.941830,0.935830,0.936980
2013-11-19,0.937000,0.944660,0.935230,0.942760
2013-11-20,0.942700,0.944750,0.931590,0.932520
2013-11-21,0.932510,0.933360,0.919810,0.922930
2013-11-22,0.922920,0.924910,0.914330,0.916640
2013-11-25,0.916720,0.919210,0.912000,0.917810
2013-11-26,0.917790,0.920420,0.908800,0.912480
2013-11-27,0.912510,0.913720,0.906490,0.907600
2013-11-28,0.907580,0.914900,0.907530,0.909200
2013-11-29,0.909240,0.914050,0.905540,0.910720
2013-12-02,0.911720,0.916790,0.908920,0.910460
2013-12-03,0.910460,0.914560,0.905700,0.913040
2013-12-04,0.913050,0.914040,0.899840,0.902970
2013-12-05,0.902970,0.907660,0.900300,0.906010
2013-12-06,0.906060,0.911720,0.899010,0.909900
2013-12-09,0.911320,0.912920,0.907010,0.907490
2013-12-10,0.907500,0.916660,0.907480,0.913990
2013-12-11,0.914020,0.915220,0.903500,0.903720
2013-12-12,0.903720,0.908030,0.891300,0.892220
2013-12-13,0.892320,0.896870,0.890910,0.896270
2013-12-16,0.894830,0.896940,0.892060,0.893720
2013-12-17,0.893770,0.895800,0.888170,0.891650
2013-12-18,0.891660,0.894370,0.882190,0.883630
2013-12-19,0.883620,0.887480,0.882260,0.885600
2013-12-20,0.885590,0.893310,0.885480,0.891670
2013-12-23,0.891970,0.895780,0.891780,0.892280
2013-12-24,0.892290,0.893390,0.890580,0.892260
2013-12-26,0.888330,0.890260,0.887540,0.887740
2013-12-27,0.887870,0.892850,0.886160,0.886720
2013-12-30,0.884580,0.892930,0.883290,0.890210
2013-12-31,0.890170,0.895190,0.890170,0.892500
2014-01-01,0.888190,0.889530,0.888190,0.888980
2014-01-02,0.888970,0.894270,0.884270,0.890410
2014-01-03,0.890440,0.900420,0.888470,0.894270
2014-01-06,0.894860,0.898220,0.893480,0.896470
2014-01-07,0.896480,0.897080,0.889340,0.891010
2014-01-08,0.891090,0.895180,0.888370,0.888830
2014-01-09,0.888810,0.891240,0.886460,0.889090
2014-01-10,0.889130,0.900470,0.887540,0.899390
2014-01-13,0.898920,0.908570,0.898500,0.905390
2014-01-14,0.905410,0.905640,0.895120,0.895390
2014-01-15,0.895420,0.897020,0.888730,0.890470
2014-01-16,0.890420,0.890910,0.877620,0.881490
2014-01-17,0.881530,0.882720,0.876300,0.877680
2014-01-20,0.877360,0.882460,0.875640,0.881290
2014-01-21,0.881290,0.883720,0.877530,0.880000
2014-01-22,0.880000,0.888730,0.878660,0.884420
2014-01-23,0.884410,0.884970,0.873140,0.875520
2014-01-24,0.875450,0.877470,0.865980,0.867880
2014-01-27,0.869320,0.875910,0.867710,0.873160
2014-01-28,0.873180,0.882040,0.872600,0.879090
2014-01-29,0.879050,0.882540,0.872430,0.873480
2014-01-30,0.873490,0.880010,0.871000,0.878550
2014-01-31,0.878600,0.882300,0.869410,0.875260
2014-02-03,0.876260,0.883300,0.873840,0.874900
2014-02-04,0.874910,0.894140,0.873050,0.891490
2014-02-05,0.891630,0.893810,0.887340,0.892140
2014-02-06,0.892160,0.898020,0.891860,0.894890
2014-02-07,0.894910,0.899800,0.892190,0.895770
2014-02-10,0.895150,0.895840,0.890650,0.894200
2014-02-11,0.894220,0.904720,0.894220,0.903110
2014-02-12,0.903130,0.906680,0.900690,0.901410
2014-02-13,0.901430,0.903110,0.892740,0.897190
2014-02-14,0.897210,0.904320,0.897140,0.903110
2014-02-17,0.904950,0.906870,0.902280,0.903450
2014-02-18,0.903470,0.908020,0.900140,0.901870
2014-02-19,0.901860,0.904380,0.899020,0.899790
2014-02-20,0.899800,0.902110,0.893660,0.900820
2014-02-21,0.900840,0.901460,0.895160,0.897600
2014-02-24,0.897030,0.904880,0.893760,0.903470
2014-02-25,0.903460,0.904390,0.900370,0.901480
2014-02-26,0.901470,0.902530,0.894360,0.895710
2014-02-27,0.895730,0.897090,0.890420,0.896230
2014-02-28,0.896280,0.898920,0.891560,0.892360
2014-03-03,0.890860,0.894610,0.889020,0.893010
2014-03-04,0.893010,0.896890,0.890970,0.895350
2014-03-05,0.895320,0.899640,0.893560,0.898110
2014-03-06,0.898120,0.911220,0.897260,0.908100
2014-03-07,0.908010,0.913290,0.906140,0.906700
2014-03-10,0.905500,0.906310,0.901200,0.902490
2014-03-11,0.902500,0.905010,0.896140,0.896810
2014-03-12,0.896820,0.899580,0.892360,0.899170
2014-03-13,0.899170,0.910290,0.898970,0.903930
2014-03-14,0.903910,0.904910,0.899630,0.902910
2014-03-17,0.901430,0.909790,0.900930,0.908160
2014-03-18,0.908160,0.913820,0.906360,0.913140
2014-03-19,0.913120,0.913610,0.901990,0.903040
2014-03-20,0.903050,0.905150,0.899490,0.903510
2014-03-21,0.903500,0.910030,0.903170,0.907880
2014-03-24,0.909640,0.914920,0.904760,0.913010
2014-03-25,0.913000,0.917390,0.911930,0.916010
2014-03-26,0.916000,0.924490,0.915400,0.921880
2014-03-27,0.921880,0.927130,0.921380,0.925790
2014-03-28,0.925800,0.929480,0.923710,0.924670
2014-03-31,0.924860,0.927760,0.921780,0.926570
2014-04-01,0.926570,0.930390,0.922980,0.923800
2014-04-02,0.923850,0.926310,0.922200,0.925100
2014-04-03,0.925070,0.925190,0.920540,0.922850
2014-04-04,0.922860,0.930710,0.922760,0.929040
2014-04-07,0.928320,0.929500,0.925370,0.926640
2014-04-08,0.926690,0.936630,0.926160,0.935580
2014-04-09,0.935580,0.939880,0.933490,0.938150
2014-04-10,0.938190,0.946100,0.937020,0.941050
2014-04-11,0.941060,0.942610,0.936310,0.939270
2014-04-14,0.939140,0.942510,0.937580,0.941590
2014-04-15,0.941590,0.942300,0.933630,0.935590
2014-04-16,0.935600,0.938770,0.933200,0.936890
2014-04-17,0.936910,0.939000,0.932080,0.932800
2014-04-18,0.932780,0.934160,0.932320,0.932960
2014-04-21,0.933100,0.934630,0.931500,0.932320
2014-04-22,0.932330,0.937790,0.932130,0.936360
2014-04-23,0.936380,0.937690,0.926730,0.928830
2014-04-24,0.928830,0.930060,0.925190,0.926230
2014-04-25,0.926220,0.929790,0.925360,0.926930
2014-04-28,0.927290,0.931640,0.924410,0.926030
2014-04-29,0.926000,0.928190,0.922730,0.926730
2014-04-30,0.926740,0.930070,0.925210,0.928660
2014-05-01,0.928630,0.931220,0.926030,0.926510
2014-05-02,0.926500,0.927980,0.920210,0.927610
2014-05-05,0.928140,0.928910,0.925210,0.927810
2014-05-06,0.927810,0.936710,0.927060,0.934190
2014-05-07,0.934190,0.935450,0.931810,0.932710
2014-05-08,0.932730,0.939400,0.931890,0.936840
2014-05-09,0.936840,0.937860,0.934660,0.936110
2014-05-12,0.935780,0.938540,0.934810,0.936250
2014-05-13,0.936250,0.938240,0.933280,0.935900
2014-05-14,0.935910,0.940900,0.935640,0.937660
2014-05-15,0.937650,0.939270,0.932670,0.935520
2014-05-16,0.935520,0.937080,0.933460,0.935800
2014-05-19,0.936630,0.936850,0.932450,0.932520
2014-05-20,0.932540,0.933500,0.923800,0.924090
2014-05-21,0.924120,0.925290,0.920830,0.924610
2014-05-22,0.924600,0.927340,0.921410,0.922330
2014-05-23,0.922390,0.924940,0.921330,0.922950
2014-05-26,0.923310,0.924860,0.923040,0.923860
2014-05-27,0.923880,0.927670,0.923290,0.925790
2014-05-28,0.925800,0.927030,0.921370,0.923290
2014-05-29,0.923290,0.931220,0.921050,0.930480
2014-05-30,0.930410,0.932860,0.928820,0.930800
2014-06-02,0.930820,0.931360,0.923450,0.924090
2014-06-03,0.924150,0.928670,0.922940,0.926660
2014-06-04,0.926640,0.929730,0.925230,0.927630
2014-06-05,0.927640,0.934610,0.925740,0.933540
2014-06-06,0.933630,0.935820,0.931860,0.933250
2014-06-09,0.933800,0.936320,0.933420,0.935010
2014-06-10,0.935010,0.938350,0.934080,0.936990
2014-06-11,0.937030,0.941070,0.936420,0.938550
2014-06-12,0.938540,0.943700,0.934980,0.942320
2014-06-13,0.942330,0.942660,0.937480,0.939980
2014-06-16,0.940280,0.941620,0.937360,0.939970
2014-06-17,0.939980,0.939990,0.932970,0.933530
2014-06-18,0.933540,0.941140,0.932160,0.939720
2014-06-19,0.939730,0.943110,0.939010,0.939560
2014-06-20,0.939570,0.941440,0.937760,0.938670
2014-06-23,0.937840,0.944470,0.937680,0.942230
2014-06-24,0.942260,0.943070,0.936590,0.936690
2014-06-25,0.936700,0.940780,0.935400,0.940200
2014-06-26,0.940260,0.941820,0.939560,0.941130
2014-06-27,0.941170,0.944120,0.940530,0.942390
2014-06-30,0.942110,0.943740,0.938740,0.942980
2014-07-01,0.943000,0.950360,0.941240,0.949270
2014-07-02,0.949220,0.949400,0.942760,0.944140
2014-07-03,0.944130,0.944170,0.932930,0.934480
2014-07-04,0.934490,0.936880,0.934300,0.936280
2014-07-07,0.936040,0.937610,0.934120,0.936830
2014-07-08,0.936840,0.941450,0.936510,0.939870
2014-07-09,0.939890,0.942370,0.938250,0.940740
2014-07-10,0.940750,0.945690,0.936050,0.939050
2014-07-11,0.939040,0.940860,0.937560,0.939120
2014-07-14,0.938210,0.940320,0.937970,0.939290
2014-07-15,0.939290,0.940130,0.934900,0.936840
2014-07-16,0.936860,0.937420,0.932950,0.936100
2014-07-17,0.936100,0.939100,0.934160,0.934690
2014-07-18,0.934710,0.941040,0.933550,0.938990
2014-07-21,0.939630,0.939910,0.936660,0.937120
2014-07-22,0.937120,0.942200,0.936010,0.939340
2014-07-23,0.939330,0.946110,0.938020,0.944220
2014-07-24,0.944220,0.947010,0.941060,0.941450
2014-07-25,0.941440,0.942410,0.938970,0.939150
2014-07-28,0.939660,0.941320,0.938420,0.940420
2014-07-29,0.940440,0.941580,0.937390,0.938220
2014-07-30,0.938220,0.938770,0.930130,0.932570
2014-07-31,0.932620,0.932990,0.927890,0.929290
2014-08-01,0.929240,0.933530,0.927490,0.930220
2014-08-04,0.930960,0.933580,0.930540,0.933210
2014-08-05,0.933220,0.934270,0.929300,0.930430
2014-08-06,0.930430,0.937390,0.929120,0.934800
2014-08-07,0.934840,0.935730,0.925820,0.926830
2014-08-08,0.926810,0.928640,0.923870,0.927470
2014-08-11,0.927570,0.928560,0.925850,0.926460
2014-08-12,0.926460,0.927650,0.924690,0.926450
2014-08-13,0.926460,0.931890,0.926290,0.930190
2014-08-14,0.930170,0.932700,0.928740,0.931450
2014-08-15,0.931450,0.933370,0.929740,0.931510
2014-08-18,0.931910,0.933390,0.930840,0.932300
2014-08-19,0.932300,0.934600,0.929680,0.929680
2014-08-20,0.929660,0.931770,0.927460,0.928470
2014-08-21,0.928450,0.931050,0.923570,0.930380
2014-08-22,0.930380,0.932870,0.929250,0.931540
2014-08-25,0.929130,0.932270,0.928890,0.929760
2014-08-26,0.929760,0.933000,0.927140,0.930970
2014-08-27,0.930970,0.935080,0.930390,0.933340
2014-08-28,0.933340,0.937360,0.933190,0.935780
2014-08-29,0.935810,0.936270,0.933140,0.933450
2014-09-01,0.932820,0.935150,0.932370,0.933210
2014-09-02,0.933220,0.933650,0.926770,0.927590
2014-09-03,0.927590,0.935140,0.926240,0.934250
2014-09-04,0.934250,0.939260,0.933000,0.934270
2014-09-05,0.934280,0.940200,0.933270,0.937640
2014-09-08,0.936710,0.937430,0.927720,0.927950
2014-09-09,0.927950,0.928880,0.918810,0.920530
2014-09-10,0.920530,0.921780,0.911270,0.915870
2014-09-11,0.915840,0.921730,0.908860,0.910770
2014-09-12,0.910730,0.910790,0.903040,0.903740
2014-09-15,0.901570,0.904930,0.898400,0.903430
2014-09-16,0.903390,0.911250,0.898930,0.908610
2014-09-17,0.908600,0.908670,0.895050,0.895490
2014-09-18,0.895500,0.900100,0.892740,0.898550
2014-09-19,0.898560,0.899460,0.892100,0.892510
2014-09-22,0.893170,0.894970,0.885260,0.887120
2014-09-23,0.887120,0.892690,0.883130,0.884620
2014-09-24,0.884590,0.889720,0.883880,0.887950
2014-09-25,0.887950,0.888050,0.877390,0.879160
2014-09-26,0.879100,0.881320,0.874790,0.876460
2014-09-29,0.875640,0.875730,0.868380,0.871850
2014-09-30,0.871850,0.876760,0.869400,0.874740
2014-10-01,0.874720,0.874940,0.866330,0.873290
2014-10-02,0.873310,0.882660,0.872930,0.879840
2014-10-03,0.879840,0.880610,0.864270,0.867420
2014-10-06,0.867550,0.878410,0.865240,0.875940
2014-10-07,0.875940,0.883400,0.872640,0.880640
2014-10-08,0.880650,0.885090,0.873390,0.883160
2014-10-09,0.883160,0.889850,0.876470,0.877200
2014-10-10,0.877200,0.878520,0.868030,0.868370
2014-10-13,0.868060,0.878710,0.865190,0.875940
2014-10-14,0.875970,0.881220,0.869380,0.871950
2014-10-15,0.871920,0.886060,0.867550,0.880920
2014-10-16,0.880920,0.881450,0.868620,0.875000
2014-10-17,0.875060,0.881170,0.873350,0.874350
2014-10-20,0.876300,0.880120,0.874690,0.877930
2014-10-21,0.877950,0.883210,0.875680,0.877850
2014-10-22,0.877860,0.881480,0.874410,0.876210
2014-10-23,0.876230,0.880560,0.874860,0.875860
2014-10-24,0.875860,0.882350,0.871840,0.878630
2014-10-27,0.880120,0.882400,0.878850,0.879600
2014-10-28,0.879530,0.888180,0.879500,0.885130
2014-10-29,0.885130,0.891060,0.877540,0.878780
2014-10-30,0.878780,0.885080,0.875470,0.882650
2014-10-31,0.882650,0.884380,0.876380,0.879340
2014-11-03,0.875750,0.876060,0.867690,0.868750
2014-11-04,0.868750,0.875950,0.864490,0.875330
2014-11-05,0.875370,0.876130,0.856420,0.857260
2014-11-06,0.857340,0.862680,0.855250,0.855890
2014-11-07,0.855880,0.865680,0.854020,0.863410
2014-11-10,0.864160,0.868220,0.860840,0.862040
2014-11-11,0.862050,0.871850,0.859020,0.869020
2014-11-12,0.869060,0.874470,0.866500,0.870920
2014-11-13,0.870900,0.876420,0.867140,0.870900
2014-11-14,0.870890,0.876870,0.864850,0.874860
2014-11-17,0.875670,0.879540,0.869510,0.869790
2014-11-18,0.869790,0.874670,0.868380,0.871580
2014-11-19,0.871610,0.871880,0.859840,0.860000
2014-11-20,0.860030,0.864070,0.856570,0.861670
2014-11-21,0.861670,0.872220,0.860460,0.866170
2014-11-24,0.867650,0.870040,0.860180,0.861560
2014-11-25,0.861470,0.861800,0.851300,0.852970
2014-11-26,0.853250,0.856460,0.847920,0.854610
2014-11-27,0.854870,0.861510,0.852920,0.854200
2014-11-28,0.854260,0.854710,0.848470,0.850330
2014-12-01,0.846830,0.853110,0.841660,0.848950
2014-12-02,0.848950,0.854180,0.843250,0.844420
2014-12-03,0.844540,0.846650,0.838820,0.840280
2014-12-04,0.840220,0.842900,0.835540,0.837910
2014-12-05,0.837950,0.839250,0.830180,0.830180
2014-12-08,0.830250,0.832360,0.825990,0.828990
2014-12-09,0.829030,0.837140,0.822390,0.829160
2014-12-10,0.828040,0.834810,0.826450,0.831470
2014-12-11,0.831490,0.837520,0.821490,0.825940
2014-12-12,0.825500,0.829880,0.822690,0.824180
2014-12-15,0.824290,0.826800,0.820090,0.821020
2014-12-16,0.820550,0.827420,0.819970,0.821410
2014-12-17,0.821310,0.823540,0.810680,0.811080
2014-12-18,0.811820,0.820320,0.811630,0.816270
2014-12-19,0.815620,0.819190,0.811740,0.811740
2014-12-22,0.814200,0.817270,0.812570,0.813200
2014-12-23,0.813200,0.814350,0.808730,0.810250
2014-12-24,0.810250,0.812310,0.809500,0.810680
2014-12-26,0.812550,0.813170,0.810810,0.811670
2014-12-29,0.812240,0.816250,0.811000,0.812980
2014-12-30,0.812250,0.820300,0.812180,0.818170
2014-12-31,0.818100,0.821520,0.815870,0.816530
2015-01-02,0.814120,0.814500,0.807700,0.808780
2015-01-05,0.806960,0.810640,0.803430,0.808100
2015-01-06,0.808090,0.815670,0.808010,0.808050
2015-01-07,0.808040,0.808880,0.803210,0.807550
2015-01-08,0.807610,0.813010,0.806960,0.812140
2015-01-09,0.812150,0.820730,0.810490,0.819870
2015-01-12,0.820910,0.825410,0.813030,0.815530
2015-01-13,0.815540,0.819620,0.812680,0.816180
2015-01-14,0.816200,0.818790,0.806750,0.814840
2015-01-15,0.814880,0.829390,0.813200,0.821350
2015-01-16,0.821370,0.825510,0.816730,0.822070
2015-01-19,0.821850,0.824190,0.819500,0.820760
2015-01-20,0.820820,0.821730,0.815890,0.816870
2015-01-21,0.816950,0.823300,0.807720,0.808260
2015-01-22,0.808140,0.813470,0.799500,0.802420
2015-01-23,0.802410,0.805050,0.788000,0.790860
2015-01-26,0.788130,0.793270,0.785730,0.792250
2015-01-27,0.792270,0.797400,0.790460,0.793490
2015-01-28,0.793540,0.802440,0.788320,0.788610
2015-01-29,0.788400,0.790570,0.771920,0.775820
2015-01-30,0.775710,0.779650,0.772990,0.775730
2015-02-02,0.775450,0.782920,0.774900,0.780120
2015-02-03,0.780080,0.784970,0.762550,0.779050
2015-02-04,0.778980,0.784640,0.774260,0.775000
2015-02-05,0.774960,0.782370,0.773330,0.779600
2015-02-06,0.779620,0.787510,0.777760,0.779040
2015-02-09,0.776070,0.783430,0.774760,0.779920
2015-02-10,0.779690,0.784110,0.774710,0.776840
2015-02-11,0.776820,0.779360,0.769310,0.771650
2015-02-12,0.771580,0.777810,0.764370,0.773280
2015-02-13,0.773270,0.779190,0.772390,0.775960
2015-02-16,0.777400,0.779400,0.775060,0.776990
2015-02-17,0.777050,0.782820,0.774150,0.781650
2015-02-18,0.781560,0.783300,0.777330,0.780930
2015-02-19,0.780910,0.784250,0.775700,0.779060
2015-02-20,0.778980,0.784840,0.778800,0.784010
2015-02-23,0.784550,0.784830,0.778050,0.780130
2015-02-24,0.780070,0.783670,0.773930,0.783020
2015-02-25,0.782920,0.790100,0.782310,0.788590
2015-02-26,0.788460,0.791260,0.778530,0.779880
2015-02-27,0.779870,0.783430,0.777750,0.780650
2015-03-02,0.780240,0.780710,0.775580,0.776490
2015-03-03,0.776490,0.784410,0.775070,0.781550
2015-03-04,0.781610,0.785990,0.779490,0.781600
2015-03-05,0.781600,0.784030,0.775410,0.778130
2015-03-06,0.778080,0.784520,0.770600,0.771550
2015-03-09,0.771020,0.773950,0.768370,0.770430
2015-03-10,0.770340,0.770660,0.760460,0.762310
2015-03-11,0.762310,0.764440,0.756010,0.758910
2015-03-12,0.759010,0.773060,0.757310,0.770070
2015-03-13,0.770160,0.770980,0.760900,0.763310
2015-03-16,0.762640,0.767910,0.761280,0.764180
2015-03-17,0.764050,0.766470,0.760530,0.762140
2015-03-18,0.762100,0.784620,0.759060,0.774080
2015-03-19,0.774210,0.780810,0.761090,0.764720
2015-03-20,0.764850,0.780170,0.764350,0.776870
2015-03-23,0.779750,0.789830,0.776420,0.787530
2015-03-24,0.787540,0.793770,0.783440,0.787340
2015-03-25,0.787330,0.790370,0.782870,0.784610
2015-03-26,0.784640,0.788370,0.780060,0.782660
2015-03-27,0.782660,0.783420,0.774440,0.774630
2015-03-30,0.773260,0.774660,0.763280,0.765150
2015-03-31,0.765150,0.766340,0.759000,0.760470
2015-04-01,0.760170,0.766270,0.758200,0.759780
2015-04-02,0.759790,0.760980,0.753230,0.759020
2015-04-03,0.758940,0.769270,0.757020,0.763430
2015-04-06,0.763530,0.766660,0.757870,0.758940
2015-04-07,0.758880,0.771040,0.757640,0.763160
2015-04-08,0.763160,0.772730,0.763030,0.768300
2015-04-09,0.768190,0.773810,0.765930,0.769080
2015-04-10,0.769050,0.772080,0.763740,0.767890
2015-04-13,0.767890,0.767890,0.755250,0.758880
2015-04-14,0.758830,0.764820,0.755480,0.762360
2015-04-15,0.762400,0.770000,0.757110,0.768090
2015-04-16,0.768090,0.782150,0.767260,0.779890
2015-04-17,0.779890,0.784190,0.775870,0.778490
2015-04-20,0.778490,0.782570,0.770630,0.772390
2015-04-21,0.772390,0.775320,0.768250,0.771050
2015-04-22,0.771050,0.780650,0.770540,0.775190
2015-04-23,0.775190,0.779010,0.771050,0.777760
2015-04-24,0.777760,0.784010,0.776380,0.781930
2015-04-27,0.781950,0.787190,0.779090,0.785370
2015-04-28,0.785220,0.802700,0.783280,0.802220
2015-04-29,0.802060,0.807530,0.797610,0.801320
2015-04-30,0.800390,0.802150,0.786250,0.790350
2015-05-01,0.790350,0.791790,0.780290,0.784350
2015-05-04,0.782990,0.785090,0.780180,0.783860
2015-05-05,0.783420,0.795520,0.779780,0.794410
2015-05-06,0.793910,0.802990,0.791850,0.796560
2015-05-07,0.796490,0.800390,0.788930,0.790520
2015-05-08,0.790490,0.796750,0.786270,0.793230
2015-05-11,0.791770,0.793240,0.787530,0.788860
2015-05-12,0.788860,0.799920,0.788550,0.797470
2015-05-13,0.797450,0.812360,0.795020,0.811130
2015-05-14,0.810980,0.816260,0.806270,0.807790
2015-05-15,0.807740,0.808820,0.799540,0.803640
2015-05-18,0.803660,0.805130,0.797590,0.798800
2015-05-19,0.798890,0.800950,0.790540,0.791250
2015-05-20,0.791230,0.793380,0.786000,0.787310
2015-05-21,0.787280,0.791220,0.786470,0.789230
2015-05-22,0.789240,0.793050,0.780930,0.782930
2015-05-25,0.782330,0.783860,0.780250,0.782240
2015-05-26,0.782200,0.783880,0.772630,0.773350
2015-05-27,0.773460,0.776770,0.769020,0.772700
2015-05-28,0.772950,0.776010,0.761680,0.764700
2015-05-29,0.764640,0.767320,0.762850,0.764170
2015-06-01,0.763540,0.766740,0.759710,0.760380
2015-06-02,0.760410,0.778950,0.760220,0.777080
2015-06-03,0.777070,0.781780,0.775110,0.778510
2015-06-04,0.778490,0.778650,0.766410,0.768660
2015-06-05,0.768370,0.772570,0.759880,0.761440
2015-06-08,0.762430,0.771200,0.760240,0.770130
2015-06-09,0.769980,0.772130,0.764610,0.768880
2015-06-10,0.768910,0.778460,0.763510,0.775730
2015-06-11,0.775600,0.779220,0.769230,0.775340
2015-06-12,0.775360,0.775800,0.767440,0.773190
2015-06-15,0.773730,0.777600,0.770340,0.776350
2015-06-16,0.776420,0.777950,0.772170,0.775000
2015-06-17,0.775070,0.776930,0.764450,0.774760
2015-06-18,0.774530,0.784770,0.770970,0.779740
2015-06-19,0.779600,0.781270,0.773600,0.777020
2015-06-22,0.776500,0.779590,0.772050,0.772700
2015-06-23,0.772670,0.774810,0.767850,0.773460
2015-06-24,0.773480,0.777020,0.768250,0.770150
2015-06-25,0.770070,0.775160,0.769570,0.773580
2015-06-26,0.773640,0.773920,0.762970,0.765350
2015-06-29,0.762040,0.771140,0.758570,0.767750
2015-06-30,0.767710,0.772360,0.765860,0.770560
2015-07-01,0.770420,0.773770,0.763800,0.764320
2015-07-02,0.764230,0.765660,0.758890,0.763070
2015-07-03,0.763080,0.764820,0.750910,0.752030
2015-07-06,0.747560,0.753210,0.746100,0.749700
2015-07-07,0.749680,0.750030,0.739700,0.745000
2015-07-08,0.745010,0.745850,0.737130,0.742760
2015-07-09,0.742750,0.749070,0.739120,0.744460
2015-07-10,0.744470,0.749570,0.740850,0.743750
2015-07-13,0.740920,0.746770,0.738220,0.740510
2015-07-14,0.740450,0.747800,0.738670,0.744910
2015-07-15,0.744900,0.748770,0.735280,0.737680
2015-07-16,0.737660,0.743610,0.734880,0.740200
2015-07-17,0.740170,0.741780,0.736670,0.737790
2015-07-20,0.737640,0.739670,0.732680,0.736810
2015-07-21,0.736800,0.744900,0.734030,0.741710
2015-07-22,0.741730,0.743830,0.736030,0.737320
2015-07-23,0.737330,0.741690,0.735150,0.735540
2015-07-24,0.735260,0.736160,0.725940,0.728370
2015-07-27,0.726950,0.732430,0.726510,0.726740
2015-07-28,0.726760,0.734380,0.725670,0.733450
2015-07-29,0.733530,0.735050,0.728200,0.729420
2015-07-30,0.729040,0.732220,0.725470,0.729150
2015-07-31,0.728860,0.736620,0.723420,0.729780
2015-08-03,0.731570,0.731570,0.725960,0.728430
2015-08-04,0.728290,0.742810,0.726280,0.737490
2015-08-05,0.737750,0.739470,0.733370,0.735370
2015-08-06,0.735360,0.739250,0.731450,0.734470
2015-08-07,0.734150,0.741920,0.733340,0.741790
2015-08-10,0.741120,0.742190,0.735300,0.740960
2015-08-11,0.740900,0.743900,0.728280,0.729980
2015-08-12,0.729920,0.738700,0.721430,0.736660
2015-08-13,0.737400,0.740870,0.732260,0.735370
2015-08-14,0.735740,0.739720,0.735350,0.737260
2015-08-17,0.737210,0.738870,0.734340,0.736740
2015-08-18,0.736760,0.738560,0.731950,0.733700
2015-08-19,0.733800,0.737500,0.731170,0.733680
2015-08-20,0.734440,0.737250,0.728440,0.733380
2015-08-21,0.733310,0.735980,0.728620,0.731020
2015-08-24,0.729830,0.731110,0.704040,0.714410
2015-08-25,0.715110,0.724940,0.711980,0.711980
2015-08-26,0.712400,0.715610,0.706940,0.711800
2015-08-27,0.711030,0.718070,0.709840,0.716170
2015-08-28,0.716140,0.720550,0.712030,0.716940
2015-08-31,0.715040,0.716230,0.708190,0.711140
2015-09-01,0.710820,0.715310,0.701390,0.701740
2015-09-02,0.701330,0.704860,0.698180,0.703750
2015-09-03,0.703640,0.706240,0.699180,0.701530
2015-09-04,0.701310,0.702090,0.690750,0.690790
2015-09-07,0.692160,0.694960,0.691130,0.692010
2015-09-08,0.691910,0.703920,0.691910,0.701490
2015-09-09,0.701170,0.706970,0.700490,0.701550
2015-09-10,0.699950,0.709920,0.694540,0.706930
2015-09-11,0.706100,0.709180,0.703500,0.709030
2015-09-14,0.707970,0.715120,0.706280,0.713490
2015-09-15,0.713460,0.716540,0.708500,0.714010
2015-09-16,0.714000,0.719950,0.712260,0.719500
2015-09-17,0.719440,0.727520,0.713750,0.717210
2015-09-18,0.716600,0.727960,0.716070,0.718760
2015-09-21,0.718290,0.719670,0.712120,0.712920
2015-09-22,0.712790,0.715850,0.705630,0.708770
2015-09-23,0.708810,0.708900,0.698870,0.700190
2015-09-24,0.699940,0.704210,0.693810,0.702200
2015-09-25,0.702190,0.704190,0.697490,0.702500
2015-09-28,0.702570,0.703580,0.697870,0.698860
2015-09-29,0.698850,0.702340,0.693620,0.698330
2015-09-30,0.698340,0.703790,0.698030,0.701560
2015-10-01,0.701280,0.708440,0.699770,0.702950
2015-10-02,0.702680,0.706720,0.700200,0.705050
2015-10-05,0.705440,0.711060,0.704190,0.708050
2015-10-06,0.708100,0.717480,0.706700,0.716300
2015-10-07,0.716440,0.723420,0.714940,0.720770
2015-10-08,0.720470,0.727100,0.716470,0.725770
2015-10-09,0.725830,0.734360,0.724710,0.733230
2015-10-12,0.731540,0.738170,0.730480,0.736000
2015-10-13,0.735960,0.736360,0.724220,0.724230
2015-10-14,0.724240,0.731690,0.719810,0.729950
2015-10-15,0.729860,0.736320,0.726530,0.732850
2015-10-16,0.732700,0.733710,0.724910,0.727040
2015-10-19,0.725540,0.730690,0.723860,0.724800
2015-10-20,0.724530,0.729770,0.724170,0.725950
2015-10-21,0.725900,0.727550,0.720220,0.720620
2015-10-22,0.720530,0.723910,0.718220,0.720800
2015-10-23,0.720510,0.729610,0.719740,0.721570
2015-10-26,0.720900,0.726910,0.720740,0.724320
2015-10-27,0.724240,0.725810,0.717870,0.720000
2015-10-28,0.720020,0.720620,0.708020,0.710120
2015-10-29,0.710120,0.711880,0.706720,0.707950
2015-10-30,0.707960,0.714810,0.707750,0.713310
2015-11-02,0.711460,0.715310,0.711460,0.714480
2015-11-03,0.714490,0.721890,0.710820,0.718370
2015-11-04,0.718440,0.722370,0.713550,0.714700
2015-11-05,0.714560,0.716910,0.712520,0.714140
2015-11-06,0.714040,0.716930,0.702240,0.704080
2015-11-09,0.702510,0.706960,0.702510,0.704660
2015-11-10,0.704240,0.706380,0.701560,0.703110
2015-11-11,0.702820,0.707780,0.702410,0.706070
2015-11-12,0.705840,0.715380,0.705620,0.712480
2015-11-13,0.712450,0.715860,0.710580,0.712630
2015-11-16,0.711850,0.713210,0.708000,0.709530
2015-11-17,0.709470,0.713960,0.707210,0.711130
2015-11-18,0.710660,0.711730,0.706840,0.711090
2015-11-19,0.710650,0.721420,0.710160,0.719380
2015-11-20,0.719200,0.724990,0.718320,0.723640
2015-11-23,0.722870,0.723250,0.715880,0.719100
2015-11-24,0.718940,0.725770,0.718460,0.725380
2015-11-25,0.725570,0.728250,0.722680,0.725140
2015-11-26,0.724980,0.726210,0.721000,0.722490
2015-11-27,0.722400,0.723930,0.718470,0.718980
2015-11-30,0.719130,0.724960,0.717000,0.722560
2015-12-01,0.722550,0.733560,0.722160,0.732300
2015-12-02,0.732000,0.734290,0.729260,0.730890
2015-12-03,0.730750,0.736250,0.728370,0.733990
2015-12-04,0.734210,0.738490,0.727910,0.733630
2015-12-07,0.733840,0.734210,0.725620,0.726710
2015-12-08,0.726500,0.727000,0.718620,0.721560
2015-12-09,0.721140,0.724480,0.717170,0.722960
2015-12-10,0.722760,0.733400,0.722120,0.728030
2015-12-11,0.728010,0.728140,0.718360,0.718360
2015-12-14,0.720090,0.726940,0.715930,0.724100
2015-12-15,0.724320,0.728280,0.716010,0.719040
2015-12-16,0.719130,0.727970,0.717620,0.723120
2015-12-17,0.722920,0.724880,0.709660,0.712730
2015-12-18,0.712480,0.719990,0.711150,0.716790
2015-12-21,0.716900,0.719510,0.715480,0.718920
2015-12-22,0.718630,0.724870,0.718120,0.723400
2015-12-23,0.723330,0.724730,0.720860,0.723540
2015-12-24,0.722920,0.728010,0.722620,0.726710
2015-12-28,0.727410,0.728200,0.724710,0.724800
2015-12-29,0.724630,0.730260,0.724470,0.729410
2015-12-30,0.729390,0.730310,0.727090,0.728470
2015-12-31,0.728320,0.732730,0.726620,0.728960
2016-01-04,0.728160,0.730060,0.715550,0.719010
2016-01-05,0.719050,0.721410,0.713190,0.716000
2016-01-06,0.715850,0.717120,0.704810,0.707050
2016-01-07,0.706960,0.708570,0.698020,0.700960
2016-01-08,0.700900,0.707610,0.695020,0.695020
2016-01-11,0.696910,0.703540,0.692670,0.699280
2016-01-12,0.699280,0.702060,0.693960,0.698400
2016-01-13,0.698120,0.704830,0.694920,0.695420
2016-01-14,0.695440,0.699640,0.690950,0.698390
2016-01-15,0.697800,0.700180,0.682660,0.685830
2016-01-18,0.683610,0.692750,0.683150,0.686340
2016-01-19,0.686300,0.695680,0.683800,0.690500
2016-01-20,0.690540,0.692380,0.682770,0.690610
2016-01-21,0.690660,0.701700,0.687510,0.699690
2016-01-22,0.699640,0.704550,0.698580,0.700200
2016-01-25,0.700140,0.703110,0.694870,0.695350
2016-01-26,0.695280,0.702080,0.691830,0.700290
2016-01-27,0.700310,0.708110,0.699180,0.702490
2016-01-28,0.702430,0.712820,0.700760,0.708190
2016-01-29,0.708190,0.714070,0.705820,0.708250
2016-02-01,0.707960,0.712080,0.704200,0.711220
2016-02-02,0.711030,0.712880,0.703410,0.703660
2016-02-03,0.703690,0.718860,0.700230,0.716660
2016-02-04,0.716360,0.724230,0.715300,0.719880
2016-02-05,0.719880,0.721950,0.706330,0.706340
2016-02-08,0.706720,0.712810,0.705010,0.708470
2016-02-09,0.708510,0.709550,0.697310,0.707000
2016-02-10,0.706970,0.712480,0.703720,0.709360
2016-02-11,0.709350,0.715290,0.698340,0.710730
2016-02-12,0.710760,0.712770,0.706330,0.709760
2016-02-15,0.710040,0.717110,0.709940,0.713420
2016-02-16,0.713460,0.718130,0.708110,0.710930
2016-02-17,0.710810,0.718650,0.708390,0.718370
2016-02-18,0.718070,0.718370,0.713260,0.715600
2016-02-19,0.715590,0.716140,0.706870,0.714730
2016-02-22,0.715560,0.724660,0.713570,0.722680
2016-02-23,0.722580,0.725870,0.720000,0.720160
2016-02-24,0.720060,0.721300,0.714550,0.719410
2016-02-25,0.719390,0.724290,0.715610,0.723480
2016-02-26,0.723190,0.725630,0.711770,0.712200
2016-02-29,0.712110,0.716750,0.710840,0.713880
2016-03-01,0.713850,0.719160,0.710880,0.717250
2016-03-02,0.717180,0.730050,0.716430,0.729540
2016-03-03,0.729240,0.737340,0.728100,0.735060
2016-03-04,0.734970,0.744260,0.733950,0.743600
2016-03-07,0.740210,0.748410,0.739210,0.746620
2016-03-08,0.746610,0.747190,0.740970,0.743730
2016-03-09,0.743370,0.752750,0.741180,0.748410
2016-03-10,0.748370,0.751150,0.742650,0.745320
2016-03-11,0.745320,0.758300,0.744610,0.755960
2016-03-14,0.754780,0.759310,0.749160,0.750720
2016-03-15,0.750720,0.752730,0.744490,0.745930
2016-03-16,0.745990,0.757790,0.741430,0.756190
2016-03-17,0.756190,0.765650,0.753310,0.763640
2016-03-18,0.763780,0.767970,0.759460,0.759770
2016-03-21,0.759440,0.762610,0.756810,0.758030
2016-03-22,0.758030,0.764240,0.755070,0.761460
2016-03-23,0.761470,0.764830,0.751910,0.753470
2016-03-24,0.753420,0.753670,0.747680,0.752530
2016-03-25,0.752470,0.753480,0.749760,0.750450
2016-03-28,0.750940,0.755750,0.749280,0.754370
2016-03-29,0.754130,0.764480,0.750970,0.762550
2016-03-30,0.762440,0.770840,0.761470,0.766970
2016-03-31,0.766870,0.772240,0.763380,0.765680
2016-04-01,0.765550,0.770030,0.759870,0.767590
2016-04-04,0.766950,0.767780,0.759810,0.760200
2016-04-05,0.760200,0.763020,0.750960,0.754150
2016-04-06,0.754090,0.761900,0.753230,0.759680
2016-04-07,0.759560,0.763700,0.749140,0.750290
2016-04-08,0.750210,0.757900,0.749990,0.753980
2016-04-11,0.754000,0.762960,0.752770,0.759460
2016-04-12,0.759240,0.768920,0.758310,0.768080
2016-04-13,0.768020,0.771550,0.763370,0.765040
2016-04-14,0.765060,0.773660,0.761870,0.769260
2016-04-15,0.769220,0.773410,0.768030,0.772040
2016-04-18,0.764770,0.775710,0.763090,0.774710
2016-04-19,0.774710,0.782570,0.774560,0.781140
2016-04-20,0.781190,0.782870,0.776650,0.779190
2016-04-21,0.778980,0.783420,0.773240,0.773770
2016-04-22,0.773450,0.777390,0.769340,0.770730
2016-04-25,0.769200,0.772850,0.769070,0.771300
2016-04-26,0.771270,0.776480,0.769630,0.774690
2016-04-27,0.774550,0.776490,0.754800,0.758590
2016-04-28,0.760800,0.765720,0.756920,0.762270
2016-04-29,0.762270,0.766800,0.758700,0.760550
2016-05-02,0.759460,0.767100,0.759020,0.766520
2016-05-03,0.766270,0.771940,0.748300,0.748330
2016-05-04,0.748130,0.751710,0.744650,0.745280
2016-05-05,0.745280,0.751340,0.745150,0.746410
2016-05-06,0.746260,0.747780,0.733710,0.736380
2016-05-09,0.735300,0.738480,0.730710,0.731470
2016-05-10,0.731370,0.737360,0.729960,0.736210
2016-05-11,0.736050,0.740160,0.733550,0.737330
2016-05-12,0.737390,0.737940,0.730960,0.732310
2016-05-13,0.732120,0.732330,0.725350,0.726970
2016-05-16,0.724660,0.730840,0.724660,0.728850
2016-05-17,0.728630,0.736590,0.728180,0.732340
2016-05-18,0.732150,0.733090,0.722120,0.722820
2016-05-19,0.722670,0.724170,0.717610,0.722700
2016-05-20,0.722580,0.724910,0.721130,0.722080
2016-05-23,0.721810,0.725950,0.719450,0.722190
2016-05-24,0.722140,0.722770,0.714470,0.718230
2016-05-25,0.717870,0.721860,0.715850,0.719760
2016-05-26,0.719660,0.724330,0.716140,0.722470
2016-05-27,0.722370,0.723450,0.717180,0.718350
2016-05-30,0.717610,0.718690,0.714830,0.718140
2016-05-31,0.717970,0.726660,0.717890,0.723150
2016-06-01,0.722890,0.729870,0.722690,0.725660
2016-06-02,0.725490,0.726880,0.720120,0.722840
2016-06-03,0.722770,0.736790,0.721770,0.736510
2016-06-06,0.736650,0.737970,0.731480,0.736480
2016-06-07,0.736000,0.746320,0.735910,0.745800
2016-06-08,0.745200,0.748140,0.742990,0.747130
2016-06-09,0.747840,0.750390,0.741990,0.742870
2016-06-10,0.742620,0.743720,0.736870,0.737440
2016-06-13,0.737450,0.741000,0.735890,0.738480
2016-06-14,0.738480,0.740410,0.733020,0.735640
2016-06-15,0.735510,0.744550,0.733340,0.740490
2016-06-16,0.740460,0.744010,0.728490,0.736100
2016-06-17,0.736030,0.741030,0.735890,0.737210
2016-06-20,0.738810,0.748070,0.738810,0.745210
2016-06-21,0.745160,0.751210,0.744910,0.744920
2016-06-22,0.744610,0.752600,0.744080,0.749830
2016-06-23,0.749010,0.761410,0.748970,0.761070
2016-06-24,0.760980,0.764380,0.730400,0.746470
2016-06-27,0.741830,0.745090,0.732420,0.732620
2016-06-28,0.732610,0.741460,0.732590,0.738610
2016-06-29,0.738110,0.745590,0.738040,0.744880
2016-06-30,0.744690,0.747210,0.737080,0.745060
2016-07-01,0.744700,0.750260,0.743660,0.749690
2016-07-04,0.744410,0.754410,0.744330,0.753840
2016-07-05,0.753320,0.754390,0.745320,0.746170
2016-07-06,0.745730,0.752850,0.740750,0.751860
2016-07-07,0.751660,0.753820,0.746640,0.747620
2016-07-08,0.747680,0.757300,0.746980,0.755990
2016-07-11,0.756170,0.757510,0.752130,0.753090
2016-07-12,0.752970,0.765760,0.752970,0.762190
2016-07-13,0.761790,0.763780,0.757740,0.760660
2016-07-14,0.760510,0.765260,0.759090,0.763020
2016-07-15,0.762880,0.767580,0.755820,0.756300
2016-07-18,0.758820,0.760610,0.757470,0.759050
2016-07-19,0.758880,0.759030,0.747570,0.750310
2016-07-20,0.750170,0.751670,0.746170,0.747440
2016-07-21,0.746920,0.751360,0.745270,0.749300
2016-07-22,0.749260,0.750750,0.744220,0.746230
2016-07-25,0.745910,0.749190,0.745120,0.746920
2016-07-26,0.746760,0.753960,0.746230,0.750170
2016-07-27,0.750010,0.756510,0.742020,0.749050
2016-07-28,0.748740,0.754880,0.748610,0.750320
2016-07-29,0.749730,0.761000,0.749270,0.759810
2016-08-01,0.759050,0.761510,0.752830,0.753440
2016-08-02,0.753400,0.763730,0.748530,0.760640
2016-08-03,0.760540,0.761370,0.756780,0.758580
2016-08-04,0.758650,0.764010,0.758340,0.762560
2016-08-05,0.762180,0.766370,0.759710,0.761570
2016-08-08,0.761260,0.767180,0.759690,0.764990
2016-08-09,0.764810,0.768640,0.762150,0.767160
2016-08-10,0.766650,0.775530,0.766120,0.769870
2016-08-11,0.769600,0.775190,0.769100,0.769770
2016-08-12,0.769770,0.772430,0.764570,0.764840
2016-08-15,0.765370,0.769100,0.763590,0.767160
2016-08-16,0.767180,0.774880,0.765340,0.769310
2016-08-17,0.769210,0.770760,0.760860,0.765310
2016-08-18,0.765280,0.772270,0.764880,0.768520
2016-08-19,0.768390,0.769030,0.759870,0.762560
2016-08-22,0.759930,0.763950,0.758330,0.762480
2016-08-23,0.760920,0.765450,0.760920,0.761380
2016-08-24,0.761250,0.763330,0.758790,0.761210
2016-08-25,0.761170,0.763860,0.760150,0.761530
2016-08-26,0.761460,0.769160,0.755060,0.755380
2016-08-29,0.755710,0.758100,0.752450,0.756840
2016-08-30,0.756520,0.757950,0.749990,0.750800
2016-08-31,0.750680,0.753270,0.748960,0.751690
2016-09-01,0.751290,0.755840,0.750390,0.755010
2016-09-02,0.754580,0.761530,0.753560,0.755180
2016-09-05,0.756840,0.760590,0.756240,0.758010
2016-09-06,0.757700,0.768740,0.757700,0.768620
2016-09-07,0.768720,0.769710,0.765080,0.767050
2016-09-08,0.766680,0.773160,0.763590,0.764080
2016-09-09,0.764070,0.765640,0.753580,0.753580
2016-09-12,0.753620,0.756630,0.749360,0.756550
2016-09-13,0.756310,0.756760,0.744160,0.746090
2016-09-14,0.746260,0.749530,0.745040,0.746830
2016-09-15,0.746620,0.752220,0.744560,0.751420
2016-09-16,0.751450,0.752620,0.747460,0.749040
2016-09-19,0.748040,0.757250,0.747500,0.753280
2016-09-20,0.753090,0.756450,0.751810,0.755450
2016-09-21,0.755420,0.762980,0.753390,0.762200
2016-09-22,0.762350,0.767430,0.760610,0.764070
2016-09-23,0.764180,0.765280,0.760210,0.760210
2016-09-26,0.761190,0.764890,0.760240,0.763450
2016-09-27,0.763190,0.769510,0.761090,0.766470
2016-09-28,0.766500,0.769280,0.764430,0.769100
2016-09-29,0.769210,0.770960,0.762290,0.763410
2016-09-30,0.763350,0.767100,0.758930,0.765580
2016-10-03,0.765280,0.768090,0.763990,0.767090
2016-10-04,0.767080,0.769030,0.760760,0.761870
2016-10-05,0.761770,0.764430,0.759220,0.762000
2016-10-06,0.761970,0.762210,0.756170,0.758410
2016-10-07,0.758300,0.762370,0.755270,0.758390
2016-10-10,0.760070,0.762810,0.757970,0.760580
2016-10-11,0.760480,0.760900,0.753300,0.753790
2016-10-12,0.753350,0.759200,0.753240,0.756050
2016-10-13,0.755870,0.758110,0.750580,0.756740
2016-10-14,0.756650,0.764710,0.755580,0.761120
2016-10-17,0.761520,0.762810,0.758080,0.762770
2016-10-18,0.762490,0.768910,0.762410,0.766480
2016-10-19,0.766340,0.772860,0.765870,0.772280
2016-10-20,0.771940,0.773400,0.762090,0.762440
2016-10-21,0.762330,0.765060,0.758690,0.760530
2016-10-24,0.760630,0.764030,0.759080,0.760850
2016-10-25,0.760900,0.765440,0.758870,0.764600
2016-10-26,0.764330,0.770860,0.762500,0.764890
2016-10-27,0.764730,0.765190,0.758120,0.758700
2016-10-28,0.758630,0.760740,0.755730,0.758840
2016-10-31,0.759670,0.761850,0.758260,0.760630
2016-11-01,0.760610,0.768850,0.759760,0.765510
2016-11-02,0.765480,0.767780,0.761220,0.765700
2016-11-03,0.765700,0.768740,0.763650,0.768050
2016-11-04,0.768050,0.769670,0.765160,0.767070
2016-11-07,0.767320,0.772890,0.765640,0.772630
2016-11-08,0.772470,0.777770,0.768860,0.776120
2016-11-09,0.775750,0.777120,0.757870,0.763430
2016-11-10,0.763030,0.774160,0.756750,0.761110
2016-11-11,0.761120,0.762920,0.752470,0.753090
2016-11-14,0.754250,0.756510,0.752330,0.755130
2016-11-15,0.755180,0.758070,0.751110,0.755710
2016-11-16,0.755570,0.757080,0.745980,0.747790
2016-11-17,0.747610,0.750100,0.739620,0.740340
2016-11-18,0.740100,0.741750,0.731660,0.731660
2016-11-21,0.732900,0.738140,0.731050,0.736650
2016-11-22,0.736280,0.741300,0.736100,0.740080
2016-11-23,0.740070,0.744470,0.737220,0.738140
2016-11-24,0.738110,0.741790,0.736390,0.740610
2016-11-25,0.740380,0.746770,0.739990,0.742430
2016-11-28,0.744140,0.749320,0.743250,0.748160
2016-11-29,0.747790,0.749690,0.743190,0.748280
2016-11-30,0.748110,0.749690,0.737350,0.738270
2016-12-01,0.738250,0.742100,0.736950,0.741310
2016-12-02,0.741340,0.746850,0.740040,0.744890
2016-12-05,0.744840,0.749740,0.741150,0.747060
2016-12-06,0.746990,0.748270,0.743080,0.746000
2016-12-07,0.745550,0.748280,0.741590,0.748160
2016-12-08,0.747730,0.750740,0.742810,0.746170
2016-12-09,0.745970,0.749540,0.742780,0.742780
2016-12-12,0.743520,0.750360,0.743030,0.749480
2016-12-13,0.749480,0.752290,0.747530,0.749840
2016-12-14,0.749660,0.752430,0.739380,0.740430
2016-12-15,0.740100,0.743030,0.733700,0.735750
2016-12-16,0.735680,0.736880,0.726570,0.728390
2016-12-19,0.728070,0.731240,0.724180,0.724360
2016-12-20,0.724330,0.726190,0.722250,0.725830
2016-12-21,0.725760,0.727920,0.723420,0.723570
2016-12-22,0.723250,0.725750,0.719680,0.721530
2016-12-23,0.721520,0.722690,0.715580,0.715580
2016-12-26,0.719080,0.722520,0.703260,0.718810
2016-12-27,0.717980,0.719650,0.717200,0.718560
2016-12-28,0.717880,0.721930,0.716310,0.717560
2016-12-29,0.717130,0.722310,0.716190,0.721820
2016-12-30,0.721200,0.724640,0.718000,0.718000
2017-01-02,0.720640,0.721750,0.716390,0.717380
2017-01-03,0.717360,0.724070,0.717360,0.721640
2017-01-04,0.721370,0.728600,0.721330,0.728110
2017-01-05,0.727880,0.735640,0.727220,0.733380
2017-01-06,0.733290,0.735450,0.728800,0.729560
2017-01-09,0.729060,0.737330,0.728700,0.735300
2017-01-10,0.735180,0.738420,0.733060,0.736620
2017-01-11,0.736430,0.747120,0.735170,0.744070
2017-01-12,0.743770,0.751800,0.742940,0.748110
2017-01-13,0.747970,0.750800,0.744840,0.748080
2017-01-16,0.748160,0.750490,0.745770,0.747450
2017-01-17,0.747410,0.756800,0.746430,0.756420
2017-01-18,0.756240,0.756600,0.750220,0.750380
2017-01-19,0.750620,0.757380,0.749280,0.755980
2017-01-20,0.755830,0.758810,0.751710,0.753590
2017-01-23,0.755280,0.758880,0.754970,0.758220
2017-01-24,0.758230,0.760870,0.755290,0.758100
2017-01-25,0.757560,0.759780,0.751460,0.756960
2017-01-26,0.757030,0.758440,0.752120,0.753390
2017-01-27,0.753280,0.757250,0.751090,0.754430
2017-01-30,0.755480,0.756640,0.752750,0.755230
2017-01-31,0.755040,0.760510,0.754160,0.758240
2017-02-01,0.758550,0.759630,0.755060,0.758210
2017-02-02,0.758560,0.769560,0.757680,0.765630
2017-02-03,0.765630,0.769500,0.761860,0.766190
2017-02-06,0.764340,0.768260,0.762900,0.765750
2017-02-07,0.765610,0.768050,0.760510,0.762650
2017-02-08,0.762520,0.766530,0.761090,0.764310
2017-02-09,0.764330,0.766360,0.761000,0.762350
2017-02-10,0.762260,0.768830,0.761720,0.766590
2017-02-13,0.767660,0.767960,0.763030,0.763960
2017-02-14,0.763790,0.769590,0.761750,0.766130
2017-02-15,0.766020,0.771900,0.763650,0.770900
2017-02-16,0.770890,0.773160,0.768410,0.769250
2017-02-17,0.769240,0.771240,0.764520,0.764520
2017-02-20,0.767170,0.768980,0.765880,0.768640
2017-02-21,0.768560,0.769020,0.764910,0.767350
2017-02-22,0.767170,0.771440,0.766630,0.770170
2017-02-23,0.769940,0.774040,0.766460,0.771430
2017-02-24,0.771250,0.772000,0.766340,0.766340
2017-02-27,0.767800,0.770740,0.766220,0.767170
2017-02-28,0.767020,0.769440,0.764580,0.765590
2017-03-01,0.765450,0.769940,0.763600,0.767530
2017-03-02,0.767550,0.768160,0.755710,0.757090
2017-03-03,0.757000,0.759780,0.754240,0.757690
2017-03-06,0.758360,0.760910,0.756970,0.757850
2017-03-07,0.757690,0.763230,0.757250,0.758670
2017-03-08,0.758660,0.760840,0.752500,0.752570
2017-03-09,0.752550,0.753360,0.749060,0.750500
2017-03-10,0.750460,0.755650,0.749770,0.754040
2017-03-13,0.754550,0.759190,0.753340,0.757020
2017-03-14,0.757020,0.757920,0.753980,0.755920
2017-03-15,0.755920,0.771870,0.755470,0.770520
2017-03-16,0.770520,0.771730,0.766330,0.768050
2017-03-17,0.768020,0.771740,0.766280,0.770360
2017-03-20,0.769910,0.774760,0.769660,0.772870
2017-03-21,0.772870,0.774910,0.768220,0.768480
2017-03-22,0.768490,0.768880,0.763880,0.767420
2017-03-23,0.767400,0.767640,0.762190,0.762570
2017-03-24,0.762550,0.764000,0.760350,0.762150
2017-03-27,0.763100,0.764770,0.760770,0.761630
2017-03-28,0.761370,0.765410,0.758690,0.763360
2017-03-29,0.763110,0.767470,0.762870,0.766850
2017-03-30,0.766690,0.767910,0.763880,0.763890
2017-03-31,0.763920,0.766240,0.762180,0.762650
2017-04-03,0.762340,0.763970,0.759080,0.760330
2017-04-04,0.760170,0.761460,0.754470,0.756380
2017-04-05,0.756370,0.758700,0.755740,0.756830
2017-04-06,0.756830,0.757630,0.753190,0.754350
2017-04-07,0.754350,0.754550,0.748080,0.748080
2017-04-10,0.749070,0.750840,0.747560,0.749950
2017-04-11,0.749960,0.751440,0.747360,0.749700
2017-04-12,0.749560,0.752820,0.747270,0.752180
2017-04-13,0.751890,0.759510,0.751720,0.756700
2017-04-14,0.755740,0.758200,0.755630,0.757170
2017-04-17,0.757340,0.761020,0.756670,0.758790
2017-04-18,0.758790,0.759580,0.753350,0.755850
2017-04-19,0.755840,0.756210,0.749110,0.749580
2017-04-20,0.749620,0.754660,0.748850,0.752540
2017-04-21,0.752450,0.754540,0.751510,0.752670
2017-04-24,0.756890,0.758390,0.753830,0.756780
2017-04-25,0.756770,0.757150,0.752000,0.753340
2017-04-26,0.753380,0.755330,0.745460,0.747260
2017-04-27,0.747210,0.749200,0.743960,0.746370
2017-04-28,0.746380,0.749050,0.744750,0.746030
2017-05-01,0.746730,0.754000,0.746730,0.752440
2017-05-02,0.752450,0.755570,0.751000,0.753550
2017-05-03,0.753330,0.754570,0.741900,0.742200
2017-05-04,0.741850,0.742970,0.738250,0.740800
2017-05-05,0.740800,0.742610,0.736720,0.741100
2017-05-08,0.741190,0.742410,0.737740,0.738560
2017-05-09,0.738560,0.739780,0.732850,0.734310
2017-05-10,0.734310,0.739430,0.733830,0.736410
2017-05-11,0.736370,0.738260,0.733260,0.737790
2017-05-12,0.737790,0.742060,0.736700,0.737830
2017-05-15,0.739050,0.744540,0.738420,0.741130
2017-05-16,0.741040,0.743760,0.739470,0.742490
2017-05-17,0.742470,0.744320,0.738840,0.742980
2017-05-18,0.742980,0.746650,0.740780,0.741680
2017-05-19,0.741680,0.746900,0.740600,0.745540
2017-05-22,0.745010,0.748820,0.743340,0.747400
2017-05-23,0.747370,0.751690,0.746580,0.747520
2017-05-24,0.747500,0.750730,0.744210,0.750170
2017-05-25,0.750130,0.751560,0.745020,0.745170
2017-05-26,0.745200,0.746070,0.742150,0.743600
2017-05-29,0.743750,0.744990,0.742650,0.743750
2017-05-30,0.743700,0.746920,0.741570,0.746360
2017-05-31,0.746410,0.747560,0.742420,0.742950
2017-06-01,0.742940,0.745400,0.737210,0.737230
2017-06-02,0.737210,0.744610,0.736600,0.743570
2017-06-05,0.742380,0.749810,0.742180,0.748510
2017-06-06,0.748220,0.752190,0.745670,0.750510
2017-06-07,0.750450,0.756620,0.749940,0.754970
2017-06-08,0.754710,0.755410,0.752450,0.754510
2017-06-09,0.754200,0.754480,0.751900,0.752660
2017-06-12,0.752920,0.754680,0.752110,0.754060
2017-06-13,0.753700,0.756440,0.752390,0.753580
2017-06-14,0.753630,0.763510,0.753200,0.758830
2017-06-15,0.758620,0.763120,0.756780,0.757860
2017-06-16,0.757500,0.762940,0.756970,0.761310
2017-06-19,0.761430,0.762870,0.758460,0.759690
2017-06-20,0.759340,0.762350,0.757020,0.757890
2017-06-21,0.757840,0.758490,0.754260,0.755220
2017-06-22,0.755220,0.756190,0.753500,0.753970
2017-06-23,0.753730,0.758220,0.753730,0.755960
2017-06-26,0.756230,0.759910,0.756220,0.758430
2017-06-27,0.757830,0.762430,0.757660,0.758250
2017-06-28,0.757880,0.764440,0.757270,0.763700
2017-06-29,0.763580,0.768600,0.763460,0.768230
2017-06-30,0.767760,0.771190,0.766680,0.768540
2017-07-03,0.767910,0.769480,0.764400,0.765610
2017-07-04,0.765410,0.768240,0.759070,0.760390
2017-07-05,0.759780,0.763170,0.757080,0.760350
2017-07-06,0.759920,0.761440,0.757660,0.758340
2017-07-07,0.758220,0.762300,0.757180,0.759810
2017-07-10,0.759900,0.761430,0.758600,0.760560
2017-07-11,0.760470,0.764220,0.759280,0.763540
2017-07-12,0.763460,0.768510,0.763360,0.767680
2017-07-13,0.767290,0.773940,0.767290,0.773060
2017-07-14,0.772730,0.783350,0.772560,0.782460
2017-07-17,0.782330,0.783820,0.779170,0.779630
2017-07-18,0.779710,0.794250,0.778580,0.791760
2017-07-19,0.791480,0.795860,0.790870,0.795290
2017-07-20,0.794570,0.798860,0.789690,0.795690
2017-07-21,0.795310,0.795910,0.787450,0.791260
2017-07-24,0.790580,0.796720,0.790300,0.792340
2017-07-25,0.792290,0.797000,0.790210,0.793620
2017-07-26,0.793840,0.801310,0.787760,0.799900
2017-07-27,0.800340,0.806510,0.795590,0.796500
2017-07-28,0.796390,0.800690,0.793650,0.798430
2017-07-31,0.798100,0.800240,0.795560,0.799990
2017-08-01,0.800070,0.804230,0.796020,0.796720
2017-08-02,0.796700,0.799250,0.794090,0.796490
2017-08-03,0.796360,0.796800,0.791370,0.794690
2017-08-04,0.794700,0.797920,0.789090,0.792220
2017-08-07,0.791490,0.794810,0.789860,0.791170
2017-08-08,0.790770,0.794240,0.788660,0.790920
2017-08-09,0.790950,0.791410,0.785470,0.788750
2017-08-10,0.788670,0.791010,0.786610,0.787350
2017-08-11,0.787140,0.790890,0.783850,0.789140
2017-08-14,0.789030,0.791850,0.784420,0.785110
2017-08-15,0.784960,0.787620,0.780740,0.781950
2017-08-16,0.782120,0.793370,0.781590,0.793110
2017-08-17,0.792360,0.796230,0.787990,0.788200
2017-08-18,0.788250,0.794370,0.786900,0.792220
2017-08-21,0.792560,0.795030,0.791030,0.793890
2017-08-22,0.793570,0.795040,0.789720,0.791130
2017-08-23,0.790900,0.791790,0.788180,0.790300
2017-08-24,0.789980,0.791550,0.786620,0.790060
2017-08-25,0.790030,0.795350,0.788480,0.793140
2017-08-28,0.792970,0.797260,0.792510,0.796440
2017-08-29,0.796630,0.798270,0.790500,0.795250
2017-08-30,0.794000,0.799520,0.788960,0.789950
2017-08-31,0.789790,0.794960,0.787100,0.794610
2017-09-01,0.794430,0.799400,0.792120,0.796680
2017-09-04,0.794710,0.797240,0.794040,0.794180
2017-09-05,0.794180,0.802780,0.794160,0.799550
2017-09-06,0.799490,0.802030,0.796300,0.799950
2017-09-07,0.799950,0.804820,0.797390,0.804630
2017-09-08,0.804630,0.812470,0.804240,0.804760
2017-09-11,0.805450,0.805790,0.801820,0.802720
2017-09-12,0.802590,0.804880,0.799800,0.801270
2017-09-13,0.801270,0.804400,0.797050,0.798410
2017-09-14,0.798410,0.801630,0.795560,0.800260
2017-09-15,0.800300,0.803510,0.798640,0.799880
2017-09-18,0.799550,0.803510,0.793990,0.795620
2017-09-19,0.795620,0.801990,0.795050,0.800940
2017-09-20,0.800940,0.810190,0.798540,0.803090
2017-09-21,0.803090,0.803600,0.791700,0.792500
2017-09-22,0.792470,0.798630,0.790800,0.795820
2017-09-25,0.795110,0.797350,0.792620,0.793600
2017-09-26,0.793600,0.794870,0.785900,0.788520
2017-09-27,0.788520,0.788850,0.783610,0.784770
2017-09-28,0.784770,0.786010,0.779960,0.785390
2017-09-29,0.785400,0.785690,0.781650,0.783090
2017-10-02,0.783250,0.784750,0.779530,0.782500
2017-10-03,0.782500,0.783850,0.778520,0.783430
2017-10-04,0.783450,0.787490,0.782970,0.786370
2017-10-05,0.786110,0.786520,0.778670,0.779420
2017-10-06,0.779420,0.779820,0.773300,0.776170
2017-10-09,0.776870,0.778210,0.774740,0.775060
2017-10-10,0.775070,0.779680,0.774870,0.777740
2017-10-11,0.777740,0.780930,0.777070,0.778750
2017-10-12,0.778750,0.783580,0.778300,0.781860
2017-10-13,0.781860,0.789740,0.781450,0.788160
2017-10-16,0.788270,0.788950,0.784280,0.784960
2017-10-17,0.784960,0.786080,0.781820,0.784470
2017-10-18,0.784470,0.785790,0.781890,0.784590
2017-10-19,0.784590,0.788390,0.784080,0.787560
2017-10-20,0.787560,0.788190,0.780830,0.781120
2017-10-23,0.781890,0.783450,0.779620,0.780590
2017-10-24,0.780590,0.782470,0.777040,0.777550
2017-10-25,0.777550,0.778400,0.769010,0.770290
2017-10-26,0.770290,0.771890,0.765510,0.765620
2017-10-27,0.765620,0.767810,0.762510,0.767560
2017-10-30,0.767390,0.769100,0.765560,0.768770
2017-10-31,0.768770,0.769870,0.763970,0.765570
2017-11-01,0.765590,0.769590,0.764820,0.767510
2017-11-02,0.767510,0.772620,0.767250,0.771370
2017-11-03,0.771370,0.771570,0.763900,0.764920
2017-11-06,0.764780,0.769200,0.763820,0.768870
2017-11-07,0.768870,0.770060,0.762730,0.764220
2017-11-08,0.764220,0.768470,0.763580,0.767420
2017-11-09,0.767420,0.769360,0.764940,0.767830
2017-11-10,0.767830,0.769500,0.765280,0.765280
2017-11-13,0.764850,0.766550,0.761660,0.762090
2017-11-14,0.762090,0.764980,0.760860,0.762840
2017-11-15,0.762840,0.763230,0.757320,0.758800
2017-11-16,0.758800,0.760940,0.756890,0.758720
2017-11-17,0.758720,0.760790,0.753610,0.756460
2017-11-20,0.756490,0.757380,0.754390,0.754990
2017-11-21,0.754990,0.759010,0.753220,0.757670
2017-11-22,0.757670,0.762340,0.755520,0.761250
2017-11-23,0.761250,0.763850,0.760360,0.762300
2017-11-24,0.762320,0.763180,0.760660,0.761430
2017-11-27,0.761490,0.764460,0.759310,0.760190
2017-11-28,0.760190,0.761990,0.758790,0.759330
2017-11-29,0.759330,0.760770,0.755210,0.756340
2017-11-30,0.756400,0.759450,0.755650,0.756390
2017-12-01,0.756390,0.763880,0.755110,0.760850
2017-12-04,0.759160,0.761400,0.757940,0.759730
2017-12-05,0.759550,0.765370,0.759530,0.760720
2017-12-06,0.760720,0.763460,0.755850,0.756120
2017-12-07,0.756120,0.756950,0.750520,0.751090
2017-12-08,0.751090,0.753360,0.750140,0.750820
2017-12-11,0.750810,0.754550,0.750320,0.752560
2017-12-12,0.752560,0.758010,0.751930,0.755460
2017-12-13,0.755460,0.763950,0.755250,0.763600
2017-12-14,0.763600,0.767960,0.762660,0.766430
2017-12-15,0.766380,0.769450,0.763500,0.764610
2017-12-18,0.764440,0.767760,0.764060,0.765880
2017-12-19,0.765880,0.768390,0.764590,0.766170
2017-12-20,0.766240,0.767950,0.765120,0.766540
2017-12-21,0.766490,0.770720,0.765340,0.769920
2017-12-22,0.769980,0.772050,0.769930,0.771410
2017-12-26,0.771890,0.773000,0.771220,0.772720
2017-12-27,0.772640,0.777910,0.772360,0.776710
2017-12-28,0.776710,0.780940,0.776400,0.778780
2017-12-29,0.778780,0.782470,0.778780,0.780650
2018-01-02,0.779810,0.784470,0.779390,0.782550
2018-01-03,0.782550,0.784470,0.780510,0.783390
2018-01-04,0.783390,0.786630,0.781420,0.786080
2018-01-05,0.786080,0.787460,0.783480,0.786250
2018-01-08,0.786250,0.787250,0.782690,0.783970
2018-01-09,0.784030,0.786440,0.780740,0.782280
2018-01-10,0.782290,0.786700,0.780820,0.784070
2018-01-11,0.784070,0.789440,0.783690,0.789120
2018-01-12,0.789120,0.792440,0.784800,0.791620
2018-01-15,0.790040,0.797860,0.790040,0.796250
2018-01-16,0.796250,0.797460,0.793680,0.795640
2018-01-17,0.795630,0.802260,0.794020,0.796840
2018-01-18,0.796840,0.800700,0.794160,0.799760
2018-01-19,0.799750,0.803860,0.797840,0.798510
2018-01-22,0.798510,0.802700,0.797870,0.801480
2018-01-23,0.801480,0.802950,0.795620,0.799710
2018-01-24,0.799700,0.808270,0.799340,0.806190
2018-01-25,0.806080,0.811850,0.801120,0.801940
2018-01-26,0.801940,0.813570,0.800460,0.810960
2018-01-29,0.809830,0.811790,0.807420,0.809190
2018-01-30,0.809210,0.811340,0.804210,0.807970
2018-01-31,0.807900,0.811670,0.803470,0.805380
2018-02-01,0.805380,0.806720,0.798740,0.803820
2018-02-02,0.803820,0.804390,0.791780,0.792100
2018-02-05,0.791200,0.795370,0.787500,0.787660
2018-02-06,0.787480,0.790990,0.783550,0.790450
2018-02-07,0.790450,0.790790,0.781650,0.782090
2018-02-08,0.782150,0.784310,0.777560,0.777920
2018-02-09,0.777920,0.783020,0.775890,0.781460
2018-02-12,0.781340,0.786350,0.780410,0.785880
2018-02-13,0.785900,0.787650,0.782760,0.785860
2018-02-14,0.785860,0.793410,0.777300,0.792540
2018-02-15,0.792540,0.796640,0.789180,0.794180
2018-02-16,0.794180,0.798830,0.789240,0.790450
2018-02-19,0.790640,0.793520,0.789810,0.791110
2018-02-20,0.791160,0.793350,0.787370,0.788160
2018-02-21,0.788070,0.790080,0.780250,0.780320
2018-02-22,0.780320,0.785970,0.779030,0.784470
2018-02-23,0.784480,0.784720,0.780410,0.784090
2018-02-26,0.783870,0.789310,0.782560,0.785210
2018-02-27,0.785210,0.786830,0.778320,0.778740
2018-02-28,0.778750,0.781890,0.776020,0.776040
2018-03-01,0.776050,0.776930,0.771230,0.775340
2018-03-02,0.775340,0.777350,0.773730,0.776270
2018-03-05,0.776060,0.777000,0.772550,0.776340
2018-03-06,0.776340,0.784210,0.775630,0.782650
2018-03-07,0.782670,0.782990,0.777130,0.782230
2018-03-08,0.782280,0.783840,0.777250,0.778600
2018-03-09,0.778590,0.785380,0.777620,0.784680
2018-03-12,0.784960,0.787960,0.784720,0.787330
2018-03-13,0.787330,0.789750,0.784570,0.785540
2018-03-14,0.785540,0.791630,0.785110,0.787460
2018-03-15,0.787500,0.788520,0.779420,0.779860
2018-03-16,0.779860,0.780410,0.770960,0.771320
2018-03-19,0.771420,0.772580,0.768650,0.771410
2018-03-20,0.771410,0.772080,0.767850,0.768300
2018-03-21,0.768300,0.777990,0.767210,0.776300
2018-03-22,0.776300,0.778450,0.768690,0.769500
2018-03-23,0.769500,0.774370,0.768700,0.769600
2018-03-26,0.770220,0.775040,0.769480,0.774530
2018-03-27,0.774530,0.775750,0.767510,0.767730
2018-03-28,0.767730,0.770240,0.765330,0.766050
2018-03-29,0.765940,0.768940,0.764280,0.767750
2018-03-30,0.767750,0.770620,0.767200,0.768570
2018-04-02,0.768380,0.769500,0.764950,0.766020
2018-04-03,0.766020,0.770670,0.764700,0.768260
2018-04-04,0.768390,0.772120,0.766260,0.771440
2018-04-05,0.771340,0.772610,0.767390,0.768110
2018-04-06,0.768160,0.769940,0.765740,0.767300
2018-04-09,0.767720,0.771070,0.765200,0.769450
2018-04-10,0.769450,0.776780,0.769350,0.775930
2018-04-11,0.775870,0.777280,0.773930,0.774990
2018-04-12,0.774520,0.777130,0.773800,0.775150
2018-04-13,0.775230,0.780970,0.775170,0.776310
2018-04-16,0.776690,0.778320,0.775190,0.777790
2018-04-17,0.777760,0.779110,0.776000,0.776220
2018-04-18,0.776470,0.779740,0.774400,0.778190
2018-04-19,0.778270,0.781260,0.771890,0.772780
2018-04-20,0.772780,0.773190,0.765510,0.767130
2018-04-23,0.766760,0.768260,0.759930,0.760390
2018-04-24,0.760390,0.762050,0.757670,0.760310
2018-04-25,0.760220,0.760600,0.755190,0.756400
2018-04-26,0.756320,0.758880,0.754670,0.755320
2018-04-27,0.755190,0.758380,0.753190,0.758180
2018-04-30,0.757400,0.758200,0.752530,0.752800
2018-05-01,0.752800,0.754640,0.747240,0.748800
2018-05-02,0.748800,0.753700,0.747540,0.749160
2018-05-03,0.749160,0.754270,0.748530,0.753100
2018-05-04,0.753100,0.756030,0.749200,0.753870
2018-05-07,0.754060,0.754300,0.749300,0.751190
2018-05-08,0.751000,0.752800,0.743360,0.745100
2018-05-09,0.745090,0.747250,0.741230,0.745490
2018-05-10,0.745490,0.753970,0.744920,0.752890
2018-05-11,0.752840,0.756690,0.752250,0.754130
2018-05-14,0.753960,0.756500,0.752240,0.752270
2018-05-15,0.752130,0.753750,0.744770,0.746820
2018-05-16,0.746720,0.752270,0.744720,0.751480
2018-05-17,0.751270,0.754740,0.749750,0.750810
2018-05-18,0.750740,0.752790,0.748830,0.750960
2018-05-21,0.751920,0.758630,0.750260,0.757890
2018-05-22,0.757980,0.760530,0.756600,0.757340
2018-05-23,0.757430,0.758250,0.752230,0.755620
2018-05-24,0.755580,0.758240,0.754200,0.757330
2018-05-25,0.757330,0.758990,0.754240,0.754750
2018-05-28,0.755780,0.758090,0.753930,0.754340
2018-05-29,0.754260,0.755260,0.749780,0.750410
2018-05-30,0.750320,0.758360,0.747590,0.756990
2018-05-31,0.756800,0.759280,0.755250,0.756700
2018-06-01,0.756650,0.757320,0.751380,0.756800
2018-06-04,0.756120,0.766610,0.755820,0.764300
2018-06-05,0.764250,0.765590,0.759450,0.761560
2018-06-06,0.761450,0.767650,0.761170,0.766720
2018-06-07,0.766770,0.767280,0.761210,0.761880
2018-06-08,0.762090,0.762700,0.756040,0.759660
2018-06-11,0.758770,0.762140,0.758770,0.760630
2018-06-12,0.760380,0.762340,0.756550,0.757300
2018-06-13,0.757340,0.760860,0.752900,0.757550
2018-06-14,0.757520,0.758230,0.747190,0.747440
2018-06-15,0.747460,0.748030,0.743890,0.744070
2018-06-18,0.743940,0.745430,0.741330,0.742130
2018-06-19,0.742130,0.742690,0.734710,0.737620
2018-06-20,0.737330,0.740870,0.736650,0.736740
2018-06-21,0.736740,0.739350,0.734530,0.737180
2018-06-22,0.737190,0.744350,0.737070,0.744040
2018-06-25,0.743840,0.744250,0.739610,0.741320
2018-06-26,0.741050,0.742280,0.737970,0.739000
2018-06-27,0.739030,0.740670,0.732270,0.733690
2018-06-28,0.733780,0.736190,0.732970,0.734700
2018-06-29,0.734950,0.740920,0.733540,0.740740
2018-07-02,0.739830,0.740540,0.731030,0.733530
2018-07-03,0.733530,0.740410,0.731410,0.738470
2018-07-04,0.738140,0.742430,0.737430,0.737920
2018-07-05,0.738130,0.740790,0.736120,0.738550
2018-07-06,0.738530,0.744390,0.737570,0.742900
2018-07-09,0.743010,0.748360,0.742770,0.746480
2018-07-10,0.746490,0.748360,0.743020,0.745620
2018-07-11,0.745540,0.745620,0.736360,0.736560
2018-07-12,0.736500,0.741950,0.735950,0.740620
2018-07-13,0.740570,0.742310,0.736800,0.742290
2018-07-16,0.741780,0.744230,0.740880,0.741560
2018-07-17,0.741560,0.743820,0.737550,0.738480
2018-07-18,0.738490,0.740730,0.734300,0.739660
2018-07-19,0.739660,0.744140,0.732230,0.735250
2018-07-20,0.734680,0.743090,0.731770,0.741820
2018-07-23,0.741770,0.743670,0.737070,0.737810
2018-07-24,0.737660,0.743330,0.735880,0.741920
2018-07-25,0.741930,0.746360,0.739120,0.745350
2018-07-26,0.745210,0.746220,0.737120,0.737590
2018-07-27,0.737520,0.741380,0.736920,0.739950
2018-07-30,0.739870,0.741250,0.738480,0.740200
2018-07-31,0.740390,0.744000,0.740170,0.742780
2018-08-01,0.742320,0.742830,0.738900,0.740300
2018-08-02,0.740240,0.741060,0.735430,0.735730
2018-08-03,0.735650,0.741070,0.734740,0.739560
2018-08-06,0.738990,0.740470,0.737320,0.738600
2018-08-07,0.738620,0.743880,0.738060,0.742070
2018-08-08,0.741930,0.743850,0.738240,0.742830
2018-08-09,0.742530,0.745230,0.737140,0.737140
2018-08-10,0.737120,0.737890,0.727950,0.729540
2018-08-13,0.727420,0.729910,0.725570,0.726550
2018-08-14,0.726520,0.728270,0.722330,0.723890
2018-08-15,0.723900,0.724690,0.720150,0.723780
2018-08-16,0.723620,0.728580,0.721320,0.725720
2018-08-17,0.725610,0.731860,0.725180,0.731480
2018-08-20,0.731420,0.734290,0.729490,0.733720
2018-08-21,0.733610,0.738100,0.733220,0.736440
2018-08-22,0.736270,0.736940,0.733300,0.734440
2018-08-23,0.734740,0.735450,0.723980,0.724350
2018-08-24,0.724350,0.734360,0.723700,0.732530
2018-08-27,0.732190,0.735570,0.730650,0.734790
2018-08-28,0.734790,0.736170,0.732050,0.733450
2018-08-29,0.733420,0.734810,0.727400,0.730990
2018-08-30,0.730820,0.731370,0.724860,0.726060
2018-08-31,0.725940,0.726670,0.717490,0.718920
2018-09-03,0.718850,0.722280,0.716500,0.721290
2018-09-04,0.721150,0.723480,0.715650,0.717420
2018-09-05,0.717470,0.721740,0.714350,0.719020
2018-09-06,0.718920,0.721020,0.716530,0.719720
2018-09-07,0.719720,0.720070,0.709780,0.710090
2018-09-10,0.710220,0.713090,0.709800,0.711190
2018-09-11,0.711220,0.712790,0.708430,0.711620
2018-09-12,0.711970,0.718180,0.709260,0.716600
2018-09-13,0.716560,0.722840,0.716370,0.718970
2018-09-14,0.719200,0.721550,0.714970,0.715050
2018-09-17,0.715240,0.719550,0.714100,0.717760
2018-09-18,0.717760,0.722280,0.714330,0.721760
2018-09-19,0.720990,0.727420,0.720530,0.726060
2018-09-20,0.725730,0.729200,0.725290,0.729130
2018-09-21,0.729010,0.730310,0.726200,0.728740
2018-09-24,0.726270,0.728080,0.724990,0.725160
2018-09-25,0.725150,0.726220,0.723520,0.724920
2018-09-26,0.724850,0.731440,0.723990,0.725590
2018-09-27,0.725610,0.726770,0.720450,0.720580
2018-09-28,0.720570,0.724070,0.720140,0.721430
2018-10-01,0.722400,0.723100,0.720620,0.722090
2018-10-02,0.722080,0.723730,0.716150,0.718420
2018-10-03,0.718490,0.719600,0.710070,0.710110
2018-10-04,0.710030,0.711100,0.706470,0.707410
2018-10-05,0.707050,0.708640,0.704170,0.704990
2018-10-08,0.705280,0.708050,0.704030,0.707570
2018-10-09,0.707550,0.710490,0.705330,0.710190
2018-10-10,0.710110,0.712970,0.704250,0.704900
2018-10-11,0.704940,0.712850,0.704480,0.712310
2018-10-12,0.712130,0.713890,0.710110,0.711190
2018-10-15,0.711030,0.714810,0.709800,0.713010
2018-10-16,0.712940,0.715020,0.711100,0.714080
2018-10-17,0.714030,0.715880,0.710550,0.710840
2018-10-18,0.710950,0.715010,0.709650,0.709820
2018-10-19,0.709730,0.714940,0.708800,0.711850
2018-10-22,0.711270,0.712450,0.707530,0.708020
2018-10-23,0.708000,0.709010,0.705460,0.708410
2018-10-24,0.708360,0.710540,0.705870,0.705870
2018-10-25,0.705700,0.709870,0.705550,0.707980
2018-10-26,0.707960,0.710330,0.702020,0.708600
2018-10-29,0.709000,0.710800,0.704980,0.705970
2018-10-30,0.705970,0.712140,0.705590,0.710280
2018-10-31,0.710280,0.710600,0.706710,0.707540
2018-11-01,0.707540,0.721170,0.707330,0.719920
2018-11-02,0.719910,0.725770,0.718170,0.719690
2018-11-05,0.719000,0.721690,0.718180,0.720920
2018-11-06,0.720950,0.724560,0.720440,0.724390
2018-11-07,0.724300,0.729910,0.721190,0.727380
2018-11-08,0.727370,0.730180,0.724630,0.725610
2018-11-09,0.725270,0.726980,0.721830,0.722720
2018-11-12,0.721800,0.723680,0.717140,0.717160
2018-11-13,0.717160,0.722330,0.716340,0.721670
2018-11-14,0.721820,0.725290,0.718720,0.722820
2018-11-15,0.723190,0.729740,0.722800,0.727560
2018-11-16,0.727560,0.733660,0.724940,0.732930
2018-11-19,0.731320,0.732490,0.727660,0.729250
2018-11-20,0.729250,0.729970,0.721080,0.721260
2018-11-21,0.721260,0.727630,0.720160,0.726180
2018-11-22,0.726310,0.726720,0.723340,0.725320
2018-11-23,0.725060,0.725550,0.721790,0.722570
2018-11-26,0.722650,0.727550,0.721180,0.721950
2018-11-27,0.721970,0.726830,0.719840,0.722390
2018-11-28,0.722450,0.732710,0.722040,0.730420
2018-11-29,0.730500,0.734370,0.729430,0.731820
2018-11-30,0.731840,0.732530,0.728350,0.731270
2018-12-03,0.737730,0.739280,0.734550,0.735720
2018-12-04,0.735720,0.739260,0.732510,0.733710
2018-12-05,0.733780,0.735500,0.725900,0.726830
2018-12-06,0.726670,0.727360,0.719060,0.723380
2018-12-07,0.723310,0.724100,0.719710,0.719710
2018-12-10,0.718280,0.722590,0.717710,0.718980
2018-12-11,0.718800,0.722410,0.718070,0.720430
2018-12-12,0.720150,0.723700,0.719510,0.721910
2018-12-13,0.721920,0.724580,0.721140,0.722570
2018-12-14,0.722580,0.722750,0.715040,0.717590
2018-12-17,0.717100,0.718630,0.716760,0.717490
2018-12-18,0.717560,0.720270,0.716440,0.718040
2018-12-19,0.718270,0.719970,0.708640,0.710690
2018-12-20,0.710600,0.714800,0.708530,0.710720
2018-12-21,0.710940,0.712240,0.703290,0.703360
2018-12-24,0.703110,0.706810,0.703110,0.704570
2018-12-26,0.704150,0.707050,0.704060,0.706480
2018-12-27,0.706660,0.707680,0.701590,0.703010
2018-12-28,0.702760,0.706820,0.702450,0.703660
2018-12-31,0.704120,0.707030,0.703190,0.704310
2019-01-02,0.701090,0.704430,0.698070,0.698380
2019-01-03,0.698320,0.701850,0.671250,0.700450
2019-01-04,0.700450,0.712370,0.699260,0.711660
2019-01-07,0.711320,0.714880,0.710810,0.714690
2019-01-08,0.714680,0.714860,0.711560,0.713860
2019-01-09,0.713820,0.719360,0.713380,0.716930
2019-01-10,0.716930,0.719740,0.714570,0.718440
2019-01-11,0.718440,0.723430,0.718200,0.721260
2019-01-14,0.720860,0.721690,0.717460,0.719440
2019-01-15,0.719530,0.722490,0.717910,0.720030
2019-01-16,0.720110,0.721130,0.716090,0.716660
2019-01-17,0.716650,0.722060,0.714590,0.719210
2019-01-18,0.719100,0.721400,0.715910,0.715930
2019-01-21,0.716350,0.718110,0.713920,0.715730
2019-01-22,0.715710,0.715950,0.711510,0.712190
2019-01-23,0.711950,0.714340,0.711690,0.714100
2019-01-24,0.713990,0.716580,0.708000,0.709310
2019-01-25,0.709030,0.718430,0.707510,0.717620
2019-01-28,0.717480,0.720300,0.715970,0.716440
2019-01-29,0.716450,0.717540,0.713700,0.715360
2019-01-30,0.715490,0.727210,0.714830,0.724650
2019-01-31,0.724680,0.729450,0.724110,0.727290
2019-02-01,0.727400,0.728350,0.723590,0.724510
2019-02-04,0.724540,0.725320,0.721050,0.722390
2019-02-05,0.722460,0.726370,0.719280,0.723330
2019-02-06,0.723390,0.724470,0.710270,0.710370
2019-02-07,0.710620,0.711670,0.708850,0.709990
2019-02-08,0.709640,0.710300,0.705960,0.708780
2019-02-11,0.708540,0.710710,0.705620,0.706020
2019-02-12,0.706070,0.710180,0.705320,0.709420
2019-02-13,0.709430,0.713520,0.708530,0.708730
2019-02-14,0.708780,0.713070,0.707060,0.710410
2019-02-15,0.710430,0.714760,0.707850,0.713570
2019-02-18,0.713210,0.715970,0.712370,0.712840
2019-02-19,0.712880,0.717310,0.710270,0.716250
2019-02-20,0.716310,0.718220,0.714040,0.716190
2019-02-21,0.716260,0.720610,0.706910,0.708830
2019-02-22,0.708850,0.714950,0.708170,0.712710
2019-02-25,0.713430,0.718350,0.712970,0.716540
2019-02-26,0.716730,0.719380,0.714120,0.718340
2019-02-27,0.718710,0.719800,0.712640,0.713830
2019-02-28,0.713960,0.716550,0.708920,0.709180
2019-03-01,0.709210,0.712090,0.706860,0.707740
2019-03-04,0.710170,0.710660,0.707430,0.709020
2019-03-05,0.709060,0.709560,0.705780,0.708230
2019-03-06,0.708320,0.709120,0.702030,0.703060
2019-03-07,0.703130,0.705080,0.700420,0.701340
2019-03-08,0.701500,0.705140,0.700220,0.704210
2019-03-11,0.703480,0.707590,0.702570,0.706780
2019-03-12,0.706790,0.709100,0.705620,0.707880
2019-03-13,0.707890,0.709710,0.704810,0.709110
2019-03-14,0.709130,0.709750,0.704030,0.706480
2019-03-15,0.706500,0.709630,0.706090,0.708380
2019-03-18,0.708290,0.711900,0.707740,0.709880
2019-03-19,0.709940,0.710990,0.708400,0.708620
2019-03-20,0.708610,0.714910,0.705580,0.712580
2019-03-21,0.712580,0.716740,0.708900,0.711080
2019-03-22,0.711080,0.711640,0.707470,0.707890
2019-03-25,0.707920,0.711600,0.706450,0.710980
2019-03-26,0.710980,0.714680,0.710720,0.713370
2019-03-27,0.713440,0.714100,0.706780,0.708570
2019-03-28,0.708570,0.710520,0.706220,0.707610
2019-03-29,0.707610,0.710390,0.707350,0.709390
2019-04-01,0.711550,0.713090,0.710300,0.711030
2019-04-02,0.711240,0.712860,0.705170,0.706950
2019-04-03,0.707030,0.712910,0.705360,0.711120
2019-04-04,0.711130,0.712650,0.709680,0.710970
2019-04-05,0.711200,0.713100,0.709140,0.710290
2019-04-08,0.710280,0.713000,0.708670,0.712480
2019-04-09,0.712520,0.715140,0.711820,0.712040
2019-04-10,0.712500,0.717400,0.710850,0.716800
2019-04-11,0.717050,0.717050,0.711570,0.712040
2019-04-12,0.712090,0.719150,0.711520,0.717110
2019-04-15,0.717490,0.718130,0.716290,0.717140
2019-04-16,0.717150,0.717830,0.713880,0.717260
2019-04-17,0.717400,0.720520,0.715170,0.717800
2019-04-18,0.717730,0.719800,0.713580,0.714910
2019-04-19,0.714770,0.715770,0.714090,0.714900
2019-04-22,0.714580,0.715360,0.712750,0.713220
2019-04-23,0.713450,0.713870,0.708010,0.710040
2019-04-24,0.710090,0.710150,0.700350,0.701370
2019-04-25,0.701260,0.702200,0.698730,0.701430
2019-04-26,0.701520,0.706050,0.700460,0.703530
2019-04-29,0.703400,0.706000,0.703400,0.705470
2019-04-30,0.705510,0.706830,0.703010,0.704770
2019-05-01,0.704860,0.706020,0.700640,0.701280
2019-05-02,0.701360,0.702850,0.699420,0.699890
2019-05-03,0.699810,0.702360,0.698380,0.702250
2019-05-06,0.696650,0.700180,0.696190,0.698890
2019-05-07,0.699280,0.704710,0.697650,0.701080
2019-05-08,0.700960,0.702590,0.698510,0.698720
2019-05-09,0.698690,0.699710,0.696380,0.698760
2019-05-10,0.698590,0.701780,0.697730,0.699740
2019-05-13,0.699040,0.700080,0.693990,0.694260
2019-05-14,0.694280,0.695870,0.693400,0.694250
2019-05-15,0.694240,0.694660,0.691410,0.692650
2019-05-16,0.692830,0.693210,0.688550,0.688960
2019-05-17,0.689010,0.689650,0.686390,0.686450
2019-05-20,0.690610,0.693330,0.688910,0.690610
2019-05-21,0.690750,0.692820,0.686550,0.688180
2019-05-22,0.688170,0.689580,0.687040,0.687940
2019-05-23,0.687920,0.689960,0.686390,0.689870
2019-05-24,0.689860,0.693380,0.688030,0.692580
2019-05-27,0.693110,0.693770,0.691210,0.691610
2019-05-28,0.691650,0.693500,0.691350,0.692230
2019-05-29,0.692200,0.693080,0.690330,0.691560
2019-05-30,0.691580,0.693600,0.689790,0.691010
2019-05-31,0.691030,0.694330,0.690010,0.693310
2019-06-03,0.693270,0.698170,0.692650,0.697540
2019-06-04,0.697530,0.700320,0.695490,0.698950
2019-06-05,0.699010,0.700660,0.696170,0.696790
2019-06-06,0.696740,0.699360,0.696160,0.697570
2019-06-07,0.697480,0.702140,0.696320,0.699900
2019-06-10,0.700350,0.700600,0.695630,0.695920
2019-06-11,0.695930,0.696580,0.694620,0.696030
2019-06-12,0.696020,0.696270,0.692450,0.692770
2019-06-13,0.692730,0.693800,0.690050,0.691340
2019-06-14,0.691360,0.691740,0.686050,0.686880
2019-06-17,0.687270,0.688380,0.684790,0.685150
2019-06-18,0.685170,0.688120,0.683080,0.687580
2019-06-19,0.687520,0.690850,0.685420,0.687870
2019-06-20,0.687870,0.693490,0.687640,0.692230
2019-06-21,0.692140,0.693710,0.690260,0.692470
2019-06-24,0.692940,0.696780,0.692820,0.696080
2019-06-25,0.696240,0.697750,0.694090,0.695950
2019-06-26,0.695980,0.699400,0.695020,0.698340
2019-06-27,0.698460,0.700830,0.698210,0.700810
2019-06-28,0.700810,0.702190,0.699740,0.701950
2019-07-01,0.701960,0.703300,0.695530,0.696420
2019-07-02,0.696440,0.699960,0.695510,0.699230
2019-07-03,0.699260,0.703840,0.698460,0.702820
2019-07-04,0.702840,0.704710,0.701480,0.702000
2019-07-05,0.702010,0.702800,0.695660,0.697560
2019-07-08,0.697160,0.699360,0.696680,0.697080
2019-07-09,0.697090,0.697500,0.692050,0.692640
2019-07-10,0.692640,0.696880,0.691030,0.695760
2019-07-11,0.695560,0.698780,0.695190,0.697330
2019-07-12,0.697370,0.702440,0.697090,0.701740
2019-07-15,0.701210,0.703970,0.701190,0.703790
2019-07-16,0.703830,0.704420,0.701000,0.701130
2019-07-17,0.701100,0.702460,0.699610,0.700900
2019-07-18,0.700830,0.707620,0.700470,0.707480
2019-07-19,0.707460,0.708190,0.703730,0.704150
2019-07-22,0.704140,0.705690,0.703080,0.703460
2019-07-23,0.703470,0.703510,0.699600,0.700420
2019-07-24,0.700400,0.700810,0.697230,0.697590
2019-07-25,0.697600,0.698390,0.694220,0.695010
2019-07-26,0.695010,0.695490,0.690250,0.690730
2019-07-29,0.690450,0.691630,0.689450,0.690070
2019-07-30,0.690050,0.690810,0.686840,0.687150
2019-07-31,0.687130,0.689900,0.683140,0.684340
2019-08-01,0.684340,0.686770,0.679480,0.679980
2019-08-02,0.679990,0.681850,0.676280,0.679580
2019-08-05,0.679130,0.680390,0.674770,0.675490
2019-08-06,0.675450,0.680060,0.674940,0.675900
2019-08-07,0.675880,0.678250,0.667710,0.675550
2019-08-08,0.675480,0.682170,0.674590,0.680150
2019-08-09,0.680040,0.681800,0.677740,0.678250
2019-08-12,0.677950,0.679550,0.674490,0.674900
2019-08-13,0.674870,0.681810,0.674510,0.679840
2019-08-14,0.679740,0.680840,0.673510,0.674610
2019-08-15,0.674640,0.679020,0.674490,0.677360
2019-08-16,0.677250,0.679490,0.677040,0.677620
2019-08-19,0.677640,0.678860,0.676160,0.676310
2019-08-20,0.676310,0.679490,0.675430,0.677650
2019-08-21,0.677630,0.679890,0.677280,0.677980
2019-08-22,0.677960,0.678690,0.675070,0.675500
2019-08-23,0.675490,0.677760,0.673580,0.674690
2019-08-26,0.673540,0.678790,0.668920,0.677430
2019-08-27,0.677410,0.677970,0.674630,0.675080
2019-08-28,0.675050,0.676200,0.673210,0.673270
2019-08-29,0.673200,0.675310,0.671690,0.672620
2019-08-30,0.672610,0.674000,0.670570,0.673510
2019-09-02,0.672320,0.673440,0.670970,0.671500
2019-09-03,0.671440,0.676340,0.668720,0.675750
2019-09-04,0.675710,0.680070,0.675410,0.679580
2019-09-05,0.679620,0.682960,0.679330,0.681320
2019-09-06,0.681290,0.686120,0.680690,0.684840
2019-09-09,0.683880,0.687560,0.683710,0.686060
2019-09-10,0.686070,0.686990,0.684860,0.686010
2019-09-11,0.685910,0.688440,0.684840,0.686140
2019-09-12,0.686100,0.689420,0.685970,0.686610
2019-09-13,0.686610,0.689030,0.685870,0.687530
2019-09-16,0.687420,0.688360,0.685370,0.686390
2019-09-17,0.686370,0.686960,0.683030,0.686480
2019-09-18,0.686480,0.686890,0.681200,0.682590
2019-09-19,0.682620,0.683090,0.678000,0.679130
2019-09-20,0.679090,0.680860,0.675960,0.676270
2019-09-23,0.676850,0.678120,0.676370,0.677310
2019-09-24,0.677310,0.680580,0.676490,0.680010
2019-09-25,0.680010,0.680360,0.673870,0.675010
2019-09-26,0.675070,0.678070,0.674580,0.674800
2019-09-27,0.674750,0.677920,0.674320,0.676360
2019-09-30,0.676040,0.677000,0.674090,0.674920
2019-10-01,0.674920,0.677550,0.667140,0.670260
2019-10-02,0.670260,0.671840,0.667050,0.670420
2019-10-03,0.670420,0.675280,0.670210,0.674040
2019-10-04,0.674000,0.677370,0.673840,0.676440
2019-10-07,0.675440,0.676500,0.672940,0.672990
2019-10-08,0.672990,0.675690,0.672290,0.672670
2019-10-09,0.672670,0.674960,0.672200,0.672240
2019-10-10,0.672230,0.677430,0.671000,0.675960
2019-10-11,0.675950,0.681040,0.675300,0.679030
2019-10-14,0.678720,0.680130,0.675110,0.677270
2019-10-15,0.677350,0.678860,0.674250,0.675120
2019-10-16,0.675120,0.676530,0.672330,0.675570
2019-10-17,0.675550,0.683290,0.675120,0.682110
2019-10-18,0.682120,0.685640,0.682100,0.685400
2019-10-21,0.684380,0.687990,0.683970,0.686700
2019-10-22,0.686690,0.688260,0.685020,0.685280
2019-10-23,0.685260,0.686210,0.683370,0.685030
2019-10-24,0.685050,0.685740,0.681080,0.681810
2019-10-25,0.681850,0.683590,0.680920,0.681960
2019-10-28,0.682160,0.684520,0.681050,0.683760
2019-10-29,0.683760,0.687160,0.683530,0.686150
2019-10-30,0.686150,0.690450,0.684840,0.689960
2019-10-31,0.689960,0.692940,0.688300,0.689050
2019-11-01,0.689050,0.692090,0.688370,0.691150
2019-11-04,0.691260,0.692480,0.687690,0.688170
2019-11-05,0.688160,0.692790,0.687640,0.689240
2019-11-06,0.689260,0.690720,0.686880,0.688250
2019-11-07,0.688220,0.691310,0.686150,0.689600
2019-11-08,0.689580,0.690620,0.684740,0.685730
2019-11-11,0.685470,0.686520,0.684680,0.684910
2019-11-12,0.684880,0.685700,0.683120,0.683940
2019-11-13,0.683930,0.685700,0.682100,0.683690
2019-11-14,0.683700,0.684090,0.676940,0.678440
2019-11-15,0.678440,0.682050,0.678030,0.681830
2019-11-18,0.681150,0.682220,0.679870,0.680830
2019-11-19,0.680960,0.683440,0.678490,0.682630
2019-11-20,0.682620,0.683070,0.678990,0.680200
2019-11-21,0.680240,0.681380,0.678300,0.678480
2019-11-22,0.678420,0.680330,0.678040,0.678410
2019-11-25,0.678830,0.679910,0.676790,0.677640
2019-11-26,0.677890,0.679510,0.676770,0.678700
2019-11-27,0.678700,0.679100,0.677180,0.677430
2019-11-28,0.677430,0.677770,0.675890,0.676730
2019-11-29,0.676770,0.677930,0.675390,0.675480
2019-12-02,0.676720,0.682580,0.676150,0.681760
2019-12-03,0.681760,0.686200,0.681490,0.684600
2019-12-04,0.684590,0.685470,0.681290,0.684700
2019-12-05,0.684540,0.685470,0.682050,0.683090
2019-12-06,0.683150,0.685710,0.682330,0.684050
2019-12-09,0.683060,0.683830,0.681990,0.682170
2019-12-10,0.682180,0.683730,0.680000,0.680830
2019-12-11,0.680850,0.688910,0.680410,0.687450
2019-12-12,0.687460,0.691280,0.686730,0.690750
2019-12-13,0.690730,0.693850,0.686350,0.687450
2019-12-16,0.688200,0.689750,0.686830,0.688380
2019-12-17,0.688400,0.688540,0.683810,0.685030
2019-12-18,0.685030,0.686420,0.683830,0.685180
2019-12-19,0.685180,0.688800,0.684840,0.688480
2019-12-20,0.688520,0.690650,0.688270,0.689990
2019-12-23,0.689670,0.692860,0.689030,0.692120
2019-12-24,0.692120,0.693010,0.691220,0.692270
2019-12-26,0.692650,0.694990,0.692140,0.694410
2019-12-27,0.694400,0.698690,0.694100,0.698430
2019-12-30,0.697610,0.700410,0.696450,0.699350
2019-12-31,0.699320,0.703160,0.699000,0.701580
2020-01-02,0.700580,0.700800,0.697830,0.698950
2020-01-03,0.698970,0.699250,0.693000,0.694440
2020-01-06,0.694090,0.695750,0.692510,0.693810
2020-01-07,0.693830,0.694190,0.685880,0.686820
2020-01-08,0.686820,0.688510,0.684880,0.686430
2020-01-09,0.686430,0.688010,0.684990,0.685810
2020-01-10,0.685770,0.691060,0.685040,0.689840
2020-01-13,0.689620,0.691950,0.689320,0.690270
2020-01-14,0.690270,0.690940,0.688470,0.689970
2020-01-15,0.689990,0.691640,0.687690,0.690000
2020-01-16,0.690010,0.693340,0.688760,0.689690
2020-01-17,0.689680,0.691080,0.687040,0.687100
2020-01-20,0.687290,0.688820,0.685480,0.687150
2020-01-21,0.687150,0.688020,0.684220,0.684390
2020-01-22,0.684390,0.685590,0.682670,0.684380
2020-01-23,0.684370,0.687840,0.682890,0.684570
2020-01-24,0.684610,0.685690,0.681720,0.682510
2020-01-27,0.681040,0.681800,0.675150,0.675990
2020-01-28,0.675990,0.676450,0.673660,0.676110
2020-01-29,0.676110,0.677700,0.673480,0.675340
2020-01-30,0.675240,0.675460,0.669970,0.672040
2020-01-31,0.672030,0.672930,0.668250,0.668610
2020-02-03,0.668280,0.670670,0.668260,0.669040
2020-02-04,0.669060,0.674140,0.667830,0.673810
2020-02-05,0.673700,0.677380,0.672340,0.674590
2020-02-06,0.674590,0.676450,0.672660,0.672790
2020-02-07,0.672800,0.673580,0.666170,0.667590
2020-02-10,0.666670,0.670700,0.666620,0.668560
2020-02-11,0.668560,0.673630,0.668020,0.671360
2020-02-12,0.671360,0.674960,0.671140,0.673670
2020-02-13,0.673450,0.674480,0.670660,0.671850
2020-02-14,0.671860,0.673130,0.670900,0.671310
2020-02-17,0.672120,0.673310,0.671140,0.671280
2020-02-18,0.671280,0.671530,0.667320,0.668350
2020-02-19,0.668360,0.670710,0.666490,0.667410
2020-02-20,0.667360,0.669350,0.660990,0.661390
2020-02-21,0.661310,0.663850,0.658540,0.662620
2020-02-24,0.658570,0.661950,0.658540,0.660170
2020-02-25,0.660180,0.662220,0.658610,0.660240
2020-02-26,0.660240,0.660650,0.654180,0.654290
2020-02-27,0.654250,0.659170,0.654230,0.656650
2020-02-28,0.656620,0.658520,0.643360,0.650510
2020-03-02,0.646950,0.656770,0.646950,0.653690
2020-03-03,0.653670,0.664520,0.650950,0.658280
2020-03-04,0.658200,0.662760,0.657690,0.662570
2020-03-05,0.662570,0.663650,0.658360,0.661320
2020-03-06,0.660820,0.665710,0.658480,0.664350
2020-03-09,0.659500,0.668400,0.631120,0.658560
2020-03-10,0.658560,0.661220,0.646150,0.648930
2020-03-11,0.648930,0.653930,0.648090,0.648660
2020-03-12,0.648800,0.649180,0.621190,0.630130
2020-03-13,0.630130,0.632520,0.612220,0.617740
2020-03-16,0.624100,0.627900,0.607890,0.610270
2020-03-17,0.610240,0.614860,0.595870,0.601170
2020-03-18,0.601210,0.602860,0.570100,0.578460
2020-03-19,0.578460,0.596400,0.550730,0.572970
2020-03-20,0.573470,0.598530,0.566360,0.580060
2020-03-23,0.580180,0.584530,0.569970,0.582100
2020-03-24,0.582100,0.597960,0.581050,0.596680
2020-03-25,0.596810,0.607330,0.593040,0.595650
2020-03-26,0.595650,0.608720,0.587000,0.603860
2020-03-27,0.603960,0.620000,0.602240,0.616560
2020-03-30,0.615020,0.618420,0.611140,0.616640
2020-03-31,0.616290,0.621360,0.607870,0.613130
2020-04-01,0.613160,0.618460,0.603870,0.606850
2020-04-02,0.606930,0.611880,0.600650,0.605590
2020-04-03,0.605620,0.607530,0.597970,0.599390
2020-04-06,0.600970,0.610610,0.598430,0.608580
2020-04-07,0.608560,0.620780,0.607490,0.616810
2020-04-08,0.616820,0.624440,0.611520,0.622770
2020-04-09,0.622770,0.636260,0.619480,0.633650
2020-04-10,0.633590,0.636750,0.631190,0.634590
2020-04-13,0.634720,0.640890,0.632570,0.637980
2020-04-14,0.637970,0.644430,0.637240,0.644130
2020-04-15,0.644110,0.644340,0.628370,0.631610
2020-04-16,0.631620,0.633360,0.626350,0.632630
2020-04-17,0.632640,0.638480,0.631410,0.636190
2020-04-20,0.635710,0.639680,0.633260,0.633480
2020-04-21,0.633510,0.634650,0.625320,0.627860
2020-04-22,0.627810,0.635180,0.627490,0.632130
2020-04-23,0.632070,0.640580,0.628270,0.636910
2020-04-24,0.636930,0.639600,0.633680,0.639560
2020-04-27,0.638030,0.647150,0.637970,0.646340
2020-04-28,0.646360,0.651360,0.643420,0.648920
2020-04-29,0.648810,0.655770,0.648510,0.655550
2020-04-30,0.655470,0.656960,0.648990,0.650830
2020-05-01,0.650830,0.651120,0.640920,0.642030
2020-05-04,0.641060,0.643450,0.637240,0.642150
2020-05-05,0.642150,0.647590,0.641560,0.642720
2020-05-06,0.642910,0.645260,0.639340,0.639430
2020-05-07,0.639430,0.650570,0.637830,0.649300
2020-05-08,0.649300,0.654770,0.649200,0.652940
2020-05-11,0.652960,0.656120,0.645600,0.648790
2020-05-12,0.648790,0.653600,0.643180,0.646880
2020-05-13,0.646880,0.652380,0.643800,0.645210
2020-05-14,0.645140,0.646880,0.640330,0.645890
2020-05-15,0.645890,0.647340,0.640190,0.641550
2020-05-18,0.641640,0.652690,0.640990,0.652390
2020-05-19,0.652220,0.658460,0.650960,0.653520
2020-05-20,0.653520,0.661590,0.652480,0.659600
2020-05-21,0.659490,0.659840,0.654870,0.656420
2020-05-22,0.656420,0.657210,0.650550,0.653560
2020-05-25,0.652970,0.654990,0.651950,0.654190
2020-05-26,0.654190,0.667490,0.653750,0.664870
2020-05-27,0.664870,0.668020,0.656710,0.661810
2020-05-28,0.661840,0.666700,0.658790,0.663440
2020-05-29,0.663440,0.668280,0.661180,0.666740
2020-06-01,0.665850,0.680290,0.664780,0.679680
2020-06-02,0.679610,0.689830,0.677460,0.689530
2020-06-03,0.689530,0.698340,0.685610,0.691860
2020-06-04,0.691860,0.698730,0.688190,0.694150
2020-06-05,0.694150,0.701270,0.693060,0.696530
2020-06-08,0.696300,0.702900,0.696170,0.702000
2020-06-09,0.702000,0.704240,0.689820,0.696000
2020-06-10,0.696000,0.706390,0.693240,0.699680
2020-06-11,0.699680,0.701440,0.683920,0.685380
2020-06-12,0.685380,0.691140,0.679940,0.687010
2020-06-15,0.683750,0.692480,0.677620,0.691780
2020-06-16,0.691820,0.697640,0.683330,0.688840
2020-06-17,0.688800,0.692240,0.685190,0.688340
2020-06-18,0.688340,0.690210,0.683540,0.685150
2020-06-19,0.685150,0.691120,0.682930,0.683430
2020-06-22,0.680980,0.692220,0.680980,0.690710
2020-06-23,0.690080,0.697420,0.685770,0.692880
2020-06-24,0.692800,0.696150,0.686210,0.686750
2020-06-25,0.686650,0.689220,0.684680,0.688590
2020-06-26,0.688590,0.689520,0.684030,0.686030
2020-06-29,0.685380,0.689050,0.684140,0.686290
2020-06-30,0.686480,0.691170,0.683240,0.690220
2020-07-01,0.690290,0.694340,0.687670,0.691410
2020-07-02,0.691410,0.695190,0.690120,0.692240
2020-07-03,0.692610,0.694730,0.691360,0.694000
2020-07-06,0.692800,0.698720,0.692640,0.697250
2020-07-07,0.697140,0.699730,0.692170,0.694550
2020-07-08,0.694550,0.698610,0.692700,0.698020
2020-07-09,0.698000,0.700070,0.694970,0.696360
2020-07-10,0.696420,0.696900,0.692330,0.694700
2020-07-13,0.694790,0.699280,0.693870,0.693910
2020-07-14,0.693890,0.697730,0.692090,0.697450
2020-07-15,0.697450,0.703740,0.696700,0.700710
2020-07-16,0.700600,0.701380,0.696290,0.696900
2020-07-17,0.696900,0.700480,0.696590,0.699560
2020-07-20,0.698480,0.701720,0.697250,0.701590
2020-07-21,0.701360,0.714670,0.700970,0.712690
2020-07-22,0.712690,0.718240,0.711140,0.713890
2020-07-23,0.714020,0.716140,0.709010,0.709730
2020-07-24,0.709440,0.712500,0.706340,0.710560
2020-07-27,0.708430,0.714980,0.708430,0.714700
2020-07-28,0.714550,0.717640,0.711250,0.715790
2020-07-29,0.715790,0.719630,0.714870,0.718650
2020-07-30,0.718560,0.719720,0.712040,0.719400
2020-07-31,0.719260,0.722700,0.713310,0.714140
2020-08-03,0.712810,0.714940,0.707610,0.712320
2020-08-04,0.712270,0.716670,0.710560,0.715920
2020-08-05,0.715850,0.724080,0.715350,0.719080
2020-08-06,0.719020,0.723910,0.717410,0.723480
2020-08-07,0.723360,0.724290,0.714420,0.715990
2020-08-10,0.715860,0.718390,0.713990,0.714820
2020-08-11,0.714650,0.718930,0.713470,0.714220
2020-08-12,0.713900,0.717560,0.710880,0.716110
2020-08-13,0.715840,0.718760,0.713550,0.714780
2020-08-14,0.714800,0.717490,0.713190,0.717190
2020-08-17,0.716320,0.722740,0.716290,0.721330
2020-08-18,0.721290,0.726430,0.720860,0.724230
2020-08-19,0.724200,0.727530,0.717910,0.718050
2020-08-20,0.718030,0.720210,0.713540,0.719130
2020-08-21,0.719040,0.721580,0.713920,0.715960
2020-08-24,0.715110,0.720370,0.714510,0.716190
2020-08-25,0.716070,0.719760,0.715000,0.719370
2020-08-26,0.719400,0.723950,0.718710,0.723230
2020-08-27,0.723120,0.729020,0.721650,0.725820
2020-08-28,0.725820,0.736550,0.725420,0.736540
2020-08-31,0.735850,0.740310,0.733980,0.737490
2020-09-01,0.737260,0.741340,0.735890,0.737150
2020-09-02,0.737120,0.738130,0.730100,0.733740
2020-09-03,0.733740,0.733920,0.726480,0.727230
2020-09-04,0.727220,0.729870,0.722170,0.728460
2020-09-07,0.728550,0.729780,0.726990,0.727470
2020-09-08,0.727590,0.730870,0.721020,0.721280
2020-09-09,0.721250,0.728760,0.719170,0.728220
2020-09-10,0.728050,0.732420,0.724740,0.725730
2020-09-11,0.725670,0.730580,0.725180,0.728140
2020-09-14,0.727520,0.730340,0.726400,0.728780
2020-09-15,0.728710,0.734210,0.726660,0.730100
2020-09-16,0.730100,0.734490,0.727800,0.730470
2020-09-17,0.730370,0.731510,0.725370,0.731120
2020-09-18,0.731320,0.733370,0.728230,0.728820
2020-09-21,0.729580,0.732400,0.719870,0.722290
2020-09-22,0.722550,0.723480,0.715420,0.716900
2020-09-23,0.716850,0.717740,0.706820,0.707010
2020-09-24,0.706960,0.708200,0.701600,0.704260
2020-09-25,0.704260,0.708680,0.700560,0.703030
2020-09-28,0.702930,0.707430,0.702640,0.707000
2020-09-29,0.706990,0.713800,0.706840,0.713110
2020-09-30,0.713140,0.717520,0.709990,0.715970
2020-10-01,0.716080,0.720910,0.715490,0.718250
2020-10-02,0.718130,0.718800,0.713050,0.716310
2020-10-05,0.716520,0.719310,0.715580,0.717870
2020-10-06,0.717870,0.720850,0.709980,0.710080
2020-10-07,0.710020,0.715140,0.709500,0.713490
2020-10-08,0.713680,0.716980,0.712300,0.716690
2020-10-09,0.716760,0.724290,0.715740,0.724060
2020-10-12,0.722610,0.723470,0.720330,0.720690
2020-10-13,0.720670,0.721370,0.715010,0.715870
2020-10-14,0.715840,0.719060,0.715220,0.716120
2020-10-15,0.715910,0.716790,0.705600,0.709250
2020-10-16,0.709300,0.709720,0.707040,0.707650
2020-10-19,0.707570,0.711470,0.705820,0.706280
2020-10-20,0.706280,0.707240,0.702060,0.704680
2020-10-21,0.704690,0.713660,0.703220,0.711500
2020-10-22,0.711580,0.712500,0.708490,0.711650
2020-10-23,0.711640,0.715800,0.710080,0.713670
2020-10-26,0.714000,0.714640,0.710280,0.711820
2020-10-27,0.711820,0.714680,0.711380,0.712290
2020-10-28,0.712280,0.715710,0.703800,0.704550
2020-10-29,0.704540,0.707590,0.700230,0.702960
2020-10-30,0.702960,0.707210,0.701120,0.702780
2020-11-02,0.702090,0.705720,0.699090,0.705250
2020-11-03,0.705380,0.717440,0.702780,0.716150
2020-11-04,0.716150,0.722140,0.704820,0.717630
2020-11-05,0.717450,0.728900,0.714480,0.728140
2020-11-06,0.728270,0.728710,0.723880,0.725920
2020-11-09,0.727470,0.733970,0.726670,0.728080
2020-11-10,0.728050,0.729400,0.725230,0.728170
2020-11-11,0.728410,0.731790,0.725990,0.727980
2020-11-12,0.727960,0.729370,0.722330,0.722940
2020-11-13,0.722940,0.727300,0.722130,0.726900
2020-11-16,0.726120,0.732630,0.726120,0.731750
2020-11-17,0.731680,0.733970,0.728870,0.729750
2020-11-18,0.729740,0.733080,0.727170,0.730480
2020-11-19,0.730490,0.730570,0.725440,0.728200
2020-11-20,0.728160,0.732370,0.726570,0.730450
2020-11-23,0.730010,0.733730,0.726520,0.728560
2020-11-24,0.728480,0.736740,0.728290,0.735970
2020-11-25,0.735980,0.737330,0.732490,0.736390
2020-11-26,0.736270,0.737430,0.735220,0.735600
2020-11-27,0.735570,0.739880,0.735200,0.738370
2020-11-30,0.738240,0.740720,0.733890,0.734050
2020-12-01,0.734070,0.737310,0.733770,0.737070
2020-12-02,0.737070,0.741990,0.735130,0.741510
2020-12-03,0.741590,0.744930,0.739800,0.744080
2020-12-04,0.744080,0.744370,0.740990,0.742690
2020-12-07,0.742910,0.745350,0.737250,0.741900
2020-12-08,0.741860,0.743500,0.739910,0.740880
2020-12-09,0.740840,0.748530,0.740470,0.744200
2020-12-10,0.744110,0.753960,0.742510,0.753380
2020-12-11,0.753370,0.757180,0.752020,0.753530
2020-12-14,0.754910,0.757800,0.752420,0.753200
2020-12-15,0.753190,0.757160,0.750700,0.755730
2020-12-16,0.755730,0.757870,0.753870,0.757530
2020-12-17,0.757430,0.763940,0.756720,0.762520
2020-12-18,0.762410,0.762770,0.758240,0.762140
2020-12-21,0.758460,0.760630,0.746180,0.758310
2020-12-22,0.758400,0.759060,0.751710,0.752030
2020-12-23,0.752140,0.759150,0.751670,0.757330
2020-12-24,0.757340,0.760640,0.756790,0.759290
2020-12-28,0.760010,0.762240,0.755720,0.757580
2020-12-29,0.757510,0.762470,0.757410,0.760230
2020-12-30,0.760280,0.768600,0.760170,0.768430
2020-12-31,0.768470,0.774200,0.767180,0.770830
2021-01-04,0.769870,0.774070,0.764210,0.766170
2021-01-05,0.766170,0.777720,0.765860,0.775730
2021-01-06,0.775650,0.782000,0.773320,0.779970
2021-01-07,0.779930,0.781730,0.772550,0.776650
2021-01-08,0.776630,0.779860,0.772840,0.776480
2021-01-11,0.775120,0.776120,0.766600,0.769550
2021-01-12,0.769490,0.777730,0.768660,0.777020
2021-01-13,0.776980,0.778130,0.772130,0.773130
2021-01-14,0.773240,0.780510,0.772860,0.777730
2021-01-15,0.777700,0.778860,0.768150,0.770300
2021-01-18,0.770710,0.771040,0.765890,0.767840
2021-01-19,0.768040,0.772520,0.767130,0.769310
2021-01-20,0.769450,0.776090,0.769040,0.774360
2021-01-21,0.774320,0.778210,0.773970,0.776320
2021-01-22,0.776300,0.776960,0.770190,0.771520
2021-01-25,0.771550,0.774710,0.768290,0.771240
2021-01-26,0.771220,0.775400,0.766890,0.774510
2021-01-27,0.774220,0.776370,0.764380,0.766280
2021-01-28,0.766220,0.769770,0.759180,0.767600
2021-01-29,0.767910,0.770400,0.763110,0.764110
2021-02-01,0.762110,0.766260,0.760560,0.761810
2021-02-02,0.761790,0.766150,0.756360,0.760620
2021-02-03,0.760580,0.762630,0.760130,0.761720
2021-02-04,0.761690,0.764780,0.758810,0.759930
2021-02-05,0.759840,0.767850,0.758290,0.767720
2021-02-08,0.766610,0.771450,0.765130,0.770420
2021-02-09,0.769920,0.774010,0.769900,0.773780
2021-02-10,0.773800,0.775600,0.771720,0.772090
2021-02-11,0.772090,0.777120,0.771250,0.774890
2021-02-12,0.775110,0.776440,0.771810,0.776110
2021-02-15,0.776110,0.778880,0.775830,0.777900
2021-02-16,0.777960,0.780530,0.774470,0.775450
2021-02-17,0.775760,0.777180,0.772420,0.774810
2021-02-18,0.774840,0.778970,0.773120,0.776510
2021-02-19,0.776660,0.787710,0.775730,0.786820
2021-02-22,0.786910,0.792930,0.785540,0.791290
2021-02-23,0.791310,0.793490,0.788040,0.790970
2021-02-24,0.790890,0.797340,0.789500,0.796630
2021-02-25,0.796620,0.800710,0.785850,0.787080
2021-02-26,0.787030,0.788350,0.769220,0.770280
2021-03-01,0.770910,0.778650,0.770710,0.776920
2021-03-02,0.777130,0.783760,0.773550,0.781860
2021-03-03,0.781610,0.783820,0.777050,0.777320
2021-03-04,0.777260,0.781490,0.770830,0.772100
2021-03-05,0.772050,0.772780,0.762190,0.768180
2021-03-08,0.769040,0.772200,0.763630,0.764680
2021-03-09,0.764680,0.772580,0.762130,0.771530
2021-03-10,0.771550,0.774550,0.766850,0.773370
2021-03-11,0.773280,0.779350,0.772320,0.778690
2021-03-12,0.778720,0.780050,0.772460,0.775830
2021-03-15,0.775540,0.777550,0.770580,0.775170
2021-03-16,0.775170,0.775740,0.771080,0.774180
2021-03-17,0.774180,0.781040,0.769910,0.779560
2021-03-18,0.779560,0.784900,0.774920,0.775590
2021-03-19,0.775660,0.777240,0.771740,0.774590
2021-03-22,0.771640,0.775630,0.770480,0.774400
2021-03-23,0.774400,0.774730,0.761700,0.763050
2021-03-24,0.763060,0.763400,0.757800,0.758190
2021-03-25,0.758350,0.761410,0.756280,0.758000
2021-03-26,0.758070,0.764120,0.757950,0.764110
2021-03-29,0.763120,0.765590,0.761500,0.763040
2021-03-30,0.763020,0.766360,0.758500,0.759530
2021-03-31,0.759570,0.763620,0.758130,0.759440
2021-04-01,0.759320,0.761980,0.753160,0.761600
2021-04-02,0.761550,0.763750,0.759200,0.760980
2021-04-05,0.760110,0.766040,0.759830,0.764900
2021-04-06,0.765150,0.766820,0.760610,0.766200
2021-04-07,0.766240,0.767690,0.760050,0.761230
2021-04-08,0.761190,0.766010,0.760260,0.765200
2021-04-09,0.765200,0.766110,0.758800,0.761890
2021-04-12,0.761120,0.763550,0.759470,0.762180
2021-04-13,0.762120,0.764840,0.758440,0.763940
2021-04-14,0.763960,0.773780,0.763450,0.772310
2021-04-15,0.772260,0.776070,0.770570,0.774950
2021-04-16,0.774950,0.775870,0.772410,0.773340
2021-04-19,0.772660,0.778440,0.770590,0.775600
2021-04-20,0.775600,0.781590,0.770920,0.772310
2021-04-21,0.772350,0.776200,0.769900,0.774950
2021-04-22,0.774950,0.776450,0.769030,0.770350
2021-04-23,0.770550,0.776010,0.769690,0.774860
2021-04-26,0.773890,0.781470,0.773850,0.779730
2021-04-27,0.779710,0.780360,0.776160,0.776220
2021-04-28,0.776230,0.780080,0.772490,0.778830
2021-04-29,0.778770,0.781790,0.775040,0.776510
2021-04-30,0.776420,0.778410,0.769590,0.771170
2021-05-03,0.771900,0.776660,0.770600,0.775780
2021-05-04,0.775760,0.776340,0.767460,0.770670
2021-05-05,0.770670,0.775450,0.769900,0.774600
2021-05-06,0.774600,0.778740,0.770090,0.778090
2021-05-07,0.778250,0.786240,0.776090,0.784350
2021-05-10,0.785700,0.789090,0.782670,0.782850
2021-05-11,0.782770,0.785660,0.781990,0.784010
2021-05-12,0.783980,0.784400,0.771890,0.772290
2021-05-13,0.772370,0.774610,0.768800,0.772700
2021-05-14,0.772690,0.778720,0.771380,0.778250
2021-05-17,0.776500,0.778340,0.773020,0.776360
2021-05-18,0.776360,0.781330,0.775110,0.778980
2021-05-19,0.778980,0.780330,0.771060,0.772570
2021-05-20,0.772470,0.778150,0.771600,0.777180
2021-05-21,0.777310,0.778260,0.771880,0.772970
2021-05-24,0.772420,0.775750,0.770590,0.775040
2021-05-25,0.775000,0.777620,0.773270,0.774870
2021-05-26,0.774860,0.779580,0.773080,0.773990
2021-05-27,0.773970,0.775730,0.772280,0.774160
2021-05-28,0.774220,0.774700,0.767720,0.770810
2021-05-31,0.770420,0.774110,0.770020,0.773070
2021-06-01,0.773110,0.776910,0.772770,0.774980
2021-06-02,0.775030,0.777290,0.771510,0.775110
2021-06-03,0.775100,0.775360,0.764650,0.765490
2021-06-04,0.765560,0.774490,0.764420,0.774280
2021-06-07,0.772670,0.776530,0.772140,0.775420
2021-06-08,0.775420,0.776330,0.773130,0.773750
2021-06-09,0.773710,0.776210,0.772400,0.772940
2021-06-10,0.772790,0.776340,0.771600,0.775010
2021-06-11,0.775010,0.777520,0.768820,0.770250
2021-06-14,0.770400,0.772580,0.769370,0.771010
2021-06-15,0.770870,0.771660,0.767420,0.768600
2021-06-16,0.768570,0.771550,0.760670,0.760790
2021-06-17,0.760640,0.764550,0.753950,0.755040
2021-06-18,0.754640,0.756110,0.747860,0.747930
2021-06-21,0.748120,0.754610,0.747650,0.754030
2021-06-22,0.754030,0.756400,0.749370,0.755340
2021-06-23,0.755340,0.759890,0.753140,0.757480
2021-06-24,0.757270,0.759160,0.756550,0.758150
2021-06-25,0.758060,0.761660,0.757950,0.759260
2021-06-28,0.757120,0.760160,0.755420,0.756570
2021-06-29,0.756500,0.757050,0.750740,0.751050
2021-06-30,0.750990,0.752730,0.749170,0.749650
2021-07-01,0.749610,0.750780,0.746000,0.746930
2021-07-02,0.746800,0.753270,0.744410,0.752550
2021-07-05,0.751720,0.753720,0.750890,0.752840
2021-07-06,0.752470,0.759880,0.748080,0.749310
2021-07-07,0.749330,0.753350,0.746270,0.748240
2021-07-08,0.748240,0.748970,0.741650,0.743020
2021-07-09,0.742670,0.749380,0.740950,0.749040
2021-07-12,0.747320,0.749580,0.744820,0.747790
2021-07-13,0.747790,0.750300,0.742610,0.744530
2021-07-14,0.744380,0.748580,0.743090,0.747870
2021-07-15,0.747870,0.748720,0.741040,0.742210
2021-07-16,0.742190,0.744270,0.739230,0.739530
2021-07-19,0.740020,0.741480,0.732190,0.734320
2021-07-20,0.734120,0.735710,0.729950,0.732850
2021-07-21,0.732860,0.736240,0.728940,0.735700
2021-07-22,0.735610,0.739730,0.734200,0.737670
2021-07-23,0.737530,0.739970,0.735700,0.736230
2021-07-26,0.735800,0.739050,0.733050,0.738010
2021-07-27,0.737850,0.738840,0.733690,0.735740
2021-07-28,0.735760,0.738130,0.731660,0.737450
2021-07-29,0.737270,0.741320,0.735900,0.739580
2021-07-30,0.739500,0.740420,0.733100,0.734670
2021-08-02,0.733020,0.738180,0.732910,0.736290
2021-08-03,0.736060,0.740840,0.735680,0.739500
2021-08-04,0.739280,0.742650,0.737010,0.737740
2021-08-05,0.737690,0.741560,0.737440,0.740110
2021-08-06,0.739970,0.740630,0.734640,0.735300
2021-08-09,0.734920,0.736370,0.732790,0.732820
2021-08-10,0.732950,0.735570,0.731570,0.734840
2021-08-11,0.734730,0.738890,0.732310,0.737370
2021-08-12,0.737070,0.737630,0.733180,0.733580
2021-08-13,0.733580,0.738110,0.732940,0.736860
2021-08-16,0.736120,0.737260,0.731930,0.733660
2021-08-17,0.733380,0.734100,0.724240,0.725330
2021-08-18,0.724990,0.726940,0.722850,0.723290
2021-08-19,0.723290,0.724430,0.714210,0.714600
2021-08-20,0.714600,0.715620,0.710610,0.714020
2021-08-23,0.711920,0.721770,0.711900,0.721070
2021-08-24,0.721070,0.727070,0.720050,0.725740
2021-08-25,0.725590,0.728020,0.723710,0.727560
2021-08-26,0.727350,0.727950,0.723400,0.723630
2021-08-27,0.723490,0.731660,0.722210,0.731030
2021-08-30,0.730320,0.731830,0.728440,0.729560
2021-08-31,0.729390,0.734110,0.728780,0.731550
2021-09-01,0.731390,0.738370,0.730780,0.736640
2021-09-02,0.736550,0.740920,0.735560,0.740020
2021-09-03,0.739810,0.747810,0.739330,0.744920
2021-09-06,0.744800,0.745630,0.742620,0.743900
2021-09-07,0.743710,0.746860,0.737450,0.738750
2021-09-08,0.738340,0.740390,0.734490,0.736430
2021-09-09,0.736240,0.739430,0.734680,0.736700
2021-09-10,0.736350,0.740980,0.734790,0.735210
2021-09-13,0.734810,0.737560,0.733600,0.736860
2021-09-14,0.736640,0.737310,0.731340,0.732020
2021-09-15,0.731730,0.733850,0.730130,0.733150
2021-09-16,0.732940,0.734720,0.727400,0.729220
2021-09-17,0.729100,0.732140,0.726160,0.726400
2021-09-20,0.726100,0.726820,0.721970,0.725180
2021-09-21,0.724930,0.728290,0.722160,0.723130
2021-09-22,0.722780,0.729640,0.722000,0.724390
2021-09-23,0.724430,0.731520,0.722240,0.729440
2021-09-24,0.729100,0.731660,0.723550,0.726100
2021-09-27,0.724920,0.729350,0.724740,0.728790
2021-09-28,0.728540,0.731060,0.722520,0.723890
2021-09-29,0.723710,0.726380,0.717000,0.717460
2021-09-30,0.717390,0.725680,0.717070,0.722640
2021-10-01,0.722530,0.727660,0.719180,0.726150
2021-10-04,0.725020,0.730360,0.725020,0.728650
2021-10-05,0.728540,0.730070,0.724870,0.729120
2021-10-06,0.728870,0.729250,0.722540,0.727190
2021-10-07,0.726900,0.732390,0.726710,0.731200
2021-10-08,0.730840,0.733770,0.728810,0.730800
2021-10-11,0.730750,0.737240,0.729170,0.734610
2021-10-12,0.734520,0.738410,0.733200,0.735030
2021-10-13,0.734760,0.738160,0.732320,0.737790
2021-10-14,0.737600,0.742650,0.736900,0.741500
2021-10-15,0.741370,0.744010,0.740330,0.741950
2021-10-18,0.741330,0.743680,0.737850,0.741160
2021-10-19,0.740740,0.748540,0.740690,0.747370
2021-10-20,0.747090,0.752270,0.746490,0.751610
2021-10-21,0.750920,0.754610,0.745820,0.746600
2021-10-22,0.746450,0.751190,0.745340,0.746680
2021-10-25,0.746420,0.750510,0.746030,0.749130
2021-10-26,0.748640,0.752530,0.748320,0.750160
2021-10-27,0.749630,0.753530,0.748690,0.751730
2021-10-28,0.751550,0.755570,0.747960,0.754380
2021-10-29,0.754110,0.755510,0.750000,0.752050
2021-11-01,0.751130,0.753590,0.748610,0.752190
2021-11-02,0.752100,0.753160,0.742010,0.743060
2021-11-03,0.742870,0.745870,0.741220,0.744960
2021-11-04,0.744910,0.747070,0.738270,0.740050
2021-11-05,0.740050,0.741190,0.735960,0.740170
2021-11-08,0.739110,0.743100,0.738400,0.742270
2021-11-09,0.742040,0.743180,0.736060,0.737770
2021-11-10,0.737640,0.739360,0.732360,0.732630
2021-11-11,0.732390,0.734100,0.728700,0.729280
2021-11-12,0.729060,0.733500,0.727640,0.733000
2021-11-15,0.732320,0.737060,0.732290,0.734620
2021-11-16,0.734330,0.736760,0.729240,0.730220
2021-11-17,0.730020,0.730480,0.725840,0.726660
2021-11-18,0.726460,0.729280,0.724940,0.727620
2021-11-19,0.727380,0.729110,0.722680,0.723490
2021-11-22,0.723420,0.727300,0.722070,0.722440
2021-11-23,0.722290,0.723600,0.720670,0.722630
2021-11-24,0.722490,0.722730,0.718370,0.719470
2021-11-25,0.719220,0.720890,0.717960,0.718850
2021-11-26,0.718660,0.718950,0.711210,0.712150
2021-11-29,0.713320,0.715960,0.711370,0.714230
2021-11-30,0.714230,0.717030,0.706260,0.712680
2021-12-01,0.712380,0.717300,0.709450,0.710430
2021-12-02,0.710020,0.711970,0.708450,0.709340
2021-12-03,0.709180,0.709580,0.699320,0.699960
2021-12-06,0.699720,0.705420,0.699640,0.705010
2021-12-07,0.704750,0.712300,0.703940,0.711840
2021-12-08,0.711660,0.718360,0.711390,0.717070
2021-12-09,0.716830,0.718670,0.713530,0.714750
2021-12-10,0.714580,0.718250,0.713170,0.717150
2021-12-13,0.716700,0.717610,0.711050,0.713140
2021-12-14,0.712890,0.713560,0.709010,0.710380
2021-12-15,0.710190,0.717730,0.709180,0.717120
2021-12-16,0.716940,0.722380,0.714540,0.718280
2021-12-17,0.718150,0.718340,0.712200,0.712580
2021-12-20,0.712700,0.713240,0.708250,0.711080
2021-12-21,0.710860,0.715590,0.709830,0.715370
2021-12-22,0.715180,0.722020,0.712090,0.721280
2021-12-23,0.721130,0.725120,0.719610,0.724440
2021-12-24,0.724220,0.724380,0.721760,0.722260
2021-12-27,0.722120,0.724520,0.720550,0.723960
2021-12-28,0.723740,0.726420,0.721890,0.722880
2021-12-29,0.722640,0.727240,0.721270,0.724880
2021-12-30,0.724520,0.727600,0.723910,0.724920
2021-12-31,0.725080,0.727780,0.724240,0.726550
2022-01-03,0.725820,0.727700,0.718380,0.719050
2022-01-04,0.718940,0.724880,0.718380,0.724030
2022-01-05,0.723740,0.727220,0.721490,0.722130
2022-01-06,0.721830,0.722240,0.714580,0.716160
2022-01-07,0.715900,0.718760,0.712950,0.718120
2022-01-10,0.716620,0.720240,0.714900,0.717350
2022-01-11,0.716280,0.721340,0.715490,0.720930
2022-01-12,0.720880,0.729230,0.720060,0.728330
2022-01-13,0.728180,0.731420,0.727330,0.728150
2022-01-14,0.727860,0.729370,0.719850,0.721630
2022-01-17,0.721120,0.722910,0.719580,0.720900
2022-01-18,0.720640,0.722780,0.717000,0.718330
2022-01-19,0.718270,0.723830,0.717690,0.721010
2022-01-20,0.720880,0.727630,0.720670,0.722560
2022-01-21,0.722250,0.722840,0.717140,0.717480
2022-01-24,0.717150,0.718750,0.709060,0.714350
2022-01-25,0.714350,0.717470,0.712140,0.715140
2022-01-26,0.715190,0.718140,0.709550,0.711510
2022-01-27,0.711370,0.712130,0.702380,0.703390
2022-01-28,0.703390,0.704580,0.696760,0.699560
2022-01-31,0.698900,0.707650,0.698620,0.706680
2022-02-01,0.706420,0.713000,0.703310,0.712800
2022-02-02,0.712720,0.715890,0.711820,0.713590
2022-02-03,0.713280,0.716830,0.710950,0.713970
2022-02-04,0.713520,0.715150,0.705160,0.707750
2022-02-07,0.707270,0.713020,0.706510,0.712560
2022-02-08,0.712440,0.714660,0.710640,0.714540
2022-02-09,0.714410,0.719460,0.714160,0.717830
2022-02-10,0.717640,0.724870,0.714680,0.716640
2022-02-11,0.716460,0.718480,0.710840,0.713590
2022-02-14,0.712750,0.715000,0.708610,0.712630
2022-02-15,0.712350,0.715620,0.710170,0.715100
2022-02-16,0.715110,0.720480,0.714320,0.719390
2022-02-17,0.719240,0.721740,0.714950,0.718630
2022-02-18,0.718430,0.722780,0.716470,0.717750
2022-02-21,0.716850,0.722230,0.716630,0.718880
2022-02-22,0.718670,0.723330,0.717150,0.721860
2022-02-23,0.721600,0.728350,0.721520,0.723370
2022-02-24,0.723120,0.723240,0.709450,0.716240
2022-02-25,0.716210,0.723750,0.713960,0.723170
2022-02-28,0.717900,0.726530,0.716740,0.726200
2022-03-01,0.725980,0.728950,0.723800,0.725180
2022-03-02,0.725040,0.730670,0.724330,0.729630
2022-03-03,0.729510,0.734770,0.727610,0.732860
2022-03-04,0.732590,0.738060,0.730020,0.737390
