date,open,high,low,close
2012-12-04,1.305840,1.310730,1.304530,1.309350
2012-12-05,1.309340,1.312530,1.305960,1.307010
2012-12-06,1.307020,1.308570,1.295000,1.295710
2012-12-07,1.295730,1.297180,1.287690,1.292610
2012-12-10,1.289920,1.294580,1.288550,1.294000
2012-12-11,1.294000,1.301400,1.292830,1.300780
2012-12-12,1.300800,1.309600,1.299510,1.306980
2012-12-13,1.307000,1.309980,1.304050,1.307450
2012-12-14,1.307480,1.317270,1.306570,1.316220
2012-12-17,1.318210,1.318630,1.314370,1.315930
2012-12-18,1.315940,1.323760,1.315580,1.322350
2012-12-19,1.322370,1.330760,1.318890,1.319860
2012-12-20,1.319880,1.329420,1.319880,1.324540
2012-12-21,1.324610,1.324640,1.315700,1.318670
2012-12-24,1.317900,1.323260,1.317060,1.318700
2012-12-26,1.318670,1.325340,1.318260,1.322030
2012-12-27,1.322040,1.328330,1.320140,1.323420
2012-12-28,1.323440,1.325620,1.316540,1.321460
2012-12-31,1.321570,1.323380,1.317160,1.319640
2013-01-01,1.320360,1.321920,1.319770,1.320530
2013-01-02,1.320490,1.329920,1.315670,1.318880
2013-01-03,1.318890,1.318890,1.302460,1.303660
2013-01-04,1.303640,1.308840,1.299750,1.306770
2013-01-07,1.307790,1.312760,1.301650,1.312520
2013-01-08,1.312530,1.313880,1.305690,1.308020
2013-01-09,1.308040,1.309530,1.303640,1.305400
2013-01-10,1.305380,1.327890,1.303830,1.326680
2013-01-11,1.326690,1.336440,1.324810,1.334160
2013-01-14,1.336210,1.340310,1.333570,1.337650
2013-01-15,1.337620,1.339300,1.326640,1.329720
2013-01-16,1.329720,1.332420,1.325640,1.329010
2013-01-17,1.329050,1.338710,1.326960,1.337430
2013-01-18,1.337410,1.339790,1.327980,1.331950
2013-01-21,1.331070,1.333150,1.329910,1.331530
2013-01-22,1.331490,1.337110,1.326670,1.332130
2013-01-23,1.332100,1.335380,1.326420,1.330940
2013-01-24,1.330950,1.339220,1.328590,1.337900
2013-01-25,1.337900,1.347850,1.335000,1.346290
2013-01-28,1.345980,1.347650,1.342440,1.344470
2013-01-29,1.344460,1.349630,1.341400,1.348670
2013-01-30,1.348660,1.358570,1.348160,1.356770
2013-01-31,1.356760,1.359310,1.354090,1.358690
2013-02-01,1.358640,1.371060,1.358280,1.363910
2013-02-04,1.364880,1.365320,1.349850,1.350260
2013-02-05,1.350240,1.359690,1.345780,1.358160
2013-02-06,1.358150,1.359530,1.349390,1.351750
2013-02-07,1.351740,1.357650,1.337050,1.339430
2013-02-08,1.339450,1.342820,1.335320,1.336140
2013-02-11,1.336820,1.342650,1.335620,1.340160
2013-02-12,1.340150,1.347510,1.336400,1.345180
2013-02-13,1.345190,1.351930,1.342600,1.344840
2013-02-14,1.344830,1.345460,1.331470,1.335730
2013-02-15,1.335720,1.339290,1.330620,1.335850
2013-02-18,1.334840,1.337820,1.332150,1.335150
2013-02-19,1.335180,1.339540,1.332940,1.338470
2013-02-20,1.338460,1.343160,1.327090,1.328740
2013-02-21,1.328720,1.328880,1.316120,1.319160
2013-02-22,1.319150,1.324430,1.314510,1.319070
2013-02-25,1.319040,1.331830,1.304870,1.305740
2013-02-26,1.305750,1.312090,1.301800,1.306450
2013-02-27,1.306460,1.314650,1.304150,1.313520
2013-02-28,1.313520,1.316050,1.305270,1.306650
2013-03-01,1.306640,1.310060,1.296640,1.301800
2013-03-04,1.301360,1.303040,1.298220,1.302410
2013-03-05,1.302520,1.307420,1.301220,1.304390
2013-03-06,1.304380,1.306980,1.296460,1.297650
2013-03-07,1.297690,1.311810,1.297310,1.310420
2013-03-08,1.310430,1.313410,1.295500,1.300420
2013-03-11,1.298920,1.305350,1.297930,1.303440
2013-03-12,1.303410,1.307420,1.299090,1.302770
2013-03-13,1.302770,1.306460,1.292280,1.295680
2013-03-14,1.295680,1.303110,1.291100,1.301240
2013-03-15,1.301240,1.310690,1.300230,1.307540
2013-03-18,1.290710,1.299540,1.288170,1.294250
2013-03-19,1.294230,1.296940,1.284380,1.285780
2013-03-20,1.285780,1.297760,1.285660,1.293300
2013-03-21,1.293310,1.295510,1.287990,1.289800
2013-03-22,1.289810,1.300950,1.288800,1.298670
2013-03-25,1.297240,1.304790,1.282960,1.285930
2013-03-26,1.285960,1.288950,1.282860,1.286330
2013-03-27,1.286320,1.286680,1.275090,1.277850
2013-03-28,1.277860,1.284430,1.275500,1.281440
2013-03-29,1.281440,1.283680,1.279300,1.281480
2013-04-01,1.281120,1.286770,1.277100,1.284350
2013-04-02,1.284310,1.287750,1.280860,1.282230
2013-04-03,1.282210,1.286390,1.278980,1.284270
2013-04-04,1.284270,1.294870,1.274540,1.293300
2013-04-05,1.293300,1.303970,1.290050,1.299150
2013-04-08,1.299370,1.303760,1.296830,1.301840
2013-04-09,1.301840,1.310290,1.300450,1.308120
2013-04-10,1.308110,1.312140,1.305210,1.306670
2013-04-11,1.306680,1.313800,1.304310,1.310650
2013-04-12,1.310650,1.312620,1.303660,1.310820
2013-04-15,1.310250,1.310940,1.302100,1.304660
2013-04-16,1.304660,1.320150,1.302750,1.317900
2013-04-17,1.317900,1.319950,1.300110,1.303550
2013-04-18,1.303550,1.309610,1.302080,1.304830
2013-04-19,1.304850,1.312820,1.304700,1.305100
2013-04-22,1.306910,1.308400,1.301500,1.306150
2013-04-23,1.306150,1.308310,1.297300,1.300060
2013-04-24,1.300100,1.303400,1.295470,1.301110
2013-04-25,1.301110,1.309330,1.298870,1.300880
2013-04-26,1.300900,1.304750,1.299050,1.302670
2013-04-29,1.305850,1.311630,1.303180,1.309290
2013-04-30,1.309290,1.318580,1.305400,1.316640
2013-05-01,1.316670,1.324270,1.316050,1.318360
2013-05-02,1.318420,1.321760,1.303760,1.306180
2013-05-03,1.306200,1.315820,1.303230,1.311310
2013-05-06,1.311700,1.314060,1.305340,1.307270
2013-05-07,1.307280,1.313150,1.306770,1.307870
2013-05-08,1.307870,1.319440,1.307150,1.316000
2013-05-09,1.315920,1.317690,1.300980,1.304410
2013-05-10,1.304460,1.305060,1.293500,1.298530
2013-05-13,1.297560,1.299820,1.294150,1.298200
2013-05-14,1.298170,1.302930,1.291290,1.293130
2013-05-15,1.293130,1.294240,1.284300,1.288020
2013-05-16,1.288080,1.292970,1.284630,1.288290
2013-05-17,1.288350,1.288970,1.279620,1.283630
2013-05-20,1.284460,1.290060,1.281920,1.288390
2013-05-21,1.288400,1.293330,1.284130,1.290610
2013-05-22,1.290550,1.299800,1.283350,1.285290
2013-05-23,1.285270,1.295640,1.282140,1.293210
2013-05-24,1.293220,1.299330,1.290430,1.292780
2013-05-27,1.293630,1.294850,1.291520,1.293350
2013-05-28,1.293320,1.294960,1.284930,1.285220
2013-05-29,1.285220,1.297750,1.283780,1.294010
2013-05-30,1.293980,1.306140,1.293340,1.304400
2013-05-31,1.304580,1.305930,1.294420,1.299560
2013-06-03,1.299220,1.310740,1.295550,1.307000
2013-06-04,1.306990,1.310120,1.304260,1.308230
2013-06-05,1.308210,1.311570,1.305320,1.309230
2013-06-06,1.309230,1.330450,1.307490,1.324530
2013-06-07,1.324520,1.328440,1.319150,1.321680
2013-06-10,1.319170,1.326870,1.317720,1.325660
2013-06-11,1.325670,1.331710,1.323220,1.331370
2013-06-12,1.331350,1.335890,1.326560,1.333700
2013-06-13,1.333690,1.338980,1.327860,1.337560
2013-06-14,1.337340,1.337340,1.329470,1.334450
2013-06-17,1.334870,1.338030,1.331840,1.336200
2013-06-18,1.336230,1.341560,1.332580,1.339400
2013-06-19,1.339410,1.341580,1.326210,1.329590
2013-06-20,1.329590,1.330150,1.316120,1.322700
2013-06-21,1.322680,1.325410,1.309880,1.312090
2013-06-24,1.310420,1.314380,1.305920,1.312320
2013-06-25,1.312320,1.315080,1.306510,1.308210
2013-06-26,1.308220,1.308700,1.298480,1.300670
2013-06-27,1.301160,1.305450,1.299990,1.303770
2013-06-28,1.303780,1.310220,1.299110,1.300780
2013-07-01,1.301440,1.307000,1.300520,1.306140
2013-07-02,1.306140,1.307800,1.296360,1.298160
2013-07-03,1.298150,1.303140,1.292300,1.300840
2013-07-04,1.300840,1.302320,1.288310,1.291200
2013-07-05,1.291140,1.291670,1.280610,1.282910
2013-07-08,1.282040,1.288190,1.281170,1.286790
2013-07-09,1.286800,1.289810,1.275530,1.278630
2013-07-10,1.278620,1.302390,1.276470,1.302350
2013-07-11,1.302360,1.320660,1.300600,1.309570
2013-07-12,1.309580,1.310010,1.299920,1.306510
2013-07-15,1.306640,1.307880,1.299340,1.306600
2013-07-16,1.306600,1.317420,1.305240,1.315330
2013-07-17,1.315410,1.317810,1.308310,1.312280
2013-07-18,1.312280,1.312550,1.306680,1.311130
2013-07-19,1.311150,1.315390,1.308910,1.314080
2013-07-22,1.313660,1.321790,1.313580,1.318420
2013-07-23,1.318390,1.323860,1.316340,1.322320
2013-07-24,1.322330,1.325600,1.317720,1.319720
2013-07-25,1.319690,1.329560,1.316550,1.327590
2013-07-26,1.327580,1.329680,1.325260,1.327650
2013-07-29,1.327920,1.329490,1.323930,1.326200
2013-07-30,1.326220,1.330090,1.323460,1.326260
2013-07-31,1.326250,1.334460,1.321400,1.329630
2013-08-01,1.330220,1.331080,1.319430,1.320960
2013-08-02,1.320970,1.329370,1.318770,1.327980
2013-08-05,1.328130,1.330030,1.323270,1.326110
2013-08-06,1.326120,1.332290,1.324600,1.330730
2013-08-07,1.330800,1.334520,1.326550,1.333650
2013-08-08,1.333650,1.340020,1.332820,1.338140
2013-08-09,1.338090,1.339030,1.333260,1.333870
2013-08-12,1.333660,1.334390,1.327720,1.329900
2013-08-13,1.329910,1.331710,1.323350,1.326010
2013-08-14,1.326050,1.327950,1.323880,1.325770
2013-08-15,1.325750,1.336230,1.320580,1.335040
2013-08-16,1.335030,1.337980,1.331090,1.332790
2013-08-19,1.333540,1.337440,1.331520,1.333570
2013-08-20,1.333570,1.345180,1.332330,1.341760
2013-08-21,1.341780,1.342670,1.333550,1.335790
2013-08-22,1.335770,1.337300,1.329800,1.335590
2013-08-23,1.335570,1.340970,1.333340,1.337880
2013-08-26,1.338190,1.339420,1.335660,1.337020
2013-08-27,1.337010,1.339860,1.332320,1.339050
2013-08-28,1.339060,1.339760,1.330500,1.334040
2013-08-29,1.334040,1.334310,1.321950,1.323740
2013-08-30,1.323890,1.325460,1.317500,1.321950
2013-09-02,1.321220,1.322700,1.318370,1.319570
2013-09-03,1.319540,1.319690,1.313860,1.316610
2013-09-04,1.316670,1.321780,1.315710,1.320280
2013-09-05,1.320430,1.322260,1.311040,1.311770
2013-09-06,1.311800,1.318900,1.310470,1.317660
2013-09-09,1.317350,1.328060,1.316510,1.325310
2013-09-10,1.325340,1.327570,1.323000,1.326550
2013-09-11,1.326540,1.332440,1.324380,1.331080
2013-09-12,1.331100,1.332410,1.325770,1.329980
2013-09-13,1.330010,1.332110,1.325430,1.329320
2013-09-16,1.336270,1.338540,1.333000,1.333490
2013-09-17,1.333500,1.336930,1.332510,1.335780
2013-09-18,1.335780,1.354150,1.333800,1.350820
2013-09-19,1.350830,1.356850,1.350090,1.352910
2013-09-20,1.352860,1.354860,1.349800,1.352170
2013-09-23,1.353180,1.354440,1.347920,1.349270
2013-09-24,1.349300,1.351860,1.346430,1.347020
2013-09-25,1.347090,1.353720,1.346220,1.352190
2013-09-26,1.352220,1.352600,1.347220,1.348650
2013-09-27,1.348700,1.356420,1.347410,1.352160
2013-09-30,1.348190,1.355560,1.347750,1.352150
2013-10-01,1.352150,1.358760,1.351680,1.352410
2013-10-02,1.352410,1.360680,1.350600,1.358110
2013-10-03,1.358120,1.364550,1.357740,1.362150
2013-10-04,1.362190,1.363150,1.353840,1.355650
2013-10-07,1.356290,1.359090,1.354250,1.357660
2013-10-08,1.357670,1.360700,1.355730,1.357270
2013-10-09,1.357290,1.360440,1.348570,1.352320
2013-10-10,1.352320,1.354630,1.348770,1.352530
2013-10-11,1.352540,1.358130,1.351930,1.353720
2013-10-14,1.355690,1.359740,1.354530,1.355910
2013-10-15,1.355920,1.357080,1.347940,1.352560
2013-10-16,1.352540,1.356730,1.347340,1.353340
2013-10-17,1.353350,1.368160,1.351540,1.367230
2013-10-18,1.367230,1.370360,1.365940,1.368530
2013-10-21,1.368290,1.368840,1.365090,1.367680
2013-10-22,1.367690,1.379160,1.366220,1.377810
2013-10-23,1.377800,1.379270,1.374140,1.377500
2013-10-24,1.377510,1.382490,1.376470,1.379890
2013-10-25,1.379880,1.383200,1.377420,1.380200
2013-10-28,1.380800,1.381710,1.377480,1.378290
2013-10-29,1.378310,1.381290,1.373640,1.374650
2013-10-30,1.374650,1.378410,1.369610,1.372170
2013-10-31,1.372190,1.373840,1.357500,1.358800
2013-11-01,1.358780,1.358920,1.347990,1.348580
2013-11-04,1.349100,1.352440,1.344250,1.351210
2013-11-05,1.351210,1.352210,1.344890,1.347170
2013-11-06,1.347170,1.354720,1.346750,1.351490
2013-11-07,1.351510,1.352860,1.329590,1.341310
2013-11-08,1.341340,1.343760,1.331780,1.336440
2013-11-11,1.335740,1.341580,1.334450,1.340650
2013-11-12,1.340650,1.345580,1.335910,1.343450
2013-11-13,1.343440,1.349720,1.339000,1.348160
2013-11-14,1.348160,1.349400,1.341820,1.345850
2013-11-15,1.345820,1.350460,1.343190,1.349430
2013-11-18,1.349170,1.354170,1.347430,1.350370
2013-11-19,1.350340,1.354690,1.348760,1.353540
2013-11-20,1.353530,1.357700,1.341520,1.343900
2013-11-21,1.343870,1.348620,1.339920,1.347530
2013-11-22,1.347530,1.355670,1.346210,1.355540
2013-11-25,1.355360,1.356000,1.349020,1.352200
2013-11-26,1.352170,1.357470,1.351930,1.356660
2013-11-27,1.356730,1.361280,1.355760,1.357760
2013-11-28,1.357760,1.361790,1.356350,1.360250
2013-11-29,1.360220,1.362140,1.357980,1.359010
2013-12-02,1.358780,1.361520,1.352590,1.353850
2013-12-03,1.353900,1.361340,1.352410,1.358850
2013-12-04,1.358890,1.360520,1.352820,1.358980
2013-12-05,1.358960,1.367710,1.354310,1.367220
2013-12-06,1.367200,1.370610,1.361950,1.370450
2013-12-09,1.371010,1.374520,1.369430,1.373510
2013-12-10,1.373540,1.379470,1.373410,1.375890
2013-12-11,1.375920,1.381050,1.374120,1.378610
2013-12-12,1.378620,1.380300,1.373760,1.375010
2013-12-13,1.374980,1.376890,1.370930,1.373760
2013-12-16,1.373700,1.379840,1.373610,1.375820
2013-12-17,1.375830,1.378200,1.372300,1.377110
2013-12-18,1.377120,1.381110,1.367270,1.367500
2013-12-19,1.367500,1.369380,1.364920,1.365490
2013-12-20,1.365480,1.370900,1.362510,1.367000
2013-12-23,1.367230,1.371640,1.367140,1.369570
2013-12-24,1.369530,1.369870,1.365470,1.367940
2013-12-26,1.368540,1.370180,1.367970,1.368890
2013-12-27,1.368850,1.389300,1.368810,1.374620
2013-12-30,1.375860,1.381890,1.372850,1.379370
2013-12-31,1.379380,1.381230,1.375960,1.378760
2014-01-01,1.375500,1.376480,1.373720,1.375800
2014-01-02,1.375810,1.377490,1.362940,1.366430
2014-01-03,1.366430,1.367160,1.358210,1.358740
2014-01-06,1.359550,1.365280,1.357120,1.363340
2014-01-07,1.363340,1.365620,1.359660,1.361380
2014-01-08,1.361420,1.363490,1.355330,1.357490
2014-01-09,1.357460,1.363280,1.354840,1.360170
2014-01-10,1.360160,1.368710,1.357210,1.366650
2014-01-13,1.366620,1.368460,1.363730,1.366800
2014-01-14,1.366800,1.369920,1.364900,1.367220
2014-01-15,1.367280,1.367600,1.358120,1.360420
2014-01-16,1.360430,1.364920,1.358300,1.361620
2014-01-17,1.361630,1.362080,1.351680,1.354050
2014-01-20,1.353250,1.356770,1.350740,1.355570
2014-01-21,1.355570,1.356870,1.351620,1.355910
2014-01-22,1.355880,1.358320,1.353440,1.354470
2014-01-23,1.354510,1.369810,1.353030,1.369310
2014-01-24,1.369300,1.373930,1.366270,1.367520
2014-01-27,1.368000,1.371630,1.365290,1.367280
2014-01-28,1.367300,1.368820,1.362900,1.365170
2014-01-29,1.365190,1.368450,1.360290,1.366080
2014-01-30,1.366090,1.366420,1.354340,1.355650
2014-01-31,1.355670,1.357330,1.347900,1.348490
2014-02-03,1.348550,1.353530,1.347700,1.352580
2014-02-04,1.352600,1.353840,1.349340,1.351430
2014-02-05,1.351470,1.355520,1.349860,1.353610
2014-02-06,1.353610,1.361880,1.348410,1.358980
2014-02-07,1.358980,1.364250,1.355160,1.363420
2014-02-10,1.362320,1.365130,1.361790,1.364420
2014-02-11,1.364410,1.368270,1.362910,1.363720
2014-02-12,1.363750,1.365250,1.356200,1.359480
2014-02-13,1.359520,1.369160,1.358520,1.367870
2014-02-14,1.367850,1.371450,1.367350,1.369180
2014-02-17,1.370070,1.372400,1.369190,1.370470
2014-02-18,1.370470,1.376960,1.369430,1.376040
2014-02-19,1.376010,1.377300,1.372420,1.373210
2014-02-20,1.373220,1.376230,1.368570,1.372020
2014-02-21,1.372080,1.375830,1.370180,1.373800
2014-02-24,1.373820,1.377100,1.370810,1.373360
2014-02-25,1.373370,1.376680,1.371520,1.374470
2014-02-26,1.374490,1.375690,1.366140,1.368310
2014-02-27,1.368310,1.372660,1.364300,1.370800
2014-02-28,1.370810,1.382410,1.369400,1.380160
2014-03-03,1.378560,1.379240,1.372600,1.373610
2014-03-04,1.373620,1.378120,1.372060,1.373950
2014-03-05,1.373960,1.374910,1.370720,1.373610
2014-03-06,1.373610,1.387230,1.372100,1.385960
2014-03-07,1.385990,1.391460,1.385220,1.387460
2014-03-10,1.387610,1.389760,1.386140,1.387690
2014-03-11,1.387670,1.387840,1.383350,1.385450
2014-03-12,1.385450,1.391420,1.384320,1.390180
2014-03-13,1.390180,1.396660,1.384540,1.386760
2014-03-14,1.386760,1.393740,1.384730,1.391340
2014-03-17,1.390620,1.394740,1.387880,1.392520
2014-03-18,1.392510,1.394270,1.387970,1.393040
2014-03-19,1.393040,1.393290,1.380950,1.382230
2014-03-20,1.382260,1.384480,1.374900,1.377820
2014-03-21,1.377810,1.381060,1.376540,1.379330
2014-03-24,1.379140,1.387570,1.376010,1.383800
2014-03-25,1.383810,1.384700,1.374900,1.382500
2014-03-26,1.382490,1.382630,1.377620,1.378300
2014-03-27,1.378340,1.379670,1.372830,1.374370
2014-03-28,1.374360,1.377290,1.370470,1.375130
2014-03-31,1.375310,1.380850,1.372150,1.377350
2014-04-01,1.377340,1.381520,1.376900,1.379320
2014-04-02,1.379310,1.382010,1.375300,1.376510
2014-04-03,1.376530,1.380660,1.369800,1.371680
2014-04-04,1.371690,1.373120,1.367250,1.370140
2014-04-07,1.370080,1.374830,1.369600,1.374120
2014-04-08,1.374130,1.381160,1.373710,1.379460
2014-04-09,1.379550,1.386200,1.377990,1.385360
2014-04-10,1.385340,1.389880,1.383570,1.388680
2014-04-11,1.388680,1.390570,1.386320,1.388440
2014-04-14,1.385730,1.386270,1.380800,1.381810
2014-04-15,1.381850,1.383320,1.378990,1.381330
2014-04-16,1.381330,1.385070,1.380350,1.381600
2014-04-17,1.381600,1.386450,1.381090,1.381310
2014-04-18,1.381300,1.382220,1.380680,1.380680
2014-04-21,1.381640,1.383020,1.378690,1.379440
2014-04-22,1.379450,1.382470,1.378490,1.380530
2014-04-23,1.380520,1.385450,1.380010,1.381600
2014-04-24,1.381580,1.384320,1.379120,1.383120
2014-04-25,1.383140,1.384810,1.382670,1.383300
2014-04-28,1.383940,1.387920,1.381450,1.384970
2014-04-29,1.384970,1.387880,1.380540,1.381160
2014-04-30,1.381180,1.387640,1.377490,1.386530
2014-05-01,1.386560,1.388890,1.386260,1.386700
2014-05-02,1.386710,1.388110,1.381200,1.386890
2014-05-05,1.387240,1.388580,1.386430,1.387400
2014-05-06,1.387430,1.395110,1.387190,1.392470
2014-05-07,1.392480,1.393840,1.390970,1.391090
2014-05-08,1.391090,1.399320,1.383280,1.383920
2014-05-09,1.383930,1.384410,1.374530,1.375770
2014-05-12,1.375690,1.377470,1.374920,1.375820
2014-05-13,1.375820,1.377130,1.368890,1.370340
2014-05-14,1.370350,1.373040,1.369780,1.371420
2014-05-15,1.371390,1.373220,1.364840,1.371010
2014-05-16,1.371010,1.372670,1.368510,1.369330
2014-05-19,1.369780,1.373370,1.369510,1.370850
2014-05-20,1.370860,1.371330,1.367800,1.369890
2014-05-21,1.369910,1.372290,1.363530,1.368560
2014-05-22,1.368560,1.368710,1.364510,1.365610
2014-05-23,1.365570,1.365630,1.361550,1.362800
2014-05-26,1.362460,1.365400,1.361530,1.364380
2014-05-27,1.364390,1.366810,1.361230,1.363340
2014-05-28,1.363360,1.363730,1.358800,1.359210
2014-05-29,1.359200,1.362530,1.358580,1.360170
2014-05-30,1.360190,1.364980,1.359800,1.363390
2014-06-02,1.363040,1.363590,1.358790,1.359790
2014-06-03,1.359790,1.364750,1.358670,1.362710
2014-06-04,1.362680,1.363890,1.359620,1.360010
2014-06-05,1.359970,1.366930,1.350280,1.366280
2014-06-06,1.366290,1.367690,1.362080,1.364230
2014-06-09,1.364580,1.366850,1.358230,1.359230
2014-06-10,1.359250,1.360170,1.353330,1.354450
2014-06-11,1.354450,1.355690,1.352150,1.353370
2014-06-12,1.353390,1.357140,1.351210,1.354890
2014-06-13,1.354900,1.357870,1.352070,1.353790
2014-06-16,1.353730,1.357920,1.351290,1.357220
2014-06-17,1.357190,1.358690,1.353600,1.354620
2014-06-18,1.354600,1.359920,1.354160,1.358750
2014-06-19,1.358750,1.364330,1.358380,1.360600
2014-06-20,1.360630,1.363380,1.356420,1.359950
2014-06-23,1.359490,1.361330,1.357380,1.360350
2014-06-24,1.360370,1.362740,1.358320,1.360280
2014-06-25,1.360280,1.365100,1.360030,1.363060
2014-06-26,1.363060,1.364110,1.357570,1.361200
2014-06-27,1.361240,1.365020,1.360980,1.364880
2014-06-30,1.364500,1.369690,1.364020,1.369270
2014-07-01,1.369280,1.369910,1.367530,1.367870
2014-07-02,1.367860,1.368200,1.364220,1.365670
2014-07-03,1.365680,1.366390,1.359620,1.360880
2014-07-04,1.360870,1.361100,1.358510,1.359440
2014-07-07,1.359350,1.360890,1.357580,1.360560
2014-07-08,1.360550,1.361720,1.358810,1.361170
2014-07-09,1.361160,1.364730,1.360210,1.364040
2014-07-10,1.364030,1.365060,1.358910,1.360630
2014-07-11,1.360640,1.362440,1.359160,1.360320
2014-07-14,1.360550,1.364010,1.359730,1.362070
2014-07-15,1.362060,1.362770,1.356190,1.356790
2014-07-16,1.356790,1.357140,1.352060,1.352510
2014-07-17,1.352490,1.353990,1.351630,1.352580
2014-07-18,1.352580,1.353580,1.349080,1.352030
2014-07-21,1.352680,1.354840,1.351230,1.352210
2014-07-22,1.352210,1.352900,1.345840,1.346590
2014-07-23,1.346590,1.347370,1.345450,1.346220
2014-07-24,1.346220,1.348460,1.343780,1.346220
2014-07-25,1.346220,1.347520,1.342100,1.342880
2014-07-28,1.343050,1.344360,1.342650,1.343930
2014-07-29,1.343930,1.344410,1.340390,1.340870
2014-07-30,1.340880,1.341490,1.336650,1.339450
2014-07-31,1.339450,1.340040,1.337100,1.338770
2014-08-01,1.338720,1.344460,1.337810,1.342640
2014-08-04,1.342710,1.343080,1.340910,1.342180
2014-08-05,1.342170,1.342440,1.335800,1.337120
2014-08-06,1.337120,1.338750,1.333270,1.338380
2014-08-07,1.338360,1.339330,1.333670,1.336140
2014-08-08,1.336130,1.343230,1.334320,1.340940
2014-08-11,1.340610,1.340820,1.338010,1.338430
2014-08-12,1.338430,1.338570,1.333560,1.336700
2014-08-13,1.336740,1.341480,1.334190,1.336300
2014-08-14,1.336300,1.340740,1.334790,1.336370
2014-08-15,1.336370,1.341140,1.335830,1.339750
2014-08-18,1.339130,1.339880,1.335260,1.336110
2014-08-19,1.336110,1.336270,1.331290,1.331740
2014-08-20,1.331740,1.332400,1.325500,1.325760
2014-08-21,1.325750,1.328810,1.324170,1.328190
2014-08-22,1.328170,1.329630,1.322040,1.323810
2014-08-25,1.319140,1.321000,1.318340,1.319030
2014-08-26,1.319040,1.321440,1.316440,1.316820
2014-08-27,1.316810,1.320940,1.315230,1.319350
2014-08-28,1.319340,1.322040,1.315960,1.318380
2014-08-29,1.318370,1.319600,1.313230,1.313230
2014-09-01,1.312920,1.314510,1.311880,1.312730
2014-09-02,1.312710,1.313650,1.310980,1.313260
2014-09-03,1.313230,1.316000,1.312190,1.314870
2014-09-04,1.314880,1.315400,1.292010,1.293570
2014-09-05,1.293570,1.298830,1.292210,1.295100
2014-09-08,1.295310,1.295900,1.288110,1.290010
2014-09-09,1.290000,1.295740,1.285940,1.294040
2014-09-10,1.294030,1.296280,1.288330,1.291570
2014-09-11,1.291570,1.295160,1.289660,1.292330
2014-09-12,1.292310,1.297910,1.290890,1.296430
2014-09-15,1.296790,1.296940,1.290880,1.294090
2014-09-16,1.294080,1.299510,1.292230,1.295740
2014-09-17,1.295750,1.298140,1.283550,1.284490
2014-09-18,1.284560,1.293030,1.283470,1.291600
2014-09-19,1.291600,1.292890,1.282750,1.282840
2014-09-22,1.282670,1.286790,1.281640,1.284640
2014-09-23,1.284630,1.290120,1.284270,1.284860
2014-09-24,1.284850,1.286370,1.277420,1.277800
2014-09-25,1.277810,1.278340,1.269680,1.275150
2014-09-26,1.275150,1.276070,1.267690,1.268250
2014-09-29,1.268120,1.271490,1.266380,1.268870
2014-09-30,1.268890,1.270240,1.257120,1.263070
2014-10-01,1.263060,1.263970,1.258370,1.261850
2014-10-02,1.261830,1.269880,1.261380,1.266960
2014-10-03,1.267000,1.267190,1.250060,1.251450
2014-10-06,1.251320,1.267500,1.250890,1.265340
2014-10-07,1.265360,1.268200,1.258360,1.266460
2014-10-08,1.266490,1.274890,1.262280,1.273040
2014-10-09,1.273030,1.279140,1.266380,1.268950
2014-10-10,1.268950,1.271610,1.260560,1.262720
2014-10-13,1.262730,1.276810,1.262730,1.274120
2014-10-14,1.274120,1.274890,1.264000,1.265800
2014-10-15,1.265800,1.288680,1.262480,1.281560
2014-10-16,1.281730,1.284500,1.270590,1.280400
2014-10-17,1.280360,1.283680,1.274350,1.275910
2014-10-20,1.275520,1.281640,1.273080,1.279420
2014-10-21,1.279410,1.283970,1.271070,1.271120
2014-10-22,1.271130,1.273910,1.263670,1.264410
2014-10-23,1.264440,1.267620,1.261340,1.264470
2014-10-24,1.264470,1.269530,1.263440,1.266810
2014-10-27,1.267510,1.272310,1.266530,1.269470
2014-10-28,1.269470,1.276440,1.268480,1.273550
2014-10-29,1.273550,1.277010,1.262610,1.263770
2014-10-30,1.263760,1.263880,1.254690,1.260470
2014-10-31,1.260470,1.261350,1.248510,1.252310
2014-11-03,1.250850,1.251100,1.243850,1.249030
2014-11-04,1.249010,1.257720,1.248700,1.255210
2014-11-05,1.255200,1.256650,1.245680,1.247460
2014-11-06,1.247460,1.253280,1.236450,1.237860
2014-11-07,1.237850,1.246830,1.235710,1.245350
2014-11-10,1.246370,1.250900,1.241800,1.242350
2014-11-11,1.242340,1.249880,1.239390,1.247280
2014-11-12,1.247290,1.249740,1.241870,1.242790
2014-11-13,1.242810,1.249170,1.242590,1.247470
2014-11-14,1.247440,1.254620,1.239880,1.252150
2014-11-17,1.252040,1.257710,1.244400,1.244910
2014-11-18,1.244920,1.254490,1.244320,1.253110
2014-11-19,1.253090,1.259910,1.251160,1.254460
2014-11-20,1.254460,1.257460,1.250400,1.254130
2014-11-21,1.254120,1.256750,1.237470,1.238920
2014-11-24,1.236230,1.244440,1.236230,1.244100
2014-11-25,1.244070,1.248650,1.240150,1.247360
2014-11-26,1.247340,1.253100,1.244290,1.250440
2014-11-27,1.250470,1.252330,1.246430,1.246640
2014-11-28,1.246570,1.248970,1.242590,1.244980
2014-12-01,1.246130,1.250620,1.241890,1.246820
2014-12-02,1.246850,1.247570,1.237650,1.238180
2014-12-03,1.238060,1.239040,1.230080,1.230920
2014-12-04,1.231030,1.245610,1.227940,1.237870
2014-12-05,1.237670,1.239250,1.227070,1.228440
2014-12-08,1.228280,1.234350,1.224720,1.231620
2014-12-09,1.230610,1.244760,1.229200,1.237360
2014-12-10,1.237370,1.244810,1.236190,1.244670
2014-12-11,1.244350,1.249490,1.237000,1.240800
2014-12-12,1.241120,1.248500,1.238420,1.246000
2014-12-15,1.247310,1.247850,1.241440,1.243450
2014-12-16,1.243510,1.256960,1.243340,1.251020
2014-12-17,1.250790,1.251540,1.232040,1.234060
2014-12-18,1.234050,1.235270,1.226560,1.228560
2014-12-19,1.228490,1.230190,1.222000,1.222240
2014-12-22,1.222300,1.227230,1.221640,1.222850
2014-12-23,1.222850,1.224540,1.216440,1.217210
2014-12-24,1.217210,1.221990,1.216930,1.218910
2014-12-26,1.220850,1.221080,1.216840,1.217730
2014-12-29,1.218070,1.222090,1.214300,1.215000
2014-12-30,1.215000,1.218730,1.212370,1.215460
2014-12-31,1.215250,1.216950,1.209730,1.209950
2015-01-02,1.205380,1.206900,1.199970,1.200140
2015-01-05,1.194540,1.197570,1.186420,1.193170
2015-01-06,1.193180,1.196820,1.188360,1.188870
2015-01-07,1.188890,1.189560,1.180140,1.183860
2015-01-08,1.183860,1.184670,1.175360,1.178990
2015-01-09,1.179010,1.184500,1.176230,1.184020
2015-01-12,1.184810,1.187020,1.178560,1.183250
2015-01-13,1.183240,1.185890,1.175290,1.177180
2015-01-14,1.177120,1.184510,1.172670,1.178810
2015-01-15,1.178820,1.179210,1.156730,1.162980
2015-01-16,1.163050,1.164790,1.145940,1.156500
2015-01-19,1.155240,1.163810,1.155120,1.160600
2015-01-20,1.160500,1.161380,1.153970,1.154790
2015-01-21,1.154800,1.167900,1.154060,1.160870
2015-01-22,1.160880,1.164850,1.131560,1.136420
2015-01-23,1.136300,1.137310,1.111450,1.120320
2015-01-26,1.114920,1.129450,1.109700,1.123730
2015-01-27,1.123770,1.142210,1.122300,1.138030
2015-01-28,1.138030,1.138280,1.127570,1.128650
2015-01-29,1.128670,1.136700,1.126120,1.131850
2015-01-30,1.131540,1.136280,1.127700,1.128440
2015-02-02,1.131150,1.136160,1.129180,1.134130
2015-02-03,1.133990,1.153320,1.131220,1.147810
2015-02-04,1.147790,1.148420,1.131550,1.134330
2015-02-05,1.134280,1.149830,1.130350,1.147630
2015-02-06,1.147600,1.148500,1.130900,1.131020
2015-02-09,1.129520,1.135860,1.126980,1.132340
2015-02-10,1.132330,1.134480,1.127260,1.131970
2015-02-11,1.132000,1.134660,1.127940,1.133510
2015-02-12,1.133480,1.142240,1.130160,1.140220
2015-02-13,1.140200,1.144210,1.137920,1.139190
2015-02-16,1.139940,1.142850,1.131910,1.135280
2015-02-17,1.135330,1.144780,1.132170,1.141000
2015-02-18,1.140970,1.141520,1.133350,1.139620
2015-02-19,1.139600,1.144960,1.135500,1.136740
2015-02-20,1.136750,1.142310,1.127880,1.137850
2015-02-23,1.139400,1.139520,1.129470,1.133400
2015-02-24,1.133350,1.135770,1.129000,1.133970
2015-02-25,1.133950,1.138800,1.133530,1.136060
2015-02-26,1.135930,1.137910,1.118340,1.119750
2015-02-27,1.119750,1.124460,1.117580,1.119570
2015-03-02,1.118050,1.124020,1.115970,1.118240
2015-03-03,1.118350,1.121710,1.115450,1.117520
2015-03-04,1.117420,1.118520,1.106150,1.107670
2015-03-05,1.107720,1.111180,1.098790,1.102910
2015-03-06,1.102840,1.103220,1.083870,1.084330
2015-03-09,1.082960,1.090610,1.082270,1.085180
2015-03-10,1.085090,1.085470,1.066760,1.067850
2015-03-11,1.067910,1.071630,1.051080,1.054440
2015-03-12,1.054570,1.068330,1.049430,1.062410
2015-03-13,1.062380,1.063430,1.046190,1.049100
2015-03-16,1.048550,1.061930,1.047910,1.056690
2015-03-17,1.056640,1.065050,1.055100,1.059720
2015-03-18,1.059610,1.104150,1.057970,1.082840
2015-03-19,1.082910,1.091910,1.061250,1.065610
2015-03-20,1.065620,1.088130,1.065500,1.081890
2015-03-23,1.086670,1.097070,1.076670,1.094410
2015-03-24,1.094570,1.102860,1.088970,1.091760
2015-03-25,1.091840,1.101390,1.090020,1.097080
2015-03-26,1.097110,1.105150,1.085550,1.087400
2015-03-27,1.087430,1.094730,1.080070,1.088410
2015-03-30,1.088410,1.089130,1.080950,1.083200
2015-03-31,1.083170,1.084470,1.071230,1.073080
2015-04-01,1.073310,1.079920,1.071800,1.076240
2015-04-02,1.076220,1.090480,1.074970,1.087920
2015-04-03,1.087930,1.102610,1.086320,1.096790
2015-04-06,1.100070,1.103480,1.090900,1.092130
2015-04-07,1.092110,1.095400,1.080290,1.081370
2015-04-08,1.081370,1.088700,1.076270,1.077950
2015-04-09,1.077960,1.078840,1.063720,1.065840
2015-04-10,1.065850,1.068330,1.056740,1.060300
2015-04-13,1.060300,1.061900,1.052020,1.056590
2015-04-14,1.056580,1.070430,1.053110,1.065390
2015-04-15,1.065340,1.070150,1.057050,1.068690
2015-04-16,1.068690,1.081720,1.062460,1.075920
2015-04-17,1.075920,1.084810,1.073430,1.080890
2015-04-20,1.080890,1.081950,1.071200,1.073790
2015-04-21,1.073790,1.078080,1.065940,1.073330
2015-04-22,1.073330,1.080040,1.070790,1.072530
2015-04-23,1.072530,1.084580,1.066550,1.082450
2015-04-24,1.082450,1.089960,1.078420,1.087000
2015-04-27,1.086270,1.092630,1.081910,1.088690
2015-04-28,1.088970,1.099050,1.085950,1.097880
2015-04-29,1.097670,1.118750,1.095910,1.112650
2015-04-30,1.112770,1.126590,1.107080,1.122220
2015-05-01,1.121880,1.128960,1.117420,1.119670
2015-05-04,1.119220,1.122380,1.112240,1.114690
2015-05-05,1.114440,1.122030,1.106620,1.118490
2015-05-06,1.118510,1.136930,1.117490,1.134470
2015-05-07,1.134730,1.139180,1.123710,1.126570
2015-05-08,1.126540,1.128760,1.117890,1.120850
2015-05-11,1.120000,1.120530,1.113050,1.115420
2015-05-12,1.115440,1.127800,1.113370,1.121270
2015-05-13,1.121270,1.138210,1.120190,1.135420
2015-05-14,1.135350,1.144420,1.134020,1.140950
2015-05-15,1.140940,1.146610,1.132330,1.144660
2015-05-18,1.144850,1.144850,1.129790,1.131400
2015-05-19,1.131460,1.132560,1.111840,1.114900
2015-05-20,1.115060,1.115140,1.106160,1.109320
2015-05-21,1.109170,1.118070,1.107900,1.111130
2015-05-22,1.111130,1.120690,1.100160,1.101410
2015-05-25,1.100520,1.100890,1.095840,1.097690
2015-05-26,1.097640,1.098060,1.086260,1.087230
2015-05-27,1.087180,1.092840,1.081850,1.090340
2015-05-28,1.090350,1.095790,1.086810,1.094730
2015-05-29,1.094710,1.100530,1.092510,1.098950
2015-06-01,1.098350,1.098760,1.088650,1.092580
2015-06-02,1.092570,1.119270,1.091520,1.115010
2015-06-03,1.114990,1.128430,1.108110,1.127370
2015-06-04,1.127360,1.137930,1.122190,1.123720
2015-06-05,1.123700,1.127930,1.104890,1.111630
2015-06-08,1.110180,1.130630,1.108370,1.129080
2015-06-09,1.129020,1.134460,1.121360,1.128170
2015-06-10,1.127960,1.138550,1.125990,1.132300
2015-06-11,1.132320,1.133060,1.118160,1.125660
2015-06-12,1.125670,1.129610,1.115090,1.126210
2015-06-15,1.121330,1.129380,1.118930,1.128200
2015-06-16,1.128300,1.132920,1.120440,1.124670
2015-06-17,1.124670,1.135740,1.120570,1.133650
2015-06-18,1.133650,1.143600,1.132970,1.135950
2015-06-19,1.135750,1.139620,1.129150,1.134830
2015-06-22,1.137400,1.140970,1.131150,1.133960
2015-06-23,1.133980,1.134690,1.113470,1.116740
2015-06-24,1.116630,1.123440,1.115390,1.120330
2015-06-25,1.120560,1.122730,1.115340,1.120350
2015-06-26,1.120230,1.121940,1.112970,1.117130
2015-06-29,1.100470,1.127760,1.095380,1.123500
2015-06-30,1.123460,1.124370,1.111230,1.114530
2015-07-01,1.113800,1.117080,1.104250,1.105180
2015-07-02,1.105250,1.112090,1.103190,1.108260
2015-07-03,1.108350,1.111750,1.106430,1.110380
2015-07-06,1.097940,1.109500,1.096880,1.105510
2015-07-07,1.105510,1.105810,1.091580,1.101030
2015-07-08,1.101040,1.109250,1.097340,1.107560
2015-07-09,1.107540,1.112450,1.099100,1.103530
2015-07-10,1.103530,1.121530,1.103000,1.115410
2015-07-13,1.109930,1.119630,1.099480,1.100010
2015-07-14,1.100010,1.108080,1.096490,1.100820
2015-07-15,1.100820,1.103490,1.092930,1.094770
2015-07-16,1.094830,1.096200,1.085490,1.087300
2015-07-17,1.087310,1.090630,1.082810,1.082990
2015-07-20,1.083320,1.086950,1.080780,1.082450
2015-07-21,1.082430,1.096900,1.081090,1.093240
2015-07-22,1.093410,1.096620,1.086910,1.092780
2015-07-23,1.092340,1.101800,1.092130,1.098260
2015-07-24,1.098000,1.099550,1.092510,1.097620
2015-07-27,1.097590,1.112920,1.096870,1.108660
2015-07-28,1.108710,1.109950,1.102190,1.105920
2015-07-29,1.105880,1.108370,1.096670,1.098210
2015-07-30,1.098090,1.098900,1.089310,1.093130
2015-07-31,1.093040,1.111390,1.092080,1.098310
2015-08-03,1.097110,1.099570,1.094100,1.095030
2015-08-04,1.094930,1.098730,1.087860,1.088090
2015-08-05,1.087830,1.093700,1.084770,1.090520
2015-08-06,1.090410,1.094330,1.087330,1.092350
2015-08-07,1.092160,1.097800,1.085480,1.096400
2015-08-10,1.096230,1.104110,1.092500,1.101540
2015-08-11,1.101670,1.108800,1.096020,1.103700
2015-08-12,1.103900,1.121370,1.102400,1.115530
2015-08-13,1.115630,1.118850,1.107960,1.114760
2015-08-14,1.114600,1.118850,1.109760,1.111000
2015-08-17,1.111400,1.112450,1.105840,1.107280
2015-08-18,1.107380,1.109350,1.101710,1.102280
2015-08-19,1.102380,1.113420,1.101740,1.111600
2015-08-20,1.111540,1.124440,1.110670,1.123750
2015-08-21,1.123720,1.138840,1.122890,1.138650
2015-08-24,1.137420,1.171380,1.136790,1.161290
2015-08-25,1.161680,1.162140,1.139610,1.151270
2015-08-26,1.151550,1.156120,1.129120,1.131150
2015-08-27,1.130720,1.136420,1.120280,1.123930
2015-08-28,1.124280,1.130940,1.115590,1.118030
2015-08-31,1.117670,1.126200,1.116920,1.120900
2015-09-01,1.120790,1.133180,1.120770,1.131330
2015-09-02,1.131270,1.131930,1.121620,1.122580
2015-09-03,1.122520,1.124300,1.108690,1.112220
2015-09-04,1.112060,1.118940,1.108970,1.114690
2015-09-07,1.115710,1.117740,1.112100,1.116840
2015-09-08,1.116680,1.122920,1.115220,1.120120
2015-09-09,1.119810,1.121600,1.113130,1.120600
2015-09-10,1.120200,1.129500,1.117150,1.127760
2015-09-11,1.127550,1.134930,1.125380,1.133950
2015-09-14,1.132980,1.137290,1.128320,1.131500
2015-09-15,1.131450,1.132840,1.125800,1.126870
2015-09-16,1.126800,1.132040,1.121380,1.128900
2015-09-17,1.128850,1.144080,1.128420,1.143360
2015-09-18,1.143330,1.146000,1.126910,1.129850
2015-09-21,1.128230,1.132980,1.118090,1.118880
2015-09-22,1.118860,1.120720,1.111300,1.112360
2015-09-23,1.112290,1.121300,1.110490,1.118440
2015-09-24,1.118430,1.129560,1.116410,1.123210
2015-09-25,1.122800,1.122800,1.111590,1.119940
2015-09-28,1.119100,1.124740,1.114630,1.124360
2015-09-29,1.124410,1.128100,1.119350,1.124780
2015-09-30,1.124690,1.126100,1.115690,1.117630
2015-10-01,1.117480,1.120900,1.113470,1.119390
2015-10-02,1.119310,1.131810,1.115010,1.120950
2015-10-05,1.122020,1.128900,1.117310,1.118710
2015-10-06,1.118540,1.127920,1.117170,1.127040
2015-10-07,1.127060,1.128400,1.121120,1.123680
2015-10-08,1.123530,1.132650,1.123410,1.127560
2015-10-09,1.127480,1.138690,1.126670,1.135690
2015-10-12,1.135880,1.139660,1.135470,1.135780
2015-10-13,1.135710,1.141080,1.134380,1.137820
2015-10-14,1.137730,1.148890,1.137680,1.147300
2015-10-15,1.147230,1.149490,1.136290,1.138030
2015-10-16,1.138190,1.139450,1.133390,1.134740
2015-10-19,1.135460,1.137880,1.130540,1.132690
2015-10-20,1.132680,1.138680,1.132370,1.134530
2015-10-21,1.134300,1.137720,1.133420,1.133820
2015-10-22,1.133720,1.135070,1.109980,1.110870
2015-10-23,1.110550,1.113940,1.099630,1.101690
2015-10-26,1.100710,1.106820,1.100350,1.105290
2015-10-27,1.105240,1.107800,1.103000,1.104620
2015-10-28,1.104540,1.109550,1.089660,1.092670
2015-10-29,1.092680,1.098620,1.090260,1.098580
2015-10-30,1.098580,1.107230,1.096530,1.100500
2015-11-02,1.102660,1.105270,1.099980,1.101500
2015-11-03,1.101390,1.102980,1.093570,1.096270
2015-11-04,1.096260,1.096750,1.084390,1.086530
2015-11-05,1.086280,1.089720,1.083330,1.088280
2015-11-06,1.088250,1.089350,1.070700,1.073900
2015-11-09,1.072830,1.078960,1.071910,1.074990
2015-11-10,1.075000,1.076370,1.067400,1.072270
2015-11-11,1.072140,1.077330,1.070540,1.074170
2015-11-12,1.074320,1.083010,1.069060,1.081200
2015-11-13,1.081030,1.081670,1.071370,1.076680
2015-11-16,1.073660,1.075780,1.067440,1.068470
2015-11-17,1.067700,1.069040,1.063050,1.064300
2015-11-18,1.064130,1.069220,1.061660,1.065830
2015-11-19,1.065740,1.076280,1.065490,1.073380
2015-11-20,1.073220,1.073820,1.063970,1.064510
2015-11-23,1.063720,1.065650,1.059220,1.063540
2015-11-24,1.063550,1.067330,1.061930,1.064260
2015-11-25,1.064280,1.068900,1.056570,1.062380
2015-11-26,1.062280,1.062700,1.059960,1.061020
2015-11-27,1.061010,1.063760,1.056820,1.059380
2015-11-30,1.058870,1.059470,1.055760,1.056430
2015-12-01,1.056390,1.063690,1.056290,1.063240
2015-12-02,1.063400,1.063550,1.055050,1.061350
2015-12-03,1.061210,1.098070,1.052220,1.093850
2015-12-04,1.094080,1.095590,1.083570,1.087790
2015-12-07,1.086810,1.088720,1.079580,1.083660
2015-12-08,1.083480,1.090210,1.082990,1.089200
2015-12-09,1.088950,1.104270,1.087890,1.102440
2015-12-10,1.102140,1.102420,1.092470,1.094010
2015-12-11,1.093950,1.103050,1.092630,1.098940
2015-12-14,1.098010,1.104830,1.094520,1.099220
2015-12-15,1.099050,1.105930,1.090440,1.092850
2015-12-16,1.092890,1.101160,1.088780,1.091040
2015-12-17,1.090970,1.091380,1.080230,1.082450
2015-12-18,1.082420,1.087420,1.080470,1.086130
2015-12-21,1.085110,1.093870,1.084570,1.091390
2015-12-22,1.091330,1.098390,1.090210,1.095680
2015-12-23,1.095060,1.095680,1.086960,1.090990
2015-12-24,1.090870,1.096730,1.090230,1.095420
2015-12-28,1.094410,1.099220,1.094410,1.096810
2015-12-29,1.096410,1.099140,1.089880,1.091800
2015-12-30,1.092140,1.094340,1.090140,1.093120
2015-12-31,1.093030,1.093680,1.085260,1.086090
2016-01-04,1.086960,1.094620,1.078080,1.083190
2016-01-05,1.082740,1.083860,1.071040,1.074630
2016-01-06,1.074640,1.079920,1.071270,1.077960
2016-01-07,1.077890,1.093990,1.077070,1.092870
2016-01-08,1.092430,1.093310,1.080280,1.092450
2016-01-11,1.091710,1.096970,1.084760,1.085810
2016-01-12,1.085680,1.089990,1.081930,1.085700
2016-01-13,1.085790,1.088700,1.080460,1.087570
2016-01-14,1.087390,1.094290,1.083420,1.086340
2016-01-15,1.086470,1.098440,1.085430,1.091320
2016-01-18,1.092060,1.092730,1.086840,1.089410
2016-01-19,1.088940,1.093890,1.085910,1.090650
2016-01-20,1.090510,1.097570,1.087690,1.088830
2016-01-21,1.088760,1.092080,1.077700,1.087260
2016-01-22,1.087270,1.087630,1.078880,1.079650
2016-01-25,1.078860,1.085660,1.078860,1.084750
2016-01-26,1.084740,1.087400,1.081850,1.086830
2016-01-27,1.086850,1.091630,1.085030,1.089200
2016-01-28,1.089250,1.096740,1.086940,1.093900
2016-01-29,1.093840,1.094830,1.080960,1.083000
2016-02-01,1.082970,1.091250,1.081420,1.088730
2016-02-02,1.088730,1.093970,1.088190,1.091770
2016-02-03,1.091580,1.114520,1.090340,1.110170
2016-02-04,1.110160,1.123870,1.106930,1.120670
2016-02-05,1.120530,1.124680,1.110840,1.115780
2016-02-08,1.114150,1.121550,1.108620,1.119120
2016-02-09,1.119100,1.133780,1.116200,1.129400
2016-02-10,1.129030,1.131110,1.116020,1.128890
2016-02-11,1.128990,1.137610,1.127360,1.132180
2016-02-12,1.132200,1.133370,1.121380,1.125030
2016-02-15,1.123360,1.124950,1.112760,1.115310
2016-02-16,1.115300,1.119280,1.112390,1.114230
2016-02-17,1.114200,1.117880,1.110570,1.112670
2016-02-18,1.112620,1.114930,1.107070,1.110580
2016-02-19,1.110630,1.113900,1.106640,1.112790
2016-02-22,1.111110,1.112440,1.100280,1.102810
2016-02-23,1.102730,1.105240,1.098980,1.101800
2016-02-24,1.101730,1.104590,1.095710,1.101160
2016-02-25,1.101370,1.104960,1.098650,1.101680
2016-02-26,1.101680,1.106790,1.091140,1.092890
2016-02-29,1.091300,1.096250,1.085890,1.087180
2016-03-01,1.087510,1.089320,1.083380,1.086560
2016-03-02,1.086440,1.088070,1.082510,1.086720
2016-03-03,1.086760,1.097250,1.085330,1.095560
2016-03-04,1.095560,1.104300,1.090270,1.100640
2016-03-07,1.098790,1.102550,1.093970,1.101210
2016-03-08,1.101270,1.105750,1.099330,1.100960
2016-03-09,1.100950,1.103450,1.094570,1.099810
2016-03-10,1.099730,1.121770,1.082190,1.117590
2016-03-11,1.117590,1.120930,1.108010,1.114620
2016-03-14,1.114440,1.117590,1.107750,1.110120
2016-03-15,1.110120,1.112480,1.107150,1.110480
2016-03-16,1.110490,1.124200,1.105750,1.121200
2016-03-17,1.121230,1.134220,1.120480,1.131510
2016-03-18,1.131390,1.133650,1.125580,1.126880
2016-03-21,1.126820,1.128440,1.123440,1.123860
2016-03-22,1.123860,1.125960,1.118810,1.121500
2016-03-23,1.121510,1.122310,1.116280,1.117960
2016-03-24,1.118020,1.118740,1.114390,1.117860
2016-03-25,1.117860,1.117890,1.115360,1.116130
2016-03-28,1.115990,1.121970,1.115270,1.119520
2016-03-29,1.119300,1.130320,1.116870,1.128930
2016-03-30,1.128960,1.136520,1.128310,1.133870
2016-03-31,1.133590,1.141150,1.130980,1.137880
2016-04-01,1.137770,1.143770,1.133440,1.138970
2016-04-04,1.139940,1.141230,1.135700,1.138880
2016-04-05,1.138630,1.140490,1.133560,1.138260
2016-04-06,1.138260,1.143170,1.132620,1.139790
2016-04-07,1.139750,1.145380,1.133730,1.137670
2016-04-08,1.137510,1.141900,1.134880,1.139490
2016-04-11,1.141380,1.144700,1.137210,1.140970
2016-04-12,1.140520,1.146450,1.134580,1.138350
2016-04-13,1.138270,1.139090,1.126800,1.127230
2016-04-14,1.127280,1.129450,1.123350,1.126630
2016-04-15,1.126160,1.131670,1.124530,1.128270
2016-04-18,1.129980,1.133170,1.127340,1.131190
2016-04-19,1.130910,1.138420,1.130300,1.135750
2016-04-20,1.135660,1.138760,1.129010,1.129520
2016-04-21,1.129520,1.139850,1.126960,1.128600
2016-04-22,1.128590,1.130840,1.121540,1.121540
2016-04-25,1.121670,1.127790,1.121450,1.126600
2016-04-26,1.126600,1.133940,1.125590,1.129500
2016-04-27,1.129480,1.136110,1.127130,1.131910
2016-04-28,1.131990,1.136760,1.129600,1.135090
2016-04-29,1.135090,1.145900,1.134700,1.145040
2016-05-02,1.145820,1.153540,1.144790,1.153310
2016-05-03,1.153310,1.161590,1.149470,1.149490
2016-05-04,1.149600,1.152920,1.146590,1.148550
2016-05-05,1.148290,1.149340,1.138560,1.140480
2016-05-06,1.140400,1.147960,1.138630,1.140090
2016-05-09,1.139390,1.141940,1.137500,1.138060
2016-05-10,1.138140,1.140960,1.135830,1.137170
2016-05-11,1.136910,1.144620,1.136860,1.142510
2016-05-12,1.142420,1.142880,1.137020,1.137660
2016-05-13,1.137360,1.137950,1.128250,1.130880
2016-05-16,1.130980,1.134200,1.130190,1.131930
2016-05-17,1.131980,1.134820,1.130130,1.131180
2016-05-18,1.131110,1.131590,1.121400,1.121580
2016-05-19,1.121440,1.122970,1.117960,1.120190
2016-05-20,1.120160,1.123700,1.119600,1.122170
2016-05-23,1.120330,1.124260,1.118730,1.121900
2016-05-24,1.121870,1.122670,1.113210,1.113930
2016-05-25,1.113980,1.116660,1.112850,1.115390
2016-05-26,1.115360,1.121640,1.114920,1.119270
2016-05-27,1.119180,1.120040,1.111070,1.111300
2016-05-30,1.111250,1.114430,1.109770,1.113800
2016-05-31,1.113620,1.117310,1.112190,1.113030
2016-06-01,1.113010,1.119370,1.111380,1.118690
2016-06-02,1.118650,1.121980,1.114490,1.115100
2016-06-03,1.114990,1.137320,1.107070,1.136620
2016-06-06,1.135420,1.139230,1.132620,1.135280
2016-06-07,1.135280,1.138010,1.133830,1.135550
2016-06-08,1.135630,1.141030,1.135410,1.139380
2016-06-09,1.139360,1.141510,1.130520,1.131290
2016-06-10,1.131300,1.132100,1.124500,1.125330
2016-06-13,1.124780,1.130270,1.123160,1.128930
2016-06-14,1.128900,1.129800,1.118860,1.120560
2016-06-15,1.120680,1.129820,1.118940,1.126020
2016-06-16,1.125800,1.129460,1.113070,1.122300
2016-06-17,1.122310,1.129610,1.122250,1.127520
2016-06-20,1.133080,1.138210,1.130180,1.131210
2016-06-21,1.130930,1.134920,1.124280,1.124390
2016-06-22,1.124210,1.133720,1.123620,1.129470
2016-06-23,1.129370,1.142080,1.129300,1.137910
2016-06-24,1.138400,1.142780,1.091130,1.109120
2016-06-27,1.100240,1.108330,1.097050,1.102370
2016-06-28,1.102350,1.111120,1.100980,1.106470
2016-06-29,1.106410,1.113000,1.104890,1.112350
2016-06-30,1.111700,1.115410,1.102380,1.110480
2016-07-01,1.110140,1.116890,1.107160,1.113610
2016-07-04,1.112450,1.115910,1.109750,1.115320
2016-07-05,1.115280,1.118620,1.106190,1.107500
2016-07-06,1.107090,1.111120,1.102880,1.109890
2016-07-07,1.109690,1.110690,1.105220,1.106010
2016-07-08,1.106010,1.111980,1.100160,1.104970
2016-07-11,1.104480,1.107430,1.101530,1.105680
2016-07-12,1.105560,1.112600,1.105170,1.106040
2016-07-13,1.105950,1.111950,1.104180,1.108830
2016-07-14,1.108770,1.116440,1.108500,1.111910
2016-07-15,1.111730,1.114860,1.102400,1.102440
2016-07-18,1.104970,1.108390,1.103720,1.107480
2016-07-19,1.107350,1.108010,1.099960,1.101890
2016-07-20,1.101870,1.102980,1.098100,1.101290
2016-07-21,1.101220,1.106000,1.097930,1.102370
2016-07-22,1.102290,1.104060,1.095510,1.097470
2016-07-25,1.097250,1.099860,1.095160,1.099420
2016-07-26,1.099270,1.102940,1.097780,1.098550
2016-07-27,1.098210,1.106470,1.093140,1.105830
2016-07-28,1.105700,1.111910,1.105190,1.107570
2016-07-29,1.107630,1.119720,1.107200,1.117430
2016-08-01,1.117150,1.118310,1.115480,1.116140
2016-08-02,1.116020,1.123340,1.115730,1.122090
2016-08-03,1.122020,1.122650,1.114030,1.114740
2016-08-04,1.114780,1.115610,1.111350,1.112820
2016-08-05,1.112520,1.116080,1.104530,1.108670
2016-08-08,1.107950,1.110460,1.107160,1.108780
2016-08-09,1.108550,1.112210,1.107000,1.111690
2016-08-10,1.111510,1.118980,1.111140,1.117440
2016-08-11,1.117440,1.119090,1.113490,1.113540
2016-08-12,1.113560,1.122090,1.113090,1.116340
2016-08-15,1.116590,1.120320,1.115300,1.118250
2016-08-16,1.118200,1.132210,1.117700,1.127720
2016-08-17,1.127730,1.131550,1.124030,1.128740
2016-08-18,1.128370,1.136610,1.128370,1.135360
2016-08-19,1.135210,1.135910,1.130370,1.132370
2016-08-22,1.130870,1.133020,1.127070,1.131900
2016-08-23,1.131800,1.135480,1.130280,1.130410
2016-08-24,1.130390,1.131110,1.124480,1.126280
2016-08-25,1.126250,1.129700,1.125880,1.128330
2016-08-26,1.127830,1.134060,1.118060,1.118560
2016-08-29,1.118230,1.120740,1.115750,1.118890
2016-08-30,1.118730,1.119200,1.113170,1.114180
2016-08-31,1.114000,1.116500,1.112270,1.115710
2016-09-01,1.115620,1.120480,1.112720,1.119570
2016-09-02,1.119270,1.125180,1.114490,1.114490
2016-09-05,1.115640,1.118190,1.113930,1.114580
2016-09-06,1.114560,1.126270,1.114040,1.125550
2016-09-07,1.125160,1.127060,1.122830,1.123850
2016-09-08,1.123840,1.132660,1.123400,1.126070
2016-09-09,1.125960,1.128490,1.119810,1.122350
2016-09-12,1.123040,1.126800,1.121000,1.123490
2016-09-13,1.123310,1.126010,1.120360,1.121820
2016-09-14,1.121800,1.127370,1.120970,1.124950
2016-09-15,1.124880,1.128330,1.121870,1.124350
2016-09-16,1.124220,1.124970,1.114920,1.115350
2016-09-19,1.115310,1.119750,1.115050,1.117310
2016-09-20,1.117290,1.121310,1.114950,1.115010
2016-09-21,1.114860,1.119620,1.112280,1.118780
2016-09-22,1.118650,1.125690,1.118440,1.120680
2016-09-23,1.120680,1.124030,1.119350,1.121490
2016-09-26,1.122900,1.127880,1.122040,1.125240
2016-09-27,1.125330,1.125860,1.119060,1.121370
2016-09-28,1.121520,1.123650,1.118140,1.121630
2016-09-29,1.121600,1.124960,1.119650,1.122100
2016-09-30,1.122120,1.125030,1.115310,1.123990
2016-10-03,1.122620,1.124390,1.120490,1.120960
2016-10-04,1.121010,1.123840,1.113760,1.120420
2016-10-05,1.120150,1.123300,1.118940,1.120310
2016-10-06,1.120300,1.121210,1.113950,1.114930
2016-10-07,1.114810,1.120480,1.110400,1.119310
2016-10-10,1.118100,1.120280,1.113090,1.113900
2016-10-11,1.113460,1.114190,1.104860,1.105300
2016-10-12,1.105300,1.106730,1.100410,1.100460
2016-10-13,1.100630,1.105730,1.098510,1.105470
2016-10-14,1.105430,1.105820,1.096990,1.097110
2016-10-17,1.096890,1.100760,1.096350,1.099850
2016-10-18,1.099940,1.102620,1.096970,1.097940
2016-10-19,1.097830,1.100440,1.095470,1.097350
2016-10-20,1.097200,1.103880,1.091540,1.092850
2016-10-21,1.092810,1.092930,1.085900,1.087360
2016-10-24,1.088010,1.089930,1.085920,1.088120
2016-10-25,1.088000,1.090450,1.085070,1.088800
2016-10-26,1.088630,1.094620,1.087400,1.090690
2016-10-27,1.090680,1.094180,1.088210,1.089450
2016-10-28,1.089600,1.099150,1.089260,1.097450
2016-10-31,1.098410,1.099070,1.093550,1.097620
2016-11-01,1.097610,1.106860,1.095970,1.105640
2016-11-02,1.105710,1.112280,1.104930,1.109460
2016-11-03,1.109500,1.112550,1.105950,1.110500
2016-11-04,1.110520,1.114050,1.107950,1.113750
2016-11-07,1.106160,1.110990,1.102700,1.103950
2016-11-08,1.103960,1.106670,1.100830,1.102570
2016-11-09,1.102380,1.129910,1.090660,1.090770
2016-11-10,1.090830,1.095330,1.086450,1.089070
2016-11-11,1.089320,1.092290,1.083010,1.085030
2016-11-14,1.083160,1.084030,1.070870,1.073580
2016-11-15,1.073570,1.081610,1.071380,1.072150
2016-11-16,1.072050,1.075920,1.066560,1.068980
2016-11-17,1.068990,1.074530,1.061970,1.062410
2016-11-18,1.062160,1.064250,1.056870,1.058260
2016-11-21,1.059150,1.064880,1.057850,1.062640
2016-11-22,1.062560,1.065750,1.058350,1.062430
2016-11-23,1.062200,1.064330,1.052580,1.055160
2016-11-24,1.054850,1.058490,1.051760,1.055170
2016-11-25,1.054620,1.062700,1.052910,1.057720
2016-11-28,1.060790,1.068540,1.056320,1.061220
2016-11-29,1.061160,1.065420,1.056450,1.064870
2016-11-30,1.064720,1.066620,1.055210,1.058700
2016-12-01,1.058910,1.066830,1.058420,1.065960
2016-12-02,1.065810,1.068960,1.062480,1.065380
2016-12-05,1.061710,1.079590,1.050440,1.076310
2016-12-06,1.076170,1.078500,1.069790,1.071770
2016-12-07,1.071530,1.076790,1.070950,1.075130
2016-12-08,1.075210,1.087340,1.059680,1.061210
2016-12-09,1.061170,1.062930,1.053060,1.055150
2016-12-12,1.053260,1.065130,1.052500,1.063360
2016-12-13,1.063330,1.066670,1.060340,1.062440
2016-12-14,1.062330,1.066980,1.049550,1.053400
2016-12-15,1.053080,1.053890,1.036600,1.041260
2016-12-16,1.041070,1.047380,1.040030,1.044010
2016-12-19,1.043740,1.047910,1.039220,1.040100
2016-12-20,1.039980,1.041750,1.035190,1.038670
2016-12-21,1.038460,1.045090,1.038190,1.042280
2016-12-22,1.042200,1.049890,1.042130,1.043550
2016-12-23,1.043260,1.047000,1.042620,1.047000
2016-12-26,1.046070,1.046680,1.032490,1.044910
2016-12-27,1.044930,1.046300,1.043190,1.045660
2016-12-28,1.045460,1.047950,1.037170,1.041020
2016-12-29,1.041620,1.049360,1.040790,1.048920
2016-12-30,1.048440,1.065220,1.048270,1.050680
2017-01-02,1.051000,1.052750,1.044800,1.045190
2017-01-03,1.045240,1.048980,1.033990,1.040440
2017-01-04,1.040440,1.049960,1.038950,1.048710
2017-01-05,1.048710,1.061490,1.048040,1.060550
2017-01-06,1.060050,1.062070,1.052350,1.052350
2017-01-09,1.052920,1.058260,1.051040,1.057230
2017-01-10,1.057180,1.062680,1.055060,1.055340
2017-01-11,1.055300,1.062260,1.045340,1.058180
2017-01-12,1.058180,1.068440,1.057100,1.061090
2017-01-13,1.061040,1.067300,1.059590,1.064200
2017-01-16,1.060230,1.063550,1.057890,1.059460
2017-01-17,1.059460,1.071900,1.058930,1.071200
2017-01-18,1.071110,1.071500,1.062780,1.062860
2017-01-19,1.062880,1.067630,1.058880,1.066270
2017-01-20,1.066100,1.070900,1.062480,1.069820
2017-01-23,1.070040,1.076880,1.069300,1.076310
2017-01-24,1.076430,1.077450,1.071990,1.073100
2017-01-25,1.072880,1.076940,1.071090,1.074650
2017-01-26,1.074770,1.076530,1.065720,1.068100
2017-01-27,1.067940,1.072470,1.065790,1.069680
2017-01-30,1.070230,1.073990,1.062000,1.069200
2017-01-31,1.069210,1.081200,1.068430,1.079680
2017-02-01,1.079580,1.080700,1.072980,1.076750
2017-02-02,1.076680,1.082840,1.075560,1.075690
2017-02-03,1.075700,1.079730,1.071060,1.077890
2017-02-06,1.078480,1.079060,1.070530,1.074880
2017-02-07,1.073920,1.074920,1.065580,1.068200
2017-02-08,1.067950,1.071380,1.064020,1.069690
2017-02-09,1.069710,1.070920,1.065050,1.065410
2017-02-10,1.065520,1.066740,1.060720,1.063770
2017-02-13,1.062760,1.065810,1.059170,1.059720
2017-02-14,1.059480,1.063310,1.056070,1.057640
2017-02-15,1.057380,1.060900,1.052100,1.059910
2017-02-16,1.059800,1.067900,1.059060,1.067270
2017-02-17,1.067250,1.067620,1.060510,1.060560
2017-02-20,1.060690,1.063260,1.060290,1.061030
2017-02-21,1.060990,1.061490,1.052550,1.053490
2017-02-22,1.053450,1.057370,1.049330,1.055730
2017-02-23,1.055260,1.059490,1.053730,1.058040
2017-02-24,1.057780,1.061760,1.055130,1.055130
2017-02-27,1.056220,1.063040,1.055110,1.058510
2017-02-28,1.058510,1.062980,1.056800,1.057570
2017-03-01,1.057310,1.058900,1.051380,1.054590
2017-03-02,1.054570,1.055120,1.049460,1.050590
2017-03-03,1.050580,1.062360,1.050150,1.061660
2017-03-06,1.060330,1.063970,1.057450,1.058030
2017-03-07,1.058060,1.060220,1.055800,1.056550
2017-03-08,1.056350,1.057380,1.053450,1.053920
2017-03-09,1.053920,1.061510,1.052470,1.057560
2017-03-10,1.057370,1.069880,1.057210,1.067120
2017-03-13,1.068320,1.071410,1.065190,1.065350
2017-03-14,1.065330,1.066240,1.059950,1.060770
2017-03-15,1.060770,1.073970,1.060420,1.073600
2017-03-16,1.073590,1.077380,1.070530,1.077150
2017-03-17,1.077150,1.078210,1.072720,1.073620
2017-03-20,1.073840,1.077700,1.072490,1.073630
2017-03-21,1.073630,1.081900,1.071890,1.080600
2017-03-22,1.080610,1.082450,1.077550,1.079190
2017-03-23,1.079190,1.080470,1.076770,1.078220
2017-03-24,1.078210,1.081780,1.076000,1.079570
2017-03-27,1.083160,1.090570,1.082660,1.086380
2017-03-28,1.086370,1.087230,1.079850,1.081230
2017-03-29,1.081170,1.082630,1.073960,1.076400
2017-03-30,1.076470,1.076950,1.067170,1.067400
2017-03-31,1.067420,1.070170,1.064620,1.064620
2017-04-03,1.065910,1.068070,1.064210,1.066830
2017-04-04,1.066900,1.067700,1.063540,1.067200
2017-04-05,1.067100,1.068870,1.063450,1.066240
2017-04-06,1.066110,1.068380,1.062870,1.064340
2017-04-07,1.064250,1.066640,1.058040,1.058840
2017-04-10,1.058600,1.060630,1.056950,1.059470
2017-04-11,1.059350,1.062990,1.057830,1.060370
2017-04-12,1.060340,1.067490,1.058860,1.066330
2017-04-13,1.066390,1.067730,1.060890,1.061220
2017-04-14,1.061160,1.062940,1.060560,1.060960
2017-04-17,1.061020,1.067010,1.060250,1.064110
2017-04-18,1.064150,1.073570,1.063650,1.073020
2017-04-19,1.072790,1.073660,1.069950,1.070940
2017-04-20,1.070890,1.077730,1.070730,1.071610
2017-04-21,1.071600,1.073780,1.068200,1.072660
2017-04-24,1.090470,1.090610,1.082050,1.086670
2017-04-25,1.086680,1.094970,1.085110,1.092450
2017-04-26,1.092430,1.095060,1.085540,1.090330
2017-04-27,1.090240,1.093250,1.085140,1.087200
2017-04-28,1.087020,1.094710,1.085670,1.089210
2017-05-01,1.090860,1.092340,1.088380,1.089850
2017-05-02,1.089700,1.093280,1.088780,1.093170
2017-05-03,1.092760,1.093650,1.088250,1.088390
2017-05-04,1.088470,1.098690,1.087450,1.098370
2017-05-05,1.098370,1.099880,1.094760,1.098630
2017-05-08,1.101600,1.101760,1.091590,1.092360
2017-05-09,1.092340,1.093310,1.086310,1.087290
2017-05-10,1.087280,1.089790,1.085300,1.086720
2017-05-11,1.086710,1.089270,1.083870,1.086110
2017-05-12,1.086110,1.093410,1.085530,1.092680
2017-05-15,1.093180,1.098920,1.092220,1.097480
2017-05-16,1.097470,1.109700,1.097300,1.108250
2017-05-17,1.108230,1.116180,1.107920,1.115830
2017-05-18,1.115830,1.117160,1.107550,1.110270
2017-05-19,1.110250,1.121150,1.109570,1.117400
2017-05-22,1.119840,1.126310,1.116110,1.123710
2017-05-23,1.123710,1.126800,1.117470,1.118250
2017-05-24,1.118210,1.121980,1.116810,1.121840
2017-05-25,1.121810,1.125020,1.119320,1.121010
2017-05-26,1.121000,1.123420,1.116020,1.117330
2017-05-29,1.116600,1.118960,1.116150,1.116270
2017-05-30,1.116220,1.120510,1.110920,1.118550
2017-05-31,1.118530,1.125200,1.116430,1.124300
2017-06-01,1.124290,1.125640,1.120180,1.121210
2017-06-02,1.121230,1.128480,1.120470,1.127840
2017-06-05,1.126990,1.128350,1.123390,1.125360
2017-06-06,1.125460,1.128370,1.124010,1.127640
2017-06-07,1.127490,1.128240,1.120370,1.125630
2017-06-08,1.125570,1.126910,1.119480,1.121220
2017-06-09,1.121530,1.123650,1.116610,1.119350
2017-06-12,1.120450,1.123180,1.119160,1.120390
2017-06-13,1.120150,1.122470,1.118500,1.121000
2017-06-14,1.121000,1.129540,1.119270,1.121730
2017-06-15,1.121570,1.122830,1.113180,1.114490
2017-06-16,1.114350,1.120140,1.113820,1.119610
2017-06-19,1.120370,1.121250,1.114280,1.114760
2017-06-20,1.114760,1.116470,1.111860,1.113370
2017-06-21,1.113190,1.116870,1.112700,1.116820
2017-06-22,1.116820,1.117770,1.113900,1.115090
2017-06-23,1.115120,1.120870,1.114490,1.119280
2017-06-26,1.119690,1.121950,1.117140,1.118100
2017-06-27,1.117850,1.134900,1.117850,1.133790
2017-06-28,1.133660,1.139010,1.129120,1.137620
2017-06-29,1.137840,1.144510,1.137410,1.143960
2017-06-30,1.143960,1.144490,1.139190,1.142540
2017-07-03,1.141750,1.142640,1.135480,1.136410
2017-07-04,1.136120,1.137660,1.133570,1.134380
2017-07-05,1.134010,1.136820,1.131210,1.134950
2017-07-06,1.135050,1.142430,1.132690,1.142160
2017-07-07,1.142070,1.143950,1.137940,1.139540
2017-07-10,1.139650,1.141770,1.138140,1.139850
2017-07-11,1.139660,1.147930,1.138250,1.146590
2017-07-12,1.146410,1.148910,1.139140,1.141270
2017-07-13,1.141240,1.145560,1.137000,1.139660
2017-07-14,1.139580,1.147180,1.139120,1.146660
2017-07-17,1.146880,1.148660,1.143450,1.147770
2017-07-18,1.147900,1.158300,1.147110,1.155380
2017-07-19,1.155390,1.155590,1.150970,1.151520
2017-07-20,1.151350,1.165790,1.147900,1.163030
2017-07-21,1.162960,1.168250,1.161880,1.166230
2017-07-24,1.165890,1.168400,1.162560,1.164170
2017-07-25,1.164210,1.171220,1.163040,1.164640
2017-07-26,1.164760,1.173940,1.161230,1.172620
2017-07-27,1.172620,1.177650,1.164970,1.167570
2017-07-28,1.167570,1.176380,1.167090,1.174940
2017-07-31,1.175180,1.184460,1.172290,1.183970
2017-08-01,1.183970,1.184150,1.178490,1.180210
2017-08-02,1.180060,1.191000,1.179320,1.185450
2017-08-03,1.185480,1.189260,1.183020,1.187060
2017-08-04,1.187060,1.188890,1.172780,1.177190
2017-08-07,1.177290,1.181390,1.176790,1.179490
2017-08-08,1.179420,1.182350,1.171490,1.175270
2017-08-09,1.175020,1.176350,1.168850,1.175780
2017-08-10,1.175580,1.178500,1.170390,1.177250
2017-08-11,1.177170,1.184680,1.174830,1.181890
2017-08-14,1.182120,1.183800,1.176940,1.178110
2017-08-15,1.178110,1.179230,1.168690,1.173410
2017-08-16,1.173370,1.177830,1.168090,1.176670
2017-08-17,1.176730,1.178970,1.166190,1.172280
2017-08-18,1.172220,1.177410,1.170800,1.175780
2017-08-21,1.175900,1.182770,1.173070,1.181510
2017-08-22,1.181400,1.182390,1.174480,1.176110
2017-08-23,1.176110,1.182300,1.173980,1.180860
2017-08-24,1.180860,1.181750,1.178380,1.179930
2017-08-25,1.179870,1.194110,1.177280,1.192090
2017-08-28,1.194230,1.198340,1.191660,1.197750
2017-08-29,1.197750,1.206990,1.194610,1.197860
2017-08-30,1.197100,1.198390,1.188130,1.188190
2017-08-31,1.188250,1.191230,1.182280,1.190390
2017-09-01,1.190390,1.197950,1.184990,1.186270
2017-09-04,1.188070,1.192170,1.187350,1.189340
2017-09-05,1.189340,1.194040,1.186790,1.191650
2017-09-06,1.190810,1.195000,1.190250,1.191870
2017-09-07,1.191580,1.205930,1.191360,1.202330
2017-09-08,1.202080,1.209210,1.201450,1.203370
2017-09-11,1.201610,1.202920,1.194890,1.195240
2017-09-12,1.195220,1.197810,1.192620,1.196620
2017-09-13,1.196610,1.199490,1.187290,1.188480
2017-09-14,1.188480,1.192230,1.183790,1.191870
2017-09-15,1.191870,1.198670,1.190090,1.194470
2017-09-18,1.192330,1.196930,1.191500,1.195210
2017-09-19,1.195210,1.200650,1.194810,1.199350
2017-09-20,1.199360,1.203300,1.186110,1.189260
2017-09-21,1.189260,1.195350,1.186560,1.194070
2017-09-22,1.193990,1.200450,1.193660,1.194650
2017-09-25,1.189870,1.193660,1.183210,1.184720
2017-09-26,1.184720,1.186150,1.175730,1.179250
2017-09-27,1.179250,1.179520,1.171710,1.174440
2017-09-28,1.174440,1.180400,1.172100,1.178580
2017-09-29,1.178540,1.183240,1.177250,1.181310
2017-10-02,1.179450,1.181510,1.173020,1.173260
2017-10-03,1.173260,1.177350,1.169600,1.174340
2017-10-04,1.174340,1.178760,1.173490,1.175890
2017-10-05,1.175890,1.177880,1.169910,1.171060
2017-10-06,1.171060,1.173870,1.166920,1.172900
2017-10-09,1.173050,1.175610,1.171950,1.174020
2017-10-10,1.174020,1.182530,1.173900,1.180770
2017-10-11,1.180770,1.186900,1.179510,1.185810
2017-10-12,1.185810,1.187970,1.182700,1.182940
2017-10-13,1.182940,1.187490,1.180520,1.181950
2017-10-16,1.181200,1.181940,1.178050,1.179520
2017-10-17,1.179580,1.180000,1.173610,1.176590
2017-10-18,1.176600,1.180530,1.173000,1.178720
2017-10-19,1.178720,1.185780,1.176810,1.185080
2017-10-20,1.185080,1.185790,1.176230,1.178110
2017-10-23,1.176640,1.177740,1.172470,1.174870
2017-10-24,1.174870,1.179290,1.174280,1.176060
2017-10-25,1.176050,1.181760,1.175310,1.181260
2017-10-26,1.181260,1.183670,1.164030,1.165030
2017-10-27,1.165030,1.165680,1.157420,1.160750
2017-10-30,1.160540,1.165780,1.159330,1.165050
2017-10-31,1.165030,1.166120,1.162480,1.164570
2017-11-01,1.164510,1.165730,1.160630,1.161840
2017-11-02,1.161770,1.167820,1.161300,1.165590
2017-11-03,1.165590,1.169060,1.159910,1.160660
2017-11-06,1.160970,1.162410,1.158020,1.160890
2017-11-07,1.160910,1.161570,1.155400,1.158540
2017-11-08,1.158540,1.161100,1.157920,1.159430
2017-11-09,1.159430,1.165480,1.158560,1.164110
2017-11-10,1.164110,1.167790,1.162270,1.166370
2017-11-13,1.165740,1.167520,1.163730,1.166670
2017-11-14,1.166650,1.180480,1.166140,1.179740
2017-11-15,1.179740,1.186030,1.178460,1.179030
2017-11-16,1.179030,1.180080,1.175660,1.176950
2017-11-17,1.176950,1.182170,1.176530,1.178840
2017-11-20,1.178520,1.180850,1.172210,1.173300
2017-11-21,1.173300,1.175770,1.171290,1.173780
2017-11-22,1.173780,1.182690,1.173210,1.182180
2017-11-23,1.182180,1.185600,1.181320,1.184860
2017-11-24,1.184860,1.194430,1.183680,1.192870
2017-11-27,1.192650,1.196110,1.189550,1.189780
2017-11-28,1.189700,1.191990,1.182680,1.183720
2017-11-29,1.183650,1.188270,1.181680,1.184680
2017-11-30,1.184680,1.193150,1.180890,1.190350
2017-12-01,1.190310,1.194030,1.185080,1.189190
2017-12-04,1.186180,1.187860,1.182910,1.186560
2017-12-05,1.186550,1.187660,1.180070,1.182610
2017-12-06,1.182470,1.184800,1.178060,1.179480
2017-12-07,1.179480,1.181470,1.177190,1.177190
2017-12-08,1.177190,1.177650,1.173020,1.177310
2017-12-11,1.176500,1.181180,1.176340,1.176850
2017-12-12,1.176850,1.179270,1.171750,1.174100
2017-12-13,1.174100,1.183150,1.172940,1.182570
2017-12-14,1.182570,1.186250,1.177070,1.177730
2017-12-15,1.177740,1.181240,1.174820,1.175050
2017-12-18,1.174350,1.183440,1.173750,1.178120
2017-12-19,1.178120,1.184860,1.177660,1.183850
2017-12-20,1.183820,1.190170,1.182890,1.187020
2017-12-21,1.187020,1.188960,1.184930,1.187240
2017-12-22,1.187220,1.187540,1.181690,1.186300
2017-12-26,1.187040,1.187850,1.184660,1.185790
2017-12-27,1.185790,1.191030,1.185510,1.188650
2017-12-28,1.188650,1.195890,1.188640,1.194220
2017-12-29,1.194220,1.202550,1.193620,1.200450
2018-01-02,1.200880,1.208120,1.200070,1.205790
2018-01-03,1.205790,1.206610,1.200100,1.201420
2018-01-04,1.201420,1.208890,1.200430,1.206780
2018-01-05,1.206780,1.208280,1.202060,1.202980
2018-01-08,1.202680,1.205230,1.195560,1.196690
2018-01-09,1.196690,1.197560,1.191550,1.193640
2018-01-10,1.193640,1.201810,1.192320,1.194740
2018-01-11,1.194740,1.205880,1.192930,1.203140
2018-01-12,1.203140,1.221850,1.203080,1.220000
2018-01-15,1.219320,1.229650,1.218750,1.226260
2018-01-16,1.226260,1.228340,1.219510,1.225950
2018-01-17,1.225950,1.232310,1.217690,1.218430
2018-01-18,1.218430,1.226480,1.216520,1.223690
2018-01-19,1.223690,1.229540,1.221490,1.222240
2018-01-22,1.226980,1.227080,1.221390,1.226150
2018-01-23,1.226150,1.230620,1.222300,1.229830
2018-01-24,1.229790,1.241490,1.229120,1.240700
2018-01-25,1.240700,1.253780,1.236380,1.239260
2018-01-26,1.239260,1.249380,1.236990,1.242640
2018-01-29,1.242590,1.243210,1.233680,1.238130
2018-01-30,1.238130,1.245400,1.233480,1.240210
2018-01-31,1.240170,1.247480,1.238700,1.241320
2018-02-01,1.241320,1.252200,1.238540,1.250780
2018-02-02,1.250730,1.251810,1.240910,1.245600
2018-02-05,1.243440,1.247490,1.236250,1.236650
2018-02-06,1.236580,1.243460,1.231390,1.237680
2018-02-07,1.237680,1.240600,1.224570,1.226270
2018-02-08,1.226200,1.229480,1.221210,1.224670
2018-02-09,1.224670,1.228730,1.220540,1.224980
2018-02-12,1.224420,1.229730,1.223500,1.229060
2018-02-13,1.229060,1.237100,1.228450,1.235010
2018-02-14,1.234970,1.246510,1.227580,1.244940
2018-02-15,1.244910,1.251020,1.244800,1.250620
2018-02-16,1.250620,1.255540,1.239340,1.241050
2018-02-19,1.240080,1.243520,1.236910,1.240700
2018-02-20,1.240680,1.241230,1.231960,1.233670
2018-02-21,1.233670,1.235980,1.228100,1.228220
2018-02-22,1.228190,1.235210,1.225950,1.232920
2018-02-23,1.232920,1.233690,1.227980,1.229350
2018-02-26,1.229300,1.235500,1.227790,1.231670
2018-02-27,1.231670,1.234640,1.222150,1.223250
2018-02-28,1.223250,1.224160,1.218780,1.219290
2018-03-01,1.219240,1.227330,1.215460,1.226510
2018-03-02,1.226510,1.233590,1.225140,1.231840
2018-03-05,1.233240,1.236450,1.226880,1.233530
2018-03-06,1.233530,1.242010,1.232800,1.240330
2018-03-07,1.240330,1.244480,1.238480,1.241070
2018-03-08,1.241070,1.244620,1.229790,1.231030
2018-03-09,1.231020,1.233420,1.227300,1.230530
2018-03-12,1.230960,1.234560,1.229030,1.233460
2018-03-13,1.233440,1.240740,1.231450,1.239110
2018-03-14,1.239110,1.241250,1.234710,1.236800
2018-03-15,1.236780,1.238360,1.230030,1.230440
2018-03-16,1.230460,1.233620,1.226000,1.228890
2018-03-19,1.228720,1.235880,1.225800,1.233410
2018-03-20,1.233410,1.235470,1.223960,1.224350
2018-03-21,1.224350,1.234980,1.224170,1.233850
2018-03-22,1.233850,1.238850,1.228500,1.230560
2018-03-23,1.230560,1.237330,1.230560,1.235140
2018-03-26,1.234970,1.246150,1.234850,1.244310
2018-03-27,1.244220,1.247630,1.237190,1.240200
2018-03-28,1.240170,1.242160,1.230000,1.230730
2018-03-29,1.230790,1.233580,1.228390,1.230010
2018-03-30,1.229990,1.233040,1.228660,1.232180
2018-04-02,1.231920,1.234500,1.228110,1.230160
2018-04-03,1.230180,1.233600,1.225360,1.226990
2018-04-04,1.226990,1.231470,1.225700,1.227770
2018-04-05,1.227740,1.229030,1.221830,1.224010
2018-04-06,1.223940,1.229080,1.221490,1.228090
2018-04-09,1.227940,1.233090,1.226020,1.232040
2018-04-10,1.231840,1.237760,1.230270,1.235570
2018-04-11,1.235500,1.239640,1.234690,1.236690
2018-04-12,1.236570,1.237980,1.229920,1.232610
2018-04-13,1.232550,1.234590,1.230700,1.232900
2018-04-16,1.232890,1.239450,1.232310,1.237920
2018-04-17,1.237830,1.241370,1.233600,1.236920
2018-04-18,1.236890,1.239710,1.234150,1.237340
2018-04-19,1.237260,1.240020,1.232910,1.234530
2018-04-20,1.234460,1.235290,1.224960,1.228730
2018-04-23,1.226950,1.228950,1.219750,1.220830
2018-04-24,1.220830,1.224500,1.218160,1.223180
2018-04-25,1.223110,1.223870,1.216000,1.216050
2018-04-26,1.215990,1.220990,1.209630,1.210310
2018-04-27,1.210310,1.213290,1.205530,1.212930
2018-04-30,1.212480,1.213870,1.206410,1.207740
2018-05-01,1.207720,1.208400,1.198140,1.199210
2018-05-02,1.199210,1.203160,1.193790,1.195030
2018-05-03,1.195030,1.200880,1.194770,1.198780
2018-05-04,1.198780,1.199540,1.191080,1.196090
2018-05-07,1.195070,1.197800,1.189750,1.192180
2018-05-08,1.192180,1.193870,1.183800,1.186400
2018-05-09,1.186380,1.189690,1.182260,1.185010
2018-05-10,1.185020,1.194650,1.184290,1.191490
2018-05-11,1.191450,1.196790,1.189110,1.194170
2018-05-14,1.194180,1.199610,1.192600,1.192620
2018-05-15,1.192610,1.193850,1.182010,1.183740
2018-05-16,1.183740,1.185430,1.176310,1.180690
2018-05-17,1.180650,1.183740,1.177630,1.179310
2018-05-18,1.179380,1.182210,1.174980,1.177050
2018-05-21,1.176960,1.179570,1.171660,1.179110
2018-05-22,1.179110,1.182970,1.175650,1.177800
2018-05-23,1.177820,1.178960,1.167580,1.169510
2018-05-24,1.169480,1.175030,1.169070,1.171920
2018-05-25,1.172020,1.173350,1.164520,1.164920
2018-05-28,1.168230,1.172840,1.160730,1.162380
2018-05-29,1.162300,1.163960,1.150980,1.153910
2018-05-30,1.153490,1.167620,1.151860,1.166220
2018-05-31,1.166220,1.172440,1.164090,1.169060
2018-06-01,1.168790,1.171790,1.161660,1.165960
2018-06-04,1.165540,1.174450,1.165540,1.169780
2018-06-05,1.169660,1.173210,1.165260,1.171670
2018-06-06,1.171180,1.179560,1.171070,1.177350
2018-06-07,1.177280,1.183980,1.177230,1.179790
2018-06-08,1.179810,1.181030,1.172690,1.176930
2018-06-11,1.177320,1.182040,1.177100,1.178280
2018-06-12,1.178210,1.180900,1.173290,1.174540
2018-06-13,1.174610,1.180080,1.172490,1.179120
2018-06-14,1.179080,1.185190,1.156280,1.156590
2018-06-15,1.156800,1.162700,1.154300,1.160700
2018-06-18,1.158740,1.162420,1.156520,1.162220
2018-06-19,1.162240,1.164430,1.153050,1.158770
2018-06-20,1.158720,1.159990,1.153590,1.157040
2018-06-21,1.156950,1.163350,1.150780,1.160250
2018-06-22,1.159830,1.167490,1.159820,1.165390
2018-06-25,1.166350,1.171300,1.162840,1.170270
2018-06-26,1.170270,1.172050,1.163470,1.164600
2018-06-27,1.164550,1.167210,1.154040,1.155240
2018-06-28,1.155160,1.160060,1.152710,1.156790
2018-06-29,1.156720,1.169030,1.155800,1.168310
2018-07-02,1.168410,1.168940,1.159120,1.163880
2018-07-03,1.163860,1.167310,1.162030,1.165500
2018-07-04,1.165590,1.168170,1.163050,1.165550
2018-07-05,1.165540,1.172030,1.164990,1.168950
2018-07-06,1.168920,1.176790,1.168000,1.174350
2018-07-09,1.173820,1.179080,1.173260,1.174960
2018-07-10,1.174950,1.176260,1.169020,1.174380
2018-07-11,1.174240,1.175840,1.166530,1.167140
2018-07-12,1.167180,1.169570,1.164960,1.167050
2018-07-13,1.166980,1.168670,1.161280,1.168560
2018-07-16,1.168950,1.172540,1.167550,1.171080
2018-07-17,1.170940,1.174460,1.164910,1.166020
2018-07-18,1.165910,1.166490,1.160190,1.163800
2018-07-19,1.163810,1.167850,1.157470,1.164090
2018-07-20,1.164190,1.173880,1.162620,1.172090
2018-07-23,1.172610,1.174970,1.168330,1.169150
2018-07-24,1.169130,1.171650,1.165420,1.168560
2018-07-25,1.168560,1.173820,1.166350,1.172800
2018-07-26,1.172900,1.174330,1.163970,1.164230
2018-07-27,1.164030,1.166400,1.161990,1.165650
2018-07-30,1.165630,1.171840,1.164770,1.170500
2018-07-31,1.170270,1.174550,1.168550,1.169060
2018-08-01,1.168950,1.169930,1.165680,1.165940
2018-08-02,1.165900,1.166710,1.158130,1.158400
2018-08-03,1.158380,1.161020,1.155980,1.156720
2018-08-06,1.156810,1.157080,1.152960,1.155320
2018-08-07,1.155320,1.160780,1.155000,1.159790
2018-08-08,1.159800,1.162780,1.157290,1.160960
2018-08-09,1.160960,1.161890,1.152530,1.152650
2018-08-10,1.152620,1.153600,1.138780,1.141110
2018-08-13,1.137140,1.143240,1.136460,1.140960
2018-08-14,1.140950,1.142900,1.132970,1.134360
2018-08-15,1.134290,1.135460,1.130060,1.134440
2018-08-16,1.134520,1.140880,1.133530,1.137580
2018-08-17,1.137580,1.144450,1.136600,1.143810
2018-08-20,1.143660,1.148460,1.139400,1.148070
2018-08-21,1.148020,1.160080,1.147930,1.157000
2018-08-22,1.156960,1.162260,1.155280,1.159580
2018-08-23,1.159360,1.159930,1.152920,1.153780
2018-08-24,1.153690,1.163940,1.153440,1.162180
2018-08-27,1.161600,1.169320,1.159410,1.167770
2018-08-28,1.167660,1.173330,1.166220,1.169390
2018-08-29,1.169390,1.170960,1.165140,1.170630
2018-08-30,1.170630,1.171780,1.164130,1.166970
2018-08-31,1.166520,1.168970,1.158420,1.160210
2018-09-03,1.159550,1.162750,1.158850,1.161800
2018-09-04,1.161690,1.162070,1.152970,1.158040
2018-09-05,1.158010,1.163980,1.154220,1.162890
2018-09-06,1.162970,1.165880,1.160500,1.162260
2018-09-07,1.162260,1.164910,1.155010,1.155260
2018-09-10,1.154940,1.161580,1.152550,1.159300
2018-09-11,1.159230,1.164380,1.156500,1.160450
2018-09-12,1.160410,1.164930,1.156960,1.162520
2018-09-13,1.162530,1.170070,1.160870,1.168970
2018-09-14,1.168920,1.172130,1.162020,1.162190
2018-09-17,1.162310,1.169780,1.161750,1.168290
2018-09-18,1.168290,1.172410,1.165170,1.166500
2018-09-19,1.166490,1.171460,1.164960,1.167200
2018-09-20,1.167180,1.178420,1.166850,1.177650
2018-09-21,1.177620,1.180240,1.173230,1.175370
2018-09-24,1.174050,1.181480,1.172370,1.174720
2018-09-25,1.174800,1.179210,1.173040,1.176580
2018-09-26,1.176530,1.179740,1.172560,1.173790
2018-09-27,1.173620,1.175680,1.163850,1.164070
2018-09-28,1.164070,1.165090,1.156930,1.160200
2018-10-01,1.161560,1.162430,1.156320,1.157780
2018-10-02,1.157900,1.158000,1.150480,1.154600
2018-10-03,1.154740,1.159330,1.146390,1.147660
2018-10-04,1.147620,1.154240,1.146300,1.151340
2018-10-05,1.151390,1.154940,1.148370,1.152340
2018-10-08,1.152050,1.152920,1.145960,1.149070
2018-10-09,1.149030,1.150290,1.143180,1.148990
2018-10-10,1.148990,1.154500,1.147940,1.151820
2018-10-11,1.151860,1.159890,1.151750,1.159300
2018-10-12,1.158610,1.161010,1.153390,1.155840
2018-10-15,1.153640,1.160590,1.153640,1.157840
2018-10-16,1.157860,1.162090,1.156570,1.157330
2018-10-17,1.157330,1.158010,1.149540,1.149990
2018-10-18,1.150000,1.152680,1.144870,1.145230
2018-10-19,1.145220,1.153420,1.143260,1.151420
2018-10-22,1.151600,1.154980,1.145530,1.146370
2018-10-23,1.146350,1.149310,1.143890,1.146970
2018-10-24,1.147040,1.147610,1.137830,1.139110
2018-10-25,1.139190,1.143220,1.135580,1.137460
2018-10-26,1.137310,1.142060,1.133530,1.140210
2018-10-29,1.139780,1.141600,1.136020,1.137200
2018-10-30,1.137190,1.138740,1.134010,1.134310
2018-10-31,1.134310,1.135980,1.130170,1.131350
2018-11-01,1.131340,1.142380,1.131230,1.140140
2018-11-02,1.140140,1.145550,1.137180,1.138590
2018-11-05,1.138530,1.142360,1.135260,1.140670
2018-11-06,1.140640,1.143750,1.139100,1.142600
2018-11-07,1.142610,1.149940,1.139420,1.142550
2018-11-08,1.142530,1.144650,1.135120,1.136290
2018-11-09,1.136280,1.136850,1.131570,1.133430
2018-11-12,1.131840,1.133030,1.121530,1.121740
2018-11-13,1.121760,1.129330,1.121620,1.128980
2018-11-14,1.129040,1.134720,1.126280,1.130800
2018-11-15,1.130890,1.136200,1.127030,1.132550
2018-11-16,1.132490,1.141990,1.132110,1.141400
2018-11-19,1.141360,1.146400,1.139350,1.145240
2018-11-20,1.145290,1.147190,1.135830,1.136950
2018-11-21,1.136950,1.142430,1.136450,1.138430
2018-11-22,1.138480,1.143370,1.137990,1.140050
2018-11-23,1.140030,1.142080,1.132700,1.132960
2018-11-26,1.133910,1.138340,1.132460,1.132730
2018-11-27,1.132740,1.134340,1.127700,1.128740
2018-11-28,1.128490,1.138750,1.126670,1.136590
2018-11-29,1.136580,1.140130,1.134830,1.139250
2018-11-30,1.139240,1.140010,1.130500,1.131550
2018-12-03,1.134990,1.137930,1.131890,1.135340
2018-12-04,1.135350,1.141850,1.131810,1.134230
2018-12-05,1.134130,1.136090,1.131040,1.134450
2018-12-06,1.134470,1.141230,1.132050,1.137460
2018-12-07,1.137670,1.142330,1.136000,1.139620
2018-12-10,1.138930,1.144230,1.135000,1.135520
2018-12-11,1.135480,1.140010,1.130590,1.131630
2018-12-12,1.131600,1.138680,1.131460,1.136800
2018-12-13,1.136860,1.139300,1.133070,1.135830
2018-12-14,1.135740,1.136460,1.126940,1.130530
2018-12-17,1.129950,1.135740,1.129570,1.134710
2018-12-18,1.134690,1.140180,1.133630,1.136000
2018-12-19,1.135990,1.143880,1.135990,1.137600
2018-12-20,1.137620,1.148550,1.136900,1.144520
2018-12-21,1.144530,1.147360,1.135560,1.136650
2018-12-24,1.136750,1.143810,1.135990,1.141640
2018-12-26,1.141440,1.141470,1.134220,1.135200
2018-12-27,1.135360,1.145380,1.135120,1.142920
2018-12-28,1.143090,1.147230,1.142600,1.143980
2018-12-31,1.143370,1.146550,1.142100,1.145580
2019-01-02,1.144540,1.149670,1.132470,1.134370
2019-01-03,1.134360,1.141070,1.130880,1.139290
2019-01-04,1.139230,1.141870,1.134530,1.139550
2019-01-07,1.139570,1.148210,1.139520,1.147390
2019-01-08,1.147370,1.148410,1.142160,1.144060
2019-01-09,1.144090,1.155780,1.143700,1.154150
2019-01-10,1.154160,1.156980,1.148440,1.149940
2019-01-11,1.149980,1.154000,1.145760,1.146260
2019-01-14,1.145690,1.148160,1.145010,1.146780
2019-01-15,1.146780,1.148930,1.138130,1.141240
2019-01-16,1.141140,1.142440,1.137730,1.139120
2019-01-17,1.139090,1.140560,1.136970,1.138790
2019-01-18,1.138780,1.140990,1.135280,1.136550
2019-01-21,1.135870,1.139070,1.135630,1.136570
2019-01-22,1.136400,1.137350,1.133560,1.135940
2019-01-23,1.135930,1.139400,1.135050,1.138070
2019-01-24,1.137960,1.139110,1.128890,1.130310
2019-01-25,1.130650,1.141720,1.129970,1.140510
2019-01-28,1.140060,1.144320,1.138970,1.142620
2019-01-29,1.142530,1.144980,1.141080,1.143200
2019-01-30,1.143150,1.150130,1.140570,1.147790
2019-01-31,1.147890,1.151390,1.143530,1.144610
2019-02-01,1.144680,1.148800,1.143390,1.145290
2019-02-04,1.145060,1.146000,1.142390,1.143500
2019-02-05,1.143510,1.144010,1.140070,1.140430
2019-02-06,1.140380,1.140910,1.136040,1.136070
2019-02-07,1.136120,1.136800,1.132420,1.133850
2019-02-08,1.133740,1.135050,1.132060,1.132170
2019-02-11,1.131960,1.132960,1.126750,1.127480
2019-02-12,1.127430,1.133920,1.125730,1.132460
2019-02-13,1.132610,1.134100,1.125950,1.125950
2019-02-14,1.126090,1.130950,1.124880,1.129390
2019-02-15,1.129500,1.130580,1.123360,1.129050
2019-02-18,1.129170,1.133350,1.128860,1.130810
2019-02-19,1.130870,1.135710,1.127500,1.133940
2019-02-20,1.133990,1.137070,1.132430,1.133510
2019-02-21,1.133680,1.136600,1.131970,1.133300
2019-02-22,1.133190,1.135520,1.131570,1.133030
2019-02-25,1.133320,1.136710,1.132700,1.135600
2019-02-26,1.135640,1.140240,1.134470,1.138800
2019-02-27,1.138870,1.140320,1.136190,1.136850
2019-02-28,1.136920,1.141920,1.135900,1.136960
2019-03-01,1.136970,1.140810,1.135290,1.136260
2019-03-04,1.137340,1.138100,1.130870,1.133860
2019-03-05,1.133930,1.134060,1.128920,1.130690
2019-03-06,1.130670,1.132430,1.128520,1.130530
2019-03-07,1.130580,1.131980,1.117560,1.119230
2019-03-08,1.119290,1.124570,1.118480,1.123240
2019-03-11,1.123450,1.125800,1.122140,1.124850
2019-03-12,1.124840,1.130460,1.124690,1.128770
2019-03-13,1.128770,1.133830,1.127700,1.133010
2019-03-14,1.133000,1.133720,1.129380,1.130430
2019-03-15,1.130400,1.134390,1.129960,1.132370
2019-03-18,1.132300,1.135860,1.131860,1.133490
2019-03-19,1.133480,1.136120,1.133320,1.134920
2019-03-20,1.134910,1.144770,1.133500,1.142380
2019-03-21,1.142380,1.143690,1.134200,1.137270
2019-03-22,1.137270,1.139030,1.127290,1.130060
2019-03-25,1.129340,1.133100,1.128850,1.131250
2019-03-26,1.131250,1.132560,1.126270,1.126990
2019-03-27,1.126980,1.128520,1.124180,1.125080
2019-03-28,1.125080,1.126090,1.121320,1.122590
2019-03-29,1.122610,1.124630,1.120940,1.121660
2019-04-01,1.122580,1.124960,1.120360,1.121170
2019-04-02,1.121210,1.121570,1.118330,1.120330
2019-04-03,1.120370,1.125430,1.119950,1.123120
2019-04-04,1.123240,1.124720,1.120560,1.121910
2019-04-05,1.122000,1.124760,1.120960,1.121520
2019-04-08,1.121390,1.127410,1.121010,1.126090
2019-04-09,1.125870,1.128380,1.125460,1.126090
2019-04-10,1.126250,1.128720,1.123000,1.127240
2019-04-11,1.127390,1.128700,1.124950,1.125070
2019-04-12,1.125380,1.132350,1.125040,1.129810
2019-04-15,1.130320,1.132050,1.129720,1.130230
2019-04-16,1.130360,1.131350,1.127930,1.127990
2019-04-17,1.128000,1.132340,1.127830,1.129460
2019-04-18,1.129860,1.130370,1.122580,1.123050
2019-04-19,1.123060,1.124730,1.122680,1.123880
2019-04-22,1.123960,1.126160,1.123540,1.125600
2019-04-23,1.125670,1.126090,1.119180,1.122620
2019-04-24,1.122700,1.122700,1.114010,1.115240
2019-04-25,1.115160,1.116200,1.111730,1.113130
2019-04-26,1.113220,1.117350,1.111050,1.114200
2019-04-29,1.113900,1.118640,1.113900,1.118520
2019-04-30,1.118410,1.122860,1.117530,1.121400
2019-05-01,1.121480,1.126440,1.118670,1.119410
2019-05-02,1.119420,1.121870,1.117030,1.117090
2019-05-03,1.117100,1.120450,1.113460,1.120210
2019-05-06,1.117070,1.120900,1.116700,1.119780
2019-05-07,1.119850,1.121760,1.116620,1.119060
2019-05-08,1.119140,1.121340,1.118230,1.119040
2019-05-09,1.119160,1.125050,1.117300,1.121280
2019-05-10,1.121150,1.125320,1.121150,1.123330
2019-05-13,1.122960,1.126310,1.122080,1.122080
2019-05-14,1.122400,1.124360,1.120080,1.120280
2019-05-15,1.120290,1.122420,1.117760,1.120000
2019-05-16,1.120130,1.122360,1.116580,1.117340
2019-05-17,1.117230,1.118390,1.115480,1.115650
2019-05-20,1.116000,1.117440,1.115030,1.116500
2019-05-21,1.116490,1.118760,1.114160,1.115980
2019-05-22,1.116120,1.117990,1.114830,1.114940
2019-05-23,1.114990,1.118710,1.110660,1.118070
2019-05-24,1.118170,1.121180,1.117120,1.120440
2019-05-27,1.120940,1.121500,1.118650,1.119080
2019-05-28,1.119070,1.120090,1.115860,1.115910
2019-05-29,1.115940,1.117210,1.112400,1.113020
2019-05-30,1.113060,1.114300,1.111570,1.112830
2019-05-31,1.112870,1.117950,1.112480,1.116760
2019-06-03,1.116440,1.126160,1.115960,1.124060
2019-06-04,1.124070,1.127690,1.122630,1.125070
2019-06-05,1.125140,1.130610,1.121940,1.122000
2019-06-06,1.122010,1.130840,1.120000,1.127470
2019-06-07,1.127490,1.134740,1.125090,1.133220
2019-06-10,1.132240,1.133010,1.128970,1.131100
2019-06-11,1.131080,1.133710,1.130100,1.132530
2019-06-12,1.132530,1.134300,1.128200,1.128660
2019-06-13,1.128650,1.130330,1.126790,1.127610
2019-06-14,1.127610,1.128880,1.120200,1.121030
2019-06-17,1.120880,1.124670,1.120330,1.121780
2019-06-18,1.121710,1.124250,1.118090,1.119360
2019-06-19,1.119260,1.125380,1.118680,1.122590
2019-06-20,1.122550,1.131730,1.122520,1.129160
2019-06-21,1.129130,1.137730,1.128270,1.136990
2019-06-24,1.136960,1.140360,1.136540,1.139780
2019-06-25,1.139790,1.141160,1.134370,1.136550
2019-06-26,1.136650,1.139090,1.134700,1.136830
2019-06-27,1.136840,1.138110,1.134740,1.136890
2019-06-28,1.136880,1.139310,1.135010,1.136930
2019-07-01,1.136700,1.137070,1.128060,1.128510
2019-07-02,1.128500,1.132120,1.127480,1.128570
2019-07-03,1.128470,1.131110,1.126820,1.127740
2019-07-04,1.127770,1.129470,1.127270,1.128470
2019-07-05,1.128370,1.128740,1.120700,1.122480
2019-07-08,1.122400,1.123430,1.120690,1.121420
2019-07-09,1.121410,1.121870,1.119320,1.120780
2019-07-10,1.120760,1.126420,1.120180,1.125030
2019-07-11,1.125030,1.128570,1.124510,1.125320
2019-07-12,1.125320,1.127480,1.123830,1.126990
2019-07-15,1.126540,1.128380,1.125310,1.125770
2019-07-16,1.125740,1.126340,1.120180,1.121030
2019-07-17,1.121020,1.123360,1.119970,1.122420
2019-07-18,1.122370,1.128040,1.120510,1.127650
2019-07-19,1.127660,1.128200,1.120330,1.121940
2019-07-22,1.121400,1.122520,1.120620,1.120940
2019-07-23,1.120930,1.120960,1.114580,1.115170
2019-07-24,1.115160,1.115570,1.112690,1.113990
2019-07-25,1.114000,1.118770,1.110130,1.114670
2019-07-26,1.114640,1.115090,1.111180,1.112700
2019-07-29,1.112530,1.115090,1.111290,1.114430
2019-07-30,1.114430,1.116090,1.113210,1.115450
2019-07-31,1.115480,1.116200,1.106010,1.107490
2019-08-01,1.107490,1.109570,1.102690,1.108470
2019-08-02,1.108490,1.111630,1.106990,1.110500
2019-08-05,1.110320,1.121310,1.110270,1.120330
2019-08-06,1.120340,1.124950,1.116730,1.119800
2019-08-07,1.119800,1.124190,1.117900,1.119820
2019-08-08,1.119800,1.123270,1.117680,1.118010
2019-08-09,1.118020,1.122290,1.117930,1.119980
2019-08-12,1.119770,1.123060,1.116190,1.121310
2019-08-13,1.121290,1.122860,1.117000,1.117090
2019-08-14,1.117100,1.119070,1.113050,1.113770
2019-08-15,1.113800,1.115840,1.109140,1.110650
2019-08-16,1.110650,1.111210,1.106630,1.108930
2019-08-19,1.109240,1.111370,1.107600,1.107780
2019-08-20,1.107730,1.110670,1.106540,1.109980
2019-08-21,1.109890,1.110700,1.108000,1.108450
2019-08-22,1.108440,1.111310,1.106350,1.107990
2019-08-23,1.107980,1.115310,1.105150,1.113860
2019-08-26,1.114960,1.116390,1.109420,1.110180
2019-08-27,1.110180,1.111580,1.108560,1.109010
2019-08-28,1.109010,1.109780,1.107320,1.107700
2019-08-29,1.107700,1.109320,1.104200,1.105630
2019-08-30,1.105630,1.106020,1.096300,1.098930
2019-09-02,1.098990,1.099650,1.095790,1.096960
2019-09-03,1.096580,1.097870,1.092570,1.097330
2019-09-04,1.097370,1.103830,1.096840,1.103480
2019-09-05,1.103480,1.108460,1.101670,1.103400
2019-09-06,1.103400,1.105710,1.102020,1.102450
2019-09-09,1.102560,1.106800,1.101540,1.104770
2019-09-10,1.104740,1.105930,1.103040,1.104320
2019-09-11,1.104300,1.105550,1.098510,1.101020
2019-09-12,1.101020,1.108700,1.092670,1.106430
2019-09-13,1.106430,1.110940,1.105530,1.106970
2019-09-16,1.107200,1.108630,1.099320,1.100030
2019-09-17,1.099980,1.107450,1.099020,1.107250
2019-09-18,1.107230,1.107560,1.101360,1.102990
2019-09-19,1.102980,1.107340,1.102270,1.104080
2019-09-20,1.104080,1.106750,1.099620,1.101870
2019-09-23,1.101200,1.102530,1.096600,1.099250
2019-09-24,1.099270,1.102390,1.098370,1.101930
2019-09-25,1.101920,1.102280,1.093730,1.094190
2019-09-26,1.094150,1.096730,1.090870,1.091980
2019-09-27,1.092010,1.095860,1.090380,1.094110
2019-09-30,1.094030,1.094760,1.088460,1.089910
2019-10-01,1.089910,1.094270,1.087900,1.093170
2019-10-02,1.093110,1.096350,1.090420,1.095900
2019-10-03,1.095840,1.099920,1.094090,1.096300
2019-10-04,1.096300,1.099830,1.095690,1.097720
2019-10-07,1.097900,1.100060,1.096180,1.097040
2019-10-08,1.097030,1.099590,1.094110,1.095600
2019-10-09,1.095600,1.099010,1.095140,1.097100
2019-10-10,1.097040,1.103380,1.096970,1.100500
2019-10-11,1.100490,1.106270,1.100080,1.103600
2019-10-14,1.103140,1.104270,1.101260,1.102510
2019-10-15,1.102520,1.104600,1.099120,1.103200
2019-10-16,1.103190,1.108540,1.102250,1.107100
2019-10-17,1.107100,1.113980,1.106500,1.112340
2019-10-18,1.112360,1.117020,1.111460,1.116890
2019-10-21,1.116040,1.117930,1.113870,1.114870
2019-10-22,1.114870,1.115680,1.111760,1.112430
2019-10-23,1.112420,1.114020,1.110610,1.112970
2019-10-24,1.112960,1.116260,1.109300,1.110370
2019-10-25,1.110360,1.112280,1.107290,1.107940
2019-10-28,1.107880,1.110650,1.107600,1.109940
2019-10-29,1.109940,1.111840,1.107350,1.111180
2019-10-30,1.111170,1.115330,1.108000,1.115160
2019-10-31,1.115160,1.117560,1.113140,1.115140
2019-11-01,1.115140,1.117180,1.112810,1.116480
2019-11-04,1.116870,1.117530,1.112470,1.112720
2019-11-05,1.112690,1.114010,1.106340,1.107420
2019-11-06,1.107420,1.109270,1.106490,1.106580
2019-11-07,1.106580,1.109150,1.103610,1.104970
2019-11-08,1.104920,1.105530,1.101660,1.101890
2019-11-11,1.101850,1.104300,1.101640,1.103230
2019-11-12,1.103230,1.103850,1.100250,1.100880
2019-11-13,1.100890,1.102020,1.099530,1.100530
2019-11-14,1.100520,1.102730,1.098900,1.102120
2019-11-15,1.102120,1.105670,1.101450,1.105150
2019-11-18,1.105100,1.108990,1.104770,1.107180
2019-11-19,1.107180,1.108380,1.106240,1.107800
2019-11-20,1.107770,1.108130,1.105300,1.107230
2019-11-21,1.107230,1.109690,1.105210,1.105810
2019-11-22,1.105800,1.108750,1.101440,1.101820
2019-11-25,1.101510,1.103200,1.100350,1.101260
2019-11-26,1.101290,1.102550,1.100720,1.101940
2019-11-27,1.101940,1.102460,1.099230,1.099890
2019-11-28,1.099870,1.101780,1.099860,1.100750
2019-11-29,1.100710,1.102820,1.098100,1.101520
2019-12-02,1.102410,1.109100,1.100290,1.107840
2019-12-03,1.107820,1.109340,1.106580,1.108090
2019-12-04,1.108090,1.111610,1.106670,1.107750
2019-12-05,1.107720,1.110790,1.107710,1.110420
2019-12-06,1.110420,1.110970,1.103960,1.105950
2019-12-09,1.105740,1.107790,1.105330,1.106350
2019-12-10,1.106350,1.109760,1.106270,1.109190
2019-12-11,1.109140,1.114470,1.107010,1.112940
2019-12-12,1.112940,1.115410,1.110300,1.112860
2019-12-13,1.112940,1.119930,1.110320,1.111730
2019-12-16,1.112590,1.115800,1.112260,1.114340
2019-12-17,1.114350,1.117450,1.112910,1.114870
2019-12-18,1.114830,1.115410,1.111020,1.111270
2019-12-19,1.111260,1.114420,1.110720,1.112040
2019-12-20,1.112010,1.112460,1.106620,1.107510
2019-12-23,1.107500,1.109580,1.106980,1.108950
2019-12-24,1.108950,1.109390,1.106900,1.108510
2019-12-26,1.109000,1.110880,1.108200,1.109740
2019-12-27,1.109730,1.118820,1.109400,1.117600
2019-12-30,1.117540,1.122060,1.117130,1.119850
2019-12-31,1.119850,1.123920,1.119760,1.121710
2020-01-02,1.121320,1.121430,1.116350,1.117220
2020-01-03,1.117220,1.117970,1.112500,1.115580
2020-01-06,1.116460,1.120540,1.115710,1.119680
2020-01-07,1.119600,1.119750,1.113350,1.115260
2020-01-08,1.115290,1.116810,1.110160,1.110530
2020-01-09,1.110530,1.112030,1.109230,1.110510
2020-01-10,1.110510,1.112910,1.108500,1.112120
2020-01-13,1.111620,1.114690,1.111270,1.113380
2020-01-14,1.113380,1.114440,1.110420,1.112740
2020-01-15,1.112840,1.116330,1.111850,1.114950
2020-01-16,1.114920,1.117260,1.112780,1.113580
2020-01-17,1.113520,1.114250,1.108620,1.108930
2020-01-20,1.109200,1.110240,1.107660,1.109440
2020-01-21,1.109340,1.111800,1.108090,1.108190
2020-01-22,1.108160,1.109830,1.107010,1.109200
2020-01-23,1.109200,1.110870,1.103630,1.105420
2020-01-24,1.105420,1.106170,1.101960,1.102550
2020-01-27,1.102950,1.103750,1.100960,1.101840
2020-01-28,1.101850,1.102510,1.099770,1.102200
2020-01-29,1.102190,1.102770,1.099220,1.100990
2020-01-30,1.100980,1.103930,1.100680,1.103120
2020-01-31,1.103130,1.109510,1.101680,1.109430
2020-02-03,1.109070,1.109270,1.103490,1.105930
2020-02-04,1.105900,1.106420,1.103270,1.104340
2020-02-05,1.104360,1.104780,1.099350,1.099890
2020-02-06,1.099890,1.101380,1.096430,1.098270
2020-02-07,1.098270,1.098490,1.094180,1.094300
2020-02-10,1.094240,1.095740,1.090760,1.091050
2020-02-11,1.091050,1.092470,1.089120,1.091450
2020-02-12,1.091460,1.092550,1.086510,1.087280
2020-02-13,1.087160,1.088870,1.083390,1.084080
2020-02-14,1.084080,1.086120,1.082720,1.083010
2020-02-17,1.083970,1.085090,1.082910,1.083460
2020-02-18,1.083450,1.083720,1.078520,1.079070
2020-02-19,1.079060,1.081170,1.078210,1.080390
2020-02-20,1.080330,1.082110,1.077750,1.078380
2020-02-21,1.078410,1.086340,1.078350,1.084740
2020-02-24,1.082500,1.087200,1.080490,1.085200
2020-02-25,1.085190,1.089010,1.083000,1.088060
2020-02-26,1.088060,1.090870,1.085490,1.088070
2020-02-27,1.088120,1.100660,1.087710,1.099980
2020-02-28,1.099980,1.105310,1.095080,1.102930
2020-03-02,1.104070,1.118450,1.103620,1.113320
2020-03-03,1.113140,1.121300,1.109510,1.117100
2020-03-04,1.117070,1.118750,1.109530,1.113360
2020-03-05,1.113400,1.124470,1.111950,1.123710
2020-03-06,1.123700,1.135460,1.121130,1.129010
2020-03-09,1.134690,1.149640,1.133970,1.143580
2020-03-10,1.143580,1.145740,1.127430,1.129050
2020-03-11,1.129050,1.136620,1.125000,1.126070
2020-03-12,1.126020,1.133320,1.105540,1.116670
2020-03-13,1.116860,1.122110,1.105490,1.110250
2020-03-16,1.118860,1.123640,1.108460,1.117770
2020-03-17,1.117770,1.118900,1.095500,1.100520
2020-03-18,1.100610,1.104500,1.080160,1.091160
2020-03-19,1.091170,1.098170,1.065410,1.065890
2020-03-20,1.066140,1.083090,1.063750,1.069350
2020-03-23,1.069370,1.082740,1.063550,1.072570
2020-03-24,1.072260,1.088800,1.072260,1.078250
2020-03-25,1.078230,1.089390,1.076010,1.087960
2020-03-26,1.087970,1.105860,1.087000,1.102910
2020-03-27,1.102900,1.114700,1.095330,1.114310
2020-03-30,1.111590,1.114390,1.100990,1.104270
2020-03-31,1.104140,1.105370,1.092660,1.103490
2020-04-01,1.102990,1.103900,1.090270,1.096160
2020-04-02,1.096190,1.096780,1.082050,1.085680
2020-04-03,1.085500,1.086410,1.077270,1.081270
2020-04-06,1.080880,1.083540,1.076820,1.079200
2020-04-07,1.079200,1.092590,1.078340,1.089040
2020-04-08,1.089030,1.090200,1.082980,1.085650
2020-04-09,1.085590,1.095150,1.084090,1.092850
2020-04-10,1.092860,1.095220,1.091850,1.093470
2020-04-13,1.094280,1.096760,1.089250,1.091200
2020-04-14,1.091200,1.098700,1.089870,1.097980
2020-04-15,1.097940,1.099070,1.085620,1.090660
2020-04-16,1.090760,1.091110,1.081660,1.083860
2020-04-17,1.083860,1.089250,1.081190,1.087390
2020-04-20,1.086250,1.089650,1.084110,1.086070
2020-04-21,1.086110,1.088010,1.081640,1.085640
2020-04-22,1.085630,1.088510,1.080320,1.082290
2020-04-23,1.082260,1.084660,1.075600,1.077600
2020-04-24,1.077600,1.082570,1.072690,1.082440
2020-04-27,1.082080,1.086020,1.081120,1.082800
2020-04-28,1.082750,1.088830,1.080960,1.081820
2020-04-29,1.081800,1.088550,1.081790,1.087280
2020-04-30,1.087090,1.097240,1.083280,1.095070
2020-05-01,1.094850,1.101800,1.093430,1.098020
2020-05-04,1.096840,1.097430,1.089560,1.090650
2020-05-05,1.090540,1.092570,1.082570,1.083900
2020-05-06,1.083970,1.084540,1.078180,1.079290
2020-05-07,1.079250,1.083390,1.076640,1.083190
2020-05-08,1.083150,1.087550,1.081500,1.083860
2020-05-11,1.082400,1.085030,1.080050,1.080600
2020-05-12,1.080380,1.088520,1.078430,1.084690
2020-05-13,1.084640,1.089630,1.081150,1.081730
2020-05-14,1.081670,1.082380,1.077480,1.080420
2020-05-15,1.080310,1.085050,1.078880,1.081870
2020-05-18,1.080140,1.092690,1.079980,1.091390
2020-05-19,1.091450,1.097590,1.090210,1.092170
2020-05-20,1.092080,1.099890,1.091650,1.097670
2020-05-21,1.097610,1.100820,1.093720,1.094760
2020-05-22,1.094580,1.095360,1.088520,1.090220
2020-05-25,1.089530,1.091440,1.087060,1.089560
2020-05-26,1.089220,1.099580,1.089190,1.098180
2020-05-27,1.098140,1.103060,1.093390,1.100260
2020-05-28,1.099620,1.109340,1.099170,1.107570
2020-05-29,1.107560,1.114500,1.106690,1.110760
2020-06-01,1.111500,1.115360,1.110030,1.113430
2020-06-02,1.113420,1.119570,1.111510,1.116850
2020-06-03,1.116780,1.125760,1.116650,1.123330
2020-06-04,1.123210,1.136210,1.119470,1.133650
2020-06-05,1.133670,1.138370,1.127820,1.128740
2020-06-08,1.129320,1.131950,1.126820,1.129320
2020-06-09,1.129330,1.136350,1.124090,1.133890
2020-06-10,1.133880,1.142220,1.132150,1.137230
2020-06-11,1.137230,1.140350,1.128860,1.129810
2020-06-12,1.129330,1.134020,1.121250,1.126040
2020-06-15,1.123560,1.133230,1.122630,1.132220
2020-06-16,1.132200,1.135310,1.122760,1.126330
2020-06-17,1.126280,1.129390,1.120700,1.124260
2020-06-18,1.124280,1.126120,1.118540,1.120490
2020-06-19,1.120470,1.125420,1.116810,1.117650
2020-06-22,1.118190,1.126970,1.116840,1.125930
2020-06-23,1.125920,1.134830,1.123300,1.130740
2020-06-24,1.130730,1.132570,1.124830,1.125030
2020-06-25,1.125030,1.125950,1.119020,1.121700
2020-06-26,1.121810,1.123910,1.119510,1.121790
2020-06-29,1.121460,1.128760,1.121460,1.124100
2020-06-30,1.124120,1.126160,1.119090,1.123360
2020-07-01,1.123400,1.127490,1.118470,1.125070
2020-07-02,1.125070,1.130250,1.122310,1.123880
2020-07-03,1.123910,1.125240,1.121920,1.124820
2020-07-06,1.124300,1.134550,1.124060,1.130850
2020-07-07,1.130840,1.133230,1.125870,1.127270
2020-07-08,1.126740,1.135150,1.126210,1.132920
2020-07-09,1.132870,1.137060,1.128010,1.128460
2020-07-10,1.128450,1.132470,1.125480,1.129650
2020-07-13,1.130150,1.137480,1.130080,1.134350
2020-07-14,1.134310,1.140850,1.132500,1.139930
2020-07-15,1.139900,1.145180,1.139100,1.141140
2020-07-16,1.141130,1.144190,1.137030,1.138340
2020-07-17,1.138320,1.144370,1.137450,1.142580
2020-07-20,1.140420,1.146760,1.140210,1.144720
2020-07-21,1.144700,1.153960,1.142270,1.152650
2020-07-22,1.152680,1.160090,1.150660,1.156950
2020-07-23,1.156930,1.162660,1.154020,1.159590
2020-07-24,1.159570,1.165760,1.158130,1.165490
2020-07-27,1.164310,1.178110,1.164120,1.175100
2020-07-28,1.175120,1.177350,1.169860,1.171500
2020-07-29,1.171480,1.180590,1.171260,1.179060
2020-07-30,1.179100,1.184800,1.173070,1.184670
2020-07-31,1.184650,1.190860,1.176130,1.177130
2020-08-03,1.176970,1.179660,1.169570,1.176170
2020-08-04,1.176330,1.180600,1.172120,1.180280
2020-08-05,1.180260,1.190470,1.179290,1.186290
2020-08-06,1.186270,1.191600,1.181780,1.187620
2020-08-07,1.187630,1.188270,1.175500,1.178540
2020-08-10,1.178640,1.180060,1.173590,1.173710
2020-08-11,1.173730,1.180740,1.172200,1.173950
2020-08-12,1.174020,1.181650,1.171090,1.178350
2020-08-13,1.178350,1.186400,1.177960,1.181310
2020-08-14,1.181260,1.185030,1.178140,1.184130
2020-08-17,1.183770,1.188100,1.182850,1.186980
2020-08-18,1.186950,1.196560,1.186550,1.193060
2020-08-19,1.193020,1.195260,1.183010,1.183850
2020-08-20,1.183550,1.186850,1.180200,1.185990
2020-08-21,1.185990,1.188270,1.175420,1.179640
2020-08-24,1.179290,1.184960,1.178410,1.178730
2020-08-25,1.178710,1.184360,1.178400,1.183430
2020-08-26,1.183400,1.183910,1.177210,1.182980
2020-08-27,1.182970,1.190130,1.176210,1.182170
2020-08-28,1.182150,1.191960,1.181100,1.190550
2020-08-31,1.190360,1.196600,1.188390,1.193610
2020-09-01,1.193580,1.201080,1.190110,1.191130
2020-09-02,1.191120,1.192850,1.182200,1.185470
2020-09-03,1.185210,1.186450,1.178870,1.185120
2020-09-04,1.185130,1.186520,1.178080,1.183940
2020-09-07,1.184580,1.184850,1.181110,1.181360
2020-09-08,1.181360,1.182730,1.176540,1.177390
2020-09-09,1.177470,1.183370,1.175280,1.180270
2020-09-10,1.180260,1.191740,1.179940,1.181460
2020-09-11,1.181450,1.187390,1.180860,1.184590
2020-09-14,1.183620,1.188800,1.183210,1.186430
2020-09-15,1.186480,1.190040,1.183930,1.184620
2020-09-16,1.184650,1.188260,1.178730,1.181550
2020-09-17,1.181460,1.185230,1.173740,1.184760
2020-09-18,1.184760,1.187030,1.182580,1.184130
2020-09-21,1.184550,1.187170,1.173160,1.177070
2020-09-22,1.177000,1.177350,1.169160,1.170770
2020-09-23,1.170740,1.171890,1.165110,1.165950
2020-09-24,1.165900,1.168680,1.162640,1.167080
2020-09-25,1.167060,1.168490,1.161220,1.162960
2020-09-28,1.162220,1.167990,1.161510,1.166500
2020-09-29,1.166500,1.174550,1.166090,1.174260
2020-09-30,1.174300,1.175470,1.168460,1.172100
2020-10-01,1.172100,1.176940,1.171710,1.174650
2020-10-02,1.174890,1.174890,1.169570,1.171650
2020-10-05,1.171310,1.179740,1.170530,1.178250
2020-10-06,1.178260,1.180760,1.173160,1.173340
2020-10-07,1.173350,1.178180,1.172480,1.176280
2020-10-08,1.176240,1.178160,1.173240,1.175820
2020-10-09,1.175870,1.183040,1.175510,1.182930
2020-10-12,1.181730,1.182650,1.178660,1.181200
2020-10-13,1.181200,1.181550,1.173050,1.174460
2020-10-14,1.174520,1.177120,1.171950,1.174520
2020-10-15,1.174520,1.175760,1.168820,1.170730
2020-10-16,1.170730,1.174600,1.169390,1.171600
2020-10-19,1.171950,1.179360,1.170300,1.176950
2020-10-20,1.176950,1.184070,1.175980,1.182110
2020-10-21,1.182140,1.188060,1.182080,1.185980
2020-10-22,1.185820,1.186670,1.181140,1.181770
2020-10-23,1.181770,1.186460,1.178670,1.185980
2020-10-26,1.185510,1.185540,1.180310,1.180870
2020-10-27,1.180870,1.183870,1.178180,1.178700
2020-10-28,1.178700,1.178790,1.171780,1.174510
2020-10-29,1.174510,1.175860,1.164990,1.167400
2020-10-30,1.167410,1.170400,1.163980,1.164620
2020-11-02,1.164680,1.165560,1.162210,1.164040
2020-11-03,1.164060,1.173960,1.163230,1.171500
2020-11-04,1.171500,1.177040,1.160190,1.172440
2020-11-05,1.172440,1.185980,1.171080,1.182670
2020-11-06,1.182720,1.189090,1.179540,1.187460
2020-11-09,1.188730,1.192000,1.179510,1.181270
2020-11-10,1.181240,1.184320,1.177980,1.181360
2020-11-11,1.181380,1.183280,1.174550,1.177710
2020-11-12,1.177710,1.182310,1.175860,1.180480
2020-11-13,1.180470,1.183720,1.179890,1.183260
2020-11-16,1.184000,1.186880,1.181410,1.185160
2020-11-17,1.185090,1.189390,1.184280,1.186050
2020-11-18,1.186180,1.189100,1.184910,1.185260
2020-11-19,1.185260,1.188250,1.181630,1.187450
2020-11-20,1.187450,1.189090,1.184970,1.185870
2020-11-23,1.184960,1.190610,1.180000,1.183990
2020-11-24,1.183990,1.189590,1.183580,1.189040
2020-11-25,1.189050,1.192980,1.188190,1.191570
2020-11-26,1.191640,1.194090,1.188530,1.191270
2020-11-27,1.191250,1.196300,1.190670,1.195930
2020-11-30,1.196000,1.200340,1.192360,1.192560
2020-12-01,1.192610,1.207660,1.192530,1.206920
2020-12-02,1.206910,1.211840,1.204000,1.211360
2020-12-03,1.211370,1.217460,1.210110,1.214690
2020-12-04,1.214470,1.217730,1.211000,1.212010
2020-12-07,1.212990,1.216640,1.207870,1.210910
2020-12-08,1.210910,1.213400,1.209560,1.210220
2020-12-09,1.210220,1.214740,1.205850,1.208020
2020-12-10,1.207890,1.215880,1.207380,1.213980
2020-12-11,1.213610,1.216280,1.210540,1.211250
2020-12-14,1.213660,1.217660,1.211560,1.214320
2020-12-15,1.214320,1.216870,1.212140,1.215050
2020-12-16,1.214890,1.221240,1.212490,1.219840
2020-12-17,1.219850,1.227290,1.218970,1.226840
2020-12-18,1.226760,1.227190,1.222560,1.225420
2020-12-21,1.221660,1.225280,1.212960,1.224240
2020-12-22,1.224340,1.225730,1.215200,1.216160
2020-12-23,1.216180,1.222120,1.215400,1.218600
2020-12-24,1.218570,1.221570,1.217740,1.218080
2020-12-28,1.216960,1.225060,1.216960,1.221600
2020-12-29,1.221600,1.227490,1.220700,1.224820
2020-12-30,1.224710,1.230990,1.224700,1.229610
2020-12-31,1.229630,1.230930,1.221270,1.221550
2021-01-04,1.223950,1.230980,1.222800,1.224730
2021-01-05,1.224660,1.230560,1.224320,1.229650
2021-01-06,1.229680,1.234940,1.226570,1.232520
2021-01-07,1.232560,1.234410,1.224520,1.227100
2021-01-08,1.227130,1.228450,1.219320,1.222180
2021-01-11,1.221160,1.222850,1.213230,1.214970
2021-01-12,1.214980,1.220970,1.213720,1.220620
2021-01-13,1.220640,1.222290,1.213990,1.215680
2021-01-14,1.215680,1.217840,1.211120,1.215400
2021-01-15,1.215370,1.216250,1.207500,1.207660
2021-01-18,1.208130,1.208670,1.205360,1.207570
2021-01-19,1.207680,1.214490,1.207390,1.212840
2021-01-20,1.212810,1.215820,1.207670,1.210460
2021-01-21,1.210430,1.217320,1.210220,1.216400
2021-01-22,1.215860,1.218940,1.215150,1.217040
2021-01-25,1.217040,1.218330,1.211600,1.214130
2021-01-26,1.213710,1.217600,1.210780,1.215920
2021-01-27,1.215980,1.216960,1.205860,1.210960
2021-01-28,1.210860,1.214210,1.208050,1.212100
2021-01-29,1.212090,1.215580,1.209440,1.213530
2021-02-01,1.213010,1.213640,1.205620,1.205940
2021-02-02,1.205940,1.208760,1.201170,1.204280
2021-02-03,1.204230,1.205000,1.200420,1.203510
2021-02-04,1.203490,1.204280,1.195740,1.196200
2021-02-05,1.196180,1.204980,1.195220,1.204920
2021-02-08,1.204260,1.206610,1.201970,1.204930
2021-02-09,1.204930,1.212210,1.204720,1.211740
2021-02-10,1.211730,1.214400,1.210880,1.211720
2021-02-11,1.211720,1.214930,1.211350,1.213030
2021-02-12,1.213030,1.213490,1.208150,1.211890
2021-02-15,1.212400,1.214520,1.211670,1.212740
2021-02-16,1.212710,1.216940,1.209490,1.210530
2021-02-17,1.210470,1.210890,1.202340,1.203740
2021-02-18,1.203510,1.209440,1.203500,1.209080
2021-02-19,1.209080,1.214430,1.208230,1.211740
2021-02-22,1.211310,1.216940,1.209120,1.215540
2021-02-23,1.215640,1.218020,1.213530,1.214930
2021-02-24,1.214930,1.217450,1.210920,1.216650
2021-02-25,1.216370,1.224320,1.215600,1.217430
2021-02-26,1.217300,1.218280,1.206220,1.207270
2021-03-01,1.206880,1.210120,1.202780,1.204880
2021-03-02,1.204880,1.209440,1.199150,1.208930
2021-03-03,1.208980,1.211320,1.204290,1.206270
2021-03-04,1.206270,1.206620,1.196160,1.196940
2021-03-05,1.196800,1.197670,1.189280,1.191200
2021-03-08,1.191660,1.193210,1.184420,1.184600
2021-03-09,1.184560,1.191570,1.183560,1.190010
2021-03-10,1.190020,1.192980,1.186870,1.192840
2021-03-11,1.192830,1.199000,1.191580,1.198510
2021-03-12,1.198500,1.198860,1.190980,1.195190
2021-03-15,1.194730,1.196740,1.191110,1.192710
2021-03-16,1.192710,1.195170,1.188230,1.190090
2021-03-17,1.190090,1.198530,1.188630,1.198020
2021-03-18,1.198020,1.198900,1.190620,1.191350
2021-03-19,1.191340,1.193720,1.187380,1.190440
2021-03-22,1.188280,1.194670,1.187440,1.193320
2021-03-23,1.193370,1.194070,1.184230,1.184800
2021-03-24,1.184770,1.185160,1.180970,1.181230
2021-03-25,1.181220,1.182770,1.176190,1.176770
2021-03-26,1.176830,1.180490,1.176770,1.179330
2021-03-29,1.178860,1.179370,1.176080,1.176420
2021-03-30,1.176400,1.177360,1.171140,1.171690
2021-03-31,1.171700,1.175980,1.170410,1.172980
2021-04-01,1.172980,1.177990,1.171240,1.177590
2021-04-02,1.177600,1.178640,1.174880,1.176080
2021-04-05,1.175430,1.181960,1.173820,1.181250
2021-04-06,1.181250,1.187760,1.179510,1.187400
2021-04-07,1.187300,1.191470,1.186090,1.186680
2021-04-08,1.186660,1.192730,1.186050,1.191240
2021-04-09,1.191210,1.192020,1.186720,1.190100
2021-04-12,1.188810,1.191900,1.187120,1.190990
2021-04-13,1.190930,1.195600,1.187750,1.194740
2021-04-14,1.194780,1.198740,1.194590,1.197840
2021-04-15,1.197810,1.199330,1.195610,1.196550
2021-04-16,1.196540,1.199490,1.195040,1.198090
2021-04-19,1.197160,1.204810,1.194260,1.203670
2021-04-20,1.203640,1.207980,1.202240,1.203430
2021-04-21,1.203430,1.204360,1.199840,1.203430
2021-04-22,1.203450,1.206900,1.199370,1.201400
2021-04-23,1.201390,1.210000,1.201290,1.209730
2021-04-26,1.209220,1.211700,1.206130,1.208410
2021-04-27,1.208540,1.209280,1.205680,1.208920
2021-04-28,1.208960,1.213480,1.205630,1.212500
2021-04-29,1.212490,1.215020,1.210210,1.211870
2021-04-30,1.211900,1.212660,1.201660,1.202080
2021-05-03,1.203010,1.207590,1.201290,1.206290
2021-05-04,1.206300,1.206410,1.199920,1.201210
2021-05-05,1.201180,1.202680,1.198600,1.200360
2021-05-06,1.200360,1.207160,1.199310,1.206460
2021-05-07,1.206470,1.217130,1.205300,1.216180
2021-05-10,1.216000,1.217830,1.212780,1.212820
2021-05-11,1.212800,1.218170,1.212300,1.214700
2021-05-12,1.214720,1.215210,1.206560,1.207050
2021-05-13,1.207240,1.210610,1.205150,1.207910
2021-05-14,1.207870,1.214760,1.207080,1.214410
2021-05-17,1.213230,1.216870,1.212600,1.215110
2021-05-18,1.215130,1.223390,1.214800,1.222190
2021-05-19,1.222190,1.224520,1.215990,1.217440
2021-05-20,1.217440,1.222900,1.216900,1.222690
2021-05-21,1.222700,1.223980,1.216100,1.218060
2021-05-24,1.217760,1.223000,1.217220,1.221500
2021-05-25,1.221460,1.226640,1.221170,1.224970
2021-05-26,1.224910,1.226300,1.218200,1.219220
2021-05-27,1.219060,1.221510,1.217510,1.219340
2021-05-28,1.219320,1.220500,1.213270,1.218960
2021-05-31,1.219930,1.223140,1.218330,1.222500
2021-06-01,1.222540,1.225430,1.221180,1.221260
2021-06-02,1.221250,1.222650,1.216430,1.221000
2021-06-03,1.220970,1.221430,1.211830,1.212650
2021-06-04,1.212610,1.218560,1.210410,1.216620
2021-06-07,1.215950,1.220180,1.214480,1.218930
2021-06-08,1.218910,1.219420,1.216430,1.217260
2021-06-09,1.217220,1.221790,1.217090,1.217870
2021-06-10,1.217870,1.219500,1.214320,1.217510
2021-06-11,1.217510,1.219310,1.209270,1.210630
2021-06-14,1.210250,1.213030,1.209420,1.212000
2021-06-15,1.211900,1.214730,1.210140,1.212640
2021-06-16,1.212560,1.213480,1.199400,1.199430
2021-06-17,1.199390,1.200640,1.189180,1.190690
2021-06-18,1.190560,1.192510,1.185370,1.185970
2021-06-21,1.185500,1.192120,1.184770,1.191850
2021-06-22,1.191660,1.195250,1.188090,1.194130
2021-06-23,1.193760,1.197030,1.191160,1.192580
2021-06-24,1.192540,1.195630,1.191750,1.193150
2021-06-25,1.193150,1.197520,1.192650,1.193700
2021-06-28,1.193160,1.194450,1.190250,1.192420
2021-06-29,1.192300,1.192980,1.187770,1.189600
2021-06-30,1.189540,1.190900,1.184520,1.185600
2021-07-01,1.185590,1.188420,1.183740,1.184970
2021-07-02,1.184910,1.187430,1.180710,1.186460
2021-07-05,1.185760,1.188050,1.185150,1.186340
2021-07-06,1.186190,1.189500,1.180670,1.182310
2021-07-07,1.182350,1.183620,1.178170,1.179030
2021-07-08,1.178990,1.186790,1.178360,1.184490
2021-07-09,1.184400,1.188110,1.182510,1.187740
2021-07-12,1.187150,1.188020,1.183610,1.186060
2021-07-13,1.185930,1.187520,1.177240,1.177650
2021-07-14,1.177610,1.183880,1.177190,1.183580
2021-07-15,1.183490,1.185060,1.179620,1.181180
2021-07-16,1.181180,1.182240,1.179210,1.180550
2021-07-19,1.180540,1.182430,1.176400,1.179870
2021-07-20,1.179800,1.180250,1.175580,1.178050
2021-07-21,1.177960,1.180470,1.175190,1.179460
2021-07-22,1.179070,1.183030,1.175750,1.177070
2021-07-23,1.177050,1.178650,1.175440,1.176890
2021-07-26,1.176770,1.181730,1.176350,1.180290
2021-07-27,1.180300,1.184110,1.177010,1.181650
2021-07-28,1.181590,1.184940,1.177210,1.184410
2021-07-29,1.184310,1.189270,1.184020,1.188650
2021-07-30,1.188580,1.190870,1.185170,1.187300
2021-08-02,1.186410,1.189690,1.185900,1.186880
2021-08-03,1.186700,1.189330,1.185370,1.186370
2021-08-04,1.186310,1.189970,1.183280,1.183670
2021-08-05,1.183600,1.185720,1.182820,1.183270
2021-08-06,1.183240,1.183570,1.175440,1.176110
2021-08-09,1.175680,1.176900,1.173490,1.173620
2021-08-10,1.173580,1.174290,1.170980,1.172030
2021-08-11,1.171840,1.175400,1.170610,1.173880
2021-08-12,1.173800,1.174820,1.172370,1.172960
2021-08-13,1.172900,1.180480,1.172810,1.179620
2021-08-16,1.179410,1.180070,1.176750,1.177680
2021-08-17,1.177620,1.178450,1.170810,1.170810
2021-08-18,1.170880,1.174250,1.169370,1.171080
2021-08-19,1.170870,1.171760,1.166570,1.167560
2021-08-20,1.167520,1.170450,1.166400,1.169960
2021-08-23,1.168970,1.175030,1.168970,1.174570
2021-08-24,1.174490,1.176500,1.172730,1.175550
2021-08-25,1.175370,1.177430,1.172600,1.177160
2021-08-26,1.177060,1.177900,1.174590,1.175150
2021-08-27,1.175140,1.180260,1.173490,1.179550
2021-08-30,1.179260,1.180990,1.178290,1.179620
2021-08-31,1.179610,1.184500,1.179390,1.180830
2021-09-01,1.180780,1.185720,1.179360,1.183840
2021-09-02,1.183740,1.187590,1.183440,1.187440
2021-09-03,1.187390,1.190910,1.186570,1.187720
2021-09-06,1.187680,1.188620,1.185570,1.187010
2021-09-07,1.186750,1.188520,1.183730,1.184020
2021-09-08,1.183560,1.185120,1.180220,1.181500
2021-09-09,1.181250,1.184130,1.180530,1.182440
2021-09-10,1.182290,1.185100,1.180910,1.181070
2021-09-13,1.181430,1.181710,1.177020,1.181030
2021-09-14,1.180920,1.184600,1.180010,1.180250
2021-09-15,1.180130,1.183190,1.179910,1.181650
2021-09-16,1.181530,1.182060,1.175060,1.176520
2021-09-17,1.176750,1.178880,1.172420,1.172500
2021-09-20,1.172720,1.173630,1.170040,1.172570
2021-09-21,1.172480,1.174860,1.171490,1.172520
2021-09-22,1.172400,1.175550,1.168430,1.168660
2021-09-23,1.168600,1.175010,1.168350,1.173810
2021-09-24,1.173790,1.174760,1.170070,1.172060
2021-09-27,1.172550,1.172550,1.168480,1.169520
2021-09-28,1.169400,1.170320,1.166820,1.168260
2021-09-29,1.168250,1.169010,1.158940,1.159690
2021-09-30,1.159630,1.160970,1.156260,1.157690
2021-10-01,1.157400,1.160750,1.156300,1.159270
2021-10-04,1.159220,1.164000,1.158760,1.161930
2021-10-05,1.161840,1.162160,1.158060,1.159720
2021-10-06,1.159590,1.160190,1.152920,1.155560
2021-10-07,1.155380,1.157230,1.154740,1.155270
2021-10-08,1.155260,1.158610,1.154140,1.157360
2021-10-11,1.156590,1.158670,1.154870,1.155170
2021-10-12,1.155220,1.157020,1.152420,1.152950
2021-10-13,1.152940,1.159730,1.152500,1.159400
2021-10-14,1.159030,1.162450,1.158380,1.159590
2021-10-15,1.159470,1.161860,1.158800,1.159810
2021-10-18,1.159760,1.162240,1.157170,1.160970
2021-10-19,1.160880,1.166920,1.160740,1.163250
2021-10-20,1.163040,1.165860,1.161700,1.165050
2021-10-21,1.164780,1.166750,1.161920,1.162400
2021-10-22,1.161970,1.165540,1.161940,1.164370
2021-10-25,1.163800,1.166500,1.159070,1.160810
2021-10-26,1.160760,1.162570,1.158500,1.159570
2021-10-27,1.159550,1.162570,1.158480,1.160260
2021-10-28,1.160230,1.169200,1.158240,1.168010
2021-10-29,1.167810,1.169010,1.153530,1.156200
2021-11-01,1.156260,1.160900,1.154600,1.160410
2021-11-02,1.160280,1.161320,1.157470,1.157800
2021-11-03,1.157700,1.161610,1.156210,1.161310
2021-11-04,1.161100,1.161620,1.152840,1.155390
2021-11-05,1.155370,1.157300,1.151340,1.156650
2021-11-08,1.155970,1.159500,1.155030,1.158640
2021-11-09,1.158400,1.160860,1.156970,1.159290
2021-11-10,1.159080,1.159530,1.147560,1.147830
2021-11-11,1.147740,1.148760,1.144290,1.144950
2021-11-12,1.144840,1.146230,1.143280,1.144270
2021-11-15,1.144560,1.146410,1.135620,1.136720
2021-11-16,1.136660,1.138550,1.130880,1.131940
2021-11-17,1.131840,1.133240,1.126320,1.131870
2021-11-18,1.131770,1.137410,1.131380,1.137040
2021-11-19,1.136860,1.137240,1.124980,1.128290
2021-11-22,1.128840,1.129010,1.123070,1.123640
2021-11-23,1.123620,1.127500,1.122600,1.124740
2021-11-24,1.124610,1.125540,1.118610,1.119820
2021-11-25,1.119600,1.122990,1.119540,1.120830
2021-11-26,1.120600,1.133030,1.120440,1.132150
2021-11-29,1.130020,1.131120,1.125840,1.129020
2021-11-30,1.128830,1.138300,1.123540,1.133800
2021-12-01,1.133500,1.135970,1.130250,1.131930
2021-12-02,1.131760,1.134780,1.129520,1.130060
2021-12-03,1.129960,1.133350,1.126660,1.130830
2021-12-06,1.129950,1.131040,1.126650,1.128470
2021-12-07,1.128210,1.129830,1.122740,1.126710
2021-12-08,1.126580,1.135490,1.126330,1.134170
2021-12-09,1.134180,1.134490,1.127840,1.129240
2021-12-10,1.129190,1.132430,1.126490,1.131620
2021-12-13,1.130770,1.131900,1.125990,1.128420
2021-12-14,1.128070,1.132370,1.125370,1.125830
2021-12-15,1.125750,1.129920,1.122170,1.129190
2021-12-16,1.129050,1.136020,1.128110,1.132960
2021-12-17,1.132960,1.134890,1.123440,1.123720
2021-12-20,1.123560,1.130400,1.123410,1.127690
2021-12-21,1.127430,1.130270,1.126090,1.128220
2021-12-22,1.128200,1.134230,1.126420,1.132580
2021-12-23,1.132460,1.134220,1.129020,1.132630
2021-12-24,1.132600,1.134350,1.130440,1.131970
2021-12-27,1.130230,1.133420,1.130230,1.132640
2021-12-28,1.132600,1.133300,1.128940,1.130790
2021-12-29,1.130790,1.136870,1.127320,1.134770
2021-12-30,1.134450,1.135990,1.129880,1.132560
2021-12-31,1.132440,1.138610,1.130330,1.137550
2022-01-03,1.136930,1.137780,1.127950,1.129710
2022-01-04,1.129610,1.132260,1.127230,1.128620
2022-01-05,1.128520,1.134660,1.127650,1.131350
2022-01-06,1.131110,1.133160,1.128460,1.129760
2022-01-07,1.129600,1.136470,1.129010,1.135900
2022-01-10,1.135500,1.135990,1.128530,1.132520
2022-01-11,1.132300,1.137530,1.131310,1.136660
2022-01-12,1.136550,1.145280,1.135450,1.144110
2022-01-13,1.144020,1.148170,1.143570,1.145390
2022-01-14,1.145310,1.148290,1.139870,1.141510
2022-01-17,1.141170,1.143420,1.139150,1.140620
2022-01-18,1.140620,1.142160,1.131470,1.132580
2022-01-19,1.132490,1.135690,1.131630,1.134200
2022-01-20,1.133930,1.136890,1.130310,1.131080
2022-01-21,1.130920,1.135970,1.130100,1.134210
2022-01-24,1.133710,1.134470,1.129060,1.132540
2022-01-25,1.132260,1.132800,1.126320,1.130060
2022-01-26,1.129910,1.131080,1.123540,1.124050
2022-01-27,1.124040,1.124310,1.113130,1.114440
2022-01-28,1.114280,1.117370,1.112140,1.114690
2022-01-31,1.114060,1.124770,1.113780,1.123330
2022-02-01,1.123150,1.127860,1.122080,1.127180
2022-02-02,1.127150,1.133010,1.126670,1.130350
2022-02-03,1.130180,1.145130,1.126650,1.143920
2022-02-04,1.143890,1.148360,1.141160,1.145140
2022-02-07,1.145730,1.146140,1.141510,1.144190
2022-02-08,1.144110,1.144860,1.139580,1.141630
2022-02-09,1.141270,1.144790,1.140250,1.142330
2022-02-10,1.142100,1.149500,1.137480,1.142750
2022-02-11,1.142630,1.142910,1.132970,1.134770
2022-02-14,1.133760,1.136880,1.128000,1.130580
2022-02-15,1.130320,1.136830,1.129900,1.135820
2022-02-16,1.135680,1.139550,1.134480,1.137220
2022-02-17,1.137130,1.138570,1.132290,1.136080
2022-02-18,1.135800,1.137690,1.131390,1.132270
2022-02-21,1.131450,1.139070,1.130640,1.130930
2022-02-22,1.130700,1.136700,1.128780,1.132410
2022-02-23,1.132460,1.135880,1.130120,1.130510
2022-02-24,1.130230,1.130860,1.110630,1.119190
2022-02-25,1.119080,1.127350,1.116590,1.127160
2022-02-28,1.112950,1.124640,1.112450,1.121780
2022-03-01,1.121770,1.123310,1.108970,1.112290
2022-03-02,1.112480,1.114340,1.105740,1.111840
2022-03-03,1.111600,1.112050,1.103320,1.106590
2022-03-04,1.106510,1.106790,1.088520,1.093050
