date,open,high,low,close
2012-12-04,82.173000,82.206000,81.711000,81.888000
2012-12-05,81.890000,82.473000,81.789000,82.415000
2012-12-06,82.416000,82.610000,82.193000,82.405000
2012-12-07,82.406000,82.818000,82.182000,82.478000
2012-12-10,82.548000,82.630000,82.111000,82.341000
2012-12-11,82.342000,82.567000,82.296000,82.533000
2012-12-12,82.534000,83.289000,82.494000,83.180000
2012-12-13,83.179000,83.667000,83.154000,83.614000
2012-12-14,83.615000,83.957000,83.310000,83.500000
2012-12-17,84.145000,84.205000,83.605000,83.872000
2012-12-18,83.872000,84.281000,83.814000,84.266000
2012-12-19,84.266000,84.610000,83.933000,84.091000
2012-12-20,84.092000,84.450000,83.853000,84.341000
2012-12-21,84.338000,84.436000,83.851000,84.234000
2012-12-24,84.377000,84.865000,84.318000,84.772000
2012-12-26,85.275000,85.715000,85.247000,85.485000
2012-12-27,85.488000,86.317000,85.477000,86.281000
2012-12-28,86.269000,86.625000,85.865000,85.865000
2012-12-31,85.819000,86.680000,85.814000,86.610000
2013-01-01,86.658000,86.842000,86.627000,86.765000
2013-01-02,86.765000,87.342000,86.535000,87.324000
2013-01-03,87.324000,87.546000,86.763000,87.431000
2013-01-04,87.431000,88.397000,87.399000,88.140000
2013-01-07,88.322000,88.322000,87.351000,87.456000
2013-01-08,87.457000,87.788000,86.823000,86.841000
2013-01-09,86.843000,88.065000,86.824000,88.034000
2013-01-10,88.030000,89.030000,87.964000,88.923000
2013-01-11,88.925000,89.435000,88.734000,89.176000
2013-01-14,89.487000,89.638000,89.078000,89.476000
2013-01-15,89.474000,89.623000,88.292000,88.819000
2013-01-16,88.818000,88.849000,87.790000,88.568000
2013-01-17,88.567000,90.105000,88.129000,89.953000
2013-01-18,89.952000,90.182000,89.632000,90.083000
2013-01-21,90.148000,90.228000,89.336000,89.813000
2013-01-22,89.814000,90.118000,88.364000,88.752000
2013-01-23,88.751000,88.789000,88.056000,88.538000
2013-01-24,88.535000,90.531000,88.416000,90.420000
2013-01-25,90.422000,91.192000,90.285000,90.877000
2013-01-28,91.059000,91.248000,90.559000,90.652000
2013-01-29,90.648000,91.008000,90.324000,90.753000
2013-01-30,90.755000,91.401000,90.712000,91.066000
2013-01-31,91.065000,91.797000,90.742000,91.733000
2013-02-01,91.732000,92.952000,91.613000,92.789000
2013-02-04,92.830000,93.178000,91.976000,92.095000
2013-02-05,92.092000,93.777000,92.071000,93.709000
2013-02-06,93.710000,94.045000,93.277000,93.517000
2013-02-07,93.518000,93.912000,93.082000,93.714000
2013-02-08,93.713000,93.725000,92.167000,92.672000
2013-02-11,92.564000,94.431000,92.448000,94.238000
2013-02-12,94.239000,94.403000,92.964000,93.221000
2013-02-13,93.222000,93.772000,92.819000,93.221000
2013-02-14,93.222000,93.707000,92.676000,92.882000
2013-02-15,92.881000,93.834000,92.220000,93.505000
2013-02-18,93.878000,94.208000,93.708000,93.904000
2013-02-19,93.906000,93.943000,93.292000,93.568000
2013-02-20,93.564000,94.029000,93.136000,93.699000
2013-02-21,93.698000,93.856000,92.771000,92.976000
2013-02-22,92.975000,93.506000,92.922000,93.405000
2013-02-25,94.203000,94.303000,90.929000,92.171000
2013-02-26,92.171000,92.743000,91.125000,91.968000
2013-02-27,91.969000,92.431000,91.137000,92.203000
2013-02-28,92.203000,92.843000,92.009000,92.623000
2013-03-01,92.622000,93.680000,92.438000,93.579000
2013-03-04,93.547000,93.721000,93.173000,93.482000
2013-03-05,93.482000,93.507000,92.914000,93.350000
2013-03-06,93.350000,94.110000,93.009000,93.984000
2013-03-07,93.985000,95.088000,93.788000,94.918000
2013-03-08,94.919000,96.551000,94.845000,95.987000
2013-03-11,96.163000,96.652000,95.962000,96.616000
2013-03-12,96.617000,96.707000,95.639000,95.881000
2013-03-13,95.880000,96.252000,95.444000,96.039000
2013-03-14,96.039000,96.586000,95.680000,96.063000
2013-03-15,96.059000,96.273000,95.076000,95.280000
2013-03-18,94.887000,95.594000,94.308000,95.370000
2013-03-19,95.370000,95.742000,94.721000,95.019000
2013-03-20,95.017000,96.129000,94.827000,96.065000
2013-03-21,96.067000,96.088000,94.554000,95.077000
2013-03-22,95.077000,95.088000,94.195000,94.421000
2013-03-25,94.621000,94.959000,93.524000,94.222000
2013-03-26,94.224000,94.632000,93.862000,94.628000
2013-03-27,94.627000,94.906000,94.021000,94.350000
2013-03-28,94.350000,94.431000,93.875000,94.282000
2013-03-29,94.290000,94.291000,93.905000,94.150000
2013-04-01,94.252000,94.371000,93.056000,93.196000
2013-04-02,93.198000,93.557000,92.568000,93.367000
2013-04-03,93.366000,93.685000,92.713000,93.078000
2013-04-04,93.080000,96.412000,92.728000,96.371000
2013-04-05,96.362000,97.829000,95.797000,97.520000
2013-04-08,98.235000,99.495000,98.073000,99.475000
2013-04-09,99.473000,99.660000,98.587000,99.174000
2013-04-10,99.173000,99.870000,98.908000,99.813000
2013-04-11,99.813000,99.944000,99.127000,99.794000
2013-04-12,99.792000,99.792000,98.088000,98.338000
2013-04-15,98.337000,98.709000,95.792000,96.571000
2013-04-16,96.574000,98.152000,96.513000,97.776000
2013-04-17,97.776000,98.428000,97.205000,98.256000
2013-04-18,98.261000,98.527000,97.628000,98.217000
2013-04-19,98.217000,99.680000,98.105000,99.480000
2013-04-22,99.776000,99.879000,98.980000,99.296000
2013-04-23,99.297000,99.531000,98.483000,99.379000
2013-04-24,99.379000,99.757000,99.184000,99.524000
2013-04-25,99.524000,99.562000,98.981000,99.321000
2013-04-26,99.320000,99.411000,97.553000,97.998000
2013-04-29,97.953000,98.197000,97.347000,97.832000
2013-04-30,97.831000,98.121000,97.005000,97.381000
2013-05-01,97.383000,97.674000,97.022000,97.285000
2013-05-02,97.285000,98.390000,97.086000,97.913000
2013-05-03,97.913000,99.265000,97.885000,98.956000
2013-05-06,99.143000,99.452000,99.057000,99.329000
2013-05-07,99.330000,99.431000,98.826000,98.961000
2013-05-08,98.965000,99.148000,98.580000,98.941000
2013-05-09,98.938000,100.788000,98.647000,100.633000
2013-05-10,100.635000,101.982000,100.538000,101.589000
2013-05-13,101.782000,102.151000,101.515000,101.762000
2013-05-14,101.764000,102.429000,101.260000,102.265000
2013-05-15,102.270000,102.763000,101.852000,102.253000
2013-05-16,102.260000,102.683000,101.832000,102.222000
2013-05-17,102.226000,103.306000,102.080000,103.178000
2013-05-20,102.661000,102.917000,102.162000,102.256000
2013-05-21,102.256000,102.884000,102.069000,102.503000
2013-05-22,102.501000,103.733000,102.347000,103.120000
2013-05-23,103.117000,103.570000,100.832000,101.985000
2013-05-24,101.992000,102.583000,100.663000,101.254000
2013-05-27,101.241000,101.295000,100.745000,101.071000
2013-05-28,101.071000,102.501000,101.046000,102.270000
2013-05-29,102.275000,102.525000,100.716000,101.131000
2013-05-30,101.131000,101.801000,100.467000,100.766000
2013-05-31,100.778000,101.277000,100.222000,100.433000
2013-06-03,100.544000,100.721000,98.862000,99.443000
2013-06-04,99.447000,100.413000,99.333000,100.048000
2013-06-05,100.047000,100.460000,98.966000,99.146000
2013-06-06,99.053000,99.461000,95.909000,96.964000
2013-06-07,96.963000,97.779000,94.982000,97.533000
2013-06-10,97.850000,99.278000,97.709000,98.755000
2013-06-11,98.755000,99.036000,95.600000,96.012000
2013-06-12,96.011000,97.013000,95.138000,96.008000
2013-06-13,96.007000,96.072000,93.788000,95.362000
2013-06-14,95.610000,95.728000,93.992000,94.055000
2013-06-17,94.192000,95.216000,94.178000,94.670000
2013-06-18,94.672000,95.763000,94.445000,95.395000
2013-06-19,95.391000,97.031000,94.833000,96.284000
2013-06-20,96.283000,98.286000,96.205000,97.313000
2013-06-21,97.324000,98.133000,96.864000,97.881000
2013-06-24,97.975000,98.700000,97.222000,97.718000
2013-06-25,97.718000,98.058000,96.965000,97.953000
2013-06-26,97.962000,98.234000,97.238000,97.780000
2013-06-27,97.707000,98.565000,97.563000,98.337000
2013-06-28,98.345000,99.443000,98.336000,99.121000
2013-07-01,99.212000,99.861000,99.178000,99.616000
2013-07-02,99.622000,100.725000,99.508000,100.627000
2013-07-03,100.627000,100.853000,99.261000,99.955000
2013-07-04,99.952000,100.159000,99.493000,100.113000
2013-07-05,100.115000,101.223000,99.889000,101.180000
2013-07-08,101.280000,101.531000,100.787000,100.886000
2013-07-09,100.888000,101.298000,100.769000,101.075000
2013-07-10,101.074000,101.214000,99.417000,99.537000
2013-07-11,99.536000,99.644000,98.248000,98.991000
2013-07-12,98.989000,99.693000,98.675000,99.169000
2013-07-15,99.305000,100.483000,99.076000,99.953000
2013-07-16,99.948000,100.068000,98.893000,99.156000
2013-07-17,99.155000,99.945000,99.042000,99.584000
2013-07-18,99.584000,100.653000,99.465000,100.522000
2013-07-19,100.512000,100.864000,99.806000,100.617000
2013-07-22,100.390000,100.618000,99.285000,99.613000
2013-07-23,99.613000,100.180000,99.144000,99.473000
2013-07-24,99.474000,100.438000,99.383000,100.267000
2013-07-25,100.270000,100.453000,98.888000,99.258000
2013-07-26,99.270000,99.392000,97.961000,98.224000
2013-07-29,98.296000,98.296000,97.633000,97.917000
2013-07-30,97.917000,98.462000,97.758000,98.038000
2013-07-31,98.037000,98.516000,97.584000,97.803000
2013-08-01,97.808000,99.570000,97.654000,99.499000
2013-08-02,99.501000,99.948000,98.662000,98.920000
2013-08-05,98.972000,99.149000,98.189000,98.251000
2013-08-06,98.251000,98.584000,97.512000,97.772000
2013-08-07,97.770000,97.777000,96.322000,96.372000
2013-08-08,96.372000,96.934000,95.809000,96.603000
2013-08-09,96.601000,96.969000,96.127000,96.218000
2013-08-12,96.302000,97.149000,95.924000,97.094000
2013-08-13,97.098000,98.341000,97.049000,98.240000
2013-08-14,98.265000,98.427000,97.864000,98.014000
2013-08-15,98.014000,98.649000,97.078000,97.276000
2013-08-16,97.263000,97.773000,97.051000,97.521000
2013-08-19,97.619000,98.123000,97.357000,97.621000
2013-08-20,97.622000,97.862000,96.912000,97.310000
2013-08-21,97.309000,97.981000,97.122000,97.702000
2013-08-22,97.707000,98.811000,97.691000,98.760000
2013-08-23,98.760000,99.147000,98.389000,98.671000
2013-08-26,98.611000,98.842000,98.268000,98.434000
2013-08-27,98.447000,98.530000,96.985000,97.033000
2013-08-28,97.034000,97.837000,96.817000,97.705000
2013-08-29,97.705000,98.520000,97.448000,98.331000
2013-08-30,98.331000,98.476000,97.884000,98.116000
2013-09-02,98.321000,99.428000,98.274000,99.368000
2013-09-03,99.368000,99.860000,99.169000,99.558000
2013-09-04,99.562000,99.813000,99.328000,99.755000
2013-09-05,99.755000,100.194000,99.567000,100.169000
2013-09-06,100.167000,100.224000,98.541000,99.094000
2013-09-09,99.780000,100.106000,99.335000,99.612000
2013-09-10,99.613000,100.466000,99.478000,100.383000
2013-09-11,100.384000,100.608000,99.794000,99.972000
2013-09-12,99.966000,99.984000,99.011000,99.489000
2013-09-13,99.487000,99.975000,99.192000,99.361000
2013-09-16,98.832000,99.182000,98.644000,99.088000
2013-09-17,99.088000,99.381000,99.005000,99.121000
2013-09-18,99.128000,99.335000,97.763000,98.159000
2013-09-19,98.149000,99.615000,97.986000,99.405000
2013-09-20,99.404000,99.667000,99.174000,99.284000
2013-09-23,99.272000,99.357000,98.648000,98.794000
2013-09-24,98.803000,99.174000,98.474000,98.731000
2013-09-25,98.731000,98.813000,98.384000,98.438000
2013-09-26,98.439000,99.133000,98.267000,98.971000
2013-09-27,98.977000,99.038000,98.094000,98.220000
2013-09-30,97.790000,98.460000,97.499000,98.240000
2013-10-01,98.245000,98.726000,97.656000,98.027000
2013-10-02,98.030000,98.084000,97.147000,97.387000
2013-10-03,97.387000,97.870000,96.931000,97.226000
2013-10-04,97.227000,97.482000,96.952000,97.457000
2013-10-07,97.288000,97.328000,96.567000,96.689000
2013-10-08,96.700000,97.249000,96.598000,96.881000
2013-10-09,96.882000,97.641000,96.826000,97.369000
2013-10-10,97.367000,98.327000,97.353000,98.281000
2013-10-11,98.281000,98.594000,97.921000,98.556000
2013-10-14,98.233000,98.688000,98.095000,98.650000
2013-10-15,98.648000,98.702000,97.994000,98.210000
2013-10-16,98.215000,98.969000,98.133000,98.787000
2013-10-17,98.788000,99.003000,97.739000,97.897000
2013-10-18,97.897000,98.156000,97.557000,97.734000
2013-10-21,97.951000,98.240000,97.833000,98.175000
2013-10-22,98.177000,98.482000,97.872000,98.107000
2013-10-23,98.109000,98.193000,97.158000,97.326000
2013-10-24,97.326000,97.617000,97.175000,97.323000
2013-10-25,97.328000,97.490000,96.944000,97.408000
2013-10-28,97.523000,97.789000,97.445000,97.682000
2013-10-29,97.681000,98.275000,97.463000,98.163000
2013-10-30,98.163000,98.677000,98.055000,98.509000
2013-10-31,98.509000,98.570000,98.088000,98.353000
2013-11-01,98.354000,98.849000,97.810000,98.597000
2013-11-04,98.689000,98.844000,98.535000,98.657000
2013-11-05,98.654000,98.664000,98.168000,98.534000
2013-11-06,98.536000,98.754000,98.410000,98.632000
2013-11-07,98.633000,99.408000,97.633000,98.191000
2013-11-08,98.191000,99.221000,97.981000,99.044000
2013-11-11,99.171000,99.299000,98.925000,99.162000
2013-11-12,99.161000,99.797000,99.104000,99.626000
2013-11-13,99.626000,99.672000,99.103000,99.291000
2013-11-14,99.283000,100.149000,99.135000,100.069000
2013-11-15,100.071000,100.433000,99.939000,100.169000
2013-11-18,100.270000,100.390000,99.789000,99.929000
2013-11-19,99.930000,100.256000,99.571000,100.198000
2013-11-20,100.197000,100.239000,99.788000,100.054000
2013-11-21,100.054000,101.183000,100.036000,101.176000
2013-11-22,101.177000,101.353000,100.956000,101.273000
2013-11-25,101.273000,101.917000,101.139000,101.527000
2013-11-26,101.531000,101.651000,101.146000,101.300000
2013-11-27,101.298000,102.277000,101.184000,102.232000
2013-11-28,102.242000,102.373000,101.936000,102.291000
2013-11-29,102.294000,102.612000,102.117000,102.405000
2013-12-02,102.499000,103.127000,102.227000,102.934000
2013-12-03,102.941000,103.378000,101.977000,102.434000
2013-12-04,102.436000,102.836000,101.819000,102.331000
2013-12-05,102.333000,102.440000,101.624000,101.790000
2013-12-06,101.792000,102.962000,101.631000,102.893000
2013-12-09,103.137000,103.329000,102.890000,103.281000
2013-12-10,103.283000,103.393000,102.576000,102.876000
2013-12-11,102.876000,102.947000,102.156000,102.472000
2013-12-12,102.470000,103.619000,102.407000,103.561000
2013-12-13,103.579000,103.921000,102.991000,103.186000
2013-12-16,103.155000,103.290000,102.643000,103.091000
2013-12-17,103.091000,103.107000,102.502000,102.579000
2013-12-18,102.574000,104.361000,102.555000,104.260000
2013-12-19,104.263000,104.363000,103.780000,104.228000
2013-12-20,104.225000,104.635000,103.859000,104.008000
2013-12-23,104.050000,104.233000,103.773000,104.193000
2013-12-24,104.190000,104.411000,104.133000,104.254000
2013-12-26,104.777000,104.832000,104.684000,104.809000
2013-12-27,104.812000,105.182000,104.649000,105.147000
2013-12-30,105.304000,105.412000,104.957000,105.072000
2013-12-31,105.071000,105.299000,104.861000,105.252000
2014-01-01,105.237000,105.380000,105.217000,105.361000
2014-01-02,105.358000,105.440000,104.547000,104.831000
2014-01-03,104.835000,104.880000,104.075000,104.844000
2014-01-06,104.845000,104.949000,103.912000,104.230000
2014-01-07,104.230000,104.734000,104.178000,104.683000
2014-01-08,104.681000,105.123000,104.626000,104.881000
2014-01-09,104.878000,105.057000,104.580000,104.829000
2014-01-10,104.828000,105.334000,103.828000,104.154000
2014-01-13,104.079000,104.119000,102.854000,103.065000
2014-01-14,103.060000,104.290000,103.020000,104.252000
2014-01-15,104.240000,104.695000,104.091000,104.568000
2014-01-16,104.570000,104.921000,104.151000,104.331000
2014-01-17,104.344000,104.474000,104.196000,104.239000
2014-01-20,104.298000,104.299000,103.862000,104.178000
2014-01-21,104.178000,104.748000,104.025000,104.299000
2014-01-22,104.300000,104.571000,103.970000,104.538000
2014-01-23,104.535000,104.840000,102.975000,103.358000
2014-01-24,103.363000,103.584000,102.001000,102.257000
2014-01-27,102.069000,102.929000,101.918000,102.646000
2014-01-28,102.645000,103.441000,102.525000,103.362000
2014-01-29,103.372000,103.417000,101.842000,102.158000
2014-01-30,102.159000,102.889000,102.086000,102.785000
2014-01-31,102.788000,102.932000,101.918000,101.932000
2014-02-03,102.142000,102.410000,100.776000,101.121000
2014-02-04,101.095000,101.684000,100.755000,101.625000
2014-02-05,101.622000,101.764000,100.801000,101.498000
2014-02-06,101.495000,102.170000,101.241000,101.973000
2014-02-07,101.974000,102.578000,101.438000,102.323000
2014-02-10,102.609000,102.640000,101.992000,102.217000
2014-02-11,102.210000,102.700000,102.075000,102.623000
2014-02-12,102.624000,102.646000,102.223000,102.540000
2014-02-13,102.536000,102.539000,101.695000,102.250000
2014-02-14,102.258000,102.403000,101.567000,101.783000
2014-02-17,101.724000,101.985000,101.385000,101.952000
2014-02-18,101.953000,102.742000,101.757000,102.400000
2014-02-19,102.402000,102.465000,101.849000,102.317000
2014-02-20,102.318000,102.417000,101.668000,102.350000
2014-02-21,102.349000,102.827000,102.295000,102.482000
2014-02-24,102.557000,102.679000,102.165000,102.483000
2014-02-25,102.483000,102.625000,102.007000,102.205000
2014-02-26,102.209000,102.608000,102.103000,102.363000
2014-02-27,102.364000,102.443000,101.722000,102.174000
2014-02-28,102.175000,102.291000,101.555000,101.779000
2014-03-03,101.480000,101.570000,101.199000,101.433000
2014-03-04,101.429000,102.285000,101.394000,102.252000
2014-03-05,102.258000,102.549000,102.116000,102.364000
2014-03-06,102.361000,103.167000,102.328000,103.081000
2014-03-07,103.081000,103.759000,102.840000,103.248000
2014-03-10,103.172000,103.405000,102.935000,103.299000
2014-03-11,103.297000,103.426000,102.845000,102.948000
2014-03-12,102.947000,103.099000,102.549000,102.727000
2014-03-13,102.729000,102.861000,101.541000,101.863000
2014-03-14,101.863000,101.863000,101.207000,101.345000
2014-03-17,101.351000,101.871000,101.293000,101.810000
2014-03-18,101.808000,101.939000,101.277000,101.381000
2014-03-19,101.383000,102.681000,101.298000,102.370000
2014-03-20,102.369000,102.547000,102.211000,102.388000
2014-03-21,102.390000,102.426000,102.014000,102.270000
2014-03-24,102.222000,102.646000,102.128000,102.220000
2014-03-25,102.213000,102.488000,102.093000,102.290000
2014-03-26,102.288000,102.472000,101.872000,102.044000
2014-03-27,102.042000,102.431000,101.718000,102.194000
2014-03-28,102.195000,102.978000,102.033000,102.820000
2014-03-31,102.885000,103.438000,102.793000,103.224000
2014-04-01,103.224000,103.710000,103.087000,103.685000
2014-04-02,103.685000,103.934000,103.583000,103.860000
2014-04-03,103.860000,104.112000,103.811000,103.922000
2014-04-04,103.922000,104.127000,103.197000,103.263000
2014-04-07,103.341000,103.389000,102.993000,103.067000
2014-04-08,103.069000,103.117000,101.550000,101.866000
2014-04-09,101.864000,102.161000,101.719000,101.987000
2014-04-10,101.989000,102.134000,101.330000,101.443000
2014-04-11,101.443000,101.866000,101.324000,101.622000
2014-04-14,101.607000,102.011000,101.416000,101.858000
2014-04-15,101.859000,101.992000,101.501000,101.844000
2014-04-16,101.850000,102.364000,101.809000,102.228000
2014-04-17,102.231000,102.466000,101.864000,102.398000
2014-04-18,102.396000,102.570000,102.210000,102.399000
2014-04-21,102.436000,102.705000,102.392000,102.621000
2014-04-22,102.622000,102.723000,102.413000,102.591000
2014-04-23,102.593000,102.691000,102.165000,102.532000
2014-04-24,102.529000,102.644000,102.087000,102.276000
2014-04-25,102.276000,102.495000,101.961000,102.175000
2014-04-28,102.135000,102.624000,102.045000,102.487000
2014-04-29,102.488000,102.780000,102.466000,102.651000
2014-04-30,102.648000,102.652000,102.027000,102.217000
2014-05-01,102.222000,102.356000,102.156000,102.317000
2014-05-02,102.318000,103.018000,102.131000,102.178000
2014-05-05,102.254000,102.254000,101.863000,102.153000
2014-05-06,102.153000,102.188000,101.497000,101.740000
2014-05-07,101.738000,102.006000,101.429000,101.871000
2014-05-08,101.871000,101.955000,101.460000,101.655000
2014-05-09,101.647000,101.856000,101.545000,101.856000
2014-05-12,101.839000,102.182000,101.814000,102.145000
2014-05-13,102.143000,102.362000,102.060000,102.263000
2014-05-14,102.263000,102.275000,101.719000,101.841000
2014-05-15,101.844000,102.114000,101.313000,101.577000
2014-05-16,101.576000,101.665000,101.358000,101.499000
2014-05-19,101.510000,101.593000,101.098000,101.476000
2014-05-20,101.476000,101.594000,101.182000,101.311000
2014-05-21,101.311000,101.606000,100.821000,101.422000
2014-05-22,101.420000,101.814000,101.353000,101.750000
2014-05-23,101.751000,102.000000,101.593000,101.961000
2014-05-26,101.971000,102.046000,101.835000,101.926000
2014-05-27,101.925000,102.134000,101.720000,102.014000
2014-05-28,102.016000,102.024000,101.632000,101.811000
2014-05-29,101.810000,101.828000,101.424000,101.721000
2014-05-30,101.725000,101.840000,101.492000,101.746000
2014-06-02,101.811000,102.480000,101.748000,102.372000
2014-06-03,102.379000,102.550000,102.269000,102.533000
2014-06-04,102.535000,102.794000,102.437000,102.724000
2014-06-05,102.723000,102.731000,102.336000,102.418000
2014-06-06,102.417000,102.609000,102.116000,102.466000
2014-06-09,102.553000,102.648000,102.375000,102.550000
2014-06-10,102.548000,102.569000,102.214000,102.351000
2014-06-11,102.350000,102.390000,101.860000,101.989000
2014-06-12,101.988000,102.137000,101.600000,101.741000
2014-06-13,101.742000,102.131000,101.653000,102.031000
2014-06-16,102.016000,102.039000,101.720000,101.818000
2014-06-17,101.816000,102.240000,101.816000,102.159000
2014-06-18,102.161000,102.345000,101.878000,101.930000
2014-06-19,101.930000,101.998000,101.738000,101.932000
2014-06-20,101.934000,102.193000,101.813000,102.068000
2014-06-23,102.065000,102.134000,101.815000,101.909000
2014-06-24,101.911000,102.165000,101.817000,101.964000
2014-06-25,101.962000,101.967000,101.624000,101.833000
2014-06-26,101.833000,101.855000,101.486000,101.676000
2014-06-27,101.675000,101.715000,101.312000,101.373000
2014-06-30,101.429000,101.470000,101.233000,101.299000
2014-07-01,101.301000,101.589000,101.285000,101.547000
2014-07-02,101.549000,101.841000,101.405000,101.768000
2014-07-03,101.769000,102.266000,101.759000,102.202000
2014-07-04,102.203000,102.219000,101.972000,102.061000
2014-07-07,102.067000,102.197000,101.785000,101.871000
2014-07-08,101.873000,101.887000,101.486000,101.544000
2014-07-09,101.544000,101.851000,101.445000,101.637000
2014-07-10,101.636000,101.638000,101.065000,101.320000
2014-07-11,101.319000,101.387000,101.216000,101.339000
2014-07-14,101.335000,101.620000,101.328000,101.545000
2014-07-15,101.545000,101.748000,101.438000,101.679000
2014-07-16,101.679000,101.788000,101.634000,101.656000
2014-07-17,101.659000,101.666000,101.118000,101.149000
2014-07-18,101.149000,101.445000,101.084000,101.343000
2014-07-21,101.332000,101.412000,101.191000,101.404000
2014-07-22,101.404000,101.601000,101.330000,101.465000
2014-07-23,101.464000,101.553000,101.312000,101.539000
2014-07-24,101.537000,101.855000,101.412000,101.803000
2014-07-25,101.801000,101.934000,101.708000,101.708000
2014-07-28,101.789000,101.903000,101.744000,101.839000
2014-07-29,101.840000,102.154000,101.819000,102.112000
2014-07-30,102.113000,103.079000,102.032000,102.803000
2014-07-31,102.805000,103.002000,102.671000,102.798000
2014-08-01,102.800000,103.023000,102.334000,102.552000
2014-08-04,102.573000,102.724000,102.401000,102.549000
2014-08-05,102.552000,102.920000,102.456000,102.614000
2014-08-06,102.614000,102.636000,101.777000,102.116000
2014-08-07,102.117000,102.454000,101.993000,102.097000
2014-08-08,102.095000,102.138000,101.505000,102.020000
2014-08-11,102.106000,102.221000,102.018000,102.186000
2014-08-12,102.185000,102.359000,102.086000,102.244000
2014-08-13,102.249000,102.539000,102.218000,102.417000
2014-08-14,102.421000,102.650000,102.304000,102.475000
2014-08-15,102.477000,102.712000,102.133000,102.350000
2014-08-18,102.366000,102.590000,102.241000,102.563000
2014-08-19,102.564000,102.931000,102.515000,102.917000
2014-08-20,102.918000,103.842000,102.899000,103.700000
2014-08-21,103.703000,103.953000,103.595000,103.825000
2014-08-22,103.826000,104.189000,103.496000,103.938000
2014-08-25,104.191000,104.268000,103.857000,104.041000
2014-08-26,104.040000,104.167000,103.744000,104.085000
2014-08-27,104.085000,104.157000,103.774000,103.871000
2014-08-28,103.876000,103.916000,103.551000,103.714000
2014-08-29,103.716000,104.111000,103.655000,104.084000
2014-09-01,104.144000,104.345000,104.096000,104.317000
2014-09-02,104.316000,105.209000,104.294000,105.092000
2014-09-03,105.092000,105.304000,104.742000,104.856000
2014-09-04,104.853000,105.366000,104.760000,105.309000
2014-09-05,105.309000,105.706000,104.684000,105.091000
2014-09-08,105.137000,106.086000,104.992000,105.968000
2014-09-09,105.969000,106.473000,105.945000,106.204000
2014-09-10,106.206000,106.880000,106.042000,106.837000
2014-09-11,106.837000,107.194000,106.636000,107.016000
2014-09-12,107.021000,107.393000,107.014000,107.315000
2014-09-15,107.287000,107.365000,107.010000,107.192000
2014-09-16,107.191000,107.332000,106.810000,107.142000
2014-09-17,107.143000,108.531000,107.101000,108.481000
2014-09-18,108.478000,108.960000,108.374000,108.763000
2014-09-19,108.764000,109.460000,108.593000,109.022000
2014-09-22,109.024000,109.194000,108.660000,108.817000
2014-09-23,108.820000,108.993000,108.253000,108.862000
2014-09-24,108.863000,109.152000,108.460000,109.072000
2014-09-25,109.072000,109.375000,108.522000,108.744000
2014-09-26,108.747000,109.536000,108.478000,109.284000
2014-09-29,109.343000,109.746000,109.131000,109.449000
2014-09-30,109.450000,109.849000,109.185000,109.606000
2014-10-01,109.610000,110.088000,108.868000,108.984000
2014-10-02,108.983000,109.116000,108.008000,108.397000
2014-10-03,108.397000,109.904000,108.368000,109.758000
2014-10-06,109.752000,109.850000,108.651000,108.732000
2014-10-07,108.729000,109.235000,107.818000,108.152000
2014-10-08,108.152000,108.744000,107.751000,108.135000
2014-10-09,108.137000,108.317000,107.529000,107.812000
2014-10-10,107.814000,108.155000,107.623000,107.647000
2014-10-13,107.531000,107.575000,106.758000,106.989000
2014-10-14,106.989000,107.311000,106.672000,107.133000
2014-10-15,107.133000,107.497000,105.197000,106.060000
2014-10-16,106.052000,106.463000,105.506000,106.286000
2014-10-17,106.287000,106.937000,106.132000,106.874000
2014-10-20,107.044000,107.386000,106.775000,106.961000
2014-10-21,106.961000,107.107000,106.245000,107.080000
2014-10-22,107.077000,107.372000,106.783000,107.201000
2014-10-23,107.201000,108.347000,107.100000,108.298000
2014-10-24,108.296000,108.296000,107.779000,108.147000
2014-10-27,108.175000,108.213000,107.601000,107.840000
2014-10-28,107.843000,108.181000,107.687000,108.101000
2014-10-29,108.100000,108.956000,107.936000,108.794000
2014-10-30,108.794000,109.460000,108.743000,109.342000
2014-10-31,109.342000,112.469000,109.168000,112.315000
2014-11-03,112.939000,114.210000,112.567000,113.765000
2014-11-04,113.764000,113.828000,113.160000,113.437000
2014-11-05,113.437000,114.840000,113.416000,114.718000
2014-11-06,114.715000,115.512000,114.055000,115.212000
2014-11-07,115.213000,115.602000,114.247000,114.589000
2014-11-10,114.459000,114.903000,113.851000,114.820000
2014-11-11,114.824000,116.100000,114.630000,115.825000
2014-11-12,115.825000,115.913000,114.880000,115.583000
2014-11-13,115.582000,115.878000,115.304000,115.755000
2014-11-14,115.757000,116.791000,115.720000,116.252000
2014-11-17,116.604000,117.047000,115.450000,116.652000
2014-11-18,116.649000,117.012000,116.333000,116.907000
2014-11-19,116.910000,118.243000,116.807000,118.160000
2014-11-20,118.161000,118.974000,117.739000,118.254000
2014-11-21,118.246000,118.363000,117.351000,117.775000
2014-11-24,117.868000,118.478000,117.580000,118.269000
2014-11-25,118.257000,118.568000,117.686000,117.965000
2014-11-26,117.964000,117.971000,117.434000,117.718000
2014-11-27,117.738000,117.876000,117.232000,117.693000
2014-11-28,117.720000,118.766000,117.707000,118.584000
2014-12-01,118.741000,119.135000,117.860000,118.387000
2014-12-02,118.384000,119.279000,118.216000,119.207000
2014-12-03,119.218000,119.858000,119.124000,119.784000
2014-12-04,119.782000,120.246000,119.335000,119.777000
2014-12-05,119.740000,121.681000,119.700000,121.462000
2014-12-08,121.566000,121.843000,120.202000,120.674000
2014-12-09,120.627000,121.001000,117.944000,119.691000
2014-12-10,119.620000,119.914000,117.710000,117.809000
2014-12-11,117.786000,119.554000,117.435000,118.598000
2014-12-12,118.626000,119.199000,118.050000,118.743000
2014-12-15,118.586000,119.057000,117.562000,117.721000
2014-12-16,117.789000,118.004000,115.564000,116.320000
2014-12-17,116.349000,118.899000,116.291000,118.635000
2014-12-18,118.600000,119.310000,118.257000,118.826000
2014-12-19,118.817000,119.623000,118.800000,119.504000
2014-12-22,119.525000,120.083000,119.312000,120.046000
2014-12-23,120.049000,120.822000,119.958000,120.678000
2014-12-24,120.676000,120.760000,120.277000,120.459000
2014-12-26,120.218000,120.462000,120.210000,120.332000
2014-12-29,120.341000,120.730000,120.225000,120.651000
2014-12-30,120.656000,120.683000,118.862000,119.462000
2014-12-31,119.345000,119.936000,119.246000,119.836000
2015-01-02,120.401000,120.741000,119.808000,120.419000
2015-01-05,120.363000,120.643000,119.373000,119.626000
2015-01-06,119.592000,119.639000,118.053000,118.290000
2015-01-07,118.290000,119.647000,118.290000,119.241000
2015-01-08,119.240000,119.956000,119.152000,119.619000
2015-01-09,119.559000,119.875000,118.376000,118.376000
2015-01-12,118.317000,119.317000,118.101000,118.339000
2015-01-13,118.339000,118.847000,117.536000,117.921000
2015-01-14,117.921000,117.957000,116.068000,117.317000
2015-01-15,117.319000,117.940000,116.139000,116.147000
2015-01-16,116.147000,117.756000,115.850000,117.614000
2015-01-19,117.476000,117.776000,116.916000,117.540000
2015-01-20,117.568000,118.858000,117.556000,118.792000
2015-01-21,118.793000,118.818000,117.173000,117.948000
2015-01-22,117.961000,118.658000,117.245000,118.465000
2015-01-23,118.481000,118.807000,117.539000,117.733000
2015-01-26,117.506000,118.494000,117.257000,118.446000
2015-01-27,118.452000,118.651000,117.334000,117.862000
2015-01-28,117.865000,118.259000,117.250000,117.521000
2015-01-29,117.531000,118.484000,117.381000,118.268000
2015-01-30,118.296000,118.453000,117.296000,117.470000
2015-02-02,116.930000,117.873000,116.930000,117.581000
2015-02-03,117.530000,117.741000,116.872000,117.557000
2015-02-04,117.573000,117.996000,117.070000,117.266000
2015-02-05,117.270000,117.593000,117.019000,117.518000
2015-02-06,117.517000,119.218000,117.152000,119.098000
2015-02-09,119.021000,119.091000,118.329000,118.623000
2015-02-10,118.634000,119.612000,118.398000,119.420000
2015-02-11,119.421000,120.471000,119.283000,120.445000
2015-02-12,120.443000,120.465000,118.509000,119.102000
2015-02-13,119.101000,119.195000,118.410000,118.652000
2015-02-16,118.443000,118.772000,118.277000,118.470000
2015-02-17,118.469000,119.413000,118.233000,119.241000
2015-02-18,119.239000,119.408000,118.541000,118.780000
2015-02-19,118.781000,119.175000,118.432000,118.939000
2015-02-20,118.940000,119.186000,118.301000,118.993000
2015-02-23,119.097000,119.351000,118.736000,118.809000
2015-02-24,118.812000,119.817000,118.764000,118.966000
2015-02-25,118.962000,119.063000,118.624000,118.856000
2015-02-26,118.849000,119.499000,118.678000,119.411000
2015-02-27,119.412000,119.795000,119.115000,119.622000
2015-03-02,119.698000,120.189000,119.629000,120.126000
2015-03-03,120.126000,120.262000,119.381000,119.719000
2015-03-04,119.724000,119.823000,119.469000,119.668000
2015-03-05,119.667000,120.393000,119.627000,120.126000
2015-03-06,120.127000,121.275000,119.902000,120.835000
2015-03-09,120.803000,121.410000,120.609000,121.200000
2015-03-10,121.201000,122.021000,120.921000,121.173000
2015-03-11,121.185000,121.622000,120.852000,121.482000
2015-03-12,121.482000,121.666000,120.655000,121.283000
2015-03-13,121.288000,121.568000,121.131000,121.367000
2015-03-16,121.375000,121.458000,121.088000,121.367000
2015-03-17,121.400000,121.515000,121.111000,121.342000
2015-03-18,121.357000,121.406000,119.293000,120.211000
2015-03-19,120.202000,121.027000,119.674000,120.784000
2015-03-20,120.787000,121.197000,119.895000,120.014000
2015-03-23,119.838000,120.159000,119.581000,119.692000
2015-03-24,119.697000,119.978000,119.217000,119.722000
2015-03-25,119.723000,119.821000,119.231000,119.465000
2015-03-26,119.466000,119.568000,118.324000,119.218000
2015-03-27,119.219000,119.485000,118.929000,119.128000
2015-03-30,119.128000,120.223000,119.109000,120.054000
2015-03-31,120.056000,120.360000,119.773000,120.113000
2015-04-01,120.092000,120.324000,119.410000,119.753000
2015-04-02,119.747000,119.890000,119.448000,119.710000
2015-04-03,119.718000,119.942000,118.716000,118.939000
2015-04-06,118.939000,119.676000,118.797000,119.526000
2015-04-07,119.523000,120.444000,119.435000,120.257000
2015-04-08,120.265000,120.344000,119.639000,120.124000
2015-04-09,120.126000,120.736000,119.856000,120.569000
2015-04-10,120.565000,120.621000,120.052000,120.184000
2015-04-13,120.184000,120.841000,119.692000,120.120000
2015-04-14,120.133000,120.169000,119.068000,119.386000
2015-04-15,119.382000,119.741000,118.786000,119.164000
2015-04-16,119.164000,119.464000,118.791000,118.938000
2015-04-17,118.938000,119.255000,118.566000,118.931000
2015-04-20,118.931000,119.432000,118.526000,119.198000
2015-04-21,119.198000,119.827000,119.161000,119.630000
2015-04-22,119.630000,119.957000,119.339000,119.858000
2015-04-23,119.858000,120.089000,119.421000,119.580000
2015-04-24,119.580000,119.654000,118.822000,118.992000
2015-04-27,118.877000,119.429000,118.771000,119.033000
2015-04-28,119.023000,119.193000,118.770000,118.889000
2015-04-29,118.850000,119.357000,118.604000,119.029000
2015-04-30,119.028000,119.890000,118.492000,119.395000
2015-05-01,119.386000,120.287000,119.371000,120.114000
2015-05-04,120.232000,120.270000,119.992000,120.136000
2015-05-05,120.098000,120.501000,119.723000,119.864000
2015-05-06,119.826000,120.046000,119.212000,119.431000
2015-05-07,119.426000,119.856000,119.057000,119.729000
2015-05-08,119.728000,120.229000,119.587000,119.729000
2015-05-11,119.674000,120.148000,119.674000,120.071000
2015-05-12,120.070000,120.271000,119.785000,119.856000
2015-05-13,119.854000,120.015000,119.033000,119.137000
2015-05-14,119.137000,119.334000,118.886000,119.157000
2015-05-15,119.137000,119.920000,119.137000,119.379000
2015-05-18,119.269000,120.028000,119.252000,119.973000
2015-05-19,119.966000,120.730000,119.825000,120.685000
2015-05-20,120.675000,121.466000,120.575000,121.320000
2015-05-21,121.306000,121.372000,120.840000,121.020000
2015-05-22,121.031000,121.565000,120.634000,121.543000
2015-05-25,121.485000,121.769000,121.439000,121.548000
2015-05-26,121.553000,123.315000,121.495000,123.081000
2015-05-27,123.058000,124.062000,122.770000,123.641000
2015-05-28,123.616000,124.448000,123.487000,123.946000
2015-05-29,123.937000,124.176000,123.600000,124.112000
2015-06-01,124.096000,124.909000,123.852000,124.763000
2015-06-02,124.761000,125.046000,123.747000,124.100000
2015-06-03,124.083000,124.678000,123.784000,124.240000
2015-06-04,124.242000,124.679000,123.777000,124.348000
2015-06-05,124.348000,125.853000,124.336000,125.570000
2015-06-08,125.586000,125.675000,124.291000,124.471000
2015-06-09,124.475000,124.734000,123.858000,124.330000
2015-06-10,124.322000,124.617000,122.456000,122.651000
2015-06-11,122.618000,124.116000,122.617000,123.406000
2015-06-12,123.405000,123.813000,123.127000,123.417000
2015-06-15,123.163000,123.657000,123.141000,123.403000
2015-06-16,123.394000,123.798000,123.287000,123.351000
2015-06-17,123.348000,124.435000,123.207000,123.416000
2015-06-18,123.414000,123.608000,122.471000,122.948000
2015-06-19,122.944000,123.213000,122.555000,122.674000
2015-06-22,122.927000,123.415000,122.556000,123.349000
2015-06-23,123.346000,124.180000,123.337000,123.934000
2015-06-24,123.929000,124.372000,123.712000,123.831000
2015-06-25,123.835000,123.952000,123.315000,123.617000
2015-06-26,123.618000,123.984000,123.220000,123.837000
2015-06-29,122.741000,123.187000,122.099000,122.525000
2015-06-30,122.530000,122.720000,121.935000,122.487000
2015-07-01,122.483000,123.232000,122.352000,123.163000
2015-07-02,123.154000,123.719000,122.952000,123.044000
2015-07-03,123.049000,123.179000,122.597000,122.870000
2015-07-06,121.985000,122.926000,121.841000,122.561000
2015-07-07,122.560000,122.880000,122.002000,122.521000
2015-07-08,122.517000,122.561000,120.408000,120.695000
2015-07-09,120.695000,121.573000,120.456000,121.323000
2015-07-10,121.321000,122.876000,121.272000,122.751000
2015-07-13,122.305000,123.530000,122.305000,123.414000
2015-07-14,123.416000,123.728000,122.912000,123.381000
2015-07-15,123.380000,123.966000,123.256000,123.751000
2015-07-16,123.749000,124.173000,123.718000,124.140000
2015-07-17,124.141000,124.227000,123.911000,124.047000
2015-07-20,124.029000,124.370000,124.023000,124.275000
2015-07-21,124.268000,124.471000,123.757000,123.860000
2015-07-22,123.847000,124.145000,123.566000,123.940000
2015-07-23,123.947000,124.184000,123.671000,123.885000
2015-07-24,123.851000,124.092000,123.593000,123.821000
2015-07-27,123.753000,123.833000,123.006000,123.235000
2015-07-28,123.233000,123.790000,123.072000,123.543000
2015-07-29,123.548000,124.022000,123.328000,123.935000
2015-07-30,123.902000,124.577000,123.865000,124.134000
2015-07-31,124.119000,124.371000,123.516000,123.850000
2015-08-03,123.866000,124.267000,123.852000,124.026000
2015-08-04,124.017000,124.398000,123.797000,124.371000
2015-08-05,124.372000,125.009000,124.014000,124.842000
2015-08-06,124.836000,124.959000,124.538000,124.722000
2015-08-07,124.708000,125.064000,124.100000,124.203000
2015-08-10,124.145000,124.779000,124.145000,124.601000
2015-08-11,124.607000,125.203000,124.516000,125.035000
2015-08-12,125.096000,125.276000,123.788000,124.124000
2015-08-13,124.184000,124.624000,124.064000,124.378000
2015-08-14,124.396000,124.530000,124.052000,124.313000
2015-08-17,124.213000,124.571000,124.170000,124.356000
2015-08-18,124.356000,124.511000,124.177000,124.370000
2015-08-19,124.372000,124.466000,123.685000,123.690000
2015-08-20,123.758000,124.153000,123.326000,123.375000
2015-08-21,123.380000,123.493000,121.811000,122.049000
2015-08-24,121.863000,122.021000,116.131000,118.345000
2015-08-25,118.364000,120.393000,118.246000,118.843000
2015-08-26,118.828000,120.010000,118.446000,119.827000
2015-08-27,119.868000,121.394000,119.788000,120.992000
2015-08-28,120.992000,121.741000,120.648000,121.712000
2015-08-31,121.635000,121.635000,120.878000,121.215000
2015-09-01,121.191000,121.262000,119.249000,119.359000
2015-09-02,119.329000,120.462000,119.215000,120.320000
2015-09-03,120.318000,120.694000,119.637000,120.046000
2015-09-04,120.057000,120.183000,118.591000,119.017000
2015-09-07,118.892000,119.585000,118.795000,119.260000
2015-09-08,119.229000,120.223000,118.849000,119.798000
2015-09-09,119.774000,121.193000,119.769000,120.515000
2015-09-10,120.448000,121.326000,119.973000,120.603000
2015-09-11,120.587000,120.964000,120.358000,120.568000
2015-09-14,120.490000,120.839000,119.849000,120.191000
2015-09-15,120.213000,120.649000,119.396000,120.405000
2015-09-16,120.405000,120.724000,120.104000,120.555000
2015-09-17,120.551000,120.989000,119.789000,119.996000
2015-09-18,119.986000,120.408000,119.051000,119.962000
2015-09-21,120.114000,120.655000,119.722000,120.551000
2015-09-22,120.537000,120.605000,119.691000,120.144000
2015-09-23,120.132000,120.540000,119.622000,120.262000
2015-09-24,120.248000,120.387000,119.222000,120.041000
2015-09-25,120.106000,121.230000,120.020000,120.577000
2015-09-28,120.496000,120.588000,119.693000,119.913000
2015-09-29,119.911000,120.157000,119.246000,119.725000
2015-09-30,119.727000,120.346000,119.545000,119.872000
2015-10-01,119.871000,120.272000,119.489000,119.911000
2015-10-02,119.912000,120.401000,118.676000,119.903000
2015-10-05,119.985000,120.547000,119.865000,120.451000
2015-10-06,120.453000,120.564000,120.104000,120.220000
2015-10-07,120.202000,120.358000,119.744000,120.001000
2015-10-08,119.996000,120.105000,119.621000,119.924000
2015-10-09,119.910000,120.344000,119.833000,120.211000
2015-10-12,120.163000,120.260000,119.890000,120.024000
2015-10-13,120.019000,120.076000,119.549000,119.725000
2015-10-14,119.722000,119.796000,118.628000,118.826000
2015-10-15,118.821000,119.165000,118.058000,118.890000
2015-10-16,118.873000,119.659000,118.826000,119.459000
2015-10-19,119.377000,119.608000,119.135000,119.495000
2015-10-20,119.482000,119.959000,119.396000,119.842000
2015-10-21,119.825000,120.089000,119.753000,119.923000
2015-10-22,119.913000,120.768000,119.610000,120.685000
2015-10-23,120.677000,121.481000,120.223000,121.439000
2015-10-26,121.468000,121.485000,120.595000,120.986000
2015-10-27,120.986000,121.072000,120.159000,120.383000
2015-10-28,120.383000,121.257000,120.019000,121.101000
2015-10-29,121.101000,121.181000,120.584000,121.050000
2015-10-30,121.051000,121.483000,120.275000,120.603000
2015-11-02,120.385000,120.807000,120.252000,120.748000
2015-11-03,120.748000,121.227000,120.594000,121.059000
2015-11-04,121.054000,121.715000,120.997000,121.541000
2015-11-05,121.549000,122.000000,121.383000,121.738000
2015-11-06,121.740000,123.264000,121.629000,123.218000
2015-11-09,123.256000,123.601000,122.973000,123.178000
2015-11-10,123.159000,123.433000,123.024000,123.157000
2015-11-11,123.128000,123.219000,122.734000,122.853000
2015-11-12,122.828000,123.068000,122.549000,122.586000
2015-11-13,122.580000,122.986000,122.435000,122.606000
2015-11-16,122.238000,123.275000,122.221000,123.164000
2015-11-17,123.164000,123.484000,123.164000,123.436000
2015-11-18,123.427000,123.751000,123.217000,123.619000
2015-11-19,123.624000,123.629000,122.618000,122.863000
2015-11-20,122.846000,123.048000,122.720000,122.783000
2015-11-23,122.821000,123.255000,122.778000,122.819000
2015-11-24,122.814000,122.958000,122.304000,122.527000
2015-11-25,122.545000,122.931000,122.254000,122.709000
2015-11-26,122.646000,122.733000,122.498000,122.591000
2015-11-27,122.577000,122.876000,122.302000,122.709000
2015-11-30,122.810000,123.338000,122.683000,123.100000
2015-12-01,123.100000,123.271000,122.637000,122.871000
2015-12-02,122.824000,123.667000,122.798000,123.235000
2015-12-03,123.236000,123.557000,122.294000,122.598000
2015-12-04,122.553000,123.370000,122.472000,123.099000
2015-12-07,123.208000,123.473000,123.148000,123.366000
2015-12-08,123.357000,123.390000,122.718000,122.927000
2015-12-09,122.915000,123.042000,121.071000,121.438000
2015-12-10,121.427000,121.863000,121.242000,121.583000
2015-12-11,121.563000,122.226000,120.576000,120.959000
2015-12-14,121.102000,121.349000,120.339000,120.999000
2015-12-15,121.018000,121.789000,120.572000,121.677000
2015-12-16,121.654000,122.429000,121.377000,122.194000
2015-12-17,122.185000,122.872000,122.184000,122.547000
2015-12-18,122.538000,123.559000,121.053000,121.126000
2015-12-21,121.212000,121.500000,120.835000,121.166000
2015-12-22,121.167000,121.305000,120.720000,121.061000
2015-12-23,121.047000,121.132000,120.809000,120.905000
2015-12-24,120.912000,120.990000,120.247000,120.320000
2015-12-28,120.103000,120.626000,120.103000,120.379000
2015-12-29,120.385000,120.504000,120.232000,120.446000
2015-12-30,120.430000,120.650000,120.348000,120.508000
2015-12-31,120.503000,120.575000,119.999000,120.207000
2016-01-04,120.196000,120.462000,118.699000,119.447000
2016-01-05,119.429000,119.698000,118.790000,119.043000
2016-01-06,119.039000,119.166000,118.247000,118.457000
2016-01-07,118.454000,118.753000,117.325000,117.654000
2016-01-08,117.645000,118.838000,117.223000,117.229000
2016-01-11,117.097000,118.022000,116.691000,117.748000
2016-01-12,117.735000,118.068000,117.223000,117.638000
2016-01-13,117.614000,118.376000,117.614000,117.660000
2016-01-14,117.658000,118.275000,117.288000,118.041000
2016-01-15,118.044000,118.267000,116.505000,116.997000
2016-01-18,116.650000,117.435000,116.650000,117.323000
2016-01-19,117.299000,118.109000,117.229000,117.613000
2016-01-20,117.609000,117.681000,115.970000,116.920000
2016-01-21,116.918000,117.804000,116.467000,117.693000
2016-01-22,117.678000,118.876000,117.534000,118.769000
2016-01-25,118.637000,118.852000,118.167000,118.285000
2016-01-26,118.293000,118.618000,117.651000,118.406000
2016-01-27,118.403000,119.067000,118.039000,118.666000
2016-01-28,118.643000,118.987000,118.411000,118.798000
2016-01-29,118.799000,121.686000,118.395000,121.119000
2016-02-01,121.314000,121.482000,120.675000,120.961000
2016-02-02,120.952000,121.032000,119.833000,119.949000
2016-02-03,119.931000,120.040000,117.049000,117.880000
2016-02-04,117.875000,118.234000,116.524000,116.760000
2016-02-05,116.767000,117.428000,116.290000,116.819000
2016-02-08,116.783000,117.520000,115.170000,115.835000
2016-02-09,115.832000,115.843000,114.204000,115.126000
2016-02-10,115.107000,115.255000,113.115000,113.317000
2016-02-11,113.315000,113.593000,110.979000,112.405000
2016-02-12,112.402000,113.536000,111.657000,113.209000
2016-02-15,113.357000,114.727000,113.267000,114.558000
2016-02-16,114.568000,114.871000,113.591000,114.032000
2016-02-17,114.065000,114.500000,113.370000,114.066000
2016-02-18,114.062000,114.317000,113.139000,113.216000
2016-02-19,113.246000,113.375000,112.301000,112.531000
2016-02-22,112.572000,113.383000,112.422000,112.905000
2016-02-23,112.803000,113.050000,111.768000,112.093000
2016-02-24,112.075000,112.262000,111.039000,112.169000
2016-02-25,112.152000,113.020000,111.893000,112.981000
2016-02-26,112.962000,113.988000,112.558000,113.984000
2016-02-29,113.947000,113.979000,112.649000,112.669000
2016-03-01,112.666000,114.180000,112.153000,113.974000
2016-03-02,113.977000,114.550000,113.212000,113.476000
2016-03-03,113.470000,114.264000,113.293000,113.667000
2016-03-04,113.665000,114.254000,113.116000,113.769000
2016-03-07,113.922000,113.925000,113.221000,113.430000
2016-03-08,113.408000,113.517000,112.419000,112.611000
2016-03-09,112.612000,113.449000,112.223000,113.315000
2016-03-10,113.314000,114.443000,112.603000,113.211000
2016-03-11,113.168000,113.913000,112.749000,113.795000
2016-03-14,113.912000,114.002000,113.503000,113.789000
2016-03-15,113.794000,114.143000,112.627000,113.188000
2016-03-16,113.190000,113.814000,112.328000,112.663000
2016-03-17,112.662000,112.952000,110.664000,111.418000
2016-03-18,111.419000,111.753000,110.817000,111.520000
2016-03-21,111.524000,111.973000,111.215000,111.959000
2016-03-22,111.954000,112.485000,111.377000,112.379000
2016-03-23,112.379000,112.901000,112.137000,112.387000
2016-03-24,112.382000,113.002000,112.290000,112.821000
2016-03-25,112.819000,113.319000,112.747000,113.048000
2016-03-28,113.156000,113.684000,113.113000,113.435000
2016-03-29,113.428000,113.799000,112.607000,112.673000
2016-03-30,112.659000,112.802000,112.012000,112.434000
2016-03-31,112.413000,112.657000,112.105000,112.571000
2016-04-01,112.549000,112.580000,111.583000,111.610000
2016-04-04,111.585000,111.792000,111.093000,111.314000
2016-04-05,111.298000,111.352000,109.948000,110.322000
2016-04-06,110.300000,110.639000,109.335000,109.778000
2016-04-07,109.771000,109.901000,107.665000,108.177000
2016-04-08,108.175000,109.094000,107.990000,108.022000
2016-04-11,107.965000,108.437000,107.625000,107.941000
2016-04-12,107.918000,108.782000,107.866000,108.522000
2016-04-13,108.526000,109.401000,108.502000,109.325000
2016-04-14,109.323000,109.542000,108.891000,109.400000
2016-04-15,109.351000,109.729000,108.596000,108.728000
2016-04-18,108.199000,108.985000,107.832000,108.803000
2016-04-19,108.793000,109.482000,108.746000,109.184000
2016-04-20,109.183000,109.875000,108.758000,109.818000
2016-04-21,109.818000,109.894000,109.319000,109.453000
2016-04-22,109.442000,111.802000,109.256000,111.748000
2016-04-25,111.853000,111.860000,110.837000,111.193000
2016-04-26,111.188000,111.472000,110.666000,111.298000
2016-04-27,111.296000,111.751000,111.024000,111.428000
2016-04-28,111.408000,111.880000,107.860000,108.087000
2016-04-29,108.078000,108.196000,106.274000,106.334000
2016-05-02,106.223000,106.815000,106.136000,106.392000
2016-05-03,106.411000,106.674000,105.545000,106.598000
2016-05-04,106.585000,107.453000,106.243000,106.982000
2016-05-05,106.972000,107.495000,106.799000,107.249000
2016-05-06,107.238000,107.416000,106.430000,107.074000
2016-05-09,107.070000,108.601000,107.068000,108.318000
2016-05-10,108.309000,109.346000,108.270000,109.256000
2016-05-11,109.244000,109.369000,108.364000,108.394000
2016-05-12,108.391000,109.391000,108.222000,108.993000
2016-05-13,108.979000,109.550000,108.509000,108.607000
2016-05-16,108.605000,109.092000,108.460000,109.019000
2016-05-17,109.004000,109.649000,108.837000,109.122000
2016-05-18,109.102000,110.252000,108.718000,110.190000
2016-05-19,110.175000,110.380000,109.694000,109.947000
2016-05-20,109.948000,110.584000,109.846000,110.102000
2016-05-23,110.103000,110.238000,109.106000,109.220000
2016-05-24,109.230000,110.127000,109.166000,109.980000
2016-05-25,109.981000,110.443000,109.860000,110.196000
2016-05-26,110.136000,110.226000,109.414000,109.762000
2016-05-27,109.752000,110.443000,109.469000,110.242000
2016-05-30,110.419000,111.445000,110.310000,111.120000
2016-05-31,111.111000,111.345000,110.497000,110.707000
2016-06-01,110.707000,110.827000,109.047000,109.531000
2016-06-02,109.523000,109.580000,108.520000,108.866000
2016-06-03,108.855000,109.132000,106.505000,106.532000
2016-06-06,106.543000,107.651000,106.363000,107.546000
2016-06-07,107.528000,107.898000,107.150000,107.334000
2016-06-08,107.350000,107.383000,106.587000,106.982000
2016-06-09,106.977000,107.172000,106.249000,107.075000
2016-06-10,107.073000,107.258000,106.550000,106.912000
2016-06-13,106.793000,106.852000,105.733000,106.242000
2016-06-14,106.208000,106.417000,105.623000,106.095000
2016-06-15,106.095000,106.392000,105.436000,105.999000
2016-06-16,105.990000,106.023000,103.547000,104.244000
2016-06-17,104.237000,104.824000,104.042000,104.042000
2016-06-20,104.099000,104.839000,103.783000,103.919000
2016-06-21,103.888000,105.053000,103.575000,104.748000
2016-06-22,104.726000,104.847000,104.311000,104.376000
2016-06-23,104.378000,106.149000,104.021000,106.120000
2016-06-24,106.123000,106.805000,98.935000,102.195000
2016-06-27,101.495000,102.467000,101.395000,101.991000
2016-06-28,101.951000,102.836000,101.553000,102.735000
2016-06-29,102.723000,102.931000,102.167000,102.819000
2016-06-30,102.764000,103.289000,102.351000,103.176000
2016-07-01,103.190000,103.391000,102.438000,102.529000
2016-07-04,102.617000,102.801000,102.415000,102.521000
2016-07-05,102.512000,102.585000,101.446000,101.737000
2016-07-06,101.685000,101.761000,100.194000,101.295000
2016-07-07,101.295000,101.395000,100.593000,100.745000
2016-07-08,100.772000,101.273000,99.988000,100.401000
2016-07-11,100.602000,102.890000,100.511000,102.781000
2016-07-12,102.768000,104.980000,102.445000,104.659000
2016-07-13,104.660000,104.873000,103.906000,104.492000
2016-07-14,104.437000,105.932000,103.973000,105.332000
2016-07-15,105.337000,106.311000,104.624000,104.808000
2016-07-18,105.336000,106.260000,105.268000,106.145000
2016-07-19,106.141000,106.528000,105.642000,106.097000
2016-07-20,106.118000,107.016000,105.825000,106.871000
2016-07-21,106.868000,107.488000,105.419000,105.805000
2016-07-22,105.798000,106.396000,105.562000,106.025000
2016-07-25,106.106000,106.719000,105.736000,105.801000
2016-07-26,105.786000,105.886000,103.988000,104.621000
2016-07-27,104.613000,106.535000,104.555000,105.385000
2016-07-28,105.386000,105.499000,104.479000,105.253000
2016-07-29,105.233000,105.645000,101.968000,102.040000
2016-08-01,102.212000,102.679000,102.004000,102.393000
2016-08-02,102.390000,102.828000,100.675000,100.879000
2016-08-03,100.855000,101.567000,100.744000,101.231000
2016-08-04,101.229000,101.662000,100.856000,101.207000
2016-08-05,101.205000,102.058000,100.867000,101.800000
2016-08-08,101.928000,102.651000,101.852000,102.447000
2016-08-09,102.432000,102.525000,101.785000,101.858000
2016-08-10,101.849000,101.953000,100.961000,101.266000
2016-08-11,101.262000,102.050000,101.007000,101.935000
2016-08-12,101.920000,102.267000,100.829000,101.283000
2016-08-15,101.113000,101.450000,100.865000,101.247000
2016-08-16,101.252000,101.287000,99.536000,100.295000
2016-08-17,100.284000,101.159000,100.031000,100.259000
2016-08-18,100.260000,100.497000,99.640000,99.871000
2016-08-19,99.875000,100.454000,99.868000,100.217000
2016-08-22,100.681000,100.928000,100.208000,100.320000
2016-08-23,100.315000,100.385000,99.937000,100.230000
2016-08-24,100.228000,100.605000,100.092000,100.438000
2016-08-25,100.438000,100.612000,100.297000,100.510000
2016-08-26,100.490000,101.939000,100.059000,101.739000
2016-08-29,102.070000,102.387000,101.827000,101.908000
2016-08-30,101.901000,103.131000,101.744000,102.959000
2016-08-31,102.937000,103.528000,102.854000,103.414000
2016-09-01,103.410000,103.994000,103.057000,103.219000
2016-09-02,103.189000,104.316000,102.794000,103.746000
2016-09-05,104.065000,104.132000,103.141000,103.401000
2016-09-06,103.400000,103.804000,101.928000,102.012000
2016-09-07,102.001000,102.124000,101.193000,101.720000
2016-09-08,101.723000,102.592000,101.409000,102.497000
2016-09-09,102.479000,103.051000,101.961000,102.562000
2016-09-12,102.550000,102.663000,101.558000,101.824000
2016-09-13,101.833000,102.744000,101.417000,102.543000
2016-09-14,102.550000,103.353000,102.245000,102.423000
2016-09-15,102.380000,102.752000,101.922000,102.076000
2016-09-16,102.061000,102.457000,101.735000,102.232000
2016-09-19,102.112000,102.411000,101.574000,101.917000
2016-09-20,101.922000,102.060000,101.531000,101.714000
2016-09-21,101.691000,102.780000,100.294000,100.319000
2016-09-22,100.306000,100.928000,100.094000,100.745000
2016-09-23,100.736000,101.238000,100.670000,100.865000
2016-09-26,100.924000,101.070000,100.244000,100.318000
2016-09-27,100.298000,100.983000,100.081000,100.413000
2016-09-28,100.403000,100.813000,100.256000,100.670000
2016-09-29,100.664000,101.835000,100.644000,101.008000
2016-09-30,100.998000,101.777000,100.741000,101.322000
2016-10-03,101.208000,101.668000,101.125000,101.632000
2016-10-04,101.632000,102.962000,101.566000,102.905000
2016-10-05,102.882000,103.665000,102.664000,103.488000
2016-10-06,103.484000,104.157000,103.344000,103.941000
2016-10-07,103.923000,104.019000,102.853000,102.876000
2016-10-10,103.230000,103.784000,102.805000,103.607000
2016-10-11,103.580000,104.067000,103.168000,103.520000
2016-10-12,103.490000,104.477000,103.273000,104.189000
2016-10-13,104.203000,104.630000,103.329000,103.670000
2016-10-14,103.690000,104.475000,103.603000,104.046000
2016-10-17,104.315000,104.366000,103.784000,103.878000
2016-10-18,103.884000,104.196000,103.677000,103.862000
2016-10-19,103.854000,103.944000,103.161000,103.439000
2016-10-20,103.420000,104.100000,103.339000,103.936000
2016-10-21,103.928000,104.202000,103.517000,103.689000
2016-10-24,103.816000,104.317000,103.717000,104.170000
2016-10-25,104.160000,104.870000,104.108000,104.210000
2016-10-26,104.208000,104.614000,104.016000,104.461000
2016-10-27,104.455000,105.345000,104.293000,105.276000
2016-10-28,105.270000,105.528000,104.461000,104.725000
2016-10-31,104.563000,105.229000,104.520000,104.761000
2016-11-01,104.760000,105.114000,103.794000,104.063000
2016-11-02,104.062000,104.162000,103.015000,103.330000
2016-11-03,103.331000,103.437000,102.544000,102.961000
2016-11-04,102.960000,103.350000,102.825000,103.093000
2016-11-07,103.963000,104.627000,103.759000,104.461000
2016-11-08,104.465000,105.187000,104.292000,105.157000
2016-11-09,105.130000,105.884000,101.186000,105.664000
2016-11-10,105.647000,106.942000,104.954000,106.788000
2016-11-11,106.784000,106.929000,106.026000,106.620000
2016-11-14,106.842000,108.539000,106.728000,108.405000
2016-11-15,108.397000,109.333000,107.765000,109.169000
2016-11-16,109.165000,109.752000,108.788000,109.054000
2016-11-17,109.058000,110.172000,108.548000,110.095000
2016-11-18,110.114000,110.948000,109.796000,110.867000
2016-11-21,112.004000,112.004000,110.450000,110.791000
2016-11-22,110.741000,111.350000,110.264000,111.119000
2016-11-23,111.134000,112.969000,110.848000,112.476000
2016-11-24,112.478000,113.529000,112.366000,113.292000
2016-11-25,113.271000,113.895000,112.548000,113.213000
2016-11-28,112.796000,112.968000,111.353000,111.924000
2016-11-29,111.916000,113.336000,111.614000,112.385000
2016-11-30,112.371000,114.534000,112.051000,114.444000
2016-12-01,114.406000,114.821000,113.826000,114.055000
2016-12-02,114.064000,114.200000,113.324000,113.439000
2016-12-05,113.195000,114.769000,112.859000,113.850000
2016-12-06,113.817000,114.182000,113.497000,113.999000
2016-12-07,113.977000,114.398000,113.409000,113.743000
2016-12-08,113.738000,114.370000,113.120000,114.026000
2016-12-09,113.999000,115.363000,113.978000,115.219000
2016-12-12,115.375000,116.118000,114.847000,115.012000
2016-12-13,115.009000,115.473000,114.731000,115.175000
2016-12-14,115.163000,117.387000,114.766000,117.024000
2016-12-15,117.014000,118.659000,117.004000,118.159000
2016-12-16,118.182000,118.423000,117.467000,117.776000
2016-12-19,117.936000,117.956000,116.543000,117.074000
2016-12-20,117.096000,118.238000,116.983000,117.835000
2016-12-21,117.826000,118.065000,117.103000,117.534000
2016-12-22,117.526000,117.872000,117.263000,117.504000
2016-12-23,117.506000,117.604000,117.166000,117.198000
2016-12-26,117.034000,117.216000,116.862000,117.061000
2016-12-27,117.050000,117.613000,117.015000,117.411000
2016-12-28,117.385000,117.809000,117.051000,117.242000
2016-12-29,117.157000,117.242000,116.227000,116.539000
2016-12-30,116.508000,117.192000,116.037000,116.814000
2017-01-02,116.780000,117.651000,116.634000,117.478000
2017-01-03,117.461000,118.602000,117.210000,117.731000
2017-01-04,117.720000,118.182000,117.047000,117.214000
2017-01-05,117.215000,117.425000,115.213000,115.339000
2017-01-06,115.328000,117.175000,115.065000,116.942000
2017-01-09,116.993000,117.528000,115.949000,116.005000
2017-01-10,115.999000,116.340000,115.192000,115.759000
2017-01-11,115.743000,116.870000,114.239000,115.399000
2017-01-12,115.401000,115.502000,113.750000,114.703000
2017-01-13,114.674000,115.440000,114.154000,114.338000
2017-01-16,114.221000,114.462000,113.617000,114.174000
2017-01-17,114.174000,114.279000,112.591000,112.609000
2017-01-18,112.611000,114.754000,112.566000,114.631000
2017-01-19,114.630000,115.616000,114.397000,114.842000
2017-01-20,114.838000,115.382000,114.206000,114.464000
2017-01-23,114.313000,114.414000,112.680000,112.686000
2017-01-24,112.679000,113.891000,112.519000,113.789000
2017-01-25,113.747000,113.985000,113.033000,113.258000
2017-01-26,113.233000,114.853000,113.044000,114.505000
2017-01-27,114.508000,115.372000,114.386000,115.028000
2017-01-30,114.761000,114.946000,113.442000,113.750000
2017-01-31,113.733000,113.961000,112.076000,112.784000
2017-02-01,112.771000,113.948000,112.636000,113.224000
2017-02-02,113.230000,113.360000,112.048000,112.783000
2017-02-03,112.782000,113.470000,112.311000,112.443000
2017-02-06,112.384000,112.772000,111.618000,111.726000
2017-02-07,111.708000,112.573000,111.588000,112.375000
2017-02-08,112.354000,112.540000,111.627000,111.924000
2017-02-09,111.921000,113.342000,111.731000,113.247000
2017-02-10,113.236000,113.854000,112.853000,113.065000
2017-02-13,113.513000,114.164000,113.435000,113.724000
2017-02-14,113.721000,114.495000,113.245000,114.238000
2017-02-15,114.218000,114.953000,113.859000,114.140000
2017-02-16,114.144000,114.305000,113.081000,113.214000
2017-02-17,113.240000,113.497000,112.614000,112.697000
2017-02-20,112.886000,113.234000,112.786000,113.068000
2017-02-21,113.077000,113.773000,113.011000,113.669000
2017-02-22,113.654000,113.726000,112.904000,113.315000
2017-02-23,113.302000,113.451000,112.547000,112.601000
2017-02-24,112.569000,112.952000,111.931000,112.006000
2017-02-27,112.120000,112.837000,111.913000,112.683000
2017-02-28,112.678000,112.895000,111.685000,112.752000
2017-03-01,112.733000,114.044000,112.714000,113.712000
2017-03-02,113.696000,114.588000,113.678000,114.409000
2017-03-03,114.406000,114.745000,113.807000,113.886000
2017-03-06,113.879000,114.132000,113.555000,113.881000
2017-03-07,113.848000,114.152000,113.726000,113.968000
2017-03-08,113.935000,114.755000,113.604000,114.317000
2017-03-09,114.312000,114.997000,114.297000,114.932000
2017-03-10,114.933000,115.500000,114.650000,114.717000
2017-03-13,114.764000,114.915000,114.478000,114.843000
2017-03-14,114.844000,115.191000,114.515000,114.730000
2017-03-15,114.729000,114.881000,113.169000,113.457000
2017-03-16,113.459000,113.544000,112.900000,113.294000
2017-03-17,113.294000,113.488000,112.560000,112.702000
2017-03-20,112.639000,112.894000,112.453000,112.495000
2017-03-21,112.498000,112.865000,111.540000,111.776000
2017-03-22,111.775000,111.788000,110.728000,111.260000
2017-03-23,111.260000,111.576000,110.625000,110.973000
2017-03-24,110.971000,111.478000,110.623000,111.217000
2017-03-27,110.919000,111.043000,110.106000,110.652000
2017-03-28,110.633000,111.198000,110.174000,111.129000
2017-03-29,111.133000,111.313000,110.712000,111.032000
2017-03-30,111.006000,111.942000,110.938000,111.899000
2017-03-31,111.890000,112.193000,111.239000,111.264000
2017-04-03,111.355000,111.584000,110.852000,110.884000
2017-04-04,110.880000,110.928000,110.265000,110.724000
2017-04-05,110.709000,111.451000,110.534000,110.693000
2017-04-06,110.682000,111.138000,110.286000,110.794000
2017-04-07,110.779000,111.362000,110.126000,110.971000
2017-04-10,111.016000,111.576000,110.802000,110.929000
2017-04-11,110.928000,110.928000,109.590000,109.602000
2017-04-12,109.610000,109.863000,108.955000,109.009000
2017-04-13,108.999000,109.389000,108.720000,109.085000
2017-04-14,109.096000,109.219000,108.542000,108.542000
2017-04-17,108.738000,109.050000,108.129000,108.896000
2017-04-18,108.901000,109.217000,108.317000,108.401000
2017-04-19,108.401000,109.178000,108.377000,108.854000
2017-04-20,108.839000,109.484000,108.716000,109.312000
2017-04-21,109.312000,109.419000,108.878000,108.979000
2017-04-24,110.489000,110.501000,109.655000,109.744000
2017-04-25,109.740000,111.185000,109.590000,111.082000
2017-04-26,111.058000,111.774000,110.869000,111.050000
2017-04-27,111.040000,111.596000,110.990000,111.244000
2017-04-28,111.235000,111.713000,111.068000,111.528000
2017-05-01,111.207000,111.923000,111.202000,111.835000
2017-05-02,111.810000,112.301000,111.778000,111.996000
2017-05-03,111.965000,112.772000,111.957000,112.751000
2017-05-04,112.728000,113.044000,112.314000,112.457000
2017-05-05,112.452000,112.796000,112.085000,112.598000
2017-05-08,112.938000,113.291000,112.393000,113.253000
2017-05-09,113.250000,114.325000,113.129000,113.968000
2017-05-10,113.969000,114.365000,113.623000,114.264000
2017-05-11,114.264000,114.365000,113.453000,113.851000
2017-05-12,113.851000,113.949000,113.196000,113.323000
2017-05-15,113.161000,113.852000,113.161000,113.773000
2017-05-16,113.775000,113.787000,112.928000,113.111000
2017-05-17,113.111000,113.123000,110.789000,110.801000
2017-05-18,110.801000,111.740000,110.231000,111.475000
2017-05-19,111.470000,111.697000,111.041000,111.228000
2017-05-22,111.022000,111.603000,110.875000,111.295000
2017-05-23,111.295000,111.855000,110.855000,111.765000
2017-05-24,111.763000,112.125000,111.475000,111.491000
2017-05-25,111.491000,111.948000,111.480000,111.832000
2017-05-26,111.832000,111.844000,110.875000,111.253000
2017-05-29,111.210000,111.465000,111.165000,111.244000
2017-05-30,111.244000,111.310000,110.661000,110.829000
2017-05-31,110.829000,111.223000,110.477000,110.777000
2017-06-01,110.777000,111.478000,110.673000,111.351000
2017-06-02,111.353000,111.706000,110.326000,110.351000
2017-06-05,110.343000,110.728000,110.226000,110.474000
2017-06-06,110.442000,110.523000,109.223000,109.408000
2017-06-07,109.408000,109.879000,109.111000,109.815000
2017-06-08,109.815000,110.381000,109.378000,110.037000
2017-06-09,109.811000,110.808000,109.720000,110.304000
2017-06-12,110.284000,110.436000,109.629000,109.938000
2017-06-13,109.921000,110.267000,109.819000,110.058000
2017-06-14,110.035000,110.339000,108.805000,109.568000
2017-06-15,109.553000,110.976000,109.265000,110.943000
2017-06-16,110.895000,111.414000,110.642000,110.824000
2017-06-19,110.842000,111.597000,110.719000,111.521000
2017-06-20,111.521000,111.783000,111.305000,111.441000
2017-06-21,111.435000,111.736000,111.065000,111.365000
2017-06-22,111.365000,111.444000,110.946000,111.312000
2017-06-23,111.303000,111.427000,111.150000,111.226000
2017-06-26,111.118000,111.941000,111.118000,111.856000
2017-06-27,111.821000,112.462000,111.459000,112.352000
2017-06-28,112.324000,112.411000,111.826000,112.323000
2017-06-29,112.261000,112.922000,111.807000,112.166000
2017-06-30,112.166000,112.599000,111.725000,112.361000
2017-07-03,112.112000,113.467000,112.112000,113.439000
2017-07-04,113.341000,113.439000,112.735000,113.273000
2017-07-05,113.254000,113.682000,112.820000,113.237000
2017-07-06,113.240000,113.466000,112.882000,113.186000
2017-07-07,113.170000,114.175000,113.100000,113.859000
2017-07-10,113.909000,114.298000,113.837000,114.027000
2017-07-11,114.014000,114.490000,113.713000,113.923000
2017-07-12,113.923000,113.971000,112.923000,113.123000
2017-07-13,113.143000,113.521000,112.857000,113.263000
2017-07-14,113.262000,113.575000,112.256000,112.528000
2017-07-17,112.461000,112.863000,112.324000,112.615000
2017-07-18,112.603000,112.686000,111.682000,112.030000
2017-07-19,112.030000,112.230000,111.550000,111.873000
2017-07-20,111.909000,112.413000,111.475000,111.872000
2017-07-21,111.895000,112.074000,111.008000,111.122000
2017-07-24,111.097000,111.316000,110.618000,111.110000
2017-07-25,111.083000,111.953000,110.825000,111.939000
2017-07-26,111.865000,112.196000,111.056000,111.140000
2017-07-27,111.149000,111.706000,110.776000,111.300000
2017-07-28,111.268000,111.326000,110.544000,110.640000
2017-07-31,110.614000,110.769000,110.210000,110.253000
2017-08-01,110.243000,110.586000,109.915000,110.378000
2017-08-02,110.379000,110.980000,110.278000,110.741000
2017-08-03,110.664000,110.824000,109.851000,109.979000
2017-08-04,110.020000,111.046000,109.840000,110.675000
2017-08-07,110.708000,110.916000,110.642000,110.749000
2017-08-08,110.733000,110.823000,110.244000,110.345000
2017-08-09,110.350000,110.351000,109.555000,110.032000
2017-08-10,110.032000,110.176000,109.148000,109.226000
2017-08-11,109.176000,109.398000,108.724000,109.163000
2017-08-14,109.142000,109.796000,109.032000,109.654000
2017-08-15,109.692000,110.843000,109.602000,110.685000
2017-08-16,110.685000,110.945000,110.026000,110.185000
2017-08-17,110.185000,110.365000,109.442000,109.583000
2017-08-18,109.566000,109.594000,108.600000,109.144000
2017-08-21,109.331000,109.417000,108.632000,108.991000
2017-08-22,108.960000,109.652000,108.871000,109.560000
2017-08-23,109.552000,109.821000,108.916000,109.026000
2017-08-24,109.022000,109.601000,108.844000,109.563000
2017-08-25,109.563000,109.840000,109.109000,109.348000
2017-08-28,109.199000,109.409000,109.020000,109.255000
2017-08-29,109.230000,109.896000,108.264000,109.631000
2017-08-30,109.631000,110.434000,109.537000,110.325000
2017-08-31,110.325000,110.667000,109.876000,109.955000
2017-09-01,109.978000,110.440000,109.559000,110.247000
2017-09-04,109.573000,109.930000,109.378000,109.673000
2017-09-05,109.673000,109.830000,108.627000,108.764000
2017-09-06,108.695000,109.392000,108.446000,109.271000
2017-09-07,109.271000,109.271000,108.044000,108.529000
2017-09-08,108.443000,108.529000,107.314000,107.834000
2017-09-11,108.139000,109.496000,108.134000,109.486000
2017-09-12,109.377000,110.252000,109.235000,110.161000
2017-09-13,110.168000,110.691000,109.903000,110.475000
2017-09-14,110.475000,111.038000,110.065000,110.235000
2017-09-15,110.235000,111.334000,109.550000,110.837000
2017-09-18,111.045000,111.663000,110.994000,111.564000
2017-09-19,111.564000,111.881000,111.201000,111.588000
2017-09-20,111.588000,112.530000,111.103000,112.212000
2017-09-21,112.212000,112.717000,112.134000,112.457000
2017-09-22,112.457000,112.555000,111.652000,111.963000
2017-09-25,112.218000,112.528000,111.472000,111.728000
2017-09-26,111.728000,112.476000,111.498000,112.218000
2017-09-27,112.218000,113.256000,112.213000,112.825000
2017-09-28,112.825000,113.209000,112.251000,112.338000
2017-09-29,112.338000,112.736000,112.214000,112.445000
2017-10-02,112.505000,113.059000,112.449000,112.752000
2017-10-03,112.752000,113.195000,112.639000,112.845000
2017-10-04,112.845000,112.938000,112.322000,112.751000
2017-10-05,112.751000,112.920000,112.413000,112.810000
2017-10-06,112.810000,113.439000,112.599000,112.599000
2017-10-09,112.555000,112.745000,112.328000,112.689000
2017-10-10,112.689000,112.827000,111.988000,112.436000
2017-10-11,112.437000,112.585000,112.080000,112.483000
2017-10-12,112.477000,112.521000,112.125000,112.272000
2017-10-13,112.273000,112.304000,111.686000,111.799000
2017-10-16,111.782000,112.287000,111.653000,112.186000
2017-10-17,112.186000,112.479000,112.035000,112.196000
2017-10-18,112.196000,113.049000,112.133000,112.927000
2017-10-19,112.927000,113.146000,112.296000,112.534000
2017-10-20,112.535000,113.568000,112.512000,113.495000
2017-10-23,113.868000,114.097000,113.243000,113.431000
2017-10-24,113.430000,114.023000,113.247000,113.892000
2017-10-25,113.891000,114.244000,113.480000,113.740000
2017-10-26,113.740000,114.077000,113.339000,113.970000
2017-10-27,113.971000,114.451000,113.639000,113.666000
2017-10-30,113.718000,113.834000,113.028000,113.174000
2017-10-31,113.174000,113.732000,112.955000,113.634000
2017-11-01,113.629000,114.280000,113.603000,114.175000
2017-11-02,114.176000,114.217000,113.733000,114.078000
2017-11-03,114.078000,114.426000,113.631000,114.045000
2017-11-06,113.968000,114.734000,113.694000,113.696000
2017-11-07,113.696000,114.340000,113.694000,114.001000
2017-11-08,113.988000,114.011000,113.394000,113.865000
2017-11-09,113.865000,114.069000,113.091000,113.469000
2017-11-10,113.459000,113.634000,113.220000,113.516000
2017-11-13,113.485000,113.712000,113.243000,113.617000
2017-11-14,113.617000,113.909000,113.309000,113.453000
2017-11-15,113.453000,113.495000,112.475000,112.872000
2017-11-16,112.872000,113.329000,112.734000,113.048000
2017-11-17,113.033000,113.143000,111.944000,112.082000
2017-11-20,112.097000,112.718000,111.885000,112.618000
2017-11-21,112.618000,112.703000,112.173000,112.431000
2017-11-22,112.431000,112.491000,111.140000,111.206000
2017-11-23,111.206000,111.379000,111.067000,111.200000
2017-11-24,111.200000,111.621000,111.192000,111.490000
2017-11-27,111.515000,111.690000,110.841000,111.085000
2017-11-28,111.085000,111.638000,110.931000,111.470000
2017-11-29,111.470000,112.150000,111.363000,111.918000
2017-11-30,111.918000,112.637000,111.735000,112.527000
2017-12-01,112.527000,112.873000,111.401000,112.144000
2017-12-04,112.739000,113.090000,112.363000,112.387000
2017-12-05,112.387000,112.866000,112.378000,112.564000
2017-12-06,112.564000,112.625000,111.990000,112.279000
2017-12-07,112.270000,113.158000,112.218000,113.080000
2017-12-08,113.080000,113.589000,113.077000,113.473000
2017-12-11,113.530000,113.690000,113.242000,113.548000
2017-12-12,113.548000,113.750000,113.370000,113.541000
2017-12-13,113.541000,113.573000,112.458000,112.539000
2017-12-14,112.533000,112.883000,112.064000,112.378000
2017-12-15,112.378000,112.744000,112.031000,112.616000
2017-12-18,112.712000,112.829000,112.296000,112.540000
2017-12-19,112.540000,113.078000,112.509000,112.884000
2017-12-20,112.884000,113.465000,112.839000,113.387000
2017-12-21,113.387000,113.636000,113.198000,113.324000
2017-12-22,113.324000,113.448000,113.252000,113.285000
2017-12-26,113.272000,113.330000,113.117000,113.224000
2017-12-27,113.228000,113.377000,113.147000,113.344000
2017-12-28,113.344000,113.345000,112.663000,112.849000
2017-12-29,112.849000,112.968000,112.472000,112.695000
2018-01-02,112.503000,112.784000,112.055000,112.268000
2018-01-03,112.268000,112.607000,112.170000,112.504000
2018-01-04,112.503000,112.863000,112.464000,112.728000
2018-01-05,112.732000,113.303000,112.719000,113.062000
2018-01-08,113.137000,113.386000,112.880000,113.079000
2018-01-09,113.080000,113.178000,112.365000,112.631000
2018-01-10,112.631000,112.783000,111.269000,111.425000
2018-01-11,111.428000,111.874000,111.043000,111.241000
2018-01-12,111.241000,111.694000,110.912000,111.053000
2018-01-15,111.070000,111.184000,110.327000,110.517000
2018-01-16,110.517000,110.982000,110.245000,110.434000
2018-01-17,110.434000,111.343000,110.190000,111.286000
2018-01-18,111.260000,111.481000,110.693000,111.088000
2018-01-19,111.088000,111.127000,110.490000,110.827000
2018-01-22,110.552000,111.223000,110.496000,110.917000
2018-01-23,110.910000,111.176000,110.250000,110.302000
2018-01-24,110.304000,110.335000,108.967000,109.219000
2018-01-25,109.219000,109.700000,108.499000,109.403000
2018-01-26,109.399000,109.769000,108.282000,108.583000
2018-01-29,108.693000,109.201000,108.507000,108.949000
2018-01-30,108.949000,109.205000,108.412000,108.775000
2018-01-31,108.775000,109.444000,108.594000,109.185000
2018-02-01,109.184000,109.750000,109.093000,109.385000
2018-02-02,109.388000,110.482000,109.278000,110.171000
2018-02-05,110.171000,110.289000,108.989000,109.060000
2018-02-06,109.076000,109.653000,108.453000,109.555000
2018-02-07,109.555000,109.711000,108.918000,109.298000
2018-02-08,109.298000,109.783000,108.580000,108.738000
2018-02-09,108.738000,109.309000,108.044000,108.796000
2018-02-12,108.852000,108.888000,108.436000,108.637000
2018-02-13,108.637000,108.777000,107.407000,107.808000
2018-02-14,107.808000,107.901000,106.721000,106.987000
2018-02-15,106.987000,107.005000,106.034000,106.114000
2018-02-16,106.114000,106.397000,105.545000,106.254000
2018-02-19,106.320000,106.725000,106.092000,106.584000
2018-02-20,106.584000,107.375000,106.556000,107.322000
2018-02-21,107.321000,107.904000,107.278000,107.768000
2018-02-22,107.769000,107.770000,106.593000,106.744000
2018-02-23,106.746000,107.133000,106.511000,106.880000
2018-02-26,107.092000,107.141000,106.374000,106.903000
2018-02-27,106.903000,107.673000,106.783000,107.326000
2018-02-28,107.323000,107.525000,106.564000,106.662000
2018-03-01,106.662000,107.203000,106.162000,106.222000
2018-03-02,106.222000,106.298000,105.248000,105.730000
2018-03-05,105.489000,106.236000,105.350000,106.192000
2018-03-06,106.192000,106.463000,105.852000,106.108000
2018-03-07,106.114000,106.220000,105.453000,106.055000
2018-03-08,106.055000,106.312000,105.891000,106.178000
2018-03-09,106.178000,107.046000,106.151000,106.806000
2018-03-12,106.753000,106.971000,106.314000,106.438000
2018-03-13,106.438000,107.292000,106.253000,106.459000
2018-03-14,106.457000,106.746000,106.063000,106.313000
2018-03-15,106.313000,106.412000,105.783000,106.336000
2018-03-16,106.339000,106.363000,105.601000,105.983000
2018-03-19,105.960000,106.306000,105.676000,106.026000
2018-03-20,106.026000,106.605000,105.927000,106.527000
2018-03-21,106.527000,106.637000,105.878000,106.063000
2018-03-22,106.063000,106.070000,105.259000,105.311000
2018-03-23,105.311000,105.324000,104.638000,104.734000
2018-03-26,104.651000,105.479000,104.628000,105.403000
2018-03-27,105.398000,105.903000,105.318000,105.327000
2018-03-28,105.328000,107.010000,105.323000,106.845000
2018-03-29,106.842000,106.932000,106.264000,106.419000
2018-03-30,106.420000,106.532000,106.118000,106.279000
2018-04-02,106.165000,106.448000,105.656000,105.879000
2018-04-03,105.879000,106.656000,105.690000,106.603000
2018-04-04,106.603000,106.846000,105.989000,106.772000
2018-04-05,106.770000,107.491000,106.710000,107.380000
2018-04-06,107.385000,107.458000,106.775000,106.944000
2018-04-09,106.935000,107.202000,106.616000,106.745000
2018-04-10,106.754000,107.397000,106.618000,107.197000
2018-04-11,107.197000,107.250000,106.650000,106.785000
2018-04-12,106.779000,107.430000,106.699000,107.301000
2018-04-13,107.292000,107.777000,107.202000,107.372000
2018-04-16,107.451000,107.605000,107.035000,107.113000
2018-04-17,107.106000,107.212000,106.880000,106.999000
2018-04-18,106.996000,107.385000,106.985000,107.229000
2018-04-19,107.222000,107.515000,107.180000,107.360000
2018-04-20,107.354000,107.856000,107.353000,107.655000
2018-04-23,107.761000,108.752000,107.657000,108.700000
2018-04-24,108.698000,109.199000,108.542000,108.812000
2018-04-25,108.812000,109.454000,108.784000,109.422000
2018-04-26,109.414000,109.468000,109.064000,109.295000
2018-04-27,109.283000,109.536000,108.966000,109.051000
2018-04-30,109.051000,109.452000,109.019000,109.327000
2018-05-01,109.341000,109.886000,109.233000,109.857000
2018-05-02,109.853000,110.034000,109.594000,109.836000
2018-05-03,109.836000,109.883000,108.929000,109.188000
2018-05-04,109.188000,109.271000,108.645000,109.072000
2018-05-07,109.102000,109.396000,108.757000,109.088000
2018-05-08,109.088000,109.350000,108.828000,109.121000
2018-05-09,109.121000,109.832000,108.994000,109.740000
2018-05-10,109.740000,110.018000,109.312000,109.385000
2018-05-11,109.385000,109.567000,109.151000,109.386000
2018-05-14,109.328000,109.669000,109.207000,109.647000
2018-05-15,109.645000,110.453000,109.645000,110.340000
2018-05-16,110.340000,110.402000,110.039000,110.392000
2018-05-17,110.386000,110.856000,110.072000,110.747000
2018-05-18,110.743000,111.079000,110.609000,110.759000
2018-05-21,110.864000,111.395000,110.820000,111.037000
2018-05-22,111.008000,111.183000,110.795000,110.893000
2018-05-23,110.893000,110.917000,109.556000,110.069000
2018-05-24,110.047000,110.082000,108.952000,109.241000
2018-05-25,109.241000,109.743000,109.050000,109.382000
2018-05-28,109.727000,109.831000,109.230000,109.404000
2018-05-29,109.399000,109.466000,108.111000,108.753000
2018-05-30,108.753000,109.072000,108.350000,108.903000
2018-05-31,108.903000,109.003000,108.384000,108.802000
2018-06-01,108.802000,109.734000,108.720000,109.529000
2018-06-04,109.420000,109.851000,109.369000,109.812000
2018-06-05,109.807000,110.002000,109.471000,109.773000
2018-06-06,109.769000,110.264000,109.769000,110.177000
2018-06-07,110.176000,110.220000,109.472000,109.690000
2018-06-08,109.683000,109.851000,109.197000,109.543000
2018-06-11,109.292000,110.116000,109.292000,110.032000
2018-06-12,110.032000,110.492000,109.955000,110.364000
2018-06-13,110.359000,110.845000,110.270000,110.331000
2018-06-14,110.315000,110.692000,109.917000,110.619000
2018-06-15,110.612000,110.903000,110.383000,110.659000
2018-06-18,110.683000,110.733000,110.298000,110.538000
2018-06-19,110.538000,110.571000,109.549000,110.049000
2018-06-20,110.060000,110.450000,109.852000,110.354000
2018-06-21,110.350000,110.756000,109.840000,109.947000
2018-06-22,109.960000,110.216000,109.800000,109.974000
2018-06-25,109.855000,110.038000,109.366000,109.736000
2018-06-26,109.742000,110.218000,109.368000,110.008000
2018-06-27,110.008000,110.489000,109.682000,110.253000
2018-06-28,110.252000,110.647000,109.964000,110.485000
2018-06-29,110.480000,110.943000,110.372000,110.756000
2018-07-02,110.585000,111.061000,110.551000,110.894000
2018-07-03,110.894000,111.132000,110.507000,110.555000
2018-07-04,110.553000,110.599000,110.275000,110.428000
2018-07-05,110.404000,110.726000,110.286000,110.584000
2018-07-06,110.604000,110.785000,110.380000,110.460000
2018-07-09,110.379000,110.900000,110.348000,110.845000
2018-07-10,110.818000,111.352000,110.758000,110.992000
2018-07-11,111.007000,112.171000,110.765000,111.989000
2018-07-12,111.984000,112.624000,111.910000,112.530000
2018-07-13,112.455000,112.800000,112.275000,112.337000
2018-07-16,112.199000,112.561000,112.155000,112.268000
2018-07-17,112.268000,112.924000,112.220000,112.862000
2018-07-18,112.857000,113.135000,112.706000,112.843000
2018-07-19,112.828000,113.167000,112.044000,112.439000
2018-07-20,112.446000,112.621000,111.381000,111.444000
2018-07-23,111.364000,111.540000,110.747000,111.337000
2018-07-24,111.339000,111.509000,110.956000,111.195000
2018-07-25,111.194000,111.380000,110.660000,110.967000
2018-07-26,110.960000,111.244000,110.584000,111.217000
2018-07-27,111.207000,111.245000,110.793000,111.007000
2018-07-30,110.930000,111.162000,110.887000,111.059000
2018-07-31,111.021000,111.955000,110.743000,111.862000
2018-08-01,111.814000,112.147000,111.384000,111.716000
2018-08-02,111.705000,111.733000,111.310000,111.652000
2018-08-03,111.654000,111.876000,111.097000,111.267000
2018-08-06,111.214000,111.522000,111.147000,111.399000
2018-08-07,111.396000,111.474000,110.988000,111.375000
2018-08-08,111.370000,111.435000,110.833000,110.976000
2018-08-09,110.989000,111.180000,110.703000,111.077000
2018-08-10,111.085000,111.166000,110.507000,110.806000
2018-08-13,110.422000,110.934000,110.107000,110.717000
2018-08-14,110.644000,111.311000,110.584000,111.139000
2018-08-15,111.142000,111.427000,110.429000,110.734000
2018-08-16,110.731000,111.119000,110.455000,110.888000
2018-08-17,110.865000,111.048000,110.312000,110.489000
2018-08-20,110.579000,110.681000,110.014000,110.063000
2018-08-21,110.059000,110.544000,109.770000,110.271000
2018-08-22,110.220000,110.612000,110.023000,110.545000
2018-08-23,110.555000,111.313000,110.515000,111.265000
2018-08-24,111.239000,111.484000,111.100000,111.234000
2018-08-27,111.306000,111.343000,110.932000,111.071000
2018-08-28,111.042000,111.353000,110.950000,111.185000
2018-08-29,111.185000,111.823000,111.118000,111.674000
2018-08-30,111.687000,111.753000,110.950000,110.970000
2018-08-31,110.960000,111.135000,110.681000,111.089000
2018-09-03,111.051000,111.184000,110.846000,111.033000
2018-09-04,110.995000,111.530000,110.897000,111.356000
2018-09-05,111.366000,111.754000,111.323000,111.522000
2018-09-06,111.513000,111.527000,110.517000,110.744000
2018-09-07,110.739000,111.243000,110.376000,111.039000
2018-09-10,111.028000,111.244000,110.846000,111.101000
2018-09-11,111.101000,111.638000,111.059000,111.624000
2018-09-12,111.593000,111.646000,111.110000,111.252000
2018-09-13,111.257000,111.995000,111.155000,111.915000
2018-09-14,111.919000,112.165000,111.750000,112.054000
2018-09-17,112.013000,112.118000,111.757000,111.840000
2018-09-18,111.838000,112.385000,111.660000,112.359000
2018-09-19,112.353000,112.443000,112.157000,112.266000
2018-09-20,112.275000,112.580000,112.038000,112.483000
2018-09-21,112.485000,112.870000,112.423000,112.512000
2018-09-24,112.426000,112.835000,112.411000,112.794000
2018-09-25,112.795000,112.976000,112.737000,112.971000
2018-09-26,112.957000,113.132000,112.628000,112.707000
2018-09-27,112.718000,113.465000,112.557000,113.354000
2018-09-28,113.352000,113.703000,113.308000,113.671000
2018-10-01,113.696000,114.057000,113.695000,113.890000
2018-10-02,113.873000,114.013000,113.525000,113.637000
2018-10-03,113.614000,114.539000,113.517000,114.530000
2018-10-04,114.510000,114.546000,113.630000,113.897000
2018-10-05,113.892000,114.098000,113.554000,113.687000
2018-10-08,113.780000,113.938000,112.818000,113.225000
2018-10-09,113.217000,113.388000,112.867000,112.947000
2018-10-10,112.942000,113.282000,112.250000,112.265000
2018-10-11,112.267000,112.532000,111.828000,112.156000
2018-10-12,112.118000,112.493000,111.875000,112.181000
2018-10-15,112.129000,112.231000,111.622000,111.762000
2018-10-16,111.761000,112.334000,111.728000,112.245000
2018-10-17,112.252000,112.671000,112.012000,112.632000
2018-10-18,112.636000,112.725000,111.943000,112.181000
2018-10-19,112.183000,112.644000,112.138000,112.527000
2018-10-22,112.574000,112.882000,112.345000,112.811000
2018-10-23,112.810000,112.837000,111.948000,112.436000
2018-10-24,112.437000,112.739000,112.086000,112.244000
2018-10-25,112.206000,112.670000,111.816000,112.401000
2018-10-26,112.398000,112.443000,111.374000,111.877000
2018-10-29,111.890000,112.558000,111.771000,112.353000
2018-10-30,112.352000,113.160000,112.300000,113.083000
2018-10-31,113.084000,113.380000,112.801000,112.928000
2018-11-01,112.928000,112.998000,112.602000,112.650000
2018-11-02,112.650000,113.318000,112.555000,113.187000
2018-11-05,113.127000,113.334000,113.071000,113.187000
2018-11-06,113.180000,113.500000,113.097000,113.424000
2018-11-07,113.416000,113.815000,112.942000,113.491000
2018-11-08,113.530000,114.083000,113.469000,114.062000
2018-11-09,114.062000,114.080000,113.634000,113.790000
2018-11-12,113.797000,114.203000,113.656000,113.832000
2018-11-13,113.831000,114.142000,113.577000,113.799000
2018-11-14,113.799000,114.006000,113.293000,113.609000
2018-11-15,113.609000,113.702000,113.095000,113.619000
2018-11-16,113.619000,113.636000,112.638000,112.809000
2018-11-19,112.762000,112.870000,112.415000,112.544000
2018-11-20,112.546000,112.839000,112.300000,112.752000
2018-11-21,112.752000,113.144000,112.640000,113.049000
2018-11-22,113.042000,113.197000,112.881000,112.929000
2018-11-23,112.929000,113.006000,112.657000,112.935000
2018-11-26,112.909000,113.647000,112.873000,113.573000
2018-11-27,113.578000,113.839000,113.410000,113.775000
2018-11-28,113.775000,114.033000,113.437000,113.672000
2018-11-29,113.678000,113.678000,113.185000,113.478000
2018-11-30,113.471000,113.716000,113.277000,113.471000
2018-12-03,113.689000,113.817000,113.371000,113.643000
2018-12-04,113.645000,113.653000,112.572000,112.769000
2018-12-05,112.766000,113.240000,112.645000,113.185000
2018-12-06,113.192000,113.209000,112.227000,112.664000
2018-12-07,112.664000,112.923000,112.549000,112.680000
2018-12-10,112.573000,113.372000,112.237000,113.325000
2018-12-11,113.326000,113.461000,113.004000,113.366000
2018-12-12,113.363000,113.515000,113.136000,113.278000
2018-12-13,113.275000,113.704000,113.166000,113.618000
2018-12-14,113.620000,113.670000,113.209000,113.379000
2018-12-17,113.334000,113.517000,112.676000,112.826000
2018-12-18,112.821000,112.851000,112.245000,112.512000
2018-12-19,112.510000,112.661000,112.085000,112.469000
2018-12-20,112.477000,112.599000,110.808000,111.280000
2018-12-21,111.282000,111.456000,110.929000,111.201000
2018-12-24,111.195000,111.195000,110.264000,110.329000
2018-12-26,110.413000,111.405000,110.275000,111.360000
2018-12-27,111.360000,111.360000,110.452000,110.970000
2018-12-28,110.975000,111.019000,110.140000,110.285000
2018-12-31,110.256000,110.471000,109.553000,109.603000
2019-01-02,109.424000,109.458000,108.703000,108.870000
2019-01-03,108.868000,108.888000,104.720000,107.666000
2019-01-04,107.631000,108.585000,107.508000,108.504000
2019-01-07,108.489000,108.743000,108.014000,108.706000
2019-01-08,108.706000,109.083000,108.436000,108.731000
2019-01-09,108.729000,109.000000,107.971000,108.150000
2019-01-10,108.148000,108.517000,107.768000,108.423000
2019-01-11,108.423000,108.594000,108.140000,108.539000
2019-01-14,108.506000,108.545000,107.982000,108.154000
2019-01-15,108.159000,108.763000,108.127000,108.663000
2019-01-16,108.686000,109.192000,108.366000,109.088000
2019-01-17,109.086000,109.394000,108.682000,109.241000
2019-01-18,109.239000,109.887000,109.052000,109.767000
2019-01-21,109.672000,109.757000,109.470000,109.655000
2019-01-22,109.652000,109.691000,109.142000,109.365000
2019-01-23,109.364000,109.995000,109.317000,109.603000
2019-01-24,109.609000,109.796000,109.416000,109.631000
2019-01-25,109.632000,109.947000,109.451000,109.541000
2019-01-28,109.537000,109.581000,109.157000,109.333000
2019-01-29,109.329000,109.538000,109.126000,109.386000
2019-01-30,109.364000,109.740000,108.806000,109.027000
2019-01-31,109.043000,109.064000,108.492000,108.853000
2019-02-01,108.851000,109.575000,108.720000,109.483000
2019-02-04,109.509000,110.158000,109.428000,109.862000
2019-02-05,109.897000,110.037000,109.773000,109.952000
2019-02-06,109.958000,110.049000,109.554000,109.959000
2019-02-07,109.970000,110.084000,109.601000,109.796000
2019-02-08,109.814000,109.894000,109.644000,109.759000
2019-02-11,109.729000,110.465000,109.729000,110.361000
2019-02-12,110.380000,110.649000,110.328000,110.468000
2019-02-13,110.479000,111.051000,110.417000,110.990000
2019-02-14,110.999000,111.124000,110.440000,110.459000
2019-02-15,110.475000,110.641000,110.252000,110.434000
2019-02-18,110.435000,110.648000,110.435000,110.583000
2019-02-19,110.596000,110.819000,110.448000,110.607000
2019-02-20,110.598000,110.946000,110.524000,110.836000
2019-02-21,110.845000,110.858000,110.560000,110.688000
2019-02-22,110.703000,110.902000,110.554000,110.654000
2019-02-25,110.642000,111.231000,110.574000,111.049000
2019-02-26,111.057000,111.076000,110.418000,110.567000
2019-02-27,110.574000,111.069000,110.350000,110.982000
2019-02-28,110.987000,111.490000,110.656000,111.373000
2019-03-01,111.378000,112.072000,111.320000,111.922000
2019-03-04,111.852000,112.010000,111.636000,111.730000
2019-03-05,111.744000,112.132000,111.705000,111.872000
2019-03-06,111.878000,111.918000,111.611000,111.752000
2019-03-07,111.768000,111.855000,111.478000,111.547000
2019-03-08,111.581000,111.647000,110.767000,111.152000
2019-03-11,111.145000,111.304000,110.874000,111.210000
2019-03-12,111.210000,111.463000,111.105000,111.338000
2019-03-13,111.340000,111.461000,111.002000,111.271000
2019-03-14,111.272000,111.829000,111.141000,111.649000
2019-03-15,111.648000,111.897000,111.380000,111.450000
2019-03-18,111.471000,111.626000,111.292000,111.435000
2019-03-19,111.435000,111.471000,111.154000,111.394000
2019-03-20,111.394000,111.691000,110.531000,110.626000
2019-03-21,110.624000,110.955000,110.294000,110.844000
2019-03-22,110.844000,110.894000,109.737000,109.928000
2019-03-25,110.000000,110.237000,109.704000,109.973000
2019-03-26,109.972000,110.686000,109.951000,110.611000
2019-03-27,110.611000,110.711000,110.231000,110.448000
2019-03-28,110.447000,110.828000,110.015000,110.628000
2019-03-29,110.628000,110.945000,110.529000,110.810000
2019-04-01,110.994000,111.440000,110.804000,111.336000
2019-04-02,111.352000,111.451000,111.244000,111.305000
2019-04-03,111.310000,111.574000,111.204000,111.476000
2019-04-04,111.487000,111.669000,111.331000,111.654000
2019-04-05,111.653000,111.819000,111.545000,111.700000
2019-04-08,111.627000,111.748000,111.278000,111.456000
2019-04-09,111.492000,111.575000,110.975000,111.124000
2019-04-10,111.140000,111.276000,110.839000,110.996000
2019-04-11,111.008000,111.693000,110.890000,111.639000
2019-04-12,111.638000,112.088000,111.582000,112.003000
2019-04-15,111.961000,112.091000,111.882000,112.024000
2019-04-16,112.028000,112.040000,111.842000,111.997000
2019-04-17,112.014000,112.161000,111.917000,112.050000
2019-04-18,112.067000,112.067000,111.760000,111.971000
2019-04-19,111.962000,112.002000,111.891000,111.905000
2019-04-22,111.905000,111.986000,111.841000,111.925000
2019-04-23,111.932000,112.030000,111.648000,111.852000
2019-04-24,111.858000,112.396000,111.677000,112.177000
2019-04-25,112.189000,112.235000,111.364000,111.614000
2019-04-26,111.609000,112.028000,111.424000,111.558000
2019-04-29,111.525000,111.894000,111.525000,111.635000
2019-04-30,111.634000,111.686000,111.231000,111.419000
2019-05-01,111.428000,111.608000,111.046000,111.371000
2019-05-02,111.378000,111.661000,111.345000,111.502000
2019-05-03,111.500000,111.691000,111.065000,111.091000
2019-05-06,110.621000,110.955000,110.278000,110.761000
2019-05-07,110.858000,110.858000,110.165000,110.234000
2019-05-08,110.240000,110.290000,109.900000,110.085000
2019-05-09,110.094000,110.129000,109.467000,109.770000
2019-05-10,109.757000,110.045000,109.472000,109.963000
2019-05-13,109.755000,109.831000,109.016000,109.292000
2019-05-14,109.299000,109.768000,109.140000,109.598000
2019-05-15,109.596000,109.699000,109.150000,109.586000
2019-05-16,109.580000,109.963000,109.331000,109.834000
2019-05-17,109.841000,110.190000,109.489000,110.039000
2019-05-20,110.101000,110.315000,109.804000,110.053000
2019-05-21,110.056000,110.668000,110.013000,110.484000
2019-05-22,110.480000,110.622000,110.237000,110.340000
2019-05-23,110.351000,110.360000,109.453000,109.593000
2019-05-24,109.594000,109.741000,109.269000,109.286000
2019-05-27,109.319000,109.581000,109.275000,109.512000
2019-05-28,109.485000,109.625000,109.206000,109.362000
2019-05-29,109.364000,109.695000,109.145000,109.582000
2019-05-30,109.584000,109.922000,109.468000,109.611000
2019-05-31,109.613000,109.622000,108.274000,108.276000
2019-06-03,108.270000,108.442000,107.879000,108.057000
2019-06-04,108.050000,108.355000,107.841000,108.135000
2019-06-05,108.144000,108.481000,107.811000,108.447000
2019-06-06,108.449000,108.559000,108.020000,108.395000
2019-06-07,108.384000,108.613000,107.876000,108.192000
2019-06-10,108.468000,108.711000,108.308000,108.433000
2019-06-11,108.432000,108.797000,108.345000,108.509000
2019-06-12,108.517000,108.563000,108.212000,108.494000
2019-06-13,108.501000,108.533000,108.160000,108.385000
2019-06-14,108.376000,108.583000,108.155000,108.539000
2019-06-17,108.490000,108.719000,108.469000,108.540000
2019-06-18,108.537000,108.673000,108.055000,108.445000
2019-06-19,108.445000,108.613000,107.896000,108.100000
2019-06-20,108.100000,108.138000,107.208000,107.291000
2019-06-21,107.285000,107.731000,107.044000,107.326000
2019-06-24,107.302000,107.533000,107.244000,107.294000
2019-06-25,107.290000,107.405000,106.774000,107.177000
2019-06-26,107.177000,107.846000,107.097000,107.786000
2019-06-27,107.780000,108.157000,107.644000,107.793000
2019-06-28,107.784000,107.928000,107.558000,107.917000
2019-07-01,107.914000,108.529000,107.914000,108.438000
2019-07-02,108.433000,108.471000,107.763000,107.881000
2019-07-03,107.884000,107.910000,107.529000,107.810000
2019-07-04,107.811000,107.839000,107.703000,107.812000
2019-07-05,107.809000,108.634000,107.765000,108.457000
2019-07-08,108.425000,108.802000,108.276000,108.717000
2019-07-09,108.716000,108.962000,108.676000,108.851000
2019-07-10,108.849000,108.989000,108.346000,108.461000
2019-07-11,108.455000,108.529000,107.857000,108.488000
2019-07-12,108.487000,108.607000,107.800000,107.888000
2019-07-15,107.846000,108.107000,107.796000,107.906000
2019-07-16,107.906000,108.375000,107.819000,108.238000
2019-07-17,108.238000,108.325000,107.934000,107.941000
2019-07-18,107.939000,108.015000,107.209000,107.287000
2019-07-19,107.287000,107.977000,107.215000,107.694000
2019-07-22,107.766000,108.068000,107.698000,107.862000
2019-07-23,107.862000,108.286000,107.824000,108.217000
2019-07-24,108.212000,108.273000,107.935000,108.177000
2019-07-25,108.177000,108.754000,108.037000,108.627000
2019-07-26,108.628000,108.827000,108.560000,108.654000
2019-07-29,108.619000,108.899000,108.418000,108.775000
2019-07-30,108.777000,108.946000,108.451000,108.598000
2019-07-31,108.606000,108.999000,108.489000,108.750000
2019-08-01,108.769000,109.317000,107.251000,107.335000
2019-08-02,107.337000,107.566000,106.507000,106.597000
2019-08-05,106.572000,106.680000,105.784000,105.945000
2019-08-06,105.944000,107.088000,105.519000,106.473000
2019-08-07,106.472000,106.473000,105.493000,106.265000
2019-08-08,106.264000,106.300000,105.891000,106.072000
2019-08-09,106.071000,106.090000,105.267000,105.649000
2019-08-12,105.544000,105.690000,105.047000,105.294000
2019-08-13,105.296000,106.973000,105.064000,106.743000
2019-08-14,106.743000,106.766000,105.649000,105.904000
2019-08-15,105.906000,106.776000,105.700000,106.121000
2019-08-16,106.122000,106.492000,105.991000,106.369000
2019-08-19,106.276000,106.695000,106.245000,106.630000
2019-08-20,106.628000,106.689000,106.160000,106.222000
2019-08-21,106.222000,106.644000,106.213000,106.614000
2019-08-22,106.612000,106.651000,106.250000,106.438000
2019-08-23,106.434000,106.732000,105.254000,105.411000
2019-08-26,104.996000,106.412000,104.449000,106.119000
2019-08-27,106.144000,106.157000,105.588000,105.747000
2019-08-28,105.747000,106.228000,105.649000,106.118000
2019-08-29,106.114000,106.680000,105.827000,106.515000
2019-08-30,106.508000,106.542000,106.099000,106.253000
2019-09-02,106.027000,106.398000,105.925000,106.212000
2019-09-03,106.209000,106.383000,105.735000,105.928000
2019-09-04,105.927000,106.442000,105.826000,106.383000
2019-09-05,106.383000,107.228000,106.323000,106.938000
2019-09-06,106.930000,107.099000,106.620000,106.902000
2019-09-09,106.796000,107.271000,106.759000,107.237000
2019-09-10,107.235000,107.584000,107.179000,107.541000
2019-09-11,107.530000,107.852000,107.494000,107.810000
2019-09-12,107.805000,108.186000,107.518000,108.095000
2019-09-13,108.098000,108.258000,107.903000,108.073000
2019-09-16,108.066000,108.165000,107.494000,108.129000
2019-09-17,108.131000,108.368000,108.018000,108.113000
2019-09-18,108.112000,108.475000,108.083000,108.442000
2019-09-19,108.440000,108.470000,107.786000,108.021000
2019-09-20,108.020000,108.084000,107.518000,107.554000
2019-09-23,107.715000,107.766000,107.309000,107.539000
2019-09-24,107.533000,107.796000,106.959000,107.062000
2019-09-25,107.054000,107.881000,106.999000,107.768000
2019-09-26,107.761000,107.957000,107.423000,107.829000
2019-09-27,107.829000,108.178000,107.655000,107.929000
2019-09-30,107.956000,108.176000,107.742000,108.070000
2019-10-01,108.070000,108.468000,107.625000,107.739000
2019-10-02,107.727000,107.890000,107.045000,107.176000
2019-10-03,107.168000,107.296000,106.480000,106.910000
2019-10-04,106.898000,107.132000,106.562000,106.900000
2019-10-07,106.670000,107.464000,106.651000,107.241000
2019-10-08,107.241000,107.443000,106.801000,107.072000
2019-10-09,107.066000,107.625000,106.932000,107.472000
2019-10-10,107.469000,108.015000,107.032000,107.956000
2019-10-11,107.954000,108.628000,107.846000,108.420000
2019-10-14,108.339000,108.521000,108.028000,108.390000
2019-10-15,108.388000,108.897000,108.154000,108.851000
2019-10-16,108.851000,108.864000,108.557000,108.754000
2019-10-17,108.742000,108.937000,108.452000,108.637000
2019-10-18,108.642000,108.719000,108.375000,108.378000
2019-10-21,108.391000,108.662000,108.290000,108.598000
2019-10-22,108.597000,108.727000,108.439000,108.480000
2019-10-23,108.474000,108.702000,108.247000,108.690000
2019-10-24,108.689000,108.752000,108.495000,108.598000
2019-10-25,108.598000,108.772000,108.509000,108.665000
2019-10-28,108.708000,109.037000,108.657000,108.974000
2019-10-29,108.974000,109.068000,108.749000,108.884000
2019-10-30,108.885000,109.285000,108.718000,108.853000
2019-10-31,108.853000,108.878000,107.925000,108.019000
2019-11-01,108.019000,108.322000,107.884000,108.169000
2019-11-04,108.212000,108.648000,108.162000,108.572000
2019-11-05,108.572000,109.240000,108.547000,109.143000
2019-11-06,109.130000,109.182000,108.816000,108.964000
2019-11-07,108.963000,109.486000,108.645000,109.281000
2019-11-08,109.271000,109.474000,109.074000,109.220000
2019-11-11,109.230000,109.252000,108.895000,109.040000
2019-11-12,109.041000,109.291000,108.922000,108.989000
2019-11-13,108.989000,109.148000,108.654000,108.812000
2019-11-14,108.811000,108.861000,108.232000,108.407000
2019-11-15,108.407000,108.855000,108.371000,108.771000
2019-11-18,108.786000,109.070000,108.511000,108.674000
2019-11-19,108.674000,108.835000,108.451000,108.533000
2019-11-20,108.532000,108.737000,108.344000,108.604000
2019-11-21,108.586000,108.696000,108.275000,108.615000
2019-11-22,108.615000,108.730000,108.475000,108.639000
2019-11-25,108.626000,108.975000,108.596000,108.917000
2019-11-26,108.902000,109.207000,108.874000,109.026000
2019-11-27,109.021000,109.608000,109.008000,109.538000
2019-11-28,109.538000,109.554000,109.331000,109.503000
2019-11-29,109.505000,109.669000,109.396000,109.487000
2019-12-02,109.517000,109.726000,108.924000,108.970000
2019-12-03,108.970000,109.206000,108.482000,108.632000
2019-12-04,108.622000,108.961000,108.426000,108.852000
2019-12-05,108.852000,108.999000,108.653000,108.750000
2019-12-06,108.750000,108.922000,108.476000,108.565000
2019-12-09,108.626000,108.677000,108.429000,108.553000
2019-12-10,108.553000,108.765000,108.512000,108.716000
2019-12-11,108.707000,108.854000,108.463000,108.552000
2019-12-12,108.550000,109.449000,108.453000,109.278000
2019-12-13,109.283000,109.706000,108.921000,109.346000
2019-12-16,109.302000,109.675000,109.276000,109.533000
2019-12-17,109.535000,109.632000,109.441000,109.472000
2019-12-18,109.467000,109.626000,109.399000,109.548000
2019-12-19,109.538000,109.685000,109.180000,109.366000
2019-12-20,109.360000,109.524000,109.255000,109.447000
2019-12-23,109.428000,109.536000,109.338000,109.395000
2019-12-24,109.388000,109.440000,109.325000,109.354000
2019-12-26,109.544000,109.682000,109.527000,109.633000
2019-12-27,109.623000,109.623000,109.388000,109.458000
2019-12-30,109.385000,109.484000,108.765000,108.873000
2019-12-31,108.873000,108.884000,108.467000,108.658000
2020-01-02,108.705000,108.864000,108.210000,108.566000
2020-01-03,108.555000,108.627000,107.839000,108.101000
2020-01-06,107.884000,108.504000,107.769000,108.365000
2020-01-07,108.362000,108.628000,108.259000,108.439000
2020-01-08,108.439000,109.243000,107.647000,109.103000
2020-01-09,109.103000,109.580000,109.010000,109.514000
2020-01-10,109.513000,109.688000,109.432000,109.500000
2020-01-13,109.520000,109.944000,109.501000,109.942000
2020-01-14,109.939000,110.212000,109.850000,109.982000
2020-01-15,109.973000,110.008000,109.788000,109.892000
2020-01-16,109.883000,110.178000,109.848000,110.151000
2020-01-17,110.136000,110.287000,110.046000,110.161000
2020-01-20,110.105000,110.215000,110.102000,110.178000
2020-01-21,110.178000,110.220000,109.760000,109.859000
2020-01-22,109.857000,110.099000,109.827000,109.834000
2020-01-23,109.829000,109.860000,109.264000,109.485000
2020-01-24,109.485000,109.650000,109.170000,109.278000
2020-01-27,108.968000,109.135000,108.729000,108.883000
2020-01-28,108.884000,109.200000,108.754000,109.137000
2020-01-29,109.137000,109.264000,108.974000,109.009000
2020-01-30,109.009000,109.064000,108.579000,108.949000
2020-01-31,108.950000,109.134000,108.305000,108.346000
2020-02-03,108.431000,108.797000,108.311000,108.667000
2020-02-04,108.680000,109.543000,108.547000,109.518000
2020-02-05,109.517000,109.842000,109.302000,109.815000
2020-02-06,109.814000,110.005000,109.747000,109.986000
2020-02-07,109.985000,110.020000,109.531000,109.776000
2020-02-10,109.685000,109.876000,109.559000,109.771000
2020-02-11,109.765000,109.961000,109.729000,109.782000
2020-02-12,109.781000,110.134000,109.756000,110.097000
2020-02-13,110.095000,110.095000,109.616000,109.815000
2020-02-14,109.787000,109.910000,109.696000,109.772000
2020-02-17,109.803000,109.960000,109.717000,109.871000
2020-02-18,109.866000,109.946000,109.655000,109.866000
2020-02-19,109.866000,111.589000,109.834000,111.362000
2020-02-20,111.356000,112.225000,111.110000,112.071000
2020-02-21,112.072000,112.185000,111.469000,111.566000
2020-02-24,111.315000,111.681000,110.330000,110.708000
2020-02-25,110.697000,111.039000,109.888000,110.190000
2020-02-26,110.189000,110.699000,110.128000,110.419000
2020-02-27,110.418000,110.453000,109.565000,109.576000
2020-02-28,109.574000,109.678000,107.506000,108.062000
2020-03-02,107.513000,108.576000,107.361000,108.292000
2020-03-03,108.336000,108.532000,106.929000,107.127000
2020-03-04,107.129000,107.687000,106.842000,107.514000
2020-03-05,107.515000,107.739000,105.964000,106.150000
2020-03-06,106.149000,106.340000,104.992000,105.348000
2020-03-09,104.425000,104.580000,101.177000,102.262000
2020-03-10,102.262000,105.914000,102.001000,105.245000
2020-03-11,105.245000,105.374000,104.088000,104.429000
2020-03-12,104.429000,106.100000,103.089000,104.829000
2020-03-13,104.820000,108.496000,104.503000,107.998000
2020-03-16,106.906000,107.564000,105.137000,105.877000
2020-03-17,105.882000,107.861000,105.879000,107.632000
2020-03-18,107.632000,108.651000,106.751000,108.016000
2020-03-19,108.013000,110.954000,107.973000,110.834000
2020-03-20,110.834000,111.504000,109.326000,110.854000
2020-03-23,110.779000,111.596000,109.663000,111.227000
2020-03-24,111.227000,111.711000,110.081000,111.288000
2020-03-25,111.288000,111.676000,110.752000,111.133000
2020-03-26,111.133000,111.241000,109.204000,109.405000
2020-03-27,109.400000,109.472000,107.756000,107.975000
2020-03-30,107.676000,108.293000,107.120000,107.700000
2020-03-31,107.693000,108.725000,107.458000,107.485000
2020-04-01,107.547000,107.936000,106.918000,107.152000
2020-04-02,107.150000,108.091000,107.013000,107.857000
2020-04-03,107.857000,108.676000,107.797000,108.456000
2020-04-06,108.346000,109.379000,108.339000,109.211000
2020-04-07,109.216000,109.276000,108.668000,108.738000
2020-04-08,108.741000,109.095000,108.502000,108.812000
2020-04-09,108.812000,109.062000,108.206000,108.411000
2020-04-10,108.408000,108.587000,108.327000,108.421000
2020-04-13,108.421000,108.524000,107.499000,107.750000
2020-04-14,107.748000,107.761000,106.978000,107.206000
2020-04-15,107.203000,107.868000,106.925000,107.425000
2020-04-16,107.422000,108.081000,107.162000,107.916000
2020-04-17,107.920000,108.084000,107.297000,107.551000
2020-04-20,107.396000,107.946000,107.390000,107.606000
2020-04-21,107.612000,107.891000,107.279000,107.758000
2020-04-22,107.784000,107.937000,107.513000,107.735000
2020-04-23,107.743000,108.042000,107.344000,107.556000
2020-04-24,107.564000,107.758000,107.368000,107.487000
2020-04-27,107.541000,107.620000,106.991000,107.206000
2020-04-28,107.176000,107.338000,106.558000,106.859000
2020-04-29,106.857000,106.893000,106.356000,106.607000
2020-04-30,106.600000,107.496000,106.403000,107.130000
2020-05-01,107.118000,107.403000,106.603000,106.914000
2020-05-04,106.776000,107.067000,106.630000,106.674000
2020-05-05,106.671000,106.892000,106.414000,106.486000
2020-05-06,106.471000,106.667000,105.985000,106.068000
2020-05-07,106.059000,106.653000,105.988000,106.248000
2020-05-08,106.240000,106.745000,106.220000,106.682000
2020-05-11,106.502000,107.766000,106.482000,107.601000
2020-05-12,107.594000,107.691000,107.115000,107.115000
2020-05-13,107.109000,107.275000,106.741000,107.014000
2020-05-14,107.020000,107.363000,106.773000,107.234000
2020-05-15,107.234000,107.431000,106.854000,107.164000
2020-05-18,107.083000,107.503000,107.065000,107.295000
2020-05-19,107.290000,108.085000,107.247000,107.695000
2020-05-20,107.688000,107.981000,107.334000,107.484000
2020-05-21,107.382000,107.847000,107.382000,107.598000
2020-05-22,107.582000,107.762000,107.321000,107.607000
2020-05-25,107.557000,107.779000,107.547000,107.655000
2020-05-26,107.649000,107.921000,107.399000,107.504000
2020-05-27,107.484000,107.944000,107.364000,107.730000
2020-05-28,107.697000,107.899000,107.571000,107.614000
2020-05-29,107.599000,107.893000,107.077000,107.785000
2020-06-01,107.674000,107.854000,107.381000,107.580000
2020-06-02,107.578000,108.770000,107.511000,108.659000
2020-06-03,108.655000,108.980000,108.422000,108.892000
2020-06-04,108.869000,109.195000,108.613000,109.137000
2020-06-05,109.134000,109.848000,109.043000,109.587000
2020-06-08,109.547000,109.689000,108.232000,108.422000
2020-06-09,108.421000,108.540000,107.618000,107.743000
2020-06-10,107.744000,107.871000,106.984000,107.110000
2020-06-11,107.083000,107.231000,106.569000,106.857000
2020-06-12,106.859000,107.552000,106.583000,107.348000
2020-06-15,107.291000,107.565000,106.998000,107.328000
2020-06-16,107.327000,107.637000,107.209000,107.321000
2020-06-17,107.310000,107.440000,106.949000,106.997000
2020-06-18,106.998000,107.126000,106.666000,106.970000
2020-06-19,106.969000,107.056000,106.764000,106.870000
2020-06-22,106.773000,107.009000,106.748000,106.898000
2020-06-23,106.900000,107.219000,106.071000,106.517000
2020-06-24,106.515000,107.068000,106.382000,107.040000
2020-06-25,107.040000,107.451000,106.954000,107.181000
2020-06-26,107.206000,107.358000,106.798000,107.219000
2020-06-29,107.060000,107.882000,107.038000,107.573000
2020-06-30,107.570000,107.981000,107.519000,107.923000
2020-07-01,107.924000,108.161000,107.358000,107.464000
2020-07-02,107.463000,107.721000,107.329000,107.499000
2020-07-03,107.500000,107.566000,107.427000,107.488000
2020-07-06,107.439000,107.771000,107.254000,107.327000
2020-07-07,107.317000,107.790000,107.244000,107.515000
2020-07-08,107.549000,107.710000,107.201000,107.253000
2020-07-09,107.251000,107.396000,107.096000,107.196000
2020-07-10,107.197000,107.263000,106.639000,106.914000
2020-07-13,106.866000,107.317000,106.786000,107.291000
2020-07-14,107.290000,107.430000,107.117000,107.231000
2020-07-15,107.222000,107.306000,106.663000,106.930000
2020-07-16,106.933000,107.399000,106.831000,107.242000
2020-07-17,107.251000,107.360000,106.937000,107.016000
2020-07-20,107.013000,107.533000,107.007000,107.251000
2020-07-21,107.256000,107.365000,106.681000,106.795000
2020-07-22,106.795000,107.287000,106.708000,107.153000
2020-07-23,107.153000,107.228000,106.709000,106.856000
2020-07-24,106.854000,106.891000,105.679000,106.121000
2020-07-27,106.012000,106.107000,105.114000,105.368000
2020-07-28,105.369000,105.683000,104.954000,105.090000
2020-07-29,105.035000,105.239000,104.769000,104.914000
2020-07-30,104.916000,105.292000,104.678000,104.723000
2020-07-31,104.704000,106.054000,104.185000,105.927000
2020-08-03,105.769000,106.470000,105.578000,105.948000
2020-08-04,105.941000,106.193000,105.635000,105.711000
2020-08-05,105.709000,105.870000,105.319000,105.594000
2020-08-06,105.548000,105.695000,105.298000,105.547000
2020-08-07,105.543000,106.052000,105.479000,105.917000
2020-08-10,105.841000,106.201000,105.705000,105.958000
2020-08-11,105.955000,106.680000,105.905000,106.486000
2020-08-12,106.497000,107.012000,106.438000,106.907000
2020-08-13,106.898000,107.047000,106.561000,106.922000
2020-08-14,106.924000,107.036000,106.434000,106.570000
2020-08-17,106.512000,106.653000,105.941000,105.999000
2020-08-18,105.976000,106.053000,105.281000,105.401000
2020-08-19,105.423000,106.150000,105.099000,106.098000
2020-08-20,106.109000,106.213000,105.741000,105.797000
2020-08-21,105.776000,106.069000,105.441000,105.814000
2020-08-24,105.764000,105.995000,105.686000,105.971000
2020-08-25,105.971000,106.574000,105.870000,106.382000
2020-08-26,106.372000,106.558000,105.954000,105.982000
2020-08-27,105.989000,106.697000,105.601000,106.559000
2020-08-28,106.563000,106.944000,105.200000,105.340000
2020-08-31,105.429000,106.094000,105.289000,105.898000
2020-09-01,105.900000,106.151000,105.590000,105.950000
2020-09-02,105.956000,106.298000,105.848000,106.180000
2020-09-03,106.135000,106.550000,106.000000,106.183000
2020-09-04,106.184000,106.503000,106.055000,106.234000
2020-09-07,106.251000,106.384000,106.130000,106.268000
2020-09-08,106.282000,106.381000,105.858000,106.023000
2020-09-09,106.014000,106.271000,105.788000,106.173000
2020-09-10,106.191000,106.299000,105.978000,106.127000
2020-09-11,106.138000,106.261000,106.056000,106.144000
2020-09-14,106.097000,106.164000,105.546000,105.724000
2020-09-15,105.723000,105.812000,105.299000,105.439000
2020-09-16,105.436000,105.436000,104.799000,104.945000
2020-09-17,104.945000,105.171000,104.523000,104.738000
2020-09-18,104.737000,104.869000,104.270000,104.561000
2020-09-21,104.507000,104.887000,103.999000,104.641000
2020-09-22,104.638000,105.078000,104.403000,104.923000
2020-09-23,104.926000,105.494000,104.859000,105.383000
2020-09-24,105.394000,105.529000,105.204000,105.413000
2020-09-25,105.412000,105.698000,105.240000,105.548000
2020-09-28,105.488000,105.681000,105.263000,105.479000
2020-09-29,105.479000,105.733000,105.343000,105.648000
2020-09-30,105.647000,105.803000,105.402000,105.445000
2020-10-01,105.519000,105.727000,105.403000,105.519000
2020-10-02,105.519000,105.665000,104.941000,105.328000
2020-10-05,105.263000,105.792000,105.263000,105.745000
2020-10-06,105.750000,105.786000,105.470000,105.627000
2020-10-07,105.625000,106.106000,105.595000,105.975000
2020-10-08,105.965000,106.107000,105.924000,106.022000
2020-10-09,106.022000,106.040000,105.579000,105.625000
2020-10-12,105.770000,105.788000,105.241000,105.340000
2020-10-13,105.340000,105.627000,105.265000,105.472000
2020-10-14,105.470000,105.517000,105.035000,105.166000
2020-10-15,105.164000,105.492000,105.082000,105.422000
2020-10-16,105.422000,105.462000,105.189000,105.398000
2020-10-19,105.372000,105.502000,105.301000,105.436000
2020-10-20,105.428000,105.746000,105.345000,105.493000
2020-10-21,105.495000,105.533000,104.340000,104.580000
2020-10-22,104.588000,104.921000,104.476000,104.861000
2020-10-23,104.855000,104.936000,104.546000,104.710000
2020-10-26,104.667000,105.055000,104.653000,104.835000
2020-10-27,104.835000,104.889000,104.388000,104.460000
2020-10-28,104.460000,104.555000,104.113000,104.301000
2020-10-29,104.298000,104.726000,104.023000,104.598000
2020-10-30,104.598000,104.742000,104.124000,104.667000
2020-11-02,104.488000,104.947000,104.486000,104.728000
2020-11-03,104.730000,104.845000,104.432000,104.453000
2020-11-04,104.453000,105.344000,104.150000,104.521000
2020-11-05,104.522000,104.535000,103.440000,103.464000
2020-11-06,103.465000,103.762000,103.175000,103.367000
2020-11-09,103.296000,105.647000,103.182000,105.356000
2020-11-10,105.364000,105.487000,104.820000,105.295000
2020-11-11,105.281000,105.676000,105.004000,105.427000
2020-11-12,105.426000,105.476000,105.070000,105.129000
2020-11-13,105.121000,105.159000,104.564000,104.612000
2020-11-16,104.716000,105.132000,104.362000,104.572000
2020-11-17,104.572000,104.599000,104.070000,104.191000
2020-11-18,104.205000,104.205000,103.651000,103.825000
2020-11-19,103.827000,104.215000,103.717000,103.740000
2020-11-20,103.736000,103.910000,103.687000,103.827000
2020-11-23,103.746000,104.635000,103.683000,104.497000
2020-11-24,104.496000,104.760000,104.146000,104.446000
2020-11-25,104.439000,104.598000,104.253000,104.461000
2020-11-26,104.453000,104.464000,104.216000,104.256000
2020-11-27,104.266000,104.281000,103.905000,104.090000
2020-11-30,103.995000,104.410000,103.827000,104.315000
2020-12-01,104.306000,104.579000,104.182000,104.314000
2020-12-02,104.312000,104.751000,104.225000,104.408000
2020-12-03,104.414000,104.536000,103.672000,103.834000
2020-12-04,103.832000,104.243000,103.738000,104.188000
2020-12-07,104.116000,104.312000,103.920000,104.045000
2020-12-08,104.064000,104.205000,103.954000,104.161000
2020-12-09,104.161000,104.406000,104.053000,104.225000
2020-12-10,104.211000,104.579000,104.173000,104.246000
2020-12-11,104.245000,104.267000,103.823000,104.025000
2020-12-14,103.958000,104.103000,103.512000,104.032000
2020-12-15,104.047000,104.152000,103.608000,103.668000
2020-12-16,103.674000,103.918000,103.261000,103.465000
2020-12-17,103.468000,103.561000,102.875000,103.092000
2020-12-18,103.083000,103.596000,103.037000,103.313000
2020-12-21,103.535000,103.889000,103.251000,103.319000
2020-12-22,103.326000,103.734000,103.279000,103.640000
2020-12-23,103.634000,103.653000,103.357000,103.545000
2020-12-24,103.537000,103.765000,103.487000,103.671000
2020-12-28,103.497000,103.898000,103.403000,103.778000
2020-12-29,103.788000,103.815000,103.463000,103.568000
2020-12-30,103.571000,103.586000,102.961000,103.182000
2020-12-31,103.180000,103.316000,102.995000,103.253000
2021-01-04,103.121000,103.316000,102.712000,103.126000
2021-01-05,103.100000,103.191000,102.605000,102.711000
2021-01-06,102.701000,103.444000,102.591000,103.036000
2021-01-07,103.032000,103.957000,102.951000,103.795000
2021-01-08,103.796000,104.092000,103.604000,103.967000
2021-01-11,103.843000,104.400000,103.832000,104.255000
2021-01-12,104.261000,104.333000,103.720000,103.752000
2021-01-13,103.753000,103.995000,103.526000,103.878000
2021-01-14,103.880000,104.198000,103.564000,103.799000
2021-01-15,103.799000,103.913000,103.616000,103.869000
2021-01-18,103.795000,103.930000,103.638000,103.687000
2021-01-19,103.686000,104.086000,103.651000,103.901000
2021-01-20,103.899000,103.928000,103.447000,103.538000
2021-01-21,103.530000,103.668000,103.328000,103.496000
2021-01-22,103.493000,103.887000,103.480000,103.770000
2021-01-25,103.775000,103.937000,103.673000,103.745000
2021-01-26,103.733000,103.828000,103.555000,103.620000
2021-01-27,103.614000,104.201000,103.587000,104.091000
2021-01-28,104.088000,104.463000,104.024000,104.229000
2021-01-29,104.229000,104.940000,104.165000,104.723000
2021-02-01,104.765000,105.035000,104.608000,104.922000
2021-02-02,104.928000,105.175000,104.829000,104.968000
2021-02-03,104.970000,105.106000,104.921000,105.029000
2021-02-04,105.025000,105.565000,104.973000,105.520000
2021-02-05,105.514000,105.768000,105.334000,105.382000
2021-02-08,105.301000,105.671000,105.151000,105.208000
2021-02-09,105.207000,105.264000,104.498000,104.562000
2021-02-10,104.563000,104.845000,104.408000,104.588000
2021-02-11,104.588000,104.804000,104.550000,104.719000
2021-02-12,104.743000,105.181000,104.711000,104.924000
2021-02-15,104.896000,105.417000,104.891000,105.368000
2021-02-16,105.367000,106.075000,105.180000,106.038000
2021-02-17,106.034000,106.224000,105.779000,105.861000
2021-02-18,105.863000,105.924000,105.600000,105.702000
2021-02-19,105.703000,105.743000,105.238000,105.421000
2021-02-22,105.377000,105.844000,104.981000,105.071000
2021-02-23,105.070000,105.430000,104.922000,105.240000
2021-02-24,105.249000,106.104000,105.162000,105.873000
2021-02-25,105.869000,106.405000,105.813000,106.199000
2021-02-26,106.199000,106.695000,105.848000,106.552000
2021-03-01,106.476000,106.889000,106.365000,106.757000
2021-03-02,106.761000,106.958000,106.655000,106.684000
2021-03-03,106.687000,107.152000,106.668000,107.002000
2021-03-04,106.997000,107.986000,106.941000,107.970000
2021-03-05,107.932000,108.645000,107.819000,108.379000
2021-03-08,108.275000,108.942000,108.245000,108.866000
2021-03-09,108.867000,109.235000,108.414000,108.477000
2021-03-10,108.471000,108.920000,108.338000,108.372000
2021-03-11,108.369000,108.812000,108.345000,108.499000
2021-03-12,108.499000,109.164000,108.486000,109.027000
2021-03-15,108.998000,109.365000,108.913000,109.134000
2021-03-16,109.139000,109.288000,108.771000,108.994000
2021-03-17,108.993000,109.326000,108.742000,108.847000
2021-03-18,108.844000,109.302000,108.625000,108.929000
2021-03-19,108.929000,109.129000,108.609000,108.879000
2021-03-22,108.671000,108.955000,108.605000,108.831000
2021-03-23,108.832000,108.873000,108.407000,108.614000
2021-03-24,108.614000,108.956000,108.451000,108.725000
2021-03-25,108.723000,109.237000,108.712000,109.165000
2021-03-26,109.163000,109.847000,109.131000,109.676000
2021-03-29,109.707000,109.845000,109.373000,109.803000
2021-03-30,109.794000,110.428000,109.721000,110.351000
2021-03-31,110.357000,110.966000,110.273000,110.708000
2021-04-01,110.703000,110.847000,110.545000,110.604000
2021-04-02,110.595000,110.749000,110.374000,110.623000
2021-04-05,110.595000,110.749000,109.962000,110.173000
2021-04-06,110.174000,110.553000,109.668000,109.743000
2021-04-07,109.743000,109.942000,109.578000,109.832000
2021-04-08,109.846000,109.904000,108.999000,109.270000
2021-04-09,109.268000,109.960000,109.203000,109.658000
2021-04-12,109.605000,109.769000,109.245000,109.378000
2021-04-13,109.384000,109.752000,109.018000,109.059000
2021-04-14,109.054000,109.095000,108.751000,108.916000
2021-04-15,108.912000,108.965000,108.611000,108.762000
2021-04-16,108.762000,108.964000,108.610000,108.793000
2021-04-19,108.726000,108.833000,108.009000,108.153000
2021-04-20,108.138000,108.546000,107.970000,108.101000
2021-04-21,108.099000,108.281000,107.874000,108.069000
2021-04-22,108.052000,108.232000,107.814000,107.962000
2021-04-23,107.962000,108.145000,107.477000,107.875000
2021-04-26,107.887000,108.197000,107.643000,108.090000
2021-04-27,108.083000,108.777000,108.055000,108.691000
2021-04-28,108.667000,109.075000,108.571000,108.589000
2021-04-29,108.596000,109.223000,108.436000,108.912000
2021-04-30,108.925000,109.342000,108.711000,109.329000
2021-05-03,109.261000,109.696000,108.894000,109.071000
2021-05-04,109.066000,109.487000,109.022000,109.315000
2021-05-05,109.323000,109.480000,109.143000,109.188000
2021-05-06,109.188000,109.427000,109.001000,109.090000
2021-05-07,109.089000,109.287000,108.338000,108.604000
2021-05-10,108.545000,109.056000,108.465000,108.810000
2021-05-11,108.792000,108.982000,108.348000,108.615000
2021-05-12,108.609000,109.706000,108.548000,109.699000
2021-05-13,109.664000,109.785000,109.405000,109.453000
2021-05-14,109.448000,109.656000,109.186000,109.362000
2021-05-17,109.254000,109.501000,109.073000,109.209000
2021-05-18,109.209000,109.283000,108.834000,108.888000
2021-05-19,108.895000,109.337000,108.571000,109.227000
2021-05-20,109.218000,109.308000,108.748000,108.767000
2021-05-21,108.773000,109.003000,108.610000,108.945000
2021-05-24,108.891000,108.996000,108.696000,108.740000
2021-05-25,108.740000,109.070000,108.558000,108.747000
2021-05-26,108.746000,109.178000,108.722000,109.139000
2021-05-27,109.136000,109.923000,109.037000,109.808000
2021-05-28,109.808000,110.200000,109.728000,109.872000
2021-05-31,109.746000,109.933000,109.354000,109.556000
2021-06-01,109.557000,109.707000,109.329000,109.467000
2021-06-02,109.467000,109.885000,109.381000,109.547000
2021-06-03,109.547000,110.321000,109.507000,110.276000
2021-06-04,110.276000,110.329000,109.363000,109.524000
2021-06-07,109.576000,109.637000,109.186000,109.238000
2021-06-08,109.238000,109.557000,109.199000,109.492000
2021-06-09,109.485000,109.657000,109.225000,109.618000
2021-06-10,109.607000,109.797000,109.305000,109.319000
2021-06-11,109.316000,109.844000,109.294000,109.682000
2021-06-14,109.627000,110.098000,109.610000,110.071000
2021-06-15,110.070000,110.168000,109.987000,110.056000
2021-06-16,110.053000,110.721000,109.804000,110.708000
2021-06-17,110.706000,110.823000,110.166000,110.221000
2021-06-18,110.220000,110.332000,109.941000,110.211000
2021-06-21,110.095000,110.352000,109.716000,110.314000
2021-06-22,110.313000,110.791000,110.211000,110.658000
2021-06-23,110.657000,111.102000,110.567000,110.949000
2021-06-24,110.948000,111.115000,110.687000,110.874000
2021-06-25,110.872000,110.984000,110.480000,110.778000
2021-06-28,110.726000,110.977000,110.497000,110.614000
2021-06-29,110.617000,110.760000,110.430000,110.538000
2021-06-30,110.528000,111.121000,110.417000,111.101000
2021-07-01,111.101000,111.638000,111.027000,111.521000
2021-07-02,111.519000,111.659000,110.951000,111.020000
2021-07-05,110.946000,111.190000,110.796000,110.962000
2021-07-06,110.950000,110.976000,110.521000,110.610000
2021-07-07,110.613000,110.815000,110.395000,110.608000
2021-07-08,110.605000,110.683000,109.532000,109.748000
2021-07-09,109.747000,110.258000,109.703000,110.102000
2021-07-12,110.076000,110.401000,109.976000,110.349000
2021-07-13,110.348000,110.647000,110.198000,110.627000
2021-07-14,110.617000,110.698000,109.934000,109.950000
2021-07-15,109.937000,110.089000,109.714000,109.831000
2021-07-16,109.809000,110.341000,109.732000,110.081000
2021-07-19,110.004000,110.097000,109.065000,109.447000
2021-07-20,109.451000,109.956000,109.297000,109.843000
2021-07-21,109.837000,110.386000,109.767000,110.286000
2021-07-22,110.279000,110.359000,110.013000,110.149000
2021-07-23,110.148000,110.593000,110.086000,110.547000
2021-07-26,110.448000,110.584000,110.116000,110.381000
2021-07-27,110.366000,110.392000,109.581000,109.774000
2021-07-28,109.755000,110.286000,109.714000,109.909000
2021-07-29,109.904000,109.946000,109.421000,109.470000
2021-07-30,109.455000,109.827000,109.360000,109.656000
2021-08-02,109.624000,109.770000,109.186000,109.305000
2021-08-03,109.294000,109.339000,108.877000,109.042000
2021-08-04,109.021000,109.676000,108.721000,109.473000
2021-08-05,109.473000,109.788000,109.403000,109.761000
2021-08-06,109.753000,110.355000,109.697000,110.217000
2021-08-09,110.196000,110.354000,110.025000,110.267000
2021-08-10,110.255000,110.598000,110.250000,110.560000
2021-08-11,110.550000,110.800000,110.308000,110.428000
2021-08-12,110.401000,110.546000,110.316000,110.386000
2021-08-13,110.386000,110.456000,109.545000,109.592000
2021-08-16,109.535000,109.751000,109.113000,109.243000
2021-08-17,109.258000,109.656000,109.118000,109.595000
2021-08-18,109.569000,110.066000,109.471000,109.763000
2021-08-19,109.754000,110.228000,109.482000,109.763000
2021-08-20,109.735000,109.885000,109.569000,109.799000
2021-08-23,109.686000,110.147000,109.616000,109.694000
2021-08-24,109.680000,109.881000,109.413000,109.679000
2021-08-25,109.676000,110.124000,109.474000,110.023000
2021-08-26,109.951000,110.227000,109.926000,110.081000
2021-08-27,110.083000,110.267000,109.779000,109.850000
2021-08-30,109.849000,109.963000,109.703000,109.913000
2021-08-31,109.907000,110.079000,109.586000,110.007000
2021-09-01,109.991000,110.418000,109.880000,110.025000
2021-09-02,110.008000,110.120000,109.916000,109.937000
2021-09-03,109.921000,110.073000,109.592000,109.712000
2021-09-06,109.647000,109.947000,109.645000,109.845000
2021-09-07,109.818000,110.317000,109.686000,110.282000
2021-09-08,110.267000,110.447000,110.141000,110.257000
2021-09-09,110.225000,110.272000,109.620000,109.718000
2021-09-10,109.722000,109.991000,109.633000,109.904000
2021-09-13,109.829000,110.159000,109.787000,110.004000
2021-09-14,109.988000,110.162000,109.526000,109.683000
2021-09-15,109.682000,109.742000,109.113000,109.368000
2021-09-16,109.358000,109.829000,109.213000,109.727000
2021-09-17,109.722000,110.082000,109.666000,109.969000
2021-09-20,109.886000,110.036000,109.322000,109.400000
2021-09-21,109.378000,109.707000,109.183000,109.212000
2021-09-22,109.213000,109.900000,109.119000,109.783000
2021-09-23,109.766000,110.346000,109.716000,110.322000
2021-09-24,110.320000,110.793000,110.252000,110.735000
2021-09-27,110.676000,111.066000,110.534000,111.007000
2021-09-28,110.973000,111.639000,110.934000,111.496000
2021-09-29,111.496000,112.048000,111.207000,111.965000
2021-09-30,111.958000,112.081000,111.237000,111.293000
2021-10-01,111.242000,111.488000,110.905000,111.066000
2021-10-04,111.055000,111.303000,110.821000,110.921000
2021-10-05,110.912000,111.563000,110.864000,111.463000
2021-10-06,111.456000,111.788000,111.202000,111.405000
2021-10-07,111.382000,111.650000,111.230000,111.621000
2021-10-08,111.606000,112.249000,111.509000,112.225000
2021-10-11,112.103000,113.413000,112.103000,113.307000
2021-10-12,113.287000,113.787000,113.002000,113.606000
2021-10-13,113.582000,113.804000,113.226000,113.245000
2021-10-14,113.243000,113.718000,113.208000,113.673000
2021-10-15,113.668000,114.466000,113.642000,114.249000
2021-10-18,114.252000,114.451000,114.014000,114.317000
2021-10-19,114.313000,114.394000,113.878000,114.367000
2021-10-20,114.351000,114.698000,114.079000,114.243000
2021-10-21,114.243000,114.413000,113.651000,113.996000
2021-10-22,113.995000,114.207000,113.411000,113.487000
2021-10-25,113.551000,113.924000,113.458000,113.708000
2021-10-26,113.695000,114.312000,113.675000,114.147000
2021-10-27,114.126000,114.221000,113.388000,113.823000
2021-10-28,113.790000,113.867000,113.255000,113.570000
2021-10-29,113.551000,114.096000,113.390000,113.961000
2021-11-01,114.102000,114.444000,113.939000,114.006000
2021-11-02,113.992000,114.134000,113.463000,113.950000
2021-11-03,113.942000,114.219000,113.720000,113.990000
2021-11-04,113.975000,114.278000,113.507000,113.753000
2021-11-05,113.746000,114.028000,113.299000,113.387000
2021-11-08,113.321000,113.666000,113.079000,113.217000
2021-11-09,113.193000,113.288000,112.725000,112.869000
2021-11-10,112.855000,114.015000,112.772000,113.900000
2021-11-11,113.896000,114.154000,113.805000,114.050000
2021-11-12,114.053000,114.300000,113.759000,113.919000
2021-11-15,113.907000,114.217000,113.749000,114.116000
2021-11-16,114.101000,114.846000,114.047000,114.814000
2021-11-17,114.803000,114.968000,113.933000,114.090000
2021-11-18,114.070000,114.487000,113.875000,114.251000
2021-11-19,114.233000,114.538000,113.585000,114.017000
2021-11-22,113.914000,114.960000,113.894000,114.872000
2021-11-23,114.865000,115.192000,114.482000,115.139000
2021-11-24,115.111000,115.520000,114.823000,115.407000
2021-11-25,115.393000,115.454000,115.241000,115.360000
2021-11-26,115.333000,115.366000,113.050000,113.351000
2021-11-29,113.617000,113.954000,112.991000,113.524000
2021-11-30,113.510000,113.888000,112.530000,113.160000
2021-12-01,113.140000,113.630000,112.670000,112.772000
2021-12-02,112.751000,113.328000,112.619000,113.191000
2021-12-03,113.180000,113.610000,112.555000,112.831000
2021-12-06,112.835000,113.555000,112.835000,113.474000
2021-12-07,113.467000,113.781000,113.396000,113.571000
2021-12-08,113.612000,113.955000,113.311000,113.698000
2021-12-09,113.668000,113.810000,113.271000,113.477000
2021-12-10,113.446000,113.790000,113.222000,113.383000
2021-12-13,113.277000,113.729000,113.273000,113.580000
2021-12-14,113.557000,113.756000,113.316000,113.734000
2021-12-15,113.722000,114.271000,113.620000,114.045000
2021-12-16,114.021000,114.245000,113.562000,113.696000
2021-12-17,113.694000,113.853000,113.138000,113.702000
2021-12-20,113.531000,113.726000,113.327000,113.629000
2021-12-21,113.621000,114.219000,113.475000,114.083000
2021-12-22,114.071000,114.369000,113.945000,114.095000
2021-12-23,114.084000,114.467000,114.044000,114.399000
2021-12-24,114.388000,114.512000,114.296000,114.346000
2021-12-27,114.304000,114.913000,114.304000,114.885000
2021-12-28,114.878000,114.948000,114.705000,114.819000
2021-12-29,114.800000,115.038000,114.664000,114.960000
2021-12-30,114.948000,115.206000,114.900000,115.058000
2021-12-31,115.052000,115.199000,115.000000,115.088000
2022-01-03,115.058000,115.366000,114.946000,115.327000
2022-01-04,115.308000,116.349000,115.272000,116.140000
2022-01-05,116.126000,116.252000,115.619000,116.115000
2022-01-06,116.079000,116.181000,115.623000,115.839000
2022-01-07,115.838000,116.048000,115.534000,115.551000
2022-01-10,115.522000,115.850000,115.041000,115.203000
2022-01-11,115.184000,115.681000,115.117000,115.289000
2022-01-12,115.274000,115.468000,114.378000,114.629000
2022-01-13,114.616000,114.703000,113.998000,114.171000
2022-01-14,114.160000,114.261000,113.480000,114.198000
2022-01-17,114.117000,114.649000,114.117000,114.613000
2022-01-18,114.617000,115.058000,114.449000,114.598000
2022-01-19,114.589000,114.788000,114.206000,114.323000
2022-01-20,114.321000,114.548000,113.962000,114.101000
2022-01-21,114.070000,114.149000,113.602000,113.692000
2022-01-24,113.626000,113.999000,113.469000,113.954000
2022-01-25,113.937000,114.157000,113.667000,113.863000
2022-01-26,113.850000,114.694000,113.778000,114.650000
2022-01-27,114.627000,115.489000,114.473000,115.357000
2022-01-28,115.357000,115.687000,115.121000,115.234000
2022-01-31,115.257000,115.593000,114.924000,115.118000
2022-02-01,115.091000,115.192000,114.567000,114.680000
2022-02-02,114.653000,114.805000,114.153000,114.455000
2022-02-03,114.439000,114.988000,114.325000,114.966000
2022-02-04,114.951000,115.431000,114.774000,115.182000
2022-02-07,115.269000,115.379000,114.913000,115.091000
2022-02-08,115.063000,115.627000,115.047000,115.534000
2022-02-09,115.516000,115.677000,115.318000,115.529000
2022-02-10,115.508000,116.342000,115.424000,115.996000
2022-02-11,115.996000,116.176000,115.012000,115.432000
2022-02-14,115.324000,115.746000,115.009000,115.540000
2022-02-15,115.511000,115.874000,115.257000,115.602000
2022-02-16,115.581000,115.789000,115.352000,115.476000
2022-02-17,115.446000,115.537000,114.845000,114.931000
2022-02-18,114.937000,115.296000,114.787000,115.032000
2022-02-21,115.004000,115.128000,114.713000,114.734000
2022-02-22,114.720000,115.242000,114.496000,115.076000
2022-02-23,115.045000,115.201000,114.924000,115.004000
2022-02-24,114.977000,115.697000,114.407000,115.530000
2022-02-25,115.500000,115.760000,115.149000,115.526000
2022-02-28,115.225000,115.782000,114.858000,114.969000
2022-03-01,114.944000,115.288000,114.698000,114.911000
2022-03-02,114.891000,115.686000,114.788000,115.514000
2022-03-03,115.483000,115.807000,115.383000,115.454000
2022-03-04,115.446000,115.555000,114.649000,114.854000
