date,open,high,low,close
2012-12-04,1.609440,1.613030,1.608590,1.609990
2012-12-05,1.609980,1.611760,1.608230,1.609140
2012-12-06,1.609150,1.612720,1.603540,1.604150
2012-12-07,1.604150,1.606040,1.600160,1.603740
2012-12-10,1.603350,1.609600,1.601300,1.607470
2012-12-11,1.607430,1.612070,1.606850,1.611450
2012-12-12,1.611460,1.617080,1.609430,1.613710
2012-12-13,1.613700,1.615270,1.608450,1.611020
2012-12-14,1.611010,1.617680,1.610300,1.617180
2012-12-17,1.617960,1.621590,1.615680,1.619810
2012-12-18,1.619790,1.626860,1.619480,1.624500
2012-12-19,1.624540,1.630610,1.623790,1.624930
2012-12-20,1.624960,1.629540,1.624120,1.627500
2012-12-21,1.627550,1.627580,1.615120,1.616860
2012-12-24,1.615690,1.620550,1.610060,1.613200
2012-12-26,1.612620,1.617010,1.610700,1.613280
2012-12-27,1.613350,1.620180,1.606620,1.610050
2012-12-28,1.610060,1.616990,1.607810,1.614550
2012-12-31,1.616440,1.627370,1.613310,1.624090
2013-01-01,1.624260,1.625690,1.622450,1.625130
2013-01-02,1.625170,1.638060,1.622480,1.625190
2013-01-03,1.625180,1.625290,1.605720,1.608250
2013-01-04,1.608220,1.609850,1.600990,1.606780
2013-01-07,1.607700,1.612750,1.602050,1.612660
2013-01-08,1.612650,1.612660,1.602850,1.605800
2013-01-09,1.605770,1.607450,1.599250,1.601640
2013-01-10,1.601630,1.617610,1.600380,1.616250
2013-01-11,1.616290,1.616990,1.608880,1.612710
2013-01-14,1.612770,1.615420,1.603160,1.607250
2013-01-15,1.607220,1.610010,1.603230,1.605970
2013-01-16,1.605980,1.608000,1.597520,1.599750
2013-01-17,1.599770,1.603880,1.595490,1.599650
2013-01-18,1.599640,1.599760,1.585400,1.586600
2013-01-21,1.585280,1.589320,1.580570,1.583490
2013-01-22,1.583500,1.588300,1.580920,1.583740
2013-01-23,1.583740,1.589160,1.580150,1.582990
2013-01-24,1.582980,1.585060,1.575570,1.578940
2013-01-25,1.578970,1.582650,1.574530,1.579550
2013-01-28,1.577770,1.578520,1.567420,1.569010
2013-01-29,1.568980,1.577320,1.568960,1.575680
2013-01-30,1.575680,1.581510,1.572570,1.579450
2013-01-31,1.579460,1.587480,1.577450,1.585870
2013-02-01,1.585880,1.587820,1.568970,1.569130
2013-02-04,1.570360,1.577130,1.569290,1.574980
2013-02-05,1.574980,1.580390,1.563040,1.566020
2013-02-06,1.566010,1.567760,1.563030,1.566260
2013-02-07,1.566250,1.576740,1.564470,1.571320
2013-02-08,1.571310,1.584300,1.570460,1.579690
2013-02-11,1.578960,1.580940,1.564530,1.564810
2013-02-12,1.564800,1.568260,1.557340,1.567770
2013-02-13,1.567750,1.568840,1.552360,1.553720
2013-02-14,1.553730,1.554230,1.547460,1.549430
2013-02-15,1.549440,1.554940,1.546220,1.551620
2013-02-18,1.549900,1.550760,1.543770,1.546870
2013-02-19,1.546870,1.550350,1.541410,1.542140
2013-02-20,1.542160,1.545010,1.519270,1.523650
2013-02-21,1.523680,1.527310,1.513050,1.525120
2013-02-22,1.525110,1.531920,1.516050,1.516050
2013-02-25,1.510720,1.519780,1.508680,1.516280
2013-02-26,1.516270,1.521830,1.511310,1.512890
2013-02-27,1.512900,1.518760,1.508030,1.516010
2013-02-28,1.515990,1.522160,1.514860,1.516690
2013-03-01,1.516720,1.518530,1.498570,1.503650
2013-03-04,1.503020,1.511620,1.500000,1.511400
2013-03-05,1.511400,1.519820,1.509400,1.512520
2013-03-06,1.512540,1.515240,1.496590,1.498260
2013-03-07,1.498240,1.508210,1.496730,1.501190
2013-03-08,1.501180,1.504680,1.488640,1.492220
2013-03-11,1.490770,1.494280,1.486570,1.490880
2013-03-12,1.490860,1.491570,1.482870,1.489690
2013-03-13,1.489710,1.498120,1.489210,1.491960
2013-03-14,1.491960,1.511830,1.491480,1.508290
2013-03-15,1.508280,1.517620,1.506830,1.511280
2013-03-18,1.510990,1.514360,1.507100,1.509340
2013-03-19,1.509330,1.514410,1.507290,1.509200
2013-03-20,1.509190,1.518580,1.502670,1.509140
2013-03-21,1.509150,1.520890,1.508780,1.517100
2013-03-22,1.517140,1.524740,1.517140,1.522690
2013-03-25,1.523440,1.525990,1.514330,1.517520
2013-03-26,1.517500,1.520700,1.513510,1.516320
2013-03-27,1.516310,1.518100,1.509250,1.512760
2013-03-28,1.512750,1.520040,1.511180,1.519080
2013-03-29,1.519070,1.521820,1.517710,1.519580
2013-04-01,1.519700,1.524140,1.517740,1.522610
2013-04-02,1.522610,1.525830,1.509870,1.510430
2013-04-03,1.510410,1.515800,1.507500,1.513200
2013-04-04,1.513190,1.524530,1.503320,1.522800
2013-04-05,1.522850,1.536300,1.519900,1.533570
2013-04-08,1.532940,1.535020,1.523860,1.526460
2013-04-09,1.526460,1.534130,1.524990,1.531870
2013-04-10,1.531870,1.534270,1.529240,1.532650
2013-04-11,1.532650,1.541130,1.531710,1.538500
2013-04-12,1.538450,1.540940,1.533720,1.533930
2013-04-15,1.533810,1.538440,1.526980,1.529180
2013-04-16,1.529200,1.537880,1.527250,1.536590
2013-04-17,1.536590,1.536880,1.521640,1.524120
2013-04-18,1.524100,1.531240,1.521770,1.527970
2013-04-19,1.527960,1.536750,1.522390,1.522880
2013-04-22,1.523110,1.529520,1.520350,1.528750
2013-04-23,1.528690,1.529730,1.519630,1.523630
2013-04-24,1.523620,1.528710,1.522610,1.526510
2013-04-25,1.526520,1.548000,1.526450,1.543410
2013-04-26,1.543410,1.549840,1.541850,1.547460
2013-04-29,1.548350,1.554560,1.547660,1.549320
2013-04-30,1.549320,1.556730,1.546750,1.553510
2013-05-01,1.553530,1.560510,1.552590,1.555410
2013-05-02,1.555460,1.559040,1.549630,1.553240
2013-05-03,1.553240,1.560140,1.548080,1.556830
2013-05-06,1.556580,1.559760,1.552060,1.553930
2013-05-07,1.553950,1.555180,1.544690,1.548110
2013-05-08,1.548110,1.559110,1.547030,1.554070
2013-05-09,1.554070,1.558750,1.542560,1.544730
2013-05-10,1.544730,1.545710,1.531390,1.535790
2013-05-13,1.535520,1.538450,1.527760,1.530210
2013-05-14,1.530240,1.533060,1.520630,1.521790
2013-05-15,1.521890,1.527270,1.517370,1.522520
2013-05-16,1.522470,1.532230,1.519770,1.527350
2013-05-17,1.527370,1.528100,1.515800,1.516660
2013-05-20,1.518600,1.528070,1.516560,1.525750
2013-05-21,1.525760,1.527610,1.511240,1.515000
2013-05-22,1.515040,1.517320,1.501960,1.504280
2013-05-23,1.504280,1.512810,1.501380,1.510820
2013-05-24,1.510780,1.514210,1.506360,1.511950
2013-05-27,1.512950,1.515580,1.508680,1.511050
2013-05-28,1.510980,1.513450,1.502680,1.503510
2013-05-29,1.503520,1.514550,1.500810,1.512790
2013-05-30,1.512720,1.523700,1.511020,1.523280
2013-05-31,1.523280,1.523930,1.514000,1.519380
2013-06-03,1.519750,1.537480,1.519190,1.531790
2013-06-04,1.531800,1.534250,1.527320,1.531500
2013-06-05,1.531500,1.540840,1.529170,1.540580
2013-06-06,1.540430,1.568330,1.538110,1.559940
2013-06-07,1.559930,1.561710,1.548810,1.555520
2013-06-10,1.551590,1.558540,1.549470,1.557150
2013-06-11,1.557130,1.565260,1.552070,1.564450
2013-06-12,1.564470,1.569950,1.563300,1.567860
2013-06-13,1.567860,1.573600,1.564420,1.571890
2013-06-14,1.571850,1.571880,1.561600,1.570080
2013-06-17,1.571090,1.575100,1.568040,1.571720
2013-06-18,1.571740,1.572190,1.556500,1.563920
2013-06-19,1.563950,1.567690,1.544950,1.548750
2013-06-20,1.548750,1.551640,1.541440,1.550360
2013-06-21,1.550410,1.553020,1.536800,1.541440
2013-06-24,1.539390,1.546520,1.534350,1.543590
2013-06-25,1.543530,1.547710,1.539720,1.542370
2013-06-26,1.542370,1.544010,1.529750,1.531380
2013-06-27,1.531370,1.534550,1.520160,1.525840
2013-06-28,1.525830,1.527840,1.516540,1.521120
2013-07-01,1.520680,1.524830,1.518320,1.521630
2013-07-02,1.521620,1.523770,1.513610,1.515280
2013-07-03,1.515270,1.530420,1.512970,1.527890
2013-07-04,1.527880,1.528280,1.505570,1.507140
2013-07-05,1.507170,1.507780,1.485950,1.488270
2013-07-08,1.487770,1.496560,1.485810,1.494840
2013-07-09,1.494810,1.498040,1.481330,1.486490
2013-07-10,1.486550,1.506650,1.484470,1.506220
2013-07-11,1.506210,1.522190,1.503380,1.518320
2013-07-12,1.518210,1.518860,1.507570,1.510360
2013-07-15,1.510830,1.512620,1.502740,1.509990
2013-07-16,1.510010,1.516850,1.504450,1.514700
2013-07-17,1.514680,1.526730,1.507870,1.521320
2013-07-18,1.521330,1.524190,1.515760,1.522780
2013-07-19,1.522780,1.528160,1.519620,1.525900
2013-07-22,1.526110,1.538390,1.525740,1.535630
2013-07-23,1.535650,1.539150,1.532590,1.537250
2013-07-24,1.537280,1.538970,1.528900,1.531510
2013-07-25,1.531660,1.543510,1.526340,1.538220
2013-07-26,1.538220,1.541610,1.535570,1.537790
2013-07-29,1.538390,1.541340,1.532860,1.534080
2013-07-30,1.534080,1.535350,1.522330,1.523730
2013-07-31,1.523740,1.525340,1.512570,1.519750
2013-08-01,1.520370,1.524240,1.510990,1.511760
2013-08-02,1.511760,1.530870,1.510240,1.528630
2013-08-05,1.528280,1.537830,1.525880,1.535420
2013-08-06,1.535420,1.539150,1.533150,1.534860
2013-08-07,1.534930,1.553080,1.520480,1.548820
2013-08-08,1.548860,1.557400,1.548470,1.553660
2013-08-09,1.553640,1.555840,1.549660,1.549660
2013-08-12,1.550270,1.552220,1.545660,1.546120
2013-08-13,1.546120,1.551180,1.542690,1.544640
2013-08-14,1.544730,1.554670,1.542200,1.550280
2013-08-15,1.550280,1.565170,1.550180,1.564340
2013-08-16,1.564340,1.565640,1.560730,1.562230
2013-08-19,1.562960,1.567310,1.560910,1.564670
2013-08-20,1.564690,1.569550,1.562840,1.566210
2013-08-21,1.566290,1.571700,1.563730,1.565600
2013-08-22,1.565600,1.565940,1.556260,1.558400
2013-08-23,1.558400,1.563720,1.553850,1.556620
2013-08-26,1.557520,1.561170,1.555630,1.557770
2013-08-27,1.557820,1.559220,1.548150,1.554320
2013-08-28,1.554360,1.555240,1.542800,1.552500
2013-08-29,1.552540,1.554800,1.548230,1.550110
2013-08-30,1.550150,1.552760,1.546290,1.549120
2013-09-02,1.551800,1.559310,1.550540,1.554610
2013-09-03,1.554620,1.560260,1.552200,1.555810
2013-09-04,1.555910,1.564710,1.555560,1.562280
2013-09-05,1.562290,1.566680,1.557280,1.558730
2013-09-06,1.558790,1.568080,1.556300,1.562660
2013-09-09,1.562750,1.573210,1.562580,1.569350
2013-09-10,1.569330,1.574390,1.568530,1.573120
2013-09-11,1.573120,1.582870,1.571840,1.582280
2013-09-12,1.582260,1.583910,1.577630,1.580670
2013-09-13,1.580680,1.588440,1.577610,1.587290
2013-09-16,1.593180,1.596260,1.589430,1.589650
2013-09-17,1.589660,1.593580,1.588570,1.590610
2013-09-18,1.590610,1.616240,1.589220,1.613380
2013-09-19,1.613420,1.614670,1.602250,1.602910
2013-09-20,1.602910,1.606650,1.598640,1.600160
2013-09-23,1.599870,1.607200,1.599780,1.604080
2013-09-24,1.604080,1.604350,1.595500,1.600090
2013-09-25,1.600130,1.608770,1.597920,1.607720
2013-09-26,1.607730,1.609590,1.599920,1.603730
2013-09-27,1.603740,1.614660,1.602960,1.613660
2013-09-30,1.614190,1.620240,1.612800,1.618370
2013-10-01,1.618380,1.625990,1.618230,1.619050
2013-10-02,1.619050,1.625020,1.616230,1.622890
2013-10-03,1.622880,1.624050,1.615400,1.615810
2013-10-04,1.615820,1.617750,1.600540,1.600550
2013-10-07,1.602530,1.609950,1.602510,1.608840
2013-10-08,1.608840,1.612370,1.601960,1.608310
2013-10-09,1.608310,1.612090,1.591600,1.595220
2013-10-10,1.595280,1.597830,1.591370,1.597120
2013-10-11,1.597120,1.600150,1.592330,1.594590
2013-10-14,1.596680,1.601790,1.595410,1.598010
2013-10-15,1.597990,1.600860,1.591490,1.599650
2013-10-16,1.599640,1.605780,1.589380,1.595500
2013-10-17,1.595530,1.617180,1.593980,1.616020
2013-10-18,1.616070,1.622470,1.614160,1.616380
2013-10-21,1.617120,1.618060,1.613200,1.614290
2013-10-22,1.614440,1.624760,1.611540,1.622930
2013-10-23,1.622890,1.625620,1.611960,1.616420
2013-10-24,1.616380,1.622260,1.613740,1.620100
2013-10-25,1.620130,1.624670,1.615020,1.616190
2013-10-28,1.617290,1.620790,1.612420,1.613640
2013-10-29,1.613640,1.614390,1.602340,1.605080
2013-10-30,1.605040,1.607790,1.599840,1.602640
2013-10-31,1.602700,1.606830,1.600560,1.604270
2013-11-01,1.604290,1.604620,1.590860,1.592140
2013-11-04,1.592700,1.597820,1.590320,1.596360
2013-11-05,1.596370,1.606240,1.594820,1.604540
2013-11-06,1.604580,1.611750,1.604140,1.608120
2013-11-07,1.608120,1.611360,1.600960,1.609420
2013-11-08,1.609400,1.610470,1.595690,1.601260
2013-11-11,1.600720,1.602150,1.596530,1.598670
2013-11-12,1.598700,1.599210,1.585390,1.589520
2013-11-13,1.589490,1.606730,1.587790,1.604140
2013-11-14,1.604180,1.610100,1.598850,1.606170
2013-11-15,1.606150,1.613400,1.604810,1.611420
2013-11-18,1.611970,1.614840,1.608140,1.610910
2013-11-19,1.610890,1.613200,1.605930,1.611640
2013-11-20,1.611640,1.617780,1.608720,1.610180
2013-11-21,1.610100,1.620200,1.607210,1.619330
2013-11-22,1.619330,1.622520,1.617660,1.622120
2013-11-25,1.623510,1.624010,1.613330,1.616230
2013-11-26,1.616130,1.621890,1.613880,1.621070
2013-11-27,1.621080,1.633020,1.619730,1.628630
2013-11-28,1.628630,1.635730,1.627660,1.633630
2013-11-29,1.633630,1.638410,1.631420,1.636110
2013-12-02,1.637390,1.644230,1.634290,1.635000
2013-12-03,1.635060,1.643650,1.634640,1.638510
2013-12-04,1.638500,1.640340,1.632630,1.637850
2013-12-05,1.637840,1.640340,1.630010,1.633920
2013-12-06,1.633920,1.639310,1.629160,1.634540
2013-12-09,1.634600,1.643220,1.632320,1.642230
2013-12-10,1.642180,1.646520,1.641850,1.644600
2013-12-11,1.644610,1.645730,1.633900,1.637530
2013-12-12,1.637560,1.641780,1.632050,1.634280
2013-12-13,1.634280,1.635970,1.626230,1.629140
2013-12-16,1.630550,1.634850,1.628930,1.629700
2013-12-17,1.629720,1.633550,1.621750,1.627280
2013-12-18,1.627240,1.648410,1.626910,1.638270
2013-12-19,1.638270,1.639550,1.633530,1.636400
2013-12-20,1.636400,1.639440,1.631570,1.632790
2013-12-23,1.632730,1.637470,1.632150,1.634640
2013-12-24,1.634610,1.638110,1.632190,1.636940
2013-12-26,1.637930,1.643780,1.637070,1.641370
2013-12-27,1.641390,1.657750,1.640540,1.647870
2013-12-30,1.648830,1.653250,1.645970,1.649300
2013-12-31,1.649270,1.657780,1.647420,1.656490
2014-01-01,1.656230,1.657590,1.655800,1.657590
2014-01-02,1.657440,1.660300,1.641060,1.644420
2014-01-03,1.644420,1.647380,1.639520,1.641510
2014-01-06,1.641090,1.643340,1.633740,1.641450
2014-01-07,1.641410,1.643810,1.637390,1.640030
2014-01-08,1.640010,1.647150,1.637650,1.644270
2014-01-09,1.644250,1.649730,1.644090,1.647340
2014-01-10,1.647340,1.651690,1.638040,1.647840
2014-01-13,1.648670,1.650780,1.634650,1.638170
2014-01-14,1.638170,1.646410,1.636700,1.643500
2014-01-15,1.643500,1.643910,1.632220,1.636780
2014-01-16,1.636790,1.638290,1.631470,1.635040
2014-01-17,1.635060,1.645830,1.630900,1.642260
2014-01-20,1.641480,1.645190,1.639530,1.642780
2014-01-21,1.642710,1.648530,1.639910,1.647460
2014-01-22,1.647440,1.658650,1.645040,1.656830
2014-01-23,1.656790,1.664280,1.655660,1.663790
2014-01-24,1.663780,1.666800,1.647680,1.647680
2014-01-27,1.647540,1.658750,1.647430,1.657830
2014-01-28,1.657830,1.662500,1.653550,1.656370
2014-01-29,1.656390,1.660630,1.652530,1.655550
2014-01-30,1.655530,1.656390,1.644470,1.649250
2014-01-31,1.649250,1.649780,1.642710,1.643430
2014-02-03,1.642960,1.644070,1.628980,1.630830
2014-02-04,1.630880,1.634420,1.625690,1.632400
2014-02-05,1.632360,1.634060,1.625190,1.631160
2014-02-06,1.631160,1.634830,1.627240,1.631780
2014-02-07,1.631780,1.641770,1.630050,1.641010
2014-02-10,1.640800,1.642690,1.638290,1.640450
2014-02-11,1.640460,1.648710,1.639210,1.644890
2014-02-12,1.644870,1.661800,1.642540,1.661080
2014-02-13,1.660980,1.667300,1.659990,1.665570
2014-02-14,1.665580,1.675550,1.664390,1.674660
2014-02-17,1.675790,1.682230,1.669540,1.671330
2014-02-18,1.671270,1.674100,1.665560,1.667860
2014-02-19,1.667980,1.673350,1.663670,1.667910
2014-02-20,1.667970,1.669960,1.662550,1.665280
2014-02-21,1.665120,1.672470,1.661250,1.661450
2014-02-24,1.663230,1.667870,1.658310,1.665570
2014-02-25,1.665530,1.672660,1.664240,1.667690
2014-02-26,1.667720,1.670130,1.662150,1.666570
2014-02-27,1.666570,1.669890,1.661660,1.668800
2014-02-28,1.668770,1.676840,1.667590,1.673980
2014-03-03,1.674140,1.675090,1.665320,1.666330
2014-03-04,1.666320,1.671640,1.664030,1.665840
2014-03-05,1.665820,1.674160,1.665630,1.672130
2014-03-06,1.672120,1.677710,1.668520,1.673820
2014-03-07,1.673790,1.678550,1.670640,1.671140
2014-03-10,1.672100,1.674100,1.662160,1.664480
2014-03-11,1.664500,1.665290,1.659600,1.661780
2014-03-12,1.661780,1.663560,1.656810,1.662170
2014-03-13,1.662170,1.671800,1.660640,1.662360
2014-03-14,1.662360,1.664890,1.658690,1.664640
2014-03-17,1.663440,1.666570,1.660440,1.663510
2014-03-18,1.663510,1.664750,1.654550,1.659530
2014-03-19,1.659520,1.665420,1.650790,1.653380
2014-03-20,1.653410,1.656810,1.647980,1.650620
2014-03-21,1.650620,1.652010,1.647520,1.648520
2014-03-24,1.648530,1.653600,1.646520,1.649610
2014-03-25,1.649460,1.654920,1.648100,1.653270
2014-03-26,1.653270,1.659660,1.650930,1.657600
2014-03-27,1.657620,1.664660,1.655490,1.660750
2014-03-28,1.660750,1.665110,1.659880,1.663780
2014-03-31,1.664220,1.668370,1.661120,1.666300
2014-04-01,1.666290,1.667470,1.661820,1.663070
2014-04-02,1.663070,1.666370,1.661990,1.662480
2014-04-03,1.662480,1.666050,1.657000,1.659410
2014-04-04,1.659410,1.660550,1.655360,1.657120
2014-04-07,1.657130,1.662370,1.656540,1.660840
2014-04-08,1.660840,1.675450,1.660640,1.674810
2014-04-09,1.674790,1.680000,1.672410,1.679050
2014-04-10,1.679070,1.682010,1.675410,1.678340
2014-04-11,1.678330,1.678690,1.671710,1.673040
2014-04-14,1.673690,1.674350,1.669650,1.672380
2014-04-15,1.672430,1.674890,1.666000,1.672840
2014-04-16,1.672840,1.681770,1.671990,1.679640
2014-04-17,1.679620,1.684170,1.678660,1.679230
2014-04-18,1.679300,1.680130,1.677390,1.678860
2014-04-21,1.680090,1.681840,1.678280,1.679300
2014-04-22,1.679300,1.683900,1.678560,1.682370
2014-04-23,1.682390,1.683570,1.676230,1.677950
2014-04-24,1.677940,1.680610,1.676500,1.680110
2014-04-25,1.680110,1.682950,1.678970,1.679770
2014-04-28,1.680250,1.685740,1.677720,1.680800
2014-04-29,1.680780,1.684670,1.679270,1.682610
2014-04-30,1.682540,1.690060,1.680690,1.687410
2014-05-01,1.687390,1.691950,1.687130,1.688810
2014-05-02,1.688810,1.689490,1.682150,1.686850
2014-05-05,1.687430,1.688230,1.685320,1.686790
2014-05-06,1.686750,1.699610,1.686590,1.697260
2014-05-07,1.697260,1.698590,1.695100,1.695430
2014-05-08,1.695420,1.697520,1.692340,1.693110
2014-05-09,1.693100,1.693790,1.683170,1.684720
2014-05-12,1.684690,1.690290,1.684660,1.686770
2014-05-13,1.686750,1.688300,1.681860,1.682640
2014-05-14,1.682660,1.687440,1.675350,1.676590
2014-05-15,1.676580,1.680590,1.673160,1.678900
2014-05-16,1.678870,1.683860,1.678320,1.681000
2014-05-19,1.682270,1.684450,1.680490,1.681390
2014-05-20,1.681380,1.686390,1.680190,1.683790
2014-05-21,1.683780,1.692010,1.683180,1.689870
2014-05-22,1.689880,1.691720,1.685140,1.686650
2014-05-23,1.686700,1.687510,1.681250,1.683000
2014-05-26,1.683370,1.685240,1.682600,1.684020
2014-05-27,1.684020,1.688160,1.678230,1.680990
2014-05-28,1.680980,1.681530,1.669710,1.671070
2014-05-29,1.671070,1.674010,1.669250,1.671650
2014-05-30,1.671650,1.677700,1.671510,1.675050
2014-06-02,1.675990,1.676120,1.672490,1.674660
2014-06-03,1.674610,1.678210,1.673050,1.674860
2014-06-04,1.674840,1.676810,1.669880,1.673560
2014-06-05,1.673530,1.682490,1.672240,1.681380
2014-06-06,1.681380,1.684540,1.678070,1.679970
2014-06-09,1.680830,1.683210,1.678380,1.680190
2014-06-10,1.680140,1.681710,1.674250,1.675390
2014-06-11,1.675370,1.681020,1.673780,1.678960
2014-06-12,1.678950,1.693520,1.678700,1.692510
2014-06-13,1.692470,1.699130,1.692150,1.696340
2014-06-16,1.697520,1.701060,1.695920,1.697990
2014-06-17,1.697980,1.698900,1.693760,1.696150
2014-06-18,1.696120,1.700210,1.691950,1.699140
2014-06-19,1.699130,1.706260,1.698430,1.703900
2014-06-20,1.703950,1.706020,1.700270,1.701380
2014-06-23,1.702100,1.704910,1.700140,1.702660
2014-06-24,1.702640,1.703170,1.696560,1.698340
2014-06-25,1.698360,1.700410,1.695210,1.698120
2014-06-26,1.698150,1.703980,1.697080,1.702490
2014-06-27,1.702490,1.705120,1.700650,1.703120
2014-06-30,1.703410,1.711360,1.700850,1.710850
2014-07-01,1.710860,1.716480,1.709460,1.714780
2014-07-02,1.714770,1.717500,1.713890,1.716260
2014-07-03,1.716270,1.716370,1.710570,1.715140
2014-07-04,1.715150,1.717890,1.713100,1.715950
2014-07-07,1.716250,1.716300,1.710800,1.713080
2014-07-08,1.713120,1.714680,1.708490,1.712950
2014-07-09,1.712930,1.716000,1.709370,1.715560
2014-07-10,1.715540,1.716690,1.710460,1.713110
2014-07-11,1.713120,1.715020,1.708850,1.710980
2014-07-14,1.712060,1.714410,1.706980,1.708470
2014-07-15,1.708450,1.718980,1.705930,1.714200
2014-07-16,1.714190,1.715110,1.711320,1.713750
2014-07-17,1.713730,1.714330,1.708530,1.710070
2014-07-18,1.710040,1.711750,1.703600,1.707600
2014-07-21,1.708100,1.709890,1.705520,1.707220
2014-07-22,1.707220,1.708250,1.704120,1.706430
2014-07-23,1.706410,1.709490,1.702370,1.703910
2014-07-24,1.703840,1.705310,1.696590,1.698680
2014-07-25,1.698560,1.699770,1.696070,1.697340
2014-07-28,1.697620,1.700070,1.697210,1.698270
2014-07-29,1.698210,1.699450,1.693300,1.694340
2014-07-30,1.694290,1.695480,1.688880,1.691070
2014-07-31,1.691090,1.692640,1.685620,1.688310
2014-08-01,1.688300,1.689230,1.680270,1.682150
2014-08-04,1.682370,1.686430,1.681350,1.685920
2014-08-05,1.685920,1.688830,1.684470,1.688190
2014-08-06,1.688220,1.688330,1.682130,1.685130
2014-08-07,1.685140,1.686350,1.682310,1.683250
2014-08-08,1.683250,1.683350,1.676630,1.676850
2014-08-11,1.677360,1.679540,1.677010,1.678680
2014-08-12,1.678700,1.681550,1.675660,1.681010
2014-08-13,1.681000,1.684450,1.668500,1.668900
2014-08-14,1.668850,1.669660,1.665710,1.668430
2014-08-15,1.668440,1.670130,1.667640,1.668610
2014-08-18,1.671520,1.673710,1.671210,1.672660
2014-08-19,1.672650,1.672730,1.661090,1.661510
2014-08-20,1.661530,1.667850,1.658940,1.659350
2014-08-21,1.659330,1.660120,1.656370,1.657880
2014-08-22,1.657860,1.659750,1.656090,1.656490
2014-08-25,1.654170,1.659800,1.653880,1.657010
2014-08-26,1.657000,1.659500,1.653810,1.654110
2014-08-27,1.654070,1.660490,1.653660,1.657370
2014-08-28,1.657370,1.661320,1.656690,1.658830
2014-08-29,1.658810,1.661310,1.656240,1.659710
2014-09-01,1.658950,1.664350,1.658550,1.660830
2014-09-02,1.660830,1.661470,1.646740,1.646930
2014-09-03,1.646930,1.649720,1.643980,1.645970
2014-09-04,1.645930,1.646560,1.630610,1.631650
2014-09-05,1.631620,1.634050,1.628060,1.632620
2014-09-08,1.618650,1.623280,1.609280,1.609290
2014-09-09,1.609380,1.615680,1.605910,1.610460
2014-09-10,1.610440,1.622980,1.605200,1.620110
2014-09-11,1.620260,1.627700,1.618520,1.627380
2014-09-12,1.627380,1.627380,1.620460,1.626300
2014-09-15,1.626980,1.627310,1.622090,1.622660
2014-09-16,1.622740,1.631180,1.616210,1.627020
2014-09-17,1.627020,1.635830,1.624890,1.625850
2014-09-18,1.625820,1.645950,1.624650,1.643810
2014-09-19,1.643940,1.652440,1.628380,1.628760
2014-09-22,1.629050,1.636780,1.628970,1.636200
2014-09-23,1.636170,1.641560,1.630290,1.639010
2014-09-24,1.638970,1.641340,1.632740,1.633640
2014-09-25,1.633650,1.634180,1.627630,1.631770
2014-09-26,1.631770,1.633290,1.623790,1.624160
2014-09-29,1.623830,1.627450,1.621430,1.624220
2014-09-30,1.624200,1.628730,1.616640,1.621490
2014-10-01,1.621490,1.625210,1.616180,1.618260
2014-10-02,1.618250,1.625000,1.611260,1.614960
2014-10-03,1.614960,1.615910,1.595180,1.596720
2014-10-06,1.596830,1.609930,1.595420,1.608160
2014-10-07,1.608150,1.612910,1.602600,1.609680
2014-10-08,1.609650,1.618160,1.603190,1.615910
2014-10-09,1.615900,1.622680,1.610450,1.611900
2014-10-10,1.611900,1.613580,1.600860,1.607560
2014-10-13,1.606810,1.612670,1.605090,1.607390
2014-10-14,1.607400,1.608010,1.589740,1.590470
2014-10-15,1.590470,1.606920,1.587500,1.600150
2014-10-16,1.600150,1.609670,1.594120,1.607400
2014-10-17,1.607390,1.612520,1.602960,1.609150
2014-10-20,1.609350,1.617870,1.607950,1.615870
2014-10-21,1.615850,1.618380,1.610870,1.611670
2014-10-22,1.611650,1.613030,1.601090,1.604170
2014-10-23,1.604170,1.605960,1.599400,1.602780
2014-10-24,1.602760,1.609790,1.601630,1.608320
2014-10-27,1.609270,1.614650,1.608580,1.611180
2014-10-28,1.611180,1.618200,1.608820,1.613390
2014-10-29,1.613410,1.616110,1.600240,1.601400
2014-10-30,1.601420,1.603800,1.595050,1.599300
2014-10-31,1.599320,1.601070,1.594140,1.599300
2014-11-03,1.597250,1.602120,1.592590,1.597730
2014-11-04,1.597680,1.601570,1.596460,1.600450
2014-11-05,1.600460,1.602120,1.586840,1.596020
2014-11-06,1.596050,1.600150,1.582380,1.583400
2014-11-07,1.583400,1.588600,1.578930,1.587000
2014-11-10,1.588090,1.591690,1.583910,1.584510
2014-11-11,1.584480,1.594410,1.583470,1.591550
2014-11-12,1.591550,1.594040,1.575930,1.576580
2014-11-13,1.576510,1.578080,1.569340,1.570490
2014-11-14,1.570490,1.570760,1.559260,1.566720
2014-11-17,1.566570,1.573500,1.561930,1.563440
2014-11-18,1.563480,1.567860,1.561920,1.562100
2014-11-19,1.562100,1.572080,1.558970,1.568010
2014-11-20,1.568020,1.573670,1.563150,1.569240
2014-11-21,1.569170,1.571320,1.562540,1.565530
2014-11-24,1.563610,1.571430,1.562790,1.570360
2014-11-25,1.570670,1.573510,1.564830,1.570610
2014-11-26,1.570780,1.580520,1.567870,1.578960
2014-11-27,1.578850,1.582550,1.571620,1.573470
2014-11-28,1.573480,1.573880,1.561370,1.563890
2014-12-01,1.564050,1.576340,1.558460,1.572910
2014-12-02,1.572920,1.574220,1.563140,1.563690
2014-12-03,1.563470,1.571920,1.561900,1.568240
2014-12-04,1.568590,1.572540,1.564280,1.567230
2014-12-05,1.567200,1.569490,1.556850,1.557630
2014-12-08,1.555760,1.567870,1.554110,1.565070
2014-12-09,1.564500,1.571670,1.562550,1.566240
2014-12-10,1.566580,1.571890,1.564700,1.571020
2014-12-11,1.571520,1.575660,1.565200,1.571850
2014-12-12,1.573180,1.574630,1.569420,1.571590
2014-12-15,1.571440,1.574640,1.560110,1.563120
2014-12-16,1.563560,1.578520,1.560790,1.574770
2014-12-17,1.574650,1.575200,1.554080,1.557220
2014-12-18,1.556100,1.567720,1.554880,1.566780
2014-12-19,1.566740,1.568200,1.560500,1.561670
2014-12-22,1.562510,1.566510,1.557260,1.558870
2014-12-23,1.558870,1.560780,1.548540,1.552000
2014-12-24,1.552000,1.555690,1.550370,1.555000
2014-12-26,1.555760,1.556640,1.553650,1.554990
2014-12-29,1.555880,1.558530,1.550680,1.551420
2014-12-30,1.551100,1.557330,1.550040,1.555860
2014-12-31,1.555820,1.562020,1.554900,1.558010
2015-01-02,1.554400,1.554670,1.532420,1.532440
2015-01-05,1.529950,1.531840,1.517180,1.524830
2015-01-06,1.524820,1.527290,1.514040,1.514850
2015-01-07,1.514850,1.515460,1.505430,1.510840
2015-01-08,1.510830,1.511660,1.503360,1.508820
2015-01-09,1.508820,1.517380,1.507640,1.515710
2015-01-12,1.517680,1.519290,1.509820,1.516940
2015-01-13,1.516970,1.519080,1.507690,1.515820
2015-01-14,1.515820,1.526780,1.514430,1.523200
2015-01-15,1.523210,1.526650,1.514940,1.518050
2015-01-16,1.518130,1.523360,1.507450,1.514500
2015-01-19,1.512740,1.517800,1.510790,1.510980
2015-01-20,1.511070,1.519850,1.505770,1.514170
2015-01-21,1.514210,1.517790,1.507510,1.513990
2015-01-22,1.513970,1.521140,1.497140,1.500760
2015-01-23,1.500870,1.503460,1.495030,1.498760
2015-01-26,1.500790,1.510260,1.498580,1.507580
2015-01-27,1.507510,1.522270,1.505900,1.519580
2015-01-28,1.519190,1.521850,1.513020,1.513640
2015-01-29,1.513490,1.516160,1.501760,1.506420
2015-01-30,1.506260,1.509500,1.498820,1.506190
2015-02-02,1.509330,1.509820,1.500480,1.503730
2015-02-03,1.503800,1.519690,1.498830,1.516500
2015-02-04,1.516500,1.524990,1.513820,1.518010
2015-02-05,1.518050,1.534270,1.516420,1.532640
2015-02-06,1.532630,1.535160,1.521030,1.522500
2015-02-09,1.522650,1.526620,1.520000,1.521360
2015-02-10,1.521340,1.527460,1.519590,1.525300
2015-02-11,1.525300,1.529880,1.521840,1.523580
2015-02-12,1.523510,1.541270,1.520880,1.538250
2015-02-13,1.538240,1.542150,1.537050,1.539280
2015-02-16,1.541780,1.543960,1.533850,1.536130
2015-02-17,1.536070,1.540130,1.531560,1.535180
2015-02-18,1.535170,1.547770,1.534100,1.543440
2015-02-19,1.543450,1.546490,1.540400,1.541340
2015-02-20,1.541240,1.543330,1.534300,1.539830
2015-02-23,1.539530,1.547390,1.533210,1.545580
2015-02-24,1.545540,1.547330,1.540380,1.545150
2015-02-25,1.545270,1.553800,1.544650,1.552730
2015-02-26,1.552790,1.555160,1.539400,1.540510
2015-02-27,1.540500,1.545800,1.538400,1.543650
2015-03-02,1.541510,1.542810,1.535130,1.536360
2015-03-03,1.536480,1.539700,1.534420,1.535880
2015-03-04,1.535900,1.537130,1.525150,1.526380
2015-03-05,1.526400,1.526900,1.521490,1.523880
2015-03-06,1.524000,1.525540,1.503140,1.503330
2015-03-09,1.503450,1.513660,1.503280,1.512720
2015-03-10,1.512700,1.512800,1.502840,1.505340
2015-03-11,1.505380,1.509590,1.489280,1.492810
2015-03-12,1.492840,1.502600,1.484950,1.488450
2015-03-13,1.488420,1.489620,1.469880,1.473970
2015-03-16,1.473420,1.485290,1.473420,1.482530
2015-03-17,1.482310,1.484470,1.472360,1.474280
2015-03-18,1.474330,1.516480,1.463470,1.495740
2015-03-19,1.495600,1.500940,1.468760,1.475430
2015-03-20,1.475410,1.498800,1.472150,1.494500
2015-03-23,1.497230,1.497290,1.483770,1.495350
2015-03-24,1.495340,1.498350,1.484110,1.484280
2015-03-25,1.484380,1.495330,1.483030,1.488440
2015-03-26,1.488410,1.499330,1.480620,1.484990
2015-03-27,1.485010,1.492100,1.479590,1.487000
2015-03-30,1.488260,1.490030,1.475270,1.480920
2015-03-31,1.480820,1.487100,1.475450,1.481640
2015-04-01,1.481740,1.487070,1.473900,1.482240
2015-04-02,1.482270,1.486780,1.477560,1.482680
2015-04-03,1.482670,1.494450,1.480950,1.491790
2015-04-06,1.491790,1.498060,1.486960,1.487850
2015-04-07,1.487700,1.491970,1.480210,1.480690
2015-04-08,1.480680,1.497270,1.480660,1.486620
2015-04-09,1.486510,1.488550,1.468470,1.471110
2015-04-10,1.471130,1.472410,1.458650,1.463100
2015-04-13,1.463100,1.468090,1.456500,1.467450
2015-04-14,1.467480,1.480110,1.460290,1.477980
2015-04-15,1.477950,1.485330,1.470040,1.484120
2015-04-16,1.484120,1.496900,1.481140,1.493200
2015-04-17,1.493200,1.505270,1.491540,1.495950
2015-04-20,1.495950,1.498310,1.488730,1.490750
2015-04-21,1.490750,1.497240,1.485570,1.492510
2015-04-22,1.492510,1.507920,1.491270,1.503990
2015-04-23,1.503990,1.506960,1.495930,1.505840
2015-04-24,1.505840,1.518680,1.502680,1.518550
2015-04-27,1.517470,1.526140,1.510650,1.523410
2015-04-28,1.522960,1.534240,1.517190,1.533950
2015-04-29,1.533840,1.549770,1.532740,1.543770
2015-04-30,1.543700,1.549180,1.530330,1.535240
2015-05-01,1.534890,1.539650,1.511410,1.514730
2015-05-04,1.514320,1.517420,1.508970,1.512030
2015-05-05,1.512020,1.521720,1.508990,1.518070
2015-05-06,1.517900,1.528980,1.515080,1.524150
2015-05-07,1.524100,1.527430,1.516470,1.524360
2015-05-08,1.524700,1.552070,1.524500,1.544260
2015-05-11,1.544840,1.561200,1.539250,1.558470
2015-05-12,1.558430,1.570960,1.555650,1.566810
2015-05-13,1.566800,1.576830,1.563330,1.574360
2015-05-14,1.574400,1.581390,1.572830,1.577470
2015-05-15,1.577520,1.580760,1.570050,1.572710
2015-05-18,1.573840,1.574460,1.563720,1.565150
2015-05-19,1.565190,1.566890,1.544510,1.550990
2015-05-20,1.551160,1.558700,1.547180,1.553420
2015-05-21,1.553390,1.569910,1.552410,1.566000
2015-05-22,1.566000,1.568880,1.545950,1.549570
2015-05-25,1.547590,1.550690,1.545550,1.546750
2015-05-26,1.546830,1.547470,1.535320,1.538190
2015-05-27,1.538190,1.543640,1.530060,1.534990
2015-05-28,1.535290,1.538470,1.525960,1.531190
2015-05-29,1.531280,1.534130,1.523560,1.528420
2015-06-01,1.529230,1.530380,1.516950,1.519890
2015-06-02,1.519490,1.536660,1.517850,1.534240
2015-06-03,1.534150,1.537430,1.525150,1.533830
2015-06-04,1.533820,1.544050,1.530390,1.536080
2015-06-05,1.535920,1.536880,1.518970,1.527110
2015-06-08,1.526910,1.536320,1.522070,1.534710
2015-06-09,1.534730,1.538840,1.525670,1.538370
2015-06-10,1.538470,1.555290,1.536820,1.552850
2015-06-11,1.552810,1.553300,1.542010,1.551570
2015-06-12,1.551570,1.559750,1.546630,1.555710
2015-06-15,1.554850,1.561330,1.548700,1.559950
2015-06-16,1.560080,1.565360,1.554090,1.564610
2015-06-17,1.564590,1.584640,1.562520,1.583030
2015-06-18,1.582990,1.592920,1.580550,1.587690
2015-06-19,1.587820,1.589590,1.583460,1.587600
2015-06-22,1.587140,1.590930,1.580470,1.582250
2015-06-23,1.582250,1.583090,1.570840,1.572860
2015-06-24,1.572820,1.580210,1.566670,1.570310
2015-06-25,1.570400,1.576980,1.567620,1.574550
2015-06-26,1.574680,1.576630,1.570810,1.574550
2015-06-29,1.569600,1.578780,1.566130,1.573520
2015-06-30,1.573600,1.577550,1.569240,1.570650
2015-07-01,1.570360,1.573220,1.558800,1.561460
2015-07-02,1.561440,1.563940,1.556180,1.560680
2015-07-03,1.560570,1.564330,1.555560,1.557730
2015-07-06,1.554170,1.562780,1.553140,1.560160
2015-07-07,1.560120,1.560900,1.541320,1.546090
2015-07-08,1.546120,1.546660,1.532970,1.536060
2015-07-09,1.536020,1.541990,1.534290,1.537900
2015-07-10,1.537900,1.555010,1.536330,1.551290
2015-07-13,1.550280,1.558840,1.548060,1.548420
2015-07-14,1.548440,1.563840,1.545020,1.563480
2015-07-15,1.563480,1.567440,1.557610,1.563650
2015-07-16,1.563630,1.565000,1.555960,1.560660
2015-07-17,1.560560,1.567230,1.555270,1.560540
2015-07-20,1.560020,1.562690,1.553800,1.555950
2015-07-21,1.555890,1.559000,1.552830,1.555280
2015-07-22,1.555150,1.564590,1.554410,1.561070
2015-07-23,1.560800,1.567010,1.550060,1.551290
2015-07-24,1.551470,1.552560,1.546630,1.551270
2015-07-27,1.550900,1.559480,1.549020,1.555680
2015-07-28,1.555710,1.562720,1.552770,1.561050
2015-07-29,1.561130,1.568910,1.558720,1.560420
2015-07-30,1.559950,1.564290,1.556220,1.559940
2015-07-31,1.559660,1.567780,1.554860,1.562010
2015-08-03,1.562890,1.564430,1.556490,1.558460
2015-08-04,1.558250,1.563330,1.555720,1.556030
2015-08-05,1.555890,1.565070,1.552530,1.559760
2015-08-06,1.559720,1.563630,1.546660,1.550990
2015-08-07,1.550710,1.554500,1.542430,1.549580
2015-08-10,1.548410,1.560530,1.545790,1.558420
2015-08-11,1.558960,1.561620,1.555480,1.556540
2015-08-12,1.557040,1.565940,1.553360,1.560580
2015-08-13,1.560880,1.563630,1.557260,1.560580
2015-08-14,1.560510,1.565920,1.558810,1.564070
2015-08-17,1.565070,1.568750,1.557830,1.558100
2015-08-18,1.558020,1.571660,1.556170,1.565480
2015-08-19,1.565810,1.570000,1.563500,1.567500
2015-08-20,1.567470,1.570110,1.560570,1.568330
2015-08-21,1.568470,1.572280,1.565740,1.568530
2015-08-24,1.567640,1.580280,1.562990,1.576970
2015-08-25,1.577310,1.581860,1.568080,1.568080
2015-08-26,1.568530,1.571950,1.545200,1.545780
2015-08-27,1.545750,1.550830,1.536960,1.539790
2015-08-28,1.539880,1.544250,1.533480,1.538970
2015-08-31,1.541040,1.543630,1.533900,1.534150
2015-09-01,1.533840,1.540740,1.529940,1.530180
2015-09-02,1.530150,1.532530,1.526370,1.529640
2015-09-03,1.529490,1.531290,1.521870,1.525430
2015-09-04,1.525250,1.527330,1.516430,1.516750
2015-09-07,1.517520,1.528780,1.517070,1.527390
2015-09-08,1.527190,1.541210,1.526920,1.539260
2015-09-09,1.538740,1.540400,1.534930,1.536410
2015-09-10,1.536440,1.547560,1.533830,1.544100
2015-09-11,1.543930,1.546120,1.539950,1.542700
2015-09-14,1.542630,1.547060,1.537230,1.542310
2015-09-15,1.542190,1.545660,1.532930,1.534120
2015-09-16,1.534190,1.552810,1.532960,1.549030
2015-09-17,1.548790,1.562750,1.548560,1.558780
2015-09-18,1.558750,1.565790,1.551390,1.552430
2015-09-21,1.552300,1.556740,1.548030,1.550550
2015-09-22,1.550430,1.552790,1.533990,1.536120
2015-09-23,1.536330,1.536640,1.522010,1.524130
2015-09-24,1.524180,1.528850,1.520020,1.524030
2015-09-25,1.523730,1.526000,1.513490,1.517730
2015-09-28,1.519090,1.524060,1.515680,1.517160
2015-09-29,1.517160,1.520450,1.512850,1.514830
2015-09-30,1.514750,1.521320,1.510680,1.512600
2015-10-01,1.512600,1.517960,1.510640,1.512820
2015-10-02,1.512690,1.523700,1.512690,1.517680
2015-10-05,1.518710,1.524400,1.513610,1.514310
2015-10-06,1.514280,1.524290,1.513940,1.522300
2015-10-07,1.522410,1.533910,1.521800,1.531480
2015-10-08,1.531460,1.537170,1.526080,1.534500
2015-10-09,1.534600,1.538280,1.529960,1.532380
2015-10-12,1.530390,1.537280,1.530390,1.534650
2015-10-13,1.534570,1.538720,1.519980,1.524620
2015-10-14,1.524490,1.549390,1.524490,1.547620
2015-10-15,1.547210,1.550810,1.541430,1.545110
2015-10-16,1.544600,1.548600,1.542990,1.543570
2015-10-19,1.543040,1.549660,1.542710,1.546460
2015-10-20,1.546200,1.550580,1.543480,1.544090
2015-10-21,1.544070,1.547690,1.541190,1.541830
2015-10-22,1.541520,1.550880,1.534520,1.539310
2015-10-23,1.539100,1.541850,1.530560,1.531200
2015-10-26,1.530780,1.538140,1.530560,1.534880
2015-10-27,1.534880,1.535830,1.528220,1.530410
2015-10-28,1.530410,1.534670,1.524830,1.526660
2015-10-29,1.526670,1.532100,1.524180,1.531130
2015-10-30,1.531160,1.546730,1.530850,1.542750
2015-11-02,1.544490,1.549710,1.540370,1.541530
2015-11-03,1.541470,1.544470,1.535890,1.542150
2015-11-04,1.541880,1.544460,1.536030,1.538310
2015-11-05,1.538630,1.540110,1.520480,1.520590
2015-11-06,1.520450,1.521890,1.502680,1.504300
2015-11-09,1.503960,1.512780,1.503810,1.511230
2015-11-10,1.511210,1.514490,1.509090,1.511790
2015-11-11,1.511120,1.522040,1.511120,1.521150
2015-11-12,1.520760,1.524600,1.517350,1.523170
2015-11-13,1.522830,1.526480,1.518700,1.522990
2015-11-16,1.522420,1.523080,1.518090,1.519980
2015-11-17,1.520050,1.523810,1.515400,1.521200
2015-11-18,1.521250,1.524810,1.518730,1.523110
2015-11-19,1.523600,1.533510,1.522710,1.529140
2015-11-20,1.529100,1.530930,1.518220,1.518920
2015-11-23,1.516940,1.519570,1.510860,1.512280
2015-11-24,1.512200,1.515510,1.505300,1.507860
2015-11-25,1.508000,1.513560,1.505560,1.512860
2015-11-26,1.511860,1.512990,1.506540,1.510130
2015-11-27,1.509920,1.510920,1.502940,1.503310
2015-11-30,1.503170,1.506800,1.499320,1.505560
2015-12-01,1.505340,1.512510,1.505010,1.507940
2015-12-02,1.508030,1.508130,1.489450,1.494950
2015-12-03,1.494160,1.515860,1.490400,1.514340
2015-12-04,1.514070,1.515630,1.507730,1.510490
2015-12-07,1.510650,1.511410,1.504410,1.505260
2015-12-08,1.505340,1.506090,1.495620,1.500710
2015-12-09,1.500500,1.519130,1.500400,1.518060
2015-12-10,1.517520,1.520150,1.511050,1.515720
2015-12-11,1.515830,1.523910,1.512490,1.522260
2015-12-14,1.522450,1.523000,1.510700,1.513940
2015-12-15,1.514050,1.518450,1.502880,1.503500
2015-12-16,1.503500,1.509840,1.495880,1.499980
2015-12-17,1.499640,1.500840,1.486450,1.489750
2015-12-18,1.489330,1.494950,1.488510,1.488670
2015-12-21,1.489050,1.492890,1.487700,1.488150
2015-12-22,1.488080,1.490740,1.480500,1.482560
2015-12-23,1.482280,1.490000,1.481810,1.486930
2015-12-24,1.486790,1.494380,1.484410,1.494060
2015-12-28,1.490080,1.493390,1.487350,1.487850
2015-12-29,1.487260,1.491270,1.478510,1.481250
2015-12-30,1.481380,1.484820,1.479220,1.481200
2015-12-31,1.481180,1.484380,1.473130,1.473170
2016-01-04,1.473060,1.481520,1.466260,1.471670
2016-01-05,1.471190,1.472500,1.463740,1.467200
2016-01-06,1.467130,1.468160,1.460160,1.462950
2016-01-07,1.462630,1.463980,1.453270,1.461500
2016-01-08,1.461350,1.464440,1.450560,1.451560
2016-01-11,1.451440,1.460400,1.449090,1.453950
2016-01-12,1.453930,1.455990,1.435160,1.444560
2016-01-13,1.444560,1.447550,1.437960,1.440510
2016-01-14,1.440440,1.444470,1.435960,1.440900
2016-01-15,1.441020,1.442720,1.425110,1.425430
2016-01-18,1.424720,1.432270,1.423650,1.424140
2016-01-19,1.424160,1.433960,1.412870,1.415570
2016-01-20,1.415200,1.421860,1.412480,1.418970
2016-01-21,1.418680,1.424850,1.407900,1.421980
2016-01-22,1.421730,1.436200,1.420410,1.426450
2016-01-25,1.426040,1.430920,1.422320,1.424670
2016-01-26,1.424670,1.436660,1.417270,1.434870
2016-01-27,1.434770,1.435470,1.422950,1.423270
2016-01-28,1.423180,1.440690,1.423150,1.435810
2016-01-29,1.435770,1.441280,1.414900,1.424220
2016-02-01,1.423840,1.444440,1.422760,1.443080
2016-02-02,1.443070,1.444530,1.432560,1.440690
2016-02-03,1.440640,1.464860,1.438320,1.460170
2016-02-04,1.459360,1.466790,1.452920,1.458660
2016-02-05,1.458770,1.459050,1.445150,1.450010
2016-02-08,1.447870,1.454630,1.435070,1.442900
2016-02-09,1.442900,1.451490,1.437770,1.447100
2016-02-10,1.446830,1.457780,1.443970,1.451870
2016-02-11,1.452070,1.456320,1.438230,1.447510
2016-02-12,1.447280,1.456960,1.444250,1.449210
2016-02-15,1.448880,1.453490,1.441260,1.442970
2016-02-16,1.442760,1.451540,1.427530,1.430180
2016-02-17,1.429750,1.433860,1.423480,1.428910
2016-02-18,1.428620,1.439390,1.425610,1.433220
2016-02-19,1.433490,1.440750,1.424640,1.440260
2016-02-22,1.426070,1.430590,1.405690,1.414890
2016-02-23,1.414730,1.415570,1.400710,1.401910
2016-02-24,1.401720,1.402690,1.387790,1.392310
2016-02-25,1.392390,1.399590,1.389940,1.395950
2016-02-26,1.396130,1.404210,1.385340,1.385940
2016-02-29,1.385570,1.394580,1.383510,1.391220
2016-03-01,1.391230,1.401840,1.390370,1.395070
2016-03-02,1.395230,1.409270,1.391410,1.407850
2016-03-03,1.407530,1.419350,1.403220,1.417320
2016-03-04,1.417350,1.424790,1.410750,1.422930
2016-03-07,1.421480,1.428330,1.413360,1.426200
2016-03-08,1.426070,1.427480,1.417280,1.421430
2016-03-09,1.421160,1.424040,1.417690,1.421340
2016-03-10,1.421510,1.431660,1.411730,1.428030
2016-03-11,1.428180,1.443610,1.425360,1.437910
2016-03-14,1.437300,1.438870,1.429230,1.429850
2016-03-15,1.429970,1.430450,1.413630,1.415120
2016-03-16,1.415120,1.427370,1.405260,1.424980
2016-03-17,1.424970,1.450280,1.422090,1.447310
2016-03-18,1.447510,1.451390,1.440970,1.446970
2016-03-21,1.445950,1.446730,1.436500,1.436810
2016-03-22,1.436860,1.439690,1.418980,1.421260
2016-03-23,1.421310,1.422700,1.408170,1.411710
2016-03-24,1.411690,1.418220,1.405670,1.415210
2016-03-25,1.415210,1.415690,1.410870,1.412380
2016-03-28,1.413000,1.428280,1.411970,1.425090
2016-03-29,1.425170,1.440350,1.419410,1.438260
2016-03-30,1.437680,1.445860,1.436020,1.437760
2016-03-31,1.437390,1.442560,1.432540,1.436130
2016-04-01,1.435840,1.437080,1.417030,1.422550
2016-04-04,1.421820,1.432110,1.419040,1.426190
2016-04-05,1.425640,1.427830,1.412110,1.415790
2016-04-06,1.415670,1.417070,1.400470,1.411930
2016-04-07,1.411910,1.415640,1.404840,1.405380
2016-04-08,1.405410,1.414040,1.404000,1.411390
2016-04-11,1.411370,1.428600,1.410480,1.423790
2016-04-12,1.423410,1.434770,1.419580,1.427210
2016-04-13,1.427220,1.427860,1.419240,1.420110
2016-04-14,1.420110,1.420700,1.408990,1.414990
2016-04-15,1.414870,1.424150,1.413230,1.419810
2016-04-18,1.418900,1.429020,1.413060,1.427460
2016-04-19,1.427390,1.441860,1.427020,1.439610
2016-04-20,1.438820,1.441020,1.432950,1.433080
2016-04-21,1.432520,1.443950,1.429890,1.432140
2016-04-22,1.432020,1.445120,1.431400,1.439550
2016-04-25,1.445790,1.451890,1.440230,1.447880
2016-04-26,1.447800,1.463820,1.447800,1.457850
2016-04-27,1.457830,1.462120,1.447310,1.453900
2016-04-28,1.453930,1.462250,1.452250,1.460590
2016-04-29,1.460590,1.467060,1.457600,1.461020
2016-05-02,1.458630,1.469570,1.458350,1.467180
2016-05-03,1.467180,1.476910,1.452860,1.453420
2016-05-04,1.453200,1.457110,1.446100,1.449190
2016-05-05,1.448770,1.452870,1.444350,1.448420
2016-05-06,1.448080,1.454600,1.441440,1.442470
2016-05-09,1.441210,1.447950,1.437380,1.440720
2016-05-10,1.440250,1.447750,1.438840,1.444200
2016-05-11,1.444120,1.448750,1.439410,1.444460
2016-05-12,1.444430,1.453040,1.440560,1.444960
2016-05-13,1.444590,1.445440,1.433980,1.435840
2016-05-16,1.434680,1.441420,1.433180,1.440090
2016-05-17,1.439780,1.452350,1.439640,1.445960
2016-05-18,1.445460,1.463400,1.440290,1.459730
2016-05-19,1.459480,1.466310,1.456140,1.460930
2016-05-20,1.460780,1.461250,1.448540,1.450370
2016-05-23,1.449750,1.454840,1.444170,1.448180
2016-05-24,1.447850,1.464140,1.447340,1.463160
2016-05-25,1.463250,1.472850,1.460020,1.469710
2016-05-26,1.469370,1.473910,1.463950,1.466880
2016-05-27,1.466750,1.468820,1.460430,1.461820
2016-05-30,1.460600,1.464110,1.458690,1.463840
2016-05-31,1.463970,1.472410,1.446440,1.447920
2016-06-01,1.447560,1.450720,1.438550,1.441330
2016-06-02,1.441390,1.447230,1.440570,1.442190
2016-06-03,1.441820,1.458130,1.439840,1.451400
2016-06-06,1.446700,1.448150,1.435150,1.443790
2016-06-07,1.443960,1.465930,1.443360,1.454250
2016-06-08,1.453680,1.459990,1.449990,1.450320
2016-06-09,1.450260,1.452650,1.444630,1.445310
2016-06-10,1.445060,1.447190,1.417930,1.425120
2016-06-13,1.425560,1.432760,1.411450,1.426720
2016-06-14,1.425700,1.426180,1.409020,1.410870
2016-06-15,1.410610,1.421720,1.408940,1.420440
2016-06-16,1.420380,1.425320,1.401220,1.420040
2016-06-17,1.420100,1.438720,1.419650,1.435580
2016-06-20,1.446570,1.471920,1.443360,1.468330
2016-06-21,1.468330,1.478280,1.461580,1.465330
2016-06-22,1.464740,1.477330,1.464080,1.470060
2016-06-23,1.470540,1.494600,1.469750,1.487050
2016-06-24,1.486600,1.501710,1.322900,1.363030
2016-06-27,1.342260,1.348340,1.311970,1.322500
2016-06-28,1.322440,1.341810,1.320130,1.333970
2016-06-29,1.333940,1.353290,1.328610,1.342940
2016-06-30,1.338550,1.349610,1.320510,1.330910
2016-07-01,1.330170,1.334890,1.324350,1.326000
2016-07-04,1.324030,1.334020,1.323480,1.328540
2016-07-05,1.328100,1.328920,1.299920,1.302000
2016-07-06,1.301920,1.302660,1.279500,1.292930
2016-07-07,1.292060,1.304660,1.287480,1.290400
2016-07-08,1.290230,1.301770,1.287960,1.294440
2016-07-11,1.294480,1.301750,1.284990,1.299690
2016-07-12,1.298240,1.329460,1.297150,1.324450
2016-07-13,1.324400,1.333630,1.313290,1.314640
2016-07-14,1.314220,1.347600,1.310440,1.334060
2016-07-15,1.333840,1.348010,1.313120,1.318570
2016-07-18,1.318570,1.331440,1.318230,1.325380
2016-07-19,1.325120,1.327410,1.307320,1.310690
2016-07-20,1.310930,1.322640,1.306410,1.320120
2016-07-21,1.319870,1.327440,1.315470,1.323080
2016-07-22,1.321750,1.329040,1.307840,1.310860
2016-07-25,1.314130,1.316410,1.309440,1.313880
2016-07-26,1.313440,1.317490,1.305640,1.312890
2016-07-27,1.311880,1.323420,1.307090,1.322390
2016-07-28,1.321920,1.324730,1.311650,1.316260
2016-07-29,1.315900,1.330110,1.314760,1.322240
2016-08-01,1.321900,1.327160,1.316190,1.317540
2016-08-02,1.317300,1.336500,1.317110,1.335340
2016-08-03,1.334760,1.337120,1.327990,1.332290
2016-08-04,1.332370,1.334570,1.310200,1.310540
2016-08-05,1.309670,1.317440,1.302060,1.306460
2016-08-08,1.307110,1.309600,1.302700,1.304130
2016-08-09,1.303820,1.304720,1.295500,1.300090
2016-08-10,1.300100,1.309320,1.299040,1.300540
2016-08-11,1.300540,1.302720,1.293530,1.295440
2016-08-12,1.295120,1.303420,1.290230,1.291670
2016-08-15,1.291950,1.294430,1.286500,1.288030
2016-08-16,1.287590,1.305060,1.287430,1.304410
2016-08-17,1.304080,1.308530,1.297490,1.303940
2016-08-18,1.303780,1.317200,1.303100,1.316600
2016-08-19,1.316620,1.318430,1.302220,1.307230
2016-08-22,1.304780,1.315660,1.303380,1.313560
2016-08-23,1.313410,1.320990,1.312790,1.319620
2016-08-24,1.319090,1.327240,1.316060,1.323040
2016-08-25,1.323030,1.326310,1.316830,1.318920
2016-08-26,1.318740,1.327860,1.312140,1.312700
2016-08-29,1.311830,1.313840,1.305900,1.310290
2016-08-30,1.310100,1.311930,1.305860,1.307930
2016-08-31,1.307250,1.315740,1.306550,1.313690
2016-09-01,1.313980,1.331730,1.312730,1.326650
2016-09-02,1.325830,1.335180,1.324610,1.328950
2016-09-05,1.329210,1.337500,1.328740,1.330050
2016-09-06,1.329390,1.344450,1.329390,1.344080
2016-09-07,1.342950,1.343800,1.331850,1.333850
2016-09-08,1.333110,1.337480,1.328290,1.329190
2016-09-09,1.329020,1.333550,1.323860,1.326370
2016-09-12,1.326100,1.334650,1.323430,1.333490
2016-09-13,1.333170,1.334040,1.316680,1.319040
2016-09-14,1.316900,1.323970,1.313770,1.323290
2016-09-15,1.322490,1.327870,1.317880,1.323820
2016-09-16,1.323520,1.324690,1.299550,1.299550
2016-09-19,1.299880,1.309060,1.299110,1.302730
2016-09-20,1.302480,1.306420,1.294650,1.298650
2016-09-21,1.298700,1.304630,1.294410,1.303150
2016-09-22,1.302520,1.312040,1.302490,1.307380
2016-09-23,1.307360,1.308680,1.291450,1.295940
2016-09-26,1.296370,1.298590,1.291560,1.297270
2016-09-27,1.297360,1.302610,1.293610,1.302010
2016-09-28,1.302160,1.303110,1.297910,1.301480
2016-09-29,1.301540,1.305740,1.295360,1.296640
2016-09-30,1.296400,1.302220,1.293590,1.297350
2016-10-03,1.291710,1.294590,1.281680,1.283860
2016-10-04,1.283800,1.285960,1.271860,1.272710
2016-10-05,1.272270,1.277080,1.268480,1.274600
2016-10-06,1.274580,1.275930,1.260130,1.261430
2016-10-07,1.261330,1.262160,1.147540,1.242350
2016-10-10,1.239460,1.244340,1.234400,1.236090
2016-10-11,1.236110,1.237250,1.208920,1.212440
2016-10-12,1.212150,1.232430,1.210440,1.220370
2016-10-13,1.220370,1.227170,1.213210,1.225040
2016-10-14,1.225190,1.226080,1.216740,1.216800
2016-10-17,1.215590,1.220100,1.213500,1.218140
2016-10-18,1.217820,1.232440,1.217560,1.229610
2016-10-19,1.229300,1.233180,1.225330,1.228620
2016-10-20,1.228600,1.229760,1.220930,1.225110
2016-10-21,1.225020,1.225990,1.217060,1.222700
2016-10-24,1.221970,1.224870,1.218510,1.223550
2016-10-25,1.223650,1.224290,1.208170,1.218900
2016-10-26,1.218220,1.224870,1.215600,1.224560
2016-10-27,1.224320,1.227080,1.214850,1.215890
2016-10-28,1.215670,1.221210,1.211330,1.216860
2016-10-31,1.218680,1.224870,1.214310,1.223810
2016-11-01,1.223830,1.228030,1.220520,1.224270
2016-11-02,1.224250,1.235320,1.221970,1.230120
2016-11-03,1.230030,1.249390,1.229640,1.246370
2016-11-04,1.246320,1.255680,1.244850,1.250900
2016-11-07,1.245580,1.249670,1.237850,1.239640
2016-11-08,1.239020,1.243920,1.236040,1.238290
2016-11-09,1.237990,1.254660,1.235250,1.240420
2016-11-10,1.240560,1.258390,1.237680,1.255070
2016-11-11,1.254440,1.267300,1.252490,1.257730
2016-11-14,1.256030,1.258980,1.244350,1.248510
2016-11-15,1.248700,1.252860,1.237930,1.245390
2016-11-16,1.245380,1.250180,1.240930,1.243950
2016-11-17,1.244500,1.250440,1.240770,1.241630
2016-11-18,1.241600,1.243580,1.230150,1.233370
2016-11-21,1.234190,1.251120,1.231180,1.248760
2016-11-22,1.248820,1.251200,1.238400,1.242190
2016-11-23,1.241360,1.246810,1.235980,1.243360
2016-11-24,1.242880,1.249410,1.240140,1.244640
2016-11-25,1.244540,1.248100,1.241510,1.246730
2016-11-28,1.245550,1.253090,1.238510,1.241470
2016-11-29,1.240260,1.252510,1.238750,1.248880
2016-11-30,1.248630,1.252280,1.241870,1.250410
2016-12-01,1.250310,1.269540,1.250050,1.258740
2016-12-02,1.258990,1.273620,1.256950,1.272030
2016-12-05,1.267760,1.274400,1.262430,1.272730
2016-12-06,1.272740,1.277420,1.265570,1.267510
2016-12-07,1.266900,1.268200,1.256940,1.262470
2016-12-08,1.262170,1.270410,1.254780,1.258170
2016-12-09,1.257450,1.262020,1.255180,1.256560
2016-12-12,1.257830,1.269940,1.256610,1.267320
2016-12-13,1.267610,1.272750,1.265290,1.265530
2016-12-14,1.265700,1.272210,1.252940,1.256360
2016-12-15,1.255520,1.256730,1.237580,1.241670
2016-12-16,1.241220,1.250930,1.238220,1.248470
2016-12-19,1.247540,1.250140,1.235440,1.239370
2016-12-20,1.239820,1.241410,1.231220,1.236650
2016-12-21,1.235910,1.239020,1.232320,1.235030
2016-12-22,1.234930,1.237770,1.227630,1.228110
2016-12-23,1.228080,1.229820,1.222820,1.225010
2016-12-26,1.228180,1.229630,1.195940,1.227830
2016-12-27,1.227470,1.228610,1.224010,1.226810
2016-12-28,1.226090,1.229640,1.220000,1.222320
2016-12-29,1.221970,1.227400,1.220770,1.225900
2016-12-30,1.225690,1.238770,1.224480,1.232450
2017-01-02,1.232600,1.235390,1.226270,1.227360
2017-01-03,1.226720,1.230640,1.219880,1.223520
2017-01-04,1.222950,1.235240,1.222040,1.232120
2017-01-05,1.231800,1.243180,1.226950,1.241400
2017-01-06,1.240840,1.243010,1.226060,1.227990
2017-01-09,1.224840,1.227020,1.212370,1.215700
2017-01-10,1.215700,1.218980,1.210670,1.217560
2017-01-11,1.217290,1.227150,1.203740,1.221160
2017-01-12,1.220220,1.231600,1.215170,1.215970
2017-01-13,1.215360,1.223240,1.212030,1.217130
2017-01-16,1.199050,1.208500,1.198640,1.204160
2017-01-17,1.204150,1.241510,1.201640,1.241250
2017-01-18,1.240860,1.241280,1.225340,1.225740
2017-01-19,1.225730,1.234310,1.224910,1.234030
2017-01-20,1.233800,1.238010,1.226010,1.237010
2017-01-23,1.237170,1.253730,1.236840,1.253310
2017-01-24,1.253310,1.254440,1.241790,1.251880
2017-01-25,1.251880,1.263820,1.249060,1.262910
2017-01-26,1.263300,1.267310,1.255600,1.258890
2017-01-27,1.259020,1.260500,1.251600,1.254480
2017-01-30,1.257680,1.260000,1.246530,1.248380
2017-01-31,1.247810,1.259600,1.241180,1.257530
2017-02-01,1.257780,1.267900,1.254220,1.265430
2017-02-02,1.265430,1.270570,1.251760,1.252430
2017-02-03,1.252060,1.253760,1.245860,1.247740
2017-02-06,1.248380,1.249820,1.242690,1.246250
2017-02-07,1.246730,1.254600,1.234630,1.250600
2017-02-08,1.250590,1.254900,1.247430,1.253920
2017-02-09,1.253920,1.258170,1.249070,1.249360
2017-02-10,1.249280,1.252060,1.243930,1.247730
2017-02-13,1.246550,1.253910,1.245960,1.252340
2017-02-14,1.252100,1.254770,1.244310,1.246550
2017-02-15,1.246500,1.248030,1.238250,1.245730
2017-02-16,1.245730,1.252320,1.245320,1.248760
2017-02-17,1.248120,1.251050,1.238740,1.240170
2017-02-20,1.240140,1.248220,1.240140,1.245680
2017-02-21,1.245670,1.248030,1.240090,1.247170
2017-02-22,1.246990,1.250760,1.241690,1.244900
2017-02-23,1.244210,1.256120,1.242700,1.255390
2017-02-24,1.255120,1.256920,1.244660,1.244930
2017-02-27,1.246720,1.247840,1.238340,1.244190
2017-02-28,1.244080,1.247030,1.237420,1.238050
2017-03-01,1.237450,1.240410,1.227930,1.229280
2017-03-02,1.228600,1.230710,1.224210,1.226970
2017-03-03,1.226540,1.230010,1.221370,1.228570
2017-03-06,1.227870,1.230010,1.222370,1.223430
2017-03-07,1.223430,1.225230,1.216870,1.219750
2017-03-08,1.219620,1.221340,1.213860,1.216490
2017-03-09,1.216450,1.219500,1.213330,1.216370
2017-03-10,1.216400,1.218810,1.213450,1.215270
2017-03-13,1.216900,1.225050,1.215590,1.221730
2017-03-14,1.221790,1.222070,1.210870,1.215370
2017-03-15,1.215400,1.230870,1.214650,1.228580
2017-03-16,1.228620,1.237640,1.224070,1.235840
2017-03-17,1.235810,1.240440,1.232350,1.238930
2017-03-20,1.238820,1.243530,1.233450,1.235690
2017-03-21,1.235670,1.249400,1.234000,1.246960
2017-03-22,1.247400,1.250560,1.242240,1.247740
2017-03-23,1.247750,1.253070,1.246250,1.251620
2017-03-24,1.251620,1.251980,1.245950,1.245950
2017-03-27,1.248950,1.261480,1.248670,1.255600
2017-03-28,1.255270,1.259600,1.244060,1.245440
2017-03-29,1.244250,1.247600,1.237610,1.243200
2017-03-30,1.242970,1.252400,1.240230,1.246730
2017-03-31,1.246670,1.255740,1.243280,1.253420
2017-04-03,1.254200,1.255540,1.246510,1.248370
2017-04-04,1.247960,1.249500,1.241840,1.243810
2017-04-05,1.243680,1.249780,1.242240,1.248150
2017-04-06,1.248080,1.250530,1.244960,1.246780
2017-04-07,1.246770,1.247720,1.235810,1.235970
2017-04-10,1.237760,1.242870,1.236540,1.241120
2017-04-11,1.240820,1.249440,1.240290,1.248940
2017-04-12,1.248770,1.254780,1.247940,1.253580
2017-04-13,1.253310,1.257370,1.249950,1.250140
2017-04-14,1.250750,1.253430,1.249710,1.251620
2017-04-17,1.252850,1.259570,1.252280,1.256180
2017-04-18,1.256190,1.290480,1.251470,1.283950
2017-04-19,1.283740,1.285980,1.276940,1.277650
2017-04-20,1.277650,1.284650,1.277110,1.281150
2017-04-21,1.281140,1.283410,1.275560,1.279920
2017-04-24,1.282160,1.283640,1.277150,1.279400
2017-04-25,1.279370,1.284530,1.277450,1.284010
2017-04-26,1.284010,1.286320,1.280440,1.284700
2017-04-27,1.284520,1.291710,1.283830,1.290260
2017-04-28,1.290180,1.296470,1.288810,1.292460
2017-05-01,1.293210,1.294230,1.288180,1.288520
2017-05-02,1.288390,1.293910,1.286360,1.293870
2017-05-03,1.293430,1.294710,1.286520,1.286550
2017-05-04,1.286460,1.293240,1.283020,1.291990
2017-05-05,1.291950,1.298350,1.289960,1.297480
2017-05-08,1.298250,1.298790,1.292930,1.293600
2017-05-09,1.293610,1.296020,1.290220,1.293130
2017-05-10,1.293030,1.298740,1.292610,1.293720
2017-05-11,1.293720,1.294830,1.284880,1.288640
2017-05-12,1.288460,1.289960,1.284400,1.287790
2017-05-15,1.288180,1.294040,1.288080,1.289210
2017-05-16,1.289170,1.295680,1.286480,1.291520
2017-05-17,1.291520,1.299000,1.290550,1.296870
2017-05-18,1.296860,1.304700,1.288770,1.293450
2017-05-19,1.293300,1.303950,1.291410,1.302150
2017-05-22,1.299320,1.304230,1.296490,1.299950
2017-05-23,1.299850,1.303320,1.295230,1.296000
2017-05-24,1.296000,1.299850,1.292640,1.297220
2017-05-25,1.297230,1.301440,1.293110,1.294020
2017-05-26,1.293980,1.294660,1.277460,1.278780
2017-05-29,1.279310,1.284980,1.279310,1.283740
2017-05-30,1.283720,1.288780,1.279340,1.285660
2017-05-31,1.285660,1.292040,1.276840,1.288780
2017-06-01,1.288780,1.291520,1.282940,1.287890
2017-06-02,1.287890,1.290310,1.284530,1.288130
2017-06-05,1.285510,1.294050,1.285510,1.290300
2017-06-06,1.290190,1.294910,1.287140,1.291150
2017-06-07,1.290540,1.296740,1.288700,1.296010
2017-06-08,1.296010,1.297700,1.290750,1.294950
2017-06-09,1.276600,1.282720,1.263480,1.271300
2017-06-12,1.270910,1.276900,1.263800,1.265750
2017-06-13,1.265330,1.275630,1.264130,1.275190
2017-06-14,1.274730,1.281730,1.272290,1.275010
2017-06-15,1.275250,1.279500,1.268990,1.275450
2017-06-16,1.274960,1.280520,1.274930,1.277680
2017-06-19,1.277000,1.281410,1.272300,1.273640
2017-06-20,1.273640,1.275770,1.260250,1.262550
2017-06-21,1.262550,1.270950,1.258850,1.267120
2017-06-22,1.267120,1.269090,1.265320,1.268110
2017-06-23,1.267970,1.274380,1.267460,1.271600
2017-06-26,1.273470,1.275920,1.270560,1.272170
2017-06-27,1.271850,1.286040,1.271570,1.281140
2017-06-28,1.281410,1.297210,1.279340,1.292480
2017-06-29,1.292430,1.301480,1.292310,1.300260
2017-06-30,1.300260,1.302930,1.294430,1.302220
2017-07-03,1.300440,1.302390,1.293140,1.293800
2017-07-04,1.293460,1.295820,1.291190,1.291850
2017-07-05,1.291300,1.294750,1.289290,1.293240
2017-07-06,1.293140,1.298360,1.291930,1.297050
2017-07-07,1.296390,1.297430,1.286640,1.288950
2017-07-10,1.288080,1.290760,1.285410,1.287840
2017-07-11,1.287410,1.292680,1.283040,1.284690
2017-07-12,1.283720,1.290710,1.281130,1.288350
2017-07-13,1.288110,1.295480,1.287970,1.294100
2017-07-14,1.293620,1.311310,1.293470,1.309590
2017-07-17,1.309600,1.311210,1.304600,1.305700
2017-07-18,1.305190,1.312510,1.300430,1.303970
2017-07-19,1.303950,1.305230,1.300980,1.302180
2017-07-20,1.301830,1.303250,1.293230,1.297160
2017-07-21,1.297280,1.301920,1.295290,1.299310
2017-07-24,1.298650,1.305750,1.298650,1.302850
2017-07-25,1.302850,1.308330,1.300700,1.302580
2017-07-26,1.302680,1.312010,1.299880,1.310490
2017-07-27,1.310490,1.315810,1.305130,1.306240
2017-07-28,1.306290,1.315170,1.306120,1.313350
2017-07-31,1.312540,1.321140,1.309670,1.321030
2017-08-01,1.321000,1.324430,1.319010,1.320470
2017-08-02,1.320550,1.325030,1.319050,1.322320
2017-08-03,1.322120,1.326770,1.311170,1.313960
2017-08-04,1.313580,1.316370,1.302330,1.303510
2017-08-07,1.303430,1.305830,1.301330,1.303390
2017-08-08,1.303270,1.305280,1.295190,1.299180
2017-08-09,1.298830,1.302800,1.296770,1.300580
2017-08-10,1.300610,1.301460,1.295080,1.297530
2017-08-11,1.297590,1.303070,1.293890,1.300690
2017-08-14,1.299060,1.302120,1.295590,1.296270
2017-08-15,1.296270,1.296990,1.284560,1.286940
2017-08-16,1.286700,1.290250,1.284090,1.289020
2017-08-17,1.289040,1.290840,1.285190,1.286650
2017-08-18,1.286750,1.291710,1.283110,1.286460
2017-08-21,1.285420,1.291590,1.284970,1.289720
2017-08-22,1.289820,1.290840,1.281030,1.281950
2017-08-23,1.282130,1.283280,1.277920,1.280040
2017-08-24,1.279620,1.283610,1.277360,1.279910
2017-08-25,1.279880,1.288850,1.279350,1.287170
2017-08-28,1.291890,1.294200,1.287300,1.293230
2017-08-29,1.293020,1.297790,1.291430,1.292240
2017-08-30,1.291720,1.293740,1.287790,1.291870
2017-08-31,1.292070,1.293430,1.285170,1.292860
2017-09-01,1.292220,1.299510,1.290480,1.295520
2017-09-04,1.295060,1.296580,1.291200,1.292530
2017-09-05,1.292530,1.304210,1.290820,1.302950
2017-09-06,1.302800,1.308150,1.301780,1.304540
2017-09-07,1.304540,1.311500,1.303210,1.309780
2017-09-08,1.309780,1.322380,1.309350,1.320950
2017-09-11,1.318570,1.322190,1.316040,1.316560
2017-09-12,1.316210,1.329790,1.315890,1.328230
2017-09-13,1.328230,1.332880,1.318330,1.320680
2017-09-14,1.320680,1.340520,1.314870,1.339450
2017-09-15,1.339450,1.361680,1.338080,1.355120
2017-09-18,1.355770,1.361820,1.346460,1.349360
2017-09-19,1.349360,1.355170,1.346820,1.348580
2017-09-20,1.348580,1.365590,1.345170,1.349360
2017-09-21,1.349360,1.358660,1.347050,1.357540
2017-09-22,1.357540,1.359590,1.344990,1.349170
2017-09-25,1.348570,1.357050,1.343060,1.346240
2017-09-26,1.346240,1.351400,1.340920,1.345730
2017-09-27,1.345740,1.346030,1.336340,1.338430
2017-09-28,1.338430,1.345530,1.334250,1.343840
2017-09-29,1.343820,1.344260,1.334960,1.339660
2017-10-02,1.336930,1.340190,1.325610,1.327090
2017-10-03,1.327090,1.328770,1.322200,1.323560
2017-10-04,1.323560,1.329160,1.323330,1.324760
2017-10-05,1.324760,1.324980,1.310760,1.311870
2017-10-06,1.311870,1.312040,1.302700,1.306390
2017-10-09,1.308650,1.318380,1.307470,1.314010
2017-10-10,1.314010,1.322570,1.313070,1.320290
2017-10-11,1.320290,1.323450,1.317520,1.322220
2017-10-12,1.322230,1.329020,1.312110,1.326010
2017-10-13,1.326010,1.333760,1.324770,1.327750
2017-10-16,1.328740,1.331150,1.322520,1.324860
2017-10-17,1.324900,1.328730,1.315440,1.318880
2017-10-18,1.318880,1.321130,1.313970,1.320470
2017-10-19,1.320470,1.322840,1.313010,1.315520
2017-10-20,1.315520,1.320050,1.308760,1.318480
2017-10-23,1.318530,1.322710,1.315740,1.319650
2017-10-24,1.319630,1.322770,1.311310,1.312550
2017-10-25,1.312550,1.327140,1.311000,1.325410
2017-10-26,1.325410,1.327920,1.314650,1.315910
2017-10-27,1.316010,1.326260,1.306950,1.312810
2017-10-30,1.310840,1.321500,1.310840,1.320740
2017-10-31,1.320820,1.328840,1.319140,1.328230
2017-11-01,1.328170,1.332060,1.324040,1.324250
2017-11-02,1.324270,1.329880,1.304270,1.305710
2017-11-03,1.305710,1.313120,1.303920,1.307400
2017-11-06,1.306850,1.317460,1.305830,1.316930
2017-11-07,1.316930,1.317760,1.310900,1.316360
2017-11-08,1.316310,1.317570,1.308620,1.311090
2017-11-09,1.311090,1.316530,1.308490,1.314380
2017-11-10,1.314380,1.322920,1.311230,1.318910
2017-11-13,1.316510,1.317890,1.306180,1.311430
2017-11-14,1.311430,1.318700,1.307350,1.316470
2017-11-15,1.316470,1.321330,1.313010,1.316840
2017-11-16,1.316870,1.320750,1.313500,1.319320
2017-11-17,1.319320,1.326020,1.316940,1.321320
2017-11-20,1.321480,1.327920,1.318570,1.323310
2017-11-21,1.323310,1.326720,1.320890,1.323680
2017-11-22,1.323680,1.332910,1.321240,1.332170
2017-11-23,1.332170,1.333670,1.328420,1.330170
2017-11-24,1.330170,1.336000,1.327820,1.332850
2017-11-27,1.332080,1.338300,1.330980,1.331550
2017-11-28,1.331500,1.338720,1.322080,1.333570
2017-11-29,1.333570,1.344810,1.332160,1.340780
2017-11-30,1.340780,1.354870,1.340560,1.352370
2017-12-01,1.352370,1.354920,1.344420,1.347290
2017-12-04,1.343190,1.353840,1.341210,1.347920
2017-12-05,1.347920,1.348200,1.337030,1.344060
2017-12-06,1.344060,1.344290,1.335760,1.338820
2017-12-07,1.338820,1.348510,1.331990,1.347030
2017-12-08,1.347030,1.352020,1.335560,1.339220
2017-12-11,1.338010,1.343100,1.333030,1.333710
2017-12-12,1.333710,1.338020,1.330200,1.331700
2017-12-13,1.331700,1.342750,1.331140,1.341920
2017-12-14,1.341920,1.346600,1.328510,1.342730
2017-12-15,1.342630,1.344720,1.330120,1.331750
2017-12-18,1.330740,1.341840,1.330740,1.338270
2017-12-19,1.338270,1.340240,1.333060,1.338450
2017-12-20,1.338450,1.342040,1.337180,1.337480
2017-12-21,1.337360,1.338730,1.333160,1.338620
2017-12-22,1.338620,1.339740,1.334630,1.335840
2017-12-26,1.337220,1.338880,1.334730,1.337400
2017-12-27,1.337400,1.342960,1.336730,1.339370
2017-12-28,1.339370,1.345640,1.339320,1.342580
2017-12-29,1.342600,1.354390,1.342600,1.350780
2018-01-02,1.350530,1.360030,1.348820,1.358980
2018-01-03,1.358720,1.361260,1.349360,1.351290
2018-01-04,1.351290,1.355970,1.350530,1.354970
2018-01-05,1.355010,1.358230,1.352310,1.357280
2018-01-08,1.356910,1.358540,1.352280,1.356610
2018-01-09,1.356750,1.358210,1.350550,1.354050
2018-01-10,1.354000,1.356220,1.348160,1.350590
2018-01-11,1.350590,1.355450,1.345790,1.353570
2018-01-12,1.353570,1.374380,1.353190,1.372520
2018-01-15,1.372670,1.381940,1.372360,1.378730
2018-01-16,1.378730,1.380550,1.374170,1.379150
2018-01-17,1.379150,1.394230,1.375640,1.382670
2018-01-18,1.382670,1.391310,1.380460,1.389340
2018-01-19,1.389230,1.394490,1.383860,1.385710
2018-01-22,1.389330,1.399080,1.385690,1.398630
2018-01-23,1.398460,1.402700,1.391560,1.399730
2018-01-24,1.399730,1.426250,1.399680,1.423700
2018-01-25,1.423700,1.434520,1.408280,1.412970
2018-01-26,1.412970,1.428650,1.410760,1.415750
2018-01-29,1.413820,1.415810,1.402510,1.407380
2018-01-30,1.407390,1.416620,1.397970,1.414540
2018-01-31,1.414520,1.423260,1.412140,1.418780
2018-02-01,1.418780,1.427810,1.415070,1.425960
2018-02-02,1.425960,1.427770,1.410140,1.412040
2018-02-05,1.410170,1.415030,1.395410,1.395680
2018-02-06,1.395600,1.399940,1.383600,1.394640
2018-02-07,1.394640,1.399410,1.384830,1.387990
2018-02-08,1.387990,1.406670,1.384540,1.391240
2018-02-09,1.391240,1.398710,1.376430,1.382330
2018-02-12,1.380620,1.387560,1.379500,1.383670
2018-02-13,1.383520,1.392400,1.383230,1.389180
2018-02-14,1.389260,1.401640,1.379980,1.399400
2018-02-15,1.399350,1.410440,1.399340,1.409960
2018-02-16,1.409960,1.414480,1.399640,1.403390
2018-02-19,1.401240,1.404930,1.395850,1.399500
2018-02-20,1.399500,1.402420,1.393100,1.399280
2018-02-21,1.399280,1.400830,1.390430,1.391620
2018-02-22,1.391610,1.398880,1.385650,1.395050
2018-02-23,1.395040,1.400520,1.390400,1.396130
2018-02-26,1.398710,1.406970,1.392830,1.396650
2018-02-27,1.396660,1.399610,1.385740,1.390580
2018-02-28,1.390600,1.391610,1.375660,1.375940
2018-03-01,1.375960,1.378520,1.371150,1.377550
2018-03-02,1.377550,1.381660,1.375520,1.380130
2018-03-05,1.379550,1.387730,1.376630,1.384790
2018-03-06,1.384790,1.392920,1.381640,1.388580
2018-03-07,1.388580,1.391230,1.384610,1.389070
2018-03-08,1.389110,1.390970,1.378060,1.380780
2018-03-09,1.380770,1.388890,1.378790,1.385300
2018-03-12,1.385000,1.391720,1.384090,1.390450
2018-03-13,1.390440,1.399400,1.387440,1.396350
2018-03-14,1.396350,1.399540,1.392520,1.396450
2018-03-15,1.396440,1.398840,1.392130,1.393690
2018-03-16,1.393690,1.398050,1.388890,1.394200
2018-03-19,1.394490,1.408810,1.391250,1.402410
2018-03-20,1.402420,1.406640,1.398240,1.399980
2018-03-21,1.399980,1.415050,1.399770,1.413720
2018-03-22,1.413720,1.421810,1.407570,1.409950
2018-03-23,1.409950,1.417160,1.408490,1.413160
2018-03-26,1.413190,1.424440,1.412990,1.422690
2018-03-27,1.422730,1.424400,1.406580,1.415630
2018-03-28,1.415570,1.420030,1.407050,1.407690
2018-03-29,1.407690,1.409600,1.401030,1.401820
2018-03-30,1.401720,1.405910,1.401190,1.402110
2018-04-02,1.401260,1.407730,1.400230,1.404410
2018-04-03,1.404410,1.408860,1.402060,1.405490
2018-04-04,1.405500,1.409640,1.401500,1.407720
2018-04-05,1.407900,1.409690,1.396580,1.400330
2018-04-06,1.399950,1.410520,1.398270,1.408810
2018-04-09,1.408190,1.416410,1.407810,1.412930
2018-04-10,1.412860,1.418780,1.411990,1.417390
2018-04-11,1.417480,1.422310,1.416050,1.417460
2018-04-12,1.417300,1.424650,1.414490,1.422760
2018-04-13,1.422480,1.429610,1.422040,1.423820
2018-04-16,1.423750,1.434400,1.422960,1.433590
2018-04-17,1.433430,1.437620,1.428220,1.428580
2018-04-18,1.428600,1.431450,1.417260,1.420140
2018-04-19,1.419970,1.424550,1.406830,1.408190
2018-04-20,1.408260,1.409110,1.400080,1.400100
2018-04-23,1.399780,1.403090,1.392590,1.393940
2018-04-24,1.393760,1.398700,1.391780,1.397600
2018-04-25,1.397240,1.399660,1.392310,1.392790
2018-04-26,1.392300,1.399790,1.389470,1.391270
2018-04-27,1.391450,1.393440,1.374690,1.377920
2018-04-30,1.377010,1.379230,1.371220,1.375520
2018-05-01,1.375520,1.377250,1.358800,1.361270
2018-05-02,1.361280,1.366580,1.355470,1.357180
2018-05-03,1.357100,1.362920,1.353770,1.357300
2018-05-04,1.357300,1.358580,1.348610,1.353010
2018-05-07,1.353040,1.357520,1.351510,1.355600
2018-05-08,1.355590,1.359300,1.348440,1.354680
2018-05-09,1.354680,1.360690,1.349890,1.354520
2018-05-10,1.354530,1.361750,1.345970,1.351600
2018-05-11,1.351220,1.359550,1.350180,1.354120
2018-05-14,1.353420,1.360820,1.352880,1.355480
2018-05-15,1.355500,1.357190,1.345110,1.350320
2018-05-16,1.350120,1.352080,1.345540,1.348590
2018-05-17,1.348220,1.356910,1.347410,1.351480
2018-05-18,1.351460,1.352760,1.345490,1.346860
2018-05-21,1.345900,1.348260,1.339070,1.342170
2018-05-22,1.342220,1.349140,1.341230,1.342790
2018-05-23,1.342690,1.344230,1.330510,1.334340
2018-05-24,1.333970,1.342140,1.333440,1.337840
2018-05-25,1.337940,1.338890,1.329220,1.329550
2018-05-28,1.331210,1.334100,1.329610,1.330800
2018-05-29,1.330800,1.332500,1.320400,1.324300
2018-05-30,1.324240,1.330690,1.323830,1.328330
2018-05-31,1.328350,1.334790,1.327700,1.329330
2018-06-01,1.329290,1.336170,1.325360,1.334740
2018-06-04,1.333200,1.339810,1.329440,1.331370
2018-06-05,1.331160,1.340850,1.330180,1.338560
2018-06-06,1.337840,1.344280,1.337530,1.341190
2018-06-07,1.340970,1.347230,1.337110,1.342240
2018-06-08,1.342240,1.343900,1.335430,1.340670
2018-06-11,1.340440,1.344110,1.334450,1.337410
2018-06-12,1.337350,1.342440,1.334180,1.337050
2018-06-13,1.337300,1.338950,1.330790,1.337440
2018-06-14,1.337440,1.344640,1.325560,1.325870
2018-06-15,1.325900,1.329780,1.321100,1.327640
2018-06-18,1.326140,1.327880,1.322580,1.324460
2018-06-19,1.324390,1.327260,1.315040,1.317260
2018-06-20,1.317200,1.321730,1.314660,1.316730
2018-06-21,1.316800,1.326960,1.310170,1.323290
2018-06-22,1.322890,1.331470,1.322890,1.326520
2018-06-25,1.324910,1.329070,1.322070,1.327650
2018-06-26,1.327550,1.329190,1.319170,1.321410
2018-06-27,1.322590,1.323350,1.310600,1.311080
2018-06-28,1.311050,1.312090,1.304910,1.307660
2018-06-29,1.307660,1.321380,1.306680,1.320840
2018-07-02,1.319410,1.320840,1.309460,1.314190
2018-07-03,1.314100,1.320660,1.311450,1.318990
2018-07-04,1.318990,1.324940,1.317060,1.322700
2018-07-05,1.321070,1.327460,1.320380,1.322080
2018-07-06,1.320670,1.328990,1.320300,1.328640
2018-07-09,1.331480,1.336270,1.318840,1.325500
2018-07-10,1.325640,1.330080,1.322290,1.327040
2018-07-11,1.326630,1.328510,1.319940,1.320220
2018-07-12,1.320190,1.324470,1.318020,1.320470
2018-07-13,1.320360,1.323840,1.310240,1.323490
2018-07-16,1.322210,1.329250,1.321640,1.323410
2018-07-17,1.323340,1.326860,1.306790,1.311390
2018-07-18,1.311340,1.311680,1.300950,1.306590
2018-07-19,1.306610,1.308300,1.295730,1.301350
2018-07-20,1.301350,1.314000,1.299480,1.312980
2018-07-23,1.312030,1.315760,1.308160,1.309750
2018-07-24,1.309640,1.315890,1.307090,1.314330
2018-07-25,1.314330,1.320020,1.313210,1.318650
2018-07-26,1.318900,1.321270,1.310480,1.310670
2018-07-27,1.310930,1.313030,1.308140,1.310590
2018-07-30,1.310810,1.315150,1.309660,1.313120
2018-07-31,1.312880,1.317220,1.308900,1.312190
2018-08-01,1.311940,1.314380,1.309460,1.312570
2018-08-02,1.312530,1.312830,1.301390,1.301500
2018-08-03,1.301340,1.304270,1.297490,1.300230
2018-08-06,1.299940,1.300760,1.291940,1.294260
2018-08-07,1.294440,1.297310,1.292330,1.293820
2018-08-08,1.293650,1.295930,1.285290,1.288080
2018-08-09,1.287830,1.291120,1.281820,1.282280
2018-08-10,1.282650,1.283630,1.272230,1.276950
2018-08-13,1.274000,1.279080,1.272930,1.275910
2018-08-14,1.276710,1.282670,1.270410,1.272100
2018-08-15,1.271960,1.273490,1.266110,1.269470
2018-08-16,1.269380,1.275380,1.268470,1.270850
2018-08-17,1.271050,1.275210,1.267620,1.275000
2018-08-20,1.274140,1.279880,1.272880,1.279600
2018-08-21,1.279530,1.292410,1.279190,1.289900
2018-08-22,1.289590,1.293580,1.286780,1.290920
2018-08-23,1.290920,1.291820,1.280420,1.281290
2018-08-24,1.280940,1.288050,1.279870,1.284760
2018-08-27,1.283590,1.290030,1.282820,1.289120
2018-08-28,1.287830,1.293110,1.286100,1.286980
2018-08-29,1.287000,1.303210,1.284460,1.302480
2018-08-30,1.302330,1.304290,1.298450,1.300600
2018-08-31,1.301030,1.302800,1.294410,1.295540
2018-09-03,1.291390,1.293300,1.285440,1.286720
2018-09-04,1.286730,1.287500,1.280980,1.285370
2018-09-05,1.285280,1.298230,1.278480,1.290320
2018-09-06,1.290200,1.296180,1.289570,1.292580
2018-09-07,1.292570,1.302830,1.290760,1.291460
2018-09-10,1.292170,1.305120,1.289630,1.302500
2018-09-11,1.302500,1.308740,1.296340,1.302960
2018-09-12,1.302880,1.308150,1.297850,1.304430
2018-09-13,1.304420,1.312350,1.302560,1.310570
2018-09-14,1.310550,1.314310,1.305610,1.306860
2018-09-17,1.306760,1.316440,1.306560,1.315620
2018-09-18,1.315610,1.317210,1.311810,1.314730
2018-09-19,1.314660,1.321430,1.309690,1.314240
2018-09-20,1.313580,1.329790,1.313400,1.325900
2018-09-21,1.326020,1.327610,1.305360,1.308030
2018-09-24,1.307550,1.316630,1.306230,1.311890
2018-09-25,1.311890,1.319300,1.309430,1.317830
2018-09-26,1.318110,1.321690,1.313760,1.316380
2018-09-27,1.316300,1.317840,1.307300,1.307300
2018-09-28,1.307300,1.308960,1.299950,1.302900
2018-10-01,1.303800,1.311620,1.301150,1.304150
2018-10-02,1.304130,1.304800,1.294040,1.297740
2018-10-03,1.297610,1.302260,1.292350,1.293580
2018-10-04,1.293760,1.304080,1.292140,1.302030
2018-10-05,1.302030,1.312230,1.300270,1.311470
2018-10-08,1.311380,1.313240,1.302750,1.308560
2018-10-09,1.308120,1.314970,1.303230,1.314200
2018-10-10,1.314020,1.321510,1.313160,1.318760
2018-10-11,1.318970,1.324600,1.318140,1.323210
2018-10-12,1.322570,1.325720,1.314570,1.315380
2018-10-15,1.308440,1.318120,1.307940,1.315090
2018-10-16,1.315100,1.323590,1.313680,1.317680
2018-10-17,1.317620,1.319200,1.309870,1.311260
2018-10-18,1.311100,1.313090,1.301550,1.301700
2018-10-19,1.301640,1.310360,1.301070,1.306500
2018-10-22,1.306270,1.308940,1.295590,1.295590
2018-10-23,1.295600,1.304370,1.293640,1.298160
2018-10-24,1.298170,1.299000,1.286660,1.287920
2018-10-25,1.287800,1.291890,1.279610,1.281590
2018-10-26,1.281380,1.284080,1.277630,1.282330
2018-10-29,1.282440,1.285230,1.279050,1.279610
2018-10-30,1.279600,1.281210,1.269360,1.270660
2018-10-31,1.270660,1.283000,1.269980,1.276790
2018-11-01,1.276790,1.303450,1.276250,1.299330
2018-11-02,1.299350,1.304040,1.295100,1.296390
2018-11-05,1.302260,1.305520,1.296370,1.304020
2018-11-06,1.303580,1.310650,1.302040,1.309660
2018-11-07,1.309500,1.317400,1.307270,1.312150
2018-11-08,1.312380,1.314930,1.304420,1.306030
2018-11-09,1.306040,1.306940,1.295760,1.296950
2018-11-12,1.291450,1.294610,1.282670,1.284780
2018-11-13,1.284730,1.304670,1.283580,1.296710
2018-11-14,1.296720,1.307130,1.287970,1.298580
2018-11-15,1.298720,1.302950,1.272230,1.276850
2018-11-16,1.276430,1.287690,1.275890,1.282160
2018-11-19,1.283070,1.288370,1.279360,1.284930
2018-11-20,1.284920,1.288270,1.277560,1.278570
2018-11-21,1.278590,1.281910,1.276350,1.277510
2018-11-22,1.277760,1.292670,1.276700,1.287490
2018-11-23,1.287530,1.288230,1.279760,1.280030
2018-11-26,1.282220,1.286340,1.279460,1.280830
2018-11-27,1.280680,1.281890,1.272450,1.274440
2018-11-28,1.274160,1.284650,1.273150,1.282370
2018-11-29,1.282260,1.284940,1.275480,1.278870
2018-11-30,1.278440,1.280880,1.273410,1.274790
2018-12-03,1.274300,1.282400,1.269800,1.272290
2018-12-04,1.272310,1.283930,1.265790,1.271580
2018-12-05,1.271470,1.279720,1.267140,1.273260
2018-12-06,1.273280,1.281110,1.269860,1.278280
2018-12-07,1.278180,1.279010,1.271030,1.273130
2018-12-10,1.270320,1.275930,1.250600,1.256080
2018-12-11,1.255900,1.263790,1.247900,1.248690
2018-12-12,1.248680,1.267120,1.247560,1.262650
2018-12-13,1.262550,1.268600,1.260360,1.265020
2018-12-14,1.265010,1.266270,1.252850,1.258310
2018-12-17,1.259920,1.264660,1.254370,1.261960
2018-12-18,1.261350,1.270480,1.260940,1.263710
2018-12-19,1.263940,1.267870,1.260590,1.260980
2018-12-20,1.260920,1.270650,1.260650,1.265410
2018-12-21,1.265380,1.269720,1.261700,1.263600
2018-12-24,1.261970,1.273780,1.261970,1.269810
2018-12-26,1.270660,1.271400,1.262980,1.263110
2018-12-27,1.263150,1.267420,1.261510,1.264130
2018-12-28,1.264390,1.270770,1.263440,1.269450
2018-12-31,1.269070,1.281370,1.267940,1.274430
2019-01-02,1.273020,1.277270,1.258020,1.260570
2019-01-03,1.260580,1.264670,1.239530,1.262860
2019-01-04,1.263710,1.274400,1.261510,1.272300
2019-01-07,1.271600,1.278630,1.270730,1.277650
2019-01-08,1.277320,1.279680,1.270600,1.271420
2019-01-09,1.271370,1.280340,1.270680,1.278670
2019-01-10,1.278760,1.280090,1.272730,1.274630
2019-01-11,1.274990,1.286540,1.270890,1.283350
2019-01-14,1.285020,1.293010,1.281740,1.285950
2019-01-15,1.286580,1.291480,1.266770,1.285870
2019-01-16,1.285780,1.289660,1.282410,1.287700
2019-01-17,1.287710,1.300020,1.283130,1.298430
2019-01-18,1.298420,1.299290,1.285610,1.287390
2019-01-21,1.287140,1.290990,1.282970,1.289020
2019-01-22,1.289150,1.297470,1.285450,1.295610
2019-01-23,1.295630,1.308030,1.294070,1.306700
2019-01-24,1.306780,1.309350,1.301150,1.306280
2019-01-25,1.306150,1.321730,1.305630,1.319710
2019-01-28,1.318370,1.321040,1.313620,1.315660
2019-01-29,1.315590,1.319920,1.305480,1.306550
2019-01-30,1.306570,1.314470,1.305390,1.311520
2019-01-31,1.311380,1.315950,1.309280,1.310800
2019-02-01,1.311010,1.311420,1.304260,1.308110
2019-02-04,1.306140,1.310280,1.302820,1.303440
2019-02-05,1.303430,1.305100,1.292390,1.294880
2019-02-06,1.294960,1.297870,1.292450,1.292780
2019-02-07,1.292780,1.299570,1.285320,1.295120
2019-02-08,1.295060,1.297580,1.292050,1.293920
2019-02-11,1.292780,1.293830,1.284540,1.285750
2019-02-12,1.286030,1.290900,1.283180,1.289040
2019-02-13,1.289360,1.295810,1.284420,1.284450
2019-02-14,1.284480,1.287700,1.277220,1.279750
2019-02-15,1.279910,1.289740,1.278380,1.288590
2019-02-18,1.290220,1.293800,1.289080,1.292090
2019-02-19,1.292180,1.307250,1.289490,1.306120
2019-02-20,1.306250,1.310840,1.301130,1.304940
2019-02-21,1.304950,1.309480,1.302530,1.303710
2019-02-22,1.303560,1.307930,1.296730,1.305260
2019-02-25,1.306790,1.311360,1.304530,1.309520
2019-02-26,1.309550,1.328770,1.309550,1.324960
2019-02-27,1.324990,1.334940,1.323260,1.330620
2019-02-28,1.330850,1.331910,1.325280,1.326070
2019-03-01,1.326090,1.328560,1.317120,1.320270
2019-03-04,1.324260,1.325360,1.316560,1.317830
2019-03-05,1.318050,1.319800,1.309690,1.317700
2019-03-06,1.317810,1.318060,1.312340,1.316800
2019-03-07,1.316960,1.318430,1.306750,1.307990
2019-03-08,1.308120,1.310760,1.298920,1.301540
2019-03-11,1.298330,1.318980,1.295940,1.318800
2019-03-12,1.318790,1.328840,1.300400,1.307210
2019-03-13,1.307220,1.338070,1.306120,1.331160
2019-03-14,1.331160,1.333040,1.320650,1.325830
2019-03-15,1.325840,1.329940,1.320220,1.329000
2019-03-18,1.329530,1.329960,1.318360,1.324370
2019-03-19,1.324370,1.331060,1.324020,1.326290
2019-03-20,1.326290,1.327190,1.314550,1.319240
2019-03-21,1.319250,1.322660,1.300320,1.311150
2019-03-22,1.311150,1.322300,1.308030,1.320770
2019-03-25,1.320890,1.324540,1.315920,1.319390
2019-03-26,1.319370,1.326070,1.315660,1.320440
2019-03-27,1.320440,1.326870,1.315370,1.315780
2019-03-28,1.315860,1.319770,1.303390,1.304470
2019-03-29,1.304450,1.313520,1.297670,1.302800
2019-04-01,1.303810,1.314910,1.300500,1.310130
2019-04-02,1.310340,1.314900,1.301260,1.312700
2019-04-03,1.313250,1.319550,1.312030,1.315510
2019-04-04,1.315600,1.319050,1.305930,1.307380
2019-04-05,1.307410,1.312120,1.298620,1.303260
2019-04-08,1.303370,1.307360,1.302150,1.305730
2019-04-09,1.306120,1.312130,1.302980,1.304840
2019-04-10,1.305080,1.312240,1.303700,1.308660
2019-04-11,1.308810,1.310830,1.304960,1.305090
2019-04-12,1.305200,1.313220,1.304980,1.306960
2019-04-15,1.307060,1.311840,1.306680,1.309660
2019-04-16,1.309880,1.310070,1.304190,1.304550
2019-04-17,1.304740,1.306650,1.302810,1.303860
2019-04-18,1.303910,1.305180,1.297820,1.298670
2019-04-19,1.298390,1.300880,1.297970,1.298090
2019-04-22,1.298120,1.299910,1.297450,1.297850
2019-04-23,1.297840,1.301870,1.292750,1.293630
2019-04-24,1.293590,1.296280,1.288700,1.290030
2019-04-25,1.289860,1.291590,1.286500,1.289650
2019-04-26,1.289640,1.294290,1.287410,1.291440
2019-04-29,1.291470,1.294650,1.290340,1.293210
2019-04-30,1.293020,1.304840,1.292040,1.303140
2019-05-01,1.303580,1.310180,1.302830,1.304900
2019-05-02,1.304780,1.308000,1.301740,1.303120
2019-05-03,1.303120,1.317620,1.298770,1.317280
2019-05-06,1.314340,1.317000,1.308050,1.309510
2019-05-07,1.309410,1.313110,1.303890,1.307460
2019-05-08,1.307320,1.307970,1.298630,1.300450
2019-05-09,1.300630,1.303530,1.296670,1.300900
2019-05-10,1.300310,1.304690,1.299060,1.300170
2019-05-13,1.299230,1.304000,1.294040,1.295610
2019-05-14,1.295800,1.296950,1.290290,1.290330
2019-05-15,1.290320,1.292260,1.282560,1.284190
2019-05-16,1.284100,1.285160,1.278680,1.279550
2019-05-17,1.279510,1.279740,1.271220,1.271220
2019-05-20,1.272870,1.275660,1.271390,1.272290
2019-05-21,1.272140,1.281310,1.268450,1.270400
2019-05-22,1.270420,1.271860,1.262350,1.266000
2019-05-23,1.265980,1.268340,1.260450,1.265530
2019-05-24,1.265710,1.273220,1.264660,1.271040
2019-05-27,1.272640,1.274720,1.266660,1.267850
2019-05-28,1.267720,1.270130,1.264940,1.265190
2019-05-29,1.265170,1.267080,1.261100,1.262580
2019-05-30,1.262510,1.263970,1.257990,1.260630
2019-05-31,1.260840,1.264380,1.255830,1.263040
2019-06-03,1.262910,1.267350,1.260970,1.266250
2019-06-04,1.266330,1.271380,1.264150,1.269770
2019-06-05,1.269900,1.274310,1.267990,1.268310
2019-06-06,1.268090,1.274160,1.266800,1.269330
2019-06-07,1.269100,1.276250,1.268490,1.273790
2019-06-10,1.272310,1.273470,1.265220,1.268270
2019-06-11,1.268550,1.273170,1.266960,1.272310
2019-06-12,1.272200,1.275790,1.268080,1.268710
2019-06-13,1.268770,1.270740,1.266150,1.267300
2019-06-14,1.267280,1.268130,1.257940,1.258900
2019-06-17,1.257820,1.260490,1.253140,1.253290
2019-06-18,1.253280,1.256410,1.250530,1.255650
2019-06-19,1.255620,1.267310,1.254180,1.263840
2019-06-20,1.264240,1.272640,1.262610,1.270240
2019-06-21,1.270010,1.274590,1.264170,1.274460
2019-06-24,1.273240,1.276590,1.270770,1.273820
2019-06-25,1.273770,1.278320,1.267120,1.268620
2019-06-26,1.268790,1.270680,1.266190,1.268880
2019-06-27,1.268880,1.272410,1.266080,1.266980
2019-06-28,1.267250,1.273400,1.266010,1.269440
2019-07-01,1.269430,1.270500,1.263120,1.263850
2019-07-02,1.263770,1.264750,1.258330,1.259210
2019-07-03,1.259210,1.259980,1.255640,1.257160
2019-07-04,1.256980,1.259040,1.255680,1.257770
2019-07-05,1.257770,1.258700,1.248050,1.252140
2019-07-08,1.252390,1.253930,1.249960,1.251340
2019-07-09,1.251340,1.252270,1.243910,1.246240
2019-07-10,1.246190,1.252070,1.244360,1.250150
2019-07-11,1.249900,1.257090,1.249720,1.252200
2019-07-12,1.252230,1.257860,1.251830,1.257530
2019-07-15,1.254030,1.257790,1.250990,1.251490
2019-07-16,1.251600,1.252030,1.239610,1.240600
2019-07-17,1.240540,1.245620,1.238170,1.243070
2019-07-18,1.243080,1.255810,1.242600,1.254540
2019-07-19,1.254510,1.255610,1.247600,1.250140
2019-07-22,1.248960,1.251920,1.245520,1.247550
2019-07-23,1.247540,1.248160,1.241760,1.243800
2019-07-24,1.243770,1.252230,1.242610,1.248410
2019-07-25,1.248290,1.251770,1.243630,1.245300
2019-07-26,1.245360,1.245940,1.237590,1.238150
2019-07-29,1.237440,1.238280,1.221210,1.221660
2019-07-30,1.221680,1.222560,1.211900,1.215090
2019-07-31,1.215110,1.224940,1.213340,1.215940
2019-08-01,1.215630,1.217090,1.207920,1.213130
2019-08-02,1.213130,1.216900,1.208960,1.215760
2019-08-05,1.211620,1.218800,1.210140,1.214240
2019-08-06,1.214090,1.220940,1.213520,1.216660
2019-08-07,1.216650,1.219090,1.212070,1.214250
2019-08-08,1.214000,1.218230,1.209490,1.213380
2019-08-09,1.213010,1.214770,1.202210,1.202310
2019-08-12,1.203980,1.210600,1.201480,1.207480
2019-08-13,1.207490,1.209720,1.204160,1.205920
2019-08-14,1.205910,1.210070,1.204430,1.205420
2019-08-15,1.205440,1.215030,1.205050,1.208110
2019-08-16,1.208640,1.217510,1.207610,1.214330
2019-08-19,1.214670,1.217200,1.210410,1.212440
2019-08-20,1.212460,1.217980,1.206400,1.216790
2019-08-21,1.216810,1.217480,1.211180,1.212290
2019-08-22,1.212820,1.227260,1.210820,1.224930
2019-08-23,1.224930,1.229320,1.219390,1.228070
2019-08-26,1.226750,1.228520,1.220750,1.221710
2019-08-27,1.221670,1.230930,1.220840,1.228820
2019-08-28,1.228860,1.229050,1.215550,1.221380
2019-08-29,1.221170,1.223200,1.217180,1.217990
2019-08-30,1.217990,1.222580,1.213910,1.216250
2019-09-02,1.213950,1.217440,1.203550,1.206670
2019-09-03,1.206670,1.210520,1.195790,1.208250
2019-09-04,1.208250,1.225700,1.205780,1.225200
2019-09-05,1.225100,1.235330,1.220990,1.233620
2019-09-06,1.232960,1.234330,1.227880,1.228500
2019-09-09,1.227100,1.238400,1.223300,1.234370
2019-09-10,1.234400,1.237950,1.230660,1.235210
2019-09-11,1.235200,1.237060,1.231240,1.232780
2019-09-12,1.232780,1.236620,1.228280,1.233290
2019-09-13,1.233260,1.250510,1.232670,1.249430
2019-09-16,1.249670,1.250360,1.239900,1.242520
2019-09-17,1.242530,1.252670,1.239180,1.249800
2019-09-18,1.249820,1.251150,1.243830,1.246920
2019-09-19,1.246920,1.255990,1.243750,1.252220
2019-09-20,1.252200,1.258130,1.245900,1.246700
2019-09-23,1.246440,1.249030,1.241240,1.242930
2019-09-24,1.242940,1.250260,1.241360,1.249220
2019-09-25,1.249220,1.249800,1.234740,1.235030
2019-09-26,1.235040,1.238000,1.230290,1.232060
2019-09-27,1.232050,1.233600,1.227020,1.228710
2019-09-30,1.227840,1.234590,1.227520,1.228650
2019-10-01,1.228650,1.233870,1.220430,1.230250
2019-10-02,1.230350,1.232390,1.222640,1.229830
2019-10-03,1.229960,1.241290,1.226540,1.232990
2019-10-04,1.232640,1.235670,1.227590,1.233230
2019-10-07,1.230120,1.233610,1.228680,1.228950
2019-10-08,1.228990,1.230210,1.219500,1.221610
2019-10-09,1.221630,1.229090,1.219740,1.220390
2019-10-10,1.220400,1.246880,1.220220,1.243460
2019-10-11,1.243460,1.270710,1.240790,1.264680
2019-10-14,1.262100,1.264950,1.251580,1.260640
2019-10-15,1.260630,1.279890,1.259840,1.278400
2019-10-16,1.278000,1.287750,1.265660,1.282910
2019-10-17,1.282860,1.298890,1.274900,1.288920
2019-10-18,1.288920,1.297270,1.283910,1.296950
2019-10-21,1.294770,1.301200,1.287440,1.295770
2019-10-22,1.295810,1.300060,1.286180,1.286930
2019-10-23,1.286920,1.292140,1.284100,1.291080
2019-10-24,1.290850,1.294940,1.278810,1.284870
2019-10-25,1.284870,1.286290,1.280390,1.283090
2019-10-28,1.281280,1.287590,1.281110,1.285890
2019-10-29,1.285910,1.290440,1.280640,1.286250
2019-10-30,1.286250,1.290730,1.284500,1.289940
2019-10-31,1.289950,1.297550,1.289750,1.292640
2019-11-01,1.292640,1.297250,1.292620,1.293370
2019-11-04,1.292640,1.294250,1.287600,1.288060
2019-11-05,1.288130,1.291710,1.285890,1.288060
2019-11-06,1.288090,1.289680,1.284370,1.285400
2019-11-07,1.285370,1.287750,1.279360,1.281680
2019-11-08,1.281580,1.282270,1.276840,1.277480
2019-11-11,1.277320,1.289760,1.277320,1.285240
2019-11-12,1.285230,1.287370,1.281520,1.284480
2019-11-13,1.284310,1.286240,1.282140,1.284810
2019-11-14,1.284790,1.288800,1.282460,1.288080
2019-11-15,1.288020,1.291880,1.286700,1.289850
2019-11-18,1.292000,1.298500,1.290740,1.295070
2019-11-19,1.295030,1.296960,1.291010,1.292370
2019-11-20,1.292280,1.293000,1.288680,1.292150
2019-11-21,1.292110,1.296980,1.289270,1.290470
2019-11-22,1.290510,1.292800,1.282260,1.282710
2019-11-25,1.285230,1.291170,1.284080,1.289810
2019-11-26,1.289810,1.290340,1.283480,1.286390
2019-11-27,1.286340,1.292060,1.282680,1.291890
2019-11-28,1.291910,1.295070,1.289890,1.290960
2019-11-29,1.290960,1.294180,1.287880,1.291700
2019-12-02,1.290880,1.294880,1.289570,1.293810
2019-12-03,1.293870,1.301100,1.293020,1.299120
2019-12-04,1.299100,1.312020,1.298240,1.310290
2019-12-05,1.310290,1.316630,1.310150,1.315530
2019-12-06,1.315530,1.316520,1.310020,1.313400
2019-12-09,1.313360,1.318020,1.313100,1.313860
2019-12-10,1.313850,1.321480,1.313250,1.315300
2019-12-11,1.315360,1.321310,1.310520,1.319390
2019-12-12,1.319370,1.322880,1.304920,1.316120
2019-12-13,1.316030,1.351430,1.316030,1.333380
2019-12-16,1.333530,1.342210,1.332090,1.333030
2019-12-17,1.333000,1.333590,1.309910,1.312910
2019-12-18,1.312660,1.313410,1.305940,1.307670
2019-12-19,1.307700,1.313230,1.298960,1.300900
2019-12-20,1.300910,1.307920,1.297790,1.300060
2019-12-23,1.299400,1.303170,1.290490,1.293360
2019-12-24,1.293280,1.297070,1.292170,1.295690
2019-12-26,1.298480,1.301550,1.295950,1.299210
2019-12-27,1.299220,1.311700,1.296820,1.308450
2019-12-30,1.306910,1.315000,1.306560,1.311170
2019-12-31,1.311170,1.328420,1.310480,1.324480
2020-01-02,1.320900,1.323050,1.311500,1.313630
2020-01-03,1.313630,1.315990,1.305320,1.307430
2020-01-06,1.307810,1.317410,1.306250,1.316820
2020-01-07,1.316840,1.321190,1.309480,1.312030
2020-01-08,1.311800,1.316940,1.308010,1.309380
2020-01-09,1.309370,1.312340,1.301300,1.306590
2020-01-10,1.306590,1.309670,1.304220,1.306370
2020-01-13,1.303640,1.304530,1.296090,1.298670
2020-01-14,1.298670,1.303300,1.295410,1.301570
2020-01-15,1.301510,1.304230,1.298480,1.303730
2020-01-16,1.303730,1.308290,1.302510,1.307780
2020-01-17,1.307830,1.311870,1.300760,1.300940
2020-01-20,1.299850,1.301370,1.296180,1.300760
2020-01-21,1.300750,1.308320,1.299490,1.304720
2020-01-22,1.304730,1.315270,1.303450,1.313900
2020-01-23,1.313950,1.315070,1.309690,1.312070
2020-01-24,1.312080,1.317240,1.305640,1.307050
2020-01-27,1.307540,1.310520,1.304010,1.305540
2020-01-28,1.305700,1.306480,1.297530,1.302710
2020-01-29,1.302710,1.302940,1.298920,1.301730
2020-01-30,1.301920,1.310980,1.297770,1.309080
2020-01-31,1.309070,1.320880,1.308200,1.320800
2020-02-03,1.317010,1.318410,1.298280,1.299350
2020-02-04,1.299350,1.304650,1.294090,1.302920
2020-02-05,1.302920,1.306980,1.295620,1.300040
2020-02-06,1.300160,1.300160,1.292100,1.292520
2020-02-07,1.292620,1.295890,1.288090,1.288200
2020-02-10,1.288640,1.294590,1.287170,1.291400
2020-02-11,1.291280,1.296770,1.289430,1.294900
2020-02-12,1.295080,1.299110,1.294520,1.295750
2020-02-13,1.295680,1.306920,1.294410,1.304120
2020-02-14,1.303850,1.306310,1.300100,1.304710
2020-02-17,1.303240,1.305360,1.299750,1.300390
2020-02-18,1.300390,1.304860,1.297050,1.299520
2020-02-19,1.299520,1.302300,1.290750,1.291870
2020-02-20,1.291860,1.292810,1.284890,1.287920
2020-02-21,1.288020,1.298050,1.287460,1.295660
2020-02-24,1.294260,1.295470,1.288650,1.292830
2020-02-25,1.292900,1.301780,1.291420,1.300370
2020-02-26,1.300360,1.300780,1.289530,1.289530
2020-02-27,1.289670,1.294600,1.286010,1.288380
2020-02-28,1.288380,1.291960,1.272550,1.282120
2020-03-02,1.279180,1.285060,1.273980,1.275220
2020-03-03,1.275180,1.284390,1.273790,1.281070
2020-03-04,1.281030,1.287230,1.276970,1.287030
2020-03-05,1.287000,1.296810,1.286040,1.295160
2020-03-06,1.295270,1.305190,1.293710,1.304450
2020-03-09,1.307540,1.319970,1.303420,1.308450
2020-03-10,1.308450,1.311510,1.285800,1.288030
2020-03-11,1.288030,1.297610,1.280240,1.281730
2020-03-12,1.281910,1.284870,1.249020,1.257310
2020-03-13,1.257350,1.262400,1.226580,1.229030
2020-03-16,1.241070,1.242000,1.220180,1.226770
2020-03-17,1.226620,1.227240,1.200180,1.205480
2020-03-18,1.205510,1.212960,1.145150,1.158030
2020-03-19,1.157770,1.179270,1.141900,1.146530
2020-03-20,1.146520,1.193330,1.140980,1.159900
2020-03-23,1.167450,1.171350,1.144630,1.152830
2020-03-24,1.152830,1.179890,1.147490,1.173410
2020-03-25,1.173420,1.197300,1.163840,1.187810
2020-03-26,1.187810,1.222890,1.177610,1.215470
2020-03-27,1.215470,1.248520,1.213010,1.247440
2020-03-30,1.241740,1.246680,1.231690,1.241710
2020-03-31,1.240430,1.247260,1.224360,1.241630
2020-04-01,1.242190,1.243820,1.232990,1.237300
2020-04-02,1.237300,1.247500,1.234960,1.239250
2020-04-03,1.239530,1.240580,1.220490,1.226920
2020-04-06,1.222040,1.232640,1.220950,1.222910
2020-04-07,1.222840,1.238390,1.216450,1.232970
2020-04-08,1.232950,1.241960,1.228770,1.238080
2020-04-09,1.237490,1.248320,1.236000,1.245250
2020-04-10,1.244920,1.248650,1.243250,1.243410
2020-04-13,1.245360,1.253650,1.244900,1.250020
2020-04-14,1.250020,1.264710,1.248960,1.262330
2020-04-15,1.261200,1.263030,1.243620,1.251050
2020-04-16,1.251080,1.252730,1.240780,1.245510
2020-04-17,1.245500,1.252230,1.240640,1.250580
2020-04-20,1.249160,1.249980,1.241600,1.243210
2020-04-21,1.243190,1.244570,1.224700,1.228790
2020-04-22,1.227720,1.238560,1.227410,1.233210
2020-04-23,1.233210,1.241470,1.230740,1.234340
2020-04-24,1.234320,1.237690,1.229770,1.236590
2020-04-27,1.236140,1.245430,1.235940,1.242820
2020-04-28,1.242590,1.251780,1.240340,1.242290
2020-04-29,1.242010,1.248490,1.238860,1.246910
2020-04-30,1.246530,1.264260,1.242890,1.259000
2020-05-01,1.258910,1.259980,1.248270,1.249260
2020-05-04,1.248230,1.248650,1.240500,1.244200
2020-05-05,1.244220,1.248340,1.242020,1.243310
2020-05-06,1.243230,1.244990,1.233480,1.233900
2020-05-07,1.233880,1.241810,1.226580,1.235220
2020-05-08,1.235250,1.246690,1.233840,1.240760
2020-05-11,1.239520,1.243720,1.228280,1.233180
2020-05-12,1.232940,1.237710,1.225500,1.225760
2020-05-13,1.225630,1.233960,1.220990,1.222310
2020-05-14,1.221800,1.224140,1.216540,1.222280
2020-05-15,1.222160,1.223890,1.210090,1.210200
2020-05-18,1.208520,1.222740,1.207390,1.219370
2020-05-19,1.219320,1.229610,1.218370,1.225020
2020-05-20,1.224980,1.228740,1.222110,1.223630
2020-05-21,1.223600,1.224930,1.218520,1.221610
2020-05-22,1.221500,1.223350,1.216130,1.216670
2020-05-25,1.217160,1.220330,1.216280,1.217990
2020-05-26,1.217950,1.236280,1.217650,1.233410
2020-05-27,1.232470,1.235400,1.220400,1.225780
2020-05-28,1.225960,1.234420,1.223350,1.231760
2020-05-29,1.231450,1.239380,1.229000,1.235090
2020-06-01,1.232310,1.250630,1.232310,1.248740
2020-06-02,1.248640,1.257550,1.247820,1.254920
2020-06-03,1.254860,1.261520,1.254340,1.257130
2020-06-04,1.257120,1.263310,1.250050,1.259320
2020-06-05,1.259470,1.273090,1.258270,1.266780
2020-06-08,1.266900,1.273540,1.262780,1.272140
2020-06-09,1.272180,1.275520,1.261750,1.272710
2020-06-10,1.273010,1.281290,1.270580,1.274670
2020-06-11,1.274520,1.275400,1.258610,1.260100
2020-06-12,1.259900,1.265310,1.247350,1.254820
2020-06-15,1.250940,1.260610,1.245400,1.260390
2020-06-16,1.260430,1.268720,1.255210,1.257210
2020-06-17,1.257200,1.258820,1.251080,1.255500
2020-06-18,1.255350,1.256670,1.240120,1.242310
2020-06-19,1.242330,1.245570,1.234370,1.234860
2020-06-22,1.234100,1.247670,1.233500,1.246720
2020-06-23,1.246660,1.253160,1.243170,1.251870
2020-06-24,1.251780,1.254250,1.241390,1.241690
2020-06-25,1.241660,1.246420,1.238850,1.241730
2020-06-26,1.241700,1.243650,1.231400,1.233630
2020-06-29,1.232310,1.238920,1.225090,1.229760
2020-06-30,1.229760,1.240120,1.225730,1.240000
2020-07-01,1.239910,1.249010,1.235890,1.247390
2020-07-02,1.247260,1.252960,1.245590,1.246700
2020-07-03,1.246520,1.248620,1.243730,1.248160
2020-07-06,1.246040,1.251970,1.246000,1.249110
2020-07-07,1.248990,1.259180,1.246250,1.254310
2020-07-08,1.253880,1.262270,1.250810,1.260850
2020-07-09,1.260920,1.266930,1.259230,1.260570
2020-07-10,1.260530,1.266380,1.256630,1.262000
2020-07-13,1.261590,1.266580,1.255000,1.255360
2020-07-14,1.255310,1.256320,1.247970,1.255210
2020-07-15,1.255140,1.264920,1.254660,1.258630
2020-07-16,1.258630,1.262410,1.251940,1.255230
2020-07-17,1.255190,1.257420,1.251140,1.256710
2020-07-20,1.254440,1.266510,1.251780,1.266090
2020-07-21,1.266090,1.276750,1.265000,1.273020
2020-07-22,1.273030,1.274310,1.264380,1.273300
2020-07-23,1.273210,1.275970,1.267300,1.273990
2020-07-24,1.273890,1.280290,1.271690,1.279530
2020-07-27,1.279030,1.290270,1.277730,1.288060
2020-07-28,1.287960,1.295210,1.283780,1.293050
2020-07-29,1.292970,1.301300,1.291170,1.299480
2020-07-30,1.299440,1.310240,1.294430,1.309420
2020-07-31,1.309330,1.316990,1.307000,1.308220
2020-08-03,1.307510,1.311210,1.300440,1.307440
2020-08-04,1.307510,1.310780,1.298080,1.307110
2020-08-05,1.307010,1.316120,1.305380,1.311320
2020-08-06,1.311240,1.318530,1.311100,1.314220
2020-08-07,1.314040,1.315040,1.300900,1.305380
2020-08-10,1.305900,1.310290,1.301850,1.307090
2020-08-11,1.307050,1.313170,1.304130,1.304700
2020-08-12,1.304980,1.306710,1.300470,1.303260
2020-08-13,1.303150,1.312460,1.302450,1.306590
2020-08-14,1.306540,1.314230,1.304790,1.309030
2020-08-17,1.308310,1.312130,1.307370,1.310340
2020-08-18,1.310190,1.324920,1.309500,1.323760
2020-08-19,1.323670,1.326670,1.309350,1.309710
2020-08-20,1.309680,1.322420,1.306430,1.321290
2020-08-21,1.321300,1.325520,1.305880,1.308950
2020-08-24,1.308200,1.314840,1.305350,1.306250
2020-08-25,1.306140,1.317030,1.305500,1.315030
2020-08-26,1.314930,1.321860,1.311680,1.320840
2020-08-27,1.320820,1.328390,1.316070,1.319870
2020-08-28,1.320110,1.335630,1.318590,1.335120
2020-08-31,1.334480,1.339520,1.330140,1.336770
2020-09-01,1.336700,1.348200,1.335590,1.338250
2020-09-02,1.338240,1.340210,1.328300,1.335050
2020-09-03,1.335020,1.335900,1.324190,1.328010
2020-09-04,1.328020,1.331890,1.317550,1.327630
2020-09-07,1.325700,1.326740,1.314020,1.316190
2020-09-08,1.316180,1.317150,1.297950,1.298010
2020-09-09,1.298210,1.302260,1.288460,1.300130
2020-09-10,1.300170,1.303490,1.277250,1.280360
2020-09-11,1.280350,1.286500,1.276200,1.279660
2020-09-14,1.278050,1.291890,1.277440,1.284580
2020-09-15,1.284450,1.292570,1.281460,1.288840
2020-09-16,1.288820,1.300740,1.287470,1.296620
2020-09-17,1.296810,1.299900,1.286430,1.297250
2020-09-18,1.297290,1.299960,1.291400,1.292210
2020-09-21,1.292750,1.296600,1.277500,1.281560
2020-09-22,1.281670,1.286660,1.271070,1.272910
2020-09-23,1.272970,1.277670,1.267480,1.272150
2020-09-24,1.272210,1.278050,1.269020,1.274070
2020-09-25,1.274070,1.280510,1.268700,1.274190
2020-09-28,1.276220,1.292960,1.275080,1.283110
2020-09-29,1.283160,1.290240,1.282230,1.285870
2020-09-30,1.286020,1.294190,1.280510,1.291650
2020-10-01,1.291700,1.297840,1.281850,1.288590
2020-10-02,1.289240,1.295390,1.283600,1.293660
2020-10-05,1.292550,1.299050,1.289920,1.297640
2020-10-06,1.297670,1.300670,1.286640,1.287110
2020-10-07,1.287120,1.292930,1.284420,1.291440
2020-10-08,1.291340,1.296990,1.289060,1.293600
2020-10-09,1.293570,1.304870,1.292030,1.304870
2020-10-12,1.302450,1.308230,1.300510,1.306200
2020-10-13,1.306370,1.306810,1.292160,1.293480
2020-10-14,1.293490,1.306430,1.286250,1.301140
2020-10-15,1.301140,1.302950,1.289000,1.290250
2020-10-16,1.290220,1.296210,1.285620,1.290730
2020-10-19,1.289500,1.302410,1.289290,1.294210
2020-10-20,1.294210,1.297930,1.291050,1.294690
2020-10-21,1.294630,1.317640,1.293730,1.314540
2020-10-22,1.314210,1.315270,1.307000,1.308010
2020-10-23,1.308940,1.312180,1.301870,1.304370
2020-10-26,1.305280,1.307480,1.299250,1.301610
2020-10-27,1.301610,1.307940,1.300030,1.304200
2020-10-28,1.304200,1.306350,1.291600,1.298410
2020-10-29,1.298220,1.302560,1.288040,1.292560
2020-10-30,1.292560,1.298770,1.289870,1.295020
2020-11-02,1.292160,1.294240,1.285350,1.291540
2020-11-03,1.291540,1.307840,1.290730,1.305760
2020-11-04,1.305730,1.313980,1.291370,1.298600
2020-11-05,1.298580,1.315480,1.292940,1.314520
2020-11-06,1.314520,1.317710,1.309230,1.314750
2020-11-09,1.315470,1.320830,1.311820,1.316320
2020-11-10,1.316270,1.327830,1.315440,1.326920
2020-11-11,1.326920,1.331380,1.319090,1.322050
2020-11-12,1.322050,1.322830,1.310600,1.311500
2020-11-13,1.311440,1.319960,1.310890,1.319820
2020-11-16,1.316020,1.324260,1.315940,1.319640
2020-11-17,1.319670,1.327270,1.317890,1.324490
2020-11-18,1.324490,1.331210,1.324330,1.326570
2020-11-19,1.327090,1.327900,1.319560,1.325990
2020-11-20,1.326040,1.329690,1.324480,1.328960
2020-11-23,1.328730,1.339780,1.326360,1.332440
2020-11-24,1.332500,1.338030,1.329250,1.335850
2020-11-25,1.335860,1.339340,1.330380,1.338600
2020-11-26,1.337230,1.339770,1.332170,1.335670
2020-11-27,1.335660,1.338170,1.328770,1.330830
2020-11-30,1.332660,1.338450,1.330520,1.332240
2020-12-01,1.332010,1.344260,1.331550,1.341860
2020-12-02,1.341990,1.344090,1.328730,1.336450
2020-12-03,1.336560,1.350010,1.334730,1.345050
2020-12-04,1.344010,1.353970,1.341090,1.343440
2020-12-07,1.340930,1.343770,1.322430,1.337890
2020-12-08,1.337720,1.339330,1.328940,1.335750
2020-12-09,1.335390,1.347770,1.334850,1.340170
2020-12-10,1.340200,1.341050,1.324540,1.329090
2020-12-11,1.329450,1.332440,1.313380,1.322960
2020-12-14,1.334270,1.344500,1.328990,1.332880
2020-12-15,1.332380,1.346990,1.328010,1.345750
2020-12-16,1.345730,1.355380,1.343420,1.350780
2020-12-17,1.350810,1.362450,1.349510,1.358320
2020-12-18,1.358540,1.358960,1.347120,1.349760
2020-12-21,1.339520,1.349870,1.318770,1.346080
2020-12-22,1.346170,1.346920,1.330390,1.335860
2020-12-23,1.335930,1.357030,1.335190,1.349040
2020-12-24,1.349080,1.361930,1.348760,1.353360
2020-12-28,1.354410,1.357620,1.342930,1.345110
2020-12-29,1.345070,1.352250,1.343920,1.350030
2020-12-30,1.350030,1.362530,1.349020,1.362370
2020-12-31,1.362340,1.368630,1.360400,1.367450
2021-01-04,1.364520,1.370370,1.354180,1.356800
2021-01-05,1.356790,1.364210,1.355400,1.362550
2021-01-06,1.362520,1.367110,1.353850,1.360780
2021-01-07,1.360650,1.363320,1.353260,1.356250
2021-01-08,1.356260,1.363560,1.353800,1.356060
2021-01-11,1.354020,1.356880,1.345080,1.351160
2021-01-12,1.351120,1.367000,1.350400,1.366260
2021-01-13,1.366250,1.370080,1.361170,1.363380
2021-01-14,1.363520,1.371100,1.361600,1.368620
2021-01-15,1.368580,1.369750,1.357240,1.358200
2021-01-18,1.358700,1.359870,1.351960,1.358510
2021-01-19,1.358530,1.363640,1.357300,1.363250
2021-01-20,1.362910,1.371860,1.362250,1.365040
2021-01-21,1.365060,1.374620,1.364760,1.373040
2021-01-22,1.373110,1.373570,1.363560,1.368220
2021-01-25,1.367930,1.372370,1.364870,1.367430
2021-01-26,1.367440,1.374410,1.360990,1.373590
2021-01-27,1.373620,1.375860,1.365900,1.368530
2021-01-28,1.368520,1.374550,1.363010,1.371810
2021-01-29,1.371860,1.375140,1.365730,1.369810
2021-02-01,1.370290,1.375790,1.365640,1.366010
2021-02-02,1.365960,1.371050,1.361130,1.366720
2021-02-03,1.366690,1.368310,1.361930,1.364350
2021-02-04,1.364280,1.369770,1.356470,1.367150
2021-02-05,1.367150,1.373990,1.366030,1.373630
2021-02-08,1.371690,1.374920,1.368020,1.373790
2021-02-09,1.373760,1.382060,1.373120,1.381540
2021-02-10,1.381540,1.386590,1.380240,1.383140
2021-02-11,1.383030,1.385910,1.380050,1.381430
2021-02-12,1.381270,1.386230,1.377560,1.385330
2021-02-15,1.384620,1.391910,1.384620,1.389970
2021-02-16,1.389950,1.395210,1.386940,1.390210
2021-02-17,1.390140,1.390760,1.382960,1.385960
2021-02-18,1.386260,1.398570,1.383960,1.397250
2021-02-19,1.397250,1.403620,1.395110,1.400430
2021-02-22,1.400920,1.408610,1.398030,1.406080
2021-02-23,1.406080,1.411720,1.405430,1.411260
2021-02-24,1.411250,1.424090,1.408210,1.413890
2021-02-25,1.413780,1.418170,1.400010,1.400700
2021-02-26,1.400910,1.402620,1.388770,1.392700
2021-03-01,1.392840,1.399910,1.390380,1.392470
2021-03-02,1.392410,1.397690,1.385880,1.395170
2021-03-03,1.395150,1.400620,1.392070,1.394860
2021-03-04,1.394780,1.401650,1.387990,1.389360
2021-03-05,1.389270,1.390650,1.377780,1.382890
2021-03-08,1.379760,1.386450,1.379760,1.381980
2021-03-09,1.382020,1.392500,1.380140,1.388660
2021-03-10,1.388550,1.393770,1.384490,1.393320
2021-03-11,1.393310,1.399500,1.391700,1.399000
2021-03-12,1.398910,1.400460,1.386280,1.391860
2021-03-15,1.391650,1.394960,1.385300,1.390010
2021-03-16,1.389960,1.390560,1.380880,1.389150
2021-03-17,1.389240,1.397030,1.385050,1.395930
2021-03-18,1.395920,1.400090,1.389690,1.392760
2021-03-19,1.392770,1.395880,1.383040,1.386280
2021-03-22,1.383660,1.387630,1.381710,1.385830
2021-03-23,1.385830,1.386400,1.374010,1.374940
2021-03-24,1.374940,1.375680,1.367360,1.368660
2021-03-25,1.368660,1.374480,1.366980,1.373800
2021-03-26,1.373760,1.381190,1.373240,1.379130
2021-03-29,1.377620,1.384640,1.375480,1.375980
2021-03-30,1.376010,1.378320,1.370570,1.373900
2021-03-31,1.373850,1.381150,1.371560,1.377970
2021-04-01,1.378160,1.383600,1.374580,1.383160
2021-04-02,1.383200,1.385140,1.380960,1.383110
2021-04-05,1.381040,1.391300,1.381040,1.389860
2021-04-06,1.389860,1.391820,1.380160,1.382210
2021-04-07,1.382170,1.383930,1.372380,1.373710
2021-04-08,1.373700,1.378220,1.371840,1.373250
2021-04-09,1.373190,1.375040,1.366960,1.370200
2021-04-12,1.370120,1.377600,1.366840,1.373870
2021-04-13,1.374010,1.376820,1.369340,1.375070
2021-04-14,1.375000,1.380810,1.374590,1.377730
2021-04-15,1.377730,1.380850,1.376110,1.378290
2021-04-16,1.378240,1.384040,1.371570,1.384010
2021-04-19,1.382440,1.399220,1.380920,1.398460
2021-04-20,1.398530,1.400870,1.392570,1.393710
2021-04-21,1.393710,1.394920,1.388560,1.392710
2021-04-22,1.392720,1.394960,1.382380,1.383830
2021-04-23,1.383810,1.389550,1.383040,1.388470
2021-04-26,1.386900,1.392910,1.386420,1.389810
2021-04-27,1.389800,1.392400,1.385880,1.391070
2021-04-28,1.391100,1.395070,1.386110,1.393340
2021-04-29,1.393310,1.397670,1.392670,1.394020
2021-04-30,1.394010,1.395810,1.380270,1.381280
2021-05-03,1.380710,1.393190,1.379710,1.390810
2021-05-04,1.390830,1.391330,1.383820,1.388540
2021-05-05,1.388560,1.392620,1.387630,1.390360
2021-05-06,1.390460,1.394070,1.385670,1.388780
2021-05-07,1.388780,1.400570,1.388240,1.398700
2021-05-10,1.400440,1.415830,1.399410,1.411660
2021-05-11,1.411660,1.416620,1.410410,1.414100
2021-05-12,1.414110,1.415330,1.405000,1.405210
2021-05-13,1.405200,1.407830,1.400590,1.404940
2021-05-14,1.404880,1.411070,1.403580,1.409680
2021-05-17,1.409420,1.414660,1.407750,1.413760
2021-05-18,1.413600,1.422000,1.412970,1.418490
2021-05-19,1.418570,1.420090,1.409950,1.411280
2021-05-20,1.411290,1.419230,1.410120,1.418910
2021-05-21,1.418910,1.423360,1.414080,1.415070
2021-05-24,1.414140,1.417170,1.411160,1.415490
2021-05-25,1.415460,1.421090,1.411550,1.414900
2021-05-26,1.414860,1.417590,1.411240,1.411580
2021-05-27,1.411660,1.421930,1.409140,1.420360
2021-05-28,1.420250,1.420830,1.413640,1.418790
2021-05-31,1.417440,1.421750,1.416370,1.420940
2021-06-01,1.420910,1.424900,1.414660,1.414740
2021-06-02,1.414740,1.418340,1.411180,1.416950
2021-06-03,1.416930,1.420280,1.408640,1.410390
2021-06-04,1.410390,1.420040,1.408320,1.416490
2021-06-07,1.415340,1.419110,1.411150,1.418030
2021-06-08,1.418010,1.418460,1.412110,1.415480
2021-06-09,1.415510,1.418890,1.410980,1.411490
2021-06-10,1.411270,1.417820,1.407330,1.417540
2021-06-11,1.417590,1.418530,1.409600,1.411300
2021-06-14,1.409440,1.412390,1.407040,1.410840
2021-06-15,1.410650,1.412870,1.403440,1.408320
2021-06-16,1.408090,1.413270,1.398230,1.398660
2021-06-17,1.398500,1.400880,1.389590,1.392550
2021-06-18,1.392270,1.394490,1.379190,1.379670
2021-06-21,1.379420,1.393700,1.378640,1.393350
2021-06-22,1.393250,1.396360,1.386030,1.394750
2021-06-23,1.394550,1.400130,1.392390,1.396230
2021-06-24,1.396250,1.398620,1.388960,1.392430
2021-06-25,1.392190,1.393550,1.387150,1.388220
2021-06-28,1.386920,1.393940,1.386920,1.388150
2021-06-29,1.387850,1.388460,1.381400,1.383780
2021-06-30,1.383640,1.387280,1.379870,1.383150
2021-07-01,1.382960,1.383460,1.375290,1.376300
2021-07-02,1.376030,1.384450,1.373160,1.383250
2021-07-05,1.381520,1.386200,1.381520,1.384530
2021-07-06,1.384380,1.389800,1.377300,1.379900
2021-07-07,1.379900,1.384180,1.375390,1.380110
2021-07-08,1.379900,1.380520,1.374220,1.378560
2021-07-09,1.378510,1.390050,1.375530,1.389970
2021-07-12,1.388840,1.390990,1.383920,1.388310
2021-07-13,1.388040,1.390530,1.380010,1.381450
2021-07-14,1.381290,1.389170,1.380160,1.386030
2021-07-15,1.385910,1.389880,1.380500,1.382720
2021-07-16,1.382490,1.386180,1.376040,1.376490
2021-07-19,1.376220,1.377630,1.365490,1.367560
2021-07-20,1.367530,1.368950,1.357190,1.362820
2021-07-21,1.362570,1.372300,1.359130,1.371590
2021-07-22,1.371350,1.378700,1.369070,1.376830
2021-07-23,1.376560,1.377990,1.371990,1.374630
2021-07-26,1.375240,1.383330,1.373660,1.381840
2021-07-27,1.381640,1.389410,1.376690,1.387850
2021-07-28,1.387720,1.391070,1.384330,1.390280
2021-07-29,1.390070,1.398170,1.389800,1.396190
2021-07-30,1.395990,1.398320,1.388750,1.390700
2021-08-02,1.389120,1.393230,1.387560,1.388710
2021-08-03,1.388490,1.393890,1.387030,1.391560
2021-08-04,1.391390,1.395760,1.388570,1.388870
2021-08-05,1.388760,1.394890,1.387220,1.392970
2021-08-06,1.392680,1.393270,1.386130,1.387410
2021-08-09,1.386920,1.389440,1.384070,1.384620
2021-08-10,1.384680,1.387250,1.382770,1.383870
2021-08-11,1.383590,1.388780,1.380280,1.386500
2021-08-12,1.386670,1.387860,1.379500,1.380690
2021-08-13,1.380370,1.387510,1.379060,1.386990
2021-08-16,1.384870,1.387820,1.382780,1.384150
2021-08-17,1.383950,1.384490,1.372610,1.374380
2021-08-18,1.373910,1.378650,1.372370,1.375560
2021-08-19,1.375350,1.375810,1.363210,1.363520
2021-08-20,1.363520,1.364560,1.360220,1.362320
2021-08-23,1.360920,1.373210,1.360760,1.372430
2021-08-24,1.372190,1.374770,1.369380,1.372790
2021-08-25,1.372700,1.376670,1.369680,1.376300
2021-08-26,1.376120,1.376810,1.368950,1.369890
2021-08-27,1.369710,1.378030,1.367970,1.375620
2021-08-30,1.375100,1.377490,1.373380,1.375710
2021-08-31,1.375560,1.380770,1.374280,1.375390
2021-09-01,1.375280,1.379760,1.373040,1.376780
2021-09-02,1.376770,1.383930,1.376530,1.383140
2021-09-03,1.383200,1.389140,1.381790,1.385760
2021-09-06,1.385440,1.386680,1.381850,1.383420
2021-09-07,1.383180,1.385650,1.376770,1.378410
2021-09-08,1.378120,1.379020,1.372630,1.377080
2021-09-09,1.377060,1.386240,1.375320,1.383540
2021-09-10,1.383470,1.388840,1.382520,1.382940
2021-09-13,1.382240,1.385110,1.379670,1.383870
2021-09-14,1.383670,1.391310,1.380320,1.380730
2021-09-15,1.380630,1.385320,1.379200,1.384070
2021-09-16,1.383880,1.385220,1.376420,1.379380
2021-09-17,1.379140,1.381270,1.372650,1.372710
2021-09-20,1.372520,1.374980,1.364060,1.365720
2021-09-21,1.365770,1.369290,1.364120,1.365870
2021-09-22,1.365760,1.368940,1.360920,1.361470
2021-09-23,1.361510,1.375050,1.360920,1.371910
2021-09-24,1.371800,1.373600,1.365810,1.367090
2021-09-27,1.366440,1.372870,1.365670,1.369840
2021-09-28,1.369830,1.371710,1.352050,1.353670
2021-09-29,1.353460,1.355490,1.341170,1.342530
2021-09-30,1.342430,1.351740,1.341550,1.347280
2021-10-01,1.347070,1.357570,1.343340,1.354270
2021-10-04,1.354180,1.364000,1.353160,1.360710
2021-10-05,1.360590,1.364780,1.358450,1.362520
2021-10-06,1.362280,1.363120,1.354380,1.358070
2021-10-07,1.358050,1.363800,1.357030,1.361530
2021-10-08,1.361350,1.365830,1.358350,1.361740
2021-10-11,1.361440,1.367350,1.358390,1.359370
2021-10-12,1.359250,1.363740,1.356880,1.358660
2021-10-13,1.358560,1.366440,1.357520,1.365760
2021-10-14,1.365640,1.373430,1.365020,1.367130
2021-10-15,1.366950,1.377300,1.366750,1.374400
2021-10-18,1.374390,1.376470,1.370950,1.372640
2021-10-19,1.372590,1.383400,1.372020,1.379300
2021-10-20,1.378960,1.383460,1.374240,1.382260
2021-10-21,1.382150,1.383320,1.377620,1.379080
2021-10-22,1.378890,1.381480,1.373580,1.375930
2021-10-25,1.373660,1.379230,1.373660,1.376430
2021-10-26,1.376420,1.382950,1.375660,1.376620
2021-10-27,1.376200,1.378080,1.370940,1.374160
2021-10-28,1.373910,1.381480,1.372180,1.379210
2021-10-29,1.379190,1.380410,1.366830,1.369200
2021-11-01,1.368070,1.369340,1.364190,1.366440
2021-11-02,1.366380,1.366770,1.360510,1.361540
2021-11-03,1.361250,1.369130,1.360720,1.368300
2021-11-04,1.368330,1.369790,1.347120,1.349780
2021-11-05,1.349450,1.350910,1.342420,1.349530
2021-11-08,1.348120,1.357940,1.345010,1.356350
2021-11-09,1.356310,1.360710,1.352420,1.355700
2021-11-10,1.355650,1.356530,1.340040,1.340340
2021-11-11,1.340030,1.343300,1.335830,1.336960
2021-11-12,1.336590,1.342610,1.335270,1.341250
2021-11-15,1.340460,1.344950,1.340300,1.341270
2021-11-16,1.340950,1.347300,1.340500,1.342740
2021-11-17,1.342700,1.349610,1.339560,1.348890
2021-11-18,1.348840,1.351360,1.346350,1.349760
2021-11-19,1.349530,1.350940,1.340700,1.344480
2021-11-22,1.343840,1.345800,1.338410,1.339430
2021-11-23,1.339420,1.340930,1.334230,1.337710
2021-11-24,1.337550,1.339020,1.331540,1.332670
2021-11-25,1.332570,1.335340,1.330520,1.332080
2021-11-26,1.331900,1.336470,1.327810,1.332750
2021-11-29,1.332810,1.336310,1.328730,1.331310
2021-11-30,1.331160,1.337030,1.319400,1.329840
2021-12-01,1.329730,1.335220,1.326150,1.327540
2021-12-02,1.327370,1.333350,1.326810,1.330200
2021-12-03,1.329700,1.331030,1.320890,1.322990
2021-12-06,1.321160,1.328600,1.321140,1.326270
2021-12-07,1.326000,1.328920,1.320890,1.324200
2021-12-08,1.324080,1.326090,1.316020,1.320310
2021-12-09,1.320360,1.322220,1.317090,1.321890
2021-12-10,1.321840,1.327530,1.318690,1.326290
2021-12-13,1.324960,1.326890,1.320640,1.321500
2021-12-14,1.321110,1.325650,1.319080,1.322900
2021-12-15,1.322660,1.328280,1.317160,1.326180
2021-12-16,1.325760,1.337450,1.324140,1.332210
2021-12-17,1.331850,1.333940,1.322990,1.323600
2021-12-20,1.323560,1.324470,1.317340,1.320670
2021-12-21,1.320570,1.327040,1.319720,1.326380
2021-12-22,1.326260,1.336320,1.324000,1.335250
2021-12-23,1.335240,1.343790,1.334050,1.341070
2021-12-24,1.341060,1.342060,1.339010,1.339710
2021-12-27,1.337960,1.344490,1.337960,1.344050
2021-12-28,1.343870,1.346170,1.341510,1.343100
2021-12-29,1.342950,1.349930,1.340830,1.348860
2021-12-30,1.348540,1.352130,1.345440,1.350020
2021-12-31,1.349750,1.354980,1.346500,1.352320
2022-01-03,1.352560,1.353360,1.343080,1.347860
2022-01-04,1.347630,1.355750,1.345970,1.352810
2022-01-05,1.352540,1.359850,1.351970,1.355390
2022-01-06,1.355210,1.355870,1.349020,1.353130
2022-01-07,1.353090,1.359710,1.352510,1.359030
2022-01-10,1.356640,1.360360,1.353210,1.357610
2022-01-11,1.357460,1.363580,1.356090,1.363400
2022-01-12,1.363300,1.371420,1.362060,1.370040
2022-01-13,1.370030,1.374890,1.369840,1.370510
2022-01-14,1.370460,1.374320,1.365330,1.367930
2022-01-17,1.366460,1.368990,1.363730,1.364470
2022-01-18,1.364370,1.366160,1.357250,1.359390
2022-01-19,1.359340,1.364880,1.358780,1.361130
2022-01-20,1.361030,1.366160,1.358710,1.359810
2022-01-21,1.359810,1.360190,1.354570,1.355110
2022-01-24,1.354460,1.356520,1.343990,1.348700
2022-01-25,1.348650,1.351880,1.343600,1.350240
2022-01-26,1.349910,1.352480,1.344400,1.346220
2022-01-27,1.346230,1.346770,1.335770,1.338170
2022-01-28,1.338000,1.343300,1.336500,1.339410
2022-01-31,1.339060,1.346070,1.338600,1.344570
2022-02-01,1.344370,1.352800,1.343390,1.352200
2022-02-02,1.351950,1.358680,1.351370,1.357630
2022-02-03,1.357340,1.362810,1.353780,1.359630
2022-02-04,1.359430,1.361530,1.350500,1.352750
2022-02-07,1.353360,1.355090,1.349060,1.353540
2022-02-08,1.353550,1.356380,1.350740,1.354350
2022-02-09,1.354340,1.358920,1.352660,1.353290
2022-02-10,1.353230,1.364350,1.352320,1.355720
2022-02-11,1.355690,1.360950,1.351410,1.356010
2022-02-14,1.354350,1.357180,1.349480,1.353020
2022-02-15,1.352740,1.356660,1.348650,1.353690
2022-02-16,1.353680,1.360090,1.352700,1.358370
2022-02-17,1.358310,1.363780,1.355540,1.361550
2022-02-18,1.361320,1.364280,1.357330,1.359230
2022-02-21,1.357840,1.363860,1.357840,1.360050
2022-02-22,1.359820,1.360440,1.353820,1.358530
2022-02-23,1.358260,1.362040,1.353600,1.354280
2022-02-24,1.354020,1.354880,1.327310,1.337640
2022-02-25,1.337540,1.343870,1.336660,1.340960
2022-02-28,1.332170,1.343170,1.332170,1.341790
2022-03-01,1.341700,1.343750,1.330210,1.332390
2022-03-02,1.332240,1.340640,1.327120,1.340460
2022-03-03,1.340320,1.341780,1.331740,1.334680
2022-03-04,1.334200,1.335340,1.320220,1.323310
