test,state,block,horizon,stocks,bars,adequate,equal_stock_mean,median_stock_median,equal_stock_positive_fraction,equal_stock_mean_abs,median_stock_p5,median_stock_p10,median_stock_es5,median_stock_neg_share,median_stock_pos_share
quintile_dir_structure,Q1,2000-2004,1,84,10135,1,0.044193590006072446,0.024309396924188778,0.5219792406765954,0.5142999127081096,-0.9502872614460619,-0.7274265428321305,-1.3132885301781867,0.4781848492968238,0.5218151507031761
quintile_dir_structure,Q1,2000-2004,5,84,10137,1,0.16994818546758766,0.18380190918812134,0.5731065918539979,1.1780702953154372,-2.2275268858619635,-1.6013269551386924,-2.9088817482108382,0.44099293092801284,0.5590070690719873
quintile_dir_structure,Q1,2000-2004,10,84,10137,1,0.25900058789594216,0.28438790255179325,0.5830624587796779,1.729927072844275,-3.1135438619401192,-2.295323143891336,-4.029938971257453,0.43846106836714094,0.5615389316328591
quintile_dir_structure,Q1,2000-2004,20,84,10137,1,0.392237591551432,0.666244843692722,0.6033424997059048,2.4913596240079903,-4.270476836645198,-3.2297847549006677,-5.478115411324151,0.4096052425224941,0.5903947574775058
quintile_dir_structure,Q1,2005-2009,1,133,28536,1,0.0006806997275955117,0.0061928385366166495,0.5006126054389696,0.5608776384803632,-1.1280315745472689,-0.8625773456692676,-1.5624015431186926,0.4972532353126536,0.5027467646873464
quintile_dir_structure,Q1,2005-2009,5,133,28536,1,0.005446789033101977,0.0702078220666659,0.513220859193665,1.2142957279182556,-2.5180602225043094,-1.8427353901595964,-3.443043979745446,0.4858304818680846,0.5141695181319156
quintile_dir_structure,Q1,2005-2009,10,133,28536,1,0.018718891591923636,0.15053782324734588,0.5306340757928435,1.6735366358395851,-3.431409521277468,-2.447955822624328,-4.616960186252105,0.494962215314831,0.5050377846851691
quintile_dir_structure,Q1,2005-2009,20,133,28535,1,0.05835601758250736,0.27310480158024025,0.5413554111927579,2.3705344995611166,-4.970282401211728,-3.342629818622234,-6.621060875164871,0.4856049907326058,0.5143950092673942
quintile_dir_structure,Q1,2010-2014,1,124,17142,1,0.05315885769277108,0.047636764219981184,0.5286716339172759,0.5687038780781086,-1.0641737266579896,-0.8118121498187649,-1.499959264770668,0.4571617018796385,0.5428382981203614
quintile_dir_structure,Q1,2010-2014,5,124,17142,1,0.21787891142872293,0.28976012623819114,0.5797985212836494,1.3124873997099689,-2.3402542420784664,-1.6483688515595358,-3.2696185999471337,0.40803937408854773,0.5919606259114523
quintile_dir_structure,Q1,2010-2014,10,124,17142,1,0.42945428919808637,0.6158310549746104,0.6173802504709539,1.8372336776425455,-3.1815943343675888,-2.189054601037946,-4.172640520835859,0.38575901206158536,0.6142409879384145
quintile_dir_structure,Q1,2010-2014,20,124,17142,1,0.8140732312152436,1.0494098958892941,0.64000538365969,2.67202840907453,-3.800242710825378,-2.7131866476982225,-4.798284876163058,0.3133430271094707,0.6866569728905293
quintile_dir_structure,Q1,2015-2019,1,180,35263,1,0.0326494201695084,0.049768257115627296,0.5342470301047271,0.5322669510385243,-1.0948861149519151,-0.810260265101412,-1.5549105891347708,0.47709897498923864,0.5229010250107613
quintile_dir_structure,Q1,2015-2019,5,180,35263,1,0.15454628113409494,0.2370747759433931,0.5681819205911035,1.2337656328273499,-2.557880466694037,-1.8090903883663603,-3.487387826101479,0.44748032308886354,0.5525196769111367
quintile_dir_structure,Q1,2015-2019,10,180,35262,1,0.3074672693614968,0.4302956467084682,0.5924740790389514,1.7945508218956712,-3.5671802074933794,-2.4836014701234315,-4.630372964833599,0.4406800890132222,0.5593199109867777
quintile_dir_structure,Q1,2015-2019,20,180,35262,1,0.6293045739278754,0.7721646088470298,0.6244176842252223,2.5823199180732175,-4.553645309463233,-3.252325983552222,-5.5737363168945695,0.4062567749533627,0.5937432250466373
quintile_dir_structure,Q1,2020-2026,1,275,79289,1,0.02155825436249813,0.0256681402198307,0.5154065561420539,0.5572851211390581,-1.1105868043007858,-0.8146116841568735,-1.7346693277508884,0.48416957034075625,0.5158304296592436
quintile_dir_structure,Q1,2020-2026,5,275,79120,1,0.09698435784117382,0.17711698006513268,0.5498183087501721,1.2780436274244993,-2.5729729889616193,-1.8355750944393436,-3.7559007726000986,0.4616683068601649,0.5383316931398351
quintile_dir_structure,Q1,2020-2026,10,275,78949,1,0.20926577971591087,0.33779406085337144,0.5739135644483324,1.8138142989497317,-3.5645011012600785,-2.584105071883993,-5.01836961753607,0.43967037149535204,0.5603296285046477
quintile_dir_structure,Q1,2020-2026,20,275,78583,1,0.44948660178888944,0.6090436580893142,0.5967327370042879,2.5793111072861223,-4.748367522590383,-3.347049919769689,-6.131101783972997,0.40805380197596514,0.5919461980240349
quintile_dir_structure,Q1,ALL,1,279,170369,1,0.018525754702978386,0.026238051874634714,0.5134520650015485,0.5500709755900562,-1.1227113557297523,-0.8208968500956433,-1.6983613205942687,0.48632119129807344,0.5136788087019266
quintile_dir_structure,Q1,ALL,5,279,170202,1,0.08474312943571288,0.16562598388062497,0.5437233462052021,1.255085501719124,-2.6069015772504605,-1.8427637623842548,-3.828857510841619,0.46439080441353053,0.5356091955864694
quintile_dir_structure,Q1,ALL,10,279,170030,1,0.1778419294531551,0.33014790844881736,0.5658489062692376,1.7768812780817027,-3.7202208564302968,-2.598259970092026,-5.267718141981514,0.45294354213784316,0.5470564578621565
quintile_dir_structure,Q1,ALL,20,279,169663,1,0.3682410672895789,0.5617663584638561,0.5852628804246482,2.5262516921281097,-5.084585701284247,-3.6076981183567933,-6.885857213051716,0.4312403185354366,0.5687596814645632
quintile_dir_structure,Q2,2000-2004,1,90,11287,1,0.025752423529718065,0.0125098080453032,0.510014304873207,0.5446405979067753,-1.1017845647093627,-0.8149585004693264,-1.4750254670301677,0.4836067661033898,0.5163932338966102
quintile_dir_structure,Q2,2000-2004,5,90,11286,1,0.14205388640483432,0.1936596314813212,0.5609561994882568,1.2527250779852017,-2.3892199132284944,-1.7367018924110331,-3.125723041234922,0.4571333364484088,0.5428666635515911
quintile_dir_structure,Q2,2000-2004,10,90,11287,1,0.2741755450975916,0.3956073906546614,0.5907594874113548,1.7728086512437498,-3.3077677501800515,-2.2874151769640276,-4.463406727755579,0.4236099022278204,0.5763900977721795
quintile_dir_structure,Q2,2000-2004,20,90,11287,1,0.4059218242539497,0.6786666209244119,0.5970791978732618,2.5243365557246635,-4.396871196143638,-3.252486457657837,-5.946861298472825,0.44055002817808786,0.5594499718219121
quintile_dir_structure,Q2,2005-2009,1,134,26352,1,0.004708328457572378,0.006554942076498239,0.5073745593312191,0.5415720561612467,-1.1116157618221862,-0.8378902341321769,-1.5275038951179072,0.49737215734911855,0.5026278426508815
quintile_dir_structure,Q2,2005-2009,5,134,26352,1,-0.00896504969812746,0.025396197056479886,0.5169636926358917,1.155723572356578,-2.3861929183846904,-1.7717741366174202,-3.2109696708964646,0.5033242479412989,0.4966757520587013
quintile_dir_structure,Q2,2005-2009,10,134,26352,1,-0.01634864226857661,0.05399983365613594,0.5131649866945972,1.6550845616205732,-3.363860196606728,-2.5413765379104944,-4.2500198961713345,0.5094337075352495,0.4905662924647505
quintile_dir_structure,Q2,2005-2009,20,134,26352,1,0.0104897403822684,0.22158287019272174,0.5342845575495238,2.4084384150194342,-4.652418498224366,-3.590157704622135,-6.159534632750079,0.48940440540803,0.51059559459197
quintile_dir_structure,Q2,2010-2014,1,126,22169,1,0.031158581650413714,0.028652114859017044,0.5236976813162385,0.5647720236119042,-1.1173198555452857,-0.8458467250868307,-1.6612649522448393,0.4712556071080778,0.5287443928919223
quintile_dir_structure,Q2,2010-2014,5,126,22169,1,0.13667110376682,0.233151193338086,0.561642802513993,1.3076852157963166,-2.571112009999897,-1.8649226066278006,-3.439097965838899,0.43704090088061626,0.5629590991193836
quintile_dir_structure,Q2,2010-2014,10,126,22169,1,0.21205466441007806,0.3927782513509267,0.5747465938182944,1.829117626705085,-3.4524463126671034,-2.4950448579735593,-4.627419656932021,0.424084271149448,0.575915728850552
quintile_dir_structure,Q2,2010-2014,20,126,22169,1,0.40232859554912426,0.714366801790477,0.5898774135482321,2.5849642857707598,-4.459763985338949,-3.325146944652908,-6.044091690523832,0.40542802349218515,0.5945719765078148
quintile_dir_structure,Q2,2015-2019,1,180,37088,1,0.021542799788304045,0.04831777261125693,0.5300695775506179,0.5606175180811003,-1.1680863891557638,-0.8472226373617611,-1.7171983528131056,0.48558674020822384,0.5144132597917761
quintile_dir_structure,Q2,2015-2019,5,180,37088,1,0.10249867826743256,0.1563649237435371,0.5496566811351783,1.2854652381803107,-2.6545291473354324,-1.823434987402445,-3.6614605780071923,0.4679755167685687,0.5320244832314313
quintile_dir_structure,Q2,2015-2019,10,180,37089,1,0.2014164148898684,0.29665577798333775,0.5689769674508447,1.8641248668478811,-3.68718990776829,-2.6342779637108595,-4.904445246375211,0.46303964206168,0.5369603579383199
quintile_dir_structure,Q2,2015-2019,20,180,37089,1,0.34325258936590497,0.3938280691082287,0.578091137075179,2.6013074709718764,-4.932645382849617,-3.574305724804947,-6.2751029446475,0.4377049994851925,0.5622950005148075
quintile_dir_structure,Q2,2020-2026,1,270,73830,1,-0.0015757591092517296,0.023789747772361782,0.5075477863515206,0.5842927332950767,-1.219311955805241,-0.8711544138039152,-1.7973919520150905,0.49647102329787524,0.5035289767021247
quintile_dir_structure,Q2,2020-2026,5,269,73633,1,0.004089869317100736,0.11813184174687934,0.5298667060702013,1.3479578611278966,-2.7689004101510157,-2.002065141921279,-4.021322856831322,0.49366233484734057,0.506337665152659
quintile_dir_structure,Q2,2020-2026,10,269,73412,1,-0.018931114887231447,0.1784831529398902,0.5332177792981304,1.9259522582015243,-3.924468597955675,-2.817715981352784,-5.631763997137369,0.4901543006219894,0.5098456993780106
quintile_dir_structure,Q2,2020-2026,20,269,72931,1,0.00666151308241316,0.3465886425223184,0.5425019389113179,2.718896589738767,-5.3000385034837905,-3.832171003070741,-7.398686790490099,0.4859619292829991,0.5140380707170011
quintile_dir_structure,Q2,ALL,1,272,170763,1,0.0006906608246616791,0.026324775252974397,0.5094748502414714,0.571821931369243,-1.1915262387274368,-0.8622070075198064,-1.7587695478304692,0.4944337493431409,0.5055662506568592
quintile_dir_structure,Q2,ALL,5,271,170565,1,0.016606821487960548,0.1297731928209751,0.5309807687911047,1.309240903571372,-2.7310163588054803,-1.9833521373122571,-3.9368094392196697,0.48559078193189886,0.5144092180681011
quintile_dir_structure,Q2,ALL,10,271,170346,1,0.018669743484735483,0.2047027448664516,0.5369480828812465,1.8679024707953011,-3.8800145552970386,-2.7635357003317713,-5.525733541981955,0.47833469600213097,0.5216653039978691
quintile_dir_structure,Q2,ALL,20,271,169865,1,0.055736470665097515,0.3681693756163599,0.5466455067262131,2.634369084262285,-5.357315774450293,-3.853397424497007,-7.563753829790492,0.47340030680308914,0.5265996931969109
quintile_dir_structure,Q3,2000-2004,1,88,12533,1,0.002765627013701268,0.011067728687641415,0.5007332862297645,0.5234387867785468,-1.0160873201913563,-0.7652078213209812,-1.3993968585441463,0.4887849954861882,0.5112150045138117
quintile_dir_structure,Q3,2000-2004,5,88,12532,1,0.0014513586635292856,0.11744326270637241,0.5166021386277806,1.2012244001138486,-2.346151558318296,-1.7618929502456226,-3.04325044102648,0.4764383423836241,0.5235616576163757
quintile_dir_structure,Q3,2000-2004,10,88,12532,1,0.011284848923791446,0.24202012493771644,0.524279836809545,1.7178595669468377,-3.313900299412705,-2.4387127873973737,-4.486298851637654,0.47267257786138045,0.5273274221386195
quintile_dir_structure,Q3,2000-2004,20,88,12533,1,0.11078084098478401,0.40628948007636745,0.554298209162891,2.4283815657730163,-4.756587314929855,-3.4627189824284397,-6.218487511012217,0.4521781803675886,0.5478218196324114
quintile_dir_structure,Q3,2005-2009,1,133,23976,1,-0.009001094099083728,0.0033310428324001655,0.49850378491228475,0.5369780513828684,-1.0996965721518686,-0.810167314595814,-1.4972911379428038,0.4977386157104659,0.5022613842895342
quintile_dir_structure,Q3,2005-2009,5,133,23976,1,-0.000917526582063409,0.09998598123243971,0.520485631330343,1.1922061869775802,-2.412550569147212,-1.7739803384030544,-3.2943528315279806,0.4798839753609162,0.5201160246390838
quintile_dir_structure,Q3,2005-2009,10,133,23976,1,-0.02504064969031824,0.11008383185040314,0.5083849095399567,1.6740064636360468,-3.3663438745190426,-2.5250988442534923,-4.311061799795362,0.481957021945388,0.5180429780546121
quintile_dir_structure,Q3,2005-2009,20,133,23977,1,-0.02101483740446951,0.2642479006507982,0.5238130336397511,2.4228062333423543,-4.7605047120604596,-3.6398331223786666,-6.061083116246688,0.46082009152182574,0.5391799084781742
quintile_dir_structure,Q3,2010-2014,1,128,27754,1,0.017855240401797298,0.026506617712611365,0.5153570527420159,0.5402562055924907,-1.101617648805283,-0.8206482301732225,-1.5630468807442621,0.4885514513204701,0.5114485486795298
quintile_dir_structure,Q3,2010-2014,5,128,27754,1,0.09389494046646182,0.16207496408744854,0.5447790088855697,1.2148429486767887,-2.4895604187062923,-1.811564364474425,-3.425291729428887,0.46639850062764643,0.5336014993723536
quintile_dir_structure,Q3,2010-2014,10,128,27754,1,0.16002899221793693,0.3265766976547996,0.5573802308315222,1.7084039925156214,-3.3061576622060307,-2.460961314563132,-4.337028462743547,0.45152803064045977,0.5484719693595403
quintile_dir_structure,Q3,2010-2014,20,128,27754,1,0.3627869728465548,0.6460152228290027,0.5872394848523561,2.443999776950771,-4.581523113209191,-3.4792995283304275,-5.807977215002259,0.4196033413460013,0.5803966586539987
quintile_dir_structure,Q3,2015-2019,1,184,37135,1,0.004738161721998066,0.04314972322071782,0.5213411640293869,0.5427529094155703,-1.1458736031960632,-0.8211087809417124,-1.730380504458009,0.4965541121774039,0.503445887822596
quintile_dir_structure,Q3,2015-2019,5,184,37135,1,0.03251404798277023,0.11958408173088189,0.5370719987190711,1.272887947986242,-2.613468339969363,-1.8888636370200111,-3.6040145531775676,0.48656815021635075,0.5134318497836493
quintile_dir_structure,Q3,2015-2019,10,184,37135,1,0.07066195465567285,0.1912064541165121,0.5337368922172897,1.7892980769626983,-3.6192983637798553,-2.562604431112595,-4.777491503183597,0.47928198491270724,0.5207180150872929
quintile_dir_structure,Q3,2015-2019,20,184,37135,1,0.13214144048384516,0.27894764195275923,0.5448509094965585,2.5329534503995332,-5.089367361406687,-3.571603596992408,-6.467588234901431,0.46713701844400257,0.5328629815559974
quintile_dir_structure,Q3,2020-2026,1,268,73325,1,0.004542559598833186,0.019637306873192074,0.5104324986905133,0.561521978919621,-1.161122326935884,-0.856509232674348,-1.697930508708815,0.497950095220143,0.5020499047798571
quintile_dir_structure,Q3,2020-2026,5,267,73062,1,0.01806714926781477,0.06727429668948554,0.5190369716295801,1.2869878734398192,-2.671876151468249,-1.9285889774900629,-3.785567229092112,0.4889702814889132,0.5110297185110868
quintile_dir_structure,Q3,2020-2026,10,267,72714,1,0.0397656186052628,0.13789639037916537,0.5258149024397231,1.83388858949074,-3.7259933434282155,-2.7305035937476543,-5.257432688530725,0.485845100260567,0.514154899739433
quintile_dir_structure,Q3,2020-2026,20,267,72086,1,0.003280156244857377,0.18460810337990566,0.529461726124379,2.6687663104914763,-5.246759773056495,-3.8500831559275523,-7.410018983749972,0.4946555749485133,0.5053444250514867
quintile_dir_structure,Q3,ALL,1,271,174750,1,0.005868124823565493,0.022928785368652248,0.5122806539658896,0.5491262256388286,-1.1429810596292036,-0.8353823435754371,-1.70255869591674,0.4937409287968903,0.5062590712031098
quintile_dir_structure,Q3,ALL,5,271,174489,1,0.030201228242646642,0.12181069174494699,0.5241740058187027,1.2639454794346174,-2.6289681083076215,-1.8755453465887872,-3.8169504467179363,0.4800570392625168,0.5199429607374833
quintile_dir_structure,Q3,ALL,10,271,174140,1,0.059311969987757854,0.19992398334336417,0.5308319048589306,1.8029789763899668,-3.6664254842372275,-2.6618168839788736,-5.287550395142256,0.4725438580752431,0.5274561419247569
quintile_dir_structure,Q3,ALL,20,271,173512,1,0.09650832859819126,0.3087616479311868,0.5388131531711189,2.5871603533757557,-5.110822680463097,-3.788498893141379,-7.356521926362754,0.46869082963761083,0.5313091703623892
quintile_dir_structure,Q4,2000-2004,1,82,8923,1,0.008056488452258953,0.0,0.5005005203084251,0.5349663492797234,-1.048075373441712,-0.7975070711646539,-1.429077836197393,0.4915697799526978,0.5084302200473022
quintile_dir_structure,Q4,2000-2004,5,82,8923,1,0.024808332639706696,0.0964145963251849,0.5205792583484375,1.2504545853735722,-2.3197455518309056,-1.7883506331335766,-3.155098064511531,0.46683830302159957,0.5331616969784008
quintile_dir_structure,Q4,2000-2004,10,82,8923,1,0.03538672726204224,0.15052734049986982,0.5259752887415058,1.7713860809116724,-3.1851085503943457,-2.4620121195446463,-4.3516475103755905,0.47041698267506515,0.5295830173249347
quintile_dir_structure,Q4,2000-2004,20,82,8923,1,0.10741092800542545,0.3494606405547259,0.5373333424731788,2.4388377169765976,-4.411480770755567,-3.3134674171217053,-5.619602362522343,0.4545317715610963,0.5454682284389036
quintile_dir_structure,Q4,2005-2009,1,128,16010,1,0.016000413253009424,0.01881334498859341,0.50960337445385,0.5320784812525257,-1.0828475994477607,-0.8213506808962291,-1.480391911422878,0.48648409265114656,0.5135159073488533
quintile_dir_structure,Q4,2005-2009,5,128,16010,1,0.04541580993650932,0.06358452987813733,0.5218004607893079,1.2287065993832786,-2.397644960498414,-1.863317604683428,-3.187125782281232,0.4771463719447341,0.5228536280552658
quintile_dir_structure,Q4,2005-2009,10,128,16010,1,0.060424083158246704,0.13957063939060493,0.5238152055643093,1.765202289755134,-3.3287686639532454,-2.552349288157641,-4.452096669729572,0.47633608473303635,0.5236639152669635
quintile_dir_structure,Q4,2005-2009,20,128,16010,1,0.024641304737473835,0.11755504521983143,0.5254047918269387,2.5224275941923944,-4.980865632101509,-3.6806550729455,-6.220564481327042,0.4898178026198694,0.5101821973801306
quintile_dir_structure,Q4,2010-2014,1,120,17189,1,0.020533284794050456,0.01882166768136476,0.5150176554560703,0.5418137740964709,-1.132001269332148,-0.8271582149085186,-1.5783965042554748,0.4946457327542193,0.5053542672457807
quintile_dir_structure,Q4,2010-2014,5,120,17189,1,0.14806198154125041,0.1438747940335902,0.5582817469016751,1.2932048430637935,-2.56465026486622,-1.9061482973538588,-3.4224319261500433,0.48015757119947733,0.5198424288005227
quintile_dir_structure,Q4,2010-2014,10,120,17189,1,0.20859753400027495,0.2191235858777568,0.5563269629766839,1.799173953666973,-3.376588561979424,-2.4586060921369257,-4.536740814333305,0.46716359255286055,0.5328364074471393
quintile_dir_structure,Q4,2010-2014,20,120,17189,1,0.20756096542869276,0.30605826746349485,0.5629674777733269,2.5648318233935656,-4.836003012738075,-3.5884273836726424,-6.186646697887735,0.45914240704764353,0.5408575929523565
quintile_dir_structure,Q4,2015-2019,1,165,21665,1,0.014920228895905257,0.03871621785955531,0.5261952539912857,0.5738931907332129,-1.1833534416669,-0.850955194692974,-1.8219666883400796,0.4895934903261427,0.5104065096738571
quintile_dir_structure,Q4,2015-2019,5,165,21665,1,0.03143941775659427,0.14667606561124447,0.5442827099376939,1.3196355051412723,-2.7305972847213207,-2.0023870213344117,-3.816686011989963,0.4929887846364477,0.5070112153635522
quintile_dir_structure,Q4,2015-2019,10,165,21665,1,0.031358243949021716,0.23174930701350008,0.5428261096639321,1.8661185152648294,-3.8165905414303136,-2.728003697711528,-4.94673402593722,0.47658873749661623,0.5234112625033838
quintile_dir_structure,Q4,2015-2019,20,165,21665,1,-0.026559726685612812,0.23138842169255258,0.5339592359686459,2.678205054663383,-5.166489069910426,-3.8086606546380617,-6.631375510087981,0.48025142321022307,0.5197485767897768
quintile_dir_structure,Q4,2020-2026,1,271,47348,1,-0.005645062164613805,0.00887795482085161,0.5050016595867599,0.5627222160069764,-1.1642019274749882,-0.8617163310068061,-1.7175963911982521,0.4984906443673896,0.5015093556326105
quintile_dir_structure,Q4,2020-2026,5,271,47226,1,-0.03060109701649664,0.07818377464041618,0.5184990594925765,1.332517565536234,-2.700877130263886,-1.9869253547651333,-3.674798211366617,0.4975756658547586,0.5024243341452415
quintile_dir_structure,Q4,2020-2026,10,271,47024,1,-0.13291993374813552,0.16240992254425532,0.5209001087892328,2.0071410350563927,-3.779876810016487,-2.8388999315262815,-4.932822569205118,0.49290702605745246,0.5070929739425476
quintile_dir_structure,Q4,2020-2026,20,269,46600,1,-0.3794779388969657,0.16686521164038234,0.5251949681714708,3.0283108039881843,-5.191459694117027,-3.8705620201211803,-6.57581580674398,0.516723248763243,0.4832767512367568
quintile_dir_structure,Q4,ALL,1,275,111193,1,0.003249755533764065,0.019949422533065825,0.5097783363571363,0.5558383985784868,-1.1630019839214978,-0.8522650687947846,-1.7142424134665732,0.4961488939413711,0.5038511060586289
quintile_dir_structure,Q4,ALL,5,275,111071,1,-0.00921415200782131,0.08647095460433857,0.5247039252762302,1.3234262619754342,-2.6875302132338756,-1.9784946678098079,-3.7984681673034246,0.49305803098890616,0.5069419690110938
quintile_dir_structure,Q4,ALL,10,275,110869,1,-0.09368869282749082,0.16212270489841724,0.5250066418303095,1.968523069291607,-3.7738813125535895,-2.7690409337781956,-5.17406915736581,0.4908544942821588,0.5091455057178411
quintile_dir_structure,Q4,ALL,20,274,110445,1,-0.3011765157692776,0.23044206104052034,0.5301998558654175,2.9622487290264194,-5.322632887542426,-3.909595842973738,-7.2005104498744466,0.4956647363334675,0.5043352636665324
quintile_dir_structure,Q5,2000-2004,1,94,18271,1,-0.0048504222987736,0.014155435067740835,0.49780548164761806,0.5200518720934747,-1.026235853122262,-0.7917249083635858,-1.446358391529581,0.4913069383155091,0.5086930616844909
quintile_dir_structure,Q5,2000-2004,5,94,18271,1,-0.07748768607188128,0.033669238492833056,0.4969765436726333,1.2375923891525658,-2.490292975925893,-1.8362189633684278,-3.3708132963741475,0.5013631054835388,0.49863689451646137
quintile_dir_structure,Q5,2000-2004,10,94,18270,1,-0.1324169900404056,0.1486202333321268,0.5010134486401787,1.7606825437441707,-3.5318540626516643,-2.5353562077427987,-4.642508339945959,0.49200664121357607,0.5079933587864239
quintile_dir_structure,Q5,2000-2004,20,94,18269,1,-0.2404587436038655,0.08689641293176509,0.4892202583421674,2.504109545385945,-4.624695210170937,-3.4040200469802446,-5.922456085607546,0.47996661389783446,0.5200333861021654
quintile_dir_structure,Q5,2005-2009,1,133,32785,1,-0.0104354434545815,0.0024378655553486213,0.49436397617342653,0.503511807620926,-1.0624001235146734,-0.7868983851675223,-1.4491412104681058,0.5011392267169367,0.4988607732830634
quintile_dir_structure,Q5,2005-2009,5,133,32785,1,-0.005037672842829192,0.05936598118052544,0.5049097367594334,1.1608288350693028,-2.433189916965899,-1.7549528703597013,-3.2214652466339064,0.4879858747063633,0.5120141252936368
quintile_dir_structure,Q5,2005-2009,10,133,32785,1,-0.006948528827014103,0.15166243661144033,0.5127017669555349,1.646859036819453,-3.3499825605848095,-2.4563850847743693,-4.449390784929127,0.47491224519614267,0.5250877548038574
quintile_dir_structure,Q5,2005-2009,20,133,32785,1,-0.08093149752678958,0.22328482797436805,0.5066640648911134,2.4132295820417036,-4.686446027117306,-3.4289326458064195,-6.233243694768187,0.4723621391560157,0.527637860843984
quintile_dir_structure,Q5,2010-2014,1,130,39415,1,-0.006002074561503313,0.022796937211935958,0.5090297801850563,0.5120031297148347,-1.0498804475187193,-0.7833889479069072,-1.507646879455123,0.48556571386039216,0.5144342861396078
quintile_dir_structure,Q5,2010-2014,5,130,39415,1,-0.07410036549991468,0.09301958859238418,0.5040294336346562,1.2216886490819687,-2.522378206285156,-1.7947829361139491,-3.470970119189073,0.4919648539802215,0.5080351460197784
quintile_dir_structure,Q5,2010-2014,10,130,39415,1,-0.0713584711829183,0.23168232927638438,0.5163622975587967,1.7417621869173576,-3.4461498571653655,-2.536900627847054,-4.804784876299985,0.473470098232627,0.526529901767373
quintile_dir_structure,Q5,2010-2014,20,130,39415,1,-0.08223295227834519,0.3992073797651352,0.5256792589222713,2.5535863541844055,-4.915387453686614,-3.7254120148011998,-6.456516067589706,0.47466015807628315,0.5253398419237169
quintile_dir_structure,Q5,2015-2019,1,183,49924,1,-0.004771255726943749,0.021037095456659053,0.5099057395456399,0.5030063923721343,-1.088474410962336,-0.7662882006466215,-1.6019995521107593,0.5003817404525305,0.4996182595474696
quintile_dir_structure,Q5,2015-2019,5,183,49924,1,-0.018765858011708464,0.07939766015931472,0.518494851152725,1.1661484532637207,-2.5340460423301807,-1.8079104395807906,-3.679086081109499,0.5000500034628883,0.49994999653711175
quintile_dir_structure,Q5,2015-2019,10,183,49924,1,-0.014709992433106955,0.1986201842003012,0.5242924109516068,1.6912972574730463,-3.6511930243553268,-2.617911738830688,-4.873318170855436,0.4982758939732978,0.5017241060267023
quintile_dir_structure,Q5,2015-2019,20,183,49924,1,0.029835873670143283,0.28916407505611536,0.534020403053456,2.472115932600248,-5.2042398980141735,-3.644434385475955,-6.629783255167641,0.4752335678669644,0.5247664321330356
quintile_dir_structure,Q5,2020-2026,1,261,91476,1,-0.014687254076965119,0.013248098268813974,0.5009491543661121,0.5186742418520845,-1.102266458201274,-0.8023798925323059,-1.6256756292066175,0.5082284069310726,0.49177159306892737
quintile_dir_structure,Q5,2020-2026,5,261,91131,1,-0.06615745981501582,0.052513451805747506,0.5032054034784335,1.2435460792805726,-2.674483673890778,-1.9637809366487393,-3.8281939848842015,0.5170948975194792,0.4829051024805207
quintile_dir_structure,Q5,2020-2026,10,261,90713,1,-0.13198032209350036,0.08319677510691044,0.49930932170554126,1.8216871007942068,-3.9514675403398747,-2.82662678647618,-5.449762241003249,0.5162035260685587,0.48379647393144126
quintile_dir_structure,Q5,2020-2026,20,261,89886,1,-0.4005542070352933,0.11104881753209334,0.4919752151545737,2.8267632447603988,-5.6255896516061785,-4.113069704484208,-7.689865902235477,0.5197180775692877,0.4802819224307124
quintile_dir_structure,Q5,ALL,1,263,231883,1,-0.009232093620654611,0.01605002819985786,0.5031467780592351,0.515879118997949,-1.0877448674986754,-0.7943836722190829,-1.6091852532992847,0.49761521845801004,0.50238478154199
quintile_dir_structure,Q5,ALL,5,263,231538,1,-0.04754233148927048,0.06716230859943247,0.5090691166786998,1.2324406585409473,-2.5929797379437285,-1.8778946770799998,-3.787767016768974,0.5033046783149134,0.4966953216850864
quintile_dir_structure,Q5,ALL,10,263,231119,1,-0.08057707961749462,0.13691993909212088,0.5085580385003586,1.786429436476193,-3.7774265767496877,-2.7016805992578674,-5.331400669283518,0.5006478350923165,0.49935216490768347
quintile_dir_structure,Q5,ALL,20,263,230291,1,-0.27288357302815297,0.21859123694788943,0.5041617644520328,2.7381503284682815,-5.302289609979193,-3.8837413745513425,-7.476120258530991,0.4945924189986882,0.5054075810013117
quintile_dir_velocity,Q1,2000-2004,1,93,10946,1,0.0357021473868412,0.03126864323059424,0.5179312081968795,0.578904871276577,-1.148227966425202,-0.8398891778478489,-1.5954794515464055,0.47472260608979155,0.5252773939102082
quintile_dir_velocity,Q1,2000-2004,5,93,10947,1,0.17547261614049398,0.2534479859113865,0.5537564413469871,1.3682630152841013,-2.4120601070036463,-1.8206941768542642,-3.2237411049696014,0.42773068424359484,0.5722693157564049
quintile_dir_velocity,Q1,2000-2004,10,93,10945,1,0.2831880445230941,0.4673054299512988,0.5802080491606759,1.8550707670081732,-3.2320953451569725,-2.4161943897289513,-4.051446246639213,0.40602585673621144,0.5939741432637886
quintile_dir_velocity,Q1,2000-2004,20,93,10947,1,0.5601984437706654,0.8166892473603844,0.6104697036660705,2.5460742078566163,-3.8633327105716306,-2.7209539779698506,-4.788481702308259,0.3609203692012624,0.6390796307987375
quintile_dir_velocity,Q1,2005-2009,1,137,27232,1,0.013678516390973387,0.022087705693137123,0.5072960987730816,0.5891582953427111,-1.195854538240163,-0.8886153311059725,-1.6568180597597988,0.48606274266114724,0.5139372573388526
quintile_dir_velocity,Q1,2005-2009,5,137,27232,1,0.0339218727520829,0.15397571369368065,0.5302990766927932,1.2675999294389635,-2.636137400744953,-1.9542282909402027,-3.5503344864913564,0.4742873690687807,0.5257126309312193
quintile_dir_velocity,Q1,2005-2009,10,137,27232,1,0.03868489357012519,0.23315786324706517,0.5391045322843853,1.7474530024584096,-3.587513117276781,-2.7225498340098886,-4.800242918210388,0.48618921056163933,0.5138107894383608
quintile_dir_velocity,Q1,2005-2009,20,137,27232,1,0.09571466526681668,0.2931081656465234,0.5413382469624035,2.3848424929191157,-4.703603635908382,-3.2831204073389046,-6.117101666596705,0.4608337526383153,0.5391662473616847
quintile_dir_velocity,Q1,2010-2014,1,132,24506,1,0.0307528377799951,0.04115374968770951,0.5216233312345196,0.6047067441767626,-1.2012272001257736,-0.8936601411332836,-1.8090212802068495,0.47664953851723135,0.5233504614827686
quintile_dir_velocity,Q1,2010-2014,5,132,24506,1,0.1184559979556186,0.2187035569255229,0.5511903146803019,1.3456644367062827,-2.6471832933559085,-1.8913892330044801,-3.629771039462849,0.4451465881626222,0.5548534118373777
quintile_dir_velocity,Q1,2010-2014,10,132,24506,1,0.25266467155124206,0.4502757614775585,0.5715843975732166,1.7913449824951557,-3.191776031507003,-2.350893540977208,-4.258635713339029,0.40602456247541785,0.5939754375245823
quintile_dir_velocity,Q1,2010-2014,20,132,24506,1,0.6385063580410495,0.6898487944656686,0.6063189987301411,2.515249150609974,-4.111382238434873,-2.8573281163898168,-5.097605762136958,0.37540774151797573,0.624592258482024
quintile_dir_velocity,Q1,2015-2019,1,190,36579,1,0.03316372172675857,0.053950406841144175,0.5355535402369783,0.5620325484136793,-1.1677002431245678,-0.8478303020124,-1.6946462658129313,0.47295774171288174,0.5270422582871184
quintile_dir_velocity,Q1,2015-2019,5,190,36579,1,0.1542921289984196,0.22645781985625485,0.5667514999173435,1.2632570133144163,-2.5550352369518254,-1.8315225071056718,-3.575136642535158,0.45477141215448114,0.5452285878455188
quintile_dir_velocity,Q1,2015-2019,10,190,36580,1,0.2608960730184913,0.3927033602911648,0.5764426480945698,1.8016706726272536,-3.709687901479991,-2.6128822653667503,-4.844574932844168,0.4353108101478962,0.5646891898521037
quintile_dir_velocity,Q1,2015-2019,20,190,36580,1,0.5604059472540301,0.6839881949251803,0.5979650101203965,2.594759565878889,-4.596846016758912,-3.323994110161983,-5.820516061190823,0.39718593057385954,0.6028140694261404
quintile_dir_velocity,Q1,2020-2026,1,279,72337,1,0.005429765037943756,0.029225099954891635,0.5162120669049973,0.5956558984424356,-1.232607232093645,-0.8805885427505212,-1.9250156600617725,0.49468108017864637,0.5053189198213538
quintile_dir_velocity,Q1,2020-2026,5,279,72133,1,-0.0034871563470784054,0.14053078767835475,0.5357127487122492,1.3381566513050926,-2.741317503598452,-1.9348840091799044,-4.302588071226562,0.492048716078183,0.5079512839218171
quintile_dir_velocity,Q1,2020-2026,10,279,71839,1,0.019337244998114535,0.2562820302835558,0.5515930081676127,1.9130203185812606,-3.873544779458493,-2.6682373265722874,-6.143175294428644,0.4936382387549563,0.5063617612450437
quintile_dir_velocity,Q1,2020-2026,20,279,71293,1,0.1236511299888228,0.46608368152382174,0.5624462295297795,2.6890639005551606,-5.169006917323466,-3.6849238347779343,-7.298174350063744,0.478990729543855,0.5210092704561448
quintile_dir_velocity,Q1,ALL,1,281,171613,1,0.012154390327390354,0.03504545930607222,0.5181782385071614,0.5864135025017448,-1.216786118419875,-0.8831055831826264,-1.8502916541246486,0.4871149886793829,0.512885011320617
quintile_dir_velocity,Q1,ALL,5,281,171410,1,0.038058123238296424,0.16170868543834288,0.5404891781086861,1.316468873226792,-2.708689252068901,-1.939860125564365,-4.114015188751043,0.47780998517731793,0.522190014822682
quintile_dir_velocity,Q1,ALL,10,281,171115,1,0.08924080175614978,0.28619706514189963,0.5527681461658808,1.8528899785660526,-3.8025957247401725,-2.6403920790863413,-5.887720730983663,0.4711639616258457,0.5288360383741543
quintile_dir_velocity,Q1,ALL,20,281,170571,1,0.22864091668283903,0.5222942448158057,0.5669671430631913,2.609335891711954,-5.119250902875878,-3.5842705490424045,-7.326574660403224,0.445961804796772,0.554038195203228
quintile_dir_velocity,Q2,2000-2004,1,97,11907,1,0.01765647079951831,0.019911233859816642,0.5141555190685868,0.5398237475994884,-1.0923930850513173,-0.7900000509825069,-1.5152544108346677,0.4902466779019515,0.5097533220980486
quintile_dir_velocity,Q2,2000-2004,5,97,11907,1,0.03279502439277229,0.10113197173103175,0.5278958129403988,1.2439273141370877,-2.396668302750167,-1.8551995882204817,-3.327127538763443,0.47425776436200784,0.5257422356379922
quintile_dir_velocity,Q2,2000-2004,10,97,11909,1,0.09793810753533942,0.252893231663246,0.5406581006541401,1.822640449267255,-3.497059153274195,-2.5043860739747665,-4.7806996741998855,0.44385129511045357,0.5561487048895465
quintile_dir_velocity,Q2,2000-2004,20,97,11909,1,0.1932590786489903,0.6237575773051827,0.5560557499051526,2.550100999260069,-4.784208452650797,-3.5106838523335053,-6.065532664747323,0.4286347054736701,0.5713652945263297
quintile_dir_velocity,Q2,2005-2009,1,137,26847,1,0.005429263642290736,0.017084539884294772,0.510282934935392,0.5438257225798337,-1.1076884722576805,-0.845877534439237,-1.5567338878840262,0.49054796630723874,0.5094520336927613
quintile_dir_velocity,Q2,2005-2009,5,137,26847,1,0.03352499098580423,0.09795242455704001,0.5216743170700473,1.2235096456821173,-2.495241699555892,-1.8637485876693938,-3.4286937095464234,0.48922134048325233,0.5107786595167477
quintile_dir_velocity,Q2,2005-2009,10,137,26847,1,0.015851075459740054,0.15395861185422371,0.5198471091100008,1.7311698220284546,-3.567928179872103,-2.668378446656129,-4.779863896766444,0.48635263687663827,0.5136473631233617
quintile_dir_velocity,Q2,2005-2009,20,137,26847,1,0.005811043316012935,0.29740014832592626,0.527992303230666,2.5409104131784983,-5.283317083341783,-3.824101846483703,-7.112197749167181,0.4935716898638966,0.5064283101361036
quintile_dir_velocity,Q2,2010-2014,1,130,23811,1,0.02006830822850407,0.03873857267410913,0.5229183474235406,0.5526065947261956,-1.1325168129780556,-0.8221739161559882,-1.6007126072809514,0.47455585663739774,0.5254441433626023
quintile_dir_velocity,Q2,2010-2014,5,130,23811,1,0.07983368622617783,0.2398029343273771,0.5459523712922757,1.3116799745750811,-2.605317238586103,-1.9468050540308197,-3.5605052082151865,0.4532454425285436,0.5467545574714565
quintile_dir_velocity,Q2,2010-2014,10,130,23811,1,0.16803008009361656,0.4268163880836672,0.5710980898098383,1.839936798071954,-3.533182351249846,-2.6434755253848303,-4.752385407081563,0.42603065707713383,0.573969342922866
quintile_dir_velocity,Q2,2010-2014,20,130,23811,1,0.3842862935783777,0.7332719135880487,0.5929000940330813,2.592849629805653,-4.550815297434835,-3.4358803845511376,-5.956850640745344,0.4021634552674357,0.5978365447325644
quintile_dir_velocity,Q2,2015-2019,1,188,36231,1,0.013077454958537769,0.04107381010820235,0.5260541968301462,0.5551556581481635,-1.1790409744475838,-0.8353664651557502,-1.7328612050824757,0.48501746053347283,0.5149825394665271
quintile_dir_velocity,Q2,2015-2019,5,188,36231,1,0.05906078372267759,0.1559389062665299,0.5406265858793506,1.2598051131199164,-2.5888450589799534,-1.874693460816529,-3.6598917874198422,0.4695913455897777,0.5304086544102222
quintile_dir_velocity,Q2,2015-2019,10,188,36230,1,0.14646650812957546,0.3275122363849551,0.5569591294175454,1.8241595918284006,-3.8012194070322005,-2.755886043956382,-4.9263557817492405,0.44884537352200155,0.5511546264779983
quintile_dir_velocity,Q2,2015-2019,20,188,36231,1,0.31675796947189555,0.43723891916313445,0.5731316164583422,2.6055526724567484,-5.041381854420791,-3.814221183013839,-6.633643881740344,0.45358333614734975,0.5464166638526503
quintile_dir_velocity,Q2,2020-2026,1,279,72989,1,-0.0012088415093043803,0.016760227645559966,0.5051448461863921,0.5625976448290462,-1.1598667408036625,-0.8612646865449156,-1.7056685007995211,0.49526137745217746,0.5047386225478228
quintile_dir_velocity,Q2,2020-2026,5,279,72739,1,0.012837423689850578,0.10381434565765713,0.5240996403225238,1.3174378319205713,-2.7261699393258074,-1.9617198217766763,-3.869668683652958,0.4883357679976761,0.5116642320023239
quintile_dir_velocity,Q2,2020-2026,10,279,72532,1,-0.039935504576479514,0.1878255430151306,0.5374544048508736,1.9625171792280605,-3.8032769768589194,-2.8093787142861237,-5.518626166312899,0.489109779555753,0.5108902204442469
quintile_dir_velocity,Q2,2020-2026,20,279,72107,1,-0.17737453866844796,0.3766432557902447,0.5432792940887604,3.0016949904717123,-5.151885695637562,-3.823156190022458,-7.652279099554454,0.4840100547937896,0.5159899452062102
quintile_dir_velocity,Q2,ALL,1,281,171802,1,0.0018778008662673068,0.026253205213408806,0.5085176218199783,0.5568585308297344,-1.165883476659598,-0.8562946164892596,-1.7276712237061946,0.4925616213782718,0.5074383786217284
quintile_dir_velocity,Q2,ALL,5,281,171552,1,0.019212532102896845,0.11080186851638925,0.5260039693474046,1.3036000545349278,-2.7069809728930205,-1.9700565515213406,-3.901352735429474,0.48020614670650424,0.5197938532934958
quintile_dir_velocity,Q2,ALL,10,281,171346,1,-0.01690450211792711,0.22430692412376652,0.5375799652538814,1.9355623654247078,-3.8673814473362,-2.7850200572554393,-5.465868468508151,0.47452392430379536,0.5254760756962047
quintile_dir_velocity,Q2,ALL,20,281,170922,1,-0.1344182392566795,0.4429009772331129,0.5480259457958109,2.942094972400239,-5.2874881428487335,-3.9063118115814306,-7.588647988520223,0.4637299181025899,0.5362700818974101
quintile_dir_velocity,Q3,2000-2004,1,95,12115,1,-0.00017230294828413445,0.0,0.4904649635363319,0.5228566615069665,-1.01288718964137,-0.7858798252653426,-1.4179211398909,0.5006978358558892,0.4993021641441109
quintile_dir_velocity,Q3,2000-2004,5,95,12114,1,-0.011328931625317475,0.10618871745259874,0.5215817115376183,1.225591650698656,-2.445655571671093,-1.7954120256850774,-3.317233137564492,0.5037427202968935,0.49625727970310657
quintile_dir_velocity,Q3,2000-2004,10,95,12114,1,-0.02864762368634241,0.17727632256480647,0.5303793052411534,1.7898445077166973,-3.6780889853873022,-2.572202907008915,-4.744553460064527,0.5058403439394962,0.4941596560605037
quintile_dir_velocity,Q3,2000-2004,20,95,12114,1,0.07279337484324681,0.3584699646916798,0.549888050520935,2.5288162858701826,-5.029548990880887,-3.8295007281555895,-6.474218868102071,0.48007004341650783,0.5199299565834921
quintile_dir_velocity,Q3,2005-2009,1,136,26204,1,0.0018710216000038277,0.015214087889530882,0.5027813811289443,0.5251847524447371,-1.089734573825453,-0.7911456836766335,-1.5053036733908602,0.49643641319956266,0.5035635868004373
quintile_dir_velocity,Q3,2005-2009,5,136,26204,1,-0.03618296691500542,0.03805446803516363,0.49857001311578736,1.1933911685202214,-2.450035151920782,-1.8136932770431844,-3.385127099865316,0.4989931272021039,0.501006872797896
quintile_dir_velocity,Q3,2005-2009,10,136,26203,1,-0.05379303589538439,0.074166695820999,0.49559687636765354,1.6796440140986304,-3.49834684612739,-2.564022160631208,-4.535897390200543,0.4931143634424131,0.5068856365575868
quintile_dir_velocity,Q3,2005-2009,20,136,26204,1,-0.060331147238023373,0.13838462985903516,0.5088621219495139,2.463287934066826,-5.103844288371935,-3.755703906125143,-6.843992391158565,0.49509272996225095,0.504907270037749
quintile_dir_velocity,Q3,2010-2014,1,129,24001,1,0.005711516560387165,0.032871573417678206,0.512404860825882,0.5300887736149887,-1.0974859874492249,-0.8143321436488934,-1.5432601333721818,0.4889936234454594,0.5110063765545404
quintile_dir_velocity,Q3,2010-2014,5,129,24001,1,0.06893904592281229,0.17329493790306952,0.542295604779767,1.2631991325788399,-2.594464897364211,-1.8535624723130313,-3.5972852919858167,0.4800661634357251,0.5199338365642749
quintile_dir_velocity,Q3,2010-2014,10,129,24001,1,0.12273931230020659,0.3769629452927352,0.5594988454502053,1.807618038551544,-3.698483448059827,-2.696290563286363,-4.933199220975021,0.45936636397604913,0.540633636023951
quintile_dir_velocity,Q3,2010-2014,20,129,24001,1,0.25601869764461627,0.6353370977561051,0.5759106914682286,2.5235533597529836,-4.895661103562657,-3.623416300210537,-6.545649187220191,0.42653327812305036,0.5734667218769497
quintile_dir_velocity,Q3,2015-2019,1,188,36605,1,0.001955541535097463,0.03688422480965027,0.518762105807936,0.5468467785091417,-1.1525185590021638,-0.8351495617239659,-1.7494980899303503,0.49443585691660547,0.5055641430833946
quintile_dir_velocity,Q3,2015-2019,5,188,36605,1,0.0020106593603796963,0.10497758405350083,0.5321052070771494,1.2653315048824318,-2.7067478856188645,-1.912679158859031,-3.738293464740498,0.4940532513195233,0.5059467486804768
quintile_dir_velocity,Q3,2015-2019,10,188,36605,1,0.08484617423261057,0.22376215214775297,0.5423577442403634,1.8202257039748515,-3.692193033920991,-2.689088202777728,-4.844804056822696,0.4684220837578218,0.5315779162421781
quintile_dir_velocity,Q3,2015-2019,20,188,36605,1,0.16116725124669212,0.2884704279680772,0.5488243849469122,2.5548894893570613,-4.955480702501691,-3.743780471487326,-6.529326812828936,0.4597168160150976,0.5402831839849024
quintile_dir_velocity,Q3,2020-2026,1,279,72817,1,0.008628436532652365,0.025031646736394193,0.5121504886710903,0.5500989543631499,-1.1291532713749441,-0.8302602618527108,-1.673504543592546,0.4922268624959579,0.507773137504042
quintile_dir_velocity,Q3,2020-2026,5,279,72609,1,0.02364391226626432,0.11755853649797288,0.5245566805439278,1.28292069982584,-2.682034627749182,-1.9663976461213781,-3.7145666811276046,0.4842289611424119,0.5157710388575881
quintile_dir_velocity,Q3,2020-2026,10,279,72391,1,0.030177732199156232,0.1492435135525578,0.5242632178483445,1.842680740787147,-3.803596772300604,-2.7473458216560567,-5.269428209003216,0.4860494052067758,0.513950594793224
quintile_dir_velocity,Q3,2020-2026,20,279,71920,1,0.027973972835290108,0.36395310478236353,0.534160097923205,2.725318286688925,-5.35969633717951,-3.8873904106033277,-7.767768712041385,0.4821644846077131,0.517835515392287
quintile_dir_velocity,Q3,ALL,1,281,171772,1,0.00736570637650153,0.02347396878740112,0.5099062920852094,0.544295879371587,-1.128763284659301,-0.8294094308745547,-1.67955158919966,0.49302088093014057,0.5069791190698596
quintile_dir_velocity,Q3,ALL,5,281,171563,1,0.015503995882292943,0.11553939123960365,0.5235352715214848,1.2745396374398363,-2.6978356757481703,-1.9420914792874147,-3.7882766693037784,0.4851204540200364,0.5148795459799635
quintile_dir_velocity,Q3,ALL,10,281,171344,1,0.02871556285315025,0.17540727960826324,0.526001327049219,1.8256994834573759,-3.8021913152839417,-2.757149600245032,-5.359253980963488,0.48505789724857257,0.5149421027514275
quintile_dir_velocity,Q3,ALL,20,281,170874,1,0.026460235990222406,0.3392466830448578,0.5347183320339333,2.6742541928531254,-5.406130859797536,-3.961445585059104,-7.644594266911333,0.48093083846564544,0.5190691615343545
quintile_dir_velocity,Q4,2000-2004,1,97,13062,1,0.00866457485775781,0.0,0.4980788812953739,0.513622010729754,-1.0260931707322125,-0.7602928500517934,-1.3857861834742424,0.4798655842998918,0.5201344157001082
quintile_dir_velocity,Q4,2000-2004,5,97,13062,1,0.00869234988357852,0.09275593181219949,0.5166348883197174,1.1764939934144483,-2.176102356959852,-1.6324630594298004,-3.0627878129309196,0.4756918499245544,0.5243081500754455
quintile_dir_velocity,Q4,2000-2004,10,97,13062,1,0.008061810357589783,0.27229952868462215,0.5243543074675925,1.6691085870508657,-3.1631690480818624,-2.4248610861982938,-4.181248782757649,0.4663939966765059,0.5336060033234941
quintile_dir_velocity,Q4,2000-2004,20,97,13061,1,-0.11311427545481027,0.23229011370460673,0.5107486407821241,2.421853873105321,-4.613061243037812,-3.4690189864532117,-6.110786569982153,0.5044406396459846,0.4955593603540154
quintile_dir_velocity,Q4,2005-2009,1,136,24814,1,-0.013181845881703999,-0.003436243311236154,0.4886684290192625,0.5195301846702117,-1.030551643401789,-0.7868137237879393,-1.4488449687563736,0.5044453428544915,0.49555465714550845
quintile_dir_velocity,Q4,2005-2009,5,136,24814,1,-0.011771935286539359,0.08166859259521386,0.5080283778794396,1.1396712038218997,-2.2528226022479703,-1.6625016970165172,-3.1274547015095306,0.48659639037736346,0.5134036096226366
quintile_dir_velocity,Q4,2005-2009,10,136,24814,1,-0.023128689438977612,0.11931171571843274,0.507919822661417,1.6060993151278466,-3.2826365189936606,-2.4745479902895546,-4.438461785059038,0.4856283974564944,0.5143716025435057
quintile_dir_velocity,Q4,2005-2009,20,136,24814,1,-0.10207283788619943,0.2590910865943425,0.5127332598399456,2.3219237487810327,-4.981343718642729,-3.600288794773318,-6.290537818699094,0.47738061792692676,0.5226193820730733
quintile_dir_velocity,Q4,2010-2014,1,129,24649,1,0.012541593260172519,0.013198127258688798,0.5108229584333301,0.5207265380076501,-1.0419341532376885,-0.7904719289759194,-1.473270037592388,0.48236552636562546,0.5176344736343743
quintile_dir_velocity,Q4,2010-2014,5,129,24649,1,0.035126662176728995,0.1451210992785377,0.5322854898063687,1.2040096229002555,-2.514372149610791,-1.8292800866055088,-3.3921794466511606,0.46661572952068137,0.5333842704793187
quintile_dir_velocity,Q4,2010-2014,10,129,24649,1,0.08840107387660527,0.25535177120586117,0.5488443374957233,1.7105861787655632,-3.405095665723542,-2.509487874317575,-4.7691966717584995,0.4623542018598445,0.5376457981401557
quintile_dir_velocity,Q4,2010-2014,20,129,24649,1,0.11925485020935452,0.4154418012125309,0.5592746983258216,2.530076409954943,-4.971888575126124,-3.6507570316924913,-6.633676211175231,0.45913078489059933,0.5408692151094008
quintile_dir_velocity,Q4,2015-2019,1,188,36338,1,-0.002818227757934886,0.031957075475063115,0.5153431245148735,0.5277370187746253,-1.087686289074842,-0.8014362148775102,-1.6437992187977741,0.5017102809784735,0.4982897190215265
quintile_dir_velocity,Q4,2015-2019,5,188,36338,1,0.00257829007002422,0.12977812989573878,0.5262836657052964,1.2439207006684798,-2.580612503905616,-1.8399370623900517,-3.633981949956363,0.4830730877209188,0.516926912279081
quintile_dir_velocity,Q4,2015-2019,10,188,36338,1,0.012049705596056297,0.19142476326162033,0.5309563607337804,1.801181677640209,-3.6706768450148584,-2.664148870635877,-4.81913247095892,0.4916061384100421,0.5083938615899579
quintile_dir_velocity,Q4,2015-2019,20,188,36338,1,0.04830980005086831,0.29175702749085364,0.5410036936265078,2.5741782477018864,-5.151361645350099,-3.803299394463973,-6.544759511539234,0.49413129113081944,0.5058687088691806
quintile_dir_velocity,Q4,2020-2026,1,279,72922,1,0.002952167501249702,0.016359527880061942,0.5088556794425396,0.5431078459950164,-1.1198598072912602,-0.8187152335138138,-1.6622843495243553,0.49550686587227344,0.5044931341277268
quintile_dir_velocity,Q4,2020-2026,5,279,72683,1,0.02819900544331728,0.09139427753421889,0.5229324849042712,1.2711283981427457,-2.6358575859426563,-1.915522465932091,-3.7248145810845825,0.4872549579767709,0.512745042023229
quintile_dir_velocity,Q4,2020-2026,10,279,72362,1,0.04895880027019264,0.15319681757113435,0.5278035789515987,1.814863550352637,-3.7146675564340543,-2.7388926193976353,-5.185664790154269,0.48043788204147264,0.5195621179585275
quintile_dir_velocity,Q4,2020-2026,20,279,71778,1,0.023032104818838904,0.19423407026403794,0.5272509082514745,2.6135601390427468,-5.097150755662186,-3.8935861089105543,-7.354937064531238,0.4919226019357444,0.5080773980642556
quintile_dir_velocity,Q4,ALL,1,281,171797,1,0.0010710528031857968,0.01495966798924091,0.5075993423366043,0.5345226136074486,-1.0955901108328518,-0.8076555298014743,-1.6577389374634546,0.49508115277035303,0.504918847229647
quintile_dir_velocity,Q4,ALL,5,281,171558,1,0.024992445845491054,0.09047892534197108,0.5232623184618678,1.2500633489897401,-2.5817238442081667,-1.8678950186553869,-3.7110358276919864,0.48938851593235977,0.5106114840676402
quintile_dir_velocity,Q4,ALL,10,281,171237,1,0.04422540115628986,0.16210219838421272,0.5310553772983246,1.7887855129555021,-3.6848676559112823,-2.683155620262933,-5.176919474211422,0.4840829058919635,0.5159170941080364
quintile_dir_velocity,Q4,ALL,20,281,170652,1,0.043507363399427845,0.26040522988864545,0.5339950486917194,2.563810041984725,-5.2550355439299645,-3.9106068318071796,-7.5096577747507665,0.48906861471228297,0.510931385287717
quintile_dir_velocity,Q5,2000-2004,1,97,13129,1,-0.01405374326704242,0.004998123365272035,0.4963595323751118,0.5035931662798209,-0.9955984263610308,-0.7681888551263463,-1.3689872453653662,0.49501106511149423,0.5049889348885058
quintile_dir_velocity,Q5,2000-2004,5,97,13129,1,-0.07610648790157261,0.06479810845941172,0.5124442270993957,1.1156282254661727,-2.253420310109513,-1.7016952474273572,-2.9105028706039446,0.4817052159505183,0.5182947840494818
quintile_dir_velocity,Q5,2000-2004,10,97,13129,1,-0.05899667927999826,0.12889062689781364,0.5093866278697586,1.5364635457013243,-2.8872724165364794,-2.158876455522258,-3.5591845659368304,0.4512142755995068,0.5487857244004932
quintile_dir_velocity,Q5,2000-2004,20,97,13128,1,-0.04343056917912852,0.22456389439927787,0.5227607049649641,2.1977941116889563,-4.040643633154266,-3.0999400395506984,-4.872686071747887,0.45292486084649375,0.5470751391535061
quintile_dir_velocity,Q5,2005-2009,1,133,22565,1,-0.010694790048252181,-0.0079681331440649,0.48559379144101567,0.4941056415239206,-1.0040179910204017,-0.7504040946287801,-1.3563351595026516,0.5041563212995536,0.4958436787004465
quintile_dir_velocity,Q5,2005-2009,5,133,22565,1,-0.026585615070170297,0.018081596405981826,0.4990916462519609,1.0870667797767535,-2.1998986424907945,-1.6273520188151833,-2.8900681642362964,0.49897164565577823,0.5010283543442218
quintile_dir_velocity,Q5,2005-2009,10,133,22566,1,0.0052708527220205565,0.1141153853383762,0.5183061266576023,1.5054712655689884,-2.959530446519292,-2.199871557781395,-3.914467511339945,0.4870814540155873,0.5129185459844127
quintile_dir_velocity,Q5,2005-2009,20,133,22565,1,0.0016649267576815717,0.2818160461158341,0.532793831025636,2.135134288441809,-4.348963027743674,-3.102685105637019,-5.520118713236938,0.47624025260903247,0.5237597473909679
quintile_dir_velocity,Q5,2010-2014,1,128,26706,1,-0.00014190428110480435,0.014276096895186007,0.504841853891326,0.4863193807195866,-1.0165525742004795,-0.7444249038243489,-1.4262806792980744,0.4959946515053246,0.5040053484946754
quintile_dir_velocity,Q5,2010-2014,5,128,26706,1,-0.015199633159395497,0.08381144508047098,0.51277804539602,1.105383349937672,-2.2751109850211337,-1.6521364569459176,-3.105262309638001,0.4857517294070741,0.5142482705929259
quintile_dir_velocity,Q5,2010-2014,10,128,26706,1,-0.07923998692346448,0.1202855915849036,0.5082448456402555,1.6130496464070223,-3.4596745489980814,-2.46397906813014,-4.44307530853048,0.49176834253917084,0.5082316574608292
quintile_dir_velocity,Q5,2010-2014,20,128,26706,1,-0.16221563661194116,0.30754685266333803,0.5149668888408032,2.461028266314196,-5.1636900874309,-3.8347789281883395,-6.879370411257813,0.499258250913551,0.500741749086449
quintile_dir_velocity,Q5,2015-2019,1,185,35361,1,-0.00025195514005449214,0.024102524521670627,0.5152078161880148,0.4912455589686024,-1.0319545026876429,-0.7397740604733589,-1.5225428850297396,0.49904176363787833,0.5009582363621214
quintile_dir_velocity,Q5,2015-2019,5,185,35361,1,0.005576702852849614,0.0928303459236582,0.5283284371659729,1.1599836985062908,-2.438743396303988,-1.6948299751717342,-3.5398052167816974,0.4984473154759686,0.5015526845240315
quintile_dir_velocity,Q5,2015-2019,10,185,35361,1,0.03935439529996193,0.1817263771491084,0.5355828381227545,1.6605471642845262,-3.3495821429611614,-2.4045551595573706,-4.645032068219911,0.47694330135268165,0.5230566986473183
quintile_dir_velocity,Q5,2015-2019,20,185,35360,1,0.05129202080040449,0.22040202126330755,0.5448378705060297,2.408178145949702,-4.818187172033859,-3.4678223083135284,-6.4023062047018495,0.47370952419234114,0.526290475807659
quintile_dir_velocity,Q5,2020-2026,1,279,74210,1,-0.011688733350487418,0.008274253346607889,0.49941693272380483,0.519777811510249,-1.0889207168520927,-0.8002106766614252,-1.6186805845302137,0.506451913508159,0.49354808649184106
quintile_dir_velocity,Q5,2020-2026,5,279,74024,1,-0.03216805571873258,0.04769824834627241,0.5098075609650647,1.2172257380075575,-2.5758570946816057,-1.8969040479001928,-3.7430350045350433,0.5073429743111331,0.49265702568886693
quintile_dir_velocity,Q5,2020-2026,10,278,73702,1,-0.033957560388440874,0.1248281569505521,0.5158252728308875,1.7457521124047657,-3.7476088862726296,-2.7110031980826674,-5.135094033898101,0.4982170909941657,0.5017829090058343
quintile_dir_velocity,Q5,2020-2026,20,278,73006,1,-0.14862387483503078,0.11676553911783497,0.5128365230401515,2.5791327534194957,-5.3255002130308,-3.9463851055734,-7.164892181896651,0.5129216178489104,0.48707838215108956
quintile_dir_velocity,Q5,ALL,1,281,171976,1,-0.01077041814169816,0.007642946186527677,0.49962503956529325,0.5093315868048688,-1.073064886697824,-0.7783349746705419,-1.5697215351872054,0.5035827155887821,0.4964172844112177
quintile_dir_velocity,Q5,ALL,5,281,171790,1,-0.04150333665768265,0.0505742509497433,0.5086685239199418,1.1911611975421568,-2.512868875707939,-1.8167265347218482,-3.626942008182377,0.502769757703507,0.49723024229649304
quintile_dir_velocity,Q5,ALL,10,280,171469,1,-0.045775227396631826,0.10618136881579121,0.5143916470763615,1.7109321854268253,-3.6074807596070513,-2.620359491501032,-5.055473570653502,0.4976760844917234,0.5023239155082766
quintile_dir_velocity,Q5,ALL,20,280,170770,1,-0.11441227120451788,0.1530171423377152,0.5133772009077179,2.502125949141616,-5.2134328266520935,-3.8271083222339355,-7.250849700917405,0.5101311711466374,0.4898688288533625
quintile_direction,Q1,2000-2004,1,90,9993,1,0.03843058796754169,0.032044798836570514,0.5219592504981669,0.5797798175163883,-1.0857715198413733,-0.8202763323213704,-1.5403587817516393,0.4745976402766371,0.525402359723363
quintile_direction,Q1,2000-2004,5,90,9993,1,0.1894745976246468,0.20061237938431492,0.578413576598446,1.3213790205282743,-2.423413297705342,-1.830431683318415,-3.022731471097839,0.4398557638641688,0.5601442361358311
quintile_direction,Q1,2000-2004,10,90,9994,1,0.32605102287319637,0.43293498207703596,0.6027597572381588,1.8833571719056565,-3.1733913406448653,-2.3548562268187823,-4.20785488745583,0.394742403426244,0.605257596573756
quintile_direction,Q1,2000-2004,20,90,9995,1,0.6087926982562967,0.7735868768070959,0.6374490362936819,2.5728286641568396,-3.948366856387355,-3.0252095446622933,-5.081449756264405,0.38554181886531547,0.6144581811346845
quintile_direction,Q1,2005-2009,1,135,28907,1,0.01230771273371145,0.019230100901534188,0.5086259006908986,0.5881322694928571,-1.204189359960318,-0.907571607769383,-1.666979776177623,0.49366885518897374,0.5063311448110265
quintile_direction,Q1,2005-2009,5,135,28907,1,0.04315882342704,0.10014266806922897,0.5241335126681715,1.2674499536281776,-2.5745679958721395,-1.8994866295979054,-3.457124551588222,0.4884269730580913,0.5115730269419086
quintile_direction,Q1,2005-2009,10,135,28907,1,0.061663556219967525,0.17537574683337723,0.5390589260751308,1.737284846564908,-3.5875664246295855,-2.5742004482802003,-4.597936528504577,0.4812144188297469,0.5187855811702532
quintile_direction,Q1,2005-2009,20,135,28907,1,0.09034161655848053,0.3137213742214404,0.5477527270491735,2.4035708334040895,-4.85383895520558,-3.3853188959184344,-6.295893914803129,0.46683726483836896,0.5331627351616309
quintile_direction,Q1,2010-2014,1,127,19451,1,0.044139399782078995,0.04924893799952738,0.5290010955396863,0.6084932672356899,-1.1810856142077861,-0.8667704201504678,-1.7668151555857559,0.46592491281713233,0.5340750871828678
quintile_direction,Q1,2010-2014,5,127,19451,1,0.2109863003103395,0.3291389126349438,0.5760775845814238,1.3584901825241946,-2.5487917202915327,-1.748842932493245,-3.5362082559138095,0.4192094403182841,0.5807905596817159
quintile_direction,Q1,2010-2014,10,127,19451,1,0.44948352249626067,0.5902834239983081,0.6122897206715379,1.8404824083046745,-2.9123738016163236,-2.1273754310034656,-4.197648582388819,0.3596109247969955,0.6403890752030046
quintile_direction,Q1,2010-2014,20,127,19451,1,0.9673764865051805,1.0931952971621322,0.6543154270033174,2.625954262566354,-3.540934359820078,-2.477578418835394,-4.647608298284767,0.281146073036077,0.7188539269639228
quintile_direction,Q1,2015-2019,1,186,36198,1,0.03581484707400043,0.05654457252491171,0.5353329767161558,0.5663457374949563,-1.1444679406136842,-0.8420349684526706,-1.658322995062527,0.47555767591295184,0.5244423240870482
quintile_direction,Q1,2015-2019,5,186,36198,1,0.14635252079598998,0.20704477824254675,0.566836186475311,1.2702431408412758,-2.6016379872348745,-1.8850209209481599,-3.6244477455785553,0.45030922456463485,0.5496907754353652
quintile_direction,Q1,2015-2019,10,186,36198,1,0.3093655977606752,0.43111885573368025,0.5892435649726194,1.8516817247963475,-3.6637108525896176,-2.6357646650003357,-4.731266650587804,0.43749425049043755,0.5625057495095624
quintile_direction,Q1,2015-2019,20,186,36199,1,0.6621025901314609,0.8057698912988807,0.6201034069503203,2.6354947273720373,-4.429891358946524,-3.275100484497404,-5.722445364614503,0.39116929348329105,0.6088307065167088
quintile_direction,Q1,2020-2026,1,276,77101,1,0.016320276107482753,0.0363440673814753,0.5210182237854746,0.5958603350619592,-1.1895531542271747,-0.8680537165737734,-1.8766324443988618,0.482047264330696,0.517952735669304
quintile_direction,Q1,2020-2026,5,276,76929,1,0.0543966260989834,0.1830203472148099,0.5490840730384529,1.335644651869194,-2.718087197510246,-1.9051989223463344,-4.219343468820418,0.47453221237675347,0.5254677876232464
quintile_direction,Q1,2020-2026,10,276,76754,1,0.11918364464761826,0.3724757660826892,0.5720191181723563,1.9007937312365586,-3.8133158934966724,-2.6249346008997643,-5.886074954715922,0.4688387704279152,0.5311612295720847
quintile_direction,Q1,2020-2026,20,276,76413,1,0.30762664162474956,0.6399080789599124,0.5892659020385311,2.6674203624949624,-5.0225250133872255,-3.4661278528827646,-6.964148522979137,0.42911665943491206,0.5708833405650879
quintile_direction,Q1,ALL,1,281,171670,1,0.01645441251225905,0.03727759217939903,0.5184467383413272,0.5856933120590427,-1.188881950017038,-0.8693245917821248,-1.8314934803273761,0.4812311072904052,0.5187688927095948
quintile_direction,Q1,ALL,5,281,171498,1,0.06512750353289956,0.1836341228726539,0.545929874056755,1.3089759992901773,-2.6949676235661872,-1.9068464300674006,-4.149493362825821,0.47241504303132836,0.5275849569686716
quintile_direction,Q1,ALL,10,281,171324,1,0.1447726909577106,0.3449247773002451,0.5669543836034845,1.8434855269368327,-3.8214967234108648,-2.65846717212898,-5.79323592461931,0.4573444147062518,0.542655585293748
quintile_direction,Q1,ALL,20,281,170985,1,0.3180572037975712,0.6333443245951342,0.5831007184151573,2.574842420243299,-5.141378855244262,-3.6032624872558374,-7.2799411580007085,0.4227254988645264,0.5772745011354735
quintile_direction,Q2,2000-2004,1,94,11690,1,0.023885097108069197,0.014201326102706045,0.5099294644528071,0.5294698707124741,-1.0409054165121236,-0.7828501146297197,-1.433847575686185,0.4818915758122147,0.5181084241877852
quintile_direction,Q2,2000-2004,5,94,11690,1,0.10232026944963041,0.13438426871308318,0.5398763900680725,1.2007772422178886,-2.357145029922961,-1.739200040809603,-3.0518047518702103,0.47321791012666437,0.5267820898733356
quintile_direction,Q2,2000-2004,10,94,11690,1,0.1529740355062415,0.19538588086253011,0.5504430158461967,1.7041100835003915,-3.2235448051342743,-2.3510573978992895,-4.037834878606148,0.46507157025914014,0.5349284297408599
quintile_direction,Q2,2000-2004,20,94,11691,1,0.2966969888307768,0.49171229712551934,0.5731777380217002,2.5438739265941286,-4.322023502440924,-3.3633983616048173,-6.04244158010402,0.4562016662049492,0.5437983337950507
quintile_direction,Q2,2005-2009,1,135,25873,1,0.00834551076854604,0.014092389485198628,0.5061680714144614,0.5330997864091207,-1.095927774324836,-0.8211609018862416,-1.5077916454446256,0.4901262279438135,0.5098737720561866
quintile_direction,Q2,2005-2009,5,135,25873,1,0.006254916476502136,0.08661583546639984,0.5211127033007417,1.181341925032068,-2.4252713231318763,-1.8215980666203646,-3.3986361636752527,0.48382218190789505,0.5161778180921048
quintile_direction,Q2,2005-2009,10,135,25873,1,-0.027726490874244124,0.12277901220212487,0.5158181988445987,1.6712719569390877,-3.52811148878902,-2.5589111287038224,-4.729509714979465,0.4961555643075402,0.5038444356924598
quintile_direction,Q2,2005-2009,20,135,25872,1,-0.004114856656217141,0.2526205013960635,0.5307058996052892,2.3933410997593674,-4.831448226758186,-3.531034490515087,-6.299991809430309,0.4774285189572399,0.5225714810427602
quintile_direction,Q2,2010-2014,1,133,23533,1,0.01199428244929228,0.023905420928552284,0.5162236809829588,0.5618435606648787,-1.1453228571314702,-0.8608203700936755,-1.6134357863054745,0.4933225420338774,0.5066774579661226
quintile_direction,Q2,2010-2014,5,133,23533,1,0.07782280074688712,0.18280070983783642,0.5470111284229272,1.2992758300021046,-2.5907765926602098,-1.9233695406453748,-3.372121121535324,0.4674185472955208,0.532581452704479
quintile_direction,Q2,2010-2014,10,133,23533,1,0.10907233412414738,0.31003228876482225,0.552575929873275,1.8335608006132227,-3.3480521239447967,-2.5553631638380274,-4.562002750182242,0.45024803971565136,0.5497519602843486
quintile_direction,Q2,2010-2014,20,133,23533,1,0.30737921442732197,0.6745812155089448,0.5733534647603333,2.5780155059810497,-4.63061797069016,-3.5244732118026185,-6.244925279258314,0.41364794072047917,0.5863520592795209
quintile_direction,Q2,2015-2019,1,188,36741,1,0.024926824403171767,0.04876442237063415,0.5314990574736386,0.5474114564313782,-1.1665104353711668,-0.8237714721070428,-1.6793590259151783,0.48049425685614494,0.519505743143855
quintile_direction,Q2,2015-2019,5,188,36741,1,0.13737296587111644,0.19974594810820395,0.5625714732355144,1.2556100263948387,-2.506863633036624,-1.8101603781901745,-3.5371838496907655,0.4460906679177845,0.5539093320822156
quintile_direction,Q2,2015-2019,10,188,36741,1,0.25126849006672286,0.3414823948334992,0.5723843259728788,1.7933494258217813,-3.513670503173783,-2.521134492806298,-4.92755979372016,0.4385377399101338,0.5614622600898662
quintile_direction,Q2,2015-2019,20,188,36741,1,0.44835471344705585,0.5179167773781089,0.5848024063190238,2.5691948854462656,-4.910861410270588,-3.5938971522247627,-6.571858050067753,0.4363104567372954,0.5636895432627044
quintile_direction,Q2,2020-2026,1,279,73915,1,0.005418537058576153,0.015615894436046066,0.5073357270424756,0.5574652660525327,-1.142349428946381,-0.8356270295494431,-1.6665924255667375,0.49464773585020816,0.5053522641497917
quintile_direction,Q2,2020-2026,5,279,73656,1,0.022551798513794855,0.1271461308187235,0.5290300484402719,1.304156962199242,-2.6411359430466868,-1.9274501787214846,-3.708655607465137,0.48061043904801837,0.5193895609519815
quintile_direction,Q2,2020-2026,10,279,73391,1,0.021743973402288782,0.20736791070609212,0.5368525840647603,1.8948270384545576,-3.671448009501233,-2.643080404808606,-5.378805273023821,0.47754805071163525,0.5224519492883649
quintile_direction,Q2,2020-2026,20,278,72892,1,0.102042979491933,0.3869880546412226,0.5485941701813691,2.712897126875511,-4.987442275427226,-3.5745417115487257,-7.13481786445335,0.44590819517811264,0.5540918048218875
quintile_direction,Q2,ALL,1,281,171772,1,0.007923425117055693,0.025592521927071902,0.5111935588466378,0.5507995124269752,-1.1467717850840842,-0.8420860949631293,-1.6823684433132613,0.4887149376866778,0.5112850623133222
quintile_direction,Q2,ALL,5,281,171513,1,0.029531032735204035,0.13429549284235184,0.532913930992913,1.2880300901396193,-2.6221737178612297,-1.9037762924453703,-3.697530610007835,0.4769890848534003,0.5230109151465996
quintile_direction,Q2,ALL,10,281,171248,1,0.02683220353380441,0.2188914876947585,0.5374941920982944,1.8683769504152683,-3.636044971660563,-2.6370131903458525,-5.361088252008304,0.4685712917032251,0.5314287082967748
quintile_direction,Q2,ALL,20,281,170750,1,0.12075320345589909,0.4381143333382624,0.5509848955178215,2.659723508459866,-5.12656756106543,-3.758353880093291,-7.401948306839689,0.4501728909054484,0.5498271090945518
quintile_direction,Q3,2000-2004,1,96,12650,1,0.03026512876913522,0.02243009205535644,0.5143760814339103,0.5207444064656992,-1.0205826326810734,-0.7623123385066926,-1.402182952367645,0.4705727920524311,0.529427207947569
quintile_direction,Q3,2000-2004,5,96,12650,1,0.09789880859960265,0.1477422832341401,0.5406120784534686,1.232183011835587,-2.3278388228829803,-1.7060305082435745,-3.2487428463929793,0.45211053657612454,0.5478894634238755
quintile_direction,Q3,2000-2004,10,96,12649,1,0.13619175472089096,0.3147250423631328,0.5567955608689955,1.7588091960317953,-3.362442985431894,-2.459308668110728,-4.565293244676697,0.44025376140463246,0.5597462385953675
quintile_direction,Q3,2000-2004,20,96,12648,1,0.21524057261504895,0.5577264697729044,0.5610258330141297,2.4426316233935412,-4.649655602028175,-3.5466854267478363,-6.431541006137159,0.43559259762157376,0.5644074023784262
quintile_direction,Q3,2005-2009,1,136,25709,1,-0.005218958636071917,0.005343645136000858,0.4953581875381554,0.5328865667947107,-1.0696392351248847,-0.7910823387765032,-1.4593663570651387,0.48826779809970455,0.5117322019002954
quintile_direction,Q3,2005-2009,5,136,25709,1,-0.00025610245033017335,0.07466986398225067,0.5118657834995064,1.1807084085304778,-2.380732627975115,-1.7930479137476338,-3.2491308003856227,0.48425944995758546,0.5157405500424145
quintile_direction,Q3,2005-2009,10,136,25708,1,-0.006408139256308828,0.09485629588684434,0.5153933204754354,1.6792708435162718,-3.478416299932696,-2.5176189287375728,-4.465360724059218,0.4906393492878478,0.5093606507121523
quintile_direction,Q3,2005-2009,20,136,25709,1,-0.02840413451028643,0.23281484693837232,0.5200778700914631,2.4750943125591207,-5.055309619722143,-3.7718794404263782,-6.551212367210874,0.4853990172723659,0.5146009827276341
quintile_direction,Q3,2010-2014,1,131,24909,1,0.010846308539038955,0.025405509752795027,0.5109428765735564,0.5373537027599796,-1.1119195657056054,-0.8101146117069254,-1.541043985472804,0.4857055001598902,0.5142944998401099
quintile_direction,Q3,2010-2014,5,131,24909,1,0.05334950151175621,0.1440213551777778,0.5382996122331043,1.2569898868557616,-2.6115564048789945,-1.8881250533171285,-3.4762925741887267,0.4781070975488616,0.5218929024511383
quintile_direction,Q3,2010-2014,10,131,24909,1,0.10407721224283917,0.2687131075449322,0.5529614518072171,1.7340634652293034,-3.44029601726106,-2.5835107274519733,-4.66797330062008,0.4627263838251966,0.5372736161748034
quintile_direction,Q3,2010-2014,20,131,24909,1,0.1832012031407506,0.5448809680534024,0.5609041011440372,2.4548455744968813,-4.886447544907687,-3.5255529087856106,-6.228104857751374,0.44326023938170633,0.5567397606182937
quintile_direction,Q3,2015-2019,1,187,36472,1,0.008375458806167574,0.040267661872055965,0.5228517690620619,0.54972461833777,-1.156727667067205,-0.8431522141383563,-1.7547706228774722,0.4949968905417399,0.50500310945826
quintile_direction,Q3,2015-2019,5,187,36472,1,0.04783247719906579,0.13001585407041288,0.5401927105747143,1.2702214370346647,-2.591595908345628,-1.867692615537197,-3.691433390761428,0.4784504582741489,0.521549541725851
quintile_direction,Q3,2015-2019,10,187,36472,1,0.09779056737980217,0.252560466155049,0.5497777790394119,1.8507511110190755,-3.7428284527033715,-2.6624865960203454,-4.97392751234572,0.4715014373824878,0.5284985626175123
quintile_direction,Q3,2015-2019,20,187,36471,1,0.1730165630755412,0.3614917603253746,0.5561789585321731,2.613798065207714,-5.004888039279798,-3.7569257406295793,-6.7444300254059035,0.46670080202929315,0.5332991979707068
quintile_direction,Q3,2020-2026,1,279,72034,1,0.0009668594443080797,0.024007200367040987,0.5054098899810531,0.5543806900025625,-1.1448741149625503,-0.8457497326400389,-1.6947584220898828,0.49634353201110737,0.5036564679888925
quintile_direction,Q3,2020-2026,5,279,71844,1,0.003858708287059785,0.07516344437007651,0.5152869879919205,1.2772414097330356,-2.678203249701538,-1.927093058966529,-3.789174699373457,0.4927643804625442,0.5072356195374559
quintile_direction,Q3,2020-2026,10,279,71551,1,-0.01487101265898316,0.1330160681555311,0.5251900368814189,1.8594843852501255,-3.826610959925328,-2.80512792709984,-5.273835266127804,0.491011416110021,0.508988583889979
quintile_direction,Q3,2020-2026,20,278,70943,1,-0.13283820694729104,0.20380783517357948,0.5259111799751396,2.7952766244610965,-5.253334844652722,-3.9441080114301483,-7.512386543134448,0.4906893831285797,0.5093106168714204
quintile_direction,Q3,ALL,1,281,171790,1,0.005150144953034867,0.02176438654283467,0.5073104124832505,0.5469676391243382,-1.1349091188615161,-0.8316426482288999,-1.709832594621224,0.4941765845255978,0.5058234154744021
quintile_direction,Q3,ALL,5,281,171600,1,0.016265731888247103,0.10452781102645041,0.5193390923161645,1.2632160659310159,-2.641540293677365,-1.9139969868894195,-3.766077090403158,0.4884894000455513,0.5115105999544487
quintile_direction,Q3,ALL,10,281,171305,1,0.009810384805508006,0.20301593524672665,0.530487201206268,1.841167523107956,-3.7990129909265096,-2.7230592209814164,-5.335118840361696,0.480031586426166,0.5199684135738338
quintile_direction,Q3,ALL,20,281,170699,1,-0.08081810657951505,0.2854730820111341,0.5331180096297278,2.751124379973741,-5.2524030248256395,-3.879331461990807,-7.497851891155804,0.4711548477842432,0.5288451522157568
quintile_direction,Q4,2000-2004,1,97,13274,1,-0.0026520018385948964,0.00578476247034021,0.49404949038608675,0.5157241243670246,-1.0160132781149331,-0.7679580986809251,-1.4385233602083458,0.49218739452014304,0.5078126054798571
quintile_direction,Q4,2000-2004,5,97,13274,1,-0.03159955939950892,0.06018011212987781,0.5041933416001646,1.1948472078376629,-2.3490155115014084,-1.728507066983246,-3.178262446573653,0.48193420107083274,0.5180657989291672
quintile_direction,Q4,2000-2004,10,97,13274,1,-0.04333917199173495,0.14992509711700447,0.5154718590259001,1.7170135327786427,-3.1742550593621273,-2.4218243316176613,-4.334050114012624,0.46214373503253553,0.5378562649674644
quintile_direction,Q4,2000-2004,20,97,13274,1,-0.04418325617749063,0.41569052231049947,0.5259819449137155,2.470723373555479,-4.557175316439258,-3.573348731258704,-5.960845365978773,0.4490356418243757,0.5509643581756243
quintile_direction,Q4,2005-2009,1,135,24144,1,-0.0024358235550504216,0.009525675080417857,0.49795288098572765,0.5188933549719614,-1.0645545107163643,-0.7842758352497475,-1.4521975265032108,0.4916551286563837,0.5083448713436162
quintile_direction,Q4,2005-2009,5,135,24144,1,-0.011157412581825402,0.05442113310745788,0.5050070507849145,1.1811495665487224,-2.3478174466469808,-1.7548955792580812,-3.2467161319648783,0.4899968483796607,0.5100031516203393
quintile_direction,Q4,2005-2009,10,135,24145,1,-0.02066428593299408,0.13565017483536443,0.5075020233200187,1.6584446743158787,-3.37707273090286,-2.479326226515962,-4.418910161574287,0.48264979520915974,0.5173502047908403
quintile_direction,Q4,2005-2009,20,135,24145,1,-0.1293116030117949,0.2021361801175014,0.5027635703197179,2.379798816203086,-4.805024534484618,-3.5896103050667434,-6.463250853811666,0.49504428004787365,0.5049557199521264
quintile_direction,Q4,2010-2014,1,129,26749,1,0.01567509237118414,0.033508422417132866,0.5176232903975712,0.518862322017028,-1.0729372759544051,-0.7908216151582207,-1.513396843240278,0.48007251623682917,0.5199274837631709
quintile_direction,Q4,2010-2014,5,129,26749,1,0.02161191817850813,0.134310433751355,0.52512140313211,1.2451114173030988,-2.525898642853659,-1.8822193775178697,-3.5308010295417667,0.4755974103373924,0.5244025896626077
quintile_direction,Q4,2010-2014,10,129,26749,1,0.04529683409906905,0.23638605259907397,0.5388824888895843,1.77013592084357,-3.436271953429303,-2.535430535688393,-4.6960492682488475,0.4627762530065811,0.5372237469934188
quintile_direction,Q4,2010-2014,20,129,26749,1,0.0693145242535174,0.49117592147246564,0.5526283644849799,2.545384376457724,-4.931811291138888,-3.6144338427421188,-6.5266712912487455,0.45049265860156074,0.5495073413984392
quintile_direction,Q4,2015-2019,1,187,36260,1,0.0010137116005934882,0.024267412839617076,0.5185636378731228,0.5283490359239496,-1.1189916272879488,-0.8064727116438484,-1.6801678362979289,0.5052030889201141,0.4947969110798857
quintile_direction,Q4,2015-2019,5,187,36260,1,-0.004822811896474734,0.08846823394770567,0.5274372834050747,1.224247004566638,-2.703777122165971,-1.9082149430897972,-3.8079248285880527,0.5041535122287634,0.4958464877712365
quintile_direction,Q4,2015-2019,10,187,36260,1,0.021046555864705625,0.14120401883743192,0.5310703893669958,1.760030143127655,-3.7219102255119574,-2.6082498947903763,-4.995794398216531,0.48983972725775676,0.5101602727422433
quintile_direction,Q4,2015-2019,20,187,36260,1,0.08791750248479485,0.245840458989233,0.5420118348642263,2.5613414544487454,-5.0204315132021495,-3.7219421903152803,-6.72995606881849,0.47744332784338883,0.5225566721566112
quintile_direction,Q4,2020-2026,1,279,71337,1,-0.007865070999972808,0.014783124303934527,0.5064746533250667,0.5451515447202228,-1.1502639990994015,-0.822020787273903,-1.6784335835391249,0.5017524761318043,0.4982475238681957
quintile_direction,Q4,2020-2026,5,279,71128,1,-0.001523621354344086,0.054978642185433343,0.5152414063551408,1.2843367651918995,-2.6749700636556972,-1.949987130520264,-3.717504588136891,0.49932431077061074,0.5006756892293892
quintile_direction,Q4,2020-2026,10,279,70837,1,-0.04241578122124466,0.07301805491345514,0.5107036487960472,1.8533211072744937,-3.9050219590633657,-2.9005878936016884,-5.292939608899779,0.5119930507250785,0.48800694927492166
quintile_direction,Q4,2020-2026,20,279,70174,1,-0.1665888634169824,0.10705959392561354,0.5065209665874802,2.73407846698621,-5.392655749166904,-4.1105282957004015,-7.485597130693328,0.519658238091196,0.480341761908804
quintile_direction,Q4,ALL,1,281,171784,1,-0.005445397991903106,0.020845589918812496,0.5055142369817925,0.5340667698660886,-1.1291059197662103,-0.8144793919283977,-1.669285237748074,0.4966131614481134,0.5033868385518867
quintile_direction,Q4,ALL,5,281,171575,1,0.0051174752722211465,0.08353056966638668,0.5167084658127343,1.2606135170792518,-2.641443531766622,-1.90415823541929,-3.7733510228076215,0.49276948550666744,0.5072305144933328
quintile_direction,Q4,ALL,10,281,171285,1,-0.007286457829340156,0.1280435409298725,0.5169277510273425,1.80740359178437,-3.735147938455856,-2.748942589606799,-5.272177708070444,0.4899521393066032,0.5100478606933967
quintile_direction,Q4,ALL,20,281,170622,1,-0.07119170142542218,0.2229526344330403,0.519359335349935,2.64068474276695,-5.3456063895809915,-3.9146233936698556,-7.552274540070614,0.49207894837346344,0.5079210516265366
quintile_direction,Q5,2000-2004,1,93,13553,1,-0.026746308303228477,0.0,0.48217387626334013,0.5246970982804716,-1.0353726549442546,-0.7869807103744203,-1.4362207244169212,0.5054575322232755,0.49454246777672467
quintile_direction,Q5,2000-2004,5,93,13553,1,-0.1489320121745979,0.026450788234560103,0.49370673332748577,1.2124779471502254,-2.4450881280687753,-1.787049466985681,-3.2327856324660216,0.5333264732256907,0.46667352677430923
quintile_direction,Q5,2000-2004,10,93,13553,1,-0.1867246056876484,0.0,0.4919417052851327,1.6720154288700182,-3.2475446841790037,-2.420060530210507,-4.2790179722131105,0.5278027006845498,0.4721972993154502
quintile_direction,Q5,2000-2004,20,93,13553,1,-0.2555220002866947,0.04628137776327353,0.488121971988096,2.345533283349407,-4.342806404534242,-3.4128976934562436,-5.404857749237742,0.5151183315254327,0.4848816684745675
quintile_direction,Q5,2005-2009,1,131,23010,1,-0.019273932177266098,-0.006401792679093705,0.48428875277978684,0.5008194118776271,-1.025294986622396,-0.7694528505527356,-1.405336692889671,0.5077422044611088,0.4922577955388911
quintile_direction,Q5,2005-2009,5,131,23010,1,-0.05196390320530223,0.02412735294100931,0.49500400377426435,1.1458280608343256,-2.3411761827945834,-1.7391291765832733,-3.068101070379536,0.5026615412028823,0.4973384587971175
quintile_direction,Q5,2005-2009,10,131,23010,1,-0.057870368666983044,0.11025957889350907,0.5044155636987412,1.6012155624234434,-3.196389018785503,-2.334018920395048,-4.231353725087538,0.4862446486867902,0.51375535131321
quintile_direction,Q5,2005-2009,20,131,23010,1,-0.1255574104098004,0.30439737480066026,0.5086158419895123,2.3098569091102426,-4.63624344199617,-3.3582399386290214,-5.987731104834814,0.48467502931745765,0.5153249706825422
quintile_direction,Q5,2010-2014,1,128,29038,1,-0.008975837830158264,0.005626579941688724,0.5013219493149329,0.49989174994755314,-1.0311850213659155,-0.7596343363240019,-1.4631930087317535,0.500373271041919,0.49962672895808113
quintile_direction,Q5,2010-2014,5,128,29038,1,-0.03472919150827121,0.07439183883982212,0.5104687773599714,1.1416706648497512,-2.3203689762521993,-1.700472839712667,-3.2026899079493343,0.49702120358533936,0.5029787964146606
quintile_direction,Q5,2010-2014,10,128,29038,1,-0.0786643479894567,0.1437764918185146,0.5120848075319653,1.6687027283333142,-3.2820677897721726,-2.456215230517687,-4.543971115351118,0.49243481421680146,0.5075651857831986
quintile_direction,Q5,2010-2014,20,128,29038,1,-0.16821686213531215,0.2396320409113179,0.5138763679485487,2.53565017683007,-5.11723037929071,-3.881279618880284,-6.599356921446059,0.4900420810552448,0.5099579189447552
quintile_direction,Q5,2015-2019,1,185,35436,1,-0.011533101434373028,0.015237479543963291,0.5055959945725798,0.49783569925430116,-1.0531297312985526,-0.7547134895112902,-1.5557021682408405,0.4987390174095477,0.5012609825904525
quintile_direction,Q5,2015-2019,5,185,35436,1,-0.05055871853250694,0.07945491008837105,0.5130009681755981,1.1857184090725597,-2.4299483965427373,-1.7943334963590616,-3.560753785607326,0.515079015694176,0.4849209843058242
quintile_direction,Q5,2015-2019,10,185,35436,1,-0.0634092430808182,0.12272219881031088,0.5161560395847474,1.698142592122566,-3.529983065199238,-2.5074872082997044,-4.822242504064504,0.4894984393716103,0.5105015606283897
quintile_direction,Q5,2015-2019,20,185,35436,1,-0.09087257629724281,0.2471178017947922,0.5208219174089386,2.483349123686109,-4.990211697771693,-3.785092274739916,-6.313056224465651,0.492150539192017,0.5078494608079829
quintile_direction,Q5,2020-2026,1,279,70885,1,-0.013382995458763564,0.008632689313294232,0.501302659675144,0.5184098837352052,-1.0845384240997311,-0.8049689694455966,-1.5966036796477059,0.5081516298135653,0.4918483701864347
quintile_direction,Q5,2020-2026,5,279,70628,1,-0.06431100832424963,0.04972688786820315,0.5033943781105643,1.2257711100759174,-2.598878227184339,-1.9228694001952873,-3.7337757579409523,0.5101650050901119,0.48983499490988824
quintile_direction,Q5,2020-2026,10,279,70292,1,-0.08675678136012122,0.0819301382330323,0.5048477069823448,1.7754529101018932,-3.6792245486731936,-2.678808093528421,-5.087258123393527,0.5115684241912415,0.48843157580875857
quintile_direction,Q5,2020-2026,20,279,69676,1,-0.33460535583391227,0.10997164885631629,0.5024789034957009,2.7380656829628482,-5.334222656002455,-3.9508952211990604,-7.493750858604189,0.5339642945338725,0.46603570546612744
quintile_direction,Q5,ALL,1,281,171944,1,-0.01248808015301298,0.009759256270477062,0.5010201912364826,0.5137888975115482,-1.0766009395726068,-0.7869930916794384,-1.590928775772994,0.5032910267931994,0.49670897320680074
quintile_direction,Q5,ALL,5,281,171687,1,-0.0610940942839212,0.06382943156357307,0.5070103219318325,1.2155264192112578,-2.5636966547111872,-1.8698407791802494,-3.698645250911728,0.5033172117046811,0.4966827882953191
quintile_direction,Q5,ALL,10,281,171351,1,-0.07908521138844814,0.11660356093545893,0.5093314589523885,1.7526025743867275,-3.6726900253520403,-2.631632613357965,-5.210143763757869,0.5018125680866579,0.49818743191334214
quintile_direction,Q5,ALL,20,281,170734,1,-0.25789011838564413,0.16953256268827216,0.5075310073844825,2.6615525954577754,-5.2129210661956655,-3.8454202835120097,-7.378495833824708,0.5123412040980037,0.48765879590199634
quintile_extension,Q1,2000-2004,1,96,12127,1,-0.0006075388344365593,0.0014532623252579162,0.49129614281425377,0.5190531940094057,-1.0236298916629352,-0.7877662297246909,-1.429432990008893,0.49233571190367253,0.5076642880963276
quintile_extension,Q1,2000-2004,5,96,12126,1,-0.01788177381499982,0.09954962654241878,0.5177169533145465,1.2180656923811297,-2.4399196327222525,-1.8476110359603362,-3.2989375505272722,0.5011509462682696,0.4988490537317303
quintile_extension,Q1,2000-2004,10,96,12126,1,-0.07042257012211604,0.1547630853536843,0.5182099843255664,1.7934095439488138,-3.6864496300199123,-2.6445345605328123,-4.849318099169453,0.5073460956706277,0.4926539043293724
quintile_extension,Q1,2000-2004,20,96,12126,1,-0.023213965779404322,0.34308391068387945,0.53619269156873,2.5549275781108007,-5.145735765333566,-3.8036991673194764,-6.429258683572311,0.4672479541093414,0.5327520458906585
quintile_extension,Q1,2005-2009,1,136,26060,1,0.0011209966531541104,0.013578994827118742,0.5018622690683694,0.5254791568567673,-1.0913052999927446,-0.8006771868535281,-1.503789209768922,0.49688818035120724,0.5031118196487927
quintile_extension,Q1,2005-2009,5,136,26060,1,-0.04886204628289985,0.030213950710929104,0.49667006972853256,1.1960715058492575,-2.4527161034281084,-1.8260272314887445,-3.407993160820345,0.5015066835309001,0.4984933164691
quintile_extension,Q1,2005-2009,10,136,26059,1,-0.0638593867488491,0.055751192757368895,0.494691700500607,1.6817607741511398,-3.5236222052903536,-2.576319190644642,-4.617415742809514,0.47998018170638945,0.5200198182936105
quintile_extension,Q1,2005-2009,20,136,26060,1,-0.06556151220829877,0.15569096510752678,0.5090377975524285,2.46131796611385,-5.1208271732139,-3.8102907898087466,-6.76026053615902,0.5030628258258709,0.4969371741741292
quintile_extension,Q1,2010-2014,1,128,24138,1,0.01412922788444747,0.03176149052546523,0.5162508646659232,0.5296051755486535,-1.0790738648763896,-0.8120947763934132,-1.5374894195489328,0.4846939201765841,0.5153060798234159
quintile_extension,Q1,2010-2014,5,128,24138,1,0.08796643359843828,0.17643838105836956,0.5460720591678139,1.2560334682810887,-2.626206556174166,-1.8504305933577636,-3.6029176376980274,0.47513412188243254,0.5248658781175675
quintile_extension,Q1,2010-2014,10,128,24138,1,0.16143146171488937,0.37156919164572266,0.5647283606853934,1.79261409467711,-3.654102055381702,-2.6657198370254926,-4.893774825531752,0.45760769667672613,0.5423923033232738
quintile_extension,Q1,2010-2014,20,128,24138,1,0.31675271080404344,0.69654363060723,0.5877788648110642,2.5131163050279532,-4.92046524928023,-3.564824700671611,-6.672656011482644,0.4222758919342943,0.5777241080657057
quintile_extension,Q1,2015-2019,1,187,36540,1,0.0003580163054677351,0.039803533455045906,0.5185467320791953,0.5492839146672798,-1.1435286642289193,-0.8303748072414916,-1.7344419209462438,0.4947407332183309,0.5052592667816689
quintile_extension,Q1,2015-2019,5,187,36540,1,-0.0076593529338654775,0.1148668441573725,0.5277020587166434,1.270488387370332,-2.6924556595560225,-1.9244681202159055,-3.7554763047816615,0.4976180226895773,0.5023819773104228
quintile_extension,Q1,2015-2019,10,187,36540,1,0.0731061611177162,0.2463810154407514,0.5401467438721365,1.83115328487999,-3.706987469817798,-2.773817644171311,-4.847792954068163,0.4699051665027104,0.5300948334972896
quintile_extension,Q1,2015-2019,20,187,36540,1,0.15065659927869138,0.3042870595033008,0.547901423786616,2.570818920068621,-4.9496265864735385,-3.7249784449448904,-6.630038683625966,0.4549163420749559,0.5450836579250441
quintile_extension,Q1,2020-2026,1,279,72809,1,0.006478525077583777,0.027833191228396628,0.5119572243399931,0.5502306454149835,-1.1356775378918555,-0.8295755493283387,-1.6541308456857164,0.49126184712048193,0.5087381528795181
quintile_extension,Q1,2020-2026,5,279,72599,1,0.028916241482757694,0.11615397434670224,0.5239231800477773,1.2841916762159709,-2.6534739332943147,-1.9437693063155965,-3.731557304380545,0.48371815865966283,0.5162818413403372
quintile_extension,Q1,2020-2026,10,279,72363,1,0.04335854224326249,0.157986280010544,0.5283461066328942,1.8382288876561694,-3.7610873548313672,-2.771521461016999,-5.215317417737857,0.48132946807473803,0.5186705319252618
quintile_extension,Q1,2020-2026,20,279,71888,1,0.06852027628035845,0.3617231001491063,0.5368550390092176,2.69941210638113,-5.2955107558896755,-3.864226101358459,-7.730338467899912,0.4757267735341463,0.5242732264658537
quintile_extension,Q1,ALL,1,281,171708,1,0.005233169877881945,0.024817616022517683,0.5097884940313898,0.5439947939412272,-1.131014052310671,-0.8267023221704785,-1.6663208645220002,0.49222045553893706,0.5077795444610629
quintile_extension,Q1,ALL,5,281,171497,1,0.01937190466076981,0.11854284017963246,0.5224960395101692,1.2720917148131075,-2.6992092479447938,-1.9383261858143868,-3.781124649284669,0.4850807559097449,0.514919244090255
quintile_extension,Q1,ALL,10,281,171260,1,0.03441451372071889,0.17931209145973961,0.5291389792832905,1.8239274779479124,-3.811620158902833,-2.7589191779027837,-5.330596534676884,0.4800128465605678,0.5199871534394322
quintile_extension,Q1,ALL,20,281,170786,1,0.05567396007964357,0.3503252966875868,0.5359482600699177,2.655827779012532,-5.398513579547904,-3.9447172952666367,-7.694273257397187,0.4791407914939972,0.5208592085060028
quintile_extension,Q2,2000-2004,1,96,12380,1,0.012963019230830436,0.013600595284264291,0.512770460884625,0.5367714589532538,-1.0326140027378434,-0.7919402064415862,-1.4106764675197874,0.4842145217650276,0.5157854782349724
quintile_extension,Q2,2000-2004,5,96,12380,1,0.0021556318260481885,0.0947879400039125,0.519654789794125,1.2417667050455559,-2.408332115058938,-1.7997986325615192,-3.362021751811649,0.494011993619791,0.505988006380209
quintile_extension,Q2,2000-2004,10,96,12380,1,0.030648373432525525,0.23424655493065294,0.5380706856612042,1.7891607893696075,-3.417324675206308,-2.5754671107244937,-4.811334958575543,0.4633208933815063,0.5366791066184937
quintile_extension,Q2,2000-2004,20,96,12380,1,0.02726883564823751,0.4059235993006354,0.5401170497573267,2.5281234741819674,-4.896282786906596,-3.497218194270531,-6.5746787907108635,0.45906851637784407,0.5409314836221559
quintile_extension,Q2,2005-2009,1,136,26079,1,-0.0072189456176645315,0.010134316682185993,0.49976444234924056,0.5298003509251833,-1.098410029528143,-0.8317359408100675,-1.5305559667529924,0.4962894039404592,0.5037105960595408
quintile_extension,Q2,2005-2009,5,136,26079,1,0.01818878913428243,0.08419306558083997,0.5178262223054001,1.1804660057002085,-2.4909676605770548,-1.8419395321775944,-3.430496190486103,0.48820170053080303,0.511798299469197
quintile_extension,Q2,2005-2009,10,136,26079,1,-0.01567327941819591,0.07104539950238886,0.5113095106333064,1.6683723621933755,-3.448721494805386,-2.580330065095117,-4.687815354571059,0.4959110007201222,0.5040889992798778
quintile_extension,Q2,2005-2009,20,136,26079,1,-0.10962793053502316,0.12921430245680463,0.5092090608885576,2.4460353796750454,-5.201676294004984,-3.900345643355243,-7.01631402140946,0.5117068883526308,0.48829311164736927
quintile_extension,Q2,2010-2014,1,131,24047,1,0.007743010489592068,0.03180280329891321,0.5173707015353965,0.5355296811607254,-1.093407334713447,-0.8068025596331108,-1.558504172234251,0.4794897662252174,0.5205102337747829
quintile_extension,Q2,2010-2014,5,131,24047,1,0.040771583367367865,0.1654622553050034,0.537602458104112,1.2717386237091992,-2.6083150518887877,-1.8964534844685044,-3.566910323163229,0.4678075241165488,0.5321924758834511
quintile_extension,Q2,2010-2014,10,131,24047,1,0.0850262362117256,0.39062423254428413,0.5573549998297587,1.793989094843636,-3.616455110975935,-2.5693381758353593,-4.915648178982196,0.45443616671141307,0.545563833288587
quintile_extension,Q2,2010-2014,20,131,24047,1,0.19926408172953342,0.5504308093502909,0.5672182900565566,2.560238924305643,-4.9232105328213525,-3.663686435013033,-6.650673737584649,0.4425883392128083,0.5574116607871917
quintile_extension,Q2,2015-2019,1,186,36550,1,0.0012818808508396303,0.033134095766266865,0.5176571515737127,0.5393808418683737,-1.1348483567964354,-0.8213062779916145,-1.7449688792651807,0.4972435304119047,0.5027564695880953
quintile_extension,Q2,2015-2019,5,186,36550,1,0.021669661959217015,0.1211140233793948,0.5332069896298948,1.2419405169216722,-2.600395394396274,-1.8685401246316677,-3.725986340564244,0.4813636379953622,0.5186363620046378
quintile_extension,Q2,2015-2019,10,186,36550,1,0.0734937482585517,0.23100960212152266,0.5437908786762523,1.7939709374629236,-3.708692597546302,-2.7176568997198505,-5.076789254154756,0.48022010393844283,0.5197798960615572
quintile_extension,Q2,2015-2019,20,186,36550,1,0.16297657152652514,0.33454490209878895,0.5523594678075119,2.599772163880911,-5.145676179001884,-3.94300028760643,-6.788628736221469,0.4727126233712646,0.5272873766287356
quintile_extension,Q2,2020-2026,1,279,72624,1,0.008375878204098991,0.01957025259115491,0.5115672513866936,0.5493806106077933,-1.1237214588630473,-0.8276253265421615,-1.6533205744684154,0.4940780773580472,0.5059219226419529
quintile_extension,Q2,2020-2026,5,279,72384,1,0.041634386161085064,0.10067012195165101,0.5300876727611701,1.28936806646364,-2.6627645270997986,-1.9363792741456183,-3.8116005124958203,0.48724177678090863,0.5127582232190914
quintile_extension,Q2,2020-2026,10,279,72125,1,0.060732221186772455,0.18884018095833505,0.5349723823013786,1.8515975805097729,-3.8299395850445066,-2.771334774229898,-5.485862602356683,0.48597291791375163,0.5140270820862483
quintile_extension,Q2,2020-2026,20,279,71653,1,-0.015001547388976365,0.3138674149500891,0.5384751483414618,2.7890743165014187,-5.406910092454481,-3.948940774502266,-8.075142686766247,0.4846079672592875,0.5153920327407124
quintile_extension,Q2,ALL,1,281,171700,1,0.004134212680363502,0.02300796114419531,0.5112366014519802,0.5441001597406278,-1.1299061616185764,-0.8243549149660451,-1.670251245143478,0.491875320161711,0.5081246798382889
quintile_extension,Q2,ALL,5,281,171460,1,0.03124189034659182,0.1063482540109228,0.5294369503050835,1.2782056996809983,-2.664682853088596,-1.9278259606934909,-3.845702561790164,0.48403245335963463,0.5159675466403654
quintile_extension,Q2,ALL,10,281,171201,1,0.05150139270955123,0.19677706958598173,0.5350805000101914,1.8331458421593654,-3.8033166348641165,-2.771334774229898,-5.426989813044433,0.47853062224708215,0.5214693777529178
quintile_extension,Q2,ALL,20,281,170729,1,-0.014866005558124817,0.3494681507822887,0.5400273437295598,2.745678683450488,-5.446382573335154,-3.9873439460212454,-7.872872001355979,0.47637581688525954,0.5236241831147405
quintile_extension,Q3,2000-2004,1,97,12604,1,0.002966948231865858,0.010581064627314847,0.49649728943447596,0.5282801498662558,-1.0420251200917041,-0.7892001755262532,-1.4281048758598403,0.4862849814998772,0.5137150185001228
quintile_extension,Q3,2000-2004,5,97,12604,1,-0.007062446722743652,0.14042465224334622,0.520164951494625,1.222682679847804,-2.3500544719492296,-1.8024203966858754,-3.2695454145448273,0.4928447851108178,0.5071552148891822
quintile_extension,Q3,2000-2004,10,97,12606,1,-0.009172630260826384,0.1873329501017385,0.5254590386668064,1.7761276019962746,-3.3937368811096,-2.493067960921916,-4.4818937147883755,0.4688794530215525,0.5311205469784475
quintile_extension,Q3,2000-2004,20,97,12604,1,-0.014017717719371034,0.28711921773606996,0.5242865682012248,2.4944863805506365,-4.884306577859594,-3.476719243898201,-6.423948332942295,0.46613825049752705,0.533861749502473
quintile_extension,Q3,2005-2009,1,135,25585,1,0.005587095105884911,0.011857558085944225,0.5022998224918145,0.5298538425588636,-1.0854598721052728,-0.8098861308446283,-1.4699043671625547,0.48675755250763925,0.5132424474923609
quintile_extension,Q3,2005-2009,5,135,25585,1,0.035965886494722495,0.07646755462605698,0.5185884760952273,1.176781106030709,-2.372505154562789,-1.7819729315193709,-3.293943612426737,0.4757119516443782,0.5242880483556218
quintile_extension,Q3,2005-2009,10,135,25585,1,0.05613257756095801,0.17109415303874312,0.5289242581099548,1.6627963619035209,-3.327119252261375,-2.465796715737007,-4.483059337039732,0.46166180989835864,0.5383381901016413
quintile_extension,Q3,2005-2009,20,135,25585,1,0.030158944737760804,0.3780698797605767,0.5356014589823593,2.4329847937695184,-5.0710606586285145,-3.728055608247499,-6.742438239225236,0.4752792591690218,0.5247207408309783
quintile_extension,Q3,2010-2014,1,131,24233,1,0.015576095949989079,0.022405092471936613,0.5133245349039082,0.5403217116226602,-1.089228009840051,-0.802143685201406,-1.5424338610060115,0.4825432641290852,0.5174567358709147
quintile_extension,Q3,2010-2014,5,131,24233,1,0.062453288931519864,0.1620856114092175,0.5374464496914231,1.2408237713354933,-2.5215594279399376,-1.8457936102875643,-3.4268474198030447,0.4599751969803418,0.5400248030196583
quintile_extension,Q3,2010-2014,10,131,24233,1,0.10720747500022378,0.2891866423000748,0.5549804365269012,1.7645064617535322,-3.4642346438574587,-2.5315064848879083,-4.6195560842976215,0.44598264133523163,0.5540173586647683
quintile_extension,Q3,2010-2014,20,131,24233,1,0.15727987727772774,0.6021818953865584,0.5626035150786033,2.570932577744233,-4.778189431813768,-3.5535489463655447,-6.387060225410574,0.43081924075552325,0.5691807592444768
quintile_extension,Q3,2015-2019,1,187,36060,1,0.013964359767531381,0.044264871100308786,0.5256214597260025,0.5370976981647742,-1.154399463038908,-0.8116626222465343,-1.6796755765470295,0.48548720576906573,0.5145127942309344
quintile_extension,Q3,2015-2019,5,187,36060,1,0.058521465917550634,0.15321104891386236,0.5434448877726461,1.2514665972874006,-2.6159946477818803,-1.8619847472589224,-3.695570638372378,0.4731800694583255,0.5268199305416744
quintile_extension,Q3,2015-2019,10,187,36059,1,0.08665909784733573,0.23534321725734791,0.5456326769051457,1.824321554836377,-3.7628875546172758,-2.6963770240879303,-4.978210740492828,0.4735287103132148,0.5264712896867851
quintile_extension,Q3,2015-2019,20,187,36060,1,0.16357939998049673,0.4139542713232949,0.5566890914802493,2.5863469503508756,-5.212451979187806,-3.781526405766051,-6.715202272778107,0.47257491625783205,0.5274250837421679
quintile_extension,Q3,2020-2026,1,279,73324,1,0.004152993546837828,0.017760770844725045,0.5054782794484197,0.5531888123003619,-1.1308040492515656,-0.8334482906881759,-1.7021056421840495,0.4934082099937031,0.5065917900062967
quintile_extension,Q3,2020-2026,5,279,73074,1,0.026563179963971173,0.08184850047068948,0.5239443578899656,1.2818952977089673,-2.657170523908483,-1.9648377355637858,-3.7970994644960467,0.48756513354706493,0.512434866452935
quintile_extension,Q3,2020-2026,10,279,72813,1,0.029600377586937066,0.15295928377550574,0.528336492957281,1.851774047678649,-3.7524389766635804,-2.7685916964005157,-5.332469059067316,0.48214124089672644,0.5178587591032737
quintile_extension,Q3,2020-2026,20,279,72265,1,-0.06851410731471423,0.28700824768835304,0.5286000894918075,2.750041793042257,-5.217769561218409,-3.8953747567400816,-7.757238383500671,0.4887832988307725,0.5112167011692276
quintile_extension,Q3,ALL,1,281,171837,1,0.006209847124662732,0.020839576713669518,0.5067158098959322,0.5461834605979596,-1.1303103346982868,-0.8283971885872041,-1.6825593978784243,0.4925029630225734,0.5074970369774265
quintile_extension,Q3,ALL,5,281,171587,1,0.02299533455703206,0.11002418462717717,0.524485034189237,1.2704275035006496,-2.63099434602255,-1.9220002207761009,-3.8303527169518925,0.4831439392410511,0.5168560607589491
quintile_extension,Q3,ALL,10,281,171327,1,0.03245805050667778,0.1902002723558175,0.5300174223054098,1.8357848784044457,-3.7360065038914407,-2.724725734609617,-5.435551383178768,0.4775153883299955,0.5224846116700044
quintile_extension,Q3,ALL,20,281,170778,1,-0.02516765934011595,0.34445598418204193,0.5368019438428064,2.704636030848239,-5.3024335307300525,-3.9272943470518995,-7.556596501861107,0.4754007823260942,0.5245992176739059
quintile_extension,Q4,2000-2004,1,97,12283,1,0.0007206554475975729,0.0,0.49801310804513604,0.5190734291918071,-1.0622378055678818,-0.7630658674692375,-1.4444127420299768,0.49036703080246635,0.5096329691975336
quintile_extension,Q4,2000-2004,5,97,12283,1,0.014633221217788412,0.09885352450194179,0.5153923508292092,1.1791611890624494,-2.41622571871309,-1.7958435558638755,-3.217372505638921,0.4782296832217736,0.5217703167782263
quintile_extension,Q4,2000-2004,10,97,12282,1,0.04225435355048529,0.18415899367757102,0.5243738566566856,1.6476779400753006,-3.0218546224616576,-2.351693282109481,-4.057009727272469,0.44934593449118837,0.5506540655088119
quintile_extension,Q4,2000-2004,20,97,12283,1,0.06065584689860756,0.3292043158953275,0.5371290130465123,2.387387630466674,-4.3390740040179425,-3.3549724314782474,-5.577653273411568,0.45391442337240434,0.5460855766275956
quintile_extension,Q4,2005-2009,1,135,25014,1,-0.001760109813834498,0.004265966730449817,0.4958733033469345,0.536286314655245,-1.0943547856494398,-0.8032859289931324,-1.5465260029791543,0.49033594216977006,0.5096640578302298
quintile_extension,Q4,2005-2009,5,135,25014,1,-0.0213687679455353,0.07682828308405068,0.5074333774012341,1.1821272266652858,-2.4586365024881665,-1.8203658492018553,-3.393717822363193,0.49586158817380593,0.5041384118261941
quintile_extension,Q4,2005-2009,10,135,25014,1,-0.02369352358234739,0.12285386977389556,0.5159273977223819,1.6642218517804686,-3.5563512201119325,-2.513086975915565,-4.775239533815777,0.49294489365134886,0.507055106348651
quintile_extension,Q4,2005-2009,20,135,25013,1,0.09860544665878376,0.4396560425907117,0.5442885291678106,2.391948521864249,-4.965941772678166,-3.676094015790198,-6.671439536788247,0.47853914855275614,0.5214608514472439
quintile_extension,Q4,2010-2014,1,130,24926,1,0.014974699818843782,0.027495952377375434,0.5085753264066601,0.5478004081734353,-1.117311987455746,-0.8334607385513804,-1.5981509126878972,0.4842104951385895,0.5157895048614105
quintile_extension,Q4,2010-2014,5,130,24926,1,0.04805315097822641,0.15586156515608002,0.5358538971843352,1.2509099591260866,-2.484430887731503,-1.8176515619144538,-3.398445529837351,0.46551642213311406,0.5344835778668859
quintile_extension,Q4,2010-2014,10,130,24926,1,0.06588559363879103,0.2755235076189173,0.5416924194038341,1.7685329083444867,-3.4872080245468315,-2.4698633094176228,-4.770808244170565,0.46127399884414666,0.5387260011558533
quintile_extension,Q4,2010-2014,20,130,24926,1,0.22729508655283276,0.4765209508790729,0.5649911023795838,2.560741900831848,-4.858049932449501,-3.547417073189943,-6.639485666748014,0.4411256568976982,0.5588743431023018
quintile_extension,Q4,2015-2019,1,190,36089,1,0.009800094659610906,0.036718260752767254,0.5243290271754728,0.5337633023956948,-1.1415130460029037,-0.8009879066044036,-1.663407031592972,0.4851969335167745,0.5148030664832253
quintile_extension,Q4,2015-2019,5,190,36089,1,0.07299362193786497,0.1497470716346669,0.5429257954756992,1.2442125198442913,-2.5735892469153576,-1.8571103117424999,-3.5914206178895207,0.46776271742291786,0.532237282577082
quintile_extension,Q4,2015-2019,10,190,36090,1,0.1567170298359552,0.2518106738034845,0.5609326343967499,1.7720523900032976,-3.635078593436381,-2.6183446609953354,-5.008461852525922,0.47135641886644675,0.5286435811335531
quintile_extension,Q4,2015-2019,20,190,36090,1,0.30957287742869205,0.4373989597340847,0.5722750491442389,2.527393608459787,-5.0386599818745434,-3.60274400520984,-6.611955234417531,0.4574500359921147,0.5425499640078852
quintile_extension,Q4,2020-2026,1,279,73374,1,-0.005441783820541811,0.01673657355696618,0.5059729550845016,0.5500901754703538,-1.143486825316592,-0.836759689120924,-1.6991118693721727,0.5039430970312466,0.4960569029687532
quintile_extension,Q4,2020-2026,5,279,73168,1,-0.012229836194987487,0.054410458584359236,0.51446813947962,1.2740449252260975,-2.657777983949036,-1.9651452994860492,-3.8569860807883343,0.5018640368619529,0.498135963138047
quintile_extension,Q4,2020-2026,10,279,72884,1,-0.0696440445020391,0.11937695829301054,0.5261659099670859,1.902499209407346,-3.8633578600021092,-2.788427342631951,-5.619149294113563,0.4995918329880741,0.5004081670119259
quintile_extension,Q4,2020-2026,20,279,72295,1,-0.13098549512341048,0.1761548735075712,0.5269997792237694,2.7720403916027045,-5.278153188771049,-3.910677071276215,-7.7050479858331435,0.49995281402991315,0.5000471859700867
quintile_extension,Q4,ALL,1,281,171712,1,-0.0024354427710967584,0.016715359547002824,0.5061078820700838,0.5417911852779645,-1.1389368814025878,-0.8291559139917265,-1.703356017935168,0.49662631724722756,0.5033736827527726
quintile_extension,Q4,ALL,5,281,171506,1,-0.002640060167643811,0.0916948152138018,0.5163349043146269,1.2550759481330067,-2.65437679291365,-1.9244284270907241,-3.8456700329559723,0.4939042179858647,0.5060957820141352
quintile_extension,Q4,ALL,10,281,171222,1,-0.04552309582805253,0.17405682936722378,0.5260350129654426,1.8552955155273598,-3.7670783750911028,-2.6944633155855935,-5.499877068263897,0.49003557245497836,0.5099644275450215
quintile_extension,Q4,ALL,20,281,170633,1,-0.05667306384018735,0.2971110171611542,0.5345647232626572,2.6885098727529453,-5.323970286811062,-3.8231961543370767,-7.673107939160483,0.478569979766431,0.521430020233569
quintile_extension,Q5,2000-2004,1,94,11775,1,0.022464900553421516,0.013989912547261535,0.5154770672267082,0.5422952505981344,-1.0664677347678366,-0.7918146962370465,-1.527557215847193,0.48470797451873404,0.5152920254812661
quintile_extension,Q5,2000-2004,5,94,11776,1,0.13206170583707255,0.21489317248461481,0.5588238407727981,1.2185503876212194,-2.242205138410254,-1.6986708033993272,-2.935182499815615,0.4344143670362649,0.565585632963735
quintile_extension,Q5,2000-2004,10,94,11775,1,0.2610992773006405,0.3794695379540929,0.5753544230832618,1.6330378580366385,-3.0233566621174695,-2.1608923563465936,-3.8069454191254866,0.40202380724775344,0.5979761927522464
quintile_extension,Q5,2000-2004,20,94,11776,1,0.5377970141434504,0.6637177415117874,0.604882348785777,2.2368716653949825,-3.858665803407816,-2.6976790950946947,-4.778401764206555,0.35846164300087774,0.6415383569991224
quintile_extension,Q5,2005-2009,1,137,24905,1,0.015175795616229691,0.005303639602375117,0.5007430677751233,0.5596266075509911,-1.1284367392847767,-0.8379589397001346,-1.5449578852386079,0.4843077802184872,0.5156922197815128
quintile_extension,Q5,2005-2009,5,137,24905,1,0.048771167133079815,0.10783064261449933,0.5268536681701752,1.1955957472305214,-2.373899139545426,-1.8064348384181443,-3.219498613571366,0.46355290170461994,0.5364470982953803
quintile_extension,Q5,2005-2009,10,137,24906,1,0.08812908351065661,0.22371882756662878,0.5408788334585702,1.6127080257588162,-3.2280340340316234,-2.306015168501332,-4.0911231226278515,0.4432947318703631,0.5567052681296368
quintile_extension,Q5,2005-2009,20,137,24906,1,0.06941209233372271,0.31196521387426285,0.5351473202505671,2.185936813284939,-4.1759920553420535,-3.07381147262387,-5.46535812390735,0.4333895427605932,0.5666104572394068
quintile_extension,Q5,2010-2014,1,132,26321,1,0.019291622878457496,0.025191011117581295,0.52093603770291,0.5398567628713621,-1.114341446818958,-0.8054873747871996,-1.6455505818202298,0.48529087690976513,0.5147091230902348
quintile_extension,Q5,2010-2014,5,132,26321,1,0.05313173548960691,0.1447095092536248,0.5294901506790126,1.1897275910273386,-2.4426042290538574,-1.723169850322357,-3.4001787993920973,0.4676343131508601,0.5323656868491399
quintile_extension,Q5,2010-2014,10,132,26321,1,0.11283206541324778,0.2509891702780832,0.5400251313545112,1.607548296260181,-3.1562075536933683,-2.2865454138933954,-4.315656592298821,0.4631746463494194,0.5368253536505807
quintile_extension,Q5,2010-2014,20,132,26321,1,0.24458843468185412,0.43583335872944895,0.546930428219041,2.378012580821419,-4.570774466322183,-3.3187900036279188,-5.816943557177747,0.42444105063578064,0.5755589493642193
quintile_extension,Q5,2015-2019,1,189,35850,1,0.02399224639430727,0.04395369421099016,0.5269931769159618,0.522831003107192,-1.092992650797251,-0.7937246287306019,-1.5844529526434281,0.47790870001015023,0.5220912999898497
quintile_extension,Q5,2015-2019,5,189,35850,1,0.09659181109246039,0.1710384757221223,0.5521968363837206,1.1823681520894322,-2.366818971278533,-1.6793753862474607,-3.4865141736475835,0.4603948842553148,0.5396051157446852
quintile_extension,Q5,2015-2019,10,189,35850,1,0.16988779308492005,0.31214295186831276,0.5587017557772528,1.6916571680597299,-3.3642457658114937,-2.4260353550147133,-4.706065837461866,0.448703337937902,0.5512966620620979
quintile_extension,Q5,2015-2019,20,189,35849,1,0.34164408517256994,0.5436796676069819,0.5748066255787526,2.4617429635546033,-4.6128393496586915,-3.269688391393002,-5.896951924652628,0.428410627974965,0.5715893720250349
quintile_extension,Q5,2020-2026,1,279,73144,1,-0.00861245640609474,0.017200900762900633,0.5072273210537599,0.5665244140731469,-1.170997944198862,-0.8486466364794523,-1.864102524719789,0.49959692935168765,0.5004030706483125
quintile_extension,Q5,2020-2026,5,279,72963,1,-0.054976149284632236,0.08578272816802988,0.5241507188250615,1.2989712298818503,-2.7381606711730733,-1.9237235616353672,-4.191687918962476,0.5042021526908681,0.4957978473091321
quintile_extension,Q5,2020-2026,10,279,72643,1,-0.04110709895609881,0.23205979506865987,0.5403869833334152,1.8410467843285478,-3.6238262369590215,-2.6195096181363606,-5.708452816118625,0.4970451689281245,0.5029548310718756
quintile_extension,Q5,2020-2026,20,278,72000,1,-0.036445966934173214,0.3728722904654007,0.5435885848945563,2.6075531922663395,-5.262013591552318,-3.7255587372361045,-7.556420554284937,0.4933121379976276,0.5066878620023723
quintile_extension,Q5,ALL,1,281,172003,1,-0.0013736524835985318,0.022313778747471376,0.509717669788836,0.554791617267218,-1.1677234057127777,-0.8347383005924534,-1.769589554656367,0.49418655424117924,0.5058134457588208
quintile_extension,Q5,ALL,5,281,171823,1,-0.015163360823214676,0.10780163376309405,0.5286309348957574,1.2594900639825735,-2.613425836518279,-1.8557245682738555,-4.040455311632209,0.49037810569130214,0.5096218943086978
quintile_extension,Q5,ALL,10,281,171503,1,0.021898924006634124,0.22745417214879662,0.5415618513975533,1.7682734129847137,-3.583823889430038,-2.537573397428214,-5.385398578538607,0.4784591649382485,0.5215408350617516
quintile_extension,Q5,ALL,20,280,170860,1,0.0545873607400014,0.3866339930667957,0.5440702893106976,2.500148518469497,-4.989787696536478,-3.5595756141107118,-7.155643420721491,0.4679732469741052,0.5320267530258949
quintile_ma_bear,Q1,2000-2004,1,94,18274,1,-0.004876002680529009,0.014155435067740835,0.4977817127727414,0.5200101041450161,-1.026235853122262,-0.7917249083635858,-1.446358391529581,0.4913069383155091,0.5086930616844909
quintile_ma_bear,Q1,2000-2004,5,94,18274,1,-0.0775794880895156,0.033669238492833056,0.4968939166047256,1.237495354472962,-2.490292975925893,-1.8362189633684278,-3.3708132963741475,0.5013631054835388,0.49863689451646137
quintile_ma_bear,Q1,2000-2004,10,94,18273,1,-0.13253923980683543,0.1486202333321268,0.5009828816750057,1.7605603476755187,-3.5318540626516643,-2.5353562077427987,-4.642508339945959,0.49200664121357607,0.5079933587864239
quintile_ma_bear,Q1,2000-2004,20,94,18272,1,-0.24042358097121613,0.08689641293176509,0.4891799960088207,2.5041692964024866,-4.624695210170937,-3.4040200469802446,-5.922456085607546,0.47996661389783446,0.5200333861021654
quintile_ma_bear,Q1,2005-2009,1,133,32792,1,-0.010186781794634142,0.0024378655553486213,0.4948927357131158,0.5032530051136073,-1.0624001235146734,-0.7868983851675223,-1.4491412104681058,0.5011392267169367,0.4988607732830634
quintile_ma_bear,Q1,2005-2009,5,133,32792,1,-0.004805900875029058,0.05936598118052544,0.5048252393016901,1.1604547409731885,-2.433189916965899,-1.7549528703597013,-3.2214652466339064,0.4879858747063633,0.5120141252936368
quintile_ma_bear,Q1,2005-2009,10,133,32792,1,-0.0057628839079696716,0.1461870011185007,0.5133400999440568,1.6458427121761363,-3.3499825605848095,-2.448453684591019,-4.449390784929127,0.47491224519614267,0.5250877548038574
quintile_ma_bear,Q1,2005-2009,20,133,32792,1,-0.07962489888028894,0.22328482797436805,0.5065589252353171,2.4120852431606914,-4.686446027117306,-3.4289326458064195,-6.233243694768187,0.4725936428418558,0.5274063571581441
quintile_ma_bear,Q1,2010-2014,1,130,39431,1,-0.006050705685138263,0.022796937211935958,0.5089699671645871,0.5120223250893666,-1.0498804475187193,-0.7833889479069072,-1.507646879455123,0.48556571386039216,0.5144342861396078
quintile_ma_bear,Q1,2010-2014,5,130,39431,1,-0.07403910414522619,0.09328147245055748,0.5040450557465563,1.2214914440445397,-2.522378206285156,-1.788502113249629,-3.470970119189073,0.4919648539802215,0.5080351460197784
quintile_ma_bear,Q1,2010-2014,10,130,39431,1,-0.07123769219135057,0.2318182408312128,0.5163950082004225,1.7415672651183967,-3.445627353900153,-2.5347302448832147,-4.804784876299985,0.473470098232627,0.526529901767373
quintile_ma_bear,Q1,2010-2014,20,130,39431,1,-0.08179306385930236,0.3927398489902465,0.525748631072878,2.5534746165124234,-4.915387453686614,-3.7254120148011998,-6.45575679801636,0.47468942328087277,0.5253105767191273
quintile_ma_bear,Q1,2015-2019,1,183,49941,1,-0.0047556639921897135,0.022774704496016127,0.5098889232109107,0.5030301325298002,-1.088474410962336,-0.7680991041411113,-1.6019995521107593,0.5003817404525305,0.4996182595474696
quintile_ma_bear,Q1,2015-2019,5,183,49941,1,-0.01873325542921326,0.07939766015931472,0.5184939577978204,1.1662882522385554,-2.5340460423301807,-1.8079104395807906,-3.6803342258670737,0.5000500034628883,0.49994999653711175
quintile_ma_bear,Q1,2015-2019,10,183,49941,1,-0.014888446478373108,0.1875628612159959,0.5242378453141305,1.691504596479067,-3.6511930243553268,-2.617911738830688,-4.873318170855436,0.4982758939732978,0.5017241060267023
quintile_ma_bear,Q1,2015-2019,20,183,49941,1,0.029150955109490912,0.28916407505611536,0.5339534254171546,2.4724914447827757,-5.2042398980141735,-3.6585826039479854,-6.63509414350236,0.4752335678669644,0.5247664321330356
quintile_ma_bear,Q1,2020-2026,1,261,91490,1,-0.014980712328046649,0.014880558794102498,0.5008438373517429,0.518584668773721,-1.102266458201274,-0.8023798925323059,-1.6256756292066175,0.5082702152278697,0.49172978477213036
quintile_ma_bear,Q1,2020-2026,5,261,91149,1,-0.06659557576184962,0.052513451805747506,0.5029146317831411,1.2437052488939233,-2.674483673890778,-1.9637809366487393,-3.8281939848842015,0.5170948975194792,0.4829051024805207
quintile_ma_bear,Q1,2020-2026,10,261,90734,1,-0.13176502956880543,0.08319677510691044,0.4991555576712363,1.821372005208762,-3.9514675403398747,-2.82662678647618,-5.449762241003249,0.5162035260685587,0.48379647393144126
quintile_ma_bear,Q1,2020-2026,20,261,89906,1,-0.3923538309801763,0.11104881753209334,0.4919744328193404,2.818432678233912,-5.6255896516061785,-4.113069704484208,-7.689865902235477,0.5197180775692877,0.4802819224307124
quintile_ma_bear,Q1,ALL,1,263,231940,1,-0.009519656224256485,0.01639004061081087,0.5030439984837759,0.5157846149389281,-1.0876962789630595,-0.7943836722190829,-1.6091852532992847,0.49781619279852957,0.5021838072014705
quintile_ma_bear,Q1,ALL,5,263,231599,1,-0.048069650411108264,0.0671217373542973,0.5087447985274866,1.2326403523186205,-2.5927420225248516,-1.8779710979414685,-3.774141719628936,0.5029031484267671,0.49709685157323286
quintile_ma_bear,Q1,ALL,10,263,231183,1,-0.08055084038181919,0.13691993909212088,0.5083646468122627,1.786154766749476,-3.7774265767496877,-2.7016805992578674,-5.331400669283518,0.5006478350923165,0.49935216490768347
quintile_ma_bear,Q1,ALL,20,263,230354,1,-0.26490033274852753,0.22024467310895857,0.5041411017227017,2.730027283589497,-5.301228654200682,-3.8837413745513425,-7.476120258530991,0.4945924189986882,0.5054075810013117
quintile_ma_bear,Q2,2000-2004,1,82,8725,1,0.008230634457309764,0.0,0.5003386200727385,0.5341790922977787,-1.0485025980435043,-0.7935117682476298,-1.429077836197393,0.4922468447718724,0.5077531552281275
quintile_ma_bear,Q2,2000-2004,5,82,8725,1,0.029618985257426313,0.09802076712570293,0.5206132912272474,1.2503706119833402,-2.298533508157542,-1.7882495840184753,-3.136000156296773,0.466356809402268,0.5336431905977322
quintile_ma_bear,Q2,2000-2004,10,82,8725,1,0.035510059151023905,0.15969351814905647,0.5280317389766179,1.7715401744376045,-3.2188079931752673,-2.5053523722835713,-4.376347484825306,0.475358172357798,0.524641827642202
quintile_ma_bear,Q2,2000-2004,20,82,8725,1,0.09930341094261326,0.3640870207158309,0.5369994188388965,2.4317069475259965,-4.403518733618853,-3.3119519847938754,-5.619602362522343,0.4562525194465835,0.5437474805534165
quintile_ma_bear,Q2,2005-2009,1,128,15995,1,0.015603463074949857,0.01881334498859341,0.5086952349466423,0.5320371094123711,-1.0867426377492504,-0.8253270147125673,-1.480391911422878,0.48581914526661474,0.5141808547333855
quintile_ma_bear,Q2,2005-2009,5,128,15995,1,0.048688214951879645,0.06358452987813733,0.5219050838008406,1.2317422693679296,-2.395139044263307,-1.863317604683428,-3.187125782281232,0.4771463719447341,0.5228536280552658
quintile_ma_bear,Q2,2005-2009,10,128,15995,1,0.06752208823447053,0.1370704760877547,0.5240294148921669,1.7671559599130104,-3.333832816652069,-2.552349288157641,-4.452096669729572,0.4759011133656151,0.524098886634385
quintile_ma_bear,Q2,2005-2009,20,128,15995,1,0.029518294076332538,0.11755504521983143,0.5261695912566406,2.521344201250981,-4.976835884274484,-3.6806550729455,-6.231029419947955,0.482777543613848,0.5172224563861518
quintile_ma_bear,Q2,2010-2014,1,119,17157,1,0.021120879889729976,0.018965716238946582,0.5152023445960278,0.5400072870329583,-1.129746346798939,-0.8323596329334513,-1.5755716434285274,0.4943288287382717,0.5056711712617281
quintile_ma_bear,Q2,2010-2014,5,119,17157,1,0.1506754527871346,0.14425813272280935,0.5591477187631041,1.2941600410867669,-2.554619978598781,-1.9048375156729052,-3.416277956343305,0.47791007811833086,0.522089921881669
quintile_ma_bear,Q2,2010-2014,10,119,17157,1,0.2128830928388549,0.2214235165784836,0.5577737986764011,1.800522214920823,-3.3562886521815667,-2.4578404804353875,-4.544388618695411,0.46764760652127496,0.532352393478725
quintile_ma_bear,Q2,2010-2014,20,119,17157,1,0.21155448206059274,0.30505271065570905,0.5637311248623759,2.5652756611828336,-4.836893549092534,-3.585122934602774,-6.18671299109373,0.45720558308802833,0.5427944169119715
quintile_ma_bear,Q2,2015-2019,1,165,21448,1,0.014955410675980512,0.038939560345001706,0.5264540254687194,0.5731732153174673,-1.1833534416669,-0.8530308111420783,-1.819744158183588,0.49004080313751486,0.5099591968624853
quintile_ma_bear,Q2,2015-2019,5,165,21448,1,0.028284024494331334,0.14667606561124447,0.5437185491875506,1.3146179269404388,-2.727592488089406,-1.9937654121009714,-3.8149237659402955,0.4930805104309079,0.506919489569092
quintile_ma_bear,Q2,2015-2019,10,165,21448,1,0.025358402113812115,0.22678711134398108,0.5420657614275755,1.8607794335822223,-3.816439210034309,-2.749110250055077,-4.940974666680188,0.4783043044009073,0.5216956955990926
quintile_ma_bear,Q2,2015-2019,20,165,21448,1,-0.03799333930022207,0.23138842169255258,0.5318926566447878,2.6736408692117317,-5.166489069910426,-3.796835479077048,-6.585179774208487,0.48160482364363383,0.5183951763563662
quintile_ma_bear,Q2,2020-2026,1,271,47131,1,-0.004156601910332244,0.008421366325151218,0.5049917972686268,0.5615072324861472,-1.1628620710938453,-0.8576269986722856,-1.7159333551510012,0.49843010254497083,0.501569897455029
quintile_ma_bear,Q2,2020-2026,5,270,47004,1,-0.02239822642094426,0.07890371234680738,0.5199768956058473,1.3306842346756846,-2.6932683633507386,-1.9904138280501997,-3.658250732545909,0.4969964065511464,0.5030035934488537
quintile_ma_bear,Q2,2020-2026,10,270,46806,1,-0.10729114175088583,0.16361172086731712,0.5237254130293498,1.9954906268344,-3.7746666272486404,-2.8380683603422225,-4.926627805438269,0.4919569410421173,0.5080430589578827
quintile_ma_bear,Q2,2020-2026,20,269,46389,1,-0.34863043165462554,0.18189635678392765,0.5253823663840237,3.0045131583035483,-5.182944431814392,-3.8705620201211803,-6.553471863751951,0.5147597158312012,0.4852402841687988
quintile_ma_bear,Q2,ALL,1,275,110511,1,0.004219541152180176,0.020661908007883985,0.5095201295124299,0.5547208116730661,-1.163759741209314,-0.8515292831233435,-1.7142424134665732,0.4955157122428634,0.5044842877571366
quintile_ma_bear,Q2,ALL,5,274,110384,1,-0.0010661665110242356,0.08989256521332221,0.5260366398614084,1.3218768698703782,-2.681876321625391,-1.9802652460817907,-3.793161482774755,0.4927778119845928,0.5072221880154072
quintile_ma_bear,Q2,ALL,10,274,110186,1,-0.07012598865305741,0.16156847148627068,0.5275097226576743,1.9568350318769776,-3.768256646882146,-2.7768852929613925,-5.166530783212645,0.4904858149444197,0.5095141850555802
quintile_ma_bear,Q2,ALL,20,274,109769,1,-0.275784988940686,0.2263369337576897,0.5300810951799022,2.9380099303353244,-5.305541183639317,-3.916931295763912,-7.146193901870184,0.49503868023499986,0.504961319765
quintile_ma_bear,Q3,2000-2004,1,88,12512,1,0.002758321343055814,0.01197265296367528,0.5020498086500418,0.5253395063683736,-1.0146820974670332,-0.767067466313921,-1.3919954084756707,0.48866140669375757,0.5113385933062424
quintile_ma_bear,Q3,2000-2004,5,88,12511,1,0.010334967594676352,0.11744326270637241,0.5193312925516583,1.201992420817073,-2.3433667391493107,-1.7346377956659889,-3.04325044102648,0.47306202824755267,0.5269379717524472
quintile_ma_bear,Q3,2000-2004,10,88,12511,1,0.015605176231406608,0.23633989691593293,0.5261516793093396,1.711809137825712,-3.312562111809311,-2.3913363310938878,-4.486298851637654,0.47202243727249016,0.5279775627275098
quintile_ma_bear,Q3,2000-2004,20,88,12512,1,0.11218722935957323,0.4356368738683648,0.5561305305256385,2.4212980167113973,-4.782963649696258,-3.4627189824284397,-6.120090247965349,0.4521781803675886,0.5478218196324114
quintile_ma_bear,Q3,2005-2009,1,133,23744,1,-0.00841349414683562,0.0033310428324001655,0.4988187942152571,0.537511064043928,-1.0996965721518686,-0.810167314595814,-1.5014492565158015,0.49857521824741335,0.5014247817525868
quintile_ma_bear,Q3,2005-2009,5,133,23744,1,0.001176888562978116,0.09722181952651657,0.5200892508749679,1.1954038834759104,-2.412550569147212,-1.7727052112258266,-3.234943685290962,0.47765895263803393,0.5223410473619662
quintile_ma_bear,Q3,2005-2009,10,133,23744,1,-0.022874503676994555,0.11580649149027641,0.5088162321105634,1.6842300021686618,-3.3837324268126197,-2.5711251941519135,-4.315170617580587,0.4704778003281052,0.529522199671895
quintile_ma_bear,Q3,2005-2009,20,133,23745,1,-0.010562679987954507,0.28265433202266277,0.5248988416865211,2.434269239443297,-4.7605047120604596,-3.592655258859551,-6.061083116246688,0.45291322020679226,0.5470867797932077
quintile_ma_bear,Q3,2010-2014,1,128,27462,1,0.0168650757939639,0.026705981555623006,0.5146982298419396,0.5421244477186659,-1.104028275407917,-0.8193433272734083,-1.5752659556362096,0.490502926794834,0.5094970732051661
quintile_ma_bear,Q3,2010-2014,5,128,27462,1,0.09471177138404813,0.15898414826929855,0.5453848976132825,1.214628976272822,-2.489070400098483,-1.7883110407332403,-3.425291729428887,0.46618112323621114,0.5338188767637889
quintile_ma_bear,Q3,2010-2014,10,128,27462,1,0.1590831200164424,0.33799378300333804,0.5563038505621829,1.7080106943743285,-3.3061576622060307,-2.4451386475032826,-4.325312212016977,0.4487284630587387,0.5512715369412613
quintile_ma_bear,Q3,2010-2014,20,128,27462,1,0.3506451960302468,0.657716422384685,0.584891284724861,2.4345051487032645,-4.553611731252406,-3.479764544696531,-5.743372970652557,0.41321353872566713,0.5867864612743329
quintile_ma_bear,Q3,2015-2019,1,185,37021,1,0.005509797938751725,0.04226030745138692,0.5211402457645776,0.544549032702348,-1.1487450319681578,-0.8248313290325456,-1.7308136651975656,0.4965846259502435,0.5034153740497563
quintile_ma_bear,Q3,2015-2019,5,185,37021,1,0.03991338294292913,0.1236815872870677,0.5375025084007212,1.2775490747180058,-2.6115712957130266,-1.8871962995847438,-3.585380397425604,0.48307890803151243,0.5169210919684877
quintile_ma_bear,Q3,2015-2019,10,185,37021,1,0.08267965172275075,0.20817640865548834,0.5358007856031322,1.7934030813169024,-3.607845369384848,-2.5569152948202083,-4.752110394807238,0.4765989020898367,0.5234010979101634
quintile_ma_bear,Q3,2015-2019,20,185,37021,1,0.14803916185617055,0.3009888196410481,0.5469313717754747,2.534783663471023,-5.042102514063777,-3.566310614876836,-6.4858796729324855,0.4662899515235383,0.5337100484764615
quintile_ma_bear,Q3,2020-2026,1,269,73160,1,0.004051203484940554,0.019679268067880624,0.5102146090585733,0.5610771917058148,-1.1552112810619062,-0.854730363268001,-1.6990091914927938,0.4979361780154445,0.5020638219845556
quintile_ma_bear,Q3,2020-2026,5,268,72895,1,0.01785776455802766,0.06774325301150885,0.5184451064432092,1.2854028770369592,-2.668268358102315,-1.9250326795801689,-3.784877637190489,0.48924614648445597,0.510753853515544
quintile_ma_bear,Q3,2020-2026,10,268,72543,1,0.040452925336095166,0.13823358351394932,0.52442809485493,1.8316162565866094,-3.6996916790726058,-2.724030393384197,-5.233006363173895,0.485337243356602,0.5146627566433981
quintile_ma_bear,Q3,2020-2026,20,267,71910,1,0.01401665989275487,0.200957206862103,0.5306510261422939,2.6676931222044007,-5.236074495882428,-3.847631496548304,-7.410018983749972,0.4941081211774593,0.5058918788225406
quintile_ma_bear,Q3,ALL,1,272,173922,1,0.005315416475389101,0.023055690690079456,0.5121548060590895,0.5492469566808266,-1.1433820699303903,-0.8394840714679307,-1.7038563173023729,0.4935253299881319,0.5064746700118681
quintile_ma_bear,Q3,ALL,5,272,173659,1,0.030194494503063975,0.12163393323348558,0.5235851572169187,1.2633555707716801,-2.6266478779426192,-1.8742589284178648,-3.8172598877076744,0.47985120027073797,0.520148799729262
quintile_ma_bear,Q3,ALL,10,272,173306,1,0.05920076272690881,0.1997480440388536,0.5293909397109788,1.8012003129007332,-3.666309726387418,-2.658721323847117,-5.297868626621943,0.47082375515170255,0.5291762448482975
quintile_ma_bear,Q3,ALL,20,271,172673,1,0.10344756565658472,0.31663653378131207,0.5397223255419104,2.5873828070817595,-5.0959589304481385,-3.777153146049212,-7.31918703099436,0.46853376033178756,0.5314662396682125
quintile_ma_bear,Q4,2000-2004,1,90,11505,1,0.025556190281663223,0.0125098080453032,0.5104244146061393,0.5451221956047045,-1.1017845647093627,-0.8159554984883762,-1.4750254670301677,0.4844702671399014,0.5155297328600985
quintile_ma_bear,Q4,2000-2004,5,90,11504,1,0.13940540805664506,0.19405292430211313,0.5606302792010138,1.2521093933712846,-2.3892199132284944,-1.7367018924110331,-3.125723041234922,0.4571333364484088,0.5428666635515911
quintile_ma_bear,Q4,2000-2004,10,90,11505,1,0.2708354148366315,0.3956073906546614,0.5906536484337341,1.7745360668271233,-3.305269040970865,-2.294522632961353,-4.463406727755579,0.4236099022278204,0.5763900977721795
quintile_ma_bear,Q4,2000-2004,20,90,11505,1,0.3988773263590181,0.6786666209244119,0.5963672735119862,2.5204242453193704,-4.408940874339359,-3.3054635160779466,-6.021917791034761,0.44055002817808786,0.5594499718219121
quintile_ma_bear,Q4,2005-2009,1,134,26592,1,0.004490598399637129,0.006554942076498239,0.5070787284756961,0.5418044187540748,-1.1105483128836635,-0.828291127129484,-1.5275038951179072,0.49737215734911855,0.5026278426508815
quintile_ma_bear,Q4,2005-2009,5,134,26592,1,-0.01009597016766645,0.03264283807763248,0.5172123438206991,1.1550762447704526,-2.418947632761413,-1.7698552053353183,-3.2109696708964646,0.5050888533543996,0.4949111466456005
quintile_ma_bear,Q4,2005-2009,10,134,26592,1,-0.02005128823794699,0.04840949312487307,0.5126261758424308,1.6541401532501383,-3.363547530223778,-2.5384151073756698,-4.2500198961713345,0.5094337075352495,0.4905662924647505
quintile_ma_bear,Q4,2005-2009,20,134,26592,1,0.0016376339755406332,0.1903288977852079,0.5330710783028785,2.407887125845086,-4.652418498224366,-3.590157704622135,-6.159534632750079,0.48940440540803,0.51059559459197
quintile_ma_bear,Q4,2010-2014,1,126,22467,1,0.03021862087180851,0.0289995673824736,0.5232458308500678,0.5639991552629603,-1.1199961595184056,-0.8473643545470804,-1.6612649522448393,0.47258587943068076,0.5274141205693192
quintile_ma_bear,Q4,2010-2014,5,126,22467,1,0.13400726653055606,0.2286884940151262,0.5608748893091262,1.3068965041880338,-2.571112009999897,-1.8649226066278006,-3.439097965838899,0.43800329102056335,0.5619967089794368
quintile_ma_bear,Q4,2010-2014,10,126,22467,1,0.21039116621273055,0.38881001014879923,0.5750044865471524,1.8314577580383007,-3.4569184531904273,-2.5178132935051334,-4.661132658844291,0.424084271149448,0.575915728850552
quintile_ma_bear,Q4,2010-2014,20,126,22467,1,0.39923301376744535,0.714366801790477,0.5898769884333388,2.5910225483297626,-4.502627881186418,-3.327441988933176,-6.075347891011434,0.40566021091644033,0.5943397890835597
quintile_ma_bear,Q4,2015-2019,1,180,37413,1,0.02206467027361714,0.0469559137382662,0.530264565984491,0.5601126422226116,-1.1680863891557638,-0.8460403766549588,-1.714490810599989,0.48558674020822384,0.5144132597917761
quintile_ma_bear,Q4,2015-2019,5,180,37413,1,0.10243157439572152,0.1563649237435371,0.549718555561442,1.2853550859794085,-2.664865304029659,-1.8320892316461923,-3.6760593272455164,0.46848534438718137,0.5315146556128185
quintile_ma_bear,Q4,2015-2019,10,180,37414,1,0.20146962523386477,0.2939874412228795,0.5691408266668418,1.8647702287567183,-3.710318232942541,-2.6342779637108595,-4.904445246375211,0.46303964206168,0.5369603579383199
quintile_ma_bear,Q4,2015-2019,20,180,37414,1,0.34389875630996214,0.4096881023969059,0.5782470497037334,2.60087612463487,-4.94880396528499,-3.574305724804947,-6.2751029446475,0.4377049994851925,0.5622950005148075
quintile_ma_bear,Q4,2020-2026,1,270,73976,1,-0.0017511602730648087,0.022966892172716667,0.5076624302167636,0.5843158091326336,-1.2200848709105419,-0.8732837418426177,-1.7998126733352997,0.49708082234458817,0.5029191776554118
quintile_ma_bear,Q4,2020-2026,5,269,73782,1,0.002219619537533874,0.11708341259683513,0.529494128506441,1.3454006192804182,-2.7810742611104513,-2.0027082898130355,-4.021322856831322,0.4947759468699919,0.5052240531300081
quintile_ma_bear,Q4,2020-2026,10,269,73561,1,-0.02501864730935897,0.1686050052870885,0.5322546091293079,1.9225862437525167,-3.9454995644899005,-2.819604452020513,-5.646872691834428,0.49350925055793243,0.5064907494420676
quintile_ma_bear,Q4,2020-2026,20,269,73086,1,0.0016576623230331877,0.3458392295981907,0.5417906588415271,2.715533477716617,-5.3000385034837905,-3.8327677555639244,-7.398686790490099,0.4859619292829991,0.5140380707170011
quintile_ma_bear,Q4,ALL,1,272,171989,1,0.0005242811087627947,0.025654509981391592,0.5095383745175232,0.5715791049072475,-1.1915678772514935,-0.8626086161868941,-1.7587695478304692,0.4948266230708421,0.505173376929158
quintile_ma_bear,Q4,ALL,5,271,171794,1,0.01527405236707345,0.1297731928209751,0.5307627136991584,1.3070159221812792,-2.7404511642662475,-1.985624175216468,-3.9368094392196697,0.48559078193189886,0.5144092180681011
quintile_ma_bear,Q4,ALL,10,271,171575,1,0.01440633198880541,0.20440194343888904,0.536492657185384,1.866351858663122,-3.8800145552970386,-2.754157623409433,-5.526867462826374,0.479737198451965,0.5202628015480351
quintile_ma_bear,Q4,ALL,20,271,171100,1,0.05159150625370403,0.3597932501467391,0.5458764490404343,2.631377889415918,-5.330942558503981,-3.8550994413324875,-7.57403670859338,0.4759495001411733,0.5240504998588266
quintile_ma_bear,Q5,2000-2004,1,84,10133,1,0.04410805632812159,0.024309396924188778,0.5218234260446858,0.5143501660675802,-0.9502872614460619,-0.7289924413055713,-1.3132885301781867,0.4781848492968238,0.5218151507031761
quintile_ma_bear,Q5,2000-2004,5,84,10135,1,0.16990827087637844,0.18380190918812134,0.5729877112790623,1.1782274622396263,-2.2275268858619635,-1.6013269551386924,-2.9088817482108382,0.44099293092801284,0.5590070690719873
quintile_ma_bear,Q5,2000-2004,10,84,10135,1,0.2591155098737349,0.28438790255179325,0.583070437597443,1.7300149315227762,-3.1135438619401192,-2.295323143891336,-4.029938971257453,0.43846106836714094,0.5615389316328591
quintile_ma_bear,Q5,2000-2004,20,84,10135,1,0.3922899360995226,0.666244843692722,0.6033370614694639,2.4915068151449806,-4.270476836645198,-3.2297847549006677,-5.478115411324151,0.4096052425224941,0.5903947574775058
quintile_ma_bear,Q5,2005-2009,1,133,28537,1,0.0005408447091671316,0.0061928385366166495,0.5005741110464191,0.5608879574645343,-1.1280315745472689,-0.8625773456692676,-1.5624015431186926,0.4972532353126536,0.5027467646873464
quintile_ma_bear,Q5,2005-2009,5,133,28537,1,0.005191738022578991,0.06688746282024316,0.5131028781407583,1.214075956352432,-2.5159331200810486,-1.8427353901595964,-3.443043979745446,0.4858304818680846,0.5141695181319156
quintile_ma_bear,Q5,2005-2009,10,133,28537,1,0.018835047554271296,0.15053782324734588,0.5306265913153895,1.67314044858317,-3.43090568727901,-2.447955822624328,-4.616960186252105,0.494962215314831,0.5050377846851691
quintile_ma_bear,Q5,2005-2009,20,133,28536,1,0.05822613113178925,0.27310480158024025,0.5413428690168162,2.3702128102520743,-4.970282401211728,-3.342629818622234,-6.621060875164871,0.4856049907326058,0.5143950092673942
quintile_ma_bear,Q5,2010-2014,1,124,17152,1,0.05305262235944292,0.047636764219981184,0.5287680701783816,0.5688968688852709,-1.0641737266579896,-0.8118121498187649,-1.499959264770668,0.4571617018796385,0.5428382981203614
quintile_ma_bear,Q5,2010-2014,5,124,17152,1,0.2172615772312918,0.28976012623819114,0.579362369869401,1.3123882886169653,-2.3402542420784664,-1.6483688515595358,-3.2696185999471337,0.40803937408854773,0.5919606259114523
quintile_ma_bear,Q5,2010-2014,10,124,17152,1,0.42758645363998804,0.6158310549746104,0.6167743368892594,1.8371972135919472,-3.1815943343675888,-2.189054601037946,-4.172640520835859,0.38575901206158536,0.6142409879384145
quintile_ma_bear,Q5,2010-2014,20,124,17152,1,0.81201468180341,1.0337230213722086,0.6399020326054314,2.671331710615911,-3.800242710825378,-2.7131866476982225,-4.798284876163058,0.3133430271094707,0.6866569728905293
quintile_ma_bear,Q5,2015-2019,1,180,35259,1,0.03240783571406291,0.049768257115627296,0.53408181548791,0.5323661611780524,-1.0948861149519151,-0.810260265101412,-1.5549105891347708,0.47780237658972435,0.5221976234102756
quintile_ma_bear,Q5,2015-2019,5,180,35259,1,0.15427920700857295,0.235999398600231,0.5681277474549014,1.2338530868774746,-2.5589990922276966,-1.8090903883663603,-3.487387826101479,0.44748032308886354,0.5525196769111367
quintile_ma_bear,Q5,2015-2019,10,180,35258,1,0.30714698347646907,0.4236683895444227,0.5923640918582141,1.7945087993862607,-3.5611191743872093,-2.4802784263857025,-4.630372964833599,0.4410539097541559,0.558946090245844
quintile_ma_bear,Q5,2015-2019,20,180,35258,1,0.6289957447482761,0.7721646088470298,0.6242898928602195,2.582509429002609,-4.553645309463233,-3.26543915605965,-5.5737363168945695,0.40879487170613515,0.5912051282938646
quintile_ma_bear,Q5,2020-2026,1,275,79511,1,0.021218172620985565,0.026238107698853902,0.515424290561246,0.5568905602731649,-1.1105868043007858,-0.8146116841568735,-1.7346693277508884,0.48416957034075625,0.5158304296592436
quintile_ma_bear,Q5,2020-2026,5,275,79339,1,0.09427893988802657,0.17631652464616504,0.5496785925597857,1.276365804447184,-2.573422602675589,-1.8357356170135484,-3.7559007726000986,0.46186921443067736,0.5381307855693227
quintile_ma_bear,Q5,2020-2026,10,275,79168,1,0.202980288651184,0.33779406085337144,0.5733763989997243,1.8102726857249893,-3.5727609118466956,-2.584105071883993,-5.01836961753607,0.43967037149535204,0.5603296285046477
quintile_ma_bear,Q5,2020-2026,20,275,78795,1,0.43968799222256827,0.6074798845401504,0.5961275310897428,2.574970511386225,-4.79449409933693,-3.3805998279590064,-6.161632215860652,0.40889572477859815,0.591104275221402
quintile_ma_bear,Q5,ALL,1,279,170596,1,0.018152042949584054,0.026338353286068147,0.5134191664101488,0.5496407189902889,-1.1231092047834708,-0.8208968500956433,-1.6983660020241196,0.48632119129807344,0.5136788087019266
quintile_ma_bear,Q5,ALL,5,279,170426,1,0.08193286787534575,0.16427307066390887,0.5435325841585099,1.2533549680246048,-2.6114295366352764,-1.8427637623842548,-3.828857510841619,0.46651471238006026,0.5334852876199397
quintile_ma_bear,Q5,ALL,10,279,170254,1,0.17174883451576975,0.33014790844881736,0.5652920341740099,1.7732744909513112,-3.716489688768043,-2.598259970092026,-5.267718141981514,0.45294354213784316,0.5470564578621565
quintile_ma_bear,Q5,ALL,20,279,169880,1,0.3595555552279054,0.5617663584638561,0.5847701968464961,2.5218045701126677,-5.11933961924899,-3.627137651209052,-6.885857213051716,0.43113182520480114,0.5688681747951989
quintile_ma_bull,Q1,2000-2004,1,84,10139,1,0.044168747657349856,0.024309396924188778,0.5219613186163551,0.5143526903148314,-0.9544342248752962,-0.7274265428321305,-1.3132885301781867,0.4781848492968238,0.5218151507031761
quintile_ma_bull,Q1,2000-2004,5,84,10141,1,0.16904721039021936,0.18380190918812134,0.5730875346730985,1.17683443556084,-2.2300292356217786,-1.6013269551386924,-2.9088817482108382,0.44099293092801284,0.5590070690719873
quintile_ma_bull,Q1,2000-2004,10,84,10141,1,0.2591861247820147,0.28438790255179325,0.5831277381010357,1.729141758110672,-3.1135438619401192,-2.295323143891336,-4.029938971257453,0.43846106836714094,0.5615389316328591
quintile_ma_bull,Q1,2000-2004,20,84,10141,1,0.3941558755713063,0.666244843692722,0.6034964398387856,2.490591697738831,-4.270476836645198,-3.2297847549006677,-5.478115411324151,0.4096052425224941,0.5903947574775058
quintile_ma_bull,Q1,2005-2009,1,133,28549,1,0.0007826484698046269,0.0061928385366166495,0.5006696637156095,0.5608167500904935,-1.1280315745472689,-0.8625773456692676,-1.5624015431186926,0.4972532353126536,0.5027467646873464
quintile_ma_bull,Q1,2005-2009,5,133,28549,1,0.005950189162865426,0.07459062202473044,0.513309077428083,1.214331017736506,-2.5180602225043094,-1.8427170466532876,-3.443043979745446,0.4854159705435455,0.5145840294564544
quintile_ma_bull,Q1,2005-2009,10,133,28549,1,0.01922032682459284,0.15053782324734588,0.5306594651893577,1.673699385469041,-3.431409521277468,-2.447580282293415,-4.616960186252105,0.4924400966892401,0.5075599033107598
quintile_ma_bull,Q1,2005-2009,20,133,28548,1,0.05902363790118962,0.27310480158024025,0.5414031893513617,2.3710314693104353,-4.953853411362066,-3.342629818622234,-6.621060875164871,0.4856049907326058,0.5143950092673942
quintile_ma_bull,Q1,2010-2014,1,124,17148,1,0.05317042894292239,0.044419653375182805,0.5286793529283275,0.568633693149399,-1.0634899884606708,-0.8118121498187649,-1.499959264770668,0.4571617018796385,0.5428382981203614
quintile_ma_bull,Q1,2010-2014,5,124,17148,1,0.21802091173463573,0.28956583768320165,0.5798400779188898,1.3123686254436178,-2.3402542420784664,-1.6483688515595358,-3.2696185999471337,0.40803937408854773,0.5919606259114523
quintile_ma_bull,Q1,2010-2014,10,124,17148,1,0.4295756367850373,0.6117762186328874,0.6174002937436186,1.8371009899774184,-3.1815943343675888,-2.189054601037946,-4.172640520835859,0.38575901206158536,0.6142409879384145
quintile_ma_bull,Q1,2010-2014,20,124,17148,1,0.8145081632157153,1.0494098958892941,0.6400581719118071,2.6721682213055513,-3.800242710825378,-2.7131866476982225,-4.798284876163058,0.3133430271094707,0.6866569728905293
quintile_ma_bull,Q1,2015-2019,1,180,35272,1,0.03276792578407887,0.049768257115627296,0.5343541095413015,0.5322716898032247,-1.0948861149519151,-0.810260265101412,-1.5549105891347708,0.47780237658972435,0.5221976234102756
quintile_ma_bull,Q1,2015-2019,5,180,35272,1,0.15442222690410143,0.2370747759433931,0.5680919297278311,1.2338114728350231,-2.557880466694037,-1.8090903883663603,-3.487387826101479,0.44748032308886354,0.5525196769111367
quintile_ma_bull,Q1,2015-2019,10,180,35271,1,0.30761893426738196,0.43035313191937485,0.592549200458943,1.7946668759976556,-3.566941972099431,-2.4836014701234315,-4.630372964833599,0.4406700201365981,0.5593299798634017
quintile_ma_bull,Q1,2015-2019,20,180,35271,1,0.6291662640016431,0.7721646088470298,0.6243792741041599,2.5823587010350253,-4.553645309463233,-3.252325983552222,-5.5737363168945695,0.4062567749533627,0.5937432250466373
quintile_ma_bull,Q1,2020-2026,1,275,79291,1,0.021428346040014156,0.0256681402198307,0.515205020288465,0.5570572659315891,-1.1105868043007858,-0.8146116841568735,-1.7346693277508884,0.48416957034075625,0.5158304296592436
quintile_ma_bull,Q1,2020-2026,5,275,79122,1,0.09660829548420281,0.17708792566586584,0.5498043131363318,1.277673237242763,-2.5729729889616193,-1.8355750944393436,-3.7559007726000986,0.4616683068601649,0.5383316931398351
quintile_ma_bull,Q1,2020-2026,10,275,78951,1,0.2092268132182553,0.33779406085337144,0.573917627704057,1.813782341831959,-3.5645011012600785,-2.584105071883993,-5.01836961753607,0.43967037149535204,0.5603296285046477
quintile_ma_bull,Q1,2020-2026,20,275,78585,1,0.45007644077748316,0.6090436580893142,0.5967644778883313,2.57972530340605,-4.748367522590383,-3.347049919769689,-6.131101783972997,0.40805380197596514,0.5919461980240349
quintile_ma_bull,Q1,ALL,1,279,170403,1,0.01852370101871173,0.026338353286068147,0.5134572092951085,0.5500293302097164,-1.1227113557297523,-0.8208968500956433,-1.6983613205942687,0.48632119129807344,0.5136788087019266
quintile_ma_bull,Q1,ALL,5,279,170236,1,0.08478781385715792,0.1657487933920955,0.5437218650639004,1.2550699191796746,-2.6069015772504605,-1.8427637623842548,-3.828857510841619,0.46439080441353053,0.5356091955864694
quintile_ma_bull,Q1,ALL,10,279,170064,1,0.17802525470799388,0.3260712200348486,0.5658660338792542,1.7769620285784256,-3.7202208564302968,-2.597393346700735,-5.267718141981514,0.45294354213784316,0.5470564578621565
quintile_ma_bull,Q1,ALL,20,279,169697,1,0.3686176458025753,0.5617663584638561,0.5853044727513171,2.5263815147206357,-5.084585701284247,-3.6076981183567933,-6.885857213051716,0.4314035696382008,0.568596430361799
quintile_ma_bull,Q2,2000-2004,1,90,11297,1,0.025822502327759952,0.013479330336665016,0.5100633440522898,0.5446463817934323,-1.1015215070432296,-0.8159554984883762,-1.4750254670301677,0.4836067661033898,0.5163932338966102
quintile_ma_bull,Q2,2000-2004,5,90,11296,1,0.14283666870308742,0.1935568680363526,0.5609873445586142,1.2534313375045665,-2.3769721268796173,-1.7367018924110331,-3.125723041234922,0.4538408316056063,0.5461591683943937
quintile_ma_bull,Q2,2000-2004,10,90,11297,1,0.27526007474489156,0.3956073906546614,0.5907578053410107,1.7725757124108172,-3.3077677501800515,-2.2874151769640276,-4.463406727755579,0.4236099022278204,0.5763900977721795
quintile_ma_bull,Q2,2000-2004,20,90,11297,1,0.4064892685882598,0.6779721497054794,0.5970314838719343,2.5247231340834517,-4.400914967589785,-3.252486457657837,-5.946861298472825,0.44055002817808786,0.5594499718219121
quintile_ma_bull,Q2,2005-2009,1,134,26345,1,0.004285830181814376,0.0,0.5071238514268632,0.541654140999257,-1.111407451255837,-0.8378902341321769,-1.5275038951179072,0.49737215734911855,0.5026278426508815
quintile_ma_bull,Q2,2005-2009,5,134,26345,1,-0.010935501684418456,0.025396197056479886,0.5167365589481491,1.1544471853818186,-2.3861929183846904,-1.7698552053353183,-3.2109696708964646,0.5028293837801301,0.49717061621986997
quintile_ma_bull,Q2,2005-2009,10,134,26345,1,-0.018563102003152768,0.05399983365613594,0.5130885139253425,1.653086657104152,-3.363547530223778,-2.5384151073756698,-4.2500198961713345,0.5103326080006738,0.4896673919993262
quintile_ma_bull,Q2,2005-2009,20,134,26345,1,0.007147369868956956,0.22158287019272174,0.5341601001005559,2.4063425776852907,-4.6444814229494344,-3.590157704622135,-6.159534632750079,0.48891471035456247,0.5110852896454376
quintile_ma_bull,Q2,2010-2014,1,126,22180,1,0.031046839973456766,0.028652114859017044,0.5235536059097001,0.5646786283866146,-1.1173198555452857,-0.8458467250868307,-1.6612649522448393,0.4712556071080778,0.5287443928919223
quintile_ma_bull,Q2,2010-2014,5,126,22180,1,0.13588169528950636,0.2286884940151262,0.5615187848483071,1.30742531171153,-2.572319887223725,-1.8649226066278006,-3.439097965838899,0.4369916421250484,0.5630083578749515
quintile_ma_bull,Q2,2010-2014,10,126,22180,1,0.21129027587626575,0.3992932426833603,0.5746410026889267,1.8294793473793465,-3.4524463126671034,-2.4950448579735593,-4.627419656932021,0.42346166702483756,0.5765383329751624
quintile_ma_bull,Q2,2010-2014,20,126,22180,1,0.40163423749858135,0.713134694086401,0.5899073528987602,2.5850882660079284,-4.459763985338949,-3.3243473927001386,-6.044091690523832,0.40542802349218515,0.5945719765078148
quintile_ma_bull,Q2,2015-2019,1,180,37088,1,0.021330926588777766,0.050445763369715554,0.5299786506521083,0.5606566467945521,-1.1680863891557638,-0.8474215373795791,-1.713349177230276,0.4869811844201124,0.5130188155798876
quintile_ma_bull,Q2,2015-2019,5,180,37088,1,0.10269097020045605,0.15871216917319586,0.549685183652139,1.2854751374066944,-2.6475972876371987,-1.8379157948503595,-3.6614605780071923,0.4679755167685687,0.5320244832314313
quintile_ma_bull,Q2,2015-2019,10,180,37089,1,0.2016202410421083,0.29665577798333775,0.5690113395244393,1.8638714893956723,-3.683557581826889,-2.634580110460716,-4.889138283707398,0.46303964206168,0.5369603579383199
quintile_ma_bull,Q2,2015-2019,20,180,37089,1,0.3436990892673489,0.3938280691082287,0.5779890632340784,2.6012216446900953,-4.932645382849617,-3.574305724804947,-6.2751029446475,0.4377049994851925,0.5622950005148075
quintile_ma_bull,Q2,2020-2026,1,270,73833,1,-0.0013853914396171122,0.022999517076941364,0.5078938557069513,0.5846524298445003,-1.219311955805241,-0.8720638815897608,-1.7973919520150905,0.4968560133319024,0.5031439866680976
quintile_ma_bull,Q2,2020-2026,5,269,73636,1,0.0034458627685540985,0.11813184174687934,0.5297534204607965,1.3469871114680059,-2.7689004101510157,-2.002065141921279,-4.01812917346811,0.49366233484734057,0.506337665152659
quintile_ma_bull,Q2,2020-2026,10,269,73415,1,-0.02149064194929475,0.1784831529398902,0.5329112022621776,1.9234390532466952,-3.924468597955675,-2.817715981352784,-5.631763997137369,0.4901543006219894,0.5098456993780106
quintile_ma_bull,Q2,2020-2026,20,269,72935,1,0.004334159642554945,0.3465886425223184,0.5425393314915952,2.7165025894400743,-5.305518828763611,-3.832171003070741,-7.398686790490099,0.4859619292829991,0.5140380707170011
quintile_ma_bull,Q2,ALL,1,272,170780,1,0.0006750944589710453,0.02693061283214653,0.5095558705624633,0.5719230551354912,-1.1902737226210212,-0.8622070075198064,-1.7587695478304692,0.4949220118838554,0.5050779881161446
quintile_ma_bull,Q2,ALL,5,271,170582,1,0.016067375796182806,0.12903777902460103,0.5309543758339338,1.3084822115012085,-2.7310163588054803,-1.9835465876134424,-3.9368094392196697,0.48559078193189886,0.5144092180681011
quintile_ma_bull,Q2,ALL,10,271,170363,1,0.017392329196650035,0.20515277291080009,0.5368838761745984,1.8664863349769347,-3.8800145552970386,-2.7595214699615824,-5.525733541981955,0.47833469600213097,0.5216653039978691
quintile_ma_bull,Q2,ALL,20,271,169883,1,0.053726751368231476,0.36268819862772966,0.5466240737873379,2.632657133875385,-5.3603410363220165,-3.853397424497007,-7.563753829790492,0.47257927372951153,0.5274207262704884
quintile_ma_bull,Q3,2000-2004,1,88,12521,1,0.0026353619080535665,0.010281119976665318,0.5005895555482689,0.5235142804190814,-1.0160635549134467,-0.7662909345085893,-1.3993968585441463,0.4887849954861882,0.5112150045138117
quintile_ma_bull,Q3,2000-2004,5,88,12520,1,0.0024706404935409543,0.11588469181476517,0.5171468291458597,1.2011775067485078,-2.343958047288915,-1.7645464427818882,-3.04325044102648,0.4764383423836241,0.5235616576163757
quintile_ma_bull,Q3,2000-2004,10,88,12520,1,0.012259671198580114,0.24202012493771644,0.5246101021013468,1.7181081836330478,-3.313900299412705,-2.4387127873973737,-4.486298851637654,0.47267257786138045,0.5273274221386195
quintile_ma_bull,Q3,2000-2004,20,88,12521,1,0.1117822235923053,0.44227366678302504,0.5546852068785132,2.4293213259555007,-4.782963649696258,-3.4627189824284397,-6.218487511012217,0.4521781803675886,0.5478218196324114
quintile_ma_bull,Q3,2005-2009,1,133,23978,1,-0.009101692103377319,0.0,0.49831989865724047,0.5369574407369553,-1.0996965721518686,-0.8096528872803216,-1.4972911379428038,0.4985353715689029,0.5014646284310971
quintile_ma_bull,Q3,2005-2009,5,133,23978,1,-0.0016245342976789388,0.09998598123243971,0.5201734978674906,1.1924071635531919,-2.412550569147212,-1.7732669840607325,-3.2943528315279806,0.4816321653739513,0.5183678346260486
quintile_ma_bull,Q3,2005-2009,10,133,23978,1,-0.02494236653128063,0.11008383185040314,0.50851514939893,1.674575618379872,-3.381428540786079,-2.551332078163123,-4.311061799795362,0.481957021945388,0.5180429780546121
quintile_ma_bull,Q3,2005-2009,20,133,23979,1,-0.020065916078177242,0.2642479006507982,0.5240520257317893,2.4232803196786024,-4.7605047120604596,-3.6398331223786666,-6.061083116246688,0.46082009152182574,0.5391799084781742
quintile_ma_bull,Q3,2010-2014,1,128,27746,1,0.018111605397337707,0.026506617712611365,0.5154979145327474,0.5406245522574594,-1.101617648805283,-0.821739491726808,-1.5630468807442621,0.4875647134239982,0.5124352865760018
quintile_ma_bull,Q3,2010-2014,5,128,27746,1,0.09443886219136763,0.1588949818157413,0.544920780390441,1.2149487278085525,-2.4896950125942516,-1.811564364474425,-3.425291729428887,0.4667486081350729,0.533251391864927
quintile_ma_bull,Q3,2010-2014,10,128,27746,1,0.15923742137623612,0.32554354504203364,0.557167166256811,1.7082007737840876,-3.304096600529097,-2.4591834706926776,-4.337028462743547,0.45176551301764334,0.5482344869823567
quintile_ma_bull,Q3,2010-2014,20,128,27746,1,0.36043438181883514,0.646456290774309,0.5867351776323683,2.443037315131021,-4.581523113209191,-3.4762665714459393,-5.783670205325858,0.4196033413460013,0.5803966586539987
quintile_ma_bull,Q3,2015-2019,1,184,37134,1,0.005210771264369488,0.04264897498169441,0.5215814132333843,0.5427482649849197,-1.1430472976749841,-0.8214939301230609,-1.730380504458009,0.49649370673452614,0.5035062932654738
quintile_ma_bull,Q3,2015-2019,5,184,37134,1,0.032157561763403064,0.11958408173088189,0.5368704055013935,1.2731208521715611,-2.613468339969363,-1.8888636370200111,-3.6040145531775676,0.48656815021635075,0.5134318497836493
quintile_ma_bull,Q3,2015-2019,10,184,37134,1,0.06981921297046434,0.18948091679151857,0.5336426868401327,1.7897675183613462,-3.6192983637798553,-2.561928959393463,-4.7783623340901045,0.47928198491270724,0.5207180150872929
quintile_ma_bull,Q3,2015-2019,20,184,37134,1,0.13043739347320893,0.27756135773958657,0.544737136875743,2.5326688833514797,-5.089367361406687,-3.571603596992408,-6.467588234901431,0.46958819776492833,0.5304118022350716
quintile_ma_bull,Q3,2020-2026,1,268,73339,1,0.004641326137020464,0.020572652822321794,0.510522883501114,0.5612803388347734,-1.156627556491007,-0.856509232674348,-1.697930508708815,0.49805829560266623,0.501941704397334
quintile_ma_bull,Q3,2020-2026,5,267,73076,1,0.01775177187361454,0.06727429668948554,0.5189240278047045,1.2869878545003142,-2.671876151468249,-1.930028709056971,-3.785567229092112,0.4895220114799987,0.5104779885200013
quintile_ma_bull,Q3,2020-2026,10,267,72728,1,0.039185156478559885,0.13789639037916537,0.5255880367308355,1.8338513635855322,-3.723184500281237,-2.7305035937476543,-5.257432688530725,0.485845100260567,0.514154899739433
quintile_ma_bull,Q3,2020-2026,20,267,72099,1,0.0028044510862077023,0.18460810337990566,0.5293196570395631,2.6689714355014456,-5.246759773056495,-3.8561771605909594,-7.410018983749972,0.49421856377257306,0.5057814362274268
quintile_ma_bull,Q3,ALL,1,271,174746,1,0.0059494212329309236,0.022849930385913552,0.5122872556803041,0.5490183914561417,-1.1429810596292036,-0.8353823435754371,-1.70255869591674,0.493512992756318,0.5064870072436821
quintile_ma_bull,Q3,ALL,5,271,174485,1,0.030066802334507207,0.12060659837004606,0.5240877010952656,1.2639880833952837,-2.624836726965152,-1.875672834604116,-3.817221282182825,0.48035350491195933,0.5196464950880406
quintile_ma_bull,Q3,ALL,10,271,174136,1,0.058902977715723316,0.19850692687374966,0.5307519723968109,1.8029740491328834,-3.668488516548471,-2.6644313291777486,-5.308186858101629,0.4725438580752431,0.5274561419247569
quintile_ma_bull,Q3,ALL,20,271,173507,1,0.09581398933645811,0.3087616479311868,0.5387340526501473,2.5870218002413607,-5.110822680463097,-3.788498893141379,-7.356521926362754,0.46874384979248573,0.5312561502075142
quintile_ma_bull,Q4,2000-2004,1,82,8918,1,0.00795234389673698,0.0,0.5005270577775947,0.5348726806165419,-1.048075373441712,-0.7975070711646539,-1.429077836197393,0.4915697799526978,0.5084302200473022
quintile_ma_bull,Q4,2000-2004,5,82,8918,1,0.02431146498972228,0.0964145963251849,0.5203995318370344,1.250245022909828,-2.3197455518309056,-1.7883506331335766,-3.136000156296773,0.46683830302159957,0.5331616969784008
quintile_ma_bull,Q4,2000-2004,10,82,8918,1,0.03456965965664553,0.15052734049986982,0.5258616542209132,1.7710423670331825,-3.191882456588126,-2.4620121195446463,-4.3516475103755905,0.47041698267506515,0.5295830173249347
quintile_ma_bull,Q4,2000-2004,20,82,8918,1,0.1063721877529875,0.3494606405547259,0.5372229627032354,2.4383289485348856,-4.411480770755567,-3.3134674171217053,-5.619602362522343,0.45532067056887526,0.5446793294311247
quintile_ma_bull,Q4,2005-2009,1,128,15996,1,0.016200116213691062,0.02063218720632533,0.5096818076155769,0.5322580305635025,-1.0828475994477607,-0.8213506808962291,-1.483334708595075,0.4859570251011095,0.5140429748988907
quintile_ma_bull,Q4,2005-2009,5,128,15996,1,0.045547772766498,0.07247521340663027,0.5216753912256507,1.2288339780677147,-2.3937768008998916,-1.863317604683428,-3.1675309074529965,0.4771463719447341,0.5228536280552658
quintile_ma_bull,Q4,2005-2009,10,128,15996,1,0.05969704063376387,0.1370704760877547,0.5236006078419815,1.7664033170350373,-3.333832816652069,-2.5662376157583537,-4.452096669729572,0.47633608473303635,0.5236639152669635
quintile_ma_bull,Q4,2005-2009,20,128,15996,1,0.023701403982852302,0.11755504521983143,0.5253079100402864,2.5224594949938854,-4.980865632101509,-3.6806550729455,-6.220564481327042,0.4867753770688043,0.5132246229311958
quintile_ma_bull,Q4,2010-2014,1,120,17174,1,0.02038746712228555,0.019600994621724096,0.5150744465945775,0.541840560351106,-1.132001269332148,-0.8271582149085186,-1.5783965042554748,0.4942406616164318,0.5057593383835681
quintile_ma_bull,Q4,2010-2014,5,120,17174,1,0.14876185847664128,0.1438747940335902,0.5586680515465919,1.2951712480087936,-2.56465026486622,-1.9061482973538588,-3.4224319261500433,0.48015757119947733,0.5198424288005227
quintile_ma_bull,Q4,2010-2014,10,120,17174,1,0.21285654744522564,0.2191235858777568,0.5574396928197699,1.8003201080129154,-3.383645561885822,-2.4610524749136156,-4.536740814333305,0.46664168806154127,0.5333583119384587
quintile_ma_bull,Q4,2010-2014,20,120,17174,1,0.21361856115019465,0.3081404599122042,0.5634271055017621,2.566535307246437,-4.83282239903151,-3.5884273836726424,-6.186646697887735,0.45914240704764353,0.5408575929523565
quintile_ma_bull,Q4,2015-2019,1,165,21651,1,0.01619990926102549,0.03871621785955531,0.5267604140588754,0.5735016195777181,-1.1835787624731584,-0.850955194692974,-1.8219666883400796,0.49054849324228517,0.5094515067577147
quintile_ma_bull,Q4,2015-2019,5,165,21651,1,0.033117169163072654,0.14940275151063673,0.5449430148739628,1.3191183711992107,-2.7305972847213207,-2.0023870213344117,-3.816686011989963,0.4929767181871061,0.5070232818128938
quintile_ma_bull,Q4,2015-2019,10,165,21651,1,0.03322550730898515,0.23174930701350008,0.5433618072487627,1.8658384379366266,-3.8165905414303136,-2.728003697711528,-4.94673402593722,0.47658873749661623,0.5234112625033838
quintile_ma_bull,Q4,2015-2019,20,165,21651,1,-0.024268695312968384,0.23138842169255258,0.5341784888134721,2.677189296600269,-5.166489069910426,-3.8086606546380617,-6.631375510087981,0.48025142321022307,0.5197485767897768
quintile_ma_bull,Q4,2020-2026,1,271,47316,1,-0.005330735975536876,0.0072227268959174605,0.5051002192127588,0.5626842896833222,-1.1642019274749882,-0.8600505493405198,-1.7175963911982521,0.4984906443673896,0.5015093556326105
quintile_ma_bull,Q4,2020-2026,5,271,47194,1,-0.03125502540147239,0.07818377464041618,0.5185320637095204,1.3326705426274805,-2.700877130263886,-1.9869253547651333,-3.674798211366617,0.4964171472475343,0.5035828527524658
quintile_ma_bull,Q4,2020-2026,10,271,46992,1,-0.13539305450806363,0.16240992254425532,0.5207383817732736,2.006738478182181,-3.779876810016487,-2.8388999315262815,-4.932822569205118,0.49251823072510464,0.5074817692748954
quintile_ma_bull,Q4,2020-2026,20,269,46568,1,-0.3809568352387145,0.18189635678392765,0.5249235389665193,3.0280331895727937,-5.191459694117027,-3.906351223443667,-6.57581580674398,0.5147597158312012,0.4852402841687988
quintile_ma_bull,Q4,ALL,1,275,111110,1,0.0033796586892960636,0.02016525468382223,0.5098590991215592,0.5558790204405455,-1.1632947408146017,-0.8515292831233435,-1.721698618016382,0.4961228899980623,0.5038771100019377
quintile_ma_bull,Q4,ALL,5,275,110988,1,-0.008860098582237299,0.08714520240956006,0.5248819059881751,1.3237698673314462,-2.6875302132338756,-1.9829471060071322,-3.7984681673034246,0.49305803098890616,0.5069419690110938
quintile_ma_bull,Q4,ALL,10,275,110786,1,-0.09382389419145826,0.1598069572565186,0.5250432617761575,1.968564206493037,-3.7738813125535895,-2.7719045108675378,-5.17406915736581,0.4908544942821588,0.5091455057178411
quintile_ma_bull,Q4,ALL,20,274,110362,1,-0.30078188644966375,0.21567156379851965,0.5300825634132357,2.961954769000057,-5.322632887542426,-3.910834806124207,-7.2005104498744466,0.4955312601377051,0.5044687398622948
quintile_ma_bull,Q5,2000-2004,1,94,18274,1,-0.004690986763786386,0.014155435067740835,0.4978699810993419,0.5201444876290585,-1.026235853122262,-0.7913034825830334,-1.446358391529581,0.49091813477455426,0.5090818652254459
quintile_ma_bull,Q5,2000-2004,5,94,18274,1,-0.07712233828739337,0.033669238492833056,0.4970397576303339,1.2378003394115364,-2.490292975925893,-1.8362189633684278,-3.3708132963741475,0.5013631054835388,0.49863689451646137
quintile_ma_bull,Q5,2000-2004,10,94,18273,1,-0.13195119710744785,0.1486202333321268,0.5010757032578632,1.760928948589234,-3.5318540626516643,-2.5353562077427987,-4.642508339945959,0.49088123178406173,0.5091187682159383
quintile_ma_bull,Q5,2000-2004,20,94,18272,1,-0.23980874998688775,0.0953975165060891,0.4892810388518359,2.5044540302841365,-4.624695210170937,-3.4040200469802446,-5.922456085607546,0.47996661389783446,0.5200333861021654
quintile_ma_bull,Q5,2005-2009,1,133,32792,1,-0.010482677951244052,0.0024378655553486213,0.49435090922748726,0.5035118465330591,-1.070678339494361,-0.7868983851675223,-1.4491412104681058,0.5011392267169367,0.4988607732830634
quintile_ma_bull,Q5,2005-2009,5,133,32792,1,-0.004954785183418172,0.05936598118052544,0.5049968054310676,1.1609741232684305,-2.433189916965899,-1.7549528703597013,-3.2214652466339064,0.4879858747063633,0.5120141252936368
quintile_ma_bull,Q5,2005-2009,10,133,32792,1,-0.006541809765640284,0.15166243661144033,0.512809665415178,1.646410727848182,-3.3441290518815503,-2.4563850847743693,-4.4380999283936555,0.47491224519614267,0.5250877548038574
quintile_ma_bull,Q5,2005-2009,20,133,32792,1,-0.08088490156670462,0.22051077765818058,0.5066695812650556,2.4131582609061852,-4.686446027117306,-3.4289326458064195,-6.233243694768187,0.4723621391560157,0.527637860843984
quintile_ma_bull,Q5,2010-2014,1,130,39421,1,-0.0060328076469075165,0.022796937211935958,0.5089829115555491,0.5119752597664199,-1.0498804475187193,-0.7833889479069072,-1.507646879455123,0.48556571386039216,0.5144342861396078
quintile_ma_bull,Q5,2010-2014,5,130,39421,1,-0.07417732302399449,0.0917561431444883,0.5040006017572864,1.2216272999189641,-2.521123169357538,-1.7947829361139491,-3.470970119189073,0.4919648539802215,0.5080351460197784
quintile_ma_bull,Q5,2010-2014,10,130,39421,1,-0.07152687184358193,0.23168232927638438,0.5163156770097672,1.741650603410972,-3.4461498571653655,-2.536900627847054,-4.804784876299985,0.473470098232627,0.526529901767373
quintile_ma_bull,Q5,2010-2014,20,130,39421,1,-0.0826055768450353,0.40661925424511436,0.5256613507586287,2.5536767210474736,-4.915387453686614,-3.7254120148011998,-6.456516067589706,0.4742544252729153,0.5257455747270847
quintile_ma_bull,Q5,2015-2019,1,183,49931,1,-0.004732206711706161,0.021037095456659053,0.5099287856142769,0.5029920760662846,-1.088474410962336,-0.7662882006466215,-1.6019995521107593,0.5003685125527614,0.49963148744723873
quintile_ma_bull,Q5,2015-2019,5,183,49931,1,-0.018700026550594624,0.07939766015931472,0.5184821024085433,1.1661577471668283,-2.5340460423301807,-1.8079104395807906,-3.679086081109499,0.5000500034628883,0.49994999653711175
quintile_ma_bull,Q5,2015-2019,10,183,49931,1,-0.014576633516522228,0.1986201842003012,0.5243052164212756,1.6912653013742247,-3.645825176711381,-2.617911738830688,-4.873318170855436,0.4982758939732978,0.5017241060267023
quintile_ma_bull,Q5,2015-2019,20,183,49931,1,0.030030706227810233,0.28916407505611536,0.5340714243822081,2.472108526592533,-5.2042398980141735,-3.644434385475955,-6.629783255167641,0.4752335678669644,0.5247664321330356
quintile_ma_bull,Q5,2020-2026,1,261,91489,1,-0.01470752055604591,0.013248098268813974,0.5009183950702537,0.5186675716308226,-1.102266458201274,-0.8023798925323059,-1.6256756292066175,0.5082702152278697,0.49172978477213036
quintile_ma_bull,Q5,2020-2026,5,261,91144,1,-0.0660949867762681,0.052513451805747506,0.5031936982615289,1.2435673120456607,-2.674483673890778,-1.9637809366487393,-3.8281939848842015,0.5170948975194792,0.4829051024805207
quintile_ma_bull,Q5,2020-2026,10,261,90726,1,-0.13184790602886892,0.08319677510691044,0.4993233290818255,1.821754700257704,-3.9514675403398747,-2.82662678647618,-5.449762241003249,0.5162035260685587,0.48379647393144126
quintile_ma_bull,Q5,2020-2026,20,261,89899,1,-0.40034784607804014,0.11104881753209334,0.49200461940750984,2.8267423601791295,-5.6255896516061785,-4.113069704484208,-7.689865902235477,0.5197180775692877,0.4802819224307124
quintile_ma_bull,Q5,ALL,1,263,231919,1,-0.009239170427442314,0.01605002819985786,0.5031249005693208,0.515873082828733,-1.0877448674986754,-0.7943249603978668,-1.6091852532992847,0.49761521845801004,0.50238478154199
quintile_ma_bull,Q5,ALL,5,263,231574,1,-0.047505956010803686,0.06716230859943247,0.5090657811003304,1.2324683344174232,-2.5929797379437285,-1.8778946770799998,-3.787767016768974,0.5032520003704252,0.49674799962957467
quintile_ma_bull,Q5,ALL,10,263,231155,1,-0.08045219034094758,0.13691993909212088,0.5085725627861029,1.7863753715944477,-3.7774265767496877,-2.7016805992578674,-5.331400669283518,0.500719243714843,0.4992807562851571
quintile_ma_bull,Q5,ALL,20,263,230327,1,-0.27272781173924066,0.21859123694788943,0.5041875248809039,2.7381153502987026,-5.302289609979193,-3.8837413745513425,-7.476120258530991,0.4945924189986882,0.5054075810013117
