test,state,block,horizon,stocks,bars,adequate,equal_stock_mean,median_stock_median,equal_stock_positive_fraction,equal_stock_mean_abs,median_stock_p5,median_stock_p10,median_stock_es5,median_stock_neg_share,median_stock_pos_share
bear_high_a0_sd,demand,2000-2004,1,34,376,1,0.010354958945591491,0.0007467222735389797,0.4879234151579016,0.42026143098630075,-0.6958077560772077,-0.5269866573441433,-0.8489480941270393,0.5047850438355879,0.49521495616441225
bear_high_a0_sd,demand,2000-2004,5,34,376,1,0.22624459419282925,0.08818705075120853,0.5495383624068507,0.9082268969416866,-0.835938908565226,-0.7094033005939928,-0.9970772358674029,0.3809612592724474,0.6190387407275525
bear_high_a0_sd,demand,2000-2004,10,34,376,1,0.18189123352699046,0.03648864996753022,0.5313007217452634,1.2326531087770438,-1.2813610771770532,-1.099703310481191,-1.463888647021482,0.4489120442799617,0.5510879557200383
bear_high_a0_sd,demand,2000-2004,20,34,376,1,0.0885707722343231,-0.6703607158725355,0.48270727324604024,2.149032232522611,-1.9672912984924247,-1.816241783207348,-2.0069215307426735,0.6225824871279801,0.37741751287201997
bear_high_a0_sd,demand,2005-2009,1,52,558,1,-0.0003342467902940312,-0.02740418873054506,0.49770721996177464,0.43762013254800763,-0.7114416072839744,-0.5784246991047512,-0.8167088277841112,0.5245951326296538,0.4754048673703461
bear_high_a0_sd,demand,2005-2009,5,52,558,1,-0.10306490224791548,-0.27192623946909583,0.4354139946498246,0.8260823941313861,-1.2328538543664642,-1.0870315295266013,-1.3920319444204214,0.6424899942265069,0.3575100057734931
bear_high_a0_sd,demand,2005-2009,10,52,558,1,-0.22955527688743282,-0.37976154886072405,0.4301299306106999,1.1337871923875908,-1.5668652245130672,-1.4358008453252085,-1.8967203339661753,0.6956299199019851,0.304370080098015
bear_high_a0_sd,demand,2005-2009,20,52,558,1,-0.5168475105851724,-0.6972732703756945,0.3769462384593964,1.699602897299884,-2.3552376091348948,-2.0032236570125495,-2.4490400131145567,0.7497497920231093,0.25025020797689074
bear_high_a0_sd,demand,2010-2014,1,43,422,1,-0.027593654147969982,-0.014207886000365601,0.463978156154597,0.4219446690178032,-0.711001212086943,-0.6045026762855161,-0.8240418659699398,0.5383023980545866,0.4616976019454135
bear_high_a0_sd,demand,2010-2014,5,43,422,1,-0.06770327499568696,-0.05165481595762289,0.4630410988853861,1.0662823224265054,-1.2728238509621215,-1.1069047871702657,-1.5228913496050043,0.47971061490000927,0.5202893850999907
bear_high_a0_sd,demand,2010-2014,10,43,422,1,-0.08949834655421901,0.05928838146122545,0.48754194210463164,1.431705549318148,-1.369548700831091,-1.1172616929903016,-1.7047474524671333,0.49692971277364095,0.5030702872263592
bear_high_a0_sd,demand,2010-2014,20,43,422,1,0.09740497376346063,-0.49740656414419376,0.4417076533734774,2.6297334920631505,-2.330835307081802,-1.8939841816222518,-2.3530371964933163,0.5529479003826017,0.4470520996173981
bear_high_a0_sd,demand,2015-2019,1,87,1004,1,-0.05092872308290973,-0.04768703368588869,0.4537255878463951,0.4361851968763192,-0.7033373624688752,-0.602045141321651,-0.8328236363956266,0.5747050912988055,0.42529490870119446
bear_high_a0_sd,demand,2015-2019,5,87,1004,1,-0.23393563777587725,-0.19173480070811275,0.4052725781139147,1.0098786184446173,-1.4765676124594265,-1.2052904635000572,-1.6769888082372877,0.6194736098706406,0.38052639012935935
bear_high_a0_sd,demand,2015-2019,10,87,1004,1,-0.4159705439231033,-0.416608415917725,0.3800957411905614,1.4400974611171282,-1.8041707063053285,-1.5306777377089715,-2.0507922193484376,0.7363034559309143,0.2636965440690858
bear_high_a0_sd,demand,2015-2019,20,87,1004,1,-0.6487520502300754,-0.6608839594913251,0.3513269532013837,2.1547671886823756,-2.6178186003856334,-2.376217578247222,-2.8467812670600248,0.7411126001568263,0.2588873998431736
bear_high_a0_sd,demand,2020-2026,1,149,1809,1,-0.03570540032244585,-0.0217726246739552,0.4899272648814889,0.49399824544292004,-0.832946475294613,-0.6593311787286664,-0.9934809335636615,0.5441205957229787,0.4558794042770215
bear_high_a0_sd,demand,2020-2026,5,149,1804,1,-0.11448176887534112,-0.09652275229302312,0.45579948883756427,1.2517351409531343,-1.782327395507622,-1.5918347888338675,-2.066424729532848,0.5977707440834291,0.40222925591657077
bear_high_a0_sd,demand,2020-2026,10,148,1793,1,-0.21932423905273293,-0.2102911679653724,0.44485133786068526,1.733579469746919,-2.26472706833411,-2.104359916960743,-2.743821427003663,0.6141424808884353,0.38585751911156446
bear_high_a0_sd,demand,2020-2026,20,148,1786,1,-0.43119825299662073,-0.48951917922016414,0.4381373072154716,2.53921435051522,-3.0769325864738173,-2.7251116530361457,-3.4740240810175695,0.6287377646826817,0.3712622353173183
bear_high_a0_sd,demand,ALL,1,198,4558,1,-0.026392345749698953,-0.02312564110866712,0.48015487431369663,0.4702568088882648,-0.8434251097134549,-0.6902531262625266,-1.0315041194189138,0.5287541107783045,0.4712458892216955
bear_high_a0_sd,demand,ALL,5,198,4553,1,-0.10120315964953633,-0.1401078080914625,0.4599750444672913,1.1435230745679859,-1.873279659900299,-1.5692606539744092,-2.203660099601569,0.539831901396602,0.460168098603398
bear_high_a0_sd,demand,ALL,10,198,4546,1,-0.2057092272932874,-0.34221107722572197,0.4477831470527597,1.5676120948166563,-2.2913108053764812,-1.969720511992459,-2.7882626144466247,0.5955645068092517,0.40443549319074834
bear_high_a0_sd,demand,ALL,20,198,4536,1,-0.4027217336353597,-0.4804446033110075,0.4215249833545313,2.362660976709818,-3.405680279369715,-2.9465469149812376,-3.829694831790454,0.6292657397726953,0.3707342602273046
bear_high_a0_sd,supply,2000-2004,1,61,1426,1,-0.08977511227400582,-0.09977441224812106,0.44576852300757497,0.6508711112396238,-1.2702413035702784,-1.0053762767097314,-1.5638374794110068,0.5735247022079336,0.42647529779206644
bear_high_a0_sd,supply,2000-2004,5,61,1427,1,-0.373866492857541,-0.5355892197856607,0.36799927809946664,1.5386124817530729,-2.783821989314656,-2.298624472989457,-3.324030789913386,0.6459100628195302,0.3540899371804699
bear_high_a0_sd,supply,2000-2004,10,61,1427,1,-0.6941104359985445,-0.8294902168126396,0.3231674934433711,2.054356379145988,-3.441450473339153,-3.120105200077516,-3.8239857868472518,0.7184311503878059,0.28156884961219414
bear_high_a0_sd,supply,2000-2004,20,61,1427,1,-1.1887003755473131,-1.1185837931295841,0.3119048925230021,2.4468875611544942,-4.657405572895514,-4.037765251753523,-5.160844937678883,0.8032194558518508,0.19678054414814913
bear_high_a0_sd,supply,2005-2009,1,122,5244,1,-0.03371384365136008,-0.021899416458045145,0.48230798474935177,0.6488194978475738,-1.2710243558183327,-0.9830918070419259,-1.7203675214958172,0.5139639163388131,0.4860360836611869
bear_high_a0_sd,supply,2005-2009,5,122,5244,1,-0.13321869867473463,-0.179645166159997,0.4489430304818484,1.3590774224102191,-2.5454739595162947,-2.1210828022585666,-2.963127245386015,0.5452524341611218,0.454747565838878
bear_high_a0_sd,supply,2005-2009,10,122,5244,1,-0.14814882155535847,-0.3030523003522876,0.4400892816599958,1.8318300868767217,-3.2346960812843304,-2.73649180871113,-3.756278545667846,0.5505816317147174,0.4494183682852827
bear_high_a0_sd,supply,2005-2009,20,122,5244,1,-0.03132729096306057,-0.2516167842700995,0.46084548609515064,2.462259313155195,-4.080654623544801,-3.3392769535666225,-4.651114928451628,0.5396894176414824,0.4603105823585175
bear_high_a0_sd,supply,2010-2014,1,103,2880,1,-0.06167392976029214,-0.06842299952166186,0.4429686901040754,0.6694003772445886,-1.211821354909761,-0.9677061795607471,-1.4744598832611222,0.5350789914914262,0.4649210085085738
bear_high_a0_sd,supply,2010-2014,5,103,2880,1,-0.30584800285055713,-0.39689736711047235,0.39188711350858363,1.5045586639658426,-2.643759238480375,-2.1766218548555343,-2.9264639022732033,0.5855559439642622,0.41444405603573775
bear_high_a0_sd,supply,2010-2014,10,103,2880,1,-0.6005560593921782,-0.658373241263536,0.3545730603053975,1.786880845827309,-3.2038674178545934,-2.750988073666172,-3.5994471160657247,0.6980881795396792,0.3019118204603208
bear_high_a0_sd,supply,2010-2014,20,103,2880,1,-0.8525209724500376,-0.8293184577476526,0.3623468936939441,2.4408637289214448,-4.277376827532532,-3.5210101907629854,-4.769128790775784,0.7596650499800607,0.24033495001993946
bear_high_a0_sd,supply,2015-2019,1,161,6382,1,-0.057049792466770784,-0.05697287673544384,0.45052733392102334,0.5675402421935692,-1.0929433515200357,-0.8539134063413362,-1.4408763957637511,0.5417558528730437,0.458244147126956
bear_high_a0_sd,supply,2015-2019,5,161,6382,1,-0.23548211097305266,-0.3102141013825139,0.40659826564558504,1.2429231492158417,-2.3078691809078635,-1.864221979624819,-2.7010995860737195,0.6011027248299197,0.39889727517008033
bear_high_a0_sd,supply,2015-2019,10,161,6382,1,-0.3718326399755502,-0.44563048495665053,0.40118430895664925,1.8257682929154215,-3.3339149387392704,-2.912655002880174,-3.8493640405617193,0.6365352392720606,0.3634647607279394
bear_high_a0_sd,supply,2015-2019,20,161,6382,1,-0.7561037291561307,-1.031704868102039,0.364192777343866,2.7319093379046544,-4.696236145134085,-4.134436683392847,-5.195744218579726,0.6940842600784664,0.30591573992153365
bear_high_a0_sd,supply,2020-2026,1,256,13279,1,-0.01941905506996622,-0.05163685560303148,0.4727964505735499,0.6421444260521405,-1.1683054061750537,-0.9295049309250019,-1.5293833331926974,0.513078687839766,0.48692131216023404
bear_high_a0_sd,supply,2020-2026,5,255,13264,1,-0.06099440335303867,-0.22225261845987918,0.4332376037019029,1.4121121543594548,-2.4094591859363383,-1.9804314305974509,-2.9494568181600935,0.5276870947516907,0.4723129052483095
bear_high_a0_sd,supply,2020-2026,10,254,13241,1,-0.12981641856244058,-0.4708861701532431,0.40406150394220564,1.9304759804978855,-3.086890876623289,-2.5536675634576866,-3.686677320233228,0.5565165694084727,0.4434834305915274
bear_high_a0_sd,supply,2020-2026,20,254,13179,1,-0.43860665756951,-0.9091398195389295,0.3777853229703986,2.6838969443261824,-4.3885072618606,-3.7936168248867235,-4.961273533338141,0.61286547244716,0.38713452755283995
bear_high_a0_sd,supply,ALL,1,265,29287,1,-0.028119403980431706,-0.045621039518647544,0.47340056483765636,0.6180394797097736,-1.2259268194299,-0.9442492428185597,-1.6468163154785442,0.5143624057074344,0.4856375942925654
bear_high_a0_sd,supply,ALL,5,264,29274,1,-0.11230226155246527,-0.22355181398687518,0.4369272525455955,1.367364244768306,-2.590864642057536,-2.0677801590215754,-3.18401075764732,0.5304163341921218,0.46958366580787825
bear_high_a0_sd,supply,ALL,10,263,29251,1,-0.20122352423972803,-0.4333290069282542,0.4141563951190245,1.884676459159399,-3.369504053060678,-2.766679465026247,-4.120188338300747,0.5613453716746991,0.43865462832530094
bear_high_a0_sd,supply,ALL,20,263,29189,1,-0.4435477748029463,-0.7744020270183234,0.3892833018784815,2.6416363418693836,-4.791410552082669,-4.041212814239781,-5.528960719555389,0.6004390765049681,0.3995609234950318
bear_high_exhaustion_balance,demand,2000-2004,1,39,439,1,0.011468972094674155,0.004043822645906053,0.4845639743633055,0.43228160413096883,-0.676559112294401,-0.5356901432108103,-0.8417412958300053,0.48296582235973456,0.5170341776402655
bear_high_exhaustion_balance,demand,2000-2004,5,39,439,1,0.15760353346369735,0.06787629252761432,0.5303744069630357,0.8879623425300158,-0.8684499381783968,-0.7011296195553297,-1.0527622051957513,0.4072596830772916,0.5927403169227083
bear_high_exhaustion_balance,demand,2000-2004,10,39,439,1,-0.008297555591593021,-0.1731122754674436,0.46953872029122873,1.2456159229593449,-1.4346755687804422,-1.3253257122832427,-1.60422124986562,0.5608473602358337,0.4391526397641663
bear_high_exhaustion_balance,demand,2000-2004,20,39,439,1,-0.35482653125894653,-0.897385120016464,0.4156531822362369,2.1587439392196495,-2.6028555438765246,-2.2518918697148655,-3.064198314417722,0.6941890231880571,0.3058109768119429
bear_high_exhaustion_balance,demand,2005-2009,1,54,609,1,-0.007594332887562728,-0.03721413354555442,0.49155479990288664,0.4608581395499524,-0.7083168017562387,-0.6073427184419795,-0.8313278586553576,0.5273120918892288,0.47268790811077127
bear_high_exhaustion_balance,demand,2005-2009,5,54,609,1,-0.07212221610568217,-0.23683268663732845,0.43201403197392374,0.8724541820990396,-1.2892130769708108,-1.1008375029571449,-1.499492679376301,0.6701144563790257,0.3298855436209743
bear_high_exhaustion_balance,demand,2005-2009,10,54,609,1,-0.19557212853456785,-0.34126088639193447,0.42479704016215175,1.2038558075502408,-1.6413265855298442,-1.519145814593922,-1.9163576276259329,0.6785321833737514,0.3214678166262486
bear_high_exhaustion_balance,demand,2005-2009,20,54,609,1,-0.41148800165330723,-0.6496980218780134,0.3737122775174505,1.787162362757591,-2.277103388376588,-1.9517118918003176,-2.4364346420421805,0.7087163254116947,0.2912836745883053
bear_high_exhaustion_balance,demand,2010-2014,1,46,470,1,-0.026496415665462902,-0.007358733641063279,0.4618891928094041,0.4294091071313226,-0.7035993972102998,-0.6049949400148156,-0.8591617290908093,0.5297500979264764,0.4702499020735235
bear_high_exhaustion_balance,demand,2010-2014,5,46,470,1,-0.08500463547566123,0.014575666237665494,0.463937629987906,1.0626156886077278,-1.3248489940509547,-1.201720347471328,-1.577560465455976,0.4735935109877075,0.5264064890122924
bear_high_exhaustion_balance,demand,2010-2014,10,46,470,1,-0.18565738235019372,-0.010309254093052993,0.469019856662036,1.4798410198632153,-1.6518795203271355,-1.2006146394233568,-1.888356202758176,0.4967234610603182,0.5032765389396817
bear_high_exhaustion_balance,demand,2010-2014,20,46,470,1,-0.03616852419955419,-0.5762378714569831,0.43067298251794817,2.7283497695596615,-2.31646519514274,-2.002281845039027,-2.4741037099584027,0.5845859330483447,0.4154140669516553
bear_high_exhaustion_balance,demand,2015-2019,1,90,1124,1,-0.05335428182426687,-0.050862609210042584,0.44996096047596734,0.44715172430235994,-0.7493682798342575,-0.6133306012529176,-0.846534591721022,0.553065327411201,0.44693467258879904
bear_high_exhaustion_balance,demand,2015-2019,5,90,1124,1,-0.23824471341404654,-0.2828281949409792,0.4074724437276467,1.005774537817677,-1.4766045833461257,-1.211779407759558,-1.6995715696891966,0.6012881233987638,0.3987118766012362
bear_high_exhaustion_balance,demand,2015-2019,10,90,1124,1,-0.39893598268070196,-0.44390941333836886,0.3822307119694891,1.4531911434201907,-1.8125194710322177,-1.5474461742119496,-2.0612310464729737,0.6958290577387847,0.30417094226121544
bear_high_exhaustion_balance,demand,2015-2019,20,90,1124,1,-0.6330320818533943,-0.780817811354628,0.3604123694121114,2.169737759373114,-2.6829284454810596,-2.4714537769340454,-2.864063371542281,0.6947007127711375,0.30529928722886246
bear_high_exhaustion_balance,demand,2020-2026,1,160,2006,1,-0.04103279369339491,-0.021374097890902354,0.48090967506644927,0.49021935226151203,-0.8228087217507725,-0.6627563108755268,-0.9638329770135243,0.541488312243354,0.45851168775664597
bear_high_exhaustion_balance,demand,2020-2026,5,160,2001,1,-0.15552187406967014,-0.15263654395573997,0.44889333111245777,1.2396263663353513,-1.9264888633840098,-1.6291279641675123,-2.18174807905075,0.6280734155483263,0.3719265844516737
bear_high_exhaustion_balance,demand,2020-2026,10,158,1985,1,-0.2560336262853043,-0.33832685701415066,0.4375552012501451,1.715765069963675,-2.4222140648677497,-2.1934946449485184,-2.7578690931777574,0.6374484132830838,0.36255158671691623
bear_high_exhaustion_balance,demand,2020-2026,20,158,1976,1,-0.4865650712487542,-0.4595322276434484,0.4276908567901769,2.50614208362491,-3.150602473699223,-2.9203307948324246,-3.5679284277480248,0.6287377646826817,0.3712622353173183
bear_high_exhaustion_balance,demand,ALL,1,205,5019,1,-0.028891330475271097,-0.026357691896380278,0.47849370419802845,0.47388086204869556,-0.8448109254749664,-0.7019184493931435,-1.05354105964486,0.5278708864691525,0.4721291135308476
bear_high_exhaustion_balance,demand,ALL,5,205,5014,1,-0.11606590132337034,-0.13936438736120205,0.4544360709779597,1.149346986905062,-1.8958608672222332,-1.544977643223681,-2.2215449446908737,0.5466894788133728,0.4533105211866271
bear_high_exhaustion_balance,demand,ALL,10,204,5002,1,-0.23150613800958061,-0.42193219216300437,0.43803613045089734,1.5751524551202465,-2.500099614115287,-2.0700744674017564,-2.9043921330490656,0.6161397351529558,0.38386026484704405
bear_high_exhaustion_balance,demand,ALL,20,204,4990,1,-0.4561993197874897,-0.5199674559380723,0.41240423527168946,2.3596252317677755,-3.5044428841619766,-3.027228758157415,-4.0113461877130465,0.6196774348555909,0.38032256514440926
bear_high_exhaustion_balance,supply,2000-2004,1,62,1394,1,-0.10996841722410584,-0.10077032141021808,0.43738649321847184,0.645808406791525,-1.284345637127839,-1.0246378719477578,-1.550819311514469,0.5796825097320084,0.4203174902679916
bear_high_exhaustion_balance,supply,2000-2004,5,62,1395,1,-0.3860425711883812,-0.5277631450010687,0.35928366729816713,1.507678478376065,-2.7340006564282295,-2.2827145845266146,-3.257210957833131,0.6680075676720711,0.33199243232792863
bear_high_exhaustion_balance,supply,2000-2004,10,62,1395,1,-0.7037151279603674,-0.6438677030802771,0.31873369363409776,2.0512339964074693,-3.4405152347836463,-3.0992872382179595,-3.766449709283524,0.7145388228430403,0.28546117715695984
bear_high_exhaustion_balance,supply,2000-2004,20,62,1395,1,-1.2018308820185069,-1.2097849092289632,0.3062424391238335,2.4413735068275697,-4.560787181613833,-4.029377618614326,-5.05252584838399,0.803225479744565,0.19677452025543488
bear_high_exhaustion_balance,supply,2005-2009,1,120,4612,1,-0.042212401363648094,-0.012039815104014204,0.4783436695264314,0.6563077377017019,-1.2794786510990792,-0.9654089340935235,-1.651051143329016,0.5246044035135706,0.4753955964864293
bear_high_exhaustion_balance,supply,2005-2009,5,120,4612,1,-0.1303654628773071,-0.20371286759894267,0.4519329642220827,1.3618938742048765,-2.513060982712378,-2.099997769074978,-2.99333339865044,0.5492128246164938,0.45078717538350616
bear_high_exhaustion_balance,supply,2005-2009,10,120,4612,1,-0.11721026733842184,-0.2549608405675131,0.4457650688855313,1.8849378312333664,-3.2556768952345863,-2.6469372730220297,-3.8011681772097603,0.544742310510888,0.45525768948911194
bear_high_exhaustion_balance,supply,2005-2009,20,120,4612,1,-0.045781174000062166,-0.3335150403734546,0.45755839736283416,2.526914863473891,-4.248821368233035,-3.4620399076170876,-4.7164289909110995,0.5467375271321884,0.4532624728678115
bear_high_exhaustion_balance,supply,2010-2014,1,104,2705,1,-0.052881215630289795,-0.07152975203182935,0.44665915805746964,0.667963757662319,-1.2521317489501333,-0.9847629669349809,-1.4819888266635146,0.5339453258925538,0.4660546741074461
bear_high_exhaustion_balance,supply,2010-2014,5,104,2705,1,-0.28704520676161793,-0.3256762702807792,0.3994670512898057,1.5146490744292278,-2.690734796244282,-2.155359692868778,-2.844009251433413,0.5915616096119217,0.40843839038807817
bear_high_exhaustion_balance,supply,2010-2014,10,104,2705,1,-0.5937915691828419,-0.687091476500862,0.3541113438001251,1.8040244969632295,-3.1543802518471793,-2.7659973268556324,-3.572284899009472,0.7146969236395497,0.2853030763604502
bear_high_exhaustion_balance,supply,2010-2014,20,104,2705,1,-0.8180274403037624,-0.7128735374303505,0.36672458133225727,2.4322146067742993,-4.197970053969186,-3.686404121372327,-4.770919878368499,0.7255703571600944,0.2744296428399055
bear_high_exhaustion_balance,supply,2015-2019,1,158,5647,1,-0.059955633983929765,-0.061957857086950695,0.4512370513780097,0.5663825522822301,-1.1090801252940827,-0.8543147824681621,-1.4415322417951257,0.5362472073407535,0.46375279265924646
bear_high_exhaustion_balance,supply,2015-2019,5,158,5647,1,-0.23533113506223535,-0.3156529343800274,0.4060830985355473,1.2362788351062888,-2.2558831568280615,-1.8187815995411094,-2.7305244531990316,0.6043715300166655,0.39562846998333445
bear_high_exhaustion_balance,supply,2015-2019,10,158,5647,1,-0.3628444577200533,-0.4669338945152369,0.4042451474747123,1.8094134613176298,-3.346203077674553,-2.7753565630186747,-3.8668876558090077,0.6291782777824622,0.37082172221753784
bear_high_exhaustion_balance,supply,2015-2019,20,158,5647,1,-0.7265045435381408,-1.0306652118628388,0.36857214112384384,2.7338174978069647,-4.661055102583399,-4.201465849960634,-5.278137111281534,0.6860830711449075,0.31391692885509265
bear_high_exhaustion_balance,supply,2020-2026,1,255,11933,1,-0.020167329579386946,-0.05236910217759528,0.47106224350052367,0.6540946223737866,-1.1959930053597663,-0.9267353501609945,-1.5534504034617254,0.5054828078450032,0.49451719215499657
bear_high_exhaustion_balance,supply,2020-2026,5,254,11919,1,-0.027494098881103827,-0.1749012063668417,0.4372361481572435,1.4334656410389357,-2.3941766583862014,-1.988761034360472,-2.915413400619842,0.5230784081490591,0.4769215918509411
bear_high_exhaustion_balance,supply,2020-2026,10,254,11906,1,-0.08474880106500302,-0.4352208186435152,0.40708348457944465,1.9542178185153105,-3.0633297621593654,-2.5421230814079023,-3.677448119447848,0.5426370436288934,0.4573629563711067
bear_high_exhaustion_balance,supply,2020-2026,20,254,11847,1,-0.369742452783887,-0.8626169678446038,0.3858075341482439,2.704833289473272,-4.383338298813344,-3.6794065208717956,-4.942220901371476,0.6116112669539799,0.38838873304602006
bear_high_exhaustion_balance,supply,ALL,1,264,26377,1,-0.031015943807162626,-0.05472298218470607,0.47069805032341827,0.6265136248687906,-1.2760736792139844,-0.9621085174028294,-1.6678701934398217,0.5192359478271227,0.4807640521728773
bear_high_exhaustion_balance,supply,ALL,5,263,26365,1,-0.09833263850991003,-0.2106972084341708,0.43806228401665426,1.3829423581210505,-2.575183792429101,-2.0827051331109097,-3.148795252293631,0.5279407649060575,0.47205923509394254
bear_high_exhaustion_balance,supply,ALL,10,263,26352,1,-0.18021990972238353,-0.4043926195242121,0.41579230707820336,1.9049761155219906,-3.3818980266383853,-2.7697281909684466,-4.083713024015194,0.5529462881910724,0.4470537118089276
bear_high_exhaustion_balance,supply,ALL,20,263,26293,1,-0.4104322616826044,-0.8150194561289604,0.39266286277445706,2.6595611809837347,-4.798401486242136,-4.012951258743656,-5.528101255073585,0.5968908984228651,0.4031091015771347
bear_high_holding_balance,demand,2000-2004,1,23,229,0,0.024795186083290358,-0.00999624673054407,0.48950696930236576,0.4261663735038036,-0.7196950766087198,-0.5171913129327689,-0.8616628905224307,0.4990864177731517,0.5009135822268483
bear_high_holding_balance,demand,2000-2004,5,23,229,0,0.28623220798734805,0.10714828980547708,0.5598896840584819,0.8221801058981026,-0.7540791325138285,-0.6199692687409538,-0.8103803030569049,0.3727978617636543,0.6272021382363456
bear_high_holding_balance,demand,2000-2004,10,23,229,0,0.3197291587684923,-0.047548144257969195,0.547334010121734,1.2037573684730531,-0.9462420183907703,-0.9097262447380408,-1.2844494884348865,0.44069581779219635,0.5593041822078039
bear_high_holding_balance,demand,2000-2004,20,23,229,0,-0.001156078598816115,-0.513391820140684,0.45181096964984435,2.4196154112566925,-2.7766558050636148,-2.2768478278188873,-2.9286283289393564,0.6391570107778977,0.36084298922210245
bear_high_holding_balance,demand,2005-2009,1,41,373,1,0.036436622095332466,0.03731078164932709,0.5288342416391196,0.4180696773651589,-0.591241311031571,-0.43557497092780895,-0.6493860453014615,0.46631478482468813,0.5336852151753118
bear_high_holding_balance,demand,2005-2009,5,41,373,1,-0.055538152412854334,-0.10007724690527527,0.45428182928182925,0.8386129394011402,-1.1580392431505548,-0.945321305275824,-1.335665803909829,0.6171005824430366,0.3828994175569634
bear_high_holding_balance,demand,2005-2009,10,41,373,1,-0.13757287567185497,-0.3088370463262827,0.44038755959487663,1.1529432866432103,-1.458493126357353,-1.3632822432478338,-1.8081051718353998,0.7018610248606567,0.29813897513934323
bear_high_holding_balance,demand,2005-2009,20,41,373,1,-0.29529320288945415,-0.37542938077696353,0.4353368176538909,1.7034448148383516,-2.0028694172006825,-1.7421211698172328,-2.198921964441582,0.6283270782730811,0.371672921726919
bear_high_holding_balance,demand,2010-2014,1,31,265,1,0.03942108810964225,0.06295247288510128,0.5270227953577099,0.41860796858161436,-0.633845232817289,-0.5536110650084797,-0.7340778235001036,0.43983018500398574,0.5601698149960143
bear_high_holding_balance,demand,2010-2014,5,31,265,1,0.09135831731651578,0.055304105065744735,0.5128022673089087,1.1432036322119048,-1.2440580637125889,-1.1069047871702657,-1.3753200093985436,0.4147716895809802,0.5852283104190198
bear_high_holding_balance,demand,2010-2014,10,31,265,1,-0.02613269298073499,-0.015794294712923363,0.5173554070850085,1.679990899111046,-1.407272454352999,-1.2731613584824297,-1.5816008539981457,0.5278804422887803,0.4721195577112198
bear_high_holding_balance,demand,2010-2014,20,31,265,1,0.4236068946513515,-0.21316686876783097,0.4782351372009816,2.9255383515263738,-1.9651565993630848,-1.7091835483225097,-2.3036996644677297,0.49289776632064763,0.5071022336793524
bear_high_holding_balance,demand,2015-2019,1,68,641,1,-0.021322067390673504,-0.021483785862521892,0.4668731032343079,0.44737921082645493,-0.6570561558417031,-0.5475847635589082,-0.7608254082025343,0.5297411282317661,0.470258871768234
bear_high_holding_balance,demand,2015-2019,5,68,641,1,-0.1889562934654632,-0.25444378251789007,0.4343567105535554,1.0365034070197445,-1.3324613173099062,-1.1540963020303798,-1.5479045005337153,0.639709833055192,0.3602901669448081
bear_high_holding_balance,demand,2015-2019,10,68,641,1,-0.48146684184252375,-0.5805795530286284,0.3615070035263306,1.4042423619747648,-1.7473707086923782,-1.526274318326152,-2.046498187524885,0.797320107511511,0.20267989248848903
bear_high_holding_balance,demand,2015-2019,20,68,641,1,-0.7719429030311327,-0.6195229071377859,0.33164425557546123,2.204464678357054,-2.5235795487532044,-2.367096054586262,-2.807513467853338,0.7621383926828698,0.2378616073171302
bear_high_holding_balance,demand,2020-2026,1,122,1275,1,-0.04740511339832436,-0.022820920779120412,0.48243418351374495,0.4799688405736973,-0.7648845112790973,-0.6159643614794248,-0.8929550702811707,0.5638504738504646,0.4361495261495355
bear_high_holding_balance,demand,2020-2026,5,122,1273,1,-0.15496659364218296,-0.13397191415977672,0.45307165796512916,1.1951802344310036,-1.6216226529912463,-1.447609700794219,-1.8879266296071133,0.6287482355714871,0.3712517644285128
bear_high_holding_balance,demand,2020-2026,10,120,1263,1,-0.22104248712706837,-0.2070253176827037,0.4373891463977175,1.6928493541943666,-2.0311125946629227,-1.8041774089816958,-2.467620333175263,0.5817005966784514,0.4182994033215486
bear_high_holding_balance,demand,2020-2026,20,119,1257,1,-0.454253806488946,-0.38460510050265123,0.43407070950974797,2.4994669715857447,-2.8653029342114005,-2.693461629604559,-3.413669258668853,0.5776745505697185,0.42232544943028155
bear_high_holding_balance,demand,ALL,1,181,3210,1,-0.010924566339912314,-0.007347760635469608,0.49319956029989026,0.4658624054604582,-0.7794978560840843,-0.6212387596708658,-0.9536320649850838,0.4855557634265574,0.5144442365734426
bear_high_holding_balance,demand,ALL,5,181,3208,1,-0.06339036716118833,-0.07408197673236193,0.4714080847718361,1.1355890025436837,-1.6629326107367997,-1.3532031922243872,-2.051795597240372,0.5294618521145598,0.47053814788544024
bear_high_holding_balance,demand,ALL,10,181,3206,1,-0.15301606961090347,-0.2738706948955568,0.4517732740802651,1.5851506261401005,-2.2479741034351304,-1.923047728759431,-2.7397321590471675,0.5506562899964089,0.4493437100035911
bear_high_holding_balance,demand,ALL,20,180,3198,1,-0.3373181915563543,-0.3911012474011437,0.4309155926711671,2.4001961971998353,-3.1912008588865866,-2.7526281051962114,-3.677728747125732,0.5525247798736592,0.44747522012634067
bear_high_holding_balance,supply,2000-2004,1,61,1386,1,-0.09184368166605322,-0.07938700275517094,0.4444129941447793,0.6512452632149083,-1.2702413035702784,-0.9915971677875284,-1.5906645138505282,0.5797235626821725,0.4202764373178274
bear_high_holding_balance,supply,2000-2004,5,61,1387,1,-0.3741739794320261,-0.5316029880953309,0.36672546691245195,1.5443796326061654,-2.802130850931623,-2.313171140844114,-3.324030789913386,0.6449773609017481,0.3550226390982519
bear_high_holding_balance,supply,2000-2004,10,61,1387,1,-0.7122246989783304,-0.8294902168126396,0.3207934206998502,2.0713804586418365,-3.4654044484494304,-3.130133825976041,-3.86899821662128,0.7184311503878059,0.28156884961219414
bear_high_holding_balance,supply,2000-2004,20,61,1387,1,-1.1995663725876418,-0.9079263391702018,0.3144761526621556,2.460846990148839,-4.771575287937818,-4.106726955738884,-5.160844937678883,0.801395769314882,0.198604230685118
bear_high_holding_balance,supply,2005-2009,1,120,5144,1,-0.041124064793199765,-0.016704213415446333,0.4795282806300926,0.6476718765999896,-1.261257690627421,-0.9831318229356166,-1.6646684768185667,0.5236953721793419,0.4763046278206583
bear_high_holding_balance,supply,2005-2009,5,120,5144,1,-0.1379769222641431,-0.18545428686528503,0.44803713044705235,1.3636169840322652,-2.5483997381550703,-2.1262638645163596,-2.9815933230484424,0.5452524341611218,0.454747565838878
bear_high_holding_balance,supply,2005-2009,10,120,5144,1,-0.15381879289453965,-0.30371294512720326,0.43946142854067943,1.8338413439715249,-3.259399961644869,-2.7125695043764146,-3.756278545667846,0.546439051356794,0.45356094864320595
bear_high_holding_balance,supply,2005-2009,20,120,5144,1,-0.016627270264709455,-0.2516167842700995,0.4641652422008633,2.4706710854854084,-4.123500333575096,-3.3392769535666225,-4.67607316813031,0.5373808043900625,0.4626191956099375
bear_high_holding_balance,supply,2010-2014,1,102,2820,1,-0.06137590441056742,-0.08090615545758237,0.4428143424667047,0.6734467193761206,-1.2215214949912334,-0.9716389643075602,-1.4964253898518323,0.5329103935348778,0.4670896064651222
bear_high_holding_balance,supply,2010-2014,5,102,2820,1,-0.3123546879313875,-0.375749033432771,0.39094040243043593,1.5114468411982909,-2.651371394468378,-2.210645140419139,-2.9293567399868805,0.6029497011963416,0.39705029880365855
bear_high_holding_balance,supply,2010-2014,10,102,2820,1,-0.6079406949017228,-0.633775283906591,0.3528999958555234,1.800636679672994,-3.221928503527225,-2.7685252113111503,-3.6447610006757025,0.6877885404631693,0.31221145953683066
bear_high_holding_balance,supply,2010-2014,20,102,2820,1,-0.849410487966053,-0.8300760463120646,0.3672775726056264,2.4545339750848267,-4.29951998449128,-3.5982088002334027,-4.765449026015135,0.745186433678773,0.2548135663212271
bear_high_holding_balance,supply,2015-2019,1,160,6263,1,-0.05831393060499217,-0.06478336538100665,0.4504068514386537,0.5719117438511823,-1.1042920661857616,-0.8681164024740712,-1.4415322417951257,0.545021658257969,0.4549783417420309
bear_high_holding_balance,supply,2015-2019,5,160,6263,1,-0.23479301135507588,-0.3021081652149159,0.40644976564828433,1.2520362991401075,-2.3041454426603156,-1.8592351155850426,-2.7094508429013713,0.5971866113517296,0.4028133886482704
bear_high_holding_balance,supply,2015-2019,10,160,6263,1,-0.3739231833626573,-0.4511277063332578,0.402520304718914,1.8406517714201143,-3.3279205560105685,-2.816436723980318,-3.878997280756532,0.6357076964051183,0.36429230359488163
bear_high_holding_balance,supply,2015-2019,20,160,6263,1,-0.7830479547345087,-1.085748121407402,0.36004817118711097,2.7534810940665944,-4.703099370610573,-4.163604828616815,-5.214760803438466,0.7021253000864733,0.29787469991352666
bear_high_holding_balance,supply,2020-2026,1,256,13054,1,-0.02116911814170084,-0.054983318497294195,0.4711347022145502,0.6449373130020462,-1.1762437499536493,-0.9322162510209842,-1.551797931133602,0.5118765329765214,0.4881234670234785
bear_high_holding_balance,supply,2020-2026,5,255,13040,1,-0.06642292983948364,-0.22891313828215018,0.4299790780582955,1.4156499382986625,-2.405075978631028,-1.9865930984362044,-2.9517917304993158,0.5276870947516907,0.4723129052483095
bear_high_holding_balance,supply,2020-2026,10,254,13017,1,-0.12869323359905005,-0.4748193844520549,0.4035124412717571,1.9367876482178836,-3.0838914336873047,-2.5603010214921214,-3.704123312452613,0.5626328281942405,0.43736717180575946
bear_high_holding_balance,supply,2020-2026,20,254,12958,1,-0.448602165141235,-0.8997076314123178,0.37688708839373114,2.691440712967408,-4.391842216077903,-3.774816414241406,-4.961273533338141,0.614332389084417,0.38566761091558316
bear_high_holding_balance,supply,ALL,1,265,28757,1,-0.02955919741384238,-0.044731783947679585,0.47227049355066963,0.6208544790059127,-1.2307190264953476,-0.9470939384855254,-1.6530796035220934,0.5139516644522412,0.48604833554775895
bear_high_holding_balance,supply,ALL,5,264,28745,1,-0.1145620467788485,-0.22697784455375433,0.435267953783647,1.3700421151842486,-2.5904254840414325,-2.0659321647466395,-3.187561945873932,0.5318984519303436,0.4681015480696564
bear_high_holding_balance,supply,ALL,10,263,28722,1,-0.2006998152029351,-0.44528024289778134,0.4138745443547192,1.889489978017515,-3.3784671266980766,-2.7899848211174363,-4.09478177051764,0.5620525872505456,0.4379474127494546
bear_high_holding_balance,supply,ALL,20,263,28663,1,-0.4524491283281965,-0.7746601716374198,0.3888973441030343,2.6487239786809305,-4.808101361307394,-4.044739764699725,-5.547282444313657,0.60268422459225,0.39731577540775
bear_high_rel_a0_sd,demand,2000-2004,1,61,1181,1,-0.020059643557032235,-0.018484943782853532,0.48861129124986385,0.4515751537401083,-0.825935264432313,-0.6600816124826816,-1.0185678875350632,0.5238003975351442,0.47619960246485576
bear_high_rel_a0_sd,demand,2000-2004,5,61,1181,1,-0.10189623206116985,-0.11142122120422919,0.4565534082931084,0.9363206147414471,-1.5022052821374212,-1.2253726728374494,-1.837555748153556,0.5536478442911952,0.44635215570880477
bear_high_rel_a0_sd,demand,2000-2004,10,61,1181,1,-0.24182162899902687,-0.4491664440276494,0.40398464370359943,1.272490836719678,-2.0406693608439,-1.6442040611352373,-2.507892727344875,0.6815506073517653,0.31844939264823474
bear_high_rel_a0_sd,demand,2000-2004,20,61,1181,1,-0.3852036942860109,-0.5770141421893147,0.4107366375716134,2.045773671091755,-2.927148059998671,-2.6207629341951773,-3.5744388100499487,0.6874537670746332,0.3125462329253669
bear_high_rel_a0_sd,demand,2005-2009,1,100,2060,1,0.0235323729588839,0.013139683238107425,0.5211768886159082,0.46388144960223654,-0.8279008228726474,-0.6482251134224433,-1.0069217483369575,0.5025820542678684,0.4974179457321315
bear_high_rel_a0_sd,demand,2005-2009,5,100,2060,1,-0.04350489278702112,-0.15014591954396156,0.45881344677550195,0.9456609253620526,-1.5050948993079571,-1.3263389154762726,-1.724481975427433,0.5771020003151006,0.4228979996848994
bear_high_rel_a0_sd,demand,2005-2009,10,100,2060,1,-0.17416735102996764,-0.30692453845220025,0.4263625133857448,1.257488194598041,-2.1228461924979243,-1.751523093185297,-2.3155139010020003,0.6177143071608835,0.38228569283911645
bear_high_rel_a0_sd,demand,2005-2009,20,100,2060,1,-0.3377856135863042,-0.4948085711067186,0.40337950786921717,1.8928481030785427,-2.7611176410710554,-2.3875584685205755,-3.270003400724364,0.658780317104841,0.341219682895159
bear_high_rel_a0_sd,demand,2010-2014,1,94,1651,1,-0.01619054336653632,-0.0026457486237352733,0.5052760660331784,0.4845458628003552,-0.800565766897154,-0.6611665118404111,-0.9664561330253143,0.5093374758792333,0.4906625241207669
bear_high_rel_a0_sd,demand,2010-2014,5,94,1651,1,-0.05104949096565846,-0.0626114178449279,0.47082149397908,1.0774838727730702,-1.6362896496811528,-1.3405890987863929,-1.941039008302147,0.5094958342995928,0.4905041657004074
bear_high_rel_a0_sd,demand,2010-2014,10,94,1651,1,-0.0818040865709194,-0.15781616112307748,0.47955746982473424,1.5726210527382714,-2.158697713941942,-1.8627136546196672,-2.365146770039347,0.5700474721524313,0.4299525278475689
bear_high_rel_a0_sd,demand,2010-2014,20,94,1651,1,0.04578173853897771,-0.14902070923347727,0.49201116904460623,2.4883296770936516,-2.9514933539575803,-2.560767311764388,-3.6932640038193796,0.5208694966747314,0.47913050332526863
bear_high_rel_a0_sd,demand,2015-2019,1,141,3327,1,-0.021718092639759143,-0.022161855014713343,0.47401927286743384,0.47647777354696047,-0.806451651688199,-0.6814835889480124,-1.018252023815789,0.548092477659373,0.45190752234062725
bear_high_rel_a0_sd,demand,2015-2019,5,141,3327,1,-0.20303104171794423,-0.2604691845624678,0.4197212728341321,1.1408533432327055,-1.833763105960986,-1.53078734852695,-2.1035204822754596,0.5768758463679964,0.4231241536320037
bear_high_rel_a0_sd,demand,2015-2019,10,141,3327,1,-0.42691202384569893,-0.4227665185501792,0.3941365856588061,1.6796589265652573,-2.5125043809062437,-2.2207392917199495,-2.838163148576763,0.6034118197988745,0.3965881802011255
bear_high_rel_a0_sd,demand,2015-2019,20,141,3326,1,-0.6412144436130449,-0.68477424151608,0.37498002295941557,2.450095848242639,-3.4144596757336805,-3.0484335928611763,-3.7622720718852176,0.666505403783125,0.33349459621687505
bear_high_rel_a0_sd,demand,2020-2026,1,245,6475,1,-0.012802229589094143,-0.014081530258802473,0.4840031280976803,0.4996703993144141,-0.8980609255601321,-0.6775329958414428,-1.1638282394511448,0.5186635869746994,0.4813364130253006
bear_high_rel_a0_sd,demand,2020-2026,5,244,6456,1,0.022239133145319622,-0.011202255551131022,0.49064890179329956,1.2451542520324965,-2.118713711596043,-1.6939898913159768,-2.4883113967605297,0.5317970981017561,0.46820290189824393
bear_high_rel_a0_sd,demand,2020-2026,10,244,6435,1,-0.041723506884741385,-0.14716475398076995,0.4601383474708611,1.7228219576651107,-2.617671931634835,-2.204582470647628,-3.0880562763984627,0.5571091254882443,0.4428908745117558
bear_high_rel_a0_sd,demand,2020-2026,20,243,6361,1,-0.17274335961429627,-0.4500786426465394,0.4488579965141359,2.5164139583377607,-3.591629126701576,-3.1334915284154725,-3.9999510081086598,0.5426232505724647,0.4573767494275356
bear_high_rel_a0_sd,demand,ALL,1,250,14844,1,-0.012590259709442372,-0.015303734243133648,0.48762530893466954,0.4789763143991888,-0.9218718936695576,-0.7189082168744882,-1.2138033682593248,0.5119233052368557,0.48807669476314425
bear_high_rel_a0_sd,demand,ALL,5,249,14825,1,-0.031947741617731,-0.1533507492902659,0.4673120833889225,1.1664894567980864,-2.137065408426901,-1.6920756983359055,-2.6086940803922523,0.548401538544975,0.4515984614550249
bear_high_rel_a0_sd,demand,ALL,10,249,14804,1,-0.12488280302147191,-0.2392547604682343,0.4436145662687379,1.6273552471080959,-2.865650197817295,-2.2155749757903562,-3.3323302169946594,0.5720239653080643,0.42797603469193596
bear_high_rel_a0_sd,demand,ALL,20,248,14728,1,-0.28496884670696093,-0.4948864862774376,0.4330808875663998,2.35034963610433,-3.9294101025026373,-3.2747727145899095,-4.722461421404575,0.579867387664905,0.420132612335095
bear_high_rel_a0_sd,supply,2000-2004,1,74,3467,1,-0.047820588683849904,-0.03454360164113661,0.4682143282585982,0.6202894335478981,-1.2523379893441353,-0.9895838204980612,-1.6010930967490902,0.5373230237518509,0.46267697624814896
bear_high_rel_a0_sd,supply,2000-2004,5,74,3467,1,-0.2946859016956367,-0.3484766155649486,0.4082548399655623,1.4995062361931624,-2.9441381765360006,-2.3475030395829135,-3.433483560984162,0.6210515594781874,0.37894844052181265
bear_high_rel_a0_sd,supply,2000-2004,10,74,3467,1,-0.5580888868360318,-0.5733574557848257,0.35937481095369345,2.05131413025113,-3.688250221111955,-3.144309737319198,-4.1333009952213935,0.6582708143966387,0.34172918560336135
bear_high_rel_a0_sd,supply,2000-2004,20,74,3468,1,-1.0240407175730708,-0.981415526173017,0.3257688851080469,2.685719368221898,-4.813908449033047,-4.351317162212965,-5.420114901691376,0.7551429360579284,0.24485706394207152
bear_high_rel_a0_sd,supply,2005-2009,1,128,10716,1,-0.029263196782662152,-0.01635592978248384,0.4830820379590922,0.6364810185100627,-1.274363901084239,-0.96041789213549,-1.7123627752677049,0.5219284424683954,0.4780715575316047
bear_high_rel_a0_sd,supply,2005-2009,5,128,10716,1,-0.0806615142817497,-0.13409065317781763,0.4593875565235277,1.3125473858458698,-2.468652275358833,-1.9933432787172738,-3.014680581738525,0.5418297323368968,0.4581702676631032
bear_high_rel_a0_sd,supply,2005-2009,10,128,10716,1,-0.06847487991840678,-0.2784076759528415,0.44920758630365154,1.8031013527176358,-3.1897286953067763,-2.703396023897465,-3.852634320577935,0.5395834626075933,0.46041653739240657
bear_high_rel_a0_sd,supply,2005-2009,20,128,10716,1,0.0021955902943535666,-0.4017887468556458,0.4616890468588415,2.484157304719318,-4.2594885520388885,-3.4994399213861813,-4.921413761423245,0.5375323777885452,0.4624676222114547
bear_high_rel_a0_sd,supply,2010-2014,1,119,6560,1,-0.05994176795320911,-0.0656755826921911,0.4563545862450357,0.6653022093109261,-1.2871858642948364,-1.0012920754298413,-1.603287874885079,0.543396422251854,0.45660357774814603
bear_high_rel_a0_sd,supply,2010-2014,5,119,6560,1,-0.3768763388832674,-0.42752335616423254,0.386729684723592,1.439172861637578,-2.7268223761985624,-2.195697660482248,-3.239318658774957,0.6264516159085444,0.3735483840914554
bear_high_rel_a0_sd,supply,2010-2014,10,119,6560,1,-0.6465672712045888,-0.6910411811861248,0.3638303201587572,1.8458372972327144,-3.501992752658831,-2.871214543334768,-3.967381249263493,0.6793283111010172,0.3206716888989829
bear_high_rel_a0_sd,supply,2010-2014,20,119,6560,1,-1.0338622200147467,-0.9972045948391376,0.3566746181864287,2.572316725285915,-4.75125964046725,-4.030982753136077,-5.441392430682289,0.7453187507928392,0.25468124920716084
bear_high_rel_a0_sd,supply,2015-2019,1,171,13743,1,-0.0426140801709432,-0.053898846375781725,0.4563111747464446,0.574873213739239,-1.1651602500489535,-0.8890618039641605,-1.5480929631578764,0.5238193957812479,0.47618060421875197
bear_high_rel_a0_sd,supply,2015-2019,5,171,13743,1,-0.1808771964348386,-0.2326403021276491,0.4191666762113442,1.2621009927880027,-2.453538461857388,-1.973685044911433,-2.938664877882582,0.5708370807500944,0.4291629192499055
bear_high_rel_a0_sd,supply,2015-2019,10,171,13744,1,-0.3138056514293837,-0.5029613289317342,0.4091757184793078,1.840677228189016,-3.504637617917985,-2.832087687048281,-4.127642182676077,0.5833659949323391,0.4166340050676608
bear_high_rel_a0_sd,supply,2015-2019,20,171,13744,1,-0.6401417121698044,-0.762985828014156,0.38075168781484714,2.676672735255385,-4.892073644415305,-4.187109960270686,-5.557936055002113,0.6665993532925796,0.33340064670742064
bear_high_rel_a0_sd,supply,2020-2026,1,268,28230,1,-0.007729915281448212,-0.04494008876266375,0.4788302234216131,0.6312103845134359,-1.2171109800934685,-0.9331955638255766,-1.687778132317832,0.5088092778877515,0.49119072211224846
bear_high_rel_a0_sd,supply,2020-2026,5,267,28187,1,0.005935353772496914,-0.17592527524837467,0.45257153796232397,1.39637696640105,-2.534253685534828,-2.005595768038693,-3.1706394754882843,0.5072673165771855,0.4927326834228146
bear_high_rel_a0_sd,supply,2020-2026,10,266,28132,1,-0.06421997791403235,-0.3878821689337184,0.41529373960197785,1.9453073867579127,-3.3188518726844776,-2.7049356895866965,-4.007365483049805,0.5238620007046124,0.4761379992953875
bear_high_rel_a0_sd,supply,2020-2026,20,265,28017,1,-0.24645161514105737,-0.7535757234878853,0.40089440320193465,2.7137341970686175,-4.74386461810445,-3.8750807681617876,-5.480867062488593,0.5833217582256358,0.4166782417743643
bear_high_rel_a0_sd,supply,ALL,1,273,62767,1,-0.01113390596734156,-0.04096020994737588,0.48065460018930123,0.6144691034241759,-1.241716759535596,-0.9430109499469042,-1.7037895364074562,0.5116763000307896,0.4883236999692105
bear_high_rel_a0_sd,supply,ALL,5,272,62724,1,-0.03606969050151561,-0.182639546709502,0.45560013892756107,1.3463566735736217,-2.6069455036031473,-2.0624949887029587,-3.3379585532279954,0.52471479357902,0.47528520642098004
bear_high_rel_a0_sd,supply,ALL,10,271,62670,1,-0.12275361148602962,-0.3930083119705896,0.42589378617121687,1.8639336742569885,-3.509146549426083,-2.833852104722182,-4.357823840697903,0.5433411187158474,0.45665888128415255
bear_high_rel_a0_sd,supply,ALL,20,270,62556,1,-0.2914642690128893,-0.6551087834183189,0.40892822895223657,2.6141457559254344,-4.855081200734688,-3.991207964730525,-5.902994791834457,0.5760867018897636,0.42391329811023626
bear_high_rel_exhaustion_balance,demand,2000-2004,1,61,1211,1,-0.01851344251058834,-0.0203494627808987,0.48968406203120984,0.44961693496498994,-0.80600667234212,-0.6505611723524052,-1.0185678875350632,0.5263698520676187,0.47363014793238134
bear_high_rel_exhaustion_balance,demand,2000-2004,5,61,1211,1,-0.11096223946036617,-0.0830820789374064,0.4554387625245756,0.9407013243705583,-1.5476058305140779,-1.3572199759619588,-1.838941436450058,0.5720779085704302,0.42792209142957005
bear_high_rel_exhaustion_balance,demand,2000-2004,10,61,1211,1,-0.25671509547135113,-0.4491664440276494,0.401043592262295,1.2721950518461953,-2.0406693608439,-1.6442040611352373,-2.56495462860962,0.6815506073517653,0.31844939264823474
bear_high_rel_exhaustion_balance,demand,2000-2004,20,61,1211,1,-0.4130290641932485,-0.532876262068463,0.41078824653297774,2.0424761483830043,-3.0690021063876594,-2.6207629341951773,-3.5744388100499487,0.6874537670746332,0.3125462329253669
bear_high_rel_exhaustion_balance,demand,2005-2009,1,100,2107,1,0.018620608737349983,0.011167037005144348,0.5181085036728065,0.46280211664337273,-0.8279008228726474,-0.6438595117593895,-1.0179586531769613,0.5046424064930772,0.49535759350692277
bear_high_rel_exhaustion_balance,demand,2005-2009,5,100,2107,1,-0.057650800837509134,-0.14672249460615283,0.4537913932620063,0.9451327936210372,-1.56144372099385,-1.32236569139965,-1.7616666233867908,0.5776614267413056,0.4223385732586942
bear_high_rel_exhaustion_balance,demand,2005-2009,10,100,2107,1,-0.1922677643940217,-0.24466065614612273,0.4254029180180163,1.2578029151442647,-2.1537159116511906,-1.8021342293841163,-2.345952977079314,0.6177143071608835,0.38228569283911645
bear_high_rel_exhaustion_balance,demand,2005-2009,20,100,2107,1,-0.3885526449876621,-0.5091735333732521,0.39717169943966346,1.901424109584446,-2.932768430882205,-2.4039822148459766,-3.448872238092643,0.658780317104841,0.341219682895159
bear_high_rel_exhaustion_balance,demand,2010-2014,1,94,1690,1,-0.018005372785038155,-0.013153221487075692,0.5040598364709113,0.4866246259272614,-0.8073962199232463,-0.6646553489499183,-1.0005530182107605,0.5054945547496861,0.49450544525031404
bear_high_rel_exhaustion_balance,demand,2010-2014,5,94,1690,1,-0.05214042025082233,-0.0626114178449279,0.4717239064700782,1.0770440089788174,-1.643328373789509,-1.3498424265572666,-1.941039008302147,0.5052589880434022,0.4947410119565978
bear_high_rel_exhaustion_balance,demand,2010-2014,10,94,1690,1,-0.07596305477852577,-0.16669402891936702,0.48047192011500034,1.56708751103501,-2.158697713941942,-1.8624700091216715,-2.365146770039347,0.5700474721524313,0.4299525278475689
bear_high_rel_exhaustion_balance,demand,2010-2014,20,94,1690,1,0.05039922887882132,-0.14732816655210673,0.4897130742465521,2.489288715566802,-2.9514933539575803,-2.560767311764388,-3.6932640038193796,0.5208694966747314,0.47913050332526863
bear_high_rel_exhaustion_balance,demand,2015-2019,1,142,3409,1,-0.024394613663122042,-0.023095050298512623,0.47369796497772015,0.47560265272865754,-0.8063426529456057,-0.6892998622283313,-1.019944000614059,0.5382297310850149,0.4617702689149852
bear_high_rel_exhaustion_balance,demand,2015-2019,5,142,3409,1,-0.21153610881424648,-0.26439542686015177,0.4187044585481906,1.1437888355574006,-1.872633407048323,-1.5232941653468637,-2.1328658600163806,0.5884506297933149,0.4115493702066852
bear_high_rel_exhaustion_balance,demand,2015-2019,10,142,3409,1,-0.43332230787766574,-0.4167549190588741,0.3947097295877134,1.6880025175802644,-2.5324761679947985,-2.209790558221085,-2.879170830098449,0.610293126983279,0.389706873016721
bear_high_rel_exhaustion_balance,demand,2015-2019,20,142,3408,1,-0.6538049216037461,-0.7239376362699363,0.37594717249125126,2.4556636770800417,-3.447151149529434,-2.9991521042569804,-3.781003274758541,0.6422283419294488,0.3577716580705513
bear_high_rel_exhaustion_balance,demand,2020-2026,1,245,6633,1,-0.017046168015403006,-0.014347683570706196,0.4826357267369885,0.501467345111029,-0.9035855079611569,-0.6882485930566642,-1.1728410722666611,0.5259229527631285,0.47407704723687133
bear_high_rel_exhaustion_balance,demand,2020-2026,5,244,6614,1,0.01991928772009902,-0.02159198699210764,0.4900646579899542,1.2505165024652345,-2.134461210877418,-1.704164437897867,-2.533362897671359,0.5345905728602174,0.4654094271397826
bear_high_rel_exhaustion_balance,demand,2020-2026,10,244,6586,1,-0.0457311452251046,-0.1700827176831662,0.4591880608917867,1.7317796225631907,-2.6381439003622758,-2.217332530374712,-3.0880562763984627,0.5620792871189764,0.4379207128810235
bear_high_rel_exhaustion_balance,demand,2020-2026,20,242,6507,1,-0.18231152877380838,-0.42007958689740743,0.44839210056579937,2.5346151626556623,-3.605722398344212,-3.1910678149685214,-4.043981137965623,0.5381720873698028,0.4618279126301973
bear_high_rel_exhaustion_balance,demand,ALL,1,250,15203,1,-0.015692649430429376,-0.017730629050412235,0.4869010981926091,0.48079245324382147,-0.9254335013157003,-0.7205953090961232,-1.2365094051386523,0.5174564267210959,0.4825435732789041
bear_high_rel_exhaustion_balance,demand,ALL,5,249,15184,1,-0.03700845632691167,-0.1479558660117692,0.46730204901471817,1.1685874390035003,-2.153450245605878,-1.6753941143751812,-2.6390305040189443,0.5493556963003962,0.4506443036996039
bear_high_rel_exhaustion_balance,demand,ALL,10,249,15156,1,-0.1315658166295636,-0.2541682659681578,0.44300618041366907,1.6303997682590465,-2.865910363136115,-2.247806497760901,-3.3558526019258337,0.5776779365914242,0.4223220634085759
bear_high_rel_exhaustion_balance,demand,ALL,20,247,15075,1,-0.29710622759483596,-0.5477713291954158,0.4327455566448909,2.3617055183181517,-4.040544541864792,-3.311429588727074,-4.808562795305278,0.5824517373364198,0.4175482626635802
bear_high_rel_exhaustion_balance,supply,2000-2004,1,74,3477,1,-0.047906291707203334,-0.03454360164113661,0.4680839134556847,0.6199948780028731,-1.251035780447363,-0.9895838204980612,-1.6010930967490902,0.5363902658449019,0.4636097341550981
bear_high_rel_exhaustion_balance,supply,2000-2004,5,74,3477,1,-0.2948688293605484,-0.3484766155649486,0.408164587607339,1.4995329372267434,-2.9441381765360006,-2.3475030395829135,-3.433483560984162,0.6119534935036297,0.3880465064963703
bear_high_rel_exhaustion_balance,supply,2000-2004,10,74,3477,1,-0.5583204545576594,-0.5733574557848257,0.35925993124895267,2.0513156041513345,-3.688250221111955,-3.144309737319198,-4.1333009952213935,0.655119062844089,0.344880937155911
bear_high_rel_exhaustion_balance,supply,2000-2004,20,74,3478,1,-1.024454385272802,-0.981415526173017,0.3255691908110785,2.686190430943121,-4.813908449033047,-4.351317162212965,-5.420114901691376,0.7551429360579284,0.24485706394207152
bear_high_rel_exhaustion_balance,supply,2005-2009,1,128,10750,1,-0.028255695729935713,-0.01487928194995249,0.48365925661301273,0.6359740078698932,-1.274363901084239,-0.96041789213549,-1.7123627752677049,0.5202111578083469,0.4797888421916532
bear_high_rel_exhaustion_balance,supply,2005-2009,5,128,10750,1,-0.07854032347679427,-0.13409065317781763,0.46013293216335666,1.3113157330613014,-2.4682429857702877,-1.9954984305602181,-3.014680581738525,0.540493273752866,0.45950672624713396
bear_high_rel_exhaustion_balance,supply,2005-2009,10,128,10750,1,-0.06552891588572138,-0.2784076759528415,0.4498523780888066,1.8005353900205494,-3.1897286953067763,-2.685441885258947,-3.851600810857051,0.5396955332660873,0.46030446673391245
bear_high_rel_exhaustion_balance,supply,2005-2009,20,128,10750,1,0.0034830670955997636,-0.3822853360080892,0.4620240266747646,2.4798721440744282,-4.231001714363565,-3.4978030397027258,-4.921413761423245,0.5382401034601053,0.4617598965398946
bear_high_rel_exhaustion_balance,supply,2010-2014,1,119,6575,1,-0.05954117434886022,-0.06751620127025629,0.45670814695000944,0.6649693737152557,-1.2871858642948364,-1.0012920754298413,-1.603287874885079,0.5416894625242427,0.45831053747575734
bear_high_rel_exhaustion_balance,supply,2010-2014,5,119,6575,1,-0.3733216228185221,-0.42752335616423254,0.38722656963813545,1.4393420648718698,-2.7268223761985624,-2.1891542048018877,-3.239318658774957,0.6264516159085444,0.3735483840914554
bear_high_rel_exhaustion_balance,supply,2010-2014,10,119,6575,1,-0.6421719744995532,-0.6702704012454745,0.36444311819674857,1.8478120941497065,-3.501992752658831,-2.871214543334768,-3.967381249263493,0.6708292474879929,0.32917075251200706
bear_high_rel_exhaustion_balance,supply,2010-2014,20,119,6575,1,-1.0315442260695962,-0.9766378573058075,0.35714257153531637,2.5728143216098185,-4.75125964046725,-4.024421552064966,-5.441392430682289,0.7455747350697765,0.25442526493022355
bear_high_rel_exhaustion_balance,supply,2015-2019,1,171,13782,1,-0.04266574101562647,-0.05408358635457259,0.45659703157539344,0.5754700101024441,-1.1651602500489535,-0.8890618039641605,-1.5480929631578764,0.5220980162125519,0.477901983787448
bear_high_rel_exhaustion_balance,supply,2015-2019,5,171,13782,1,-0.17625340216124083,-0.2326403021276491,0.42042335765507677,1.2632193575247057,-2.4589750051652532,-1.973685044911433,-2.9377176510232594,0.5705265903035663,0.4294734096964338
bear_high_rel_exhaustion_balance,supply,2015-2019,10,171,13783,1,-0.30953424186492645,-0.5029613289317342,0.410647309118342,1.8419151242075325,-3.504637617917985,-2.832087687048281,-4.127642182676077,0.5833659949323391,0.4166340050676608
bear_high_rel_exhaustion_balance,supply,2015-2019,20,171,13783,1,-0.634529423215972,-0.762985828014156,0.3812154383899642,2.6767095066892277,-4.8909580298186635,-4.187109960270686,-5.557936055002113,0.6665993532925796,0.33340064670742064
bear_high_rel_exhaustion_balance,supply,2020-2026,1,268,28302,1,-0.00488153866475589,-0.04602309881620789,0.47972193168573246,0.6320949723787427,-1.2170408408506534,-0.9331955638255766,-1.687778132317832,0.5088344440197958,0.4911655559802041
bear_high_rel_exhaustion_balance,supply,2020-2026,5,267,28259,1,0.01259756852522611,-0.17592527524837467,0.4533320197281517,1.4012323990137512,-2.534253685534828,-2.005595768038693,-3.1706394754882843,0.5070395901663279,0.4929604098336721
bear_high_rel_exhaustion_balance,supply,2020-2026,10,267,28209,1,-0.05482381182968221,-0.3828028300464362,0.41731167932123475,1.9450784661387206,-3.3042630405040034,-2.6823528536999004,-4.008776369281337,0.5239607083391337,0.47603929166086606
bear_high_rel_exhaustion_balance,supply,2020-2026,20,265,28089,1,-0.24147068793388762,-0.7505514790707684,0.4012758962307659,2.715828455886534,-4.7596919912558295,-3.8713014215429182,-5.480867062488593,0.5815957552213129,0.41840424477868715
bear_high_rel_exhaustion_balance,supply,ALL,1,273,62937,1,-0.00832770245796456,-0.04022872603086376,0.4814344880221553,0.6154043726804984,-1.2398063152852612,-0.9439659167116541,-1.7068775632618853,0.5120767629662595,0.48792323703374046
bear_high_rel_exhaustion_balance,supply,ALL,5,272,62894,1,-0.02891476531535276,-0.18126748610663734,0.4565292775135043,1.3510697917095547,-2.6020639679275144,-2.066891537822225,-3.329485986855957,0.5243271188226584,0.47567288117734174
bear_high_rel_exhaustion_balance,supply,ALL,10,272,62845,1,-0.1125948587757747,-0.3927684547616923,0.42798521799539274,1.8642831455352198,-3.502435761128081,-2.8328100817496655,-4.354152173039224,0.5435803019546359,0.45641969804536403
bear_high_rel_exhaustion_balance,supply,ALL,20,270,62726,1,-0.28594369363927363,-0.6537362396386822,0.4093959421849624,2.6159942462684285,-4.855081200734688,-3.986642869170543,-5.887192768137805,0.574566538529603,0.42543346147039685
bear_high_rel_holding_balance,demand,2000-2004,1,58,986,1,-0.010806583869227945,-0.033663478013709336,0.4797589681716767,0.4279732311244886,-0.780671369615934,-0.6009072527553182,-0.9637710951197143,0.5156848667105799,0.48431513328942
bear_high_rel_holding_balance,demand,2000-2004,5,58,986,1,0.0033731025566886104,-0.07300705076693456,0.4761036578881979,0.860730914935979,-1.3629226290317342,-1.0962761100451708,-1.6097140323438026,0.5194352881987125,0.48056471180128746
bear_high_rel_holding_balance,demand,2000-2004,10,58,986,1,-0.13650235854057496,-0.23938356598881338,0.430019796294962,1.1701297622429672,-1.6863520348625518,-1.4520312967172717,-2.0555673445845053,0.5751286463370456,0.42487135366295414
bear_high_rel_holding_balance,demand,2000-2004,20,58,986,1,-0.25632891231314053,-0.3620188919371003,0.4349331873950618,2.011025827457006,-2.793845471262565,-2.3596880161274187,-3.0690265424192043,0.5823577062910377,0.41764229370896244
bear_high_rel_holding_balance,demand,2005-2009,1,95,1772,1,0.02044263037758708,0.01602215850412274,0.5297125497582099,0.458496225942349,-0.8194252216160861,-0.661734546597448,-1.0016841503841893,0.4984977872280017,0.5015022127719981
bear_high_rel_holding_balance,demand,2005-2009,5,95,1772,1,-0.0363109009203624,-0.09104569387188728,0.46762816699842974,0.94025942851987,-1.4876145658979372,-1.2675548688678788,-1.7398873017705674,0.5749264790746876,0.4250735209253125
bear_high_rel_holding_balance,demand,2005-2009,10,95,1772,1,-0.13720642469080913,-0.2648554300766601,0.43621965058479234,1.2278421805812927,-1.8777283211141933,-1.6112671281846005,-2.107104231473211,0.5849157419944695,0.41508425800553056
bear_high_rel_holding_balance,demand,2005-2009,20,95,1772,1,-0.3615973224067364,-0.37490901750352856,0.40794058972704067,1.808125104234838,-2.505407658090343,-2.283349614591913,-2.9035020722614857,0.6454055119923743,0.3545944880076257
bear_high_rel_holding_balance,demand,2010-2014,1,88,1396,1,-0.034694990258957226,-0.0071039430001828005,0.4881868913256559,0.48479450814319164,-0.782754889818073,-0.6487634371113634,-0.88321947705123,0.5131214092675263,0.48687859073247375
bear_high_rel_holding_balance,demand,2010-2014,5,88,1396,1,-0.0881558991795947,-0.06590180839738524,0.4626791372600401,1.0977800451545838,-1.553430543265044,-1.280458250106377,-1.8858837911847188,0.5224436705778905,0.47755632942210957
bear_high_rel_holding_balance,demand,2010-2014,10,88,1396,1,-0.0844608520323835,-0.051449926933123245,0.47286221869736605,1.623423080243205,-2.0735510395390175,-1.9374384373373332,-2.330130793012861,0.5094406025414471,0.4905593974585528
bear_high_rel_holding_balance,demand,2010-2014,20,88,1396,1,0.027170461823492923,-0.08806410470596003,0.4835743875829779,2.518490300576555,-2.8595803916884814,-2.397651855271234,-3.5352292881351195,0.514969815370927,0.48503018462907277
bear_high_rel_holding_balance,demand,2015-2019,1,136,2811,1,-0.019983409370697397,-0.011223926520329709,0.48092708358911646,0.4620539941608841,-0.8035923042914637,-0.6717741421874903,-0.9818346235146493,0.5580178650066661,0.44198213499333383
bear_high_rel_holding_balance,demand,2015-2019,5,136,2811,1,-0.1906481015821561,-0.26043337722279214,0.42086864097330523,1.1335429454143904,-1.7898797227218326,-1.4817872278549697,-2.0461468474822118,0.5834279191113634,0.4165720808886366
bear_high_rel_holding_balance,demand,2015-2019,10,136,2811,1,-0.4166599326962506,-0.3939151332815591,0.39029615726261674,1.6652319668598738,-2.391481104358154,-2.0940202925599194,-2.757219214811289,0.607162630046989,0.39283736995301105
bear_high_rel_holding_balance,demand,2015-2019,20,136,2810,1,-0.6061799692150975,-0.6386639532819011,0.37297052636445416,2.4592949155599966,-3.2944356173361005,-2.92810867922441,-3.6915684449449975,0.6775108925468102,0.3224891074531898
bear_high_rel_holding_balance,demand,2020-2026,1,239,5569,1,-0.011978863019091995,-0.017733353150970486,0.4826059624550948,0.4993981948714492,-0.8829981391326163,-0.6890398815077269,-1.1395689953030599,0.5242116604246216,0.47578833957537825
bear_high_rel_holding_balance,demand,2020-2026,5,238,5551,1,0.01171897430086512,0.0,0.49246011394811645,1.226756981396166,-1.9728149885348663,-1.6568957541608182,-2.39190847647747,0.5400730692726541,0.4599269307273459
bear_high_rel_holding_balance,demand,2020-2026,10,237,5531,1,-0.005034258442872738,-0.07934760589353568,0.4697975044137473,1.7002893479646501,-2.503134179167565,-2.067905274551001,-2.960785787005327,0.5456427949587149,0.4543572050412849
bear_high_rel_holding_balance,demand,2020-2026,20,236,5464,1,-0.11042207000932767,-0.37816249105540994,0.45866684965562543,2.4907349002357537,-3.423097706471876,-2.942385172920021,-3.767019220462857,0.517946637215488,0.4820533627845124
bear_high_rel_holding_balance,demand,ALL,1,246,12713,1,-0.011470046635646962,-0.018090790481481177,0.4882842615393824,0.4747444656416137,-0.9140124272546928,-0.711396200227044,-1.2055673752045324,0.5195043676604003,0.4804956323395995
bear_high_rel_holding_balance,demand,ALL,5,245,12695,1,-0.03941008423080433,-0.12751690576256458,0.46958257979131374,1.1435112712734032,-2.0648585542157063,-1.6472878612890058,-2.5325073564925122,0.5486532114897902,0.4513467885102097
bear_high_rel_holding_balance,demand,ALL,10,244,12675,1,-0.10272729658826185,-0.208651980290378,0.45207879328193257,1.6088581286904557,-2.690711956102799,-2.154481665345795,-3.215245341080071,0.5800594552245238,0.41994054477547604
bear_high_rel_holding_balance,demand,ALL,20,243,12606,1,-0.24509667245875144,-0.38570390858787557,0.4401976034281349,2.343326925085566,-3.8690059953922322,-3.1988312059477426,-4.5574924422581296,0.5646461888762672,0.4353538111237327
bear_high_rel_holding_balance,supply,2000-2004,1,74,3365,1,-0.048898228483858094,-0.04394579467595894,0.46821570959690684,0.623151784702252,-1.2674652975942933,-0.98968629594372,-1.6231919341761247,0.5351542034962575,0.4648457965037424
bear_high_rel_holding_balance,supply,2000-2004,5,74,3365,1,-0.2949480748771841,-0.3754306050026858,0.4079436006527266,1.5110569538408276,-3.00197995667578,-2.3973003744495696,-3.4459893344014425,0.6184749578124467,0.3815250421875535
bear_high_rel_holding_balance,supply,2000-2004,10,74,3365,1,-0.5652269249636473,-0.6202844971217651,0.35797594337880334,2.069800680450005,-3.6918562553964334,-3.1622084853561017,-4.157039936707246,0.6547718838646519,0.345228116135348
bear_high_rel_holding_balance,supply,2000-2004,20,74,3366,1,-1.0296158314680486,-0.9673582616135141,0.3259909002895592,2.7001620165352116,-4.835139044043849,-4.379092338020314,-5.470932497412322,0.7607759785518811,0.2392240214481188
bear_high_rel_holding_balance,supply,2005-2009,1,128,10513,1,-0.033275011103929074,-0.016934647364356945,0.4821789035295249,0.6367754480499296,-1.281596014594815,-0.96819574858911,-1.7123627752677049,0.5244232814709328,0.47557671852906713
bear_high_rel_holding_balance,supply,2005-2009,5,128,10513,1,-0.08831654966066915,-0.13097441737404814,0.4571742047963167,1.3135600141612407,-2.485481609846424,-2.0054331948260167,-3.0069657140148043,0.5438284645574757,0.4561715354425243
bear_high_rel_holding_balance,supply,2005-2009,10,128,10513,1,-0.07837935171920281,-0.255205947159665,0.4473940635781092,1.8068925586420028,-3.2269565774268925,-2.714180889347244,-3.852634320577935,0.541933295772091,0.458066704227909
bear_high_rel_holding_balance,supply,2005-2009,20,128,10513,1,-0.013015187899637057,-0.35300147388725706,0.4596218341509882,2.4800712666369122,-4.270770051489709,-3.494539432979214,-4.894889123934327,0.5396436566450351,0.4603563433549648
bear_high_rel_holding_balance,supply,2010-2014,1,119,6373,1,-0.06477769876470686,-0.06473789939499053,0.45422763283689815,0.6696195572095356,-1.2972425246797097,-1.0079183355553956,-1.6050284128764325,0.5487831434682754,0.4512168565317246
bear_high_rel_holding_balance,supply,2010-2014,5,119,6373,1,-0.38175129201613983,-0.4359713495404488,0.38548705381874604,1.4465415756363698,-2.744476832747738,-2.197042693699388,-3.239318658774957,0.6274550033873368,0.37254499661266305
bear_high_rel_holding_balance,supply,2010-2014,10,119,6373,1,-0.6455802986576024,-0.6966775161218202,0.3646348401452084,1.8457464422646677,-3.470386714963991,-2.8918672039981157,-3.936730349630494,0.6763557391334043,0.3236442608665958
bear_high_rel_holding_balance,supply,2010-2014,20,119,6373,1,-1.0434439698721487,-1.0213987830811802,0.3561479063989855,2.581223696070338,-4.75125964046725,-4.07015694922497,-5.461879090951305,0.7637136444643667,0.23628635553563318
bear_high_rel_holding_balance,supply,2015-2019,1,171,13434,1,-0.044615025292202674,-0.053898846375781725,0.45544877360110014,0.5762236032749758,-1.1656161601866504,-0.8930144316640294,-1.5426850146241242,0.5286442095754363,0.4713557904245634
bear_high_rel_holding_balance,supply,2015-2019,5,171,13433,1,-0.1887295175029829,-0.22471920979630539,0.4177943106870832,1.2640163874526646,-2.453538461857388,-1.9805884383145176,-2.9611144119126087,0.5688067541292697,0.43119324587073016
bear_high_rel_holding_balance,supply,2015-2019,10,171,13434,1,-0.32684965110649233,-0.5369129424264918,0.40641764797150765,1.8455549741576058,-3.504637617917985,-2.853204433828651,-4.1482257140245835,0.5925495687289166,0.40745043127108327
bear_high_rel_holding_balance,supply,2015-2019,20,171,13434,1,-0.6444936498104836,-0.799483755452376,0.3806528653116017,2.683816202544809,-4.895420488205227,-4.187109960270686,-5.574064795969346,0.6625116087000258,0.33748839129997443
bear_high_rel_holding_balance,supply,2020-2026,1,268,27614,1,-0.009276342944357415,-0.04498341657225967,0.4778690582562351,0.6343621710096591,-1.2179044219446626,-0.9437159762346794,-1.6842631966324917,0.5106942343799956,0.48930576562000433
bear_high_rel_holding_balance,supply,2020-2026,5,266,27567,1,0.005659225730964834,-0.17725291988625264,0.45157730747366404,1.4050244508292715,-2.5556549413163836,-2.012457306402454,-3.18632091441347,0.5070313106520601,0.4929686893479399
bear_high_rel_holding_balance,supply,2020-2026,10,265,27516,1,-0.06482024549661534,-0.39471614352426687,0.41422843304802115,1.955286389020994,-3.3334407048649517,-2.6903955370457657,-4.024617464427967,0.5303726789084618,0.46962732109153793
bear_high_rel_holding_balance,supply,2020-2026,20,265,27412,1,-0.25835882443067454,-0.7816076794566876,0.400049162913226,2.716738035044441,-4.7641174505215655,-3.880680584736376,-5.52088048128905,0.5858843932191433,0.41411560678085685
bear_high_rel_holding_balance,supply,ALL,1,273,61345,1,-0.012570159392233769,-0.043386129322447814,0.48000383111275263,0.6162545764763702,-1.2473308136221155,-0.9455515697520764,-1.7221919986747427,0.5127027851667937,0.48729721483320637
bear_high_rel_holding_balance,supply,ALL,5,271,61297,1,-0.03813077939804678,-0.18557823759851894,0.45499030756913933,1.353456546451848,-2.616202992857543,-2.082690301571647,-3.3366675175662297,0.525861724135741,0.4741382758642593
bear_high_rel_holding_balance,supply,ALL,10,270,61247,1,-0.12531605670196116,-0.3968495644541526,0.4251930450731845,1.8723979727494302,-3.5149716446492807,-2.8239686575380016,-4.3562642908560045,0.5402164277764545,0.4597835722235455
bear_high_rel_holding_balance,supply,ALL,20,270,61144,1,-0.29840751146466055,-0.6498985767078248,0.40853765560452493,2.618761985630082,-4.870557996111238,-4.005573428710974,-5.912963379370398,0.579521118036848,0.4204788819631518
bear_low_a0_sd,supply,2005-2009,1,1,6,0,0.14766735688515217,0.039149839622849264,0.5,0.4609535887472606,-0.6039309673858109,-0.45376320937451264,-0.754098725397109,0.33982405117349274,0.6601759488265072
bear_low_a0_sd,supply,2005-2009,5,1,6,0,-0.6425171504877368,-0.5494463203235442,0.5,1.300346162943254,-2.5116030592853327,-2.200976027627096,-2.82223009094357,0.7470561950340356,0.25294380496596447
bear_low_a0_sd,supply,2005-2009,10,1,6,0,0.7471508010062363,0.4009356102274743,0.5,2.0524313132427205,-1.744051224992484,-1.6677453146659447,-1.8203571353190233,0.3179839695035197,0.6820160304964804
bear_low_a0_sd,supply,2005-2009,20,1,6,0,2.0142706760407685,2.144921086524521,0.8333333333333334,2.7513607695488473,-1.5680235866572612,-0.9247768927902877,-2.211270280524235,0.13395009874131159,0.8660499012586883
bear_low_a0_sd,supply,2015-2019,1,1,6,0,0.2237733527507534,0.06542076327729346,0.6666666666666666,0.7820497076952625,-0.9641546904830756,-0.8374145324167636,-1.0908948485493875,0.3569315028515105,0.6430684971484896
bear_low_a0_sd,supply,2015-2019,5,1,6,0,-0.7525268645608799,-0.0693681633051959,0.3333333333333333,1.4319460994743627,-3.949024056353628,-3.207341282747668,-4.690706829959589,0.7627636839253645,0.23723631607463544
bear_low_a0_sd,supply,2015-2019,10,1,6,0,-2.046140824004797,0.1939707032256665,0.6666666666666666,2.6621146151507213,-7.864220604361717,-7.062383158733278,-8.666058049990156,0.884307424699096,0.1156925753009041
bear_low_a0_sd,supply,2015-2019,20,1,6,0,-2.3520871666367587,0.43629294317558176,0.6666666666666666,3.408086847682723,-9.124940107100707,-8.640261021479223,-9.609619192722192,0.8450744173723191,0.1549255826276809
bear_low_a0_sd,supply,2020-2026,1,11,64,0,0.09172691196651131,0.0692790722122856,0.5398989898989899,0.5501204534865347,-0.7075752052187493,-0.6260501221566104,-0.7891002882808882,0.32027676494282203,0.679723235057178
bear_low_a0_sd,supply,2020-2026,5,11,64,0,0.024991281908356856,-0.16182592736230567,0.49671717171717167,1.3848579237769612,-1.712097590544813,-1.564579342393394,-1.8596158386962323,0.5520941239844864,0.4479058760155136
bear_low_a0_sd,supply,2020-2026,10,11,64,0,0.14938338486248234,-0.18384837852711905,0.5171717171717172,1.793511181518361,-2.6964690762466708,-2.207913292542808,-2.9048367112123166,0.5183599669190233,0.48164003308097675
bear_low_a0_sd,supply,2020-2026,20,11,64,0,-0.0024734420482646273,0.2909049389207592,0.4752525252525251,2.9076357974049944,-3.490692266043718,-3.410426331186449,-3.570958200900986,0.4441994404822736,0.5558005595177263
bear_low_a0_sd,supply,ALL,1,40,237,1,0.11045168434996393,0.09200956136872349,0.5498611111111111,0.6202146307839977,-0.7656962555663088,-0.7095556485090877,-0.8684000135123059,0.37962639190335873,0.6203736080966413
bear_low_a0_sd,supply,ALL,5,40,237,1,-0.07604024082903488,-0.055009239063182946,0.46423611111111107,1.5369714350268187,-1.8925314489856486,-1.6838879513687293,-2.04437045234014,0.5557449905670171,0.4442550094329829
bear_low_a0_sd,supply,ALL,10,40,237,1,0.1278786584328845,-0.12707345353102964,0.515,2.0074934472384967,-2.3985938740104538,-2.0370272647721213,-2.6605512400785685,0.519822381415443,0.480177618584557
bear_low_a0_sd,supply,ALL,20,40,237,1,-0.08933560792729844,-0.18328051973645226,0.45548611111111104,2.8703384119948554,-4.079540612719963,-3.5427191484159737,-4.585634829779915,0.5605488783655654,0.4394511216344345
bear_low_exhaustion_balance,supply,2005-2009,1,1,5,0,0.3280205733416044,0.1106319560829985,0.6,0.4023245614172909,-0.12920861004899306,-0.10498952674606979,-0.15342769335191633,0.09234334067740205,0.907656659322598
bear_low_exhaustion_balance,supply,2005-2009,5,1,5,0,-0.20657456239657018,0.32774524439169295,0.6,0.995969377343191,-1.549105148456254,-1.5184883326018856,-1.579721964310622,0.6037052780415902,0.3962947219584098
bear_low_exhaustion_balance,supply,2005-2009,10,1,5,0,1.1996076600100567,1.3822221278325124,0.6,2.1598908770886913,-1.5723558897307313,-1.3243546441424394,-1.8203571353190233,0.22229901224755316,0.777700987752447
bear_low_exhaustion_balance,supply,2005-2009,20,1,5,0,2.8593788673537697,2.2672981238681933,1.0,2.8593788673537697,0.6938820057910973,1.0260475166385352,0.36171649494365926,0.0,1.0
bear_low_exhaustion_balance,supply,2020-2026,1,1,5,0,0.13114499864881587,-0.27769405361109917,0.4,1.0255507176070453,-1.0209867804063986,-0.9931023413969575,-1.0488712194158394,0.43606118332459404,0.563938816675406
bear_low_exhaustion_balance,supply,2020-2026,5,1,5,0,-0.9578844680862378,-1.3633190211784663,0.2,2.0927543525502363,-2.998150742972373,-2.642148783206383,-3.3541527027383626,0.7288573589439575,0.27114264105604247
bear_low_exhaustion_balance,supply,2020-2026,10,1,5,0,-1.623201198645453,-2.3820589232046703,0.2,2.3304907407605406,-2.800652893729494,-2.6964690762466708,-2.9048367112123166,0.8482530889858271,0.15174691101417295
bear_low_exhaustion_balance,supply,2020-2026,20,1,5,0,-1.5729741875455265,-2.0211515437317953,0.4,2.881392231722037,-4.569692457160972,-4.561485653866028,-4.577899260455916,0.7729538467946541,0.22704615320534588
bear_low_exhaustion_balance,supply,ALL,1,11,60,0,0.11244701890735427,0.1106319560829985,0.5560606060606061,0.6996122918663698,-0.8976661723916899,-0.6439544843579018,-1.0387323418794774,0.32871055581581865,0.6712894441841815
bear_low_exhaustion_balance,supply,ALL,5,11,60,0,-0.2862731281256284,0.058700104555664184,0.456060606060606,1.2690542710899229,-1.8931459030913576,-1.6256230329953687,-2.02275883214271,0.6037052780415902,0.3962947219584098
bear_low_exhaustion_balance,supply,ALL,10,11,60,0,0.23747716380865158,0.15852722063987643,0.5431818181818181,1.79598557628037,-2.193190812276826,-1.6391750468992554,-2.382419282903259,0.44497412271319,0.5550258772868101
bear_low_exhaustion_balance,supply,ALL,20,11,60,0,-0.1955098369584854,-1.029426328234781,0.4522727272727273,2.6544155001812424,-3.9587137530106933,-3.63551668563657,-4.577899260455916,0.5217667250668858,0.47823327493311424
bear_low_holding_balance,supply,2005-2009,1,6,34,0,-0.14882693088109075,-0.11171952658483696,0.43253968253968256,0.4485249656618713,-0.8789999063853077,-0.7859573510319847,-0.9318007617303294,0.6454373311477599,0.35456266885224
bear_low_holding_balance,supply,2005-2009,5,6,34,0,-0.2594550022083009,-0.01862319996372655,0.31746031746031744,1.4489130266289756,-1.872687671009046,-1.6320978144777147,-2.1132775275403777,0.8442544611747027,0.1557455388252974
bear_low_holding_balance,supply,2005-2009,10,6,34,0,-0.0021139822585583743,-0.5010192129851728,0.3619047619047619,2.2626998155834332,-2.5635804989480517,-2.0617127666508988,-3.198592030264253,0.5517061777736565,0.4482938222263436
bear_low_holding_balance,supply,2005-2009,20,6,34,0,0.9538889042964493,0.34190084315129066,0.4761904761904762,3.043314507546445,-1.9506944090226992,-1.6494372832618742,-2.592327042296163,0.34859853314565825,0.6514014668543417
bear_low_holding_balance,supply,2010-2014,1,2,13,0,-0.014727280875105359,0.06828924713106158,0.4875,0.538818581623303,-0.8805398606748008,-0.6855911340383753,-1.075488587311226,0.41593468671555267,0.5840653132844473
bear_low_holding_balance,supply,2010-2014,5,2,13,0,1.5042832068059826,0.7885941669141215,0.6875,2.688789500715291,-0.9093136240074161,-0.5025430342532962,-1.316084213761536,0.47217530199721774,0.5278246980027823
bear_low_holding_balance,supply,2010-2014,10,2,13,0,0.5393433675134514,-0.5856344721278645,0.5625,2.7081905778360813,-2.0703682090499247,-1.9584150590394425,-2.182321359060407,0.45701959232689093,0.5429804076731091
bear_low_holding_balance,supply,2010-2014,20,2,13,0,0.3058306849090302,-0.6847614836510802,0.5625,2.973409291117613,-2.0337682782609843,-1.8984851507686922,-2.1690514057532755,0.4920977177530983,0.5079022822469018
bear_low_holding_balance,supply,2015-2019,1,9,56,0,0.020429418253598303,0.012290660525658192,0.5295414462081128,0.65833231094796,-1.0493757750170019,-0.7916050198947671,-1.1844226687577044,0.5906594222279097,0.40934057777209043
bear_low_holding_balance,supply,2015-2019,5,9,56,0,-0.2680798604586345,-0.0693681633051959,0.47500000000000003,1.339036352407569,-2.3148235212082136,-1.9724942380951502,-2.4840420107815953,0.6672275803581651,0.3327724196418348
bear_low_holding_balance,supply,2015-2019,10,9,56,0,-0.7404073605716827,-0.6778937811635404,0.3486331569664903,1.583516063968792,-2.30767912630466,-2.2067050884663773,-2.408653164142943,0.90320895127589,0.09679104872411004
bear_low_holding_balance,supply,2015-2019,20,9,56,0,-0.7488155482272344,-0.9465588560853205,0.40048500881834215,2.036405899552658,-2.9652780016783256,-2.507726822378223,-3.4228291809784275,0.8405745862838521,0.159425413716148
bear_low_holding_balance,supply,2020-2026,1,32,211,1,0.1528652772874038,0.031141497833391207,0.5476934523809524,0.5731106407823485,-0.6807410690310763,-0.5721953719364635,-0.7871257705065373,0.34158881178400735,0.6584111882159928
bear_low_holding_balance,supply,2020-2026,5,32,211,1,0.11353224662648971,0.11958685449745209,0.5603050595238095,1.3066331768031012,-1.6360872298802385,-1.509305086022687,-1.843430399982316,0.4373391304323583,0.5626608695676418
bear_low_holding_balance,supply,2020-2026,10,32,211,1,0.05797650535225035,-0.1887491426551793,0.4892857142857142,1.886458986841365,-2.542458671086714,-2.177659453154356,-2.9489124945717515,0.5514922650452478,0.44850773495475216
bear_low_holding_balance,supply,2020-2026,20,32,211,1,0.0056223157721308065,-0.02647472160388191,0.515327380952381,2.7610981745998844,-3.3822420927682773,-3.0037524358996315,-3.7100688033505604,0.5133364141501198,0.48666358584988034
bear_low_holding_balance,supply,ALL,1,95,717,1,0.07792740268605068,0.031616156738052174,0.5202423407617313,0.600710331608952,-0.8086978564530449,-0.6873735418652931,-0.9215538955384972,0.44929719432968,0.5507028056703199
bear_low_holding_balance,supply,ALL,5,95,717,1,-0.016412179561743297,-0.128499465432652,0.48825712376266395,1.3769864837546657,-1.775446141787859,-1.5904251513910597,-1.9632258681020487,0.5373023307901722,0.46269766920982763
bear_low_holding_balance,supply,ALL,10,95,717,1,0.057152230480787686,-0.13484381971993986,0.48423785509658085,1.8452194846698213,-2.301580372930641,-1.931140543203101,-2.7587516738957945,0.5170526964124318,0.48294730358756816
bear_low_holding_balance,supply,ALL,20,95,717,1,-0.00377849249714534,-0.07712507022266608,0.47888586252159665,2.6378380288424363,-3.544413231951573,-3.194536849962545,-3.921220472310692,0.5218332663686872,0.47816673363131285
bear_low_rel_a0_sd,demand,2000-2004,1,5,31,0,-0.1134568209511377,-0.1826495295145222,0.3174603174603174,0.33281438125204815,-0.5487077569439622,-0.4810017009338005,-0.6359952940416694,0.8083680744157827,0.19163192558421718
bear_low_rel_a0_sd,demand,2000-2004,5,5,31,0,-0.15031558278832022,-0.21699284802472035,0.41714285714285715,0.8565730364518369,-0.7157075634565577,-0.61954693201467,-0.8118681948984453,0.6578546361514804,0.3421453638485195
bear_low_rel_a0_sd,demand,2000-2004,10,5,31,0,-0.265496206944588,0.014070843015497209,0.5231746031746032,0.9243339172200244,-1.9199707998841318,-1.7091739995148336,-2.1074671918500134,0.7431545270152858,0.2568454729847141
bear_low_rel_a0_sd,demand,2000-2004,20,5,31,0,-0.220346843361621,0.2467674003223323,0.47111111111111115,1.6067493259599555,-1.8875183166283356,-1.7032216890982634,-2.0718149441584077,0.4092792710844142,0.5907207289155859
bear_low_rel_a0_sd,demand,2005-2009,1,12,73,0,-0.010952015974265955,-0.11149331135836399,0.4689814814814815,0.4268748804454067,-0.5707962052613171,-0.5300960463765038,-0.6084019174270243,0.5611133084809554,0.4388866915190446
bear_low_rel_a0_sd,demand,2005-2009,5,12,73,0,-0.0091261580552984,0.43705791700331853,0.49722222222222223,1.1787608173584079,-1.4399012870385233,-1.129789433242798,-1.772132866958706,0.44075472446683894,0.5592452755331611
bear_low_rel_a0_sd,demand,2005-2009,10,12,73,0,-0.09764968181752524,0.3494970246525939,0.4201388888888889,1.7190455875250763,-2.3456987658858246,-1.8138891428422785,-2.838310242292537,0.3737809584592236,0.6262190415407765
bear_low_rel_a0_sd,demand,2005-2009,20,12,73,0,0.18552529731186465,0.37297264763924487,0.5914351851851852,1.851629502357044,-1.9014677824280017,-1.662040246634524,-2.119017531304373,0.3515670350574487,0.6484329649425513
bear_low_rel_a0_sd,demand,2010-2014,1,9,53,0,-0.003962514392254345,-0.03878316962981706,0.47089947089947093,0.4574583680588316,-0.6674923789236495,-0.5886452370864403,-0.7420449723200919,0.43704148774546975,0.5629585122545303
bear_low_rel_a0_sd,demand,2010-2014,5,9,53,0,0.08911452567193266,-0.07384329698284839,0.5042328042328043,0.8438759511894592,-1.2538654634518902,-0.9676500068639687,-1.5400809200398116,0.4794354023382355,0.5205645976617645
bear_low_rel_a0_sd,demand,2010-2014,10,9,53,0,0.08071742551437255,0.18059505992873576,0.5534391534391534,1.2805605568140992,-1.363224647852583,-1.1182115811515483,-1.620547959883635,0.5105188319432293,0.48948116805677067
bear_low_rel_a0_sd,demand,2010-2014,20,9,53,0,-0.5651915862392439,-0.21586120941536482,0.5534391534391534,1.5695146406283746,-2.1369869280844798,-1.8383117389944341,-2.4356621171745254,0.854115247972933,0.14588475202706694
bear_low_rel_a0_sd,demand,2015-2019,1,18,108,0,0.022497412131878176,0.0035119416603271825,0.500462962962963,0.45191155819522577,-0.47480369752758683,-0.42903506781597,-0.5166608695473296,0.48479620629524756,0.5152037937047524
bear_low_rel_a0_sd,demand,2015-2019,5,18,108,0,-0.045425543276901265,-0.011334588385574981,0.4759259259259259,0.8662005240665818,-0.9266071667332906,-0.7897254842402026,-1.0759952093981402,0.6180353642270997,0.3819646357729002
bear_low_rel_a0_sd,demand,2015-2019,10,18,108,0,0.06581617466265377,0.3030265115016917,0.49953703703703706,1.4323731390956709,-1.4613906373961274,-1.1041847065035912,-1.5792685927053347,0.41831670044814745,0.5816832995518524
bear_low_rel_a0_sd,demand,2015-2019,20,18,108,0,0.030014903384720324,-0.24927053871122193,0.42731481481481487,1.8823909254396791,-2.307169816829734,-1.8018349638558377,-2.59297051970558,0.5748985756520186,0.42510142434798137
bear_low_rel_a0_sd,demand,2020-2026,1,63,453,1,0.017809337025991114,-0.001957586912077123,0.5099856121785946,0.4657423718450698,-0.6413030407038669,-0.5312257460900234,-0.7156504960262281,0.4605906286273807,0.5394093713726191
bear_low_rel_a0_sd,demand,2020-2026,5,63,448,1,0.05543308258117095,0.030134829170147894,0.5149319607339657,1.1360720440523806,-1.2169701610204926,-1.0731261739321791,-1.4276097969897763,0.44305093849956967,0.5569490615004303
bear_low_rel_a0_sd,demand,2020-2026,10,63,448,1,-0.10790740358693048,-0.15578657794537276,0.4865174600763573,1.6241014047232016,-1.8894653028513901,-1.5097287718206238,-1.9790691285567947,0.5575057348329813,0.4424942651670189
bear_low_rel_a0_sd,demand,2020-2026,20,63,444,1,-0.31482481080772884,-0.5702192400337444,0.41573368847804937,2.5000342164278297,-2.9110501473447714,-2.749852707899829,-3.4508546364562727,0.6563602034232258,0.343639796576774
bear_low_rel_a0_sd,demand,ALL,1,150,1449,1,0.01644169732436381,-0.012635221371105178,0.4942105803876903,0.4783489594969838,-0.7102585151336204,-0.5636424659182282,-0.8291277534228044,0.4768395396239773,0.5231604603760227
bear_low_rel_a0_sd,demand,ALL,5,149,1438,1,0.0278287722034766,0.026356271338761755,0.4921186267802241,1.1101053944798018,-1.6138910293209756,-1.334014126356879,-1.8503568683504745,0.49419474999217217,0.505805250007828
bear_low_rel_a0_sd,demand,ALL,10,149,1438,1,0.026642076503562376,-0.06231843138041499,0.4933166889896751,1.6218282938639474,-2.0348976821528564,-1.6816119643702718,-2.5098979608722614,0.4634499592496255,0.5365500407503745
bear_low_rel_a0_sd,demand,ALL,20,149,1432,1,-0.1771488373148004,-0.2498144929431757,0.4520142246349784,2.279889993847515,-3.0785846171681253,-2.5437829859912062,-3.743173189114384,0.520997650101919,0.4790023498980808
bear_low_rel_a0_sd,supply,2000-2004,1,22,160,0,-0.021951652864244223,0.012282182078701832,0.515262826893843,0.5879600706182992,-0.9294038414347751,-0.7329023524310048,-1.0091438604243077,0.5023325185872596,0.4976674814127404
bear_low_rel_a0_sd,supply,2000-2004,5,22,160,0,0.1357639729432201,-0.12072812380241515,0.464255330231266,1.3479301095512892,-1.6234197513879893,-1.4021094219810086,-1.9109272477533565,0.4820015843824397,0.5179984156175603
bear_low_rel_a0_sd,supply,2000-2004,10,22,160,0,0.09072130940153848,-0.3766001931429445,0.4609180035650624,1.9078854542768047,-2.2799232843615678,-1.9426102806082461,-2.485102210203194,0.5504165998259736,0.44958340017402654
bear_low_rel_a0_sd,supply,2000-2004,20,22,160,0,0.36839272913627996,-0.21064109910476728,0.4687751271307421,2.731671019933426,-2.7800021657256755,-2.304671366335492,-3.2008686993739897,0.500964992151165,0.49903500784883514
bear_low_rel_a0_sd,supply,2005-2009,1,69,568,1,0.025638104011737543,0.004513788683040473,0.49475972899885934,0.5924936863850667,-0.7826699486593209,-0.6801232940684886,-0.8708477367414721,0.49459279937525136,0.5054072006247488
bear_low_rel_a0_sd,supply,2005-2009,5,69,568,1,0.2917089028028584,0.08048014693025274,0.5192678497026323,1.3600700616593877,-1.6049475382443155,-1.2879470877381847,-1.8778580566091971,0.44276742586255824,0.5572325741374416
bear_low_rel_a0_sd,supply,2005-2009,10,69,568,1,0.5646223505088006,0.5764843084608382,0.5823931101105015,1.8709373961238112,-1.8911378918640382,-1.5570326700810848,-2.10822483913222,0.33454065534161115,0.665459344658389
bear_low_rel_a0_sd,supply,2005-2009,20,69,568,1,0.7303069620923114,0.31897028002717875,0.5280489035923819,2.7606947324563214,-2.747039532114307,-2.4375896221545554,-3.3104129450739834,0.4240396936768069,0.5759603063231932
bear_low_rel_a0_sd,supply,2010-2014,1,35,292,1,0.03987152915309212,0.041829784087325544,0.49449428808451373,0.5586725058756321,-0.8456966465980779,-0.6282232491370195,-0.9396723296810222,0.4466238433964817,0.5533761566035184
bear_low_rel_a0_sd,supply,2010-2014,5,35,292,1,-0.18475413740115634,-0.3386024825953036,0.4206478275275268,1.447486357456623,-2.2567230043602384,-1.9524388521781006,-2.5689920862749163,0.6944406469591453,0.3055593530408546
bear_low_rel_a0_sd,supply,2010-2014,10,35,292,1,-0.1113459350590432,-0.4311441751141717,0.44533470706403033,2.0207511371835345,-2.8130978752765476,-2.332033264860309,-3.2982930005592523,0.6376766734809808,0.3623233265190194
bear_low_rel_a0_sd,supply,2010-2014,20,35,292,1,-0.27630424535320736,-1.1320028438502339,0.4390353464413615,2.778931897740299,-3.52011938332955,-3.171250408021834,-4.033444663389606,0.594341840487945,0.405658159512055
bear_low_rel_a0_sd,supply,2015-2019,1,91,880,1,-0.02040916053018578,-0.048031580119915464,0.4738943182569217,0.6218873865894038,-0.8906637433912846,-0.7429622068146596,-1.0484301754887322,0.5036706309200638,0.49632936907993624
bear_low_rel_a0_sd,supply,2015-2019,5,91,880,1,-0.0687229892285794,-0.3667025545077294,0.44212946175233114,1.3850144992538174,-1.96843190924405,-1.5651031089620528,-2.269105009933409,0.5970497102955442,0.40295028970445584
bear_low_rel_a0_sd,supply,2015-2019,10,91,880,1,-0.12676798207301354,-0.24796725183033919,0.45676258008275844,1.8936142696919716,-2.7049221490796462,-2.3204225603554445,-3.1318458978848946,0.595636657906147,0.4043633420938531
bear_low_rel_a0_sd,supply,2015-2019,20,91,880,1,-0.36566403159098076,-0.49876294123415743,0.4279348263375073,2.5100605849317272,-3.631057331709449,-2.901381233083792,-4.086486094317594,0.6232464473653134,0.37675355263468646
bear_low_rel_a0_sd,supply,2020-2026,1,194,2161,1,0.0168147800917689,-0.004649070687764995,0.4793746773762536,0.6200761330308135,-0.9205052189509847,-0.7566498235871685,-1.0763190486896483,0.4786470359707733,0.5213529640292265
bear_low_rel_a0_sd,supply,2020-2026,5,194,2151,1,-0.1634061178871986,-0.1739084633850582,0.4406998853721592,1.4464749845260785,-2.1406230911975364,-1.8438157193875933,-2.526759680657518,0.5699089684076999,0.4300910315923001
bear_low_rel_a0_sd,supply,2020-2026,10,193,2142,1,-0.03258163082008264,-0.34975102791197904,0.4367342773644049,2.0331245878016504,-2.7444836779495345,-2.342987376175673,-3.16405972654333,0.5448739516783722,0.4551260483216281
bear_low_rel_a0_sd,supply,2020-2026,20,192,2135,1,-0.13367683852920934,-0.43508536207143145,0.4332422242725142,3.052430005655946,-4.224656113415287,-3.554964971887836,-4.931047716994601,0.5928962319630746,0.4071037680369256
bear_low_rel_a0_sd,supply,ALL,1,220,4587,1,0.026795749521191056,0.005401919423332205,0.48217516503268665,0.6154299380278195,-0.992883331363066,-0.8094209644903243,-1.2221285101506565,0.4720998296719463,0.5279001703280537
bear_low_rel_a0_sd,supply,ALL,5,220,4577,1,-0.035321948308460555,-0.14778260127297044,0.45249583142040384,1.4085064066854271,-2.328470367397915,-1.891024246934105,-2.817811585392347,0.5412764017116245,0.4587235982883755
bear_low_rel_a0_sd,supply,ALL,10,219,4568,1,0.0685078693163067,-0.27395089008390405,0.4606505189502959,1.9744763733172284,-3.029734151654161,-2.4605110416198284,-3.6321321969774827,0.535590701524386,0.46440929847561385
bear_low_rel_a0_sd,supply,ALL,20,219,4564,1,0.01347464488580239,-0.43293510865147455,0.45010277619356237,2.9232869688217598,-4.520959870305166,-3.6868387619026017,-5.360178271219184,0.5296958961616922,0.4703041038383079
bear_low_rel_exhaustion_balance,demand,2000-2004,1,4,23,0,-0.111452228627578,-0.08433546338691239,0.5321428571428571,0.37801682987454255,-0.5966256355140085,-0.494303062720471,-0.698948208307546,0.6301903240949878,0.36980967590501224
bear_low_rel_exhaustion_balance,demand,2000-2004,5,4,23,0,0.34110060404951315,0.42065573292385394,0.5964285714285715,1.115173132988078,-1.188687293777503,-0.9283721879836376,-1.4490023995713686,0.3466098984124192,0.6533901015875808
bear_low_rel_exhaustion_balance,demand,2000-2004,10,4,23,0,1.132245236096714,1.4566010277160382,0.780952380952381,1.7914483046592133,-1.5472330015063898,-1.0195312905604421,-2.0634254188721326,0.23227577558747708,0.7677242244125229
bear_low_rel_exhaustion_balance,demand,2000-2004,20,4,23,0,1.2945159855053119,1.507507653874487,0.7892857142857143,2.039815559671599,-0.5084715760904437,0.016852723462255415,-1.033795875643143,0.10811733078499043,0.8918826692150095
bear_low_rel_exhaustion_balance,demand,2005-2009,1,26,195,0,0.031487891169676714,0.012795235914109226,0.48659833755987597,0.44555460471009045,-0.6290396646716832,-0.47584732540929797,-0.7542347936745167,0.4865850507458397,0.5134149492541603
bear_low_rel_exhaustion_balance,demand,2005-2009,5,26,195,0,0.24332124757982088,0.0827051730591773,0.5553101812717198,1.176299391481862,-1.1362622298303982,-0.9522024511571304,-1.3309919855534371,0.3612300877082447,0.6387699122917554
bear_low_rel_exhaustion_balance,demand,2005-2009,10,26,195,0,0.3175049020969404,-0.06228885781402675,0.5197532168686015,1.5299227947269167,-1.4642324995992715,-1.1568466041126735,-1.7683282350663379,0.37569520497760034,0.6243047950223999
bear_low_rel_exhaustion_balance,demand,2005-2009,20,26,195,0,0.5903748737898313,0.18180596617534991,0.5567624683009298,2.3682804207185137,-1.6936815348299339,-1.4330712386394664,-2.460661166092238,0.35191998647406453,0.6480800135259356
bear_low_rel_exhaustion_balance,demand,2010-2014,1,11,77,0,0.08580413599329212,0.18331216085779592,0.6083333333333334,0.5823567149113789,-0.7424366219248781,-0.742306072056616,-0.7425671717931401,0.4083942472987537,0.5916057527012464
bear_low_rel_exhaustion_balance,demand,2010-2014,5,11,77,0,0.023593667076176706,-0.22105599623375466,0.41464646464646465,1.2381969858209796,-1.6703173826854476,-1.4823078648318044,-1.9360418181214363,0.675566744279655,0.324433255720345
bear_low_rel_exhaustion_balance,demand,2010-2014,10,11,77,0,0.06244735706309992,-0.9096846040954667,0.43585858585858583,2.0804765197090815,-2.3250398541053676,-2.045329681265745,-2.427007656155719,0.5247324969436302,0.4752675030563696
bear_low_rel_exhaustion_balance,demand,2010-2014,20,11,77,0,0.44421928662661025,-0.6101669923706519,0.45833333333333337,2.689738517360809,-1.3441591287019525,-1.2202841659433297,-1.7233595680888683,0.5885779623715567,0.4114220376284433
bear_low_rel_exhaustion_balance,demand,2015-2019,1,27,187,0,-0.021605284250535567,-0.005314720765480379,0.47081694026138476,0.48883880947436437,-0.7578911093644302,-0.6138336886552157,-0.8095181759916161,0.5496040166801537,0.45039598331984615
bear_low_rel_exhaustion_balance,demand,2015-2019,5,27,187,0,-0.10416025943625219,0.25193908051307007,0.511292000180889,1.3377371220676,-1.7461266837185632,-1.484297312525762,-2.0063029159543175,0.5053799720417358,0.4946200279582642
bear_low_rel_exhaustion_balance,demand,2015-2019,10,27,187,0,-0.36711391226468965,-0.24669545629262465,0.4290801790801791,1.863538161528906,-1.9862218634977158,-1.7844218032349624,-2.4010143092477465,0.7246604731337907,0.27533952686620927
bear_low_rel_exhaustion_balance,demand,2015-2019,20,27,187,0,-0.7047374170571137,-0.06309161409670527,0.4271243160132049,2.5901029820854355,-2.4597010438497873,-2.018057740853372,-2.6727080137184003,0.6380242337435418,0.36197576625645816
bear_low_rel_exhaustion_balance,demand,2020-2026,1,100,849,1,0.026897304577925447,0.0,0.5189546613517201,0.5339246862683816,-0.6930506363491343,-0.6402287178167836,-0.8272128676833749,0.4928035653467286,0.5071964346532714
bear_low_rel_exhaustion_balance,demand,2020-2026,5,99,839,1,-0.041091479289533835,-0.03709587996479789,0.4679278419474498,1.280079117239474,-1.7799484351236798,-1.5477921673752737,-2.046793119057629,0.48969595683773126,0.510304043162269
bear_low_rel_exhaustion_balance,demand,2020-2026,10,99,839,1,-0.17208128381676427,-0.4843455468280085,0.4312820399050345,1.7602576193722004,-2.113003559946482,-1.7849978625288454,-2.4842348673197328,0.6644488756212796,0.33555112437872053
bear_low_rel_exhaustion_balance,demand,2020-2026,20,99,835,1,-0.3702444041910107,-0.6693649310400105,0.4145591105929786,2.544952517888741,-3.240578658615,-2.9968622886950946,-3.5404948603585367,0.6512815358848768,0.3487184641151231
bear_low_rel_exhaustion_balance,demand,ALL,1,180,2000,1,-0.006065184723551085,-0.013572906926780676,0.4983602628684123,0.5249377122952219,-0.8328664112515576,-0.698793913139464,-0.9749288458832158,0.5250342528564118,0.4749657471435882
bear_low_rel_exhaustion_balance,demand,ALL,5,180,1994,1,-0.029250063925186812,-0.007576074789806668,0.479973116046752,1.2483049066445138,-1.8195530267007085,-1.5701317175567975,-2.152166469844217,0.519673423934575,0.48032657606542495
bear_low_rel_exhaustion_balance,demand,ALL,10,180,1994,1,-0.06059189123748858,-0.3249753287514872,0.45723471573619634,1.7264182460433781,-2.4013121661350687,-2.05877186601532,-2.849256310041709,0.5619079984428728,0.4380920015571272
bear_low_rel_exhaustion_balance,demand,ALL,20,180,1990,1,-0.2286501419361079,-0.5296477591206388,0.4378887721093379,2.387706052590516,-3.320170532028948,-2.921358658649929,-3.7860735219192714,0.5443883417910333,0.45561165820896676
bear_low_rel_exhaustion_balance,supply,2005-2009,1,12,71,0,0.22807476033791504,0.15267364360724733,0.5968253968253968,0.7008180812302746,-0.7120908882021189,-0.6106360189968019,-0.7492088272357025,0.3904177793225375,0.6095822206774625
bear_low_rel_exhaustion_balance,supply,2005-2009,5,12,71,0,0.6367673277359538,0.29026399713757356,0.5884920634920635,1.6195637566828778,-1.4786606970330558,-1.3753560229998065,-1.7519086184688069,0.4519530764339338,0.5480469235660662
bear_low_rel_exhaustion_balance,supply,2005-2009,10,12,71,0,0.9818898699494397,0.7490642207291269,0.5674603174603176,2.3996646487656994,-2.156508209908865,-2.003911603631972,-2.3091048161857586,0.3254174327102317,0.6745825672897683
bear_low_rel_exhaustion_balance,supply,2005-2009,20,12,71,0,1.7073833320485512,1.9795581133460276,0.632936507936508,3.309186535841343,-2.168562325819708,-1.8562164939367602,-2.4809081577026557,0.23528040813908718,0.7647195918609129
bear_low_rel_exhaustion_balance,supply,2010-2014,1,8,47,0,0.15345194991052574,0.150100119969827,0.575,0.5322666129424252,-0.6350138061927607,-0.5133635370873251,-0.723265249552843,0.4022475301924735,0.5977524698075265
bear_low_rel_exhaustion_balance,supply,2010-2014,5,8,47,0,0.4809825094326008,0.23318069789451995,0.5625,1.7449046912645447,-1.701107942623928,-1.5462568751225712,-1.7959717504027763,0.41787301237840824,0.5821269876215918
bear_low_rel_exhaustion_balance,supply,2010-2014,10,8,47,0,0.6161410531428031,0.4622333651904387,0.5708333333333334,2.4763380189854995,-1.8122684618583167,-1.6193098674966289,-1.8411049397433636,0.4299473742324595,0.5700526257675406
bear_low_rel_exhaustion_balance,supply,2010-2014,20,8,47,0,0.17172384351491154,-0.528476682852959,0.4916666666666667,2.8375265232636817,-3.6516451119037576,-2.891087788289739,-4.090445863644089,0.41055445014687586,0.5894455498531241
bear_low_rel_exhaustion_balance,supply,2015-2019,1,25,182,0,-0.010063785673914851,-0.07150227720051015,0.48619047619047623,0.6286957952005751,-0.8251014105826885,-0.7168243361236284,-0.987512178956132,0.57232770612,0.4276722938800002
bear_low_rel_exhaustion_balance,supply,2015-2019,5,25,182,0,0.09991630115064172,0.10288676713332541,0.4842380952380953,1.2960269164164329,-1.5808897309725964,-1.2591891226106677,-1.7875834342385655,0.45586055896721045,0.5441394410327897
bear_low_rel_exhaustion_balance,supply,2015-2019,10,25,182,0,0.12067181648912464,0.18279583642785022,0.5413333333333333,1.7709702035718249,-2.5714091791078184,-2.135560606298721,-2.835972382071103,0.4201737270951741,0.5798262729048259
bear_low_rel_exhaustion_balance,supply,2015-2019,20,25,182,0,-0.1642226344375203,-0.06137530388647064,0.47642857142857137,2.3108593723680917,-3.235531854216461,-3.1275887990651325,-4.030606529016816,0.562182864576272,0.4378171354237279
bear_low_rel_exhaustion_balance,supply,2020-2026,1,67,481,1,0.04821370485282426,0.10293210665410171,0.5235814814392514,0.6554699088316994,-0.8881726901154828,-0.7537852160176961,-1.0313517059901331,0.4805706520144943,0.5194293479855057
bear_low_rel_exhaustion_balance,supply,2020-2026,5,67,481,1,-0.02491492173579481,0.06527956515424896,0.48208940971232456,1.4958541258607574,-2.0690078521100292,-1.7183734703208673,-2.409551828192693,0.5208356532448155,0.47916434675518443
bear_low_rel_exhaustion_balance,supply,2020-2026,10,67,481,1,0.18729259199307616,-0.09784970204310942,0.46486194885009635,1.9629707601398083,-2.431628457096854,-1.9910343502777899,-2.6117860855851456,0.5326504787375616,0.46734952126243845
bear_low_rel_exhaustion_balance,supply,2020-2026,20,67,479,1,0.22721740546960487,-0.4632242026550945,0.4586779148565803,2.9766887390985355,-3.809746871441365,-3.2277820291597843,-4.182079766275142,0.601015508567559,0.39898449143244097
bear_low_rel_exhaustion_balance,supply,ALL,1,144,1413,1,0.07132135326689687,0.02838472872985117,0.5150126953780358,0.6548182673749615,-0.9328772964170404,-0.7808365216512627,-1.0688099714157604,0.46277645423937097,0.5372235457606289
bear_low_rel_exhaustion_balance,supply,ALL,5,144,1413,1,-0.0014772032291739648,-0.056247180429385216,0.4760025071696744,1.452798345060092,-2.1102797060436442,-1.7924630068087768,-2.5541141099355187,0.5171404026100983,0.4828595973899017
bear_low_rel_exhaustion_balance,supply,ALL,10,144,1413,1,0.23782030625107195,-0.07038190253345906,0.4827943653015093,2.0295566538463143,-2.5505914110020305,-2.186730327640472,-2.9956506120458375,0.4932947623192395,0.5067052376807606
bear_low_rel_exhaustion_balance,supply,ALL,20,144,1411,1,0.1524813452055946,-0.31762563977771213,0.4509438217958039,2.9805585065833338,-3.932934603091889,-3.3415730640647894,-4.585634829779915,0.5357357064619268,0.4642642935380731
bear_low_rel_holding_balance,demand,2000-2004,1,25,190,0,0.06505503084702285,0.02238500546030063,0.5228571428571428,0.4964112692751417,-0.7018030964823059,-0.5628457994009917,-0.7800616202140184,0.43275894072246507,0.5672410592775349
bear_low_rel_holding_balance,demand,2000-2004,5,25,190,0,0.02469313653224308,-0.30416644023369777,0.39161904761904764,1.0754153473439392,-1.2031312337169107,-1.0557151897900157,-1.3578401832745775,0.5212101592285969,0.47878984077140313
bear_low_rel_holding_balance,demand,2000-2004,10,25,190,0,-0.12328152543489779,-0.8473704355456187,0.48420634920634925,1.6823376449719578,-1.7914666835268176,-1.782860547323284,-2.1074671918500134,0.6602638064241655,0.33973619357583457
bear_low_rel_holding_balance,demand,2000-2004,20,25,190,0,-0.09784634704427222,-0.7500942990711081,0.4565714285714285,2.427723166755554,-2.52092859466391,-2.3257167132940024,-3.1144895604853837,0.6686238285243,0.3313761714757
bear_low_rel_holding_balance,demand,2005-2009,1,67,531,1,0.04219445997760883,0.0477284619089589,0.531306752948544,0.46898409030786664,-0.6216980262600039,-0.5042106794900226,-0.7880846859637607,0.45764078964868304,0.5423592103513168
bear_low_rel_holding_balance,demand,2005-2009,5,67,531,1,0.05352311162924698,0.11389163862251445,0.5477314145224592,1.1039348119021268,-1.3257467239664416,-0.9882866495253533,-1.467548220598899,0.4035744663136778,0.5964255336863221
bear_low_rel_holding_balance,demand,2005-2009,10,67,531,1,-0.00835398377140296,0.12704150911166953,0.49819504707564405,1.4726320672527782,-1.9089794344413926,-1.5600080178573021,-2.05495641088069,0.4267799771841085,0.5732200228158916
bear_low_rel_holding_balance,demand,2005-2009,20,67,531,1,-0.10188589985734643,0.08953717909607384,0.5012054280710996,1.9471709266992456,-2.1087383983138017,-1.8874141656453793,-2.324423258963428,0.5100113960995701,0.48998860390042986
bear_low_rel_holding_balance,demand,2010-2014,1,49,390,1,-0.03358015157609415,-0.08648349190881707,0.4530498413151475,0.45410842036146015,-0.7951969553929066,-0.6435149401419549,-0.8917832514600341,0.5514849946458505,0.44851500535414945
bear_low_rel_holding_balance,demand,2010-2014,5,49,390,1,-0.0031470897241726455,-0.08349543649129067,0.4458099440242298,1.0609499597176417,-1.4496968958156247,-1.1810244825062601,-1.63116886331106,0.595967064534306,0.40403293546569397
bear_low_rel_holding_balance,demand,2010-2014,10,49,390,1,-0.01571195610594978,0.11827689831790011,0.4681678299025238,1.6391395677074905,-1.9449603841327456,-1.6655786578987328,-2.23571233159869,0.5116086335043437,0.48839136649565645
bear_low_rel_holding_balance,demand,2010-2014,20,49,390,1,-0.06844609249175017,-0.0753924451457792,0.5033943947209253,2.2347224802099346,-2.6780951149407155,-2.3232487897925935,-3.2071510980973015,0.6132891030022402,0.38671089699775985
bear_low_rel_holding_balance,demand,2015-2019,1,92,779,1,0.03976390722533862,0.023076090888640013,0.5172055125144369,0.4772258051245891,-0.679462972397574,-0.5443156969252154,-0.7901465843684208,0.4695840591397451,0.530415940860255
bear_low_rel_holding_balance,demand,2015-2019,5,92,779,1,0.029480376099287272,0.003331808899077327,0.5000054325283159,1.0996745707638353,-1.414195577020712,-1.1740244015360473,-1.5826707097774595,0.45542501335234986,0.5445749866476501
bear_low_rel_holding_balance,demand,2015-2019,10,92,779,1,0.07599115771072065,-0.06169288144153934,0.503236099331637,1.600981545858042,-1.9684136975257855,-1.5880951930866218,-2.299719077159556,0.4893051556639454,0.5106948443360546
bear_low_rel_holding_balance,demand,2015-2019,20,92,779,1,0.01677127775628246,-0.20410706269842427,0.4547143487074838,2.1225505986793203,-2.4619658818488954,-2.1005149918404262,-2.8283450870783535,0.5238768064928694,0.4761231935071306
bear_low_rel_holding_balance,demand,2020-2026,1,166,1601,1,-0.015495836576754022,-0.003012248221126778,0.5018201446753893,0.4968559730760011,-0.8072374296210467,-0.6472526031367714,-0.9493825346586178,0.5232799627589799,0.47672003724101997
bear_low_rel_holding_balance,demand,2020-2026,5,165,1585,1,-0.02403556011827667,-0.11306687299934524,0.47099793897922243,1.123178119312859,-1.5662849891239805,-1.3549427421057194,-1.8503568683504745,0.5326446934459914,0.46735530655400853
bear_low_rel_holding_balance,demand,2020-2026,10,165,1580,1,-0.1455258653912628,-0.14295895430997013,0.4632377861789627,1.680319570185506,-2.4310287366431202,-1.8900753515345694,-2.7905346299623086,0.5695419994233677,0.43045800057663236
bear_low_rel_holding_balance,demand,2020-2026,20,163,1561,1,-0.3305692108427178,-0.3406753088152003,0.434648933028697,2.378306323432567,-3.074719970824269,-2.7152939222775423,-3.757849174219435,0.5370207377239041,0.462979262276096
bear_low_rel_holding_balance,demand,ALL,1,211,4151,1,0.011978798020227423,0.008276576182145993,0.5024608022455035,0.49690706440979526,-0.8432672171782151,-0.6412692043163452,-1.0707907020352108,0.48941674361818494,0.5105832563818151
bear_low_rel_holding_balance,demand,ALL,5,211,4138,1,0.06218614535607037,-0.03929229440397085,0.49138553251640726,1.1200392942537747,-1.6890640178761784,-1.3549427421057194,-2.177575442576342,0.48215791082109255,0.5178420891789074
bear_low_rel_holding_balance,demand,ALL,10,211,4133,1,-0.04151559296536843,-0.07934381740547783,0.47602998562012305,1.6705247340817388,-2.668088886292726,-2.101906348781702,-3.1859626449252216,0.4780942996104689,0.5219057003895311
bear_low_rel_holding_balance,demand,ALL,20,209,4113,1,-0.2033386725995574,-0.2913403483978182,0.4488018535116713,2.33849974941766,-3.690703579825779,-3.008788684808394,-4.428484731829714,0.5258833167305934,0.47411668326940637
bear_low_rel_holding_balance,supply,2000-2004,1,53,806,1,-0.023056945248285002,-0.06383374018441952,0.4817105606503733,0.5622261691407915,-0.9810253471119715,-0.7976641241132535,-1.1670934275749232,0.5950139201665938,0.40498607983340623
bear_low_rel_holding_balance,supply,2000-2004,5,53,806,1,-0.07836254956688307,-0.22264033103592668,0.44461047817660226,1.1934814724374256,-1.8600140073602587,-1.518316903611372,-2.2565537748383404,0.5191750819259132,0.4808249180740867
bear_low_rel_holding_balance,supply,2000-2004,10,53,806,1,0.01192398115854342,-0.29648811628731947,0.4262486154200674,1.9083190069580227,-2.7743296581252554,-2.1576806020732215,-3.4138784445559294,0.5462947933921068,0.4537052066078931
bear_low_rel_holding_balance,supply,2000-2004,20,53,806,1,0.26944561398837014,-0.7863586485405794,0.4279375781674905,3.091186296559117,-3.786793859027363,-3.116761223023751,-4.4434331383518,0.5227580398045755,0.4772419601954244
bear_low_rel_holding_balance,supply,2005-2009,1,115,2509,1,0.009773727687251809,-0.03483552140739526,0.48944931096303074,0.5701405258693362,-1.0013659927415057,-0.7713762984378711,-1.2176150807943826,0.5044954896421642,0.49550451035783594
bear_low_rel_holding_balance,supply,2005-2009,5,115,2509,1,0.1638170519106144,0.03151717080150982,0.5047864107809052,1.28663037553772,-1.909459996065268,-1.5283607318008072,-2.3335859438906406,0.42003576519382185,0.5799642348061782
bear_low_rel_holding_balance,supply,2005-2009,10,115,2509,1,0.250880307160427,0.11339472536067696,0.5228920561612478,1.8454046306488703,-2.6299918562206024,-2.0142055044790177,-3.253450922487466,0.42453460971174034,0.5754653902882598
bear_low_rel_holding_balance,supply,2005-2009,20,115,2509,1,0.3303097843370744,0.08784358271239295,0.49999980843008635,2.6066563968723604,-3.705421657646449,-2.8771443656597286,-4.2560523747258685,0.44963787185748566,0.5503621281425144
bear_low_rel_holding_balance,supply,2010-2014,1,90,1472,1,0.003138266630157899,0.0022431090774028936,0.4929019750166914,0.5482568649394122,-0.9531826660189227,-0.7644105385742785,-1.19424617010677,0.4994694180892012,0.5005305819107987
bear_low_rel_holding_balance,supply,2010-2014,5,90,1472,1,-0.10293445446130026,-0.255313393008446,0.4437214702782546,1.4059176728074252,-2.203388147931432,-1.893953863521366,-2.663007438358755,0.5743476439698915,0.42565235603010865
bear_low_rel_holding_balance,supply,2010-2014,10,90,1472,1,-0.17608522365996712,-0.12768362321703947,0.4560703759887064,1.9964840611802623,-3.066537358823234,-2.63054411195758,-3.5129657999814214,0.5643708344286381,0.43562916557136183
bear_low_rel_holding_balance,supply,2010-2014,20,90,1472,1,-0.5971157150021957,-0.8590950369490538,0.3859607261783459,3.066446571619055,-4.383658132790867,-3.788274058335852,-5.10288080863635,0.6107212220427052,0.3892787779572948
bear_low_rel_holding_balance,supply,2015-2019,1,148,3293,1,-0.019358165243892275,-0.042434177431688154,0.4625361275759589,0.5930867758106773,-0.9929575801434395,-0.8043598459381511,-1.2475896527854902,0.5101861371932142,0.48981386280678596
bear_low_rel_holding_balance,supply,2015-2019,5,148,3293,1,-0.09575609815491978,-0.24863770992018602,0.4449853047722918,1.3620587608336656,-2.300661411685684,-1.8988394781493754,-2.599506795874481,0.5581650078816714,0.44183499211832866
bear_low_rel_holding_balance,supply,2015-2019,10,148,3293,1,-0.2970421014089971,-0.4581047893704111,0.41261698465327773,1.876281099199446,-3.159914263864672,-2.6033078435671673,-3.6220634412073256,0.6093901704603577,0.39060982953964235
bear_low_rel_holding_balance,supply,2015-2019,20,148,3293,1,-0.4189897256996954,-0.6810015634609132,0.40265566169389044,2.586448302909577,-4.16025642842394,-3.5414674184153263,-4.791382744839415,0.6122625793238304,0.3877374206761697
bear_low_rel_holding_balance,supply,2020-2026,1,246,7343,1,-0.023981548235812913,-0.02861610167322914,0.46962408252497245,0.5898225276923562,-1.0516825133463212,-0.8523010560061763,-1.33534552320182,0.5068984081125425,0.4931015918874575
bear_low_rel_holding_balance,supply,2020-2026,5,246,7316,1,-0.10749290961289043,-0.2042145393521836,0.4460951299762221,1.39516368295253,-2.504474516697644,-2.0530445872704686,-3.015781027803736,0.5498737026581872,0.45012629734181253
bear_low_rel_holding_balance,supply,2020-2026,10,245,7297,1,-0.11462562094462403,-0.335073443772349,0.44074415806512046,1.922586040498428,-3.2619086896829548,-2.6947811873961265,-3.9784797037831763,0.574205332020912,0.4257946679790881
bear_low_rel_holding_balance,supply,2020-2026,20,245,7277,1,-0.2966061150722154,-0.570770999040151,0.41723539857988406,2.9101398127549984,-4.9072961854595745,-3.9370600342311586,-5.736501214925438,0.5939612297698814,0.40603877023011853
bear_low_rel_holding_balance,supply,ALL,1,253,15607,1,-0.02142315618026713,-0.035238546260086365,0.4675466818175579,0.5853558423688294,-1.0972014402568349,-0.8566496379210247,-1.403021183597823,0.5115229002889065,0.4884770997110934
bear_low_rel_holding_balance,supply,ALL,5,253,15580,1,-0.05969105118241256,-0.15281694817070068,0.45399654461758127,1.379058774535961,-2.579310607320974,-2.0140960651174167,-3.140703910249748,0.5302342993679978,0.4697657006320023
bear_low_rel_holding_balance,supply,ALL,10,252,15561,1,-0.07111011640103768,-0.26169533304223414,0.45352717329175657,1.9143481746056479,-3.378272148905795,-2.7504066950093278,-4.192646829204283,0.5424467397964889,0.45755326020351106
bear_low_rel_holding_balance,supply,ALL,20,252,15541,1,-0.19990528068847818,-0.5085784877740331,0.4341734029744593,2.806419824647182,-4.801234606353691,-3.9989435024966493,-5.923270291025437,0.5549710266299666,0.4450289733700334
bull_high_a0_sd,demand,2000-2004,1,80,2886,1,-0.05206860741980546,-0.015726258498456856,0.4759933025664681,0.5345792651915622,-1.0080339557768205,-0.8167767989569992,-1.3090681477132127,0.5400392913945301,0.4599607086054698
bull_high_a0_sd,demand,2000-2004,5,80,2886,1,-0.15684086871165212,-0.0036663076338641527,0.4873115059815107,1.1884630041817401,-2.116084882658705,-1.656808263656536,-2.6224683023259874,0.5273564146509275,0.47264358534907247
bull_high_a0_sd,demand,2000-2004,10,80,2886,1,-0.06354899452621668,0.19863435236349875,0.5068669688715927,1.5334705153763186,-2.460951687081244,-1.9494533957263225,-2.9297869425679517,0.4348571889448643,0.5651428110551355
bull_high_a0_sd,demand,2000-2004,20,80,2886,1,0.16165464845925265,0.33327025497514984,0.5501236264592724,2.115136216617094,-3.1823097219768774,-2.377494434676725,-3.714448862833916,0.4075676859546021,0.592432314045398
bull_high_a0_sd,demand,2005-2009,1,121,4926,1,-0.01206980475184066,0.0,0.4872243102875665,0.4948081748615015,-0.9391082725315366,-0.7377174927523023,-1.2035901342779303,0.49782744575128735,0.5021725542487127
bull_high_a0_sd,demand,2005-2009,5,121,4926,1,-0.07220303732215504,0.02759022971930852,0.4967639737313101,1.0991050823623534,-1.9938184656705478,-1.5681212228438124,-2.431843323304539,0.48095285069302113,0.5190471493069787
bull_high_a0_sd,demand,2005-2009,10,121,4926,1,0.012474981741576617,0.0943175026726223,0.5170015381726086,1.490853688046425,-2.5149974671595525,-1.8187219919778523,-3.2516918558162056,0.44984606293164014,0.5501539370683599
bull_high_a0_sd,demand,2005-2009,20,121,4926,1,-0.02145420609218904,0.22616117664475688,0.5282386857726166,2.1503405220371996,-3.387909562474673,-2.683761194824719,-4.135495536336465,0.4366628726288914,0.5633371273711086
bull_high_a0_sd,demand,2010-2014,1,117,6872,1,-0.009835456179562427,0.003637174108653698,0.5020229087517671,0.46449905674541264,-0.934322308349929,-0.6906707766011715,-1.2478903185174783,0.5005987880117062,0.49940121198829385
bull_high_a0_sd,demand,2010-2014,5,117,6872,1,-0.057627300878558815,-0.01310357471737912,0.49823666689691637,1.0615924638879868,-2.086666713902715,-1.5397348538800177,-2.671877163299736,0.5226399684929335,0.4773600315070666
bull_high_a0_sd,demand,2010-2014,10,117,6872,1,-0.11711146127481017,0.07614711291375773,0.4977535152181953,1.4960910127474907,-2.778153809714152,-2.019392375124294,-3.3872540481664064,0.5126106110052244,0.4873893889947756
bull_high_a0_sd,demand,2010-2014,20,117,6872,1,-0.09292612399208167,0.3810112678741239,0.5122200131048652,2.3079757797313722,-4.292005229429443,-3.3372183222624816,-5.13260246017495,0.48495790890758295,0.515042091092417
bull_high_a0_sd,demand,2015-2019,1,173,7898,1,-0.0011640288544983802,0.016604025725516527,0.5105208232705544,0.4773216041796612,-0.9119159886611662,-0.6727735200801375,-1.2707222329830892,0.4938035934397761,0.5061964065602237
bull_high_a0_sd,demand,2015-2019,5,173,7898,1,-0.03877221215066584,0.08649007268887884,0.5153923847290965,1.076223071805172,-1.9628017659185502,-1.46504913616069,-2.599046777071163,0.49257762808634814,0.5074223719136519
bull_high_a0_sd,demand,2015-2019,10,173,7898,1,-0.01358469108531188,0.16640343295110152,0.5245385225615534,1.5541604437590104,-2.792344259532747,-2.0625479869701415,-3.323474813116214,0.5036253388578258,0.4963746611421742
bull_high_a0_sd,demand,2015-2019,20,173,7898,1,-0.0359240645111434,0.2151273299585627,0.5282678105163278,2.262324994335986,-3.92035778159991,-3.1886518432752884,-4.543140894577209,0.4864178626385231,0.5135821373614767
bull_high_a0_sd,demand,2020-2026,1,250,15437,1,-0.026516179642398087,0.0006977586310663291,0.49349917125886583,0.4846839560538372,-0.986754825865958,-0.7445095822356286,-1.3880276845036992,0.5128674208406268,0.48713257915937336
bull_high_a0_sd,demand,2020-2026,5,250,15393,1,-0.09194658356379594,0.030184232393624597,0.49770817487399893,1.1611337027927622,-2.291499089710679,-1.7712835843164714,-3.085109569953362,0.5219606346461245,0.47803936535387537
bull_high_a0_sd,demand,2020-2026,10,250,15325,1,-0.1051516813754195,0.06266096696269413,0.5082076297139977,1.7023670873549481,-3.161316276151622,-2.3358101687060335,-4.129279704519879,0.5173210419221859,0.48267895807781414
bull_high_a0_sd,demand,2020-2026,20,249,15195,1,-0.24963752608428819,0.04116948546022484,0.5017108847085398,2.5638345238727878,-4.561819712766968,-3.6160358886159747,-5.5677703555451075,0.5352920142045925,0.46470798579540745
bull_high_a0_sd,demand,ALL,1,252,38070,1,-0.017729728697524327,0.006494309296022805,0.4952813055421733,0.4824258797561787,-1.0148416258370463,-0.7456589578632169,-1.440681317794199,0.5087299483933156,0.49127005160668447
bull_high_a0_sd,demand,ALL,5,252,38026,1,-0.05613997359782287,0.04166566923311468,0.5057124218228811,1.1324486903979505,-2.2782821178915738,-1.72422950173886,-3.249439826575439,0.5127040660210826,0.48729593397891724
bull_high_a0_sd,demand,ALL,10,252,37958,1,-0.036591597356323675,0.14648389999099154,0.5198091072412255,1.6440210482875801,-3.3089410949589193,-2.4158215363337288,-4.488789730059584,0.48333542992178363,0.5166645700782164
bull_high_a0_sd,demand,ALL,20,251,37828,1,-0.09305342303284063,0.18816531789620874,0.5122809911989952,2.43496152607991,-4.752103042429482,-3.480331794599739,-6.251869086243887,0.5057764697044144,0.4942235302955858
bull_high_a0_sd,supply,2000-2004,1,31,242,1,0.14470719430020404,0.003977068087481411,0.5500333000333,0.5216421192787069,-0.593638151126442,-0.52773754122157,-0.6330805713920095,0.42329399394878287,0.5767060060512171
bull_high_a0_sd,supply,2000-2004,5,31,242,1,0.5714746250257531,0.6435836145971545,0.6268257727935146,1.3778351344711712,-0.5772914781545384,-0.506008912449042,-0.6485740438600349,0.22795354465833328,0.7720464553416666
bull_high_a0_sd,supply,2000-2004,10,31,242,1,0.6740761698907342,0.7556667498492003,0.6464773577676802,1.9170389373010992,-1.2626508665660303,-1.0322140688060493,-1.6608028514215156,0.25219186140916106,0.747808138590839
bull_high_a0_sd,supply,2000-2004,20,31,242,1,0.9206513616206874,0.8005568503720427,0.6403722621464557,2.580534657343212,-2.054124035311246,-1.4479701603174586,-2.2632739312367183,0.2503816939130511,0.7496183060869488
bull_high_a0_sd,supply,2005-2009,1,68,699,1,0.010155987763521697,-0.004247813388924111,0.49228548577881576,0.5394254522485165,-0.759102788505813,-0.6278514660834401,-0.9264289443733933,0.5009222511285987,0.49907774887140144
bull_high_a0_sd,supply,2005-2009,5,68,699,1,0.1097312238315694,0.17643997080029056,0.5440588143215169,1.2674990713669327,-1.6442335798352006,-1.431707814886293,-1.8567760870444638,0.4598438869778695,0.5401561130221305
bull_high_a0_sd,supply,2005-2009,10,68,699,1,0.1656885607426999,0.4458942061008677,0.5915252283861144,1.6907151471526456,-2.214302193478111,-1.7771110573274573,-2.565056387675498,0.42460114429077067,0.5753988557092293
bull_high_a0_sd,supply,2005-2009,20,68,699,1,0.0719357032373042,0.02353676481052916,0.5236029989911344,2.585481700654503,-2.7576498461938876,-2.445989624608364,-3.0360463071471377,0.38739736491702426,0.6126026350829757
bull_high_a0_sd,supply,2010-2014,1,64,714,1,0.04905716191801513,0.06567628456229878,0.5468913199989269,0.49783438367339694,-0.7643804294745227,-0.5946865668098058,-0.9908538898126289,0.4499779809465292,0.5500220190534706
bull_high_a0_sd,supply,2010-2014,5,64,714,1,0.035557977817972056,0.21151670859498117,0.4903837662182554,1.159935075265203,-1.3383448932378164,-1.1550398961863952,-1.6838300581766754,0.4503010913433806,0.5496989086566195
bull_high_a0_sd,supply,2010-2014,10,64,714,1,0.051344066181922096,0.39429195978185194,0.5418970448934265,1.6193863953294008,-1.904679409375932,-1.5832424078295764,-2.150746301522227,0.48879384130305886,0.5112061586969412
bull_high_a0_sd,supply,2010-2014,20,64,714,1,0.21804163111788027,0.39944070829191614,0.5350263421526944,2.1230428292128467,-2.2093974230419615,-1.7518128208922383,-2.5802308806682204,0.390704638221789,0.6092953617782111
bull_high_a0_sd,supply,2015-2019,1,84,876,1,0.006064174042464095,0.040218434780536376,0.5055594643083585,0.5607064477932807,-0.8601472882011689,-0.6872354731285713,-1.0378066748261907,0.5153205874007483,0.48467941259925185
bull_high_a0_sd,supply,2015-2019,5,84,876,1,-0.038161106963690634,0.17272239930820177,0.5387368910063515,1.1819402189624646,-1.6186135905887729,-1.2324266287586039,-1.9628181805210732,0.4448118715482322,0.5551881284517678
bull_high_a0_sd,supply,2015-2019,10,84,876,1,-0.10386247813576963,0.2534593130147351,0.5289926803236732,1.7835712555763872,-2.0601165832365194,-1.6390096039585624,-2.5182569385248073,0.4257095889900592,0.5742904110099409
bull_high_a0_sd,supply,2015-2019,20,84,876,1,0.22782732447977416,0.7152536496653015,0.5643095610325266,2.738130462284985,-2.4713961418269568,-1.9926735842070844,-2.745910927240663,0.41075023673245603,0.589249763267544
bull_high_a0_sd,supply,2020-2026,1,174,2003,1,-0.020458982127114753,0.004519650038596876,0.49853909862770185,0.5047551946591444,-0.7775761892168223,-0.630943913315285,-0.9540941031242578,0.4931113928401648,0.5068886071598351
bull_high_a0_sd,supply,2020-2026,5,174,1995,1,-0.036375235447694824,-0.02841854410675414,0.506091783510224,1.1406887136906279,-1.5348983916810388,-1.272448665431415,-1.8511465132723657,0.5186813449393173,0.48131865506068283
bull_high_a0_sd,supply,2020-2026,10,174,1972,1,-0.03564431411778039,0.11296127686556036,0.5128371574524407,1.6847720310750025,-1.9447158183716604,-1.478691032640649,-2.3928778414793777,0.5056748586076324,0.4943251413923675
bull_high_a0_sd,supply,2020-2026,20,170,1916,1,-0.21681116772991285,0.2588710213273582,0.5134893591213082,2.5200006683132252,-2.8062359183344396,-2.09656050788675,-3.115279139921273,0.5222545561148961,0.47774544388510387
bull_high_a0_sd,supply,ALL,1,226,5087,1,0.005630318718673745,0.020090906574388848,0.5101698110439786,0.5304394130559567,-0.8872011031001901,-0.6813600396429971,-1.1806206229702227,0.48433536565824764,0.5156646343417524
bull_high_a0_sd,supply,ALL,5,226,5079,1,0.01961380112823361,0.06550902197702747,0.519522505268619,1.1881030101835763,-2.0008283428702414,-1.518816362597485,-2.486024658795887,0.5101092200279487,0.4898907799720514
bull_high_a0_sd,supply,ALL,10,226,5056,1,0.06427269337066582,0.22224250422346203,0.5414380325951198,1.7244367867800399,-2.6453656995627877,-1.9688356495663981,-3.3156216554668196,0.4545221290270467,0.5454778709729532
bull_high_a0_sd,supply,ALL,20,224,5006,1,0.00149279768206269,0.33395040708481566,0.5303687411592599,2.54439595962599,-3.447713139238961,-2.78231951345387,-4.128842857209743,0.4624202299273482,0.5375797700726518
bull_high_exhaustion_balance,demand,2000-2004,1,80,2828,1,-0.04785521108768267,-0.02252165118681975,0.4807001220725384,0.5346176382904051,-1.008309408695785,-0.8383973338679835,-1.3040752386381964,0.5510819809780511,0.44891801902194894
bull_high_exhaustion_balance,demand,2000-2004,5,80,2828,1,-0.13306520326688515,-0.008022004087003863,0.492110041637796,1.183128161911824,-2.0855089333068895,-1.618814207910027,-2.5592306884106826,0.5271040517072787,0.4728959482927213
bull_high_exhaustion_balance,demand,2000-2004,10,80,2828,1,-0.03512964069162046,0.2021205669542555,0.5114440675253302,1.5244682217264418,-2.4113379359684997,-1.9593591491316937,-2.8664274920503137,0.42741835234210473,0.5725816476578951
bull_high_exhaustion_balance,demand,2000-2004,20,80,2828,1,0.21185551581323697,0.32236530764547744,0.5536498388112316,2.1111981232605066,-3.102966268774413,-2.3026094573494014,-3.620767753922233,0.3936652304638749,0.6063347695361249
bull_high_exhaustion_balance,demand,2005-2009,1,121,4831,1,-0.008892321867195838,-0.011050163839525572,0.48802830998565444,0.49257025614989547,-0.9429936544494212,-0.7288266912885787,-1.197159545278243,0.49679693627167404,0.5032030637283258
bull_high_exhaustion_balance,demand,2005-2009,5,121,4831,1,-0.06564007814819232,0.014012588247994687,0.4942940016763593,1.089714957029762,-1.9854089801479846,-1.5915165201312775,-2.4103513520413697,0.4951442220589807,0.5048557779410193
bull_high_exhaustion_balance,demand,2005-2009,10,121,4831,1,0.019037196506804518,0.10034285070691955,0.5160766217377938,1.4816923447700738,-2.5265215670529555,-1.8123291876063274,-3.2516918558162056,0.457648757002322,0.5423512429976779
bull_high_exhaustion_balance,demand,2005-2009,20,121,4831,1,-0.0039787181238366935,0.2276118154159078,0.5304925950005875,2.1434755232290543,-3.386970419406728,-2.6739517650938156,-4.077928645679723,0.4399934122442885,0.5600065877557114
bull_high_exhaustion_balance,demand,2010-2014,1,117,6683,1,-0.008830241556046167,0.005879158360100164,0.5039987365374853,0.46366646884950763,-0.9334264481440318,-0.6920861045576764,-1.2373151787637995,0.49817786788365126,0.501822132116349
bull_high_exhaustion_balance,demand,2010-2014,5,117,6683,1,-0.06336273629776162,-0.011215836148178789,0.4952038474187549,1.060270782090558,-1.9410458969524043,-1.497848253817065,-2.61046181600173,0.5189278994140492,0.48107210058595085
bull_high_exhaustion_balance,demand,2010-2014,10,117,6683,1,-0.11964525434727417,0.061658550275602166,0.4966208526442387,1.4911480980510894,-2.7275265791305916,-2.0854979881828792,-3.3284195318097525,0.5133559280119236,0.48664407198807647
bull_high_exhaustion_balance,demand,2010-2014,20,117,6683,1,-0.08246722681573952,0.3810112678741239,0.5115579552247316,2.310628461000459,-4.315265296542135,-3.2477222829113024,-5.135707958615962,0.484615364526471,0.5153846354735289
bull_high_exhaustion_balance,demand,2015-2019,1,173,7683,1,0.0001571923242920784,0.012706381378390433,0.5099700262626922,0.478752375598048,-0.8994408947603769,-0.6633012601356925,-1.240567764966324,0.48894443940869586,0.5110555605913041
bull_high_exhaustion_balance,demand,2015-2019,5,173,7683,1,-0.029406131422387592,0.1118177713187289,0.5169277216425969,1.0744093725869888,-1.9628017659185502,-1.4265073428346502,-2.5579172228443467,0.4955884515709471,0.5044115484290528
bull_high_exhaustion_balance,demand,2015-2019,10,173,7683,1,-0.006571055826613375,0.18444977503257382,0.52706880708712,1.55603196779755,-2.756277916332347,-2.0855594865437923,-3.1766786260019155,0.49115120093098663,0.5088487990690133
bull_high_exhaustion_balance,demand,2015-2019,20,173,7683,1,-0.029152865529881077,0.21877430522251531,0.5284892511467096,2.2658902976253263,-3.9055419682577366,-3.0193065134973507,-4.543140894577209,0.48984940337235366,0.5101505966276461
bull_high_exhaustion_balance,demand,2020-2026,1,250,15121,1,-0.02713687998434236,0.0044247338972890704,0.492329562967695,0.485922594488002,-0.991041749530573,-0.7559570321801372,-1.3538941585613662,0.5136913300432546,0.4863086699567454
bull_high_exhaustion_balance,demand,2020-2026,5,250,15078,1,-0.09222921908512989,0.029887649728444446,0.4976151125748142,1.1657554131016323,-2.325169097672585,-1.7664559840440717,-3.0776753318340067,0.5271084372347041,0.4728915627652958
bull_high_exhaustion_balance,demand,2020-2026,10,250,15012,1,-0.09762198988758294,0.048404275275982914,0.5103384613590118,1.7060055663273241,-3.169932796221725,-2.4168354797167857,-4.135111652104751,0.5064406233650456,0.49355937663495425
bull_high_exhaustion_balance,demand,2020-2026,20,249,14882,1,-0.235136715510213,0.05477686888227386,0.5035124915885358,2.565722064695307,-4.553403867892048,-3.454344527689344,-5.557816623582356,0.5290012626787137,0.47099873732128644
bull_high_exhaustion_balance,demand,ALL,1,252,37199,1,-0.019523767176665888,0.0031261383479746895,0.49319583705453324,0.4826424678967819,-1.0112219651541294,-0.7455388820168267,-1.424237574077006,0.5101592199301151,0.48984078006988485
bull_high_exhaustion_balance,demand,ALL,5,252,37156,1,-0.05715425674180875,0.022473631514530346,0.504861298753767,1.1331656486889463,-2.2806207875811104,-1.7139675336997298,-3.142570112216416,0.510868141911681,0.48913185808831905
bull_high_exhaustion_balance,demand,ALL,10,252,37090,1,-0.03385311860780361,0.13830548780477803,0.5204570778748352,1.6454042437442546,-3.310598950426916,-2.384028438608736,-4.485405580618242,0.48718749122562455,0.5128125087743753
bull_high_exhaustion_balance,demand,ALL,20,251,36960,1,-0.08047043409847374,0.21967100073679852,0.5137465783898236,2.4353971585500385,-4.748951325653774,-3.4214016302988566,-6.258358429796181,0.49648723259174005,0.5035127674082599
bull_high_exhaustion_balance,supply,2000-2004,1,35,294,1,0.18517937093748071,0.04365269399193445,0.5812484513416191,0.52929367391075,-0.593638151126442,-0.5196871619103385,-0.6330805713920095,0.35849331761265096,0.6415066823873491
bull_high_exhaustion_balance,supply,2000-2004,5,35,294,1,0.6263342141617851,0.7005931337085519,0.650097911060644,1.3563430075242016,-0.5976427084220197,-0.5079194554077219,-0.6873659614363177,0.21396342865756726,0.7860365713424325
bull_high_exhaustion_balance,supply,2000-2004,10,35,294,1,0.6729646057082156,0.8079106887042286,0.6574694939291211,1.845963739148998,-1.2493090037645074,-1.1252744686189757,-1.4417523793925147,0.25219186140916106,0.747808138590839
bull_high_exhaustion_balance,supply,2000-2004,20,35,294,1,0.737405164799665,0.5771611455478859,0.6448184803464306,2.5270554222105637,-1.8254921497932202,-1.4432910043512113,-2.221739331857944,0.2503816939130511,0.7496183060869488
bull_high_exhaustion_balance,supply,2005-2009,1,73,823,1,0.0063511584790063285,-0.007764568981370646,0.4929208328721667,0.5277752123589117,-0.7639053998566648,-0.6272367986248839,-0.9319458162432503,0.5097398656119321,0.490260134388068
bull_high_exhaustion_balance,supply,2005-2009,5,73,823,1,0.040933882028832975,0.016636148292440905,0.5254017401728289,1.2701008268284741,-1.9437969837435183,-1.7572372399047345,-2.0793629354043057,0.5053001550823647,0.49469984491763525
bull_high_exhaustion_balance,supply,2005-2009,10,73,823,1,0.08215886339856848,0.43715537709255414,0.5650333144385056,1.7236539539545128,-2.5432582237104975,-1.7967829694130042,-3.00569520602806,0.39536279232848887,0.6046372076715111
bull_high_exhaustion_balance,supply,2005-2009,20,73,823,1,-0.03882026304197121,0.15866511311677128,0.5171690632126825,2.630913870356506,-2.9901793524185525,-2.450037891301033,-3.121202396892468,0.4136352188417202,0.5863647811582798
bull_high_exhaustion_balance,supply,2010-2014,1,67,822,1,0.030838644342438996,0.05383264218011367,0.5419484573389055,0.5036132161260254,-0.7668911720869307,-0.5991907265248342,-1.0295573543863221,0.4583021214304688,0.5416978785695312
bull_high_exhaustion_balance,supply,2010-2014,5,67,822,1,-0.03534059018722559,0.12016524015833858,0.49256879595716674,1.2181097912591878,-1.7290058131435138,-1.415555985269028,-1.8982272207985755,0.48464833153227044,0.5153516684677296
bull_high_exhaustion_balance,supply,2010-2014,10,67,822,1,0.0021716911563287853,0.31618687294259057,0.5305314245316617,1.6746155958907911,-2.1191854639638827,-1.8032007514938562,-2.4216221296068583,0.4466563532587791,0.5533436467412208
bull_high_exhaustion_balance,supply,2010-2014,20,67,822,1,0.09749755092636464,0.14660106259277245,0.5118152198407059,2.139217130410023,-2.647735721476118,-2.1464745995902095,-3.0186025894637876,0.47880835443493125,0.5211916455650689
bull_high_exhaustion_balance,supply,2015-2019,1,97,1044,1,-0.001972637353446895,-0.008264964526620969,0.49118344565084293,0.5594663532387468,-0.8474768518206733,-0.7006912202814548,-1.0162861011321327,0.5174714383808947,0.4825285616191054
bull_high_exhaustion_balance,supply,2015-2019,5,97,1044,1,-0.05079364226238499,0.05153793126782787,0.5232301962564635,1.1752857832770804,-1.7291727751692207,-1.269390638326174,-1.9566727843557774,0.4698637899034892,0.5301362100965108
bull_high_exhaustion_balance,supply,2015-2019,10,97,1044,1,-0.11535483835873303,0.20605326085237483,0.5136483665845585,1.7439544720341977,-1.9395404366761584,-1.6376308251565321,-2.503255162228553,0.45783799456983715,0.5421620054301628
bull_high_exhaustion_balance,supply,2015-2019,20,97,1044,1,0.09199599190438947,0.3267893827260567,0.534969070800642,2.6677771186641857,-2.4463719882516433,-2.222819106080313,-2.7495048114847913,0.43217371569082075,0.5678262843091793
bull_high_exhaustion_balance,supply,2020-2026,1,181,2219,1,-0.030814553239623427,0.0059534007988329765,0.49384520458414694,0.5178174561759055,-0.8054952608325607,-0.6653535740179517,-1.0003421659472433,0.5183528708276092,0.48164712917239083
bull_high_exhaustion_balance,supply,2020-2026,5,181,2210,1,-0.04886407050752531,-0.021791032937604128,0.5038664875762607,1.1489365419517055,-1.5762953645502316,-1.318402213836856,-1.9149198117215616,0.5092219960143886,0.4907780039856115
bull_high_exhaustion_balance,supply,2020-2026,10,180,2182,1,-0.05671261020746405,0.09329616342099259,0.5141679577258839,1.690701708399542,-2.058810647821905,-1.643749555446013,-2.456600442528444,0.5072987713413404,0.49270122865865973
bull_high_exhaustion_balance,supply,2020-2026,20,177,2128,1,-0.32788494518717104,0.20844852261135632,0.5089077912065515,2.590087241207147,-2.8452827587866802,-2.1459236179520302,-3.385316131226708,0.5118598182735956,0.48814018172640444
bull_high_exhaustion_balance,supply,ALL,1,228,5706,1,-0.0008173623034177375,0.014565365926420423,0.5052764632348887,0.5326677218118071,-0.9367626610273684,-0.7252494617754097,-1.2637255137697827,0.5004000844682605,0.49959991553173955
bull_high_exhaustion_balance,supply,ALL,5,228,5697,1,0.0008039407789092471,0.01260991844971265,0.5139354164822599,1.1977905464507883,-2.076789715421995,-1.6294334537490822,-2.5452355727181293,0.5146858540256625,0.4853141459743374
bull_high_exhaustion_balance,supply,ALL,10,228,5673,1,0.03217035979750656,0.21248853815928087,0.5399979915334403,1.7269661216804395,-2.7345875819320247,-2.056820048950728,-3.407529909178117,0.46670259310370615,0.5332974068962939
bull_high_exhaustion_balance,supply,ALL,20,226,5622,1,-0.11496163145917075,0.22153859617688354,0.5219786421515068,2.5968152739421315,-3.6390148247933154,-2.8587129414102876,-4.333791812108158,0.4753583599814374,0.5246416400185626
bull_high_holding_balance,demand,2000-2004,1,80,2749,1,-0.061197036513660555,-0.0073499626747600705,0.47039927288819783,0.5338170149410415,-1.0163452848521226,-0.8285933421683165,-1.3040752386381964,0.5445893195689615,0.45541068043103855
bull_high_holding_balance,demand,2000-2004,5,80,2749,1,-0.17285256064697563,-0.03697237827493903,0.4822119851198279,1.1813117149119094,-2.1100563611437853,-1.6243027043871003,-2.594649529863897,0.5436524605918828,0.4563475394081171
bull_high_holding_balance,demand,2000-2004,10,80,2749,1,-0.08254394554023732,0.1483019094515191,0.5010980804606721,1.518417466038834,-2.4408502933528387,-1.9574936113028507,-2.8525677934834626,0.45004421935671424,0.5499557806432858
bull_high_holding_balance,demand,2000-2004,20,80,2749,1,0.1541138998975255,0.3211348157742412,0.5490554568997511,2.1092212209520853,-3.0977490958370897,-2.3339781441221272,-3.714448862833916,0.42145804762690153,0.5785419523730986
bull_high_holding_balance,demand,2005-2009,1,121,4733,1,-0.009183790315803965,0.0,0.4878304158624548,0.4930892707030154,-0.9425516992792284,-0.7082546563065161,-1.1411662982347597,0.47570525345320275,0.5242947465467973
bull_high_holding_balance,demand,2005-2009,5,121,4733,1,-0.07699106449165065,0.046578751748125424,0.49594746310780324,1.0940665429911252,-1.9845722639012087,-1.5681212228438124,-2.473665487037473,0.49065757781879665,0.5093424221812034
bull_high_holding_balance,demand,2005-2009,10,121,4733,1,0.003794269320047,0.12671680890798598,0.5162590006816977,1.482572788798535,-2.5149974671595525,-1.8187219919778523,-3.230011294060186,0.45962344070386557,0.5403765592961346
bull_high_holding_balance,demand,2005-2009,20,121,4733,1,-0.02376643414605501,0.30556050351655856,0.5287309765571011,2.139199644112398,-3.4322028428725715,-2.7716904366383033,-4.178196099072687,0.43387922380228694,0.5661207761977132
bull_high_holding_balance,demand,2010-2014,1,116,6596,1,-0.0075047258563766175,0.0,0.5048030575905403,0.46567088665881573,-0.9381054800118187,-0.6943515193109926,-1.2481065636982747,0.4983714983941421,0.501628501605858
bull_high_holding_balance,demand,2010-2014,5,116,6596,1,-0.06313216395317235,-0.019378952391089273,0.4993798137839678,1.0667816058618602,-2.006643063451854,-1.549249827038767,-2.66429550845886,0.5126887239837026,0.4873112760162974
bull_high_holding_balance,demand,2010-2014,10,116,6596,1,-0.13454403188282868,0.050299097502003315,0.4957325703388335,1.5107035263836261,-2.7269325278673717,-2.101571802489171,-3.3546076260190882,0.504399222444549,0.4956007775554512
bull_high_holding_balance,demand,2010-2014,20,116,6596,1,-0.13117003282041548,0.41591172973559876,0.5081990612744793,2.308589248821837,-4.271664168426939,-3.3375013135303675,-5.184635096836424,0.4889599097507907,0.5110400902492094
bull_high_holding_balance,demand,2015-2019,1,173,7586,1,0.0024811611760025424,0.016046270260276045,0.5126457427709686,0.4752507776993131,-0.9102231585217164,-0.6638520468904907,-1.240567764966324,0.4805830057956305,0.5194169942043695
bull_high_holding_balance,demand,2015-2019,5,173,7586,1,-0.04066511191143133,0.08873261788502287,0.5147242537844176,1.078094292385701,-1.9645838235108002,-1.4456597380282497,-2.5904132856605617,0.49831271096288854,0.5016872890371114
bull_high_holding_balance,demand,2015-2019,10,173,7586,1,-0.021724545108119938,0.18614825516467715,0.5237089043483212,1.558751320494647,-2.8160740330974607,-2.06066911900953,-3.323474813116214,0.48907948912335736,0.5109205108766426
bull_high_holding_balance,demand,2015-2019,20,173,7586,1,-0.044534577568921964,0.25214457121511047,0.528267123525375,2.270915614687999,-3.9162378545979735,-3.0866024305253736,-4.543140894577209,0.4877599376569443,0.5122400623430556
bull_high_holding_balance,demand,2020-2026,1,250,14906,1,-0.02550719062269049,0.0008181667027947226,0.4938354083894971,0.4852013425729026,-0.9882826632863224,-0.753646212410696,-1.3890372456839954,0.5127679839069226,0.4872320160930774
bull_high_holding_balance,demand,2020-2026,5,250,14864,1,-0.09758064176964809,0.02578941324519774,0.4975975591722401,1.1566097564231137,-2.3035046704200512,-1.7315395475300646,-3.019820237085543,0.5294322476898503,0.4705677523101497
bull_high_holding_balance,demand,2020-2026,10,250,14799,1,-0.10482344126915362,0.05975419938526853,0.5083701042578114,1.6942164378911233,-3.1966285283478353,-2.325035347132628,-4.129279704519879,0.5071404526594478,0.492859547340552
bull_high_holding_balance,demand,2020-2026,20,249,14673,1,-0.2427178309411544,0.07224073508488404,0.5021252487767508,2.555444322928923,-4.567900677154372,-3.504071442244193,-5.5677703555451075,0.537172369329472,0.46282763067052823
bull_high_holding_balance,demand,ALL,1,252,36623,1,-0.017159849068654382,0.005618448196468533,0.49598479749994484,0.48269296289334984,-1.0106330638929721,-0.7441030512615243,-1.433401352814867,0.5081147425569004,0.4918852574430996
bull_high_holding_balance,demand,ALL,5,252,36581,1,-0.06001777032929972,0.03928639817733786,0.5060274829502093,1.1306013071252634,-2.303355911106756,-1.7271957621264828,-3.223828834470022,0.514345871975062,0.485654128024938
bull_high_holding_balance,demand,ALL,10,252,36516,1,-0.0386090843302286,0.11435442097594029,0.5198707966060888,1.6384376674920436,-3.281009091409204,-2.388050006727107,-4.485405580618242,0.4924661041805314,0.5075338958194686
bull_high_holding_balance,demand,ALL,20,251,36390,1,-0.09110571842158016,0.14934945070044792,0.5126974509851364,2.4304466305031367,-4.73352267285954,-3.467707231652017,-6.271718319990955,0.510126975927921,0.48987302407207906
bull_high_holding_balance,supply,2000-2004,1,19,148,0,0.07694250753191352,0.003977068087481411,0.5149042477989847,0.45857121723424976,-0.593638151126442,-0.5110790966939146,-0.6330805713920095,0.44506800233261584,0.5549319976673842
bull_high_holding_balance,supply,2000-2004,5,19,148,0,0.2678771217926122,0.3343961394420935,0.5784525416104364,1.15105427203414,-0.5976427084220197,-0.5079194554077219,-0.6873659614363177,0.27454857569125457,0.7254514243087454
bull_high_holding_balance,supply,2000-2004,10,19,148,0,0.23597452657547938,0.7556667498492003,0.6136687873529979,1.6864447821026431,-1.660643902937022,-1.463284711465659,-1.7810800242877187,0.3351224575744163,0.6648775424255837
bull_high_holding_balance,supply,2000-2004,20,19,148,0,0.49825792207982084,0.5746218510743606,0.5906448814343551,2.313640572465509,-2.054124035311246,-1.4939004322364973,-2.3001264172007705,0.2870258566675954,0.7129741433324045
bull_high_holding_balance,supply,2005-2009,1,55,474,1,0.01499556983382986,0.019436073840760647,0.4879448077175349,0.5476095964150606,-0.750820971016309,-0.6175957141676012,-0.9209120725035361,0.46775307764987323,0.5322469223501267
bull_high_holding_balance,supply,2005-2009,5,55,474,1,0.12007810020674506,0.1586845461577475,0.5512560419378602,1.27266594932864,-1.6083380004066292,-1.2800005928711051,-1.765869195959888,0.4192659844719772,0.5807340155280227
bull_high_holding_balance,supply,2005-2009,10,55,474,1,0.31515217539877627,0.6208200818043283,0.6080984924166741,1.7040370835170549,-1.66738567375285,-1.424940035054437,-2.1445937174269503,0.3503037689536529,0.6496962310463471
bull_high_holding_balance,supply,2005-2009,20,55,474,1,-0.05450198354986677,0.23564013508863738,0.5240656313383586,2.650099708536064,-2.402264289853725,-2.288772612229833,-2.6985210376646043,0.3975281484542497,0.6024718515457502
bull_high_holding_balance,supply,2010-2014,1,55,553,1,0.04170519924376135,0.0681905085022347,0.5362296481450672,0.49419988480428817,-0.7281755998792322,-0.6007072983652852,-0.915764454389271,0.43350033878235733,0.5664996612176426
bull_high_holding_balance,supply,2010-2014,5,55,553,1,0.08333620285471582,0.10663346485513073,0.5049968312543555,1.126195690612668,-1.3647733345954798,-1.1501085312303327,-1.5526503923347459,0.4037173390882023,0.5962826609117976
bull_high_holding_balance,supply,2010-2014,10,55,553,1,0.1254626180666554,0.3100643645639547,0.5585550909620982,1.638105046881725,-1.7518018454735462,-1.5215912459312544,-2.074294866026273,0.4321092029703286,0.5678907970296714
bull_high_holding_balance,supply,2010-2014,20,55,553,1,0.1715007271151521,0.37005229837918974,0.5438057386868932,2.3087590045630253,-2.416819190885322,-2.0414527773634665,-2.587720941826626,0.3558541867325088,0.6441458132674912
bull_high_holding_balance,supply,2015-2019,1,71,629,1,0.01361185901687811,0.08453608698296475,0.5152804389255707,0.5664811084772872,-0.8389912946033314,-0.6149356492823986,-1.0162739478829617,0.5095654816425661,0.4904345183574338
bull_high_holding_balance,supply,2015-2019,5,71,629,1,0.11181164361456934,0.23175034634497638,0.5606033457595001,1.1260473408743283,-1.3024503464056207,-1.0576729030749594,-1.660912431812708,0.40580598391688444,0.5941940160831155
bull_high_holding_balance,supply,2015-2019,10,71,629,1,0.08881331025631756,0.24353318309188615,0.5641039923878258,1.75805047729038,-1.7296472986620395,-1.3359963483177775,-2.2074700399567395,0.3737300266446319,0.626269973355368
bull_high_holding_balance,supply,2015-2019,20,71,629,1,0.6033830869849878,1.1257888711935433,0.6058592421390951,2.6790226612671986,-2.026295594767563,-1.3431715660972574,-2.2919576715399113,0.3114335165430221,0.6885664834569779
bull_high_holding_balance,supply,2020-2026,1,155,1555,1,-0.020330147595599642,-0.008082479564273375,0.4990629588226646,0.513697009851412,-0.7314834602758467,-0.6047166779367867,-0.8581786003049833,0.4999623182366606,0.5000376817633394
bull_high_holding_balance,supply,2020-2026,5,155,1547,1,-0.05252618937279062,-0.050213179785672434,0.498468539951196,1.1496621085794256,-1.4948905739193796,-1.2712415087727988,-1.8368567827065103,0.533422010613463,0.46657798938653705
bull_high_holding_balance,supply,2020-2026,10,154,1521,1,-0.028046176871200607,0.1280386968896131,0.5260555117575246,1.7061134144458734,-1.8689235417923877,-1.501684160958498,-2.370810149516057,0.4636670905440876,0.5363329094559125
bull_high_holding_balance,supply,2020-2026,20,149,1470,1,-0.19297053733045652,0.3951966447197814,0.5331806247335128,2.5354286736604306,-2.6801726859001103,-2.096191298486375,-2.89469516689086,0.4935239071972698,0.5064760928027302
bull_high_holding_balance,supply,ALL,1,219,3940,1,0.012659821448333658,0.03742289113947955,0.5156466056615292,0.5449975876236729,-0.8777518232480768,-0.6894027810351946,-1.1435465797264306,0.4700961695015403,0.5299038304984596
bull_high_holding_balance,supply,ALL,5,219,3932,1,0.061813649466341276,0.08120243302289042,0.5280454104101877,1.1885717184680331,-1.8152473356893366,-1.4346030826515273,-2.252694687207559,0.4733788430862209,0.5266211569137792
bull_high_holding_balance,supply,ALL,10,218,3906,1,0.1146206925868473,0.22297983602045318,0.5512742368261054,1.7371575357896507,-2.47210727050867,-1.9131627112489027,-3.026804063300141,0.4403907959238841,0.559609204076116
bull_high_holding_balance,supply,ALL,20,217,3867,1,0.06690736532150417,0.3686671856372246,0.5456993828369289,2.561463093809844,-3.2373017127018584,-2.559028416067978,-3.8452019362971344,0.43930212095908117,0.560697879040919
bull_high_rel_a0_sd,demand,2000-2004,1,85,4743,1,-0.026068050121225875,0.0,0.48148493296007105,0.5167769130808393,-0.9857944231085015,-0.7783714804459521,-1.3240415393692746,0.5211762173450094,0.47882378265499076
bull_high_rel_a0_sd,demand,2000-2004,5,85,4743,1,-0.09285708785969819,0.015202896458731277,0.4986240431375477,1.1666877342329591,-2.176182075269043,-1.6973543184611766,-2.7089529786841715,0.5077525555462387,0.4922474444537612
bull_high_rel_a0_sd,demand,2000-2004,10,85,4743,1,-0.02503675917795266,0.13823133786835817,0.5109238706188347,1.540205761823092,-2.6750340289857335,-2.032960765241375,-3.071240995871211,0.4706487485872133,0.5293512514127869
bull_high_rel_a0_sd,demand,2000-2004,20,85,4743,1,0.09285943492359601,0.2869985568980876,0.5249776229846279,2.1236220437699997,-3.4905553971973395,-2.71361004881133,-4.2226905514575455,0.4713200140374648,0.5286799859625352
bull_high_rel_a0_sd,demand,2005-2009,1,126,7862,1,-0.020181730527696555,0.0037257315358090563,0.4824903327808674,0.4880829919385514,-0.9753050111593498,-0.7258573895604628,-1.2654942460252299,0.5031427055236848,0.4968572944763152
bull_high_rel_a0_sd,demand,2005-2009,5,126,7862,1,-0.0804639792308591,0.013179303697680396,0.4899551089988061,1.1212744398893166,-2.116810763114133,-1.6255513475447039,-2.714440170524094,0.49669896080895304,0.5033010391910469
bull_high_rel_a0_sd,demand,2005-2009,10,126,7862,1,-0.024260728312072773,0.11075388960466664,0.5109455472804758,1.5250631598636506,-2.8729317087018407,-2.0376634399188323,-3.508038490705062,0.46370083564796055,0.5362991643520394
bull_high_rel_a0_sd,demand,2005-2009,20,126,7862,1,-0.08643730712948612,0.2845444573604823,0.5130678134053887,2.2010160472542633,-3.9635924798215862,-3.064862257535858,-4.749971837052312,0.4683536158331399,0.5316463841668599
bull_high_rel_a0_sd,demand,2010-2014,1,121,10676,1,-0.010630738311401247,0.003333884784150876,0.49869908346937053,0.46624691117649397,-0.9570418827503275,-0.6914099684361343,-1.3231201452132997,0.494584217707661,0.5054157822923391
bull_high_rel_a0_sd,demand,2010-2014,5,121,10676,1,-0.04500484150868905,0.038487114155943324,0.5011108401217943,1.0605868969049548,-2.145997727319367,-1.6011936024931797,-2.8644486230139297,0.5056657514236171,0.4943342485763831
bull_high_rel_a0_sd,demand,2010-2014,10,121,10676,1,-0.11290041634609327,0.0706508042625758,0.49910429987055505,1.5431267653117637,-3.1158999943020116,-2.384186842917721,-3.850183612715473,0.5150162283582612,0.4849837716417386
bull_high_rel_a0_sd,demand,2010-2014,20,121,10676,1,-0.11815291394464163,0.23679434660142804,0.5037063794906045,2.3357923493596333,-4.43380724203826,-3.529294748695994,-5.641699080300952,0.46252606998104706,0.5374739300189529
bull_high_rel_a0_sd,demand,2015-2019,1,179,12587,1,-0.01070746147279578,0.010039604776519249,0.5054096821227796,0.481716528057243,-0.9568957197056206,-0.7093990526507155,-1.3529974659899753,0.4992238992954842,0.5007761007045155
bull_high_rel_a0_sd,demand,2015-2019,5,179,12587,1,-0.06360338497433617,0.05893734101751109,0.5044333211095198,1.1227457635877056,-2.2407179738193537,-1.6579174834889774,-3.0546168920823704,0.5017354749515988,0.4982645250484013
bull_high_rel_a0_sd,demand,2015-2019,10,179,12587,1,-0.03597076693775208,0.08546620936890356,0.5190196038770214,1.619727749722495,-3.104389978964394,-2.253217610020265,-4.038971349959344,0.5079495620440511,0.49205043795594866
bull_high_rel_a0_sd,demand,2015-2019,20,179,12587,1,-0.002176983366828786,0.23406755961312525,0.5315726238666496,2.3279757290928753,-4.256997840292436,-3.2619215342147836,-5.2790056058634205,0.49628734235571126,0.5037126576442886
bull_high_rel_a0_sd,demand,2020-2026,1,271,26114,1,-0.02804266714172905,0.008568233610160994,0.49353809754734,0.5038169500684949,-1.0399313478225292,-0.7661347018504334,-1.4694946262787443,0.5152433486513981,0.48475665134860185
bull_high_rel_a0_sd,demand,2020-2026,5,271,26040,1,-0.08202720433446742,0.030498023490181596,0.49667706660557714,1.1884694604569386,-2.458547782270353,-1.8555580865760062,-3.2611978461632987,0.5257564665507211,0.474243533449279
bull_high_rel_a0_sd,demand,2020-2026,10,270,25927,1,-0.08920258714892185,0.0731121216625766,0.507906279931751,1.7208532223983588,-3.425519687988664,-2.5536594042945238,-4.4989925844618535,0.5035992707413282,0.49640072925867185
bull_high_rel_a0_sd,demand,2020-2026,20,268,25706,1,-0.21959994684257286,0.11846209584329029,0.502098263974194,2.5701102483285356,-5.0682489536891175,-3.706268787810392,-6.326606114331967,0.5292009453935874,0.47079905460641247
bull_high_rel_a0_sd,demand,ALL,1,272,62025,1,-0.019491308306277103,0.007984601678390775,0.49683323959184816,0.4966488380249279,-1.0347731497825414,-0.7552177815794107,-1.4895674391461495,0.5044379147478208,0.49556208525217904
bull_high_rel_a0_sd,demand,ALL,5,272,61951,1,-0.056123992728153445,0.04195015600021862,0.5028034976174042,1.167316644434128,-2.3896795441868797,-1.7853354796376342,-3.44772735107529,0.5093175846007718,0.4906824153992281
bull_high_rel_a0_sd,demand,ALL,10,272,61841,1,-0.04856133697808043,0.11222517055021494,0.5129307343624968,1.6811758520564004,-3.4482390510466536,-2.5223022183965096,-4.642768424864799,0.4992118014618022,0.5007881985381978
bull_high_rel_a0_sd,demand,ALL,20,270,61618,1,-0.0967626921637481,0.17581328209000652,0.5089936628765666,2.4644813487292834,-4.910008992598339,-3.648456200103399,-6.710737555654559,0.5012819898993841,0.4987180101006159
bull_high_rel_a0_sd,supply,2000-2004,1,69,815,1,0.1085913865501077,0.07833689530462054,0.5370217904160238,0.5586835020596356,-0.7806113705531642,-0.5952343803392108,-0.9835260160627608,0.4254060346389657,0.5745939653610341
bull_high_rel_a0_sd,supply,2000-2004,5,69,815,1,0.4366060212900344,0.32920576489451286,0.5944756979713262,1.4038271334833654,-1.529767311201948,-1.1833172420180504,-1.7781622515614752,0.36140108143233773,0.6385989185676623
bull_high_rel_a0_sd,supply,2000-2004,10,69,815,1,0.43572911226603206,0.3484796348881205,0.582027336533546,1.8108290282125732,-2.025019898128427,-1.5003145988225042,-2.4103674310075074,0.3761429964807097,0.6238570035192902
bull_high_rel_a0_sd,supply,2000-2004,20,69,815,1,0.4619821952048614,0.5776248882013332,0.5788006330027318,2.4960280158731907,-2.55955982881562,-2.221739331857944,-2.883047894988734,0.35566694005104255,0.6443330599489573
bull_high_rel_a0_sd,supply,2005-2009,1,112,2040,1,-0.004921911788923762,0.017127235712348414,0.5010142696919537,0.5374524396643668,-0.9640426486566964,-0.7582250262384274,-1.2180206962508024,0.4908969705798716,0.5091030294201284
bull_high_rel_a0_sd,supply,2005-2009,5,112,2040,1,0.011081056818427725,0.0672046657579023,0.5191884699209932,1.2591564717813744,-2.020259578199086,-1.685591634170062,-2.4400817924883835,0.5022720616758548,0.4977279383241452
bull_high_rel_a0_sd,supply,2005-2009,10,112,2040,1,0.043051904438105124,0.086906997119301,0.5324969108237605,1.725792005341843,-2.5653464063317064,-2.036876261900255,-2.9842701598292636,0.5049884795886552,0.4950115204113448
bull_high_rel_a0_sd,supply,2005-2009,20,112,2040,1,0.17631731044539897,0.3194488335191764,0.5310144926314976,2.378210546824935,-3.2019255567679474,-2.6836841137067506,-3.778993930005876,0.46961550823427856,0.5303844917657214
bull_high_rel_a0_sd,supply,2010-2014,1,111,2112,1,0.01720725416469432,0.06633394715369083,0.5213148472567005,0.5374759644252425,-0.9542903510587434,-0.7239656521895012,-1.1992919608169148,0.4717945346899584,0.5282054653100416
bull_high_rel_a0_sd,supply,2010-2014,5,111,2112,1,-0.024472280723899932,0.06406057752513053,0.5070918616835122,1.271728482324007,-2.1587908899736568,-1.645540533914518,-2.5127302952454174,0.46274886299789725,0.5372511370021028
bull_high_rel_a0_sd,supply,2010-2014,10,111,2112,1,0.11349183560554171,0.4160231576063446,0.5413442887171769,1.6855066111458368,-2.367253766512781,-1.8779497489068682,-3.031936358302256,0.42157812928528177,0.578421870714718
bull_high_rel_a0_sd,supply,2010-2014,20,111,2112,1,0.2409701995803343,0.4571084932151782,0.5350925091277448,2.3701186330668684,-3.066944281930918,-2.5350776316636114,-3.5870953572845927,0.39749982006025414,0.602500179939746
bull_high_rel_a0_sd,supply,2015-2019,1,147,2599,1,0.014924970423495514,0.020632134709260844,0.5158233009499289,0.5537029694695318,-0.9561581785197786,-0.7267101171556594,-1.1580165745368307,0.4917470441789148,0.5082529558210853
bull_high_rel_a0_sd,supply,2015-2019,5,147,2599,1,-0.0018573477041064629,0.04399806661253139,0.5286358477887254,1.265542936539482,-1.9157564002934628,-1.4068623787699195,-2.38213294995123,0.46827558364228566,0.5317244163577144
bull_high_rel_a0_sd,supply,2015-2019,10,147,2599,1,0.0334474442930414,0.10473116770646329,0.5456669489654119,1.7751687716961928,-2.5229395160555583,-1.9489527024675952,-2.8862605116997866,0.44906864903566324,0.5509313509643367
bull_high_rel_a0_sd,supply,2015-2019,20,147,2599,1,0.316202256573994,0.39960898003351375,0.5588898024644692,2.63293597555917,-2.9377798212052317,-2.368232614743633,-3.656790013535669,0.4301530520981629,0.5698469479018371
bull_high_rel_a0_sd,supply,2020-2026,1,259,5804,1,-0.0242290782780415,0.003114172094106326,0.4956969241117624,0.5348692753855139,-0.9622854185806003,-0.7129015161781046,-1.3173758545172347,0.5159742326446924,0.48402576735530767
bull_high_rel_a0_sd,supply,2020-2026,5,259,5786,1,-0.027896446519265337,0.04467926282224524,0.5102534796098427,1.234423130612265,-1.9731425569209056,-1.5945642727676008,-2.431646802672391,0.49560000956931793,0.504399990430682
bull_high_rel_a0_sd,supply,2020-2026,10,258,5725,1,-0.03726497189714751,0.12923842952901315,0.5149297569011264,1.7912433776710326,-2.661001996891816,-2.126488545352724,-3.1576928350857782,0.4555706575368649,0.544429342463135
bull_high_rel_a0_sd,supply,2020-2026,20,256,5611,1,-0.0630562027925049,0.18934266473386036,0.5171177098538597,2.639583486441441,-3.6461958909656618,-2.9821226408484396,-4.296685637110059,0.49507431868724616,0.5049256813127537
bull_high_rel_a0_sd,supply,ALL,1,269,13571,1,0.0018790667239064302,0.01719021925310011,0.5068489827834992,0.5337946824218308,-1.0564089635594405,-0.7674229979476895,-1.403455348731823,0.4990780236309511,0.5009219763690489
bull_high_rel_a0_sd,supply,ALL,5,269,13553,1,0.01903514611065342,0.09053113467973453,0.5211220966324185,1.2495050330202173,-2.3562919433057448,-1.7960568817409084,-2.9913983536690325,0.4831698788657654,0.5168301211342348
bull_high_rel_a0_sd,supply,ALL,10,268,13492,1,0.03782897397657701,0.16723546705073747,0.5313170576485567,1.764288101357729,-3.078172072701833,-2.379184483099543,-3.914872375739093,0.4508217946306067,0.5491782053693932
bull_high_rel_a0_sd,supply,ALL,20,266,13378,1,0.13943051049083982,0.29036281273387776,0.5359589742467341,2.5873487551755603,-4.008343918028416,-3.248470160941939,-5.044780422087693,0.4592819623636709,0.540718037636329
bull_high_rel_exhaustion_balance,demand,2000-2004,1,85,4762,1,-0.025664715164688413,0.0,0.4818639733960874,0.5164015309008608,-0.9857944231085015,-0.7755595890948858,-1.3240415393692746,0.5211762173450094,0.47882378265499076
bull_high_rel_exhaustion_balance,demand,2000-2004,5,85,4762,1,-0.08976193782106703,0.025304897198913115,0.4995819152534038,1.1671366451025784,-2.1862587403709695,-1.6973543184611766,-2.7089529786841715,0.5065190375302713,0.4934809624697286
bull_high_rel_exhaustion_balance,demand,2000-2004,10,85,4762,1,-0.01996693914404003,0.14692903708091662,0.511947726221309,1.5422010913821256,-2.642709609780603,-2.0491173856405194,-3.071240995871211,0.4706487485872133,0.5293512514127869
bull_high_rel_exhaustion_balance,demand,2000-2004,20,85,4762,1,0.0999322182127198,0.2869985568980876,0.5258419598622487,2.1254837095097154,-3.4905553971973395,-2.71361004881133,-4.2226905514575455,0.4713200140374648,0.5286799859625352
bull_high_rel_exhaustion_balance,demand,2005-2009,1,126,7886,1,-0.018930655971539354,0.001452775426089204,0.4830697611350755,0.488736387473555,-0.9753050111593498,-0.7262226149845026,-1.2654942460252299,0.5016861912561085,0.49831380874389153
bull_high_rel_exhaustion_balance,demand,2005-2009,5,126,7886,1,-0.08000040358731013,0.013179303697680396,0.49002781675932283,1.1215186908121046,-2.116810763114133,-1.624673310048556,-2.714440170524094,0.49669896080895304,0.5033010391910469
bull_high_rel_exhaustion_balance,demand,2005-2009,10,126,7886,1,-0.023855696304274938,0.12849721670408445,0.5113870350204426,1.5249353229851548,-2.8729317087018407,-2.0376634399188323,-3.476152003038629,0.46370083564796055,0.5362991643520394
bull_high_rel_exhaustion_balance,demand,2005-2009,20,126,7886,1,-0.08315053110831416,0.2845444573604823,0.5131737905278292,2.2021525005557723,-3.9566217806418327,-3.0639030384431147,-4.749971837052312,0.4683536158331399,0.5316463841668599
bull_high_rel_exhaustion_balance,demand,2010-2014,1,121,10703,1,-0.010517533465491941,0.0,0.49854057366393734,0.466071293292157,-0.9570418827503275,-0.6925276068383474,-1.3231201452132997,0.4943537123975244,0.5056462876024755
bull_high_rel_exhaustion_balance,demand,2010-2014,5,121,10703,1,-0.04441868701544381,0.04096065881109068,0.5010390380250143,1.0597694739632182,-2.145997727319367,-1.6004444807139286,-2.8644486230139297,0.5056657514236171,0.4943342485763831
bull_high_rel_exhaustion_balance,demand,2010-2014,10,121,10703,1,-0.11221741355476525,0.08224678228140596,0.49922793688770273,1.5420432456041124,-3.1158999943020116,-2.384186842917721,-3.850183612715473,0.5150162283582612,0.4849837716417386
bull_high_rel_exhaustion_balance,demand,2010-2014,20,121,10703,1,-0.119443504893131,0.23156735212638474,0.503494388134506,2.3357730245455954,-4.490865159786327,-3.529294748695994,-5.660343174714538,0.46252606998104706,0.5374739300189529
bull_high_rel_exhaustion_balance,demand,2015-2019,1,179,12625,1,-0.010010388322578582,0.011335977518913829,0.505878998047629,0.48238011960638677,-0.9573706265805588,-0.7138743701456106,-1.3592572439870816,0.4992238992954842,0.5007761007045155
bull_high_rel_exhaustion_balance,demand,2015-2019,5,179,12625,1,-0.06315607453499383,0.05893734101751109,0.5047692849673144,1.1236825389214802,-2.2407179738193537,-1.6658832536224784,-3.0546168920823704,0.5040601182217197,0.4959398817782805
bull_high_rel_exhaustion_balance,demand,2015-2019,10,179,12625,1,-0.03527901451205732,0.07886863074629762,0.5195223919544038,1.619190438789076,-3.104389978964394,-2.253217610020265,-4.038971349959344,0.4995213951334855,0.5004786048665145
bull_high_rel_exhaustion_balance,demand,2015-2019,20,179,12625,1,-0.003913942925625013,0.23406755961312525,0.531430851852958,2.3292491872483354,-4.367217528065859,-3.24780271481102,-5.2790056058634205,0.49628734235571126,0.5037126576442886
bull_high_rel_exhaustion_balance,demand,2020-2026,1,271,26178,1,-0.027803987566989114,0.00866328854391463,0.4936872733981232,0.5038122203193486,-1.0399313478225292,-0.7661347018504334,-1.4677404816966075,0.5152433486513981,0.48475665134860185
bull_high_rel_exhaustion_balance,demand,2020-2026,5,271,26104,1,-0.081269380671687,0.03052190940828826,0.49683690092038096,1.1887241272067774,-2.4553222056829864,-1.8555580865760062,-3.2611978461632987,0.5257564665507211,0.474243533449279
bull_high_rel_exhaustion_balance,demand,2020-2026,10,270,25989,1,-0.08931236323071669,0.0731121216625766,0.5077187363120933,1.7209994029443207,-3.4150030652301853,-2.555682284546303,-4.479419411880253,0.5028865002802991,0.49711349971970087
bull_high_rel_exhaustion_balance,demand,2020-2026,20,268,25768,1,-0.2185786725629726,0.11846209584329029,0.5023414701195724,2.570411563127928,-5.0271178314528235,-3.691844780054446,-6.377809540886299,0.5303432338576595,0.46965676614234053
bull_high_rel_exhaustion_balance,demand,ALL,1,272,62197,1,-0.019063845366505194,0.0083566199693368,0.4971160086500652,0.49679515693805953,-1.0347731497825414,-0.7553424548310972,-1.4879036327679274,0.5044306031562698,0.49556939684373
bull_high_rel_exhaustion_balance,demand,ALL,5,272,62123,1,-0.05568573518031156,0.04639681311821566,0.5028958484539613,1.1676404827575402,-2.387734042823274,-1.794293354738105,-3.447145050126154,0.5098729320914397,0.4901270679085603
bull_high_rel_exhaustion_balance,demand,ALL,10,272,62011,1,-0.047929549164876954,0.11205945067226503,0.5129324962292036,1.6806899349883107,-3.4501358536442197,-2.525421840545448,-4.642768424864799,0.4982394998786368,0.5017605001213632
bull_high_rel_exhaustion_balance,demand,ALL,20,270,61788,1,-0.0953852061233574,0.1850366261992832,0.5092133472982354,2.4646473488113894,-4.9089510028882,-3.6504718509688585,-6.746108917764479,0.5015406090082699,0.4984593909917301
bull_high_rel_exhaustion_balance,supply,2000-2004,1,71,844,1,0.11954382891381714,0.08609787610234615,0.5466488336533448,0.5671228266465175,-0.7772240462511368,-0.5838924253789564,-0.9878317674544586,0.4191371679185317,0.5808628320814684
bull_high_rel_exhaustion_balance,supply,2000-2004,5,71,844,1,0.4745484274264181,0.340003262854011,0.6024339246446794,1.428475624532791,-1.4724726463709337,-1.1833172420180504,-1.7781622515614752,0.36140108143233773,0.6385989185676623
bull_high_rel_exhaustion_balance,supply,2000-2004,10,71,844,1,0.48008600555205133,0.3336638414938282,0.5865260173217995,1.8263029653295098,-2.025019898128427,-1.595332111265404,-2.3914951699966247,0.3814807887379503,0.6185192112620498
bull_high_rel_exhaustion_balance,supply,2000-2004,20,71,844,1,0.5100245800864354,0.6065832842324645,0.5927936574246051,2.481086627420931,-2.5195205488422463,-2.188489914141573,-2.843617846980428,0.35566694005104255,0.6443330599489573
bull_high_rel_exhaustion_balance,supply,2005-2009,1,113,2100,1,-0.00488314317162838,0.025666969266500857,0.501913566852317,0.5369248773360301,-0.9661730010930173,-0.7579331824533078,-1.2250829119914217,0.4953116191942928,0.5046883808057071
bull_high_rel_exhaustion_balance,supply,2005-2009,5,113,2100,1,0.0056994689419849545,0.034619818790728334,0.5179112615865124,1.2634225344349086,-2.025528493150561,-1.6786991764104724,-2.4677353691394335,0.5015133627360608,0.4984866372639392
bull_high_rel_exhaustion_balance,supply,2005-2009,10,113,2100,1,0.038877205892622585,0.11296425885865527,0.5316759455616222,1.7273074518329232,-2.568366059847814,-2.0343478107893405,-3.003772941830772,0.5055143711598331,0.49448562884016684
bull_high_rel_exhaustion_balance,supply,2005-2009,20,113,2100,1,0.18249055927405874,0.31419104375920914,0.5316881385051593,2.364155015438376,-3.157459125210141,-2.469383320522023,-3.7992065095447503,0.46466354981070707,0.5353364501892931
bull_high_rel_exhaustion_balance,supply,2010-2014,1,112,2198,1,0.01341918198032652,0.06107446290934965,0.5206059232749506,0.5342459986346081,-0.9766369573332934,-0.7130161977064142,-1.2152015798954352,0.4666144197483417,0.5333855802516584
bull_high_rel_exhaustion_balance,supply,2010-2014,5,112,2198,1,-0.056259978908551014,0.056894357862125676,0.5003838864159077,1.2772050712009324,-2.1513200684270033,-1.7290199706030918,-2.6015942641236025,0.4664316580572006,0.5335683419427995
bull_high_rel_exhaustion_balance,supply,2010-2014,10,112,2198,1,0.0817733344332386,0.4159911420180293,0.5320942084662506,1.6836073984400832,-2.378715259198837,-2.0083367748900454,-3.004314173743558,0.43121665511825785,0.5687833448817421
bull_high_rel_exhaustion_balance,supply,2010-2014,20,112,2198,1,0.19304161145392434,0.3994054088606869,0.5276072154788115,2.3636135490586887,-3.11211043008764,-2.5595936128396466,-3.7227442456992854,0.39596162984367567,0.6040383701563243
bull_high_rel_exhaustion_balance,supply,2015-2019,1,149,2710,1,0.010023679804144056,0.016418987407242683,0.5141426297403833,0.5553459751551377,-0.9563732856464466,-0.7350499287731989,-1.203019440294764,0.4987936161730498,0.50120638382695
bull_high_rel_exhaustion_balance,supply,2015-2019,5,149,2710,1,-0.008704001294540086,0.06660999851596487,0.5289242124692978,1.2724079431930992,-1.9183103362209961,-1.509894183950941,-2.4788280788088457,0.4676893240023549,0.5323106759976451
bull_high_rel_exhaustion_balance,supply,2015-2019,10,149,2710,1,0.06373392427575836,0.1093146542549159,0.5466115895319671,1.7907106557412744,-2.4971557139336187,-1.906230967901026,-2.8862605116997866,0.4380437877965226,0.5619562122034774
bull_high_rel_exhaustion_balance,supply,2015-2019,20,149,2710,1,0.34663977295037063,0.4182953683416305,0.5625567466991789,2.6421996327282242,-3.012796930013264,-2.3598684797772136,-3.7476085410896802,0.42630309916412074,0.5736969008358791
bull_high_rel_exhaustion_balance,supply,2020-2026,1,260,5971,1,-0.024337519157014025,0.0013114196249909612,0.49766858000810454,0.5351399223904448,-0.9646016936073742,-0.7142503515686598,-1.3200264148110006,0.5156787961477649,0.48432120385223515
bull_high_rel_exhaustion_balance,supply,2020-2026,5,260,5953,1,-0.034842282010670286,0.04161087586276848,0.5085041877442684,1.2340251640431448,-1.9867266907045953,-1.6267472955187174,-2.4664630766193225,0.4935490279539517,0.5064509720460484
bull_high_rel_exhaustion_balance,supply,2020-2026,10,260,5896,1,-0.054180231115161834,0.10899694918085087,0.5104868746543667,1.7946027410524954,-2.76802779120064,-2.228759463922212,-3.316650071183446,0.47179020935348065,0.5282097906465194
bull_high_rel_exhaustion_balance,supply,2020-2026,20,257,5775,1,-0.09040126050283617,0.2027680158135894,0.5138749583806234,2.64374708707107,-3.7037542755717237,-3.0025030869127165,-4.302005389546191,0.5027980550968713,0.4972019449031288
bull_high_rel_exhaustion_balance,supply,ALL,1,270,14007,1,0.0018260032180703214,0.017564871366641456,0.5085961337112597,0.5337569614820646,-1.0609736826387444,-0.7741166297319342,-1.4159244140050165,0.5025527145838229,0.49744728541617717
bull_high_rel_exhaustion_balance,supply,ALL,5,270,13989,1,0.0158333685751277,0.09314519708339974,0.5216986036645801,1.2520440652415326,-2.378538940129184,-1.8015023426094239,-3.023247108344301,0.48658899944071904,0.5134110005592809
bull_high_rel_exhaustion_balance,supply,ALL,10,270,13932,1,0.033192357942647154,0.17215831705680645,0.5283915931909018,1.7687962438442182,-3.1074672562758665,-2.3905269667187987,-3.9664027020648014,0.45972153156465295,0.5402784684353471
bull_high_rel_exhaustion_balance,supply,ALL,20,267,13811,1,0.13096899438051088,0.2591271805743809,0.5353589597382297,2.5849621487629726,-4.014332154784821,-3.3313424224997634,-5.053673406709091,0.4742069001885118,0.5257930998114881
bull_high_rel_holding_balance,demand,2000-2004,1,85,4682,1,-0.028399598275990118,0.0,0.48035322859244306,0.5174300511448883,-0.9900441880765217,-0.7731274280574656,-1.3240415393692746,0.5216901912327464,0.47830980876725365
bull_high_rel_holding_balance,demand,2000-2004,5,85,4682,1,-0.10091533249931627,0.03454740684762923,0.49695713247108103,1.1665253684594823,-2.1848352293203233,-1.7016018890338591,-2.7330807354310496,0.5077525555462387,0.4922474444537612
bull_high_rel_holding_balance,demand,2000-2004,10,85,4682,1,-0.03362954474337621,0.13717346107844602,0.5098388404133077,1.5410468235340606,-2.6750340289857335,-2.0423736042711087,-3.071240995871211,0.4706487485872133,0.5293512514127869
bull_high_rel_holding_balance,demand,2000-2004,20,85,4682,1,0.0807774979181474,0.2869985568980876,0.5244115980044866,2.126530648707353,-3.4905553971973395,-2.7549922944221423,-4.2226905514575455,0.4713200140374648,0.5286799859625352
bull_high_rel_holding_balance,demand,2005-2009,1,126,7736,1,-0.022155652889528196,0.0,0.4818509017579395,0.4892868252894998,-0.9738634339856842,-0.723910654135987,-1.2654942460252299,0.5047336206598732,0.4952663793401268
bull_high_rel_holding_balance,demand,2005-2009,5,126,7736,1,-0.0891707758462731,0.0124273669405164,0.4882226816325438,1.1287135597856497,-2.1368680680850938,-1.6240397680405283,-2.714440170524094,0.4989269902399619,0.501073009760038
bull_high_rel_holding_balance,demand,2005-2009,10,126,7736,1,-0.04108037363868744,0.10036854036888887,0.5087133655211541,1.5353338929309872,-2.9275228889085625,-2.0749816869022366,-3.508038490705062,0.4718155212467293,0.5281844787532706
bull_high_rel_holding_balance,demand,2005-2009,20,126,7736,1,-0.106863319164671,0.267526812041187,0.5106548833316832,2.2101474110832555,-3.9769350583940075,-3.0731733805809123,-4.749971837052312,0.4644317866190896,0.5355682133809103
bull_high_rel_holding_balance,demand,2010-2014,1,121,10530,1,-0.013258612464291566,0.0,0.4973259905636747,0.46668382663611724,-0.9646761610692056,-0.6920186531485224,-1.3275991759004468,0.49652556926205094,0.5034744307379492
bull_high_rel_holding_balance,demand,2010-2014,5,121,10530,1,-0.04845162288600325,0.025486878962703095,0.5008154871362921,1.0636976903557283,-2.145997727319367,-1.6030958157565665,-2.8644486230139297,0.5096538422646129,0.49034615773538726
bull_high_rel_holding_balance,demand,2010-2014,10,121,10530,1,-0.11519723987855265,0.07900891824627201,0.49848942917825684,1.5458608963090146,-3.1158999943020116,-2.384186842917721,-3.850183612715473,0.5150162283582612,0.4849837716417386
bull_high_rel_holding_balance,demand,2010-2014,20,121,10530,1,-0.11042685106001073,0.2667586452464511,0.5052117065193044,2.334307947176734,-4.435928817857545,-3.529294748695994,-5.569460135527417,0.46566400295315463,0.5343359970468454
bull_high_rel_holding_balance,demand,2015-2019,1,179,12410,1,-0.012414426716854075,0.00819529192597979,0.5035144892536818,0.4820989379812265,-0.9570947669490351,-0.7148840661874655,-1.3529974659899753,0.49947594926571554,0.5005240507342844
bull_high_rel_holding_balance,demand,2015-2019,5,179,12410,1,-0.07136653075349074,0.04971579333120785,0.501431389492517,1.1217712625719607,-2.25044295489083,-1.6579174834889774,-3.0546168920823704,0.5021643592117283,0.4978356407882717
bull_high_rel_holding_balance,demand,2015-2019,10,179,12410,1,-0.04589770774234976,0.08546620936890356,0.5169746477165151,1.6191522035398582,-3.104389978964394,-2.246639983559348,-4.038971349959344,0.5130432207589808,0.4869567792410193
bull_high_rel_holding_balance,demand,2015-2019,20,179,12410,1,-0.009959210291226851,0.23406755961312525,0.5304334180086616,2.328596855409042,-4.278403224285895,-3.2747551155626016,-5.27290461806331,0.49814320122746886,0.5018567987725314
bull_high_rel_holding_balance,demand,2020-2026,1,271,25698,1,-0.029683336285202484,0.0,0.492102294031955,0.503331486739019,-1.0415963412470346,-0.7673299163066063,-1.451228006262742,0.5192370664177401,0.4807629335822601
bull_high_rel_holding_balance,demand,2020-2026,5,271,25624,1,-0.08450724448758236,0.03116903722630688,0.4955489111703861,1.1874924972377394,-2.447960310182951,-1.843899928767747,-3.267898673388529,0.5257564665507211,0.474243533449279
bull_high_rel_holding_balance,demand,2020-2026,10,270,25512,1,-0.09471321870614294,0.07588076400776037,0.5061284717495796,1.7184715966403477,-3.372120325080189,-2.5394206362629754,-4.479419411880253,0.5056327677411105,0.49436723225888923
bull_high_rel_holding_balance,demand,2020-2026,20,268,25297,1,-0.224245382642332,0.11792985494802855,0.5011780871744094,2.568721773097514,-4.966336555304842,-3.7247327043268657,-6.403060027262245,0.5300216176689364,0.46997838233106365
bull_high_rel_holding_balance,demand,ALL,1,272,61094,1,-0.020523251839434497,0.003232311030598691,0.4955491984354907,0.49658108945828516,-1.039070803932162,-0.7585563884974709,-1.4895674391461495,0.5046888992822174,0.4953111007177826
bull_high_rel_holding_balance,demand,ALL,5,272,61020,1,-0.05884565076399798,0.03960470446909718,0.5018084960084856,1.1672491215245853,-2.3924983776034057,-1.7770948846897947,-3.4402213543754465,0.5092024929659781,0.4907975070340219
bull_high_rel_holding_balance,demand,ALL,10,272,60911,1,-0.05288155909889476,0.10555760857903532,0.5115804121059047,1.679471897739092,-3.4448120499512456,-2.5260903792416673,-4.660757267321392,0.5021744170076247,0.49782558299237534
bull_high_rel_holding_balance,demand,ALL,20,270,60694,1,-0.09775594604802448,0.17529164682212423,0.5087032056256182,2.462677763960391,-4.921608508047386,-3.66827625532854,-6.698047566647615,0.5015350282282152,0.49846497177178484
bull_high_rel_holding_balance,supply,2000-2004,1,63,681,1,0.0969265691471927,0.0613740907889188,0.5255004653511697,0.5492050019499126,-0.7726231163363041,-0.6220335523166763,-0.9202781878750407,0.4336720994532239,0.5663279005467762
bull_high_rel_holding_balance,supply,2000-2004,5,63,681,1,0.4696653027790177,0.3006713602758428,0.5861336985289106,1.431302248008479,-1.4341769250012266,-1.0479345390805723,-1.6624073336030878,0.3697479899135305,0.6302520100864696
bull_high_rel_holding_balance,supply,2000-2004,10,63,681,1,0.5319700171150445,0.2999386748217371,0.5897082248661627,1.8168941899132158,-1.6108113644707507,-1.1755411804093254,-2.032566336483297,0.3814807887379503,0.6185192112620498
bull_high_rel_holding_balance,supply,2000-2004,20,63,681,1,0.6888271940053963,0.6761631046103556,0.6060286454439943,2.456457620597346,-2.0714129824977006,-1.743067169787316,-2.625644459254899,0.2907784383680754,0.7092215616319245
bull_high_rel_holding_balance,supply,2005-2009,1,104,1649,1,-0.017928408475802928,0.009138979701677501,0.49719151493931374,0.55542650626336,-0.9737893336499661,-0.7934424390724452,-1.2278840231285155,0.47946112437451394,0.5205388756254861
bull_high_rel_holding_balance,supply,2005-2009,5,104,1649,1,-0.006722811803957263,0.10558693665235752,0.5109920378595535,1.2693971377472535,-1.9154218129543286,-1.6582534442676162,-2.286882636349006,0.46849239489371325,0.5315076051062867
bull_high_rel_holding_balance,supply,2005-2009,10,104,1649,1,0.01944749004213514,0.11431464245971931,0.5256580500382584,1.700460359024403,-2.528395455578787,-1.9809185362547008,-2.9792407026683287,0.5116006077923396,0.4883993922076605
bull_high_rel_holding_balance,supply,2005-2009,20,104,1649,1,0.16177944787396512,0.21412750132991015,0.5290014768785828,2.308813627556255,-3.146564351711084,-2.550604901925868,-3.6588028294362216,0.46364786102443434,0.5363521389755657
bull_high_rel_holding_balance,supply,2010-2014,1,104,1759,1,0.003402184476404695,0.04725689711923034,0.5168571145491974,0.5271410581107575,-0.9796515938282998,-0.7440404711185269,-1.1957768025743152,0.4874022115120308,0.5125977884879693
bull_high_rel_holding_balance,supply,2010-2014,5,104,1759,1,-0.010933784282234712,0.08188722201864888,0.5125273754395985,1.2804565740809772,-2.1624885995176912,-1.6341851268081533,-2.571641338532828,0.48301098589176583,0.5169890141082342
bull_high_rel_holding_balance,supply,2010-2014,10,104,1759,1,0.12627573939487827,0.43127663795450233,0.5467932059906683,1.710153936335214,-2.274062986999102,-1.9158388985746988,-2.813056663876343,0.4158857653078495,0.5841142346921506
bull_high_rel_holding_balance,supply,2010-2014,20,104,1759,1,0.27195167469407344,0.4243375976585554,0.538495992989758,2.342898475763278,-3.0623951639899065,-2.552459023635379,-3.5038901171936327,0.4168445472036694,0.5831554527963305
bull_high_rel_holding_balance,supply,2015-2019,1,138,2091,1,0.024764038848181076,0.038838222045149924,0.51824404604744,0.5640031369367737,-0.9464218270001167,-0.7297135916796664,-1.1511089903616338,0.49633770328763605,0.5036622967123638
bull_high_rel_holding_balance,supply,2015-2019,5,138,2091,1,-0.002586946638202827,0.049907774390311604,0.5220933940262965,1.242510074078678,-1.8030060441030837,-1.4135962702621359,-2.2527077497260137,0.4654382186597671,0.534561781340233
bull_high_rel_holding_balance,supply,2015-2019,10,138,2091,1,0.013877698392668891,0.13532530057936087,0.5419466201991082,1.7889825164690676,-2.37396707155063,-1.9797324277658672,-2.7814798568160093,0.45456837163260344,0.5454316283673966
bull_high_rel_holding_balance,supply,2015-2019,20,138,2091,1,0.329340599866346,0.4801693379455677,0.5634781777483195,2.7099425951424165,-2.7585457076112627,-2.2756424492658978,-3.404643580617416,0.3967964652728038,0.6032035347271961
bull_high_rel_holding_balance,supply,2020-2026,1,256,4968,1,-0.02273644556662202,-0.01703599238496358,0.49572627553896675,0.5383594314394,-0.9505953690813334,-0.7100279475947262,-1.311880695394752,0.5197851803406897,0.48021481965931023
bull_high_rel_holding_balance,supply,2020-2026,5,256,4953,1,-0.02411490850552875,0.03482161484409378,0.5090833985924645,1.2391375913770686,-1.9206289724480528,-1.5495061695863335,-2.3732672750207966,0.48880568746765907,0.5111943125323408
bull_high_rel_holding_balance,supply,2020-2026,10,255,4894,1,-0.026791883586316206,0.1115157479383603,0.5146372117276512,1.7984779371292041,-2.53000096345946,-1.9465398110931142,-2.9273975901403215,0.4628063023029613,0.5371936976970387
bull_high_rel_holding_balance,supply,2020-2026,20,253,4786,1,0.004078462489338941,0.2875882277908448,0.5271345440269511,2.6157124614967247,-3.4565515795672934,-2.926278383019632,-3.9832371829546465,0.493176750112641,0.5068232498873588
bull_high_rel_holding_balance,supply,ALL,1,267,11395,1,0.0026845569478444803,0.01071046805568615,0.5069058610678319,0.5378736521374516,-1.0276133065323874,-0.7717245905072084,-1.3887859894126053,0.5009763734931114,0.4990236265068885
bull_high_rel_holding_balance,supply,ALL,5,267,11380,1,0.04519052997016813,0.06231526516982115,0.5255667081779193,1.2430793075353797,-2.2952042001431616,-1.7116244099432563,-2.834171416121211,0.4834838865983653,0.5165161134016346
bull_high_rel_holding_balance,supply,ALL,10,266,11321,1,0.07910296575089419,0.21080518711383509,0.5374641647384358,1.7611159654112263,-3.0115828627071966,-2.275297446961864,-3.823617388219266,0.45763268049718053,0.5423673195028196
bull_high_rel_holding_balance,supply,ALL,20,264,11213,1,0.20960079132014467,0.3629982920966093,0.5454656466524052,2.5560449425094376,-4.025669415328535,-3.1392204437452884,-4.968530204649348,0.4467924534924605,0.5532075465075394
bull_low_a0_sd,demand,2000-2004,1,13,89,0,0.1503817813106344,0.10133267677479038,0.5890109890109889,0.516942510375535,-0.6032081037308787,-0.5536772475370956,-0.6527389599246619,0.3485152654321199,0.6514847345678803
bull_low_a0_sd,demand,2000-2004,5,13,89,0,-0.05510348960233798,-0.15116151591647795,0.4710622710622711,1.2425939800098138,-1.7204656361291146,-1.6166003580245498,-1.8151269127088026,0.5438369150951254,0.45616308490487467
bull_low_a0_sd,demand,2000-2004,10,13,89,0,-0.2520127947206984,-0.42057299646018076,0.4278388278388278,1.661806230032685,-1.8371580017006135,-1.7053971251647704,-2.1515637202401288,0.6533150821720042,0.3466849178279957
bull_low_a0_sd,demand,2000-2004,20,13,89,0,-0.7184714089987405,-0.15198086803522023,0.4094627594627595,2.6941716233293387,-2.450092968901022,-1.986735580333078,-2.913450357468966,0.48712906025792096,0.5128709397420791
bull_low_a0_sd,demand,2005-2009,1,35,246,1,-0.020210945375722652,0.04572631745900275,0.5093599257884972,0.4704830006084356,-0.7441827978301901,-0.6223004795984012,-0.7771784355976472,0.540028570973716,0.45997142902628396
bull_low_a0_sd,demand,2005-2009,5,35,246,1,0.1775232878584793,0.29072662181255204,0.590198928056071,1.1309913766961148,-1.3442105693626478,-1.2059134976258594,-1.5966145007260468,0.46141719079105564,0.5385828092089444
bull_low_a0_sd,demand,2005-2009,10,35,246,1,0.26560256682061945,0.5761501651052666,0.5766594516594516,1.5387035751404299,-1.3832965105162023,-1.2726699593928505,-1.6398724943816152,0.47874881329603697,0.521251186703963
bull_low_a0_sd,demand,2005-2009,20,35,246,1,0.8983538306592956,0.6546700930698676,0.6116604823747681,2.3622793089654452,-2.106449611830647,-1.6191054201130495,-2.8781284859542495,0.3531503015812362,0.6468496984187638
bull_low_a0_sd,demand,2010-2014,1,53,384,1,0.006794639227267806,-0.004698529177553151,0.4978455506757394,0.4459598987147273,-0.6304635588412215,-0.5450904294788487,-0.6784679564673327,0.4914524099853892,0.5085475900146108
bull_low_a0_sd,demand,2010-2014,5,53,384,1,0.15470160055675647,0.12952195470461572,0.557398419190872,1.1409991136464266,-1.4727042844660203,-1.2806187261861015,-1.645823529842682,0.4281480696395051,0.571851930360495
bull_low_a0_sd,demand,2010-2014,10,53,384,1,0.25110627963082743,0.28466272690829403,0.5491052972185048,1.6777679211573118,-1.881760241401629,-1.4740789380575947,-2.3501701649031603,0.42989616001797987,0.5701038399820201
bull_low_a0_sd,demand,2010-2014,20,53,384,1,0.2609340518150646,0.2942163474171833,0.5769101443629745,2.2056672242384314,-2.4937047149514386,-2.1255378581610658,-2.8929577604961856,0.41602390320948957,0.5839760967905105
bull_low_a0_sd,demand,2015-2019,1,48,381,1,0.013301505364446797,0.017604970076027127,0.5186276686276686,0.4732001311381833,-0.7077583475196656,-0.5782431024213243,-0.8131587403104152,0.48225427796796483,0.5177457220320354
bull_low_a0_sd,demand,2015-2019,5,48,381,1,-0.11123365795702915,0.016553551418846926,0.48386463073963065,1.0856487018807075,-1.42888710662526,-1.3496735929795165,-1.6251116343657546,0.5609377409025809,0.43906225909741914
bull_low_a0_sd,demand,2015-2019,10,48,381,1,-0.11183780109958992,0.10518100023133899,0.5045923983423983,1.6292619210816703,-2.2321049297459092,-1.8204231055090854,-2.6932820193653866,0.5209150034184408,0.47908499658155923
bull_low_a0_sd,demand,2015-2019,20,48,381,1,-0.07155905001546509,0.449310834047844,0.5499759210696711,2.1945452088580786,-2.929857693251763,-2.4229010465733944,-3.4148922789864535,0.47198806216882105,0.528011937831179
bull_low_a0_sd,demand,2020-2026,1,77,568,1,-0.028545569600142272,0.010725111602315367,0.48874080464989555,0.5461590604744789,-0.8248118186840331,-0.6466315793574368,-0.9478820108335569,0.5128502754626953,0.4871497245373047
bull_low_a0_sd,demand,2020-2026,5,77,568,1,-0.014953017892438423,0.23163449525142463,0.5331495704872328,1.2287421202246012,-1.6717230400237966,-1.4415118447601272,-2.093680321134608,0.5002777391003832,0.4997222608996167
bull_low_a0_sd,demand,2020-2026,10,76,562,1,-0.14644624887005114,0.005140093806985839,0.5072419539524802,1.7778176771389276,-2.4234411255596573,-2.015040881217909,-2.7815374285445422,0.5713270985499252,0.42867290145007464
bull_low_a0_sd,demand,2020-2026,20,76,559,1,-0.3047168272016917,0.6456543129246382,0.5597286120312437,2.9783883902057458,-3.1399391346831402,-2.5283584918879,-3.8300214431959967,0.4371105202497211,0.562889479750279
bull_low_a0_sd,demand,ALL,1,166,2420,1,-0.020596094029721613,-0.008409239834055844,0.47679793344510635,0.5087333757640954,-0.867320770823545,-0.6908882659990121,-1.0604471625950023,0.4908013350173668,0.5091986649826332
bull_low_a0_sd,demand,ALL,5,166,2420,1,-0.059642170874907606,0.09964559453767396,0.5135422797725263,1.1784780128454087,-2.0000566193602887,-1.56971566712182,-2.597763021777885,0.4940442998990586,0.5059557001009414
bull_low_a0_sd,demand,ALL,10,166,2416,1,-0.04988360584090795,0.11115879914613938,0.5118873890309185,1.7391054485996147,-2.9306055856427147,-2.2317463797894384,-3.5484885523309604,0.5083165288812691,0.491683471118731
bull_low_a0_sd,demand,ALL,20,166,2410,1,-0.013768814491464266,0.2595441527889695,0.5415774396064427,2.623240267347381,-3.909318803583812,-3.143843898220405,-4.662614826683262,0.4765210928568795,0.5234789071431207
bull_low_exhaustion_balance,demand,2000-2004,1,4,22,0,0.16091102653329295,0.06480586807303249,0.6,0.4664199975363859,-0.47504622152011844,-0.34133168447578355,-0.5049290988363426,0.3462880447076875,0.6537119552923125
bull_low_exhaustion_balance,demand,2000-2004,5,4,22,0,0.08745905558631771,0.2558898599031711,0.55,1.3254549251512886,-2.118599351654931,-1.612366365367592,-2.6248323379422698,0.47165673086766297,0.5283432691323369
bull_low_exhaustion_balance,demand,2000-2004,10,4,22,0,-0.05084649402575669,0.2911716103377664,0.5416666666666666,1.9327107395638252,-2.42161197049125,-2.0580539273607172,-2.7851700136217827,0.5118617230635822,0.4881382769364176
bull_low_exhaustion_balance,demand,2000-2004,20,4,22,0,-0.7470506671079948,-0.31297061409086396,0.375,2.8645992984763713,-3.938016008925596,-3.1813567889979404,-4.694675228853251,0.49358116563881815,0.506418834361182
bull_low_exhaustion_balance,demand,2005-2009,1,18,112,0,-0.0391142639117429,-0.03627114870763788,0.4847222222222222,0.49897128912545585,-0.8124718123299215,-0.6253578286657768,-0.8556571506314435,0.5404426796507795,0.45955732034922037
bull_low_exhaustion_balance,demand,2005-2009,5,18,112,0,0.13964154844411233,0.33115908135915484,0.5616402116402116,1.1650485058757383,-1.3013626571925312,-1.1096998051978324,-1.4924417677475184,0.3920619826237617,0.6079380173762382
bull_low_exhaustion_balance,demand,2005-2009,10,18,112,0,0.40662787230181174,0.7990364970700755,0.651521164021164,1.6100284638887215,-1.2617594572601085,-1.1903653137817927,-1.3331536007384241,0.4162532032378359,0.5837467967621641
bull_low_exhaustion_balance,demand,2005-2009,20,18,112,0,1.0184918134695582,0.7710719344894048,0.6044973544973544,2.625198784503822,-2.302020305265213,-1.5334492635797239,-2.6630172293873784,0.3033996983503884,0.6966003016496116
bull_low_exhaustion_balance,demand,2010-2014,1,24,141,0,0.014322383344341244,0.031246583406478755,0.48874007936507935,0.4723599377587468,-0.5319620390468726,-0.41661923384183663,-0.627020247174636,0.45628064879426483,0.5437193512057351
bull_low_exhaustion_balance,demand,2010-2014,5,24,141,0,0.02289917309904055,0.08931340562539297,0.49355158730158727,1.192292375751342,-1.6323415487901607,-1.2962688633601074,-1.6673922242899408,0.49024926788908885,0.5097507321109112
bull_low_exhaustion_balance,demand,2010-2014,10,24,141,0,0.044991688360885906,0.26530571618992727,0.520188492063492,1.7630973611103535,-2.4082759129002502,-1.9716992718776751,-2.7339006195126165,0.4920324794594144,0.5079675205405856
bull_low_exhaustion_balance,demand,2010-2014,20,24,141,0,0.2752935379649089,0.3092172634725925,0.6186507936507937,2.1222892069836212,-2.8682950962883655,-2.463060871286408,-3.057562589757878,0.427287263237467,0.5727127367625331
bull_low_exhaustion_balance,demand,2015-2019,1,30,194,1,-0.058193596617841764,0.008243580074664358,0.5193771043771044,0.5005163831232402,-0.743460932687867,-0.6318386951938602,-0.8642159658651987,0.5724400250791766,0.4275599749208233
bull_low_exhaustion_balance,demand,2015-2019,5,30,194,1,-0.19973928146421524,-0.039271536691586104,0.44027537277537265,1.1338606961043678,-1.5482357864128031,-1.3656102920764412,-1.7518016081524241,0.6141079040716244,0.3858920959283757
bull_low_exhaustion_balance,demand,2015-2019,10,30,194,1,-0.1881850192244712,0.048000098381727904,0.4773917748917749,1.6807697978068463,-2.1738353877855427,-1.8245972048700796,-2.6247155888176117,0.5414355556642754,0.45856444433572485
bull_low_exhaustion_balance,demand,2015-2019,20,30,194,1,-0.09442213250271732,0.26611377286495674,0.5535545935545936,2.2893561269049707,-3.196120748190165,-2.5598231971064758,-3.695113043416778,0.4900535556137249,0.5099464443862751
bull_low_exhaustion_balance,demand,2020-2026,1,35,221,1,0.03751183526027762,-0.05789995531124924,0.4997247990105132,0.5227395210914909,-0.6183993668613553,-0.5066899901470288,-0.8447690190974392,0.4772282428712115,0.5227717571287885
bull_low_exhaustion_balance,demand,2020-2026,5,35,221,1,0.17842026356415527,0.32481524450766247,0.5901659451659451,1.1556662526971406,-1.414919185683942,-1.1959627030291675,-1.7280418172390368,0.3733415334965263,0.6266584665034735
bull_low_exhaustion_balance,demand,2020-2026,10,35,220,1,0.2535842242151707,0.47706084907014334,0.5750082457225315,1.7026005581906267,-1.5010476490093794,-1.2540724104341403,-1.8761261081661815,0.33276336385273664,0.6672366361472633
bull_low_exhaustion_balance,demand,2020-2026,20,35,218,1,0.12916462206475834,0.7463290691058933,0.5987373737373738,2.742329849158385,-2.899489163234129,-2.2808603326460255,-3.5196099438791797,0.39799361283282464,0.6020063871671754
bull_low_exhaustion_balance,demand,ALL,1,125,1372,1,-0.025855923422965894,-0.01962059294034518,0.4833991969532689,0.5199781757860747,-0.8327106642242242,-0.6685770183692569,-1.0376277757712986,0.5291325685795735,0.47086743142042653
bull_low_exhaustion_balance,demand,ALL,5,125,1372,1,-0.05321606901655257,-0.0028323537017065402,0.5055826601910974,1.178225336929614,-2.010006300864181,-1.5983339132543886,-2.315754791817028,0.523533056091893,0.47646694390810695
bull_low_exhaustion_balance,demand,ALL,10,125,1370,1,-0.03857161877411475,0.07510866707546686,0.5171960338502376,1.7457788285675246,-2.523919636003554,-2.0734474664837346,-3.092031393972735,0.5359093464585417,0.46409065354145845
bull_low_exhaustion_balance,demand,ALL,20,125,1367,1,-0.025182088047289896,0.21508243827742246,0.5437915039717167,2.623813213136625,-3.517880232401946,-2.920293209149843,-4.494009823334157,0.48139370249159424,0.5186062975084059
bull_low_holding_balance,demand,2000-2004,1,16,124,0,0.06038715984972513,0.07861851505660827,0.5222470238095238,0.5354150206645083,-0.6325846689806396,-0.5190750252765108,-0.6921842789216974,0.4192804997456566,0.5807195002543434
bull_low_holding_balance,demand,2000-2004,5,16,124,0,-0.0315254124035181,-0.19542306392279077,0.4699404761904762,1.289504097210708,-1.9051601787019306,-1.526551486136949,-2.2359763765362497,0.4772610064699708,0.5227389935300291
bull_low_holding_balance,demand,2000-2004,10,16,124,0,-0.3024974873924101,-0.21766445476468288,0.39769345238095233,1.713378924186738,-2.2415751409147044,-1.920756481399182,-2.4539006310796063,0.5986410317752618,0.40135896822473816
bull_low_holding_balance,demand,2000-2004,20,16,124,0,-0.6933472454700546,0.21366894133027609,0.4459077380952381,2.7105532751728134,-3.4658671045174505,-3.007547575660427,-4.357352165578924,0.49700229950795716,0.502997700492043
bull_low_holding_balance,demand,2005-2009,1,55,406,1,-0.01958908907224594,0.016705960222881164,0.49734190052371874,0.4691460618238976,-0.7398326306859816,-0.5909626862244983,-0.7771784355976472,0.5306186982500565,0.4693813017499436
bull_low_holding_balance,demand,2005-2009,5,55,406,1,0.07719147315362526,0.22164174073554202,0.5514098023188932,1.1762349016345761,-1.5084666536379758,-1.2883195161570238,-1.6290259886832819,0.452853048525836,0.5471469514741638
bull_low_holding_balance,demand,2005-2009,10,55,406,1,0.14632755165043262,0.2506953856861292,0.5599469974469975,1.52966442799756,-1.6024522528012186,-1.2895747620373164,-2.193561751981803,0.47874881329603697,0.521251186703963
bull_low_holding_balance,demand,2005-2009,20,55,406,1,0.5065670326154031,0.5778771886378853,0.5566021604657968,2.2980920737587,-2.3125010676756577,-1.772321639158272,-2.980281978651305,0.37673801263103723,0.6232619873689628
bull_low_holding_balance,demand,2010-2014,1,63,559,1,0.005744747679479811,0.012015840893536099,0.4995876790989573,0.4568459978128321,-0.6871511348710354,-0.5393761028526325,-0.7728904554548026,0.4997370133219669,0.5002629866780332
bull_low_holding_balance,demand,2010-2014,5,63,559,1,0.061113400923271194,0.13963293412537772,0.5447925461709923,1.1419141566789381,-1.5164255184940283,-1.2524066192770942,-1.67213476382847,0.47011467719989186,0.5298853228001081
bull_low_holding_balance,demand,2010-2014,10,63,559,1,0.1490263874726232,0.28466272690829403,0.5385035205210644,1.647421217263986,-2.268310888827053,-1.7226092279103522,-2.6129354651855112,0.48315990985614815,0.516840090143852
bull_low_holding_balance,demand,2010-2014,20,63,559,1,0.11638036065881999,0.12648121140438565,0.555898132777832,2.253937872361633,-3.0943080005781516,-2.385552846837767,-3.429969859762871,0.44610140654054437,0.5538985934594558
bull_low_holding_balance,demand,2015-2019,1,67,583,1,-0.027438838066774024,-0.0008094482969303526,0.4931234395786635,0.47537239327160186,-0.7286118519618703,-0.5964124791504307,-0.8272861218434686,0.5251661210976691,0.4748338789023308
bull_low_holding_balance,demand,2015-2019,5,67,583,1,-0.14247680442189825,0.02483199118391752,0.4803045213492975,1.0918275011586176,-1.6243787557679563,-1.3539072537358037,-2.0182493598094213,0.5824668855845413,0.41753311441545876
bull_low_holding_balance,demand,2015-2019,10,67,583,1,-0.16652471280469142,0.09710555890734608,0.514054167225809,1.5909921510656524,-2.2750239549464535,-1.8082956664104513,-2.711209633538698,0.48494053933202885,0.5150594606679711
bull_low_holding_balance,demand,2015-2019,20,67,583,1,-0.06955171279977396,0.43311798542415225,0.5370497454452677,2.3187278195794017,-3.0770397072798414,-2.5264567206742856,-3.5612197453660968,0.5294262841979632,0.47057371580203694
bull_low_holding_balance,demand,2020-2026,1,110,882,1,-0.05417434922533845,-0.014128071218245877,0.4763959146913693,0.5352901964141612,-0.7831682806466242,-0.6474229061326607,-0.9346183567477676,0.5378936019864089,0.46210639801359105
bull_low_holding_balance,demand,2020-2026,5,110,882,1,-0.038538101805606705,0.1790890127934531,0.5092206783115875,1.1747879467871465,-1.6664905741847484,-1.4141906257359178,-2.071923534771633,0.508599367563711,0.49140063243628884
bull_low_holding_balance,demand,2020-2026,10,109,872,1,-0.15515505080576594,0.12007003568188424,0.5132487415744297,1.826894972454472,-2.5493824015053117,-2.1252026941000715,-3.144295905847978,0.556184924531496,0.4438150754685039
bull_low_holding_balance,demand,2020-2026,20,107,855,1,-0.23358143642699924,0.2751468748565161,0.5385911336845917,2.824189111510505,-3.517699659125302,-2.8379320924222458,-4.073543669034651,0.4604928313975934,0.5395071686024066
bull_low_holding_balance,demand,ALL,1,189,3279,1,-0.03149177720225647,-0.01091419927958014,0.47339388719131065,0.5058596559074032,-0.8866323884715367,-0.6783141083074161,-1.0737224553740272,0.5025084453470956,0.4974915546529043
bull_low_holding_balance,demand,ALL,5,189,3279,1,-0.09097668907701827,0.050779690310230725,0.5005131135125616,1.182106425721915,-2.0773212638596497,-1.6205660674292321,-2.672074577261483,0.5233017720501252,0.47669822794987476
bull_low_holding_balance,demand,ALL,10,188,3268,1,-0.13163762395386192,-0.01527787740716282,0.5072447433291538,1.755812039652826,-3.070814968454032,-2.3235522077287754,-3.836175246848207,0.517719430520745,0.48228056947925513
bull_low_holding_balance,demand,ALL,20,186,3250,1,-0.093231400859797,0.13585881998767502,0.5282537790531406,2.608549488928534,-4.148791607040281,-3.3079976305356866,-4.988377725232615,0.4952613433622679,0.5047386566377321
bull_low_holding_balance,supply,ALL,1,3,15,0,0.21288898605174197,0.3815361388828564,0.6,0.6496942086096538,-0.5921875134775291,-0.5580992380496401,-0.626275788905418,0.3766137638361468,0.6233862361638531
bull_low_holding_balance,supply,ALL,5,3,15,0,0.8100463668190802,1.2725569858111558,0.7333333333333334,1.3348907802942769,-1.141963094450981,-1.0295769204738972,-1.254349268428065,0.28763943520378576,0.712360564796214
bull_low_holding_balance,supply,ALL,10,3,15,0,0.9873452958145662,0.6102408915186696,0.8000000000000002,1.1534871569086191,0.0019171419584581295,0.049106273969260816,-0.05819910890630017,0.011504887332802576,0.9884951126671974
bull_low_holding_balance,supply,ALL,20,3,15,0,1.7522654323869864,2.081556347999139,0.8000000000000002,2.430237823994864,-1.6657817082393096,-0.6189951096673374,-2.0993542393538975,0.15633796560208493,0.8436620343979151
bull_low_rel_a0_sd,demand,2000-2004,1,46,398,1,-0.037690365157477805,-0.07279650215869374,0.4505625603737731,0.5011369541004352,-0.7379165180897378,-0.6115231669504215,-0.8947896178138215,0.5500444369833544,0.44995556301664563
bull_low_rel_a0_sd,demand,2000-2004,5,46,398,1,-0.2943304086545113,-0.18053715717025381,0.44653777445539466,1.2729674467154317,-1.5376795154497334,-1.1938432654405564,-1.778140772841724,0.5701732310655719,0.42982676893442795
bull_low_rel_a0_sd,demand,2000-2004,10,46,398,1,-0.37340411385941374,-0.2403213800432322,0.4490965492681739,1.8011532405364632,-2.492718233439943,-1.945761650366199,-2.90300090650208,0.6557942212589898,0.3442057787410102
bull_low_rel_a0_sd,demand,2000-2004,20,46,398,1,-0.6704638373298581,-0.22820859165797816,0.421165798668659,2.4993324006949735,-3.3312814101962256,-2.912115389905593,-3.8037779118702133,0.5994016322382811,0.40059836776171875
bull_low_rel_a0_sd,demand,2005-2009,1,94,951,1,0.0010054031720377258,0.024141154328392457,0.5060535970353341,0.49598109594577516,-0.7707822221648244,-0.6234592086472779,-0.9088781533247738,0.5222400386170901,0.47775996138290977
bull_low_rel_a0_sd,demand,2005-2009,5,94,951,1,0.0042775443904194636,0.15492770603565093,0.5203717554192654,1.1910086926449974,-1.8072797085287091,-1.4553766096088885,-2.0846578039871053,0.49456822775715514,0.5054317722428447
bull_low_rel_a0_sd,demand,2005-2009,10,94,951,1,0.013314330237820773,-0.011753540119941851,0.5219928589020711,1.6386431286821668,-2.4201306604139865,-1.9824601910976698,-2.9258523004563672,0.4718679575634696,0.5281320424365303
bull_low_rel_a0_sd,demand,2005-2009,20,94,951,1,0.14725357658016158,0.24157483803591356,0.5340733696420904,2.37209277315291,-3.172166813322861,-2.613279447008613,-4.000929499863401,0.46307960422216127,0.5369203957778387
bull_low_rel_a0_sd,demand,2010-2014,1,91,1143,1,0.0037411740208503005,0.002734019694687697,0.49433679884645515,0.4917873778503903,-0.7402933488238089,-0.5779274288547998,-0.9524344838876604,0.4728525915591985,0.5271474084408015
bull_low_rel_a0_sd,demand,2010-2014,5,91,1143,1,-0.026323484159854468,0.07333701236355095,0.5264660900859203,1.105317523485668,-1.6554036637187595,-1.3823424326229052,-2.0289143551856363,0.48059637916456255,0.5194036208354375
bull_low_rel_a0_sd,demand,2010-2014,10,91,1143,1,0.03548871355180568,0.39015786682230325,0.5354846492259694,1.6414258621584341,-2.5071683058341057,-1.9824399660045129,-3.176438231663308,0.46531164452595974,0.5346883554740403
bull_low_rel_a0_sd,demand,2010-2014,20,91,1143,1,0.12418546097656243,0.2942163474171833,0.5373485918471822,2.3315794361038047,-3.7036960328824144,-2.662047631877535,-4.309199359775546,0.5065366966475712,0.4934633033524289
bull_low_rel_a0_sd,demand,2015-2019,1,114,1307,1,-0.02349037241324253,0.015861564224068828,0.4928379844657891,0.5196330010510511,-0.8548530416848638,-0.7179019019523589,-0.9588821652306563,0.5231133379144179,0.47688666208558206
bull_low_rel_a0_sd,demand,2015-2019,5,114,1307,1,-0.12065842064880818,-0.0005715274258823802,0.4861109258648507,1.1730345031355922,-1.7863819824762395,-1.4743333516800265,-2.122207686014043,0.5555023747464732,0.4444976252535268
bull_low_rel_a0_sd,demand,2015-2019,10,114,1307,1,0.005143003495932657,0.07699806431816356,0.5332393167628572,1.6445707246346495,-2.271782296108143,-1.8118365780193155,-2.750077442159014,0.44828980540043706,0.5517101945995628
bull_low_rel_a0_sd,demand,2015-2019,20,114,1307,1,0.08944043213304816,0.31441966375776975,0.5435948336211175,2.425408943176558,-3.673726605469152,-2.889055868285239,-4.312053763962639,0.4721059492393679,0.5278940507606321
bull_low_rel_a0_sd,demand,2020-2026,1,221,2549,1,-0.03515512615349799,-0.02297377513998796,0.4826836553715122,0.5358545758873211,-0.8624717026245514,-0.6817295695596496,-1.0625304960457265,0.5450276406393405,0.4549723593606595
bull_low_rel_a0_sd,demand,2020-2026,5,220,2542,1,-0.02667864874181286,0.05847214800230341,0.5084000246372461,1.25063959553452,-1.8897748692616507,-1.5339869790075622,-2.4296781859755567,0.50850690959992,0.4914930904000801
bull_low_rel_a0_sd,demand,2020-2026,10,220,2530,1,-0.0751035317049759,0.08810267427816915,0.5083479375490643,1.890459337295179,-2.8395765894595986,-2.3255598013599856,-3.3935568866439803,0.5245159262678192,0.4754840737321808
bull_low_rel_a0_sd,demand,2020-2026,20,218,2505,1,-0.17428142677441535,0.12082480002863094,0.5233492547347962,2.8679239796157217,-3.9962702299746544,-3.2029755099577453,-4.762707436900953,0.5367483569920475,0.46325164300795246
bull_low_rel_a0_sd,demand,ALL,1,246,6809,1,-0.02187745860876569,-0.013397805703712734,0.48679899778245384,0.5270444681931918,-0.9576146708308177,-0.7189321295040596,-1.2535026186708462,0.524430794770868,0.47556920522913226
bull_low_rel_a0_sd,demand,ALL,5,245,6802,1,-0.1015493730271142,0.01086329544371482,0.49703344596028887,1.2320950072140309,-2.2747067251200956,-1.7442712625469943,-2.908418465727738,0.5416882174020005,0.45831178259799965
bull_low_rel_a0_sd,demand,ALL,10,245,6790,1,-0.13475890958628683,0.06968587236962626,0.5030606194686436,1.8206003932189336,-3.175148856286064,-2.552096840459441,-4.117142680358734,0.5245657936543893,0.4754342063456108
bull_low_rel_a0_sd,demand,ALL,20,243,6763,1,-0.16105397427600404,0.11113943885574529,0.5124924678867301,2.7169986399479416,-4.562771209341284,-3.6319315836953847,-5.748153104327976,0.5074400844452627,0.49255991555473766
bull_low_rel_a0_sd,supply,2000-2004,1,1,5,0,0.12865840377897017,0.25795726731402524,0.6,0.46607606185838585,-0.6022871657623274,-0.4819437703202888,-0.7226305612043661,0.3619770308885095,0.6380229691114905
bull_low_rel_a0_sd,supply,2000-2004,5,1,5,0,-0.5847888189896266,0.5610573053786325,0.8,1.4454352091376492,-4.05639111833208,-3.037222166345969,-5.07556007031819,0.7022881466055173,0.2977118533944827
bull_low_rel_a0_sd,supply,2000-2004,10,1,5,0,0.15362255555309368,1.195664708462308,0.8,1.847863353319847,-3.182843423522784,-2.1300848526286855,-4.235601994416883,0.45843238211388915,0.5415676178861109
bull_low_rel_a0_sd,supply,2000-2004,20,1,5,0,2.1972145437575326,2.0948598869271073,0.8,2.5259231689732227,-0.2651094917289468,0.29155257958133274,-0.8217715630392264,0.06506702762248094,0.934932972377519
bull_low_rel_a0_sd,supply,2005-2009,1,3,15,0,0.007899070102480555,0.07382032984052775,0.5333333333333333,0.4318607852059329,-0.6005187858342691,-0.47172322737562417,-0.7293143442929141,0.44696196109910286,0.5530380389008971
bull_low_rel_a0_sd,supply,2005-2009,5,3,15,0,-0.36386315690064697,-0.4724907895283774,0.3333333333333333,0.7851824159615514,-1.1741453517012872,-1.1080295929013975,-1.240261110501177,0.715382281512383,0.28461771848761697
bull_low_rel_a0_sd,supply,2005-2009,10,3,15,0,0.128013642438763,0.19250584459434159,0.6666666666666666,1.1029037886831223,-1.1750986584538916,-1.1192790827574715,-1.2309182341503118,0.4398877044033013,0.5601122955966986
bull_low_rel_a0_sd,supply,2005-2009,20,3,15,0,0.626378091280973,0.04298605484157654,0.6,2.451565101392944,-2.6525464701614045,-2.604268024761709,-2.7008249155611,0.4788418269326415,0.5211581730673583
bull_low_rel_a0_sd,supply,2010-2014,1,4,22,0,0.07431183383251906,0.18016594262283026,0.6642857142857143,0.3877970011957631,-0.6193900175983007,-0.3909091728303347,-0.7490164525096952,0.37985309532689704,0.620146904673103
bull_low_rel_a0_sd,supply,2010-2014,5,4,22,0,0.13404214104711348,0.06394557633843284,0.5,1.1082387757158907,-1.1965652890695686,-1.0620259018968143,-1.331104676242323,0.6080333359415308,0.39196666405846925
bull_low_rel_a0_sd,supply,2010-2014,10,4,22,0,0.6253764463348249,0.18297661148942967,0.6214285714285714,1.5461723584054174,-1.8916968542466943,-1.5198581959056696,-2.263535512587719,0.48248459600206073,0.5175154039979393
bull_low_rel_a0_sd,supply,2010-2014,20,4,22,0,0.6308040861847536,1.5304847690280512,0.65,2.6398748389679327,-2.5549239767657026,-1.690017303458937,-3.397055287554214,0.2763965167120337,0.7236034832879663
bull_low_rel_a0_sd,supply,2015-2019,1,6,32,0,-0.010743963655384908,-0.08615666890455287,0.5380952380952381,0.410072996438627,-0.7056412075521172,-0.6000622695951456,-0.7518649104570199,0.628896485643242,0.3711035143567579
bull_low_rel_a0_sd,supply,2015-2019,5,6,32,0,0.20768909678185973,0.1210371187801541,0.5285714285714286,1.1002188197667735,-0.9765698823631087,-0.8942586924360129,-1.0588810722902045,0.34906670296721454,0.6509332970327855
bull_low_rel_a0_sd,supply,2015-2019,10,6,32,0,-0.17727370118884547,-0.08072525351704013,0.44761904761904764,2.275456096407314,-2.7517347819505034,-2.393788579967594,-3.109680983933413,0.4909883418896238,0.5090116581103761
bull_low_rel_a0_sd,supply,2015-2019,20,6,32,0,-0.12469604128234357,0.2569687068934995,0.5380952380952381,3.1908931457978,-3.9874528641871243,-2.804772890851238,-4.7874433637658065,0.4931737827029906,0.5068262172970095
bull_low_rel_a0_sd,supply,2020-2026,1,21,125,0,0.002476103310741979,0.14244276041502793,0.5395691609977324,0.581657065123237,-0.7114138936557626,-0.6996354776604953,-0.8356107219976779,0.5209690782927914,0.4790309217072087
bull_low_rel_a0_sd,supply,2020-2026,5,21,125,0,-0.07134199337319205,-0.06545506506193284,0.4666666666666667,1.1130664270266646,-1.5454096935987365,-1.3485419821183005,-1.769518131555559,0.643721091637754,0.356278908362246
bull_low_rel_a0_sd,supply,2020-2026,10,21,125,0,-0.12483575849390477,0.18067889739451395,0.48752834467120176,1.7221607256252962,-1.6392719925276031,-1.4057855302346407,-2.1955262044486394,0.5255313601987992,0.4744686398012008
bull_low_rel_a0_sd,supply,2020-2026,20,21,123,0,-0.14486052020744694,-0.25197070052647264,0.4869047619047619,2.582744500128438,-2.987354571553009,-2.817068605776497,-3.157640537329521,0.533811288451737,0.46618871154826336
bull_low_rel_a0_sd,supply,ALL,1,89,697,1,0.004956185494202548,0.030218311949223954,0.5326421650612001,0.5699160180348177,-0.7828722770872181,-0.6426925421659839,-0.9855438665770178,0.5069317838748819,0.4930682161251179
bull_low_rel_a0_sd,supply,ALL,5,89,697,1,0.13311380158237385,0.10016813477092151,0.5271454549709672,1.2600225688757076,-1.6565456427549394,-1.3146042958661666,-1.9220121872208085,0.44285152221550045,0.5571484777844995
bull_low_rel_a0_sd,supply,ALL,10,89,695,1,0.0986440180862334,0.19209699719185722,0.5410862270578066,1.8252766636028246,-2.28566279790588,-1.9371834043326757,-2.6516213549528898,0.4753990835170752,0.5246009164829248
bull_low_rel_a0_sd,supply,ALL,20,88,685,1,0.04054700848352742,0.05978077949939405,0.519059218039833,2.772193827590766,-3.4923872696755796,-3.01994615037765,-3.9179885411673645,0.486083481805148,0.513916518194852
bull_low_rel_exhaustion_balance,demand,2000-2004,1,29,211,0,0.013902826755074902,0.0,0.4962662337662337,0.514936163327008,-0.6832832485993109,-0.5995658506179649,-0.7918734596579119,0.5075170339269004,0.4924829660730996
bull_low_rel_exhaustion_balance,demand,2000-2004,5,29,211,0,-0.18992774446513563,-0.3308011350161928,0.4376704234462855,1.2545974664552177,-1.4709491849124587,-1.2833573789876456,-1.7555964130756823,0.5449682049424402,0.4550317950575599
bull_low_rel_exhaustion_balance,demand,2000-2004,10,29,211,0,-0.19177060081917788,-0.16425459614682472,0.4576360899636762,1.69235031753938,-1.967382919679399,-1.7900698775722073,-2.1812693454077308,0.6428574405418261,0.35714255945817397
bull_low_rel_exhaustion_balance,demand,2000-2004,20,29,211,0,-0.739730873696155,-0.7988067694221634,0.3840119172015724,2.4604303788429687,-3.082596647951961,-2.8684124115448535,-3.8684482591037144,0.5765210647902028,0.42347893520979724
bull_low_rel_exhaustion_balance,demand,2005-2009,1,64,520,1,0.009858445626217746,-0.0018163145458401486,0.5047496825070354,0.5158076012556287,-0.7582922745064229,-0.6388929757358852,-0.8641381475474823,0.5142934894496676,0.48570651055033237
bull_low_rel_exhaustion_balance,demand,2005-2009,5,64,520,1,0.03861243379600642,0.15325561281793526,0.5472954792348175,1.1527397758730746,-1.6636667092691537,-1.4690973453690273,-1.91940528846103,0.49113248070130067,0.5088675192986993
bull_low_rel_exhaustion_balance,demand,2005-2009,10,64,520,1,0.11533755034332405,0.4227070083982635,0.5503863706758927,1.581904089845807,-2.2606861082666763,-1.7686499701756906,-2.5414473529781874,0.4783147171541179,0.521685282845882
bull_low_rel_exhaustion_balance,demand,2005-2009,20,64,520,1,0.3497486950412471,0.2875515787772555,0.5499164821085777,2.1864778783818326,-2.465388708254727,-2.1376656477605325,-2.9474721682295666,0.41997935411685927,0.5800206458831407
bull_low_rel_exhaustion_balance,demand,2010-2014,1,73,707,1,0.012904030382719601,0.0,0.47644476449186157,0.4558055885914127,-0.694735318513036,-0.512427065348346,-0.7728904554548026,0.4494398886588474,0.5505601113411526
bull_low_rel_exhaustion_balance,demand,2010-2014,5,73,707,1,0.030369465595309744,0.04399473615349759,0.5101678460175428,1.070994244056208,-1.5778052180471793,-1.305588358714851,-1.8599300994917793,0.48437949475696646,0.5156205052430335
bull_low_rel_exhaustion_balance,demand,2010-2014,10,73,707,1,0.1539000227572426,0.30657522645570057,0.5446504567125671,1.6419698600757522,-2.153221307885879,-1.7729412520207724,-2.620385855247925,0.45618460766492697,0.5438153923350731
bull_low_rel_exhaustion_balance,demand,2010-2014,20,73,707,1,0.2926878542104931,0.38416754997248476,0.5503130696014195,2.373612613620526,-3.0736626855309384,-2.57674369483251,-3.868305998667349,0.4169033152874639,0.5830966847125361
bull_low_rel_exhaustion_balance,demand,2015-2019,1,81,764,1,-0.05132205231046796,-0.03713478478898029,0.4853121334215818,0.5089972051322933,-0.8153308723267463,-0.6455008614229881,-0.959951183419442,0.5468594336824035,0.4531405663175964
bull_low_rel_exhaustion_balance,demand,2015-2019,5,81,764,1,-0.19239489522943323,-0.14320946010842872,0.4649922408852004,1.1227732752177908,-1.8767191161210866,-1.485859379021701,-2.1299677751024166,0.5816534372080064,0.4183465627919935
bull_low_rel_exhaustion_balance,demand,2015-2019,10,81,764,1,-0.08769703480416717,0.045212645014639945,0.5122730686140845,1.5661617455590882,-2.196925288062445,-1.7846321615021656,-2.707887444052132,0.4895229258691814,0.5104770741308184
bull_low_rel_exhaustion_balance,demand,2015-2019,20,81,764,1,-0.06276889559878802,0.33222142214633626,0.5425876980214213,2.2945622489001005,-3.4351785786719775,-2.794302118467779,-4.295158243689935,0.529055853762289,0.4709441462377111
bull_low_rel_exhaustion_balance,demand,2020-2026,1,160,1396,1,-0.034088295749600525,-0.015570897532856757,0.48752601514090477,0.5412089788604852,-0.774689832685518,-0.6393020474151182,-0.9195854308724198,0.5331182354239117,0.4668817645760884
bull_low_rel_exhaustion_balance,demand,2020-2026,5,159,1390,1,-0.0026134349084262175,0.08657914540868933,0.5036359769017927,1.2619527586734376,-1.8648313120832136,-1.4283087645288632,-2.2584606951637642,0.5043615488558502,0.4956384511441497
bull_low_rel_exhaustion_balance,demand,2020-2026,10,159,1385,1,0.021964194804285728,0.20342543138254998,0.5270274607838135,1.826991950551627,-2.481088983007308,-2.0126797647593397,-2.7956827938913023,0.5122336312479376,0.4877663687520624
bull_low_rel_exhaustion_balance,demand,2020-2026,20,157,1368,1,-0.1361386193720532,0.45235259946479334,0.5538226265440283,2.889332005616303,-3.4271894366402234,-2.7406294486729443,-4.272983434683707,0.4569013520113758,0.5430986479886242
bull_low_rel_exhaustion_balance,demand,ALL,1,218,4290,1,-0.031558138944115736,-0.013121296114088002,0.47452663042562304,0.528027570699535,-0.8848351058935406,-0.6986090522498474,-1.1212527191111394,0.510380015127601,0.489619984872399
bull_low_rel_exhaustion_balance,demand,ALL,5,217,4284,1,-0.07483913317030998,0.011249644092806349,0.49356695996743954,1.219640677903899,-2.1406144954913238,-1.618326561184771,-2.749409092174077,0.521048567161438,0.47895143283856206
bull_low_rel_exhaustion_balance,demand,ALL,10,217,4278,1,-0.05300075487335768,0.13818988606778407,0.5116904583418557,1.7482098231637078,-2.974896061173575,-2.2586058014807624,-3.6656953230355227,0.5240633732848045,0.4759366267151954
bull_low_rel_exhaustion_balance,demand,ALL,20,216,4263,1,-0.16734572459200317,0.20526797121409884,0.5204010829926763,2.681884979865223,-4.401636748839842,-3.567561352217525,-5.388739373965931,0.5042835264137329,0.49571647358626725
bull_low_rel_exhaustion_balance,supply,2000-2004,1,2,19,0,0.06747290176198487,0.16294869563913542,0.65,0.4036314691100371,-0.5728173493510809,-0.4783902924226383,-0.6660306368958484,0.41556736873905326,0.5844326312609468
bull_low_rel_exhaustion_balance,supply,2000-2004,5,2,19,0,0.05561915966754382,0.09376674025773173,0.55,0.5718770969161442,-0.822089586260548,-0.6705942348610291,-1.0220698463635767,0.43665885544820415,0.563341144551796
bull_low_rel_exhaustion_balance,supply,2000-2004,10,2,19,0,-0.16603132741774845,-0.10006009176416665,0.3857142857142857,1.0438462221558154,-1.8280010458711664,-1.6013176468294659,-2.04098380979,0.5825162512392327,0.4174837487607672
bull_low_rel_exhaustion_balance,supply,2000-2004,20,2,19,0,-0.6127820967057125,-0.9497250608945649,0.42857142857142855,2.360108437144162,-2.1539144624826507,-1.9839642590901643,-2.2537980041821752,0.5043442908247928,0.4956557091752072
bull_low_rel_exhaustion_balance,supply,2005-2009,1,6,47,0,0.0369875648468903,0.0403127082227163,0.5839646464646465,0.41653754925051206,-0.5043471551617175,-0.4657269577833505,-0.5461179164691854,0.6430746479040036,0.35692535209599624
bull_low_rel_exhaustion_balance,supply,2005-2009,5,6,47,0,-0.46743775460603904,-0.09299948886079465,0.47853535353535354,1.4524699585997087,-2.0440114279200636,-1.8317749914505617,-2.256247864389566,0.5996645071373881,0.40033549286261183
bull_low_rel_exhaustion_balance,supply,2005-2009,10,6,47,0,-0.46734534050967014,-0.0989455636233336,0.4103535353535353,1.868710527045536,-2.7051457258818146,-2.1549641436546616,-3.542694471567846,0.5871551175451963,0.4128448824548038
bull_low_rel_exhaustion_balance,supply,2005-2009,20,6,47,0,-0.24781928849261683,0.34837935214143584,0.5088383838383838,1.9643930368765499,-1.4592371439682745,-1.1611629127944019,-1.7573113751421474,0.3153657239570453,0.6846342760429547
bull_low_rel_exhaustion_balance,supply,2010-2014,1,4,25,0,0.21782361065856432,0.16933086524501006,0.7705357142857143,0.44632872968251774,-0.23153857011994974,-0.13298475268564036,-0.36953258761975927,0.1730784597581125,0.8269215402418875
bull_low_rel_exhaustion_balance,supply,2010-2014,5,4,25,0,1.4469197784703731,1.547176909008532,0.8062499999999999,1.7712907877060697,-0.4200475908639515,-0.1203695276297079,-0.7197256540981951,0.061147586531513226,0.9388524134684868
bull_low_rel_exhaustion_balance,supply,2010-2014,10,4,25,0,1.173500608963016,1.3993938049038661,0.7625,1.7456305022639902,-0.10375289293473586,0.23545769979175085,-0.44296348566122257,0.0572982912611147,0.9427017087388853
bull_low_rel_exhaustion_balance,supply,2010-2014,20,4,25,0,2.057132397519655,3.4553291466827396,0.7124999999999999,3.108251777851121,-0.745528133488917,0.18854344131597583,-1.7006797536967826,0.09755978857653702,0.902440211423463
bull_low_rel_exhaustion_balance,supply,2015-2019,1,8,55,0,0.05897989377761649,0.06952827048132643,0.5105654761904762,0.6203170650700429,-0.8797891716201227,-0.6670262799478901,-1.097038778983881,0.5794077321087693,0.4205922678912307
bull_low_rel_exhaustion_balance,supply,2015-2019,5,8,55,0,0.40928617929309774,0.15269662377122145,0.502529761904762,1.5974093529834361,-1.2388761582569292,-0.8690499276964326,-1.3839168091567298,0.2968455342624629,0.703154465737537
bull_low_rel_exhaustion_balance,supply,2015-2019,10,8,55,0,0.0638739458691785,-0.03581436115562891,0.5288690476190476,1.7916436495153731,-1.3853697596164216,-1.2886168137667522,-1.4821227054660913,0.36327833520303077,0.6367216647969692
bull_low_rel_exhaustion_balance,supply,2015-2019,20,8,55,0,0.8646592731992584,0.9695620185873897,0.6528273809523809,2.721590339511379,-0.9445725178240805,-0.7242471160745737,-1.1648979195735871,0.16362402917644553,0.8363759708235545
bull_low_rel_exhaustion_balance,supply,2020-2026,1,29,225,0,0.03135145468466553,0.02974665877376599,0.5237106284520077,0.48306469917064376,-0.6983625135135039,-0.5581869529423195,-0.8125489071507739,0.4527396657797101,0.54726033422029
bull_low_rel_exhaustion_balance,supply,2020-2026,5,29,224,0,0.2216560533203114,0.22188634824853426,0.5304628321869702,1.236250625106894,-1.4003200431841314,-1.1266395440430008,-1.51067085642202,0.42493263658396,0.5750673634160399
bull_low_rel_exhaustion_balance,supply,2020-2026,10,29,224,0,0.190967442882651,-0.07060116602160248,0.509417880969605,1.6528481222992606,-1.800965391450508,-1.6153853923544654,-2.015409454104579,0.5640084826307071,0.4359915173692928
bull_low_rel_exhaustion_balance,supply,2020-2026,20,29,221,0,0.4284198511071072,0.3470238891053565,0.4863514837652769,2.5585561326637256,-2.2272896094954553,-2.037628072611167,-2.320111539391783,0.5270157321770519,0.4729842678229482
bull_low_rel_exhaustion_balance,supply,ALL,1,77,685,1,0.07104123938999102,0.04878527337997736,0.5557597561168988,0.5294277593639658,-0.7025798302505362,-0.5332972177294959,-0.8695192241455445,0.39461457510670966,0.6053854248932904
bull_low_rel_exhaustion_balance,supply,ALL,5,77,683,1,0.26161172120123166,0.33807212910471174,0.5796189632877944,1.3405854588062296,-1.3957764341048418,-1.1762177548138264,-1.6201912583777611,0.35899809197241145,0.6410019080275886
bull_low_rel_exhaustion_balance,supply,ALL,10,76,678,1,0.2774857743385092,0.26846445438232536,0.5698441507323087,1.7375888769185253,-2.1151552640860842,-1.7221928775693398,-2.508674371664436,0.4148986980178552,0.5851013019821447
bull_low_rel_exhaustion_balance,supply,ALL,20,76,673,1,0.4728976083102165,0.423897043342217,0.5618926358728991,2.549541067188045,-2.619262561845683,-2.33721755065206,-3.023816855510643,0.4014006202218604,0.5985993797781395
bull_low_rel_holding_balance,demand,2000-2004,1,71,948,1,-0.014459452976000669,-0.02928664543632463,0.47625814802841104,0.5236719972121261,-0.8481416784219721,-0.6966187109462972,-1.0322088217763892,0.5068533409291751,0.493146659070825
bull_low_rel_holding_balance,demand,2000-2004,5,71,948,1,-0.1210071326517229,0.0112597313236824,0.48270955744765837,1.2333338010613293,-1.946535913727211,-1.554397767039469,-2.3650459170880027,0.5264083197657424,0.4735916802342575
bull_low_rel_holding_balance,demand,2000-2004,10,71,948,1,-0.11741091582499713,0.10059854329715143,0.49511998554804004,1.7166506466549067,-2.6611454809705957,-2.065708420282146,-3.2341219478785934,0.5087693520031872,0.49123064799681276
bull_low_rel_holding_balance,demand,2000-2004,20,71,948,1,-0.22910565866724578,0.1313304257770889,0.48379509369093354,2.5223414587444166,-3.597411960393689,-2.9397418229014107,-4.307396051804923,0.4603659825688054,0.5396340174311948
bull_low_rel_holding_balance,demand,2005-2009,1,107,1910,1,-0.011339192256535124,-0.013616992460749829,0.49420082870001186,0.5037217040530599,-0.9213569498014119,-0.6740306426040481,-1.215214514146302,0.5319583289607677,0.4680416710392322
bull_low_rel_holding_balance,demand,2005-2009,5,107,1910,1,-0.013681491115261055,0.09874451731773079,0.5241729482415773,1.1553679966998192,-1.9211377073817044,-1.537461804402792,-2.4162393893823064,0.509308191590652,0.4906918084093478
bull_low_rel_holding_balance,demand,2005-2009,10,107,1910,1,0.04597263289269907,0.1314752772697994,0.5181236291360205,1.6249488136788677,-2.5486962713823025,-2.077526133665586,-3.2536669734122374,0.4805395479955839,0.5194604520044163
bull_low_rel_holding_balance,demand,2005-2009,20,107,1910,1,0.10142104113163222,0.21112017722042747,0.5319231569836492,2.3370341749792245,-3.612649963846243,-3.0735333168352117,-4.3369261509746035,0.4942386341910971,0.505761365808903
bull_low_rel_holding_balance,demand,2010-2014,1,108,2197,1,0.01131415350423254,0.0265277576415072,0.5108828493330021,0.4893468382674569,-0.7880074897639093,-0.6232609603657613,-1.0366086473621279,0.4936145684755223,0.5063854315244778
bull_low_rel_holding_balance,demand,2010-2014,5,108,2197,1,-0.0022218423067441894,0.07322972772695102,0.526521151836491,1.1576026113196536,-1.9106243727401275,-1.447253676455155,-2.5588947754242173,0.4957924849767903,0.5042075150232097
bull_low_rel_holding_balance,demand,2010-2014,10,108,2197,1,0.11740796452817656,0.3880066047308214,0.5593045894258359,1.6544474517152485,-2.7678692120019766,-2.1313735250844346,-3.4821182185048363,0.4782091551507489,0.5217908448492512
bull_low_rel_holding_balance,demand,2010-2014,20,108,2197,1,0.23668976730035,0.48725044230558845,0.5714274281164182,2.378070529244866,-3.700354454996938,-2.9451081713924596,-4.678646978466311,0.456401485222643,0.543598514777357
bull_low_rel_holding_balance,demand,2015-2019,1,159,2796,1,-0.033368485092043855,0.0,0.4850916341241824,0.48875355479270927,-0.8844272832217195,-0.6881075803406037,-1.1393979606930613,0.5363651319136814,0.4636348680863185
bull_low_rel_holding_balance,demand,2015-2019,5,159,2796,1,-0.17000640395683472,-0.0818250672661343,0.47901928000511534,1.1950727797048373,-2.126719427086319,-1.7261541816066563,-2.53501091860665,0.5653914660451149,0.43460853395488475
bull_low_rel_holding_balance,demand,2015-2019,10,159,2796,1,-0.11506059639744352,0.09795052355707262,0.5054491585330482,1.7458141992258855,-2.8530771561395367,-2.196103285677184,-3.3431743421352413,0.4886267799056601,0.5113732200943398
bull_low_rel_holding_balance,demand,2015-2019,20,159,2796,1,-0.049970476552145024,0.20553098791625748,0.5206765381092054,2.483271888924262,-3.8606753400831297,-3.2734869408316047,-4.6193573825656165,0.4976683913185089,0.5023316086814912
bull_low_rel_holding_balance,demand,2020-2026,1,257,5424,1,-0.02026179276736802,0.015921583530682095,0.5058267245504915,0.5157810884966219,-0.9203092623053545,-0.6983710889652756,-1.2023948163266516,0.5172425801506759,0.482757419849324
bull_low_rel_holding_balance,demand,2020-2026,5,255,5403,1,-0.04073316903900694,0.02423818237946661,0.5077588891697086,1.2276288191323168,-2.1800198869819316,-1.6657515293797438,-2.669771946938652,0.5191021200912573,0.48089787990874266
bull_low_rel_holding_balance,demand,2020-2026,10,254,5375,1,-0.07989887677578673,0.0865916942449542,0.5163979331223694,1.875514295440553,-3.282400039206337,-2.5123808505852976,-3.889028141756501,0.5253080474113665,0.47469195258863345
bull_low_rel_holding_balance,demand,2020-2026,20,253,5330,1,-0.1102166769851458,0.17278016763217835,0.5191643166167701,2.8186309709250557,-4.424829304707148,-3.4290354311355946,-5.530654822941889,0.49804423641729084,0.5019557635827091
bull_low_rel_holding_balance,demand,ALL,1,264,13497,1,-0.0207683965202108,0.0,0.5004439048217627,0.5107101540825376,-0.9593710236246006,-0.7331791556026022,-1.3877980931123455,0.5197065224371492,0.4802934775628508
bull_low_rel_holding_balance,demand,ALL,5,262,13476,1,-0.08325303993599542,0.026106872877149544,0.4976394166067395,1.2052679256857077,-2.383021294638769,-1.7801157421501914,-3.01928180574506,0.5305080935312495,0.4694919064687505
bull_low_rel_holding_balance,demand,ALL,10,261,13448,1,-0.08511925569622188,0.10042008273560679,0.512579481082334,1.8001525255168422,-3.3779421766600315,-2.614378750209604,-4.430834842171608,0.5113390582478833,0.48866094175211655
bull_low_rel_holding_balance,demand,ALL,20,260,13401,1,-0.09962460939409346,0.19669459820387608,0.5173501560330994,2.674010860200291,-4.757719641741413,-3.6727485219209823,-6.183234544347365,0.49752939826161524,0.5024706017383849
bull_low_rel_holding_balance,supply,2000-2004,1,8,43,0,-0.11582053008638467,-0.036422758640408434,0.3630952380952381,0.4370416040725424,-0.7089808214389897,-0.5798606473359577,-0.7727953835493626,0.5991675645629346,0.40083243543706537
bull_low_rel_holding_balance,supply,2000-2004,5,8,43,0,0.04801776879358058,0.2960950865106783,0.5696428571428571,1.1078075395556655,-1.2008704765205658,-1.1449402304794232,-1.2515328669616954,0.45521052896863035,0.5447894710313697
bull_low_rel_holding_balance,supply,2000-2004,10,8,43,0,0.36981113669541,0.8176250065370647,0.6154761904761905,1.9549166425812654,-1.4176785901038085,-0.9976239813711195,-1.7589854706712384,0.35836972163137215,0.6416302783686278
bull_low_rel_holding_balance,supply,2000-2004,20,8,43,0,0.7033772325870183,0.579658365728702,0.5321428571428571,2.466726338799522,-2.4336869307825335,-1.8188106671392854,-2.8782361022373006,0.21593091194615477,0.7840690880538452
bull_low_rel_holding_balance,supply,2005-2009,1,14,86,0,-0.028307098175728525,-0.01226785296309132,0.46224489795918366,0.560876456780468,-0.8562805003107808,-0.7359086473783596,-0.9728119846141601,0.5440922683283653,0.4559077316716349
bull_low_rel_holding_balance,supply,2005-2009,5,14,86,0,-0.1381695259783595,-0.09122652431063355,0.5215986394557822,1.4577252460702421,-1.4555960213411712,-1.356011985215058,-1.5654343188906803,0.5974182909315446,0.40258170906845536
bull_low_rel_holding_balance,supply,2005-2009,10,14,86,0,0.04769176796437931,0.41543158278209813,0.5988095238095238,2.06276572702094,-2.0292135322367857,-1.942722548372184,-2.0914964327989845,0.3857079856966875,0.6142920143033124
bull_low_rel_holding_balance,supply,2005-2009,20,14,86,0,0.12578501463045724,0.5022746371883834,0.5494047619047618,2.247458308817334,-2.5880307987665248,-2.3340054008748155,-2.676969996336547,0.5244124556348035,0.4755875443651964
bull_low_rel_holding_balance,supply,2010-2014,1,20,122,0,0.1064239839326894,0.08538059984255096,0.5747222222222221,0.4999515026398167,-0.6392879370015222,-0.5115096711669826,-0.7559382936836361,0.4142173251209894,0.5857826748790107
bull_low_rel_holding_balance,supply,2010-2014,5,20,122,0,0.19881519868736675,0.3618938205350721,0.5563888888888889,1.1096248094473515,-1.1142294898532672,-0.8475074261611203,-1.331104676242323,0.3903532609682399,0.6096467390317601
bull_low_rel_holding_balance,supply,2010-2014,10,20,122,0,0.7139088694081338,0.4819292887696232,0.6215277777777777,1.5291991788329884,-0.8709300033576737,-0.7062162757224965,-0.9972229067857105,0.18073206122741617,0.8192679387725839
bull_low_rel_holding_balance,supply,2010-2014,20,20,122,0,0.5687122993638647,0.922087923781818,0.5906944444444444,2.244034139164512,-2.1791097081176996,-1.5511522444189012,-2.766409602482786,0.2595626830470425,0.7404373169529574
bull_low_rel_holding_balance,supply,2015-2019,1,26,167,0,-0.009684857296593382,0.08690724939591432,0.581561707523246,0.5301800559670835,-0.6936421606294211,-0.5364143987290587,-0.8532462687966333,0.4480371442858179,0.5519628557141818
bull_low_rel_holding_balance,supply,2015-2019,5,26,167,0,0.2647191443535115,0.536730116482576,0.60589954916878,1.2585294991693958,-1.3525107973484722,-1.1877811628355035,-1.583740165083625,0.3079056091966046,0.6920943908033953
bull_low_rel_holding_balance,supply,2015-2019,10,26,167,0,0.16937004933955124,0.6446641778573104,0.5446358129050437,2.0979155391077544,-2.056731948748379,-1.6260202839729785,-2.5172352670988594,0.3737173080239532,0.6262826919760469
bull_low_rel_holding_balance,supply,2015-2019,20,26,167,0,-0.036869664771646854,0.021451276108200096,0.4899196956889264,2.8231686332365027,-2.7430584972969,-2.5258324184662886,-3.320060899110657,0.4128166287559314,0.5871833712440686
bull_low_rel_holding_balance,supply,2020-2026,1,75,511,1,0.034302175836679646,0.05336671911152819,0.5155170755170755,0.5469917690956294,-0.7663961464732818,-0.6258788923150179,-0.8453352064234051,0.47887201416985903,0.521127985830141
bull_low_rel_holding_balance,supply,2020-2026,5,74,506,1,0.08846060577764044,0.3085640422730038,0.5448188448188449,1.2043754355729426,-1.5450510904444452,-1.2623108942005303,-1.8408144109233577,0.4867698987401825,0.5132301012598175
bull_low_rel_holding_balance,supply,2020-2026,10,74,503,1,0.0856909320451817,0.26619115769998436,0.5323344448344447,1.8619902088198392,-2.1904061212266344,-1.8923818334979006,-2.466609667328678,0.4320892245636987,0.5679107754363013
bull_low_rel_holding_balance,supply,2020-2026,20,74,498,1,-0.16835471012572575,0.20507396847968282,0.48211409461409455,2.687985170420663,-3.3643759966577536,-2.6227546830840573,-3.6951507060015496,0.5309083969174844,0.46909160308251563
bull_low_rel_holding_balance,supply,ALL,1,157,1666,1,0.015557801257868308,0.02758006911460931,0.5223469627385744,0.5712399305021318,-0.9106058754037698,-0.7184062213808103,-1.0699203685711332,0.48888724155187513,0.5111127584481248
bull_low_rel_holding_balance,supply,ALL,5,156,1660,1,0.09713623582105689,0.18859083520782977,0.5410310741042048,1.2937712203655676,-1.7819413255800445,-1.3944300160502665,-2.2803576815973723,0.4638297754121242,0.5361702245878758
bull_low_rel_holding_balance,supply,ALL,10,156,1654,1,0.06929103710374267,0.34934841373665,0.5399774855009991,1.9597513531196962,-2.5569155885787938,-2.214491380502397,-2.9700253594613786,0.4814970224958913,0.5185029775041086
bull_low_rel_holding_balance,supply,ALL,20,156,1644,1,-0.04875443680082561,0.15821533717176023,0.5129815407019606,2.7240110616648794,-4.051597278399292,-2.9354501867805554,-4.763897686622763,0.5030455099673958,0.49695449003260417
