figi,score,bars,distinct,modal_share,nan_share_ready,sector,sleeve
BBG00JHNJWT7,down_exh,1062,1062,0.0009416195856873823,0.0,Communication Services,large
BBG00JHNJWT7,sup_hold,1062,1062,0.0009416195856873823,0.0,Communication Services,large
BBG00JHNJWT7,up_exh,1062,1062,0.0009416195856873823,0.0,Communication Services,large
BBG00JHNJWT7,res_hold,1062,1062,0.0009416195856873823,0.0,Communication Services,large
BBG00JHNJWT7,holding_balance,1062,1062,0.0009416195856873823,0.0,Communication Services,large
BBG00JHNJWT7,exhaustion_balance,1062,1062,0.0009416195856873823,0.0,Communication Services,large
BBG00JHNJWT7,a0_sd,1062,1062,0.0009416195856873823,0.0,Communication Services,large
BBG004PLVW57,down_exh,2504,2504,0.00039936102236421724,0.0,Communication Services,large
BBG004PLVW57,sup_hold,2504,2504,0.00039936102236421724,0.0,Communication Services,large
BBG004PLVW57,up_exh,2504,2503,0.0007987220447284345,0.0,Communication Services,large
BBG004PLVW57,res_hold,2504,2503,0.0007987220447284345,0.0,Communication Services,large
BBG004PLVW57,holding_balance,2504,2504,0.00039936102236421724,0.0,Communication Services,large
BBG004PLVW57,exhaustion_balance,2504,2504,0.00039936102236421724,0.0,Communication Services,large
BBG004PLVW57,a0_sd,2504,2504,0.00039936102236421724,0.0,Communication Services,large
BBG009S4MVF2,down_exh,2310,2310,0.0004329004329004329,0.0,Communication Services,large
BBG009S4MVF2,sup_hold,2310,2310,0.0004329004329004329,0.0,Communication Services,large
BBG009S4MVF2,up_exh,2310,2310,0.0004329004329004329,0.0,Communication Services,large
BBG009S4MVF2,res_hold,2310,2310,0.0004329004329004329,0.0,Communication Services,large
BBG009S4MVF2,holding_balance,2310,2310,0.0004329004329004329,0.0,Communication Services,large
BBG009S4MVF2,exhaustion_balance,2310,2310,0.0004329004329004329,0.0,Communication Services,large
BBG009S4MVF2,a0_sd,2310,2310,0.0004329004329004329,0.0,Communication Services,large
BBG000BSJLV4,down_exh,6393,6393,0.00015642108556233381,0.0,Communication Services,large
BBG000BSJLV4,sup_hold,6393,6393,0.00015642108556233381,0.0,Communication Services,large
BBG000BSJLV4,up_exh,6393,6393,0.00015642108556233381,0.0,Communication Services,large
BBG000BSJLV4,res_hold,6393,6393,0.00015642108556233381,0.0,Communication Services,large
BBG000BSJLV4,holding_balance,6393,6393,0.00015642108556233381,0.0,Communication Services,large
BBG000BSJLV4,exhaustion_balance,6393,6393,0.00015642108556233381,0.0,Communication Services,large
BBG000BSJLV4,a0_sd,6393,6393,0.00015642108556233381,0.0,Communication Services,large
BBG016HRQKM0,down_exh,290,290,0.0034482758620689655,0.0,Communication Services,large
BBG016HRQKM0,sup_hold,290,290,0.0034482758620689655,0.0,Communication Services,large
BBG016HRQKM0,up_exh,290,290,0.0034482758620689655,0.0,Communication Services,large
BBG016HRQKM0,res_hold,290,290,0.0034482758620689655,0.0,Communication Services,large
BBG016HRQKM0,holding_balance,290,290,0.0034482758620689655,0.0,Communication Services,large
BBG016HRQKM0,exhaustion_balance,290,290,0.0034482758620689655,0.0,Communication Services,large
BBG016HRQKM0,a0_sd,290,290,0.0034482758620689655,0.0,Communication Services,large
BBG002GPKKZ7,down_exh,2776,2776,0.00036023054755043225,0.0,Communication Services,large
BBG002GPKKZ7,sup_hold,2776,2776,0.00036023054755043225,0.0,Communication Services,large
BBG002GPKKZ7,up_exh,2776,2776,0.00036023054755043225,0.0,Communication Services,large
BBG002GPKKZ7,res_hold,2776,2776,0.00036023054755043225,0.0,Communication Services,large
BBG002GPKKZ7,holding_balance,2776,2776,0.00036023054755043225,0.0,Communication Services,large
BBG002GPKKZ7,exhaustion_balance,2776,2776,0.00036023054755043225,0.0,Communication Services,large
BBG002GPKKZ7,a0_sd,2776,2776,0.00036023054755043225,0.0,Communication Services,large
BBG00B550NP0,down_exh,3199,3199,0.00031259768677711783,0.0,Communication Services,large
BBG00B550NP0,sup_hold,3199,3199,0.00031259768677711783,0.0,Communication Services,large
BBG00B550NP0,up_exh,3199,3199,0.00031259768677711783,0.0,Communication Services,large
BBG00B550NP0,res_hold,3199,3199,0.00031259768677711783,0.0,Communication Services,large
BBG00B550NP0,holding_balance,3199,3199,0.00031259768677711783,0.0,Communication Services,large
BBG00B550NP0,exhaustion_balance,3199,3199,0.00031259768677711783,0.0,Communication Services,large
BBG00B550NP0,a0_sd,3199,3199,0.00031259768677711783,0.0,Communication Services,large
BBG000BS95R5,down_exh,6393,6393,0.00015642108556233381,0.0,Communication Services,large
BBG000BS95R5,sup_hold,6393,6392,0.00031284217112466763,0.0,Communication Services,large
BBG000BS95R5,up_exh,6393,6393,0.00015642108556233381,0.0,Communication Services,large
BBG000BS95R5,res_hold,6393,6392,0.00031284217112466763,0.0,Communication Services,large
BBG000BS95R5,holding_balance,6393,6393,0.00015642108556233381,0.0,Communication Services,large
BBG000BS95R5,exhaustion_balance,6393,6393,0.00015642108556233381,0.0,Communication Services,large
BBG000BS95R5,a0_sd,6393,6393,0.00015642108556233381,0.0,Communication Services,large
BBG000C2C1W0,down_exh,6357,6357,0.00015730690577316344,0.0,Consumer Discretionary,large
BBG000C2C1W0,sup_hold,6357,6357,0.00015730690577316344,0.0,Consumer Discretionary,large
BBG000C2C1W0,up_exh,6357,6357,0.00015730690577316344,0.0,Consumer Discretionary,large
BBG000C2C1W0,res_hold,6357,6357,0.00015730690577316344,0.0,Consumer Discretionary,large
BBG000C2C1W0,holding_balance,6357,6357,0.00015730690577316344,0.0,Consumer Discretionary,large
BBG000C2C1W0,exhaustion_balance,6357,6357,0.00015730690577316344,0.0,Consumer Discretionary,large
BBG000C2C1W0,a0_sd,6357,6357,0.00015730690577316344,0.0,Consumer Discretionary,large
BBG000BLY8F9,down_exh,3921,3921,0.0002550369803621525,0.0,Consumer Discretionary,large
BBG000BLY8F9,sup_hold,3921,3921,0.0002550369803621525,0.0,Consumer Discretionary,large
BBG000BLY8F9,up_exh,3921,3921,0.0002550369803621525,0.0,Consumer Discretionary,large
BBG000BLY8F9,res_hold,3921,3921,0.0002550369803621525,0.0,Consumer Discretionary,large
BBG000BLY8F9,holding_balance,3921,3921,0.0002550369803621525,0.0,Consumer Discretionary,large
BBG000BLY8F9,exhaustion_balance,3921,3921,0.0002550369803621525,0.0,Consumer Discretionary,large
BBG000BLY8F9,a0_sd,3921,3921,0.0002550369803621525,0.0,Consumer Discretionary,large
BBG0058KMJP2,down_exh,2381,2381,0.00041999160016799666,0.0,Consumer Discretionary,large
BBG0058KMJP2,sup_hold,2381,2381,0.00041999160016799666,0.0,Consumer Discretionary,large
BBG0058KMJP2,up_exh,2381,2381,0.00041999160016799666,0.0,Consumer Discretionary,large
BBG0058KMJP2,res_hold,2381,2381,0.00041999160016799666,0.0,Consumer Discretionary,large
BBG0058KMJP2,holding_balance,2381,2381,0.00041999160016799666,0.0,Consumer Discretionary,large
BBG0058KMJP2,exhaustion_balance,2381,2381,0.00041999160016799666,0.0,Consumer Discretionary,large
BBG0058KMJP2,a0_sd,2381,2381,0.00041999160016799666,0.0,Consumer Discretionary,large
BBG000BKY175,down_exh,2298,2298,0.0004351610095735422,0.0,Consumer Discretionary,large
BBG000BKY175,sup_hold,2298,2298,0.0004351610095735422,0.0,Consumer Discretionary,large
BBG000BKY175,up_exh,2298,2298,0.0004351610095735422,0.0,Consumer Discretionary,large
BBG000BKY175,res_hold,2298,2298,0.0004351610095735422,0.0,Consumer Discretionary,large
BBG000BKY175,holding_balance,2298,2298,0.0004351610095735422,0.0,Consumer Discretionary,large
BBG000BKY175,exhaustion_balance,2298,2298,0.0004351610095735422,0.0,Consumer Discretionary,large
BBG000BKY175,a0_sd,2298,2298,0.0004351610095735422,0.0,Consumer Discretionary,large
BBG000BGZ8C2,down_exh,3730,3730,0.00026809651474530834,0.0,Consumer Discretionary,large
BBG000BGZ8C2,sup_hold,3730,3730,0.00026809651474530834,0.0,Consumer Discretionary,large
BBG000BGZ8C2,up_exh,3730,3730,0.00026809651474530834,0.0,Consumer Discretionary,large
BBG000BGZ8C2,res_hold,3730,3730,0.00026809651474530834,0.0,Consumer Discretionary,large
BBG000BGZ8C2,holding_balance,3730,3730,0.00026809651474530834,0.0,Consumer Discretionary,large
BBG000BGZ8C2,exhaustion_balance,3730,3730,0.00026809651474530834,0.0,Consumer Discretionary,large
BBG000BGZ8C2,a0_sd,3730,3730,0.00026809651474530834,0.0,Consumer Discretionary,large
BBG000BF6PR2,down_exh,6393,6393,0.00015642108556233381,0.0,Consumer Discretionary,large
BBG000BF6PR2,sup_hold,6393,6390,0.00031284217112466763,0.0,Consumer Discretionary,large
BBG000BF6PR2,up_exh,6393,6393,0.00015642108556233381,0.0,Consumer Discretionary,large
BBG000BF6PR2,res_hold,6393,6389,0.00031284217112466763,0.0,Consumer Discretionary,large
BBG000BF6PR2,holding_balance,6393,6392,0.00031284217112466763,0.0,Consumer Discretionary,large
BBG000BF6PR2,exhaustion_balance,6393,6393,0.00015642108556233381,0.0,Consumer Discretionary,large
BBG000BF6PR2,a0_sd,6393,6393,0.00015642108556233381,0.0,Consumer Discretionary,large
BBG000BVQ4Z3,down_exh,4239,4239,0.00023590469450342062,0.0,Consumer Discretionary,large
BBG000BVQ4Z3,sup_hold,4239,4239,0.00023590469450342062,0.0,Consumer Discretionary,large
BBG000BVQ4Z3,up_exh,4239,4239,0.00023590469450342062,0.0,Consumer Discretionary,large
BBG000BVQ4Z3,res_hold,4239,4239,0.00023590469450342062,0.0,Consumer Discretionary,large
BBG000BVQ4Z3,holding_balance,4239,4239,0.00023590469450342062,0.0,Consumer Discretionary,large
BBG000BVQ4Z3,exhaustion_balance,4239,4239,0.00023590469450342062,0.0,Consumer Discretionary,large
BBG000BVQ4Z3,a0_sd,4239,4239,0.00023590469450342062,0.0,Consumer Discretionary,large
BBG000BNDQS4,down_exh,6393,6393,0.00015642108556233381,0.0,Consumer Discretionary,large
BBG000BNDQS4,sup_hold,6393,6392,0.00031284217112466763,0.0,Consumer Discretionary,large
BBG000BNDQS4,up_exh,6393,6393,0.00015642108556233381,0.0,Consumer Discretionary,large
BBG000BNDQS4,res_hold,6393,6392,0.00031284217112466763,0.0,Consumer Discretionary,large
BBG000BNDQS4,holding_balance,6393,6393,0.00015642108556233381,0.0,Consumer Discretionary,large
BBG000BNDQS4,exhaustion_balance,6393,6392,0.00031284217112466763,0.0,Consumer Discretionary,large
BBG000BNDQS4,a0_sd,6393,6393,0.00015642108556233381,0.0,Consumer Discretionary,large
BBG000F6HLL1,down_exh,5577,5577,0.00017930787161556393,0.0,Consumer Staples,large
BBG000F6HLL1,sup_hold,5577,5577,0.00017930787161556393,0.0,Consumer Staples,large
BBG000F6HLL1,up_exh,5577,5577,0.00017930787161556393,0.0,Consumer Staples,large
BBG000F6HLL1,res_hold,5577,5577,0.00017930787161556393,0.0,Consumer Staples,large
BBG000F6HLL1,holding_balance,5577,5577,0.00017930787161556393,0.0,Consumer Staples,large
BBG000F6HLL1,exhaustion_balance,5577,5577,0.00017930787161556393,0.0,Consumer Staples,large
BBG000F6HLL1,a0_sd,5577,5577,0.00017930787161556393,0.0,Consumer Staples,large
BBG000D4M6H0,down_exh,2749,2749,0.0003637686431429611,0.0,Consumer Staples,large
BBG000D4M6H0,sup_hold,2749,2749,0.0003637686431429611,0.0,Consumer Staples,large
BBG000D4M6H0,up_exh,2749,2749,0.0003637686431429611,0.0,Consumer Staples,large
BBG000D4M6H0,res_hold,2749,2749,0.0003637686431429611,0.0,Consumer Staples,large
BBG000D4M6H0,holding_balance,2749,2749,0.0003637686431429611,0.0,Consumer Staples,large
BBG000D4M6H0,exhaustion_balance,2749,2749,0.0003637686431429611,0.0,Consumer Staples,large
BBG000D4M6H0,a0_sd,2749,2749,0.0003637686431429611,0.0,Consumer Staples,large
BBG000BKCHJ1,down_exh,6393,6393,0.00015642108556233381,0.0,Consumer Staples,large
BBG000BKCHJ1,sup_hold,6393,6385,0.00031284217112466763,0.0,Consumer Staples,large
BBG000BKCHJ1,up_exh,6393,6393,0.00015642108556233381,0.0,Consumer Staples,large
BBG000BKCHJ1,res_hold,6393,6393,0.00015642108556233381,0.0,Consumer Staples,large
BBG000BKCHJ1,holding_balance,6393,6393,0.00015642108556233381,0.0,Consumer Staples,large
BBG000BKCHJ1,exhaustion_balance,6393,6393,0.00015642108556233381,0.0,Consumer Staples,large
BBG000BKCHJ1,a0_sd,6393,6393,0.00015642108556233381,0.0,Consumer Staples,large
BBG000BFS949,down_exh,6393,6393,0.00015642108556233381,0.0,Consumer Staples,large
BBG000BFS949,sup_hold,6393,6390,0.00031284217112466763,0.0,Consumer Staples,large
BBG000BFS949,up_exh,6393,6392,0.00031284217112466763,0.0,Consumer Staples,large
BBG000BFS949,res_hold,6393,6393,0.00015642108556233381,0.0,Consumer Staples,large
BBG000BFS949,holding_balance,6393,6393,0.00015642108556233381,0.0,Consumer Staples,large
BBG000BFS949,exhaustion_balance,6393,6393,0.00015642108556233381,0.0,Consumer Staples,large
BBG000BFS949,a0_sd,6393,6393,0.00015642108556233381,0.0,Consumer Staples,large
BBG008H7SQK8,down_exh,1105,1105,0.0009049773755656109,0.0,Consumer Staples,large
BBG008H7SQK8,sup_hold,1105,1105,0.0009049773755656109,0.0,Consumer Staples,large
BBG008H7SQK8,up_exh,1105,1105,0.0009049773755656109,0.0,Consumer Staples,large
BBG008H7SQK8,res_hold,1105,1105,0.0009049773755656109,0.0,Consumer Staples,large
BBG008H7SQK8,holding_balance,1105,1105,0.0009049773755656109,0.0,Consumer Staples,large
BBG008H7SQK8,exhaustion_balance,1105,1105,0.0009049773755656109,0.0,Consumer Staples,large
BBG008H7SQK8,a0_sd,1105,1105,0.0009049773755656109,0.0,Consumer Staples,large
BBG000BR2WS4,down_exh,6393,6393,0.00015642108556233381,0.0,Consumer Staples,large
BBG000BR2WS4,sup_hold,6393,6390,0.00031284217112466763,0.0,Consumer Staples,large
BBG000BR2WS4,up_exh,6393,6392,0.00031284217112466763,0.0,Consumer Staples,large
BBG000BR2WS4,res_hold,6393,6393,0.00015642108556233381,0.0,Consumer Staples,large
BBG000BR2WS4,holding_balance,6393,6393,0.00015642108556233381,0.0,Consumer Staples,large
BBG000BR2WS4,exhaustion_balance,6393,6393,0.00015642108556233381,0.0,Consumer Staples,large
BBG000BR2WS4,a0_sd,6393,6393,0.00015642108556233381,0.0,Consumer Staples,large
BBG000J1QPD8,down_exh,5946,5946,0.00016818028927009755,0.0,Consumer Staples,large
BBG000J1QPD8,sup_hold,5946,5944,0.0003363605785401951,0.0,Consumer Staples,large
BBG000J1QPD8,up_exh,5946,5946,0.00016818028927009755,0.0,Consumer Staples,large
BBG000J1QPD8,res_hold,5946,5944,0.0003363605785401951,0.0,Consumer Staples,large
BBG000J1QPD8,holding_balance,5946,5944,0.0003363605785401951,0.0,Consumer Staples,large
BBG000J1QPD8,exhaustion_balance,5946,5946,0.00016818028927009755,0.0,Consumer Staples,large
BBG000J1QPD8,a0_sd,5946,5946,0.00016818028927009755,0.0,Consumer Staples,large
BBG000TJMD94,down_exh,677,677,0.0014771048744460858,0.0,Consumer Staples,large
BBG000TJMD94,sup_hold,677,677,0.0014771048744460858,0.0,Consumer Staples,large
BBG000TJMD94,up_exh,677,677,0.0014771048744460858,0.0,Consumer Staples,large
BBG000TJMD94,res_hold,677,677,0.0014771048744460858,0.0,Consumer Staples,large
BBG000TJMD94,holding_balance,677,677,0.0014771048744460858,0.0,Consumer Staples,large
BBG000TJMD94,exhaustion_balance,677,677,0.0014771048744460858,0.0,Consumer Staples,large
BBG000TJMD94,a0_sd,677,677,0.0014771048744460858,0.0,Consumer Staples,large
BBG002VX6CQ7,down_exh,2801,2801,0.0003570153516601214,0.0,Energy,large
BBG002VX6CQ7,sup_hold,2801,2801,0.0003570153516601214,0.0,Energy,large
BBG002VX6CQ7,up_exh,2801,2801,0.0003570153516601214,0.0,Energy,large
BBG002VX6CQ7,res_hold,2801,2801,0.0003570153516601214,0.0,Energy,large
BBG002VX6CQ7,holding_balance,2801,2801,0.0003570153516601214,0.0,Energy,large
BBG002VX6CQ7,exhaustion_balance,2801,2801,0.0003570153516601214,0.0,Energy,large
BBG002VX6CQ7,a0_sd,2801,2801,0.0003570153516601214,0.0,Energy,large
BBG00YTSQK72,down_exh,749,749,0.0013351134846461949,0.0,Energy,large
BBG00YTSQK72,sup_hold,749,749,0.0013351134846461949,0.0,Energy,large
BBG00YTSQK72,up_exh,749,749,0.0013351134846461949,0.0,Energy,large
BBG00YTSQK72,res_hold,749,749,0.0013351134846461949,0.0,Energy,large
BBG00YTSQK72,holding_balance,749,749,0.0013351134846461949,0.0,Energy,large
BBG00YTSQK72,exhaustion_balance,749,749,0.0013351134846461949,0.0,Energy,large
BBG00YTSQK72,a0_sd,749,749,0.0013351134846461949,0.0,Energy,large
BBG002PHSZH4,down_exh,2673,2673,0.0003741114852225963,0.0,Energy,large
BBG002PHSZH4,sup_hold,2673,2673,0.0003741114852225963,0.0,Energy,large
BBG002PHSZH4,up_exh,2673,2673,0.0003741114852225963,0.0,Energy,large
BBG002PHSZH4,res_hold,2673,2673,0.0003741114852225963,0.0,Energy,large
BBG002PHSZH4,holding_balance,2673,2673,0.0003741114852225963,0.0,Energy,large
BBG002PHSZH4,exhaustion_balance,2673,2673,0.0003741114852225963,0.0,Energy,large
BBG002PHSZH4,a0_sd,2673,2673,0.0003741114852225963,0.0,Energy,large
BBG000BQQJR0,down_exh,6393,6393,0.00015642108556233381,0.0,Energy,large
BBG000BQQJR0,sup_hold,6393,6392,0.00031284217112466763,0.0,Energy,large
BBG000BQQJR0,up_exh,6393,6392,0.00031284217112466763,0.0,Energy,large
BBG000BQQJR0,res_hold,6393,6390,0.00031284217112466763,0.0,Energy,large
BBG000BQQJR0,holding_balance,6393,6392,0.00031284217112466763,0.0,Energy,large
BBG000BQQJR0,exhaustion_balance,6393,6393,0.00015642108556233381,0.0,Energy,large
BBG000BQQJR0,a0_sd,6393,6393,0.00015642108556233381,0.0,Energy,large
BBG0015XMW86,down_exh,3125,3125,0.00032,0.0,Energy,large
BBG0015XMW86,sup_hold,3125,3125,0.00032,0.0,Energy,large
BBG0015XMW86,up_exh,3125,3125,0.00032,0.0,Energy,large
BBG0015XMW86,res_hold,3125,3125,0.00032,0.0,Energy,large
BBG0015XMW86,holding_balance,3125,3125,0.00032,0.0,Energy,large
BBG0015XMW86,exhaustion_balance,3125,3125,0.00032,0.0,Energy,large
BBG0015XMW86,a0_sd,3125,3125,0.00032,0.0,Energy,large
BBG000BZ9367,down_exh,6393,6393,0.00015642108556233381,0.0,Energy,large
BBG000BZ9367,sup_hold,6393,6393,0.00015642108556233381,0.0,Energy,large
BBG000BZ9367,up_exh,6393,6393,0.00015642108556233381,0.0,Energy,large
BBG000BZ9367,res_hold,6393,6393,0.00015642108556233381,0.0,Energy,large
BBG000BZ9367,holding_balance,6393,6392,0.00031284217112466763,0.0,Energy,large
BBG000BZ9367,exhaustion_balance,6393,6393,0.00015642108556233381,0.0,Energy,large
BBG000BZ9367,a0_sd,6393,6393,0.00015642108556233381,0.0,Energy,large
BBG00YRK7BG2,down_exh,980,980,0.0010204081632653062,0.0,Energy,large
BBG00YRK7BG2,sup_hold,980,980,0.0010204081632653062,0.0,Energy,large
BBG00YRK7BG2,up_exh,980,980,0.0010204081632653062,0.0,Energy,large
BBG00YRK7BG2,res_hold,980,980,0.0010204081632653062,0.0,Energy,large
BBG00YRK7BG2,holding_balance,980,980,0.0010204081632653062,0.0,Energy,large
BBG00YRK7BG2,exhaustion_balance,980,980,0.0010204081632653062,0.0,Energy,large
BBG00YRK7BG2,a0_sd,980,980,0.0010204081632653062,0.0,Energy,large
BBG000K4NHJ5,down_exh,6393,6393,0.00015642108556233381,0.0,Energy,large
BBG000K4NHJ5,sup_hold,6393,6392,0.00031284217112466763,0.0,Energy,large
BBG000K4NHJ5,up_exh,6393,6393,0.00015642108556233381,0.0,Energy,large
BBG000K4NHJ5,res_hold,6393,6393,0.00015642108556233381,0.0,Energy,large
BBG000K4NHJ5,holding_balance,6393,6393,0.00015642108556233381,0.0,Energy,large
BBG000K4NHJ5,exhaustion_balance,6393,6393,0.00015642108556233381,0.0,Energy,large
BBG000K4NHJ5,a0_sd,6393,6393,0.00015642108556233381,0.0,Energy,large
BBG00Z6DX5Q1,down_exh,579,579,0.0017271157167530224,0.0,Energy,large
BBG00Z6DX5Q1,sup_hold,579,579,0.0017271157167530224,0.0,Energy,large
BBG00Z6DX5Q1,up_exh,579,579,0.0017271157167530224,0.0,Energy,large
BBG00Z6DX5Q1,res_hold,579,579,0.0017271157167530224,0.0,Energy,large
BBG00Z6DX5Q1,holding_balance,579,579,0.0017271157167530224,0.0,Energy,large
BBG00Z6DX5Q1,exhaustion_balance,579,579,0.0017271157167530224,0.0,Energy,large
BBG00Z6DX5Q1,a0_sd,579,579,0.0017271157167530224,0.0,Energy,large
BBG000BBVMM5,down_exh,4690,4690,0.00021321961620469082,0.0,Energy,large
BBG000BBVMM5,sup_hold,4690,4690,0.00021321961620469082,0.0,Energy,large
BBG000BBVMM5,up_exh,4690,4690,0.00021321961620469082,0.0,Energy,large
BBG000BBVMM5,res_hold,4690,4690,0.00021321961620469082,0.0,Energy,large
BBG000BBVMM5,holding_balance,4690,4690,0.00021321961620469082,0.0,Energy,large
BBG000BBVMM5,exhaustion_balance,4690,4690,0.00021321961620469082,0.0,Energy,large
BBG000BBVMM5,a0_sd,4690,4690,0.00021321961620469082,0.0,Energy,large
BBG000C1FCF4,down_exh,4412,4412,0.00022665457842248413,0.0,Financials,large
BBG000C1FCF4,sup_hold,4412,4411,0.00045330915684496827,0.0,Financials,large
BBG000C1FCF4,up_exh,4412,4412,0.00022665457842248413,0.0,Financials,large
BBG000C1FCF4,res_hold,4412,4411,0.00045330915684496827,0.0,Financials,large
BBG000C1FCF4,holding_balance,4412,4411,0.00045330915684496827,0.0,Financials,large
BBG000C1FCF4,exhaustion_balance,4412,4412,0.00022665457842248413,0.0,Financials,large
BBG000C1FCF4,a0_sd,4412,4411,0.00045330915684496827,0.0,Financials,large
BBG000BFPVV3,down_exh,6390,6390,0.00015649452269170578,0.0,Financials,large
BBG000BFPVV3,sup_hold,6390,6387,0.00031298904538341156,0.0,Financials,large
BBG000BFPVV3,up_exh,6390,6389,0.00031298904538341156,0.0,Financials,large
BBG000BFPVV3,res_hold,6390,6388,0.00031298904538341156,0.0,Financials,large
BBG000BFPVV3,holding_balance,6390,6390,0.00015649452269170578,0.0,Financials,large
BBG000BFPVV3,exhaustion_balance,6390,6389,0.00031298904538341156,0.0,Financials,large
BBG000BFPVV3,a0_sd,6390,6390,0.00015649452269170578,0.0,Financials,large
BBG000BBHZK4,down_exh,6029,6029,0.0001658649859014762,0.0,Financials,large
BBG000BBHZK4,sup_hold,6029,6028,0.0003317299718029524,0.0,Financials,large
BBG000BBHZK4,up_exh,6029,6029,0.0001658649859014762,0.0,Financials,large
BBG000BBHZK4,res_hold,6029,6027,0.0003317299718029524,0.0,Financials,large
BBG000BBHZK4,holding_balance,6029,6028,0.0003317299718029524,0.0,Financials,large
BBG000BBHZK4,exhaustion_balance,6029,6029,0.0001658649859014762,0.0,Financials,large
BBG000BBHZK4,a0_sd,6029,6029,0.0001658649859014762,0.0,Financials,large
BBG000BMHDJ1,down_exh,4335,4335,0.0002306805074971165,0.0,Financials,large
BBG000BMHDJ1,sup_hold,4335,4335,0.0002306805074971165,0.0,Financials,large
BBG000BMHDJ1,up_exh,4335,4335,0.0002306805074971165,0.0,Financials,large
BBG000BMHDJ1,res_hold,4335,4335,0.0002306805074971165,0.0,Financials,large
BBG000BMHDJ1,holding_balance,4335,4335,0.0002306805074971165,0.0,Financials,large
BBG000BMHDJ1,exhaustion_balance,4335,4335,0.0002306805074971165,0.0,Financials,large
BBG000BMHDJ1,a0_sd,4335,4335,0.0002306805074971165,0.0,Financials,large
BBG000C1XXY7,down_exh,6393,6393,0.00015642108556233381,0.0,Financials,large
BBG000C1XXY7,sup_hold,6393,6392,0.00031284217112466763,0.0,Financials,large
BBG000C1XXY7,up_exh,6393,6393,0.00015642108556233381,0.0,Financials,large
BBG000C1XXY7,res_hold,6393,6393,0.00015642108556233381,0.0,Financials,large
BBG000C1XXY7,holding_balance,6393,6393,0.00015642108556233381,0.0,Financials,large
BBG000C1XXY7,exhaustion_balance,6393,6393,0.00015642108556233381,0.0,Financials,large
BBG000C1XXY7,a0_sd,6393,6393,0.00015642108556233381,0.0,Financials,large
BBG000BY30F2,down_exh,5019,5019,0.00019924287706714485,0.0,Financials,large
BBG000BY30F2,sup_hold,5019,5018,0.0003984857541342897,0.0,Financials,large
BBG000BY30F2,up_exh,5019,5018,0.0003984857541342897,0.0,Financials,large
BBG000BY30F2,res_hold,5019,5018,0.0003984857541342897,0.0,Financials,large
BBG000BY30F2,holding_balance,5019,5018,0.0003984857541342897,0.0,Financials,large
BBG000BY30F2,exhaustion_balance,5019,5019,0.00019924287706714485,0.0,Financials,large
BBG000BY30F2,a0_sd,5019,5019,0.00019924287706714485,0.0,Financials,large
BBG00658F3W5,down_exh,2223,2222,0.000899685110211426,0.0,Financials,large
BBG00658F3W5,sup_hold,2223,2223,0.000449842555105713,0.0,Financials,large
BBG00658F3W5,up_exh,2223,2223,0.000449842555105713,0.0,Financials,large
BBG00658F3W5,res_hold,2223,2223,0.000449842555105713,0.0,Financials,large
BBG00658F3W5,holding_balance,2223,2223,0.000449842555105713,0.0,Financials,large
BBG00658F3W5,exhaustion_balance,2223,2223,0.000449842555105713,0.0,Financials,large
BBG00658F3W5,a0_sd,2223,2223,0.000449842555105713,0.0,Financials,large
BBG0068KVVG3,down_exh,1627,1627,0.0006146281499692685,0.0,Financials,large
BBG0068KVVG3,sup_hold,1627,1627,0.0006146281499692685,0.0,Financials,large
BBG0068KVVG3,up_exh,1627,1627,0.0006146281499692685,0.0,Financials,large
BBG0068KVVG3,res_hold,1627,1627,0.0006146281499692685,0.0,Financials,large
BBG0068KVVG3,holding_balance,1627,1627,0.0006146281499692685,0.0,Financials,large
BBG0068KVVG3,exhaustion_balance,1627,1627,0.0006146281499692685,0.0,Financials,large
BBG0068KVVG3,a0_sd,1627,1627,0.0006146281499692685,0.0,Financials,large
BBG000C45D49,down_exh,6393,6393,0.00015642108556233381,0.0,Financials,large
BBG000C45D49,sup_hold,6393,6389,0.00031284217112466763,0.0,Financials,large
BBG000C45D49,up_exh,6393,6393,0.00015642108556233381,0.0,Financials,large
BBG000C45D49,res_hold,6393,6392,0.00031284217112466763,0.0,Financials,large
BBG000C45D49,holding_balance,6393,6391,0.00031284217112466763,0.0,Financials,large
BBG000C45D49,exhaustion_balance,6393,6393,0.00015642108556233381,0.0,Financials,large
BBG000C45D49,a0_sd,6393,6393,0.00015642108556233381,0.0,Financials,large
BBG000BH3LR0,down_exh,6393,6393,0.00015642108556233381,0.0,Health Care,large
BBG000BH3LR0,sup_hold,6393,6393,0.00015642108556233381,0.0,Health Care,large
BBG000BH3LR0,up_exh,6393,6393,0.00015642108556233381,0.0,Health Care,large
BBG000BH3LR0,res_hold,6393,6393,0.00015642108556233381,0.0,Health Care,large
BBG000BH3LR0,holding_balance,6393,6393,0.00015642108556233381,0.0,Health Care,large
BBG000BH3LR0,exhaustion_balance,6393,6393,0.00015642108556233381,0.0,Health Care,large
BBG000BH3LR0,a0_sd,6393,6393,0.00015642108556233381,0.0,Health Care,large
BBG000BCVLK7,down_exh,6393,6393,0.00015642108556233381,0.0,Health Care,large
BBG000BCVLK7,sup_hold,6393,6392,0.00031284217112466763,0.0,Health Care,large
BBG000BCVLK7,up_exh,6393,6393,0.00015642108556233381,0.0,Health Care,large
BBG000BCVLK7,res_hold,6393,6393,0.00015642108556233381,0.0,Health Care,large
BBG000BCVLK7,holding_balance,6393,6393,0.00015642108556233381,0.0,Health Care,large
BBG000BCVLK7,exhaustion_balance,6393,6393,0.00015642108556233381,0.0,Health Care,large
BBG000BCVLK7,a0_sd,6393,6393,0.00015642108556233381,0.0,Health Care,large
BBG000DYGRD9,down_exh,6393,6393,0.00015642108556233381,0.0,Health Care,large
BBG000DYGRD9,sup_hold,6393,6391,0.00031284217112466763,0.0,Health Care,large
BBG000DYGRD9,up_exh,6393,6393,0.00015642108556233381,0.0,Health Care,large
BBG000DYGRD9,res_hold,6393,6393,0.00015642108556233381,0.0,Health Care,large
BBG000DYGRD9,holding_balance,6393,6393,0.00015642108556233381,0.0,Health Care,large
BBG000DYGRD9,exhaustion_balance,6393,6393,0.00015642108556233381,0.0,Health Care,large
BBG000DYGRD9,a0_sd,6393,6393,0.00015642108556233381,0.0,Health Care,large
BBG000BR2F10,down_exh,6393,6393,0.00015642108556233381,0.0,Health Care,large
BBG000BR2F10,sup_hold,6393,6392,0.00031284217112466763,0.0,Health Care,large
BBG000BR2F10,up_exh,6393,6393,0.00015642108556233381,0.0,Health Care,large
BBG000BR2F10,res_hold,6393,6393,0.00015642108556233381,0.0,Health Care,large
BBG000BR2F10,holding_balance,6393,6393,0.00015642108556233381,0.0,Health Care,large
BBG000BR2F10,exhaustion_balance,6393,6393,0.00015642108556233381,0.0,Health Care,large
BBG000BR2F10,a0_sd,6393,6393,0.00015642108556233381,0.0,Health Care,large
BBG000BX26F2,down_exh,3176,3176,0.00031486146095717883,0.0,Health Care,large
BBG000BX26F2,sup_hold,3176,3176,0.00031486146095717883,0.0,Health Care,large
BBG000BX26F2,up_exh,3176,3176,0.00031486146095717883,0.0,Health Care,large
BBG000BX26F2,res_hold,3176,3176,0.00031486146095717883,0.0,Health Care,large
BBG000BX26F2,holding_balance,3176,3176,0.00031486146095717883,0.0,Health Care,large
BBG000BX26F2,exhaustion_balance,3176,3176,0.00031486146095717883,0.0,Health Care,large
BBG000BX26F2,a0_sd,3176,3176,0.00031486146095717883,0.0,Health Care,large
BBG000MQ1VX1,down_exh,6384,6384,0.00015664160401002505,0.0,Health Care,large
BBG000MQ1VX1,sup_hold,6384,6383,0.0003132832080200501,0.0,Health Care,large
BBG000MQ1VX1,up_exh,6384,6384,0.00015664160401002505,0.0,Health Care,large
BBG000MQ1VX1,res_hold,6384,6383,0.0003132832080200501,0.0,Health Care,large
BBG000MQ1VX1,holding_balance,6384,6383,0.0003132832080200501,0.0,Health Care,large
BBG000MQ1VX1,exhaustion_balance,6384,6384,0.00015664160401002505,0.0,Health Care,large
BBG000MQ1VX1,a0_sd,6384,6384,0.00015664160401002505,0.0,Health Care,large
BBG000BKPMZ8,down_exh,5496,5496,0.0001819505094614265,0.0,Health Care,large
BBG000BKPMZ8,sup_hold,5496,5496,0.0001819505094614265,0.0,Health Care,large
BBG000BKPMZ8,up_exh,5496,5496,0.0001819505094614265,0.0,Health Care,large
BBG000BKPMZ8,res_hold,5496,5496,0.0001819505094614265,0.0,Health Care,large
BBG000BKPMZ8,holding_balance,5496,5496,0.0001819505094614265,0.0,Health Care,large
BBG000BKPMZ8,exhaustion_balance,5496,5496,0.0001819505094614265,0.0,Health Care,large
BBG000BKPMZ8,a0_sd,5496,5496,0.0001819505094614265,0.0,Health Care,large
BBG000BJPPW7,down_exh,5397,5397,0.00018528812303131369,0.0,Health Care,large
BBG000BJPPW7,sup_hold,5397,5397,0.00018528812303131369,0.0,Health Care,large
BBG000BJPPW7,up_exh,5397,5397,0.00018528812303131369,0.0,Health Care,large
BBG000BJPPW7,res_hold,5397,5397,0.00018528812303131369,0.0,Health Care,large
BBG000BJPPW7,holding_balance,5397,5397,0.00018528812303131369,0.0,Health Care,large
BBG000BJPPW7,exhaustion_balance,5397,5397,0.00018528812303131369,0.0,Health Care,large
BBG000BJPPW7,a0_sd,5397,5397,0.00018528812303131369,0.0,Health Care,large
BBG000CH53T5,down_exh,6393,6393,0.00015642108556233381,0.0,Health Care,large
BBG000CH53T5,sup_hold,6393,6392,0.00031284217112466763,0.0,Health Care,large
BBG000CH53T5,up_exh,6393,6393,0.00015642108556233381,0.0,Health Care,large
BBG000CH53T5,res_hold,6393,6393,0.00015642108556233381,0.0,Health Care,large
BBG000CH53T5,holding_balance,6393,6393,0.00015642108556233381,0.0,Health Care,large
BBG000CH53T5,exhaustion_balance,6393,6393,0.00015642108556233381,0.0,Health Care,large
BBG000CH53T5,a0_sd,6393,6393,0.00015642108556233381,0.0,Health Care,large
BBG000BPXYW5,down_exh,6269,6269,0.0001595150741745095,0.0,Industrials,large
BBG000BPXYW5,sup_hold,6269,6267,0.000319030148349019,0.0,Industrials,large
BBG000BPXYW5,up_exh,6269,6269,0.0001595150741745095,0.0,Industrials,large
BBG000BPXYW5,res_hold,6269,6265,0.000319030148349019,0.0,Industrials,large
BBG000BPXYW5,holding_balance,6269,6268,0.000319030148349019,0.0,Industrials,large
BBG000BPXYW5,exhaustion_balance,6269,6269,0.0001595150741745095,0.0,Industrials,large
BBG000BPXYW5,a0_sd,6269,6269,0.0001595150741745095,0.0,Industrials,large
BBG000BDDBD5,down_exh,4886,4886,0.00020466639377814163,0.0,Industrials,large
BBG000BDDBD5,sup_hold,4886,4885,0.00040933278755628325,0.0,Industrials,large
BBG000BDDBD5,up_exh,4886,4886,0.00020466639377814163,0.0,Industrials,large
BBG000BDDBD5,res_hold,4886,4886,0.00020466639377814163,0.0,Industrials,large
BBG000BDDBD5,holding_balance,4886,4886,0.00020466639377814163,0.0,Industrials,large
BBG000BDDBD5,exhaustion_balance,4886,4886,0.00020466639377814163,0.0,Industrials,large
BBG000BDDBD5,a0_sd,4886,4886,0.00020466639377814163,0.0,Industrials,large
BBG01NMT2H37,down_exh,562,562,0.0017793594306049821,0.0,Industrials,large
BBG01NMT2H37,sup_hold,562,562,0.0017793594306049821,0.0,Industrials,large
BBG01NMT2H37,up_exh,562,562,0.0017793594306049821,0.0,Industrials,large
BBG01NMT2H37,res_hold,562,562,0.0017793594306049821,0.0,Industrials,large
BBG01NMT2H37,holding_balance,562,562,0.0017793594306049821,0.0,Industrials,large
BBG01NMT2H37,exhaustion_balance,562,562,0.0017793594306049821,0.0,Industrials,large
BBG01NMT2H37,a0_sd,562,562,0.0017793594306049821,0.0,Industrials,large
BBG000BBCHL8,down_exh,6393,6393,0.00015642108556233381,0.0,Industrials,large
BBG000BBCHL8,sup_hold,6393,6392,0.00031284217112466763,0.0,Industrials,large
BBG000BBCHL8,up_exh,6393,6393,0.00015642108556233381,0.0,Industrials,large
BBG000BBCHL8,res_hold,6393,6393,0.00015642108556233381,0.0,Industrials,large
BBG000BBCHL8,holding_balance,6393,6392,0.00031284217112466763,0.0,Industrials,large
BBG000BBCHL8,exhaustion_balance,6393,6393,0.00015642108556233381,0.0,Industrials,large
BBG000BBCHL8,a0_sd,6393,6393,0.00015642108556233381,0.0,Industrials,large
BBG000BCSV38,down_exh,6393,6393,0.00015642108556233381,0.0,Industrials,large
BBG000BCSV38,sup_hold,6393,6393,0.00015642108556233381,0.0,Industrials,large
BBG000BCSV38,up_exh,6393,6393,0.00015642108556233381,0.0,Industrials,large
BBG000BCSV38,res_hold,6393,6393,0.00015642108556233381,0.0,Industrials,large
BBG000BCSV38,holding_balance,6393,6393,0.00015642108556233381,0.0,Industrials,large
BBG000BCSV38,exhaustion_balance,6393,6393,0.00015642108556233381,0.0,Industrials,large
BBG000BCSV38,a0_sd,6393,6393,0.00015642108556233381,0.0,Industrials,large
BBG000H56NZ4,down_exh,517,517,0.0019342359767891683,0.0,Industrials,large
BBG000H56NZ4,sup_hold,517,517,0.0019342359767891683,0.0,Industrials,large
BBG000H56NZ4,up_exh,517,517,0.0019342359767891683,0.0,Industrials,large
BBG000H56NZ4,res_hold,517,517,0.0019342359767891683,0.0,Industrials,large
BBG000H56NZ4,holding_balance,517,517,0.0019342359767891683,0.0,Industrials,large
BBG000H56NZ4,exhaustion_balance,517,517,0.0019342359767891683,0.0,Industrials,large
BBG000H56NZ4,a0_sd,517,517,0.0019342359767891683,0.0,Industrials,large
BBG00DYNJGM3,down_exh,1654,1654,0.0006045949214026602,0.0,Industrials,large
BBG00DYNJGM3,sup_hold,1654,1654,0.0006045949214026602,0.0,Industrials,large
BBG00DYNJGM3,up_exh,1654,1654,0.0006045949214026602,0.0,Industrials,large
BBG00DYNJGM3,res_hold,1654,1654,0.0006045949214026602,0.0,Industrials,large
BBG00DYNJGM3,holding_balance,1654,1654,0.0006045949214026602,0.0,Industrials,large
BBG00DYNJGM3,exhaustion_balance,1654,1654,0.0006045949214026602,0.0,Industrials,large
BBG00DYNJGM3,a0_sd,1654,1654,0.0006045949214026602,0.0,Industrials,large
BBG000DW7B75,down_exh,4140,4140,0.00024154589371980676,0.0,Information Technology,large
BBG000DW7B75,sup_hold,4140,4140,0.00024154589371980676,0.0,Information Technology,large
BBG000DW7B75,up_exh,4140,4140,0.00024154589371980676,0.0,Information Technology,large
BBG000DW7B75,res_hold,4140,4140,0.00024154589371980676,0.0,Information Technology,large
BBG000DW7B75,holding_balance,4140,4139,0.0004830917874396135,0.0,Information Technology,large
BBG000DW7B75,exhaustion_balance,4140,4140,0.00024154589371980676,0.0,Information Technology,large
BBG000DW7B75,a0_sd,4140,4140,0.00024154589371980676,0.0,Information Technology,large
BBG000CC8YY9,down_exh,5032,5032,0.0001987281399046105,0.0,Information Technology,large
BBG000CC8YY9,sup_hold,5032,5032,0.0001987281399046105,0.0,Information Technology,large
BBG000CC8YY9,up_exh,5032,5032,0.0001987281399046105,0.0,Information Technology,large
BBG000CC8YY9,res_hold,5032,5031,0.000397456279809221,0.0,Information Technology,large
BBG000CC8YY9,holding_balance,5032,5032,0.0001987281399046105,0.0,Information Technology,large
BBG000CC8YY9,exhaustion_balance,5032,5032,0.0001987281399046105,0.0,Information Technology,large
BBG000CC8YY9,a0_sd,5032,5032,0.0001987281399046105,0.0,Information Technology,large
BBG000BBQPP1,down_exh,2116,2116,0.0004725897920604915,0.0,Information Technology,large
BBG000BBQPP1,sup_hold,2116,2116,0.0004725897920604915,0.0,Information Technology,large
BBG000BBQPP1,up_exh,2116,2116,0.0004725897920604915,0.0,Information Technology,large
BBG000BBQPP1,res_hold,2116,2116,0.0004725897920604915,0.0,Information Technology,large
BBG000BBQPP1,holding_balance,2116,2116,0.0004725897920604915,0.0,Information Technology,large
BBG000BBQPP1,exhaustion_balance,2116,2116,0.0004725897920604915,0.0,Information Technology,large
BBG000BBQPP1,a0_sd,2116,2116,0.0004725897920604915,0.0,Information Technology,large
BBG002VH3DV7,down_exh,2746,2746,0.0003641660597232338,0.0,Information Technology,large
BBG002VH3DV7,sup_hold,2746,2746,0.0003641660597232338,0.0,Information Technology,large
BBG002VH3DV7,up_exh,2746,2746,0.0003641660597232338,0.0,Information Technology,large
BBG002VH3DV7,res_hold,2746,2746,0.0003641660597232338,0.0,Information Technology,large
BBG002VH3DV7,holding_balance,2746,2746,0.0003641660597232338,0.0,Information Technology,large
BBG002VH3DV7,exhaustion_balance,2746,2746,0.0003641660597232338,0.0,Information Technology,large
BBG002VH3DV7,a0_sd,2746,2746,0.0003641660597232338,0.0,Information Technology,large
BBG000BLW3R9,down_exh,853,853,0.0011723329425556857,0.0,Information Technology,large
BBG000BLW3R9,sup_hold,853,853,0.0011723329425556857,0.0,Information Technology,large
BBG000BLW3R9,up_exh,853,853,0.0011723329425556857,0.0,Information Technology,large
BBG000BLW3R9,res_hold,853,853,0.0011723329425556857,0.0,Information Technology,large
BBG000BLW3R9,holding_balance,853,853,0.0011723329425556857,0.0,Information Technology,large
BBG000BLW3R9,exhaustion_balance,853,853,0.0011723329425556857,0.0,Information Technology,large
BBG000BLW3R9,a0_sd,853,853,0.0011723329425556857,0.0,Information Technology,large
BBG000BMTC82,down_exh,3400,3400,0.0002941176470588235,0.0,Information Technology,large
BBG000BMTC82,sup_hold,3400,3399,0.000588235294117647,0.0,Information Technology,large
BBG000BMTC82,up_exh,3400,3400,0.0002941176470588235,0.0,Information Technology,large
BBG000BMTC82,res_hold,3400,3400,0.0002941176470588235,0.0,Information Technology,large
BBG000BMTC82,holding_balance,3400,3400,0.0002941176470588235,0.0,Information Technology,large
BBG000BMTC82,exhaustion_balance,3400,3400,0.0002941176470588235,0.0,Information Technology,large
BBG000BMTC82,a0_sd,3400,3400,0.0002941176470588235,0.0,Information Technology,large
BBG003BW0FC3,down_exh,1432,1432,0.0006983240223463687,0.0,Information Technology,large
BBG003BW0FC3,sup_hold,1432,1432,0.0006983240223463687,0.0,Information Technology,large
BBG003BW0FC3,up_exh,1432,1432,0.0006983240223463687,0.0,Information Technology,large
BBG003BW0FC3,res_hold,1432,1432,0.0006983240223463687,0.0,Information Technology,large
BBG003BW0FC3,holding_balance,1432,1432,0.0006983240223463687,0.0,Information Technology,large
BBG003BW0FC3,exhaustion_balance,1432,1432,0.0006983240223463687,0.0,Information Technology,large
BBG003BW0FC3,a0_sd,1432,1432,0.0006983240223463687,0.0,Information Technology,large
BBG000BNFW27,down_exh,3538,3538,0.0002826455624646693,0.0,Information Technology,large
BBG000BNFW27,sup_hold,3538,3538,0.0002826455624646693,0.0,Information Technology,large
BBG000BNFW27,up_exh,3538,3538,0.0002826455624646693,0.0,Information Technology,large
BBG000BNFW27,res_hold,3538,3538,0.0002826455624646693,0.0,Information Technology,large
BBG000BNFW27,holding_balance,3538,3538,0.0002826455624646693,0.0,Information Technology,large
BBG000BNFW27,exhaustion_balance,3538,3538,0.0002826455624646693,0.0,Information Technology,large
BBG000BNFW27,a0_sd,3538,3538,0.0002826455624646693,0.0,Information Technology,large
BBG000BQLY10,down_exh,2487,2487,0.0004020908725371934,0.0,Information Technology,large
BBG000BQLY10,sup_hold,2487,2487,0.0004020908725371934,0.0,Information Technology,large
BBG000BQLY10,up_exh,2487,2487,0.0004020908725371934,0.0,Information Technology,large
BBG000BQLY10,res_hold,2487,2487,0.0004020908725371934,0.0,Information Technology,large
BBG000BQLY10,holding_balance,2487,2487,0.0004020908725371934,0.0,Information Technology,large
BBG000BQLY10,exhaustion_balance,2487,2487,0.0004020908725371934,0.0,Information Technology,large
BBG000BQLY10,a0_sd,2487,2487,0.0004020908725371934,0.0,Information Technology,large
BBG000BQ8MY5,down_exh,6393,6393,0.00015642108556233381,0.0,Materials,large
BBG000BQ8MY5,sup_hold,6393,6393,0.00015642108556233381,0.0,Materials,large
BBG000BQ8MY5,up_exh,6393,6393,0.00015642108556233381,0.0,Materials,large
BBG000BQ8MY5,res_hold,6393,6393,0.00015642108556233381,0.0,Materials,large
BBG000BQ8MY5,holding_balance,6393,6393,0.00015642108556233381,0.0,Materials,large
BBG000BQ8MY5,exhaustion_balance,6393,6393,0.00015642108556233381,0.0,Materials,large
BBG000BQ8MY5,a0_sd,6393,6393,0.00015642108556233381,0.0,Materials,large
BBG000BJ27W2,down_exh,5438,5438,0.00018389113644722325,0.0,Materials,large
BBG000BJ27W2,sup_hold,5438,5438,0.00018389113644722325,0.0,Materials,large
BBG000BJ27W2,up_exh,5438,5438,0.00018389113644722325,0.0,Materials,large
BBG000BJ27W2,res_hold,5438,5438,0.00018389113644722325,0.0,Materials,large
BBG000BJ27W2,holding_balance,5438,5438,0.00018389113644722325,0.0,Materials,large
BBG000BJ27W2,exhaustion_balance,5438,5438,0.00018389113644722325,0.0,Materials,large
BBG000BJ27W2,a0_sd,5438,5438,0.00018389113644722325,0.0,Materials,large
BBG000BWH016,down_exh,6373,6373,0.00015691197238349287,0.0,Materials,large
BBG000BWH016,sup_hold,6373,6371,0.00031382394476698575,0.0,Materials,large
BBG000BWH016,up_exh,6373,6373,0.00015691197238349287,0.0,Materials,large
BBG000BWH016,res_hold,6373,6371,0.00031382394476698575,0.0,Materials,large
BBG000BWH016,holding_balance,6373,6373,0.00015691197238349287,0.0,Materials,large
BBG000BWH016,exhaustion_balance,6373,6373,0.00015691197238349287,0.0,Materials,large
BBG000BWH016,a0_sd,6373,6373,0.00015691197238349287,0.0,Materials,large
BBG000BDDPK6,down_exh,6167,6167,0.00016215339711366953,0.0,Materials,large
BBG000BDDPK6,sup_hold,6167,6166,0.00032430679422733907,0.0,Materials,large
BBG000BDDPK6,up_exh,6167,6167,0.00016215339711366953,0.0,Materials,large
BBG000BDDPK6,res_hold,6167,6167,0.00016215339711366953,0.0,Materials,large
BBG000BDDPK6,holding_balance,6167,6167,0.00016215339711366953,0.0,Materials,large
BBG000BDDPK6,exhaustion_balance,6167,6167,0.00016215339711366953,0.0,Materials,large
BBG000BDDPK6,a0_sd,6167,6167,0.00016215339711366953,0.0,Materials,large
BBG00MV4Q7P7,down_exh,1011,1011,0.0009891196834817012,0.0,Materials,large
BBG00MV4Q7P7,sup_hold,1011,1011,0.0009891196834817012,0.0,Materials,large
BBG00MV4Q7P7,up_exh,1011,1011,0.0009891196834817012,0.0,Materials,large
BBG00MV4Q7P7,res_hold,1011,1011,0.0009891196834817012,0.0,Materials,large
BBG00MV4Q7P7,holding_balance,1011,1011,0.0009891196834817012,0.0,Materials,large
BBG00MV4Q7P7,exhaustion_balance,1011,1011,0.0009891196834817012,0.0,Materials,large
BBG00MV4Q7P7,a0_sd,1011,1011,0.0009891196834817012,0.0,Materials,large
BBG000BC4LR0,down_exh,6393,6393,0.00015642108556233381,0.0,Materials,large
BBG000BC4LR0,sup_hold,6393,6392,0.00031284217112466763,0.0,Materials,large
BBG000BC4LR0,up_exh,6393,6393,0.00015642108556233381,0.0,Materials,large
BBG000BC4LR0,res_hold,6393,6392,0.00031284217112466763,0.0,Materials,large
BBG000BC4LR0,holding_balance,6393,6392,0.00031284217112466763,0.0,Materials,large
BBG000BC4LR0,exhaustion_balance,6393,6393,0.00015642108556233381,0.0,Materials,large
BBG000BC4LR0,a0_sd,6393,6393,0.00015642108556233381,0.0,Materials,large
BBG000BFXLX4,down_exh,4681,4681,0.00021362956633198035,0.0,Materials,large
BBG000BFXLX4,sup_hold,4681,4680,0.0004272591326639607,0.0,Materials,large
BBG000BFXLX4,up_exh,4681,4681,0.00021362956633198035,0.0,Materials,large
BBG000BFXLX4,res_hold,4681,4681,0.00021362956633198035,0.0,Materials,large
BBG000BFXLX4,holding_balance,4681,4681,0.00021362956633198035,0.0,Materials,large
BBG000BFXLX4,exhaustion_balance,4681,4681,0.00021362956633198035,0.0,Materials,large
BBG000BFXLX4,a0_sd,4681,4681,0.00021362956633198035,0.0,Materials,large
BBG000BGYPN3,down_exh,6316,6316,0.00015832805573147562,0.0,Materials,large
BBG000BGYPN3,sup_hold,6316,6315,0.00031665611146295124,0.0,Materials,large
BBG000BGYPN3,up_exh,6316,6316,0.00015832805573147562,0.0,Materials,large
BBG000BGYPN3,res_hold,6316,6315,0.00031665611146295124,0.0,Materials,large
BBG000BGYPN3,holding_balance,6316,6316,0.00015832805573147562,0.0,Materials,large
BBG000BGYPN3,exhaustion_balance,6316,6316,0.00015832805573147562,0.0,Materials,large
BBG000BGYPN3,a0_sd,6316,6316,0.00015832805573147562,0.0,Materials,large
BBG000BPWYG4,down_exh,6393,6393,0.00015642108556233381,0.0,Materials,large
BBG000BPWYG4,sup_hold,6393,6391,0.00031284217112466763,0.0,Materials,large
BBG000BPWYG4,up_exh,6393,6393,0.00015642108556233381,0.0,Materials,large
BBG000BPWYG4,res_hold,6393,6392,0.00031284217112466763,0.0,Materials,large
BBG000BPWYG4,holding_balance,6393,6391,0.00031284217112466763,0.0,Materials,large
BBG000BPWYG4,exhaustion_balance,6393,6393,0.00015642108556233381,0.0,Materials,large
BBG000BPWYG4,a0_sd,6393,6393,0.00015642108556233381,0.0,Materials,large
BBG000BG8P98,down_exh,6393,6393,0.00015642108556233381,0.0,Real Estate,large
BBG000BG8P98,sup_hold,6393,6392,0.00031284217112466763,0.0,Real Estate,large
BBG000BG8P98,up_exh,6393,6393,0.00015642108556233381,0.0,Real Estate,large
BBG000BG8P98,res_hold,6393,6390,0.00031284217112466763,0.0,Real Estate,large
BBG000BG8P98,holding_balance,6393,6392,0.00031284217112466763,0.0,Real Estate,large
BBG000BG8P98,exhaustion_balance,6393,6393,0.00015642108556233381,0.0,Real Estate,large
BBG000BG8P98,a0_sd,6393,6393,0.00015642108556233381,0.0,Real Estate,large
BBG000Q5ZSC6,down_exh,4677,4677,0.00021381227282446012,0.0,Real Estate,large
BBG000Q5ZSC6,sup_hold,4677,4676,0.00042762454564892024,0.0,Real Estate,large
BBG000Q5ZSC6,up_exh,4677,4677,0.00021381227282446012,0.0,Real Estate,large
BBG000Q5ZSC6,res_hold,4677,4676,0.00042762454564892024,0.0,Real Estate,large
BBG000Q5ZSC6,holding_balance,4677,4675,0.00042762454564892024,0.0,Real Estate,large
BBG000Q5ZSC6,exhaustion_balance,4677,4677,0.00021381227282446012,0.0,Real Estate,large
BBG000Q5ZSC6,a0_sd,4677,4677,0.00021381227282446012,0.0,Real Estate,large
BBG000PV29R2,down_exh,4108,4108,0.00024342745861733204,0.0,Real Estate,large
BBG000PV29R2,sup_hold,4108,4108,0.00024342745861733204,0.0,Real Estate,large
BBG000PV29R2,up_exh,4108,4108,0.00024342745861733204,0.0,Real Estate,large
BBG000PV29R2,res_hold,4108,4108,0.00024342745861733204,0.0,Real Estate,large
BBG000PV29R2,holding_balance,4108,4108,0.00024342745861733204,0.0,Real Estate,large
BBG000PV29R2,exhaustion_balance,4108,4108,0.00024342745861733204,0.0,Real Estate,large
BBG000PV29R2,a0_sd,4108,4108,0.00024342745861733204,0.0,Real Estate,large
BBG000CGJP77,down_exh,5799,5799,0.0001724435247456458,0.0,Real Estate,large
BBG000CGJP77,sup_hold,5799,5798,0.0003448870494912916,0.0,Real Estate,large
BBG000CGJP77,up_exh,5799,5799,0.0001724435247456458,0.0,Real Estate,large
BBG000CGJP77,res_hold,5799,5799,0.0001724435247456458,0.0,Real Estate,large
BBG000CGJP77,holding_balance,5799,5799,0.0001724435247456458,0.0,Real Estate,large
BBG000CGJP77,exhaustion_balance,5799,5799,0.0001724435247456458,0.0,Real Estate,large
BBG000CGJP77,a0_sd,5799,5799,0.0001724435247456458,0.0,Real Estate,large
BBG000BPPPX2,down_exh,6256,6256,0.00015984654731457802,0.0,Real Estate,large
BBG000BPPPX2,sup_hold,6256,6255,0.00031969309462915604,0.0,Real Estate,large
BBG000BPPPX2,up_exh,6256,6256,0.00015984654731457802,0.0,Real Estate,large
BBG000BPPPX2,res_hold,6256,6256,0.00015984654731457802,0.0,Real Estate,large
BBG000BPPPX2,holding_balance,6256,6256,0.00015984654731457802,0.0,Real Estate,large
BBG000BPPPX2,exhaustion_balance,6256,6256,0.00015984654731457802,0.0,Real Estate,large
BBG000BPPPX2,a0_sd,6256,6256,0.00015984654731457802,0.0,Real Estate,large
BBG000BL4H08,down_exh,1142,1142,0.0008756567425569177,0.0,Real Estate,large
BBG000BL4H08,sup_hold,1142,1141,0.0017513134851138354,0.0,Real Estate,large
BBG000BL4H08,up_exh,1142,1142,0.0008756567425569177,0.0,Real Estate,large
BBG000BL4H08,res_hold,1142,1142,0.0008756567425569177,0.0,Real Estate,large
BBG000BL4H08,holding_balance,1142,1142,0.0008756567425569177,0.0,Real Estate,large
BBG000BL4H08,exhaustion_balance,1142,1141,0.0017513134851138354,0.0,Real Estate,large
BBG000BL4H08,a0_sd,1142,1141,0.0017513134851138354,0.0,Real Estate,large
BBG000BJVPQ7,down_exh,5728,5728,0.00017458100558659218,0.0,Real Estate,large
BBG000BJVPQ7,sup_hold,5728,5727,0.00034916201117318437,0.0,Real Estate,large
BBG000BJVPQ7,up_exh,5728,5728,0.00017458100558659218,0.0,Real Estate,large
BBG000BJVPQ7,res_hold,5728,5728,0.00017458100558659218,0.0,Real Estate,large
BBG000BJVPQ7,holding_balance,5728,5728,0.00017458100558659218,0.0,Real Estate,large
BBG000BJVPQ7,exhaustion_balance,5728,5728,0.00017458100558659218,0.0,Real Estate,large
BBG000BJVPQ7,a0_sd,5728,5728,0.00017458100558659218,0.0,Real Estate,large
BBG000B9Y214,down_exh,6031,6031,0.000165809981760902,0.0,Real Estate,large
BBG000B9Y214,sup_hold,6031,6028,0.000331619963521804,0.0,Real Estate,large
BBG000B9Y214,up_exh,6031,6031,0.000165809981760902,0.0,Real Estate,large
BBG000B9Y214,res_hold,6031,6030,0.000331619963521804,0.0,Real Estate,large
BBG000B9Y214,holding_balance,6031,6031,0.000165809981760902,0.0,Real Estate,large
BBG000B9Y214,exhaustion_balance,6031,6031,0.000165809981760902,0.0,Real Estate,large
BBG000B9Y214,a0_sd,6031,6031,0.000165809981760902,0.0,Real Estate,large
BBG000BB0XQ1,down_exh,5666,5666,0.00017649135192375574,0.0,Real Estate,large
BBG000BB0XQ1,sup_hold,5666,5666,0.00017649135192375574,0.0,Real Estate,large
BBG000BB0XQ1,up_exh,5666,5666,0.00017649135192375574,0.0,Real Estate,large
BBG000BB0XQ1,res_hold,5666,5666,0.00017649135192375574,0.0,Real Estate,large
BBG000BB0XQ1,holding_balance,5666,5666,0.00017649135192375574,0.0,Real Estate,large
BBG000BB0XQ1,exhaustion_balance,5666,5666,0.00017649135192375574,0.0,Real Estate,large
BBG000BB0XQ1,a0_sd,5666,5666,0.00017649135192375574,0.0,Real Estate,large
BBG000BQWSK0,down_exh,6392,6392,0.00015644555694618273,0.0,Utilities,large
BBG000BQWSK0,sup_hold,6392,6387,0.00031289111389236547,0.0,Utilities,large
BBG000BQWSK0,up_exh,6392,6392,0.00015644555694618273,0.0,Utilities,large
BBG000BQWSK0,res_hold,6392,6390,0.00031289111389236547,0.0,Utilities,large
BBG000BQWSK0,holding_balance,6392,6392,0.00015644555694618273,0.0,Utilities,large
BBG000BQWSK0,exhaustion_balance,6392,6392,0.00015644555694618273,0.0,Utilities,large
BBG000BQWSK0,a0_sd,6392,6392,0.00015644555694618273,0.0,Utilities,large
BBG00HY73KG4,down_exh,105,105,0.009523809523809525,0.0,Utilities,large
BBG00HY73KG4,sup_hold,105,105,0.009523809523809525,0.0,Utilities,large
BBG00HY73KG4,up_exh,105,105,0.009523809523809525,0.0,Utilities,large
BBG00HY73KG4,res_hold,105,105,0.009523809523809525,0.0,Utilities,large
BBG00HY73KG4,holding_balance,105,105,0.009523809523809525,0.0,Utilities,large
BBG00HY73KG4,exhaustion_balance,105,105,0.009523809523809525,0.0,Utilities,large
BBG00HY73KG4,a0_sd,105,105,0.009523809523809525,0.0,Utilities,large
BBG000D7RMQ3,down_exh,6393,6393,0.00015642108556233381,0.0,Utilities,large
BBG000D7RMQ3,sup_hold,6393,6388,0.00031284217112466763,0.0,Utilities,large
BBG000D7RMQ3,up_exh,6393,6392,0.00031284217112466763,0.0,Utilities,large
BBG000D7RMQ3,res_hold,6393,6391,0.00031284217112466763,0.0,Utilities,large
BBG000D7RMQ3,holding_balance,6393,6393,0.00015642108556233381,0.0,Utilities,large
BBG000D7RMQ3,exhaustion_balance,6393,6393,0.00015642108556233381,0.0,Utilities,large
BBG000D7RMQ3,a0_sd,6393,6393,0.00015642108556233381,0.0,Utilities,large
BBG000C2ZGQ9,down_exh,6271,6270,0.0003189284005740711,0.0,Utilities,large
BBG000C2ZGQ9,sup_hold,6271,6271,0.00015946420028703555,0.0,Utilities,large
BBG000C2ZGQ9,up_exh,6271,6271,0.00015946420028703555,0.0,Utilities,large
BBG000C2ZGQ9,res_hold,6271,6271,0.00015946420028703555,0.0,Utilities,large
BBG000C2ZGQ9,holding_balance,6271,6271,0.00015946420028703555,0.0,Utilities,large
BBG000C2ZGQ9,exhaustion_balance,6271,6271,0.00015946420028703555,0.0,Utilities,large
BBG000C2ZGQ9,a0_sd,6271,6271,0.00015946420028703555,0.0,Utilities,large
BBG00DXDL6W4,down_exh,1524,1524,0.0006561679790026247,0.0,Utilities,large
BBG00DXDL6W4,sup_hold,1524,1524,0.0006561679790026247,0.0,Utilities,large
BBG00DXDL6W4,up_exh,1524,1524,0.0006561679790026247,0.0,Utilities,large
BBG00DXDL6W4,res_hold,1524,1524,0.0006561679790026247,0.0,Utilities,large
BBG00DXDL6W4,holding_balance,1524,1524,0.0006561679790026247,0.0,Utilities,large
BBG00DXDL6W4,exhaustion_balance,1524,1524,0.0006561679790026247,0.0,Utilities,large
BBG00DXDL6W4,a0_sd,1524,1524,0.0006561679790026247,0.0,Utilities,large
BBG000BCV381,down_exh,1361,1361,0.0007347538574577516,0.0,Utilities,large
BBG000BCV381,sup_hold,1361,1361,0.0007347538574577516,0.0,Utilities,large
BBG000BCV381,up_exh,1361,1361,0.0007347538574577516,0.0,Utilities,large
BBG000BCV381,res_hold,1361,1361,0.0007347538574577516,0.0,Utilities,large
BBG000BCV381,holding_balance,1361,1361,0.0007347538574577516,0.0,Utilities,large
BBG000BCV381,exhaustion_balance,1361,1361,0.0007347538574577516,0.0,Utilities,large
BBG000BCV381,a0_sd,1361,1360,0.0014695077149155032,0.0,Utilities,large
BBG000FDC0R1,down_exh,6385,6385,0.00015661707126076742,0.0,Utilities,large
BBG000FDC0R1,sup_hold,6385,6374,0.00046985121378230227,0.0,Utilities,large
BBG000FDC0R1,up_exh,6385,6385,0.00015661707126076742,0.0,Utilities,large
BBG000FDC0R1,res_hold,6385,6382,0.00031323414252153485,0.0,Utilities,large
BBG000FDC0R1,holding_balance,6385,6383,0.00031323414252153485,0.0,Utilities,large
BBG000FDC0R1,exhaustion_balance,6385,6385,0.00015661707126076742,0.0,Utilities,large
BBG000FDC0R1,a0_sd,6385,6385,0.00015661707126076742,0.0,Utilities,large
BBG000BRNJ37,down_exh,4529,4529,0.00022079929344226098,0.0,Utilities,large
BBG000BRNJ37,sup_hold,4529,4529,0.00022079929344226098,0.0,Utilities,large
BBG000BRNJ37,up_exh,4529,4529,0.00022079929344226098,0.0,Utilities,large
BBG000BRNJ37,res_hold,4529,4528,0.00044159858688452196,0.0,Utilities,large
BBG000BRNJ37,holding_balance,4529,4529,0.00022079929344226098,0.0,Utilities,large
BBG000BRNJ37,exhaustion_balance,4529,4529,0.00022079929344226098,0.0,Utilities,large
BBG000BRNJ37,a0_sd,4529,4529,0.00022079929344226098,0.0,Utilities,large
BBG000BQZP41,down_exh,6393,6393,0.00015642108556233381,0.0,Utilities,large
BBG000BQZP41,sup_hold,6393,6389,0.00031284217112466763,0.0,Utilities,large
BBG000BQZP41,up_exh,6393,6393,0.00015642108556233381,0.0,Utilities,large
BBG000BQZP41,res_hold,6393,6393,0.00015642108556233381,0.0,Utilities,large
BBG000BQZP41,holding_balance,6393,6393,0.00015642108556233381,0.0,Utilities,large
BBG000BQZP41,exhaustion_balance,6393,6393,0.00015642108556233381,0.0,Utilities,large
BBG000BQZP41,a0_sd,6393,6393,0.00015642108556233381,0.0,Utilities,large
BBG000CVRH82,down_exh,2480,2480,0.0004032258064516129,0.0,Consumer Discretionary,mid
BBG000CVRH82,sup_hold,2480,2480,0.0004032258064516129,0.0,Consumer Discretionary,mid
BBG000CVRH82,up_exh,2480,2480,0.0004032258064516129,0.0,Consumer Discretionary,mid
BBG000CVRH82,res_hold,2480,2480,0.0004032258064516129,0.0,Consumer Discretionary,mid
BBG000CVRH82,holding_balance,2480,2480,0.0004032258064516129,0.0,Consumer Discretionary,mid
BBG000CVRH82,exhaustion_balance,2480,2480,0.0004032258064516129,0.0,Consumer Discretionary,mid
BBG000CVRH82,a0_sd,2480,2480,0.0004032258064516129,0.0,Consumer Discretionary,mid
BBG000BCMYM7,down_exh,3529,3528,0.0005667327854916407,0.0,Consumer Discretionary,mid
BBG000BCMYM7,sup_hold,3529,3529,0.00028336639274582036,0.0,Consumer Discretionary,mid
BBG000BCMYM7,up_exh,3529,3529,0.00028336639274582036,0.0,Consumer Discretionary,mid
BBG000BCMYM7,res_hold,3529,3529,0.00028336639274582036,0.0,Consumer Discretionary,mid
BBG000BCMYM7,holding_balance,3529,3529,0.00028336639274582036,0.0,Consumer Discretionary,mid
BBG000BCMYM7,exhaustion_balance,3529,3529,0.00028336639274582036,0.0,Consumer Discretionary,mid
BBG000BCMYM7,a0_sd,3529,3529,0.00028336639274582036,0.0,Consumer Discretionary,mid
BBG000BWSW50,down_exh,6393,6393,0.00015642108556233381,0.0,Consumer Discretionary,mid
BBG000BWSW50,sup_hold,6393,6392,0.00031284217112466763,0.0,Consumer Discretionary,mid
BBG000BWSW50,up_exh,6393,6393,0.00015642108556233381,0.0,Consumer Discretionary,mid
BBG000BWSW50,res_hold,6393,6392,0.00031284217112466763,0.0,Consumer Discretionary,mid
BBG000BWSW50,holding_balance,6393,6393,0.00015642108556233381,0.0,Consumer Discretionary,mid
BBG000BWSW50,exhaustion_balance,6393,6393,0.00015642108556233381,0.0,Consumer Discretionary,mid
BBG000BWSW50,a0_sd,6393,6393,0.00015642108556233381,0.0,Consumer Discretionary,mid
BBG000C46L95,down_exh,6384,6383,0.0003132832080200501,0.0,Consumer Discretionary,mid
BBG000C46L95,sup_hold,6384,6384,0.00015664160401002505,0.0,Consumer Discretionary,mid
BBG000C46L95,up_exh,6384,6383,0.0003132832080200501,0.0,Consumer Discretionary,mid
BBG000C46L95,res_hold,6384,6382,0.0003132832080200501,0.0,Consumer Discretionary,mid
BBG000C46L95,holding_balance,6384,6384,0.00015664160401002505,0.0,Consumer Discretionary,mid
BBG000C46L95,exhaustion_balance,6384,6384,0.00015664160401002505,0.0,Consumer Discretionary,mid
BBG000C46L95,a0_sd,6384,6384,0.00015664160401002505,0.0,Consumer Discretionary,mid
BBG000PXGX45,down_exh,4449,4449,0.0002247696111485727,0.0,Consumer Discretionary,mid
BBG000PXGX45,sup_hold,4449,4448,0.0004495392222971454,0.0,Consumer Discretionary,mid
BBG000PXGX45,up_exh,4449,4449,0.0002247696111485727,0.0,Consumer Discretionary,mid
BBG000PXGX45,res_hold,4449,4449,0.0002247696111485727,0.0,Consumer Discretionary,mid
BBG000PXGX45,holding_balance,4449,4449,0.0002247696111485727,0.0,Consumer Discretionary,mid
BBG000PXGX45,exhaustion_balance,4449,4449,0.0002247696111485727,0.0,Consumer Discretionary,mid
BBG000PXGX45,a0_sd,4449,4449,0.0002247696111485727,0.0,Consumer Discretionary,mid
BBG011WFP5R9,down_exh,463,463,0.0021598272138228943,0.0,Consumer Discretionary,mid
BBG011WFP5R9,sup_hold,463,463,0.0021598272138228943,0.0,Consumer Discretionary,mid
BBG011WFP5R9,up_exh,463,463,0.0021598272138228943,0.0,Consumer Discretionary,mid
BBG011WFP5R9,res_hold,463,463,0.0021598272138228943,0.0,Consumer Discretionary,mid
BBG011WFP5R9,holding_balance,463,463,0.0021598272138228943,0.0,Consumer Discretionary,mid
BBG011WFP5R9,exhaustion_balance,463,463,0.0021598272138228943,0.0,Consumer Discretionary,mid
BBG011WFP5R9,a0_sd,463,463,0.0021598272138228943,0.0,Consumer Discretionary,mid
BBG000BLYJ29,down_exh,3002,3002,0.00033311125916055963,0.0,Consumer Discretionary,mid
BBG000BLYJ29,sup_hold,3002,3002,0.00033311125916055963,0.0,Consumer Discretionary,mid
BBG000BLYJ29,up_exh,3002,3002,0.00033311125916055963,0.0,Consumer Discretionary,mid
BBG000BLYJ29,res_hold,3002,3001,0.0006662225183211193,0.0,Consumer Discretionary,mid
BBG000BLYJ29,holding_balance,3002,3002,0.00033311125916055963,0.0,Consumer Discretionary,mid
BBG000BLYJ29,exhaustion_balance,3002,3002,0.00033311125916055963,0.0,Consumer Discretionary,mid
BBG000BLYJ29,a0_sd,3002,3002,0.00033311125916055963,0.0,Consumer Discretionary,mid
BBG000BLDXM9,down_exh,6393,6392,0.00031284217112466763,0.0,Consumer Discretionary,mid
BBG000BLDXM9,sup_hold,6393,6390,0.00031284217112466763,0.0,Consumer Discretionary,mid
BBG000BLDXM9,up_exh,6393,6393,0.00015642108556233381,0.0,Consumer Discretionary,mid
BBG000BLDXM9,res_hold,6393,6390,0.00031284217112466763,0.0,Consumer Discretionary,mid
BBG000BLDXM9,holding_balance,6393,6390,0.00031284217112466763,0.0,Consumer Discretionary,mid
BBG000BLDXM9,exhaustion_balance,6393,6393,0.00015642108556233381,0.0,Consumer Discretionary,mid
BBG000BLDXM9,a0_sd,6393,6392,0.00031284217112466763,0.0,Consumer Discretionary,mid
BBG00D8JC8J0,down_exh,1155,1155,0.0008658008658008658,0.0,Consumer Discretionary,mid
BBG00D8JC8J0,sup_hold,1155,1155,0.0008658008658008658,0.0,Consumer Discretionary,mid
BBG00D8JC8J0,up_exh,1155,1155,0.0008658008658008658,0.0,Consumer Discretionary,mid
BBG00D8JC8J0,res_hold,1155,1155,0.0008658008658008658,0.0,Consumer Discretionary,mid
BBG00D8JC8J0,holding_balance,1155,1155,0.0008658008658008658,0.0,Consumer Discretionary,mid
BBG00D8JC8J0,exhaustion_balance,1155,1155,0.0008658008658008658,0.0,Consumer Discretionary,mid
BBG00D8JC8J0,a0_sd,1155,1155,0.0008658008658008658,0.0,Consumer Discretionary,mid
BBG000BJ4D93,down_exh,6243,6243,0.00016017940092904052,0.0,Consumer Discretionary,mid
BBG000BJ4D93,sup_hold,6243,6243,0.00016017940092904052,0.0,Consumer Discretionary,mid
BBG000BJ4D93,up_exh,6243,6243,0.00016017940092904052,0.0,Consumer Discretionary,mid
BBG000BJ4D93,res_hold,6243,6242,0.00032035880185808104,0.0,Consumer Discretionary,mid
BBG000BJ4D93,holding_balance,6243,6243,0.00016017940092904052,0.0,Consumer Discretionary,mid
BBG000BJ4D93,exhaustion_balance,6243,6243,0.00016017940092904052,0.0,Consumer Discretionary,mid
BBG000BJ4D93,a0_sd,6243,6243,0.00016017940092904052,0.0,Consumer Discretionary,mid
BBG000BV6SQ2,down_exh,4122,4122,0.00024260067928190198,0.0,Consumer Discretionary,mid
BBG000BV6SQ2,sup_hold,4122,4122,0.00024260067928190198,0.0,Consumer Discretionary,mid
BBG000BV6SQ2,up_exh,4122,4122,0.00024260067928190198,0.0,Consumer Discretionary,mid
BBG000BV6SQ2,res_hold,4122,4122,0.00024260067928190198,0.0,Consumer Discretionary,mid
BBG000BV6SQ2,holding_balance,4122,4122,0.00024260067928190198,0.0,Consumer Discretionary,mid
BBG000BV6SQ2,exhaustion_balance,4122,4122,0.00024260067928190198,0.0,Consumer Discretionary,mid
BBG000BV6SQ2,a0_sd,4122,4122,0.00024260067928190198,0.0,Consumer Discretionary,mid
BBG004K1BZ88,down_exh,2474,2474,0.0004042037186742118,0.0,Consumer Staples,mid
BBG004K1BZ88,sup_hold,2474,2473,0.0008084074373484236,0.0,Consumer Staples,mid
BBG004K1BZ88,up_exh,2474,2474,0.0004042037186742118,0.0,Consumer Staples,mid
BBG004K1BZ88,res_hold,2474,2473,0.0008084074373484236,0.0,Consumer Staples,mid
BBG004K1BZ88,holding_balance,2474,2474,0.0004042037186742118,0.0,Consumer Staples,mid
BBG004K1BZ88,exhaustion_balance,2474,2474,0.0004042037186742118,0.0,Consumer Staples,mid
BBG004K1BZ88,a0_sd,2474,2474,0.0004042037186742118,0.0,Consumer Staples,mid
BBG009XW2WH2,down_exh,1928,1928,0.0005186721991701245,0.0,Consumer Staples,mid
BBG009XW2WH2,sup_hold,1928,1928,0.0005186721991701245,0.0,Consumer Staples,mid
BBG009XW2WH2,up_exh,1928,1928,0.0005186721991701245,0.0,Consumer Staples,mid
BBG009XW2WH2,res_hold,1928,1928,0.0005186721991701245,0.0,Consumer Staples,mid
BBG009XW2WH2,holding_balance,1928,1928,0.0005186721991701245,0.0,Consumer Staples,mid
BBG009XW2WH2,exhaustion_balance,1928,1928,0.0005186721991701245,0.0,Consumer Staples,mid
BBG009XW2WH2,a0_sd,1928,1928,0.0005186721991701245,0.0,Consumer Staples,mid
BBG00DQ6VYV6,down_exh,1062,1062,0.0009416195856873823,0.0,Consumer Staples,mid
BBG00DQ6VYV6,sup_hold,1062,1062,0.0009416195856873823,0.0,Consumer Staples,mid
BBG00DQ6VYV6,up_exh,1062,1062,0.0009416195856873823,0.0,Consumer Staples,mid
BBG00DQ6VYV6,res_hold,1062,1062,0.0009416195856873823,0.0,Consumer Staples,mid
BBG00DQ6VYV6,holding_balance,1062,1062,0.0009416195856873823,0.0,Consumer Staples,mid
BBG00DQ6VYV6,exhaustion_balance,1062,1062,0.0009416195856873823,0.0,Consumer Staples,mid
BBG00DQ6VYV6,a0_sd,1062,1062,0.0009416195856873823,0.0,Consumer Staples,mid
BBG000BN1XT1,down_exh,2623,2623,0.0003812428516965307,0.0,Consumer Staples,mid
BBG000BN1XT1,sup_hold,2623,2623,0.0003812428516965307,0.0,Consumer Staples,mid
BBG000BN1XT1,up_exh,2623,2623,0.0003812428516965307,0.0,Consumer Staples,mid
BBG000BN1XT1,res_hold,2623,2623,0.0003812428516965307,0.0,Consumer Staples,mid
BBG000BN1XT1,holding_balance,2623,2623,0.0003812428516965307,0.0,Consumer Staples,mid
BBG000BN1XT1,exhaustion_balance,2623,2623,0.0003812428516965307,0.0,Consumer Staples,mid
BBG000BN1XT1,a0_sd,2623,2623,0.0003812428516965307,0.0,Consumer Staples,mid
BBG00C6H6D95,down_exh,1764,1764,0.0005668934240362812,0.0,Consumer Staples,mid
BBG00C6H6D95,sup_hold,1764,1764,0.0005668934240362812,0.0,Consumer Staples,mid
BBG00C6H6D95,up_exh,1764,1764,0.0005668934240362812,0.0,Consumer Staples,mid
BBG00C6H6D95,res_hold,1764,1764,0.0005668934240362812,0.0,Consumer Staples,mid
BBG00C6H6D95,holding_balance,1764,1764,0.0005668934240362812,0.0,Consumer Staples,mid
BBG00C6H6D95,exhaustion_balance,1764,1764,0.0005668934240362812,0.0,Consumer Staples,mid
BBG00C6H6D95,a0_sd,1764,1764,0.0005668934240362812,0.0,Consumer Staples,mid
BBG00DL8NMZ8,down_exh,5468,5468,0.000182882223847842,0.0,Energy,mid
BBG00DL8NMZ8,sup_hold,5468,5465,0.000365764447695684,0.0,Energy,mid
BBG00DL8NMZ8,up_exh,5468,5468,0.000182882223847842,0.0,Energy,mid
BBG00DL8NMZ8,res_hold,5468,5466,0.000365764447695684,0.0,Energy,mid
BBG00DL8NMZ8,holding_balance,5468,5466,0.000365764447695684,0.0,Energy,mid
BBG00DL8NMZ8,exhaustion_balance,5468,5468,0.000182882223847842,0.0,Energy,mid
BBG00DL8NMZ8,a0_sd,5468,5468,0.000182882223847842,0.0,Energy,mid
BBG00R4SQJL1,down_exh,502,502,0.00199203187250996,0.0,Energy,mid
BBG00R4SQJL1,sup_hold,502,502,0.00199203187250996,0.0,Energy,mid
BBG00R4SQJL1,up_exh,502,502,0.00199203187250996,0.0,Energy,mid
BBG00R4SQJL1,res_hold,502,502,0.00199203187250996,0.0,Energy,mid
BBG00R4SQJL1,holding_balance,502,502,0.00199203187250996,0.0,Energy,mid
BBG00R4SQJL1,exhaustion_balance,502,502,0.00199203187250996,0.0,Energy,mid
BBG00R4SQJL1,a0_sd,502,502,0.00199203187250996,0.0,Energy,mid
BBG0142NR5N1,down_exh,4661,4661,0.00021454623471358077,0.0,Energy,mid
BBG0142NR5N1,sup_hold,4661,4659,0.00042909246942716153,0.0,Energy,mid
BBG0142NR5N1,up_exh,4661,4661,0.00021454623471358077,0.0,Energy,mid
BBG0142NR5N1,res_hold,4661,4660,0.00042909246942716153,0.0,Energy,mid
BBG0142NR5N1,holding_balance,4661,4660,0.00042909246942716153,0.0,Energy,mid
BBG0142NR5N1,exhaustion_balance,4661,4661,0.00021454623471358077,0.0,Energy,mid
BBG0142NR5N1,a0_sd,4661,4661,0.00021454623471358077,0.0,Energy,mid
BBG000BJXC48,down_exh,6393,6393,0.00015642108556233381,0.0,Energy,mid
BBG000BJXC48,sup_hold,6393,6393,0.00015642108556233381,0.0,Energy,mid
BBG000BJXC48,up_exh,6393,6393,0.00015642108556233381,0.0,Energy,mid
BBG000BJXC48,res_hold,6393,6392,0.00031284217112466763,0.0,Energy,mid
BBG000BJXC48,holding_balance,6393,6393,0.00015642108556233381,0.0,Energy,mid
BBG000BJXC48,exhaustion_balance,6393,6393,0.00015642108556233381,0.0,Energy,mid
BBG000BJXC48,a0_sd,6393,6393,0.00015642108556233381,0.0,Energy,mid
BBG001ZSF803,down_exh,2704,2704,0.0003698224852071006,0.0,Energy,mid
BBG001ZSF803,sup_hold,2704,2704,0.0003698224852071006,0.0,Energy,mid
BBG001ZSF803,up_exh,2704,2704,0.0003698224852071006,0.0,Energy,mid
BBG001ZSF803,res_hold,2704,2703,0.0007396449704142012,0.0,Energy,mid
BBG001ZSF803,holding_balance,2704,2704,0.0003698224852071006,0.0,Energy,mid
BBG001ZSF803,exhaustion_balance,2704,2704,0.0003698224852071006,0.0,Energy,mid
BBG001ZSF803,a0_sd,2704,2704,0.0003698224852071006,0.0,Energy,mid
BBG00CNYBQC0,down_exh,967,967,0.001034126163391934,0.0,Energy,mid
BBG00CNYBQC0,sup_hold,967,967,0.001034126163391934,0.0,Energy,mid
BBG00CNYBQC0,up_exh,967,966,0.002068252326783868,0.0,Energy,mid
BBG00CNYBQC0,res_hold,967,967,0.001034126163391934,0.0,Energy,mid
BBG00CNYBQC0,holding_balance,967,967,0.001034126163391934,0.0,Energy,mid
BBG00CNYBQC0,exhaustion_balance,967,967,0.001034126163391934,0.0,Energy,mid
BBG00CNYBQC0,a0_sd,967,967,0.001034126163391934,0.0,Energy,mid
BBG000FVXGF6,down_exh,5381,5381,0.00018583906337112061,0.0,Energy,mid
BBG000FVXGF6,sup_hold,5381,5379,0.00037167812674224123,0.0,Energy,mid
BBG000FVXGF6,up_exh,5381,5381,0.00018583906337112061,0.0,Energy,mid
BBG000FVXGF6,res_hold,5381,5381,0.00018583906337112061,0.0,Energy,mid
BBG000FVXGF6,holding_balance,5381,5381,0.00018583906337112061,0.0,Energy,mid
BBG000FVXGF6,exhaustion_balance,5381,5381,0.00018583906337112061,0.0,Energy,mid
BBG000FVXGF6,a0_sd,5381,5381,0.00018583906337112061,0.0,Energy,mid
BBG00GBNZ4R5,down_exh,1483,1483,0.0006743088334457181,0.0,Energy,mid
BBG00GBNZ4R5,sup_hold,1483,1481,0.0013486176668914363,0.0,Energy,mid
BBG00GBNZ4R5,up_exh,1483,1483,0.0006743088334457181,0.0,Energy,mid
BBG00GBNZ4R5,res_hold,1483,1483,0.0006743088334457181,0.0,Energy,mid
BBG00GBNZ4R5,holding_balance,1483,1483,0.0006743088334457181,0.0,Energy,mid
BBG00GBNZ4R5,exhaustion_balance,1483,1483,0.0006743088334457181,0.0,Energy,mid
BBG00GBNZ4R5,a0_sd,1483,1483,0.0006743088334457181,0.0,Energy,mid
BBG00TX3B2Y9,down_exh,751,751,0.0013315579227696406,0.0,Financials,mid
BBG00TX3B2Y9,sup_hold,751,751,0.0013315579227696406,0.0,Financials,mid
BBG00TX3B2Y9,up_exh,751,751,0.0013315579227696406,0.0,Financials,mid
BBG00TX3B2Y9,res_hold,751,751,0.0013315579227696406,0.0,Financials,mid
BBG00TX3B2Y9,holding_balance,751,751,0.0013315579227696406,0.0,Financials,mid
BBG00TX3B2Y9,exhaustion_balance,751,751,0.0013315579227696406,0.0,Financials,mid
BBG00TX3B2Y9,a0_sd,751,751,0.0013315579227696406,0.0,Financials,mid
BBG00J7CBVZ5,down_exh,1272,1272,0.0007861635220125787,0.0,Financials,mid
BBG00J7CBVZ5,sup_hold,1272,1272,0.0007861635220125787,0.0,Financials,mid
BBG00J7CBVZ5,up_exh,1272,1272,0.0007861635220125787,0.0,Financials,mid
BBG00J7CBVZ5,res_hold,1272,1272,0.0007861635220125787,0.0,Financials,mid
BBG00J7CBVZ5,holding_balance,1272,1272,0.0007861635220125787,0.0,Financials,mid
BBG00J7CBVZ5,exhaustion_balance,1272,1272,0.0007861635220125787,0.0,Financials,mid
BBG00J7CBVZ5,a0_sd,1272,1272,0.0007861635220125787,0.0,Financials,mid
BBG006N7S6P4,down_exh,2250,2250,0.00044444444444444447,0.0,Financials,mid
BBG006N7S6P4,sup_hold,2250,2250,0.00044444444444444447,0.0,Financials,mid
BBG006N7S6P4,up_exh,2250,2250,0.00044444444444444447,0.0,Financials,mid
BBG006N7S6P4,res_hold,2250,2250,0.00044444444444444447,0.0,Financials,mid
BBG006N7S6P4,holding_balance,2250,2250,0.00044444444444444447,0.0,Financials,mid
BBG006N7S6P4,exhaustion_balance,2250,2250,0.00044444444444444447,0.0,Financials,mid
BBG006N7S6P4,a0_sd,2250,2250,0.00044444444444444447,0.0,Financials,mid
BBG000CBDM35,down_exh,3729,3729,0.0002681684097613301,0.0,Financials,mid
BBG000CBDM35,sup_hold,3729,3729,0.0002681684097613301,0.0,Financials,mid
BBG000CBDM35,up_exh,3729,3729,0.0002681684097613301,0.0,Financials,mid
BBG000CBDM35,res_hold,3729,3729,0.0002681684097613301,0.0,Financials,mid
BBG000CBDM35,holding_balance,3729,3729,0.0002681684097613301,0.0,Financials,mid
BBG000CBDM35,exhaustion_balance,3729,3729,0.0002681684097613301,0.0,Financials,mid
BBG000CBDM35,a0_sd,3729,3729,0.0002681684097613301,0.0,Financials,mid
BBG00FX5C0T3,down_exh,1179,1179,0.0008481764206955047,0.0,Financials,mid
BBG00FX5C0T3,sup_hold,1179,1179,0.0008481764206955047,0.0,Financials,mid
BBG00FX5C0T3,up_exh,1179,1179,0.0008481764206955047,0.0,Financials,mid
BBG00FX5C0T3,res_hold,1179,1179,0.0008481764206955047,0.0,Financials,mid
BBG00FX5C0T3,holding_balance,1179,1179,0.0008481764206955047,0.0,Financials,mid
BBG00FX5C0T3,exhaustion_balance,1179,1179,0.0008481764206955047,0.0,Financials,mid
BBG00FX5C0T3,a0_sd,1179,1179,0.0008481764206955047,0.0,Financials,mid
BBG003MCYRP8,down_exh,2537,2537,0.00039416633819471815,0.0,Financials,mid
BBG003MCYRP8,sup_hold,2537,2537,0.00039416633819471815,0.0,Financials,mid
BBG003MCYRP8,up_exh,2537,2537,0.00039416633819471815,0.0,Financials,mid
BBG003MCYRP8,res_hold,2537,2537,0.00039416633819471815,0.0,Financials,mid
BBG003MCYRP8,holding_balance,2537,2537,0.00039416633819471815,0.0,Financials,mid
BBG003MCYRP8,exhaustion_balance,2537,2537,0.00039416633819471815,0.0,Financials,mid
BBG003MCYRP8,a0_sd,2537,2537,0.00039416633819471815,0.0,Financials,mid
BBG000BSZHF3,down_exh,1983,1983,0.0005042864346949068,0.0,Financials,mid
BBG000BSZHF3,sup_hold,1983,1983,0.0005042864346949068,0.0,Financials,mid
BBG000BSZHF3,up_exh,1983,1983,0.0005042864346949068,0.0,Financials,mid
BBG000BSZHF3,res_hold,1983,1983,0.0005042864346949068,0.0,Financials,mid
BBG000BSZHF3,holding_balance,1983,1983,0.0005042864346949068,0.0,Financials,mid
BBG000BSZHF3,exhaustion_balance,1983,1983,0.0005042864346949068,0.0,Financials,mid
BBG000BSZHF3,a0_sd,1983,1983,0.0005042864346949068,0.0,Financials,mid
BBG012FFPW24,down_exh,424,424,0.0023584905660377358,0.0,Financials,mid
BBG012FFPW24,sup_hold,424,424,0.0023584905660377358,0.0,Financials,mid
BBG012FFPW24,up_exh,424,424,0.0023584905660377358,0.0,Financials,mid
BBG012FFPW24,res_hold,424,424,0.0023584905660377358,0.0,Financials,mid
BBG012FFPW24,holding_balance,424,424,0.0023584905660377358,0.0,Financials,mid
BBG012FFPW24,exhaustion_balance,424,424,0.0023584905660377358,0.0,Financials,mid
BBG012FFPW24,a0_sd,424,424,0.0023584905660377358,0.0,Financials,mid
BBG000HD4TH6,down_exh,2945,2945,0.00033955857385398983,0.0,Financials,mid
BBG000HD4TH6,sup_hold,2945,2944,0.0006791171477079797,0.0,Financials,mid
BBG000HD4TH6,up_exh,2945,2945,0.00033955857385398983,0.0,Financials,mid
BBG000HD4TH6,res_hold,2945,2944,0.0006791171477079797,0.0,Financials,mid
BBG000HD4TH6,holding_balance,2945,2945,0.00033955857385398983,0.0,Financials,mid
BBG000HD4TH6,exhaustion_balance,2945,2945,0.00033955857385398983,0.0,Financials,mid
BBG000HD4TH6,a0_sd,2945,2945,0.00033955857385398983,0.0,Financials,mid
BBG000CBMKY5,down_exh,5694,5694,0.00017562346329469617,0.0,Financials,mid
BBG000CBMKY5,sup_hold,5694,5692,0.00035124692658939234,0.0,Financials,mid
BBG000CBMKY5,up_exh,5694,5694,0.00017562346329469617,0.0,Financials,mid
BBG000CBMKY5,res_hold,5694,5694,0.00017562346329469617,0.0,Financials,mid
BBG000CBMKY5,holding_balance,5694,5694,0.00017562346329469617,0.0,Financials,mid
BBG000CBMKY5,exhaustion_balance,5694,5694,0.00017562346329469617,0.0,Financials,mid
BBG000CBMKY5,a0_sd,5694,5694,0.00017562346329469617,0.0,Financials,mid
BBG000BP0BK4,down_exh,5312,5312,0.00018825301204819278,0.0,Financials,mid
BBG000BP0BK4,sup_hold,5312,5308,0.00037650602409638556,0.0,Financials,mid
BBG000BP0BK4,up_exh,5312,5312,0.00018825301204819278,0.0,Financials,mid
BBG000BP0BK4,res_hold,5312,5311,0.00037650602409638556,0.0,Financials,mid
BBG000BP0BK4,holding_balance,5312,5312,0.00018825301204819278,0.0,Financials,mid
BBG000BP0BK4,exhaustion_balance,5312,5312,0.00018825301204819278,0.0,Financials,mid
BBG000BP0BK4,a0_sd,5312,5312,0.00018825301204819278,0.0,Financials,mid
BBG016HJ8774,down_exh,177,177,0.005649717514124294,0.0,Financials,mid
BBG016HJ8774,sup_hold,177,177,0.005649717514124294,0.0,Financials,mid
BBG016HJ8774,up_exh,177,177,0.005649717514124294,0.0,Financials,mid
BBG016HJ8774,res_hold,177,177,0.005649717514124294,0.0,Financials,mid
BBG016HJ8774,holding_balance,177,177,0.005649717514124294,0.0,Financials,mid
BBG016HJ8774,exhaustion_balance,177,177,0.005649717514124294,0.0,Financials,mid
BBG016HJ8774,a0_sd,177,177,0.005649717514124294,0.0,Financials,mid
BBG000F0TJX3,down_exh,709,709,0.0014104372355430183,0.0,Health Care,mid
BBG000F0TJX3,sup_hold,709,709,0.0014104372355430183,0.0,Health Care,mid
BBG000F0TJX3,up_exh,709,709,0.0014104372355430183,0.0,Health Care,mid
BBG000F0TJX3,res_hold,709,709,0.0014104372355430183,0.0,Health Care,mid
BBG000F0TJX3,holding_balance,709,709,0.0014104372355430183,0.0,Health Care,mid
BBG000F0TJX3,exhaustion_balance,709,709,0.0014104372355430183,0.0,Health Care,mid
BBG000F0TJX3,a0_sd,709,709,0.0014104372355430183,0.0,Health Care,mid
BBG000BQKDV4,down_exh,1553,1553,0.000643915003219575,0.0,Health Care,mid
BBG000BQKDV4,sup_hold,1553,1553,0.000643915003219575,0.0,Health Care,mid
BBG000BQKDV4,up_exh,1553,1553,0.000643915003219575,0.0,Health Care,mid
BBG000BQKDV4,res_hold,1553,1553,0.000643915003219575,0.0,Health Care,mid
BBG000BQKDV4,holding_balance,1553,1553,0.000643915003219575,0.0,Health Care,mid
BBG000BQKDV4,exhaustion_balance,1553,1553,0.000643915003219575,0.0,Health Care,mid
BBG000BQKDV4,a0_sd,1553,1553,0.000643915003219575,0.0,Health Care,mid
BBG006MJJRM6,down_exh,2223,2222,0.000899685110211426,0.0,Health Care,mid
BBG006MJJRM6,sup_hold,2223,2223,0.000449842555105713,0.0,Health Care,mid
BBG006MJJRM6,up_exh,2223,2223,0.000449842555105713,0.0,Health Care,mid
BBG006MJJRM6,res_hold,2223,2223,0.000449842555105713,0.0,Health Care,mid
BBG006MJJRM6,holding_balance,2223,2223,0.000449842555105713,0.0,Health Care,mid
BBG006MJJRM6,exhaustion_balance,2223,2223,0.000449842555105713,0.0,Health Care,mid
BBG006MJJRM6,a0_sd,2223,2223,0.000449842555105713,0.0,Health Care,mid
BBG000BS4JZ1,down_exh,1999,1999,0.0005002501250625312,0.0,Health Care,mid
BBG000BS4JZ1,sup_hold,1999,1999,0.0005002501250625312,0.0,Health Care,mid
BBG000BS4JZ1,up_exh,1999,1999,0.0005002501250625312,0.0,Health Care,mid
BBG000BS4JZ1,res_hold,1999,1999,0.0005002501250625312,0.0,Health Care,mid
BBG000BS4JZ1,holding_balance,1999,1999,0.0005002501250625312,0.0,Health Care,mid
BBG000BS4JZ1,exhaustion_balance,1999,1999,0.0005002501250625312,0.0,Health Care,mid
BBG000BS4JZ1,a0_sd,1999,1999,0.0005002501250625312,0.0,Health Care,mid
BBG000GJTN99,down_exh,4296,4296,0.00023277467411545624,0.0,Health Care,mid
BBG000GJTN99,sup_hold,4296,4295,0.0004655493482309125,0.0,Health Care,mid
BBG000GJTN99,up_exh,4296,4296,0.00023277467411545624,0.0,Health Care,mid
BBG000GJTN99,res_hold,4296,4294,0.0004655493482309125,0.0,Health Care,mid
BBG000GJTN99,holding_balance,4296,4295,0.0004655493482309125,0.0,Health Care,mid
BBG000GJTN99,exhaustion_balance,4296,4296,0.00023277467411545624,0.0,Health Care,mid
BBG000GJTN99,a0_sd,4296,4296,0.00023277467411545624,0.0,Health Care,mid
BBG000DY3DH0,down_exh,2436,2436,0.00041050903119868636,0.0,Health Care,mid
BBG000DY3DH0,sup_hold,2436,2436,0.00041050903119868636,0.0,Health Care,mid
BBG000DY3DH0,up_exh,2436,2436,0.00041050903119868636,0.0,Health Care,mid
BBG000DY3DH0,res_hold,2436,2436,0.00041050903119868636,0.0,Health Care,mid
BBG000DY3DH0,holding_balance,2436,2436,0.00041050903119868636,0.0,Health Care,mid
BBG000DY3DH0,exhaustion_balance,2436,2436,0.00041050903119868636,0.0,Health Care,mid
BBG000DY3DH0,a0_sd,2436,2436,0.00041050903119868636,0.0,Health Care,mid
BBG00D6TMHS9,down_exh,1711,1711,0.0005844535359438924,0.0,Health Care,mid
BBG00D6TMHS9,sup_hold,1711,1711,0.0005844535359438924,0.0,Health Care,mid
BBG00D6TMHS9,up_exh,1711,1711,0.0005844535359438924,0.0,Health Care,mid
BBG00D6TMHS9,res_hold,1711,1711,0.0005844535359438924,0.0,Health Care,mid
BBG00D6TMHS9,holding_balance,1711,1711,0.0005844535359438924,0.0,Health Care,mid
BBG00D6TMHS9,exhaustion_balance,1711,1711,0.0005844535359438924,0.0,Health Care,mid
BBG00D6TMHS9,a0_sd,1711,1711,0.0005844535359438924,0.0,Health Care,mid
BBG000MBHPT5,down_exh,3189,3189,0.00031357792411414236,0.0,Health Care,mid
BBG000MBHPT5,sup_hold,3189,3189,0.00031357792411414236,0.0,Health Care,mid
BBG000MBHPT5,up_exh,3189,3189,0.00031357792411414236,0.0,Health Care,mid
BBG000MBHPT5,res_hold,3189,3189,0.00031357792411414236,0.0,Health Care,mid
BBG000MBHPT5,holding_balance,3189,3189,0.00031357792411414236,0.0,Health Care,mid
BBG000MBHPT5,exhaustion_balance,3189,3189,0.00031357792411414236,0.0,Health Care,mid
BBG000MBHPT5,a0_sd,3189,3189,0.00031357792411414236,0.0,Health Care,mid
BBG000CZB639,down_exh,2225,2225,0.00044943820224719103,0.0,Health Care,mid
BBG000CZB639,sup_hold,2225,2225,0.00044943820224719103,0.0,Health Care,mid
BBG000CZB639,up_exh,2225,2225,0.00044943820224719103,0.0,Health Care,mid
BBG000CZB639,res_hold,2225,2225,0.00044943820224719103,0.0,Health Care,mid
BBG000CZB639,holding_balance,2225,2225,0.00044943820224719103,0.0,Health Care,mid
BBG000CZB639,exhaustion_balance,2225,2225,0.00044943820224719103,0.0,Health Care,mid
BBG000CZB639,a0_sd,2225,2225,0.00044943820224719103,0.0,Health Care,mid
BBG000BRVV95,down_exh,2221,2221,0.00045024763619990995,0.0,Health Care,mid
BBG000BRVV95,sup_hold,2221,2221,0.00045024763619990995,0.0,Health Care,mid
BBG000BRVV95,up_exh,2221,2221,0.00045024763619990995,0.0,Health Care,mid
BBG000BRVV95,res_hold,2221,2221,0.00045024763619990995,0.0,Health Care,mid
BBG000BRVV95,holding_balance,2221,2221,0.00045024763619990995,0.0,Health Care,mid
BBG000BRVV95,exhaustion_balance,2221,2221,0.00045024763619990995,0.0,Health Care,mid
BBG000BRVV95,a0_sd,2221,2221,0.00045024763619990995,0.0,Health Care,mid
BBG000JD7618,down_exh,789,789,0.0012674271229404308,0.0,Industrials,mid
BBG000JD7618,sup_hold,789,789,0.0012674271229404308,0.0,Industrials,mid
BBG000JD7618,up_exh,789,789,0.0012674271229404308,0.0,Industrials,mid
BBG000JD7618,res_hold,789,789,0.0012674271229404308,0.0,Industrials,mid
BBG000JD7618,holding_balance,789,789,0.0012674271229404308,0.0,Industrials,mid
BBG000JD7618,exhaustion_balance,789,789,0.0012674271229404308,0.0,Industrials,mid
BBG000JD7618,a0_sd,789,789,0.0012674271229404308,0.0,Industrials,mid
BBG000GX2MC5,down_exh,1846,1846,0.0005417118093174431,0.0,Industrials,mid
BBG000GX2MC5,sup_hold,1846,1846,0.0005417118093174431,0.0,Industrials,mid
BBG000GX2MC5,up_exh,1846,1846,0.0005417118093174431,0.0,Industrials,mid
BBG000GX2MC5,res_hold,1846,1846,0.0005417118093174431,0.0,Industrials,mid
BBG000GX2MC5,holding_balance,1846,1846,0.0005417118093174431,0.0,Industrials,mid
BBG000GX2MC5,exhaustion_balance,1846,1846,0.0005417118093174431,0.0,Industrials,mid
BBG000GX2MC5,a0_sd,1846,1846,0.0005417118093174431,0.0,Industrials,mid
BBG000F61TD0,down_exh,3905,3905,0.00025608194622279127,0.0,Industrials,mid
BBG000F61TD0,sup_hold,3905,3905,0.00025608194622279127,0.0,Industrials,mid
BBG000F61TD0,up_exh,3905,3903,0.0005121638924455825,0.0,Industrials,mid
BBG000F61TD0,res_hold,3905,3905,0.00025608194622279127,0.0,Industrials,mid
BBG000F61TD0,holding_balance,3905,3904,0.0005121638924455825,0.0,Industrials,mid
BBG000F61TD0,exhaustion_balance,3905,3905,0.00025608194622279127,0.0,Industrials,mid
BBG000F61TD0,a0_sd,3905,3905,0.00025608194622279127,0.0,Industrials,mid
BBG000BB2YV1,down_exh,5509,5509,0.0001815211472136504,0.0,Industrials,mid
BBG000BB2YV1,sup_hold,5509,5508,0.0003630422944273008,0.0,Industrials,mid
BBG000BB2YV1,up_exh,5509,5509,0.0001815211472136504,0.0,Industrials,mid
BBG000BB2YV1,res_hold,5509,5508,0.0003630422944273008,0.0,Industrials,mid
BBG000BB2YV1,holding_balance,5509,5508,0.0003630422944273008,0.0,Industrials,mid
BBG000BB2YV1,exhaustion_balance,5509,5509,0.0001815211472136504,0.0,Industrials,mid
BBG000BB2YV1,a0_sd,5509,5509,0.0001815211472136504,0.0,Industrials,mid
BBG00GNT79D4,down_exh,1287,1287,0.000777000777000777,0.0,Industrials,mid
BBG00GNT79D4,sup_hold,1287,1287,0.000777000777000777,0.0,Industrials,mid
BBG00GNT79D4,up_exh,1287,1287,0.000777000777000777,0.0,Industrials,mid
BBG00GNT79D4,res_hold,1287,1287,0.000777000777000777,0.0,Industrials,mid
BBG00GNT79D4,holding_balance,1287,1287,0.000777000777000777,0.0,Industrials,mid
BBG00GNT79D4,exhaustion_balance,1287,1287,0.000777000777000777,0.0,Industrials,mid
BBG00GNT79D4,a0_sd,1287,1287,0.000777000777000777,0.0,Industrials,mid
BBG000C3VQG0,down_exh,781,781,0.0012804097311139564,0.0,Industrials,mid
BBG000C3VQG0,sup_hold,781,781,0.0012804097311139564,0.0,Industrials,mid
BBG000C3VQG0,up_exh,781,781,0.0012804097311139564,0.0,Industrials,mid
BBG000C3VQG0,res_hold,781,781,0.0012804097311139564,0.0,Industrials,mid
BBG000C3VQG0,holding_balance,781,781,0.0012804097311139564,0.0,Industrials,mid
BBG000C3VQG0,exhaustion_balance,781,781,0.0012804097311139564,0.0,Industrials,mid
BBG000C3VQG0,a0_sd,781,781,0.0012804097311139564,0.0,Industrials,mid
BBG000BWBBX3,down_exh,3380,3380,0.0002958579881656805,0.0,Industrials,mid
BBG000BWBBX3,sup_hold,3380,3379,0.000591715976331361,0.0,Industrials,mid
BBG000BWBBX3,up_exh,3380,3380,0.0002958579881656805,0.0,Industrials,mid
BBG000BWBBX3,res_hold,3380,3379,0.000591715976331361,0.0,Industrials,mid
BBG000BWBBX3,holding_balance,3380,3379,0.000591715976331361,0.0,Industrials,mid
BBG000BWBBX3,exhaustion_balance,3380,3380,0.0002958579881656805,0.0,Industrials,mid
BBG000BWBBX3,a0_sd,3380,3380,0.0002958579881656805,0.0,Industrials,mid
BBG000FFH7Y8,down_exh,6021,6021,0.00016608536787908985,0.0,Industrials,mid
BBG000FFH7Y8,sup_hold,6021,6021,0.00016608536787908985,0.0,Industrials,mid
BBG000FFH7Y8,up_exh,6021,6021,0.00016608536787908985,0.0,Industrials,mid
BBG000FFH7Y8,res_hold,6021,6021,0.00016608536787908985,0.0,Industrials,mid
BBG000FFH7Y8,holding_balance,6021,6021,0.00016608536787908985,0.0,Industrials,mid
BBG000FFH7Y8,exhaustion_balance,6021,6021,0.00016608536787908985,0.0,Industrials,mid
BBG000FFH7Y8,a0_sd,6021,6021,0.00016608536787908985,0.0,Industrials,mid
BBG000BJ5KS5,down_exh,4925,4925,0.0002030456852791878,0.0,Industrials,mid
BBG000BJ5KS5,sup_hold,4925,4925,0.0002030456852791878,0.0,Industrials,mid
BBG000BJ5KS5,up_exh,4925,4925,0.0002030456852791878,0.0,Industrials,mid
BBG000BJ5KS5,res_hold,4925,4925,0.0002030456852791878,0.0,Industrials,mid
BBG000BJ5KS5,holding_balance,4925,4925,0.0002030456852791878,0.0,Industrials,mid
BBG000BJ5KS5,exhaustion_balance,4925,4925,0.0002030456852791878,0.0,Industrials,mid
BBG000BJ5KS5,a0_sd,4925,4925,0.0002030456852791878,0.0,Industrials,mid
BBG000BGGG80,down_exh,4830,4830,0.00020703933747412008,0.0,Industrials,mid
BBG000BGGG80,sup_hold,4830,4829,0.00041407867494824016,0.0,Industrials,mid
BBG000BGGG80,up_exh,4830,4830,0.00020703933747412008,0.0,Industrials,mid
BBG000BGGG80,res_hold,4830,4830,0.00020703933747412008,0.0,Industrials,mid
BBG000BGGG80,holding_balance,4830,4830,0.00020703933747412008,0.0,Industrials,mid
BBG000BGGG80,exhaustion_balance,4830,4830,0.00020703933747412008,0.0,Industrials,mid
BBG000BGGG80,a0_sd,4830,4830,0.00020703933747412008,0.0,Industrials,mid
BBG000C7C8F3,down_exh,5570,5570,0.00017953321364452425,0.0,Industrials,mid
BBG000C7C8F3,sup_hold,5570,5569,0.0003590664272890485,0.0,Industrials,mid
BBG000C7C8F3,up_exh,5570,5570,0.00017953321364452425,0.0,Industrials,mid
BBG000C7C8F3,res_hold,5570,5569,0.0003590664272890485,0.0,Industrials,mid
BBG000C7C8F3,holding_balance,5570,5570,0.00017953321364452425,0.0,Industrials,mid
BBG000C7C8F3,exhaustion_balance,5570,5570,0.00017953321364452425,0.0,Industrials,mid
BBG000C7C8F3,a0_sd,5570,5570,0.00017953321364452425,0.0,Industrials,mid
BBG000BPDYJ2,down_exh,1409,1409,0.0007097232079489,0.0,Industrials,mid
BBG000BPDYJ2,sup_hold,1409,1409,0.0007097232079489,0.0,Industrials,mid
BBG000BPDYJ2,up_exh,1409,1409,0.0007097232079489,0.0,Industrials,mid
BBG000BPDYJ2,res_hold,1409,1409,0.0007097232079489,0.0,Industrials,mid
BBG000BPDYJ2,holding_balance,1409,1409,0.0007097232079489,0.0,Industrials,mid
BBG000BPDYJ2,exhaustion_balance,1409,1409,0.0007097232079489,0.0,Industrials,mid
BBG000BPDYJ2,a0_sd,1409,1409,0.0007097232079489,0.0,Industrials,mid
BBG00NWC5J00,down_exh,914,914,0.0010940919037199124,0.0,Industrials,mid
BBG00NWC5J00,sup_hold,914,914,0.0010940919037199124,0.0,Industrials,mid
BBG00NWC5J00,up_exh,914,914,0.0010940919037199124,0.0,Industrials,mid
BBG00NWC5J00,res_hold,914,914,0.0010940919037199124,0.0,Industrials,mid
BBG00NWC5J00,holding_balance,914,914,0.0010940919037199124,0.0,Industrials,mid
BBG00NWC5J00,exhaustion_balance,914,914,0.0010940919037199124,0.0,Industrials,mid
BBG00NWC5J00,a0_sd,914,914,0.0010940919037199124,0.0,Industrials,mid
BBG000LC2KK0,down_exh,5547,5547,0.0001802776275464215,0.0,Industrials,mid
BBG000LC2KK0,sup_hold,5547,5547,0.0001802776275464215,0.0,Industrials,mid
BBG000LC2KK0,up_exh,5547,5547,0.0001802776275464215,0.0,Industrials,mid
BBG000LC2KK0,res_hold,5547,5547,0.0001802776275464215,0.0,Industrials,mid
BBG000LC2KK0,holding_balance,5547,5547,0.0001802776275464215,0.0,Industrials,mid
BBG000LC2KK0,exhaustion_balance,5547,5547,0.0001802776275464215,0.0,Industrials,mid
BBG000LC2KK0,a0_sd,5547,5547,0.0001802776275464215,0.0,Industrials,mid
BBG000BLMGR1,down_exh,4181,4181,0.00023917723032767282,0.0,Industrials,mid
BBG000BLMGR1,sup_hold,4181,4181,0.00023917723032767282,0.0,Industrials,mid
BBG000BLMGR1,up_exh,4181,4181,0.00023917723032767282,0.0,Industrials,mid
BBG000BLMGR1,res_hold,4181,4181,0.00023917723032767282,0.0,Industrials,mid
BBG000BLMGR1,holding_balance,4181,4181,0.00023917723032767282,0.0,Industrials,mid
BBG000BLMGR1,exhaustion_balance,4181,4181,0.00023917723032767282,0.0,Industrials,mid
BBG000BLMGR1,a0_sd,4181,4181,0.00023917723032767282,0.0,Industrials,mid
BBG000K88MW7,down_exh,3566,3566,0.00028042624789680314,0.0,Industrials,mid
BBG000K88MW7,sup_hold,3566,3566,0.00028042624789680314,0.0,Industrials,mid
BBG000K88MW7,up_exh,3566,3566,0.00028042624789680314,0.0,Industrials,mid
BBG000K88MW7,res_hold,3566,3564,0.0005608524957936063,0.0,Industrials,mid
BBG000K88MW7,holding_balance,3566,3566,0.00028042624789680314,0.0,Industrials,mid
BBG000K88MW7,exhaustion_balance,3566,3566,0.00028042624789680314,0.0,Industrials,mid
BBG000K88MW7,a0_sd,3566,3566,0.00028042624789680314,0.0,Industrials,mid
BBG000BV9856,down_exh,5606,5606,0.00017838030681412772,0.0,Industrials,mid
BBG000BV9856,sup_hold,5606,5604,0.00035676061362825543,0.0,Industrials,mid
BBG000BV9856,up_exh,5606,5606,0.00017838030681412772,0.0,Industrials,mid
BBG000BV9856,res_hold,5606,5605,0.00035676061362825543,0.0,Industrials,mid
BBG000BV9856,holding_balance,5606,5605,0.00035676061362825543,0.0,Industrials,mid
BBG000BV9856,exhaustion_balance,5606,5606,0.00017838030681412772,0.0,Industrials,mid
BBG000BV9856,a0_sd,5606,5606,0.00017838030681412772,0.0,Industrials,mid
BBG0033BHTJ3,down_exh,2120,2120,0.0004716981132075472,0.0,Information Technology,mid
BBG0033BHTJ3,sup_hold,2120,2120,0.0004716981132075472,0.0,Information Technology,mid
BBG0033BHTJ3,up_exh,2120,2120,0.0004716981132075472,0.0,Information Technology,mid
BBG0033BHTJ3,res_hold,2120,2120,0.0004716981132075472,0.0,Information Technology,mid
BBG0033BHTJ3,holding_balance,2120,2120,0.0004716981132075472,0.0,Information Technology,mid
BBG0033BHTJ3,exhaustion_balance,2120,2120,0.0004716981132075472,0.0,Information Technology,mid
BBG0033BHTJ3,a0_sd,2120,2120,0.0004716981132075472,0.0,Information Technology,mid
BBG000BHC504,down_exh,2704,2704,0.0003698224852071006,0.0,Information Technology,mid
BBG000BHC504,sup_hold,2704,2704,0.0003698224852071006,0.0,Information Technology,mid
BBG000BHC504,up_exh,2704,2704,0.0003698224852071006,0.0,Information Technology,mid
BBG000BHC504,res_hold,2704,2704,0.0003698224852071006,0.0,Information Technology,mid
BBG000BHC504,holding_balance,2704,2704,0.0003698224852071006,0.0,Information Technology,mid
BBG000BHC504,exhaustion_balance,2704,2704,0.0003698224852071006,0.0,Information Technology,mid
BBG000BHC504,a0_sd,2704,2704,0.0003698224852071006,0.0,Information Technology,mid
BBG000CL9LT2,down_exh,1675,1675,0.0005970149253731343,0.0,Information Technology,mid
BBG000CL9LT2,sup_hold,1675,1675,0.0005970149253731343,0.0,Information Technology,mid
BBG000CL9LT2,up_exh,1675,1675,0.0005970149253731343,0.0,Information Technology,mid
BBG000CL9LT2,res_hold,1675,1675,0.0005970149253731343,0.0,Information Technology,mid
BBG000CL9LT2,holding_balance,1675,1675,0.0005970149253731343,0.0,Information Technology,mid
BBG000CL9LT2,exhaustion_balance,1675,1675,0.0005970149253731343,0.0,Information Technology,mid
BBG000CL9LT2,a0_sd,1675,1675,0.0005970149253731343,0.0,Information Technology,mid
BBG000BVMR86,down_exh,3030,3030,0.00033003300330033004,0.0,Information Technology,mid
BBG000BVMR86,sup_hold,3030,3030,0.00033003300330033004,0.0,Information Technology,mid
BBG000BVMR86,up_exh,3030,3030,0.00033003300330033004,0.0,Information Technology,mid
BBG000BVMR86,res_hold,3030,3030,0.00033003300330033004,0.0,Information Technology,mid
BBG000BVMR86,holding_balance,3030,3030,0.00033003300330033004,0.0,Information Technology,mid
BBG000BVMR86,exhaustion_balance,3030,3030,0.00033003300330033004,0.0,Information Technology,mid
BBG000BVMR86,a0_sd,3030,3029,0.0006600660066006601,0.0,Information Technology,mid
BBG00RRGSJW8,down_exh,673,673,0.0014858841010401188,0.0,Information Technology,mid
BBG00RRGSJW8,sup_hold,673,673,0.0014858841010401188,0.0,Information Technology,mid
BBG00RRGSJW8,up_exh,673,673,0.0014858841010401188,0.0,Information Technology,mid
BBG00RRGSJW8,res_hold,673,673,0.0014858841010401188,0.0,Information Technology,mid
BBG00RRGSJW8,holding_balance,673,673,0.0014858841010401188,0.0,Information Technology,mid
BBG00RRGSJW8,exhaustion_balance,673,673,0.0014858841010401188,0.0,Information Technology,mid
BBG00RRGSJW8,a0_sd,673,673,0.0014858841010401188,0.0,Information Technology,mid
BBG000FKP386,down_exh,2999,2999,0.00033344448149383126,0.0,Information Technology,mid
BBG000FKP386,sup_hold,2999,2999,0.00033344448149383126,0.0,Information Technology,mid
BBG000FKP386,up_exh,2999,2999,0.00033344448149383126,0.0,Information Technology,mid
BBG000FKP386,res_hold,2999,2998,0.0006668889629876625,0.0,Information Technology,mid
BBG000FKP386,holding_balance,2999,2999,0.00033344448149383126,0.0,Information Technology,mid
BBG000FKP386,exhaustion_balance,2999,2999,0.00033344448149383126,0.0,Information Technology,mid
BBG000FKP386,a0_sd,2999,2999,0.00033344448149383126,0.0,Information Technology,mid
BBG00KGGQ628,down_exh,1281,1281,0.00078064012490242,0.0,Information Technology,mid
BBG00KGGQ628,sup_hold,1281,1281,0.00078064012490242,0.0,Information Technology,mid
BBG00KGGQ628,up_exh,1281,1281,0.00078064012490242,0.0,Information Technology,mid
BBG00KGGQ628,res_hold,1281,1281,0.00078064012490242,0.0,Information Technology,mid
BBG00KGGQ628,holding_balance,1281,1281,0.00078064012490242,0.0,Information Technology,mid
BBG00KGGQ628,exhaustion_balance,1281,1281,0.00078064012490242,0.0,Information Technology,mid
BBG00KGGQ628,a0_sd,1281,1281,0.00078064012490242,0.0,Information Technology,mid
BBG00ZGF6SX7,down_exh,550,550,0.0018181818181818182,0.0,Information Technology,mid
BBG00ZGF6SX7,sup_hold,550,550,0.0018181818181818182,0.0,Information Technology,mid
BBG00ZGF6SX7,up_exh,550,550,0.0018181818181818182,0.0,Information Technology,mid
BBG00ZGF6SX7,res_hold,550,550,0.0018181818181818182,0.0,Information Technology,mid
BBG00ZGF6SX7,holding_balance,550,550,0.0018181818181818182,0.0,Information Technology,mid
BBG00ZGF6SX7,exhaustion_balance,550,550,0.0018181818181818182,0.0,Information Technology,mid
BBG00ZGF6SX7,a0_sd,550,550,0.0018181818181818182,0.0,Information Technology,mid
BBG000BG8N20,down_exh,3779,3779,0.0002646202699126753,0.0,Information Technology,mid
BBG000BG8N20,sup_hold,3779,3779,0.0002646202699126753,0.0,Information Technology,mid
BBG000BG8N20,up_exh,3779,3778,0.0005292405398253506,0.0,Information Technology,mid
BBG000BG8N20,res_hold,3779,3779,0.0002646202699126753,0.0,Information Technology,mid
BBG000BG8N20,holding_balance,3779,3778,0.0005292405398253506,0.0,Information Technology,mid
BBG000BG8N20,exhaustion_balance,3779,3779,0.0002646202699126753,0.0,Information Technology,mid
BBG000BG8N20,a0_sd,3779,3779,0.0002646202699126753,0.0,Information Technology,mid
BBG000C2DFZ5,down_exh,2022,2022,0.0004945598417408506,0.0,Information Technology,mid
BBG000C2DFZ5,sup_hold,2022,2022,0.0004945598417408506,0.0,Information Technology,mid
BBG000C2DFZ5,up_exh,2022,2022,0.0004945598417408506,0.0,Information Technology,mid
BBG000C2DFZ5,res_hold,2022,2022,0.0004945598417408506,0.0,Information Technology,mid
BBG000C2DFZ5,holding_balance,2022,2022,0.0004945598417408506,0.0,Information Technology,mid
BBG000C2DFZ5,exhaustion_balance,2022,2022,0.0004945598417408506,0.0,Information Technology,mid
BBG000C2DFZ5,a0_sd,2022,2022,0.0004945598417408506,0.0,Information Technology,mid
BBG000C8NKJ8,down_exh,2210,2210,0.00045248868778280545,0.0,Materials,mid
BBG000C8NKJ8,sup_hold,2210,2210,0.00045248868778280545,0.0,Materials,mid
BBG000C8NKJ8,up_exh,2210,2210,0.00045248868778280545,0.0,Materials,mid
BBG000C8NKJ8,res_hold,2210,2210,0.00045248868778280545,0.0,Materials,mid
BBG000C8NKJ8,holding_balance,2210,2210,0.00045248868778280545,0.0,Materials,mid
BBG000C8NKJ8,exhaustion_balance,2210,2210,0.00045248868778280545,0.0,Materials,mid
BBG000C8NKJ8,a0_sd,2210,2210,0.00045248868778280545,0.0,Materials,mid
BBG000BL5Y00,down_exh,2689,2689,0.0003718854592785422,0.0,Materials,mid
BBG000BL5Y00,sup_hold,2689,2688,0.0007437709185570844,0.0,Materials,mid
BBG000BL5Y00,up_exh,2689,2689,0.0003718854592785422,0.0,Materials,mid
BBG000BL5Y00,res_hold,2689,2688,0.0007437709185570844,0.0,Materials,mid
BBG000BL5Y00,holding_balance,2689,2688,0.0007437709185570844,0.0,Materials,mid
BBG000BL5Y00,exhaustion_balance,2689,2689,0.0003718854592785422,0.0,Materials,mid
BBG000BL5Y00,a0_sd,2689,2689,0.0003718854592785422,0.0,Materials,mid
BBG000BLFQH8,down_exh,801,801,0.0012484394506866417,0.0,Materials,mid
BBG000BLFQH8,sup_hold,801,800,0.0024968789013732834,0.0,Materials,mid
BBG000BLFQH8,up_exh,801,801,0.0012484394506866417,0.0,Materials,mid
BBG000BLFQH8,res_hold,801,801,0.0012484394506866417,0.0,Materials,mid
BBG000BLFQH8,holding_balance,801,800,0.0024968789013732834,0.0,Materials,mid
BBG000BLFQH8,exhaustion_balance,801,800,0.0024968789013732834,0.0,Materials,mid
BBG000BLFQH8,a0_sd,801,800,0.0024968789013732834,0.0,Materials,mid
BBG000BS5937,down_exh,5169,5169,0.0001934610176049526,0.0,Materials,mid
BBG000BS5937,sup_hold,5169,5169,0.0001934610176049526,0.0,Materials,mid
BBG000BS5937,up_exh,5169,5169,0.0001934610176049526,0.0,Materials,mid
BBG000BS5937,res_hold,5169,5169,0.0001934610176049526,0.0,Materials,mid
BBG000BS5937,holding_balance,5169,5169,0.0001934610176049526,0.0,Materials,mid
BBG000BS5937,exhaustion_balance,5169,5169,0.0001934610176049526,0.0,Materials,mid
BBG000BS5937,a0_sd,5169,5169,0.0001934610176049526,0.0,Materials,mid
BBG000PXZGY8,down_exh,3741,3741,0.0002673082063619353,0.0,Materials,mid
BBG000PXZGY8,sup_hold,3741,3741,0.0002673082063619353,0.0,Materials,mid
BBG000PXZGY8,up_exh,3741,3741,0.0002673082063619353,0.0,Materials,mid
BBG000PXZGY8,res_hold,3741,3741,0.0002673082063619353,0.0,Materials,mid
BBG000PXZGY8,holding_balance,3741,3741,0.0002673082063619353,0.0,Materials,mid
BBG000PXZGY8,exhaustion_balance,3741,3741,0.0002673082063619353,0.0,Materials,mid
BBG000PXZGY8,a0_sd,3741,3741,0.0002673082063619353,0.0,Materials,mid
BBG000CJ2332,down_exh,5614,5614,0.00017812611328820805,0.0,Materials,mid
BBG000CJ2332,sup_hold,5614,5614,0.00017812611328820805,0.0,Materials,mid
BBG000CJ2332,up_exh,5614,5614,0.00017812611328820805,0.0,Materials,mid
BBG000CJ2332,res_hold,5614,5614,0.00017812611328820805,0.0,Materials,mid
BBG000CJ2332,holding_balance,5614,5613,0.0003562522265764161,0.0,Materials,mid
BBG000CJ2332,exhaustion_balance,5614,5614,0.00017812611328820805,0.0,Materials,mid
BBG000CJ2332,a0_sd,5614,5614,0.00017812611328820805,0.0,Materials,mid
BBG000BGX4L3,down_exh,3155,3155,0.0003169572107765452,0.0,Materials,mid
BBG000BGX4L3,sup_hold,3155,3155,0.0003169572107765452,0.0,Materials,mid
BBG000BGX4L3,up_exh,3155,3154,0.0006339144215530904,0.0,Materials,mid
BBG000BGX4L3,res_hold,3155,3155,0.0003169572107765452,0.0,Materials,mid
BBG000BGX4L3,holding_balance,3155,3155,0.0003169572107765452,0.0,Materials,mid
BBG000BGX4L3,exhaustion_balance,3155,3155,0.0003169572107765452,0.0,Materials,mid
BBG000BGX4L3,a0_sd,3155,3155,0.0003169572107765452,0.0,Materials,mid
BBG000BJW438,down_exh,4812,4812,0.00020781379883624273,0.0,Materials,mid
BBG000BJW438,sup_hold,4812,4812,0.00020781379883624273,0.0,Materials,mid
BBG000BJW438,up_exh,4812,4812,0.00020781379883624273,0.0,Materials,mid
BBG000BJW438,res_hold,4812,4812,0.00020781379883624273,0.0,Materials,mid
BBG000BJW438,holding_balance,4812,4812,0.00020781379883624273,0.0,Materials,mid
BBG000BJW438,exhaustion_balance,4812,4812,0.00020781379883624273,0.0,Materials,mid
BBG000BJW438,a0_sd,4812,4812,0.00020781379883624273,0.0,Materials,mid
BBG000DCPNF4,down_exh,5004,5004,0.00019984012789768185,0.0,Materials,mid
BBG000DCPNF4,sup_hold,5004,5003,0.0003996802557953637,0.0,Materials,mid
BBG000DCPNF4,up_exh,5004,5004,0.00019984012789768185,0.0,Materials,mid
BBG000DCPNF4,res_hold,5004,5004,0.00019984012789768185,0.0,Materials,mid
BBG000DCPNF4,holding_balance,5004,5004,0.00019984012789768185,0.0,Materials,mid
BBG000DCPNF4,exhaustion_balance,5004,5004,0.00019984012789768185,0.0,Materials,mid
BBG000DCPNF4,a0_sd,5004,5004,0.00019984012789768185,0.0,Materials,mid
BBG000CKGGX2,down_exh,4051,4051,0.00024685262898049864,0.0,Real Estate,mid
BBG000CKGGX2,sup_hold,4051,4049,0.0004937052579609973,0.0,Real Estate,mid
BBG000CKGGX2,up_exh,4051,4051,0.00024685262898049864,0.0,Real Estate,mid
BBG000CKGGX2,res_hold,4051,4050,0.0004937052579609973,0.0,Real Estate,mid
BBG000CKGGX2,holding_balance,4051,4050,0.0004937052579609973,0.0,Real Estate,mid
BBG000CKGGX2,exhaustion_balance,4051,4050,0.0004937052579609973,0.0,Real Estate,mid
BBG000CKGGX2,a0_sd,4051,4051,0.00024685262898049864,0.0,Real Estate,mid
BBG00FGXCK17,down_exh,1624,1624,0.0006157635467980296,0.0,Real Estate,mid
BBG00FGXCK17,sup_hold,1624,1623,0.0012315270935960591,0.0,Real Estate,mid
BBG00FGXCK17,up_exh,1624,1624,0.0006157635467980296,0.0,Real Estate,mid
BBG00FGXCK17,res_hold,1624,1624,0.0006157635467980296,0.0,Real Estate,mid
BBG00FGXCK17,holding_balance,1624,1624,0.0006157635467980296,0.0,Real Estate,mid
BBG00FGXCK17,exhaustion_balance,1624,1624,0.0006157635467980296,0.0,Real Estate,mid
BBG00FGXCK17,a0_sd,1624,1624,0.0006157635467980296,0.0,Real Estate,mid
BBG000BGBW71,down_exh,4403,4403,0.0002271178741766977,0.0,Real Estate,mid
BBG000BGBW71,sup_hold,4403,4401,0.0004542357483533954,0.0,Real Estate,mid
BBG000BGBW71,up_exh,4403,4403,0.0002271178741766977,0.0,Real Estate,mid
BBG000BGBW71,res_hold,4403,4403,0.0002271178741766977,0.0,Real Estate,mid
BBG000BGBW71,holding_balance,4403,4403,0.0002271178741766977,0.0,Real Estate,mid
BBG000BGBW71,exhaustion_balance,4403,4403,0.0002271178741766977,0.0,Real Estate,mid
BBG000BGBW71,a0_sd,4403,4403,0.0002271178741766977,0.0,Real Estate,mid
BBG004MB8398,down_exh,2044,2044,0.0004892367906066536,0.0,Real Estate,mid
BBG004MB8398,sup_hold,2044,2044,0.0004892367906066536,0.0,Real Estate,mid
BBG004MB8398,up_exh,2044,2044,0.0004892367906066536,0.0,Real Estate,mid
BBG004MB8398,res_hold,2044,2044,0.0004892367906066536,0.0,Real Estate,mid
BBG004MB8398,holding_balance,2044,2044,0.0004892367906066536,0.0,Real Estate,mid
BBG004MB8398,exhaustion_balance,2044,2044,0.0004892367906066536,0.0,Real Estate,mid
BBG004MB8398,a0_sd,2044,2044,0.0004892367906066536,0.0,Real Estate,mid
BBG000C2L3M7,down_exh,5441,5441,0.0001837897445322551,0.0,Real Estate,mid
BBG000C2L3M7,sup_hold,5441,5441,0.0001837897445322551,0.0,Real Estate,mid
BBG000C2L3M7,up_exh,5441,5441,0.0001837897445322551,0.0,Real Estate,mid
BBG000C2L3M7,res_hold,5441,5441,0.0001837897445322551,0.0,Real Estate,mid
BBG000C2L3M7,holding_balance,5441,5441,0.0001837897445322551,0.0,Real Estate,mid
BBG000C2L3M7,exhaustion_balance,5441,5441,0.0001837897445322551,0.0,Real Estate,mid
BBG000C2L3M7,a0_sd,5441,5441,0.0001837897445322551,0.0,Real Estate,mid
BBG000BCQPL3,down_exh,2742,2742,0.00036469730123997083,0.0,Real Estate,mid
BBG000BCQPL3,sup_hold,2742,2742,0.00036469730123997083,0.0,Real Estate,mid
BBG000BCQPL3,up_exh,2742,2742,0.00036469730123997083,0.0,Real Estate,mid
BBG000BCQPL3,res_hold,2742,2742,0.00036469730123997083,0.0,Real Estate,mid
BBG000BCQPL3,holding_balance,2742,2742,0.00036469730123997083,0.0,Real Estate,mid
BBG000BCQPL3,exhaustion_balance,2742,2742,0.00036469730123997083,0.0,Real Estate,mid
BBG000BCQPL3,a0_sd,2742,2742,0.00036469730123997083,0.0,Real Estate,mid
BBG004X82BC7,down_exh,2474,2474,0.0004042037186742118,0.0,Real Estate,mid
BBG004X82BC7,sup_hold,2474,2474,0.0004042037186742118,0.0,Real Estate,mid
BBG004X82BC7,up_exh,2474,2474,0.0004042037186742118,0.0,Real Estate,mid
BBG004X82BC7,res_hold,2474,2474,0.0004042037186742118,0.0,Real Estate,mid
BBG004X82BC7,holding_balance,2474,2474,0.0004042037186742118,0.0,Real Estate,mid
BBG004X82BC7,exhaustion_balance,2474,2474,0.0004042037186742118,0.0,Real Estate,mid
BBG004X82BC7,a0_sd,2474,2474,0.0004042037186742118,0.0,Real Estate,mid
BBG000BHRDX5,down_exh,2253,2253,0.0004438526409232135,0.0,Real Estate,mid
BBG000BHRDX5,sup_hold,2253,2253,0.0004438526409232135,0.0,Real Estate,mid
BBG000BHRDX5,up_exh,2253,2253,0.0004438526409232135,0.0,Real Estate,mid
BBG000BHRDX5,res_hold,2253,2253,0.0004438526409232135,0.0,Real Estate,mid
BBG000BHRDX5,holding_balance,2253,2253,0.0004438526409232135,0.0,Real Estate,mid
BBG000BHRDX5,exhaustion_balance,2253,2253,0.0004438526409232135,0.0,Real Estate,mid
BBG000BHRDX5,a0_sd,2253,2253,0.0004438526409232135,0.0,Real Estate,mid
BBG000CLQ3T3,down_exh,4931,4931,0.00020279862096937742,0.0,Real Estate,mid
BBG000CLQ3T3,sup_hold,4931,4928,0.00040559724193875484,0.0,Real Estate,mid
BBG000CLQ3T3,up_exh,4931,4931,0.00020279862096937742,0.0,Real Estate,mid
BBG000CLQ3T3,res_hold,4931,4930,0.00040559724193875484,0.0,Real Estate,mid
BBG000CLQ3T3,holding_balance,4931,4931,0.00020279862096937742,0.0,Real Estate,mid
BBG000CLQ3T3,exhaustion_balance,4931,4931,0.00020279862096937742,0.0,Real Estate,mid
BBG000CLQ3T3,a0_sd,4931,4931,0.00020279862096937742,0.0,Real Estate,mid
BBG002ZSJC99,down_exh,2763,2763,0.0003619254433586681,0.0,Real Estate,mid
BBG002ZSJC99,sup_hold,2763,2763,0.0003619254433586681,0.0,Real Estate,mid
BBG002ZSJC99,up_exh,2763,2763,0.0003619254433586681,0.0,Real Estate,mid
BBG002ZSJC99,res_hold,2763,2762,0.0007238508867173362,0.0,Real Estate,mid
BBG002ZSJC99,holding_balance,2763,2763,0.0003619254433586681,0.0,Real Estate,mid
BBG002ZSJC99,exhaustion_balance,2763,2763,0.0003619254433586681,0.0,Real Estate,mid
BBG002ZSJC99,a0_sd,2763,2763,0.0003619254433586681,0.0,Real Estate,mid
BBG000BLR5Q1,down_exh,3474,3474,0.0002878526194588371,0.0,Utilities,mid
BBG000BLR5Q1,sup_hold,3474,3474,0.0002878526194588371,0.0,Utilities,mid
BBG000BLR5Q1,up_exh,3474,3474,0.0002878526194588371,0.0,Utilities,mid
BBG000BLR5Q1,res_hold,3474,3473,0.0005757052389176742,0.0,Utilities,mid
BBG000BLR5Q1,holding_balance,3474,3474,0.0002878526194588371,0.0,Utilities,mid
BBG000BLR5Q1,exhaustion_balance,3474,3474,0.0002878526194588371,0.0,Utilities,mid
BBG000BLR5Q1,a0_sd,3474,3474,0.0002878526194588371,0.0,Utilities,mid
BBG000BRMLK4,down_exh,4403,4402,0.0004542357483533954,0.0,Utilities,mid
BBG000BRMLK4,sup_hold,4403,4402,0.0004542357483533954,0.0,Utilities,mid
BBG000BRMLK4,up_exh,4403,4403,0.0002271178741766977,0.0,Utilities,mid
BBG000BRMLK4,res_hold,4403,4403,0.0002271178741766977,0.0,Utilities,mid
BBG000BRMLK4,holding_balance,4403,4403,0.0002271178741766977,0.0,Utilities,mid
BBG000BRMLK4,exhaustion_balance,4403,4403,0.0002271178741766977,0.0,Utilities,mid
BBG000BRMLK4,a0_sd,4403,4403,0.0002271178741766977,0.0,Utilities,mid
BBG000BQGP79,down_exh,5334,5334,0.00018747656542932134,0.0,Utilities,mid
BBG000BQGP79,sup_hold,5334,5333,0.0003749531308586427,0.0,Utilities,mid
BBG000BQGP79,up_exh,5334,5334,0.00018747656542932134,0.0,Utilities,mid
BBG000BQGP79,res_hold,5334,5333,0.0003749531308586427,0.0,Utilities,mid
BBG000BQGP79,holding_balance,5334,5333,0.0003749531308586427,0.0,Utilities,mid
BBG000BQGP79,exhaustion_balance,5334,5334,0.00018747656542932134,0.0,Utilities,mid
BBG000BQGP79,a0_sd,5334,5334,0.00018747656542932134,0.0,Utilities,mid
BBG000BPZXG3,down_exh,2786,2786,0.0003589375448671931,0.0,Utilities,mid
BBG000BPZXG3,sup_hold,2786,2786,0.0003589375448671931,0.0,Utilities,mid
BBG000BPZXG3,up_exh,2786,2786,0.0003589375448671931,0.0,Utilities,mid
BBG000BPZXG3,res_hold,2786,2786,0.0003589375448671931,0.0,Utilities,mid
BBG000BPZXG3,holding_balance,2786,2786,0.0003589375448671931,0.0,Utilities,mid
BBG000BPZXG3,exhaustion_balance,2786,2786,0.0003589375448671931,0.0,Utilities,mid
BBG000BPZXG3,a0_sd,2786,2786,0.0003589375448671931,0.0,Utilities,mid
BBG000Q5BSH7,down_exh,1789,1789,0.0005589714924538849,0.0,Utilities,mid
BBG000Q5BSH7,sup_hold,1789,1789,0.0005589714924538849,0.0,Utilities,mid
BBG000Q5BSH7,up_exh,1789,1789,0.0005589714924538849,0.0,Utilities,mid
BBG000Q5BSH7,res_hold,1789,1789,0.0005589714924538849,0.0,Utilities,mid
BBG000Q5BSH7,holding_balance,1789,1789,0.0005589714924538849,0.0,Utilities,mid
BBG000Q5BSH7,exhaustion_balance,1789,1789,0.0005589714924538849,0.0,Utilities,mid
BBG000Q5BSH7,a0_sd,1789,1789,0.0005589714924538849,0.0,Utilities,mid
BBG00HQ77GD1,down_exh,1416,1416,0.0007062146892655367,0.0,Communication Services,small
BBG00HQ77GD1,sup_hold,1416,1416,0.0007062146892655367,0.0,Communication Services,small
BBG00HQ77GD1,up_exh,1416,1416,0.0007062146892655367,0.0,Communication Services,small
BBG00HQ77GD1,res_hold,1416,1416,0.0007062146892655367,0.0,Communication Services,small
BBG00HQ77GD1,holding_balance,1416,1416,0.0007062146892655367,0.0,Communication Services,small
BBG00HQ77GD1,exhaustion_balance,1416,1416,0.0007062146892655367,0.0,Communication Services,small
BBG00HQ77GD1,a0_sd,1416,1416,0.0007062146892655367,0.0,Communication Services,small
BBG00S1LT2C1,down_exh,733,733,0.001364256480218281,0.0,Communication Services,small
BBG00S1LT2C1,sup_hold,733,733,0.001364256480218281,0.0,Communication Services,small
BBG00S1LT2C1,up_exh,733,733,0.001364256480218281,0.0,Communication Services,small
BBG00S1LT2C1,res_hold,733,733,0.001364256480218281,0.0,Communication Services,small
BBG00S1LT2C1,holding_balance,733,733,0.001364256480218281,0.0,Communication Services,small
BBG00S1LT2C1,exhaustion_balance,733,733,0.001364256480218281,0.0,Communication Services,small
BBG00S1LT2C1,a0_sd,733,733,0.001364256480218281,0.0,Communication Services,small
BBG000BV0X96,down_exh,1800,1800,0.0005555555555555556,0.0,Communication Services,small
BBG000BV0X96,sup_hold,1800,1799,0.0011111111111111111,0.0,Communication Services,small
BBG000BV0X96,up_exh,1800,1800,0.0005555555555555556,0.0,Communication Services,small
BBG000BV0X96,res_hold,1800,1799,0.0011111111111111111,0.0,Communication Services,small
BBG000BV0X96,holding_balance,1800,1799,0.0011111111111111111,0.0,Communication Services,small
BBG000BV0X96,exhaustion_balance,1800,1800,0.0005555555555555556,0.0,Communication Services,small
BBG000BV0X96,a0_sd,1800,1800,0.0005555555555555556,0.0,Communication Services,small
BBG000BSDVZ4,down_exh,1285,1285,0.0007782101167315176,0.0,Communication Services,small
BBG000BSDVZ4,sup_hold,1285,1285,0.0007782101167315176,0.0,Communication Services,small
BBG000BSDVZ4,up_exh,1285,1285,0.0007782101167315176,0.0,Communication Services,small
BBG000BSDVZ4,res_hold,1285,1285,0.0007782101167315176,0.0,Communication Services,small
BBG000BSDVZ4,holding_balance,1285,1285,0.0007782101167315176,0.0,Communication Services,small
BBG000BSDVZ4,exhaustion_balance,1285,1285,0.0007782101167315176,0.0,Communication Services,small
BBG000BSDVZ4,a0_sd,1285,1285,0.0007782101167315176,0.0,Communication Services,small
BBG007Z9Y5W2,down_exh,1109,1109,0.0009017132551848512,0.0,Communication Services,small
BBG007Z9Y5W2,sup_hold,1109,1109,0.0009017132551848512,0.0,Communication Services,small
BBG007Z9Y5W2,up_exh,1109,1109,0.0009017132551848512,0.0,Communication Services,small
BBG007Z9Y5W2,res_hold,1109,1109,0.0009017132551848512,0.0,Communication Services,small
BBG007Z9Y5W2,holding_balance,1109,1109,0.0009017132551848512,0.0,Communication Services,small
BBG007Z9Y5W2,exhaustion_balance,1109,1109,0.0009017132551848512,0.0,Communication Services,small
BBG007Z9Y5W2,a0_sd,1109,1109,0.0009017132551848512,0.0,Communication Services,small
BBG000F3F7H6,down_exh,4182,4182,0.00023912003825920613,0.0,Communication Services,small
BBG000F3F7H6,sup_hold,4182,4182,0.00023912003825920613,0.0,Communication Services,small
BBG000F3F7H6,up_exh,4182,4181,0.00047824007651841227,0.0,Communication Services,small
BBG000F3F7H6,res_hold,4182,4182,0.00023912003825920613,0.0,Communication Services,small
BBG000F3F7H6,holding_balance,4182,4182,0.00023912003825920613,0.0,Communication Services,small
BBG000F3F7H6,exhaustion_balance,4182,4182,0.00023912003825920613,0.0,Communication Services,small
BBG000F3F7H6,a0_sd,4182,4182,0.00023912003825920613,0.0,Communication Services,small
BBG00S1HJ455,down_exh,675,675,0.0014814814814814814,0.0,Communication Services,small
BBG00S1HJ455,sup_hold,675,675,0.0014814814814814814,0.0,Communication Services,small
BBG00S1HJ455,up_exh,675,675,0.0014814814814814814,0.0,Communication Services,small
BBG00S1HJ455,res_hold,675,675,0.0014814814814814814,0.0,Communication Services,small
BBG00S1HJ455,holding_balance,675,675,0.0014814814814814814,0.0,Communication Services,small
BBG00S1HJ455,exhaustion_balance,675,675,0.0014814814814814814,0.0,Communication Services,small
BBG00S1HJ455,a0_sd,675,675,0.0014814814814814814,0.0,Communication Services,small
BBG0024CH3W4,down_exh,2887,2887,0.00034638032559750607,0.0,Communication Services,small
BBG0024CH3W4,sup_hold,2887,2887,0.00034638032559750607,0.0,Communication Services,small
BBG0024CH3W4,up_exh,2887,2887,0.00034638032559750607,0.0,Communication Services,small
BBG0024CH3W4,res_hold,2887,2887,0.00034638032559750607,0.0,Communication Services,small
BBG0024CH3W4,holding_balance,2887,2887,0.00034638032559750607,0.0,Communication Services,small
BBG0024CH3W4,exhaustion_balance,2887,2887,0.00034638032559750607,0.0,Communication Services,small
BBG0024CH3W4,a0_sd,2887,2887,0.00034638032559750607,0.0,Communication Services,small
BBG000VC0KH5,down_exh,1897,1897,0.0005271481286241434,0.0,Communication Services,small
BBG000VC0KH5,sup_hold,1897,1897,0.0005271481286241434,0.0,Communication Services,small
BBG000VC0KH5,up_exh,1897,1897,0.0005271481286241434,0.0,Communication Services,small
BBG000VC0KH5,res_hold,1897,1897,0.0005271481286241434,0.0,Communication Services,small
BBG000VC0KH5,holding_balance,1897,1897,0.0005271481286241434,0.0,Communication Services,small
BBG000VC0KH5,exhaustion_balance,1897,1897,0.0005271481286241434,0.0,Communication Services,small
BBG000VC0KH5,a0_sd,1897,1897,0.0005271481286241434,0.0,Communication Services,small
BBG00D5L3TF6,down_exh,803,803,0.0012453300124533001,0.0,Consumer Discretionary,small
BBG00D5L3TF6,sup_hold,803,803,0.0012453300124533001,0.0,Consumer Discretionary,small
BBG00D5L3TF6,up_exh,803,803,0.0012453300124533001,0.0,Consumer Discretionary,small
BBG00D5L3TF6,res_hold,803,803,0.0012453300124533001,0.0,Consumer Discretionary,small
BBG00D5L3TF6,holding_balance,803,803,0.0012453300124533001,0.0,Consumer Discretionary,small
BBG00D5L3TF6,exhaustion_balance,803,803,0.0012453300124533001,0.0,Consumer Discretionary,small
BBG00D5L3TF6,a0_sd,803,803,0.0012453300124533001,0.0,Consumer Discretionary,small
BBG00B6G80S4,down_exh,1590,1590,0.0006289308176100629,0.0,Consumer Discretionary,small
BBG00B6G80S4,sup_hold,1590,1590,0.0006289308176100629,0.0,Consumer Discretionary,small
BBG00B6G80S4,up_exh,1590,1590,0.0006289308176100629,0.0,Consumer Discretionary,small
BBG00B6G80S4,res_hold,1590,1590,0.0006289308176100629,0.0,Consumer Discretionary,small
BBG00B6G80S4,holding_balance,1590,1590,0.0006289308176100629,0.0,Consumer Discretionary,small
BBG00B6G80S4,exhaustion_balance,1590,1590,0.0006289308176100629,0.0,Consumer Discretionary,small
BBG00B6G80S4,a0_sd,1590,1590,0.0006289308176100629,0.0,Consumer Discretionary,small
BBG005WQVZ21,down_exh,1427,1427,0.000700770847932726,0.0,Consumer Discretionary,small
BBG005WQVZ21,sup_hold,1427,1427,0.000700770847932726,0.0,Consumer Discretionary,small
BBG005WQVZ21,up_exh,1427,1427,0.000700770847932726,0.0,Consumer Discretionary,small
BBG005WQVZ21,res_hold,1427,1427,0.000700770847932726,0.0,Consumer Discretionary,small
BBG005WQVZ21,holding_balance,1427,1427,0.000700770847932726,0.0,Consumer Discretionary,small
BBG005WQVZ21,exhaustion_balance,1427,1427,0.000700770847932726,0.0,Consumer Discretionary,small
BBG005WQVZ21,a0_sd,1427,1427,0.000700770847932726,0.0,Consumer Discretionary,small
BBG006G412V0,down_exh,1014,1014,0.0009861932938856016,0.0,Consumer Discretionary,small
BBG006G412V0,sup_hold,1014,1014,0.0009861932938856016,0.0,Consumer Discretionary,small
BBG006G412V0,up_exh,1014,1014,0.0009861932938856016,0.0,Consumer Discretionary,small
BBG006G412V0,res_hold,1014,1014,0.0009861932938856016,0.0,Consumer Discretionary,small
BBG006G412V0,holding_balance,1014,1014,0.0009861932938856016,0.0,Consumer Discretionary,small
BBG006G412V0,exhaustion_balance,1014,1014,0.0009861932938856016,0.0,Consumer Discretionary,small
BBG006G412V0,a0_sd,1014,1014,0.0009861932938856016,0.0,Consumer Discretionary,small
BBG01K8PCFW8,down_exh,563,563,0.0017761989342806395,0.0,Consumer Discretionary,small
BBG01K8PCFW8,sup_hold,563,563,0.0017761989342806395,0.0,Consumer Discretionary,small
BBG01K8PCFW8,up_exh,563,563,0.0017761989342806395,0.0,Consumer Discretionary,small
BBG01K8PCFW8,res_hold,563,563,0.0017761989342806395,0.0,Consumer Discretionary,small
BBG01K8PCFW8,holding_balance,563,563,0.0017761989342806395,0.0,Consumer Discretionary,small
BBG01K8PCFW8,exhaustion_balance,563,563,0.0017761989342806395,0.0,Consumer Discretionary,small
BBG01K8PCFW8,a0_sd,563,563,0.0017761989342806395,0.0,Consumer Discretionary,small
BBG00HVQFBV5,down_exh,1406,1406,0.0007112375533428165,0.0,Consumer Discretionary,small
BBG00HVQFBV5,sup_hold,1406,1406,0.0007112375533428165,0.0,Consumer Discretionary,small
BBG00HVQFBV5,up_exh,1406,1406,0.0007112375533428165,0.0,Consumer Discretionary,small
BBG00HVQFBV5,res_hold,1406,1406,0.0007112375533428165,0.0,Consumer Discretionary,small
BBG00HVQFBV5,holding_balance,1406,1406,0.0007112375533428165,0.0,Consumer Discretionary,small
BBG00HVQFBV5,exhaustion_balance,1406,1406,0.0007112375533428165,0.0,Consumer Discretionary,small
BBG00HVQFBV5,a0_sd,1406,1406,0.0007112375533428165,0.0,Consumer Discretionary,small
BBG000BPZ1R1,down_exh,3285,3285,0.00030441400304414006,0.0,Consumer Discretionary,small
BBG000BPZ1R1,sup_hold,3285,3282,0.0006088280060882801,0.0,Consumer Discretionary,small
BBG000BPZ1R1,up_exh,3285,3285,0.00030441400304414006,0.0,Consumer Discretionary,small
BBG000BPZ1R1,res_hold,3285,3285,0.00030441400304414006,0.0,Consumer Discretionary,small
BBG000BPZ1R1,holding_balance,3285,3285,0.00030441400304414006,0.0,Consumer Discretionary,small
BBG000BPZ1R1,exhaustion_balance,3285,3285,0.00030441400304414006,0.0,Consumer Discretionary,small
BBG000BPZ1R1,a0_sd,3285,3285,0.00030441400304414006,0.0,Consumer Discretionary,small
BBG000CS8H44,down_exh,6393,6392,0.00031284217112466763,0.0,Consumer Discretionary,small
BBG000CS8H44,sup_hold,6393,6390,0.00031284217112466763,0.0,Consumer Discretionary,small
BBG000CS8H44,up_exh,6393,6392,0.00031284217112466763,0.0,Consumer Discretionary,small
BBG000CS8H44,res_hold,6393,6392,0.00031284217112466763,0.0,Consumer Discretionary,small
BBG000CS8H44,holding_balance,6393,6392,0.00031284217112466763,0.0,Consumer Discretionary,small
BBG000CS8H44,exhaustion_balance,6393,6393,0.00015642108556233381,0.0,Consumer Discretionary,small
BBG000CS8H44,a0_sd,6393,6393,0.00015642108556233381,0.0,Consumer Discretionary,small
BBG000BCZFG1,down_exh,2572,2572,0.00038880248833592535,0.0,Consumer Staples,small
BBG000BCZFG1,sup_hold,2572,2572,0.00038880248833592535,0.0,Consumer Staples,small
BBG000BCZFG1,up_exh,2572,2572,0.00038880248833592535,0.0,Consumer Staples,small
BBG000BCZFG1,res_hold,2572,2572,0.00038880248833592535,0.0,Consumer Staples,small
BBG000BCZFG1,holding_balance,2572,2572,0.00038880248833592535,0.0,Consumer Staples,small
BBG000BCZFG1,exhaustion_balance,2572,2572,0.00038880248833592535,0.0,Consumer Staples,small
BBG000BCZFG1,a0_sd,2572,2572,0.00038880248833592535,0.0,Consumer Staples,small
BBG000BMGZP6,down_exh,1098,1098,0.0009107468123861566,0.0,Consumer Staples,small
BBG000BMGZP6,sup_hold,1098,1098,0.0009107468123861566,0.0,Consumer Staples,small
BBG000BMGZP6,up_exh,1098,1098,0.0009107468123861566,0.0,Consumer Staples,small
BBG000BMGZP6,res_hold,1098,1098,0.0009107468123861566,0.0,Consumer Staples,small
BBG000BMGZP6,holding_balance,1098,1098,0.0009107468123861566,0.0,Consumer Staples,small
BBG000BMGZP6,exhaustion_balance,1098,1098,0.0009107468123861566,0.0,Consumer Staples,small
BBG000BMGZP6,a0_sd,1098,1098,0.0009107468123861566,0.0,Consumer Staples,small
BBG000CHPYB4,down_exh,47,47,0.02127659574468085,0.0,Consumer Staples,small
BBG000CHPYB4,sup_hold,47,47,0.02127659574468085,0.0,Consumer Staples,small
BBG000CHPYB4,up_exh,47,47,0.02127659574468085,0.0,Consumer Staples,small
BBG000CHPYB4,res_hold,47,47,0.02127659574468085,0.0,Consumer Staples,small
BBG000CHPYB4,holding_balance,47,47,0.02127659574468085,0.0,Consumer Staples,small
BBG000CHPYB4,exhaustion_balance,47,47,0.02127659574468085,0.0,Consumer Staples,small
BBG000CHPYB4,a0_sd,47,47,0.02127659574468085,0.0,Consumer Staples,small
BBG000BF8NS4,down_exh,1132,1132,0.0008833922261484099,0.0,Consumer Staples,small
BBG000BF8NS4,sup_hold,1132,1132,0.0008833922261484099,0.0,Consumer Staples,small
BBG000BF8NS4,up_exh,1132,1132,0.0008833922261484099,0.0,Consumer Staples,small
BBG000BF8NS4,res_hold,1132,1132,0.0008833922261484099,0.0,Consumer Staples,small
BBG000BF8NS4,holding_balance,1132,1132,0.0008833922261484099,0.0,Consumer Staples,small
BBG000BF8NS4,exhaustion_balance,1132,1132,0.0008833922261484099,0.0,Consumer Staples,small
BBG000BF8NS4,a0_sd,1132,1132,0.0008833922261484099,0.0,Consumer Staples,small
BBG000BB4FW9,down_exh,4202,4201,0.00047596382674916705,0.0,Consumer Staples,small
BBG000BB4FW9,sup_hold,4202,4201,0.00047596382674916705,0.0,Consumer Staples,small
BBG000BB4FW9,up_exh,4202,4202,0.00023798191337458352,0.0,Consumer Staples,small
BBG000BB4FW9,res_hold,4202,4200,0.00047596382674916705,0.0,Consumer Staples,small
BBG000BB4FW9,holding_balance,4202,4201,0.00047596382674916705,0.0,Consumer Staples,small
BBG000BB4FW9,exhaustion_balance,4202,4202,0.00023798191337458352,0.0,Consumer Staples,small
BBG000BB4FW9,a0_sd,4202,4202,0.00023798191337458352,0.0,Consumer Staples,small
BBG000BDXHW9,down_exh,6393,6393,0.00015642108556233381,0.0,Consumer Staples,small
BBG000BDXHW9,sup_hold,6393,6393,0.00015642108556233381,0.0,Consumer Staples,small
BBG000BDXHW9,up_exh,6393,6393,0.00015642108556233381,0.0,Consumer Staples,small
BBG000BDXHW9,res_hold,6393,6393,0.00015642108556233381,0.0,Consumer Staples,small
BBG000BDXHW9,holding_balance,6393,6393,0.00015642108556233381,0.0,Consumer Staples,small
BBG000BDXHW9,exhaustion_balance,6393,6393,0.00015642108556233381,0.0,Consumer Staples,small
BBG000BDXHW9,a0_sd,6393,6393,0.00015642108556233381,0.0,Consumer Staples,small
BBG000CDNVY6,down_exh,2139,2139,0.0004675081813931744,0.0,Consumer Staples,small
BBG000CDNVY6,sup_hold,2139,2139,0.0004675081813931744,0.0,Consumer Staples,small
BBG000CDNVY6,up_exh,2139,2139,0.0004675081813931744,0.0,Consumer Staples,small
BBG000CDNVY6,res_hold,2139,2139,0.0004675081813931744,0.0,Consumer Staples,small
BBG000CDNVY6,holding_balance,2139,2139,0.0004675081813931744,0.0,Consumer Staples,small
BBG000CDNVY6,exhaustion_balance,2139,2139,0.0004675081813931744,0.0,Consumer Staples,small
BBG000CDNVY6,a0_sd,2139,2139,0.0004675081813931744,0.0,Consumer Staples,small
BBG00CZN9QJ7,down_exh,1653,1653,0.0006049606775559589,0.0,Consumer Staples,small
BBG00CZN9QJ7,sup_hold,1653,1653,0.0006049606775559589,0.0,Consumer Staples,small
BBG00CZN9QJ7,up_exh,1653,1653,0.0006049606775559589,0.0,Consumer Staples,small
BBG00CZN9QJ7,res_hold,1653,1653,0.0006049606775559589,0.0,Consumer Staples,small
BBG00CZN9QJ7,holding_balance,1653,1653,0.0006049606775559589,0.0,Consumer Staples,small
BBG00CZN9QJ7,exhaustion_balance,1653,1653,0.0006049606775559589,0.0,Consumer Staples,small
BBG00CZN9QJ7,a0_sd,1653,1653,0.0006049606775559589,0.0,Consumer Staples,small
BBG000BTL1H9,down_exh,922,922,0.0010845986984815619,0.0,Consumer Staples,small
BBG000BTL1H9,sup_hold,922,922,0.0010845986984815619,0.0,Consumer Staples,small
BBG000BTL1H9,up_exh,922,922,0.0010845986984815619,0.0,Consumer Staples,small
BBG000BTL1H9,res_hold,922,922,0.0010845986984815619,0.0,Consumer Staples,small
BBG000BTL1H9,holding_balance,922,922,0.0010845986984815619,0.0,Consumer Staples,small
BBG000BTL1H9,exhaustion_balance,922,922,0.0010845986984815619,0.0,Consumer Staples,small
BBG000BTL1H9,a0_sd,922,922,0.0010845986984815619,0.0,Consumer Staples,small
BBG00G7D6C32,down_exh,401,401,0.0024937655860349127,0.0,Energy,small
BBG00G7D6C32,sup_hold,401,401,0.0024937655860349127,0.0,Energy,small
BBG00G7D6C32,up_exh,401,401,0.0024937655860349127,0.0,Energy,small
BBG00G7D6C32,res_hold,401,401,0.0024937655860349127,0.0,Energy,small
BBG00G7D6C32,holding_balance,401,401,0.0024937655860349127,0.0,Energy,small
BBG00G7D6C32,exhaustion_balance,401,401,0.0024937655860349127,0.0,Energy,small
BBG00G7D6C32,a0_sd,401,401,0.0024937655860349127,0.0,Energy,small
BBG01JFZFYV8,down_exh,57,57,0.017543859649122806,0.0,Energy,small
BBG01JFZFYV8,sup_hold,57,57,0.017543859649122806,0.0,Energy,small
BBG01JFZFYV8,up_exh,57,57,0.017543859649122806,0.0,Energy,small
BBG01JFZFYV8,res_hold,57,57,0.017543859649122806,0.0,Energy,small
BBG01JFZFYV8,holding_balance,57,57,0.017543859649122806,0.0,Energy,small
BBG01JFZFYV8,exhaustion_balance,57,57,0.017543859649122806,0.0,Energy,small
BBG01JFZFYV8,a0_sd,57,57,0.017543859649122806,0.0,Energy,small
BBG00FZYJDX8,down_exh,2739,2739,0.0003650967506389193,0.0,Energy,small
BBG00FZYJDX8,sup_hold,2739,2739,0.0003650967506389193,0.0,Energy,small
BBG00FZYJDX8,up_exh,2739,2739,0.0003650967506389193,0.0,Energy,small
BBG00FZYJDX8,res_hold,2739,2739,0.0003650967506389193,0.0,Energy,small
BBG00FZYJDX8,holding_balance,2739,2739,0.0003650967506389193,0.0,Energy,small
BBG00FZYJDX8,exhaustion_balance,2739,2739,0.0003650967506389193,0.0,Energy,small
BBG00FZYJDX8,a0_sd,2739,2739,0.0003650967506389193,0.0,Energy,small
BBG00GBV88X1,down_exh,1300,1300,0.0007692307692307692,0.0,Energy,small
BBG00GBV88X1,sup_hold,1300,1300,0.0007692307692307692,0.0,Energy,small
BBG00GBV88X1,up_exh,1300,1300,0.0007692307692307692,0.0,Energy,small
BBG00GBV88X1,res_hold,1300,1300,0.0007692307692307692,0.0,Energy,small
BBG00GBV88X1,holding_balance,1300,1300,0.0007692307692307692,0.0,Energy,small
BBG00GBV88X1,exhaustion_balance,1300,1300,0.0007692307692307692,0.0,Energy,small
BBG00GBV88X1,a0_sd,1300,1300,0.0007692307692307692,0.0,Energy,small
BBG006476H75,down_exh,507,507,0.0019723865877712033,0.0,Energy,small
BBG006476H75,sup_hold,507,507,0.0019723865877712033,0.0,Energy,small
BBG006476H75,up_exh,507,507,0.0019723865877712033,0.0,Energy,small
BBG006476H75,res_hold,507,507,0.0019723865877712033,0.0,Energy,small
BBG006476H75,holding_balance,507,507,0.0019723865877712033,0.0,Energy,small
BBG006476H75,exhaustion_balance,507,507,0.0019723865877712033,0.0,Energy,small
BBG006476H75,a0_sd,507,507,0.0019723865877712033,0.0,Energy,small
BBG00HBQ35V3,down_exh,918,918,0.0010893246187363835,0.0,Energy,small
BBG00HBQ35V3,sup_hold,918,918,0.0010893246187363835,0.0,Energy,small
BBG00HBQ35V3,up_exh,918,918,0.0010893246187363835,0.0,Energy,small
BBG00HBQ35V3,res_hold,918,918,0.0010893246187363835,0.0,Energy,small
BBG00HBQ35V3,holding_balance,918,918,0.0010893246187363835,0.0,Energy,small
BBG00HBQ35V3,exhaustion_balance,918,918,0.0010893246187363835,0.0,Energy,small
BBG00HBQ35V3,a0_sd,918,918,0.0010893246187363835,0.0,Energy,small
BBG000BLCRT6,down_exh,6393,6393,0.00015642108556233381,0.0,Energy,small
BBG000BLCRT6,sup_hold,6393,6392,0.00031284217112466763,0.0,Energy,small
BBG000BLCRT6,up_exh,6393,6393,0.00015642108556233381,0.0,Energy,small
BBG000BLCRT6,res_hold,6393,6393,0.00015642108556233381,0.0,Energy,small
BBG000BLCRT6,holding_balance,6393,6393,0.00015642108556233381,0.0,Energy,small
BBG000BLCRT6,exhaustion_balance,6393,6393,0.00015642108556233381,0.0,Energy,small
BBG000BLCRT6,a0_sd,6393,6393,0.00015642108556233381,0.0,Energy,small
BBG000DNBMJ3,down_exh,3491,3491,0.0002864508736751647,0.0,Energy,small
BBG000DNBMJ3,sup_hold,3491,3491,0.0002864508736751647,0.0,Energy,small
BBG000DNBMJ3,up_exh,3491,3491,0.0002864508736751647,0.0,Energy,small
BBG000DNBMJ3,res_hold,3491,3491,0.0002864508736751647,0.0,Energy,small
BBG000DNBMJ3,holding_balance,3491,3491,0.0002864508736751647,0.0,Energy,small
BBG000DNBMJ3,exhaustion_balance,3491,3491,0.0002864508736751647,0.0,Energy,small
BBG000DNBMJ3,a0_sd,3491,3491,0.0002864508736751647,0.0,Energy,small
BBG00Z483VY1,down_exh,350,350,0.002857142857142857,0.0,Financials,small
BBG00Z483VY1,sup_hold,350,350,0.002857142857142857,0.0,Financials,small
BBG00Z483VY1,up_exh,350,350,0.002857142857142857,0.0,Financials,small
BBG00Z483VY1,res_hold,350,350,0.002857142857142857,0.0,Financials,small
BBG00Z483VY1,holding_balance,350,350,0.002857142857142857,0.0,Financials,small
BBG00Z483VY1,exhaustion_balance,350,350,0.002857142857142857,0.0,Financials,small
BBG00Z483VY1,a0_sd,350,350,0.002857142857142857,0.0,Financials,small
BBG000BSTL98,down_exh,1033,1033,0.000968054211035818,0.0,Financials,small
BBG000BSTL98,sup_hold,1033,1033,0.000968054211035818,0.0,Financials,small
BBG000BSTL98,up_exh,1033,1033,0.000968054211035818,0.0,Financials,small
BBG000BSTL98,res_hold,1033,1033,0.000968054211035818,0.0,Financials,small
BBG000BSTL98,holding_balance,1033,1033,0.000968054211035818,0.0,Financials,small
BBG000BSTL98,exhaustion_balance,1033,1033,0.000968054211035818,0.0,Financials,small
BBG000BSTL98,a0_sd,1033,1033,0.000968054211035818,0.0,Financials,small
BBG000GZ9G90,down_exh,87,87,0.011494252873563218,0.0,Financials,small
BBG000GZ9G90,sup_hold,87,87,0.011494252873563218,0.0,Financials,small
BBG000GZ9G90,up_exh,87,87,0.011494252873563218,0.0,Financials,small
BBG000GZ9G90,res_hold,87,87,0.011494252873563218,0.0,Financials,small
BBG000GZ9G90,holding_balance,87,87,0.011494252873563218,0.0,Financials,small
BBG000GZ9G90,exhaustion_balance,87,87,0.011494252873563218,0.0,Financials,small
BBG000GZ9G90,a0_sd,87,87,0.011494252873563218,0.0,Financials,small
BBG000BL7X00,down_exh,17,17,0.058823529411764705,0.0,Financials,small
BBG000BL7X00,sup_hold,17,17,0.058823529411764705,0.0,Financials,small
BBG000BL7X00,up_exh,17,17,0.058823529411764705,0.0,Financials,small
BBG000BL7X00,res_hold,17,17,0.058823529411764705,0.0,Financials,small
BBG000BL7X00,holding_balance,17,17,0.058823529411764705,0.0,Financials,small
BBG000BL7X00,exhaustion_balance,17,17,0.058823529411764705,0.0,Financials,small
BBG000BL7X00,a0_sd,17,17,0.058823529411764705,0.0,Financials,small
BBG000BJB0D8,down_exh,180,180,0.005555555555555556,0.0,Financials,small
BBG000BJB0D8,sup_hold,180,180,0.005555555555555556,0.0,Financials,small
BBG000BJB0D8,up_exh,180,180,0.005555555555555556,0.0,Financials,small
BBG000BJB0D8,res_hold,180,180,0.005555555555555556,0.0,Financials,small
BBG000BJB0D8,holding_balance,180,180,0.005555555555555556,0.0,Financials,small
BBG000BJB0D8,exhaustion_balance,180,180,0.005555555555555556,0.0,Financials,small
BBG000BJB0D8,a0_sd,180,180,0.005555555555555556,0.0,Financials,small
BBG000CS1RP6,down_exh,2787,2787,0.0003588087549336204,0.0,Financials,small
BBG000CS1RP6,sup_hold,2787,2787,0.0003588087549336204,0.0,Financials,small
BBG000CS1RP6,up_exh,2787,2787,0.0003588087549336204,0.0,Financials,small
BBG000CS1RP6,res_hold,2787,2787,0.0003588087549336204,0.0,Financials,small
BBG000CS1RP6,holding_balance,2787,2787,0.0003588087549336204,0.0,Financials,small
BBG000CS1RP6,exhaustion_balance,2787,2787,0.0003588087549336204,0.0,Financials,small
BBG000CS1RP6,a0_sd,2787,2787,0.0003588087549336204,0.0,Financials,small
BBG002CPX964,down_exh,689,689,0.001451378809869376,0.0,Financials,small
BBG002CPX964,sup_hold,689,689,0.001451378809869376,0.0,Financials,small
BBG002CPX964,up_exh,689,689,0.001451378809869376,0.0,Financials,small
BBG002CPX964,res_hold,689,689,0.001451378809869376,0.0,Financials,small
BBG002CPX964,holding_balance,689,689,0.001451378809869376,0.0,Financials,small
BBG002CPX964,exhaustion_balance,689,689,0.001451378809869376,0.0,Financials,small
BBG002CPX964,a0_sd,689,689,0.001451378809869376,0.0,Financials,small
BBG01H9FTHG2,down_exh,641,641,0.0015600624024961,0.0,Financials,small
BBG01H9FTHG2,sup_hold,641,641,0.0015600624024961,0.0,Financials,small
BBG01H9FTHG2,up_exh,641,641,0.0015600624024961,0.0,Financials,small
BBG01H9FTHG2,res_hold,641,641,0.0015600624024961,0.0,Financials,small
BBG01H9FTHG2,holding_balance,641,641,0.0015600624024961,0.0,Financials,small
BBG01H9FTHG2,exhaustion_balance,641,641,0.0015600624024961,0.0,Financials,small
BBG01H9FTHG2,a0_sd,641,641,0.0015600624024961,0.0,Financials,small
BBG000H3HJ95,down_exh,2319,2319,0.00043122035360068997,0.0,Financials,small
BBG000H3HJ95,sup_hold,2319,2319,0.00043122035360068997,0.0,Financials,small
BBG000H3HJ95,up_exh,2319,2319,0.00043122035360068997,0.0,Financials,small
BBG000H3HJ95,res_hold,2319,2319,0.00043122035360068997,0.0,Financials,small
BBG000H3HJ95,holding_balance,2319,2319,0.00043122035360068997,0.0,Financials,small
BBG000H3HJ95,exhaustion_balance,2319,2319,0.00043122035360068997,0.0,Financials,small
BBG000H3HJ95,a0_sd,2319,2319,0.00043122035360068997,0.0,Financials,small
BBG000BG8ZP8,down_exh,125,125,0.008,0.0,Financials,small
BBG000BG8ZP8,sup_hold,125,125,0.008,0.0,Financials,small
BBG000BG8ZP8,up_exh,125,125,0.008,0.0,Financials,small
BBG000BG8ZP8,res_hold,125,125,0.008,0.0,Financials,small
BBG000BG8ZP8,holding_balance,125,125,0.008,0.0,Financials,small
BBG000BG8ZP8,exhaustion_balance,125,125,0.008,0.0,Financials,small
BBG000BG8ZP8,a0_sd,125,125,0.008,0.0,Financials,small
BBG000BT4DQ2,down_exh,3856,3856,0.00025933609958506224,0.0,Financials,small
BBG000BT4DQ2,sup_hold,3856,3856,0.00025933609958506224,0.0,Financials,small
BBG000BT4DQ2,up_exh,3856,3856,0.00025933609958506224,0.0,Financials,small
BBG000BT4DQ2,res_hold,3856,3856,0.00025933609958506224,0.0,Financials,small
BBG000BT4DQ2,holding_balance,3856,3856,0.00025933609958506224,0.0,Financials,small
BBG000BT4DQ2,exhaustion_balance,3856,3856,0.00025933609958506224,0.0,Financials,small
BBG000BT4DQ2,a0_sd,3856,3856,0.00025933609958506224,0.0,Financials,small
BBG012C7JTC8,down_exh,423,423,0.002364066193853428,0.0,Financials,small
BBG012C7JTC8,sup_hold,423,423,0.002364066193853428,0.0,Financials,small
BBG012C7JTC8,up_exh,423,423,0.002364066193853428,0.0,Financials,small
BBG012C7JTC8,res_hold,423,423,0.002364066193853428,0.0,Financials,small
BBG012C7JTC8,holding_balance,423,423,0.002364066193853428,0.0,Financials,small
BBG012C7JTC8,exhaustion_balance,423,423,0.002364066193853428,0.0,Financials,small
BBG012C7JTC8,a0_sd,423,423,0.002364066193853428,0.0,Financials,small
BBG000MW1Z96,down_exh,608,608,0.001644736842105263,0.0,Financials,small
BBG000MW1Z96,sup_hold,608,608,0.001644736842105263,0.0,Financials,small
BBG000MW1Z96,up_exh,608,608,0.001644736842105263,0.0,Financials,small
BBG000MW1Z96,res_hold,608,608,0.001644736842105263,0.0,Financials,small
BBG000MW1Z96,holding_balance,608,608,0.001644736842105263,0.0,Financials,small
BBG000MW1Z96,exhaustion_balance,608,608,0.001644736842105263,0.0,Financials,small
BBG000MW1Z96,a0_sd,608,608,0.001644736842105263,0.0,Financials,small
BBG002Z1LMV8,down_exh,581,581,0.0017211703958691911,0.0,Health Care,small
BBG002Z1LMV8,sup_hold,581,581,0.0017211703958691911,0.0,Health Care,small
BBG002Z1LMV8,up_exh,581,581,0.0017211703958691911,0.0,Health Care,small
BBG002Z1LMV8,res_hold,581,581,0.0017211703958691911,0.0,Health Care,small
BBG002Z1LMV8,holding_balance,581,581,0.0017211703958691911,0.0,Health Care,small
BBG002Z1LMV8,exhaustion_balance,581,581,0.0017211703958691911,0.0,Health Care,small
BBG002Z1LMV8,a0_sd,581,581,0.0017211703958691911,0.0,Health Care,small
BBG000DXBWC6,down_exh,3374,3373,0.0005927682276229994,0.0,Health Care,small
BBG000DXBWC6,sup_hold,3374,3374,0.0002963841138114997,0.0,Health Care,small
BBG000DXBWC6,up_exh,3374,3374,0.0002963841138114997,0.0,Health Care,small
BBG000DXBWC6,res_hold,3374,3374,0.0002963841138114997,0.0,Health Care,small
BBG000DXBWC6,holding_balance,3374,3374,0.0002963841138114997,0.0,Health Care,small
BBG000DXBWC6,exhaustion_balance,3374,3374,0.0002963841138114997,0.0,Health Care,small
BBG000DXBWC6,a0_sd,3374,3374,0.0002963841138114997,0.0,Health Care,small
BBG000CGCBG5,down_exh,123,123,0.008130081300813009,0.0,Health Care,small
BBG000CGCBG5,sup_hold,123,123,0.008130081300813009,0.0,Health Care,small
BBG000CGCBG5,up_exh,123,123,0.008130081300813009,0.0,Health Care,small
BBG000CGCBG5,res_hold,123,123,0.008130081300813009,0.0,Health Care,small
BBG000CGCBG5,holding_balance,123,123,0.008130081300813009,0.0,Health Care,small
BBG000CGCBG5,exhaustion_balance,123,123,0.008130081300813009,0.0,Health Care,small
BBG000CGCBG5,a0_sd,123,123,0.008130081300813009,0.0,Health Care,small
BBG000LY1QM8,down_exh,266,266,0.0037593984962406013,0.0,Health Care,small
BBG000LY1QM8,sup_hold,266,266,0.0037593984962406013,0.0,Health Care,small
BBG000LY1QM8,up_exh,266,266,0.0037593984962406013,0.0,Health Care,small
BBG000LY1QM8,res_hold,266,266,0.0037593984962406013,0.0,Health Care,small
BBG000LY1QM8,holding_balance,266,266,0.0037593984962406013,0.0,Health Care,small
BBG000LY1QM8,exhaustion_balance,266,266,0.0037593984962406013,0.0,Health Care,small
BBG000LY1QM8,a0_sd,266,266,0.0037593984962406013,0.0,Health Care,small
BBG00Y7BR593,down_exh,380,380,0.002631578947368421,0.0,Health Care,small
BBG00Y7BR593,sup_hold,380,380,0.002631578947368421,0.0,Health Care,small
BBG00Y7BR593,up_exh,380,380,0.002631578947368421,0.0,Health Care,small
BBG00Y7BR593,res_hold,380,380,0.002631578947368421,0.0,Health Care,small
BBG00Y7BR593,holding_balance,380,380,0.002631578947368421,0.0,Health Care,small
BBG00Y7BR593,exhaustion_balance,380,380,0.002631578947368421,0.0,Health Care,small
BBG00Y7BR593,a0_sd,380,380,0.002631578947368421,0.0,Health Care,small
BBG000C9GDZ2,down_exh,2971,2971,0.0003365870077415012,0.0,Health Care,small
BBG000C9GDZ2,sup_hold,2971,2971,0.0003365870077415012,0.0,Health Care,small
BBG000C9GDZ2,up_exh,2971,2971,0.0003365870077415012,0.0,Health Care,small
BBG000C9GDZ2,res_hold,2971,2970,0.0006731740154830024,0.0,Health Care,small
BBG000C9GDZ2,holding_balance,2971,2971,0.0003365870077415012,0.0,Health Care,small
BBG000C9GDZ2,exhaustion_balance,2971,2971,0.0003365870077415012,0.0,Health Care,small
BBG000C9GDZ2,a0_sd,2971,2971,0.0003365870077415012,0.0,Health Care,small
BBG000C1BPB3,down_exh,1810,1810,0.0005524861878453039,0.0,Health Care,small
BBG000C1BPB3,sup_hold,1810,1810,0.0005524861878453039,0.0,Health Care,small
BBG000C1BPB3,up_exh,1810,1810,0.0005524861878453039,0.0,Health Care,small
BBG000C1BPB3,res_hold,1810,1810,0.0005524861878453039,0.0,Health Care,small
BBG000C1BPB3,holding_balance,1810,1810,0.0005524861878453039,0.0,Health Care,small
BBG000C1BPB3,exhaustion_balance,1810,1810,0.0005524861878453039,0.0,Health Care,small
BBG000C1BPB3,a0_sd,1810,1810,0.0005524861878453039,0.0,Health Care,small
BBG00KL71SF7,down_exh,320,320,0.003125,0.0,Health Care,small
BBG00KL71SF7,sup_hold,320,320,0.003125,0.0,Health Care,small
BBG00KL71SF7,up_exh,320,320,0.003125,0.0,Health Care,small
BBG00KL71SF7,res_hold,320,320,0.003125,0.0,Health Care,small
BBG00KL71SF7,holding_balance,320,320,0.003125,0.0,Health Care,small
BBG00KL71SF7,exhaustion_balance,320,320,0.003125,0.0,Health Care,small
BBG00KL71SF7,a0_sd,320,320,0.003125,0.0,Health Care,small
BBG00KK0CT96,down_exh,609,609,0.0016420361247947454,0.0,Industrials,small
BBG00KK0CT96,sup_hold,609,609,0.0016420361247947454,0.0,Industrials,small
BBG00KK0CT96,up_exh,609,609,0.0016420361247947454,0.0,Industrials,small
BBG00KK0CT96,res_hold,609,609,0.0016420361247947454,0.0,Industrials,small
BBG00KK0CT96,holding_balance,609,609,0.0016420361247947454,0.0,Industrials,small
BBG00KK0CT96,exhaustion_balance,609,609,0.0016420361247947454,0.0,Industrials,small
BBG00KK0CT96,a0_sd,609,609,0.0016420361247947454,0.0,Industrials,small
BBG000VZHMK8,down_exh,1311,1311,0.0007627765064836003,0.0,Industrials,small
BBG000VZHMK8,sup_hold,1311,1311,0.0007627765064836003,0.0,Industrials,small
BBG000VZHMK8,up_exh,1311,1311,0.0007627765064836003,0.0,Industrials,small
BBG000VZHMK8,res_hold,1311,1310,0.0015255530129672007,0.0,Industrials,small
BBG000VZHMK8,holding_balance,1311,1311,0.0007627765064836003,0.0,Industrials,small
BBG000VZHMK8,exhaustion_balance,1311,1311,0.0007627765064836003,0.0,Industrials,small
BBG000VZHMK8,a0_sd,1311,1311,0.0007627765064836003,0.0,Industrials,small
BBG000BS5GM0,down_exh,6393,6392,0.00031284217112466763,0.0,Industrials,small
BBG000BS5GM0,sup_hold,6393,6393,0.00015642108556233381,0.0,Industrials,small
BBG000BS5GM0,up_exh,6393,6393,0.00015642108556233381,0.0,Industrials,small
BBG000BS5GM0,res_hold,6393,6390,0.00031284217112466763,0.0,Industrials,small
BBG000BS5GM0,holding_balance,6393,6393,0.00015642108556233381,0.0,Industrials,small
BBG000BS5GM0,exhaustion_balance,6393,6393,0.00015642108556233381,0.0,Industrials,small
BBG000BS5GM0,a0_sd,6393,6393,0.00015642108556233381,0.0,Industrials,small
BBG000BC83W0,down_exh,780,780,0.001282051282051282,0.0,Industrials,small
BBG000BC83W0,sup_hold,780,780,0.001282051282051282,0.0,Industrials,small
BBG000BC83W0,up_exh,780,780,0.001282051282051282,0.0,Industrials,small
BBG000BC83W0,res_hold,780,780,0.001282051282051282,0.0,Industrials,small
BBG000BC83W0,holding_balance,780,780,0.001282051282051282,0.0,Industrials,small
BBG000BC83W0,exhaustion_balance,780,780,0.001282051282051282,0.0,Industrials,small
BBG000BC83W0,a0_sd,780,780,0.001282051282051282,0.0,Industrials,small
BBG000BKQP71,down_exh,488,488,0.0020491803278688526,0.0,Industrials,small
BBG000BKQP71,sup_hold,488,488,0.0020491803278688526,0.0,Industrials,small
BBG000BKQP71,up_exh,488,488,0.0020491803278688526,0.0,Industrials,small
BBG000BKQP71,res_hold,488,488,0.0020491803278688526,0.0,Industrials,small
BBG000BKQP71,holding_balance,488,488,0.0020491803278688526,0.0,Industrials,small
BBG000BKQP71,exhaustion_balance,488,488,0.0020491803278688526,0.0,Industrials,small
BBG000BKQP71,a0_sd,488,488,0.0020491803278688526,0.0,Industrials,small
BBG000G9YQZ9,down_exh,2106,2106,0.0004748338081671415,0.0,Industrials,small
BBG000G9YQZ9,sup_hold,2106,2106,0.0004748338081671415,0.0,Industrials,small
BBG000G9YQZ9,up_exh,2106,2106,0.0004748338081671415,0.0,Industrials,small
BBG000G9YQZ9,res_hold,2106,2106,0.0004748338081671415,0.0,Industrials,small
BBG000G9YQZ9,holding_balance,2106,2106,0.0004748338081671415,0.0,Industrials,small
BBG000G9YQZ9,exhaustion_balance,2106,2106,0.0004748338081671415,0.0,Industrials,small
BBG000G9YQZ9,a0_sd,2106,2106,0.0004748338081671415,0.0,Industrials,small
BBG00LXPHFL6,down_exh,1138,1138,0.0008787346221441124,0.0,Industrials,small
BBG00LXPHFL6,sup_hold,1138,1138,0.0008787346221441124,0.0,Industrials,small
BBG00LXPHFL6,up_exh,1138,1138,0.0008787346221441124,0.0,Industrials,small
BBG00LXPHFL6,res_hold,1138,1138,0.0008787346221441124,0.0,Industrials,small
BBG00LXPHFL6,holding_balance,1138,1138,0.0008787346221441124,0.0,Industrials,small
BBG00LXPHFL6,exhaustion_balance,1138,1138,0.0008787346221441124,0.0,Industrials,small
BBG00LXPHFL6,a0_sd,1138,1138,0.0008787346221441124,0.0,Industrials,small
BBG000BQTPS2,down_exh,4755,4755,0.0002103049421661409,0.0,Industrials,small
BBG000BQTPS2,sup_hold,4755,4754,0.0004206098843322818,0.0,Industrials,small
BBG000BQTPS2,up_exh,4755,4755,0.0002103049421661409,0.0,Industrials,small
BBG000BQTPS2,res_hold,4755,4755,0.0002103049421661409,0.0,Industrials,small
BBG000BQTPS2,holding_balance,4755,4755,0.0002103049421661409,0.0,Industrials,small
BBG000BQTPS2,exhaustion_balance,4755,4755,0.0002103049421661409,0.0,Industrials,small
BBG000BQTPS2,a0_sd,4755,4755,0.0002103049421661409,0.0,Industrials,small
BBG00RC6DKS4,down_exh,156,156,0.00641025641025641,0.0,Information Technology,small
BBG00RC6DKS4,sup_hold,156,156,0.00641025641025641,0.0,Information Technology,small
BBG00RC6DKS4,up_exh,156,156,0.00641025641025641,0.0,Information Technology,small
BBG00RC6DKS4,res_hold,156,156,0.00641025641025641,0.0,Information Technology,small
BBG00RC6DKS4,holding_balance,156,156,0.00641025641025641,0.0,Information Technology,small
BBG00RC6DKS4,exhaustion_balance,156,156,0.00641025641025641,0.0,Information Technology,small
BBG00RC6DKS4,a0_sd,156,156,0.00641025641025641,0.0,Information Technology,small
BBG000BTTCQ7,down_exh,2480,2480,0.0004032258064516129,0.0,Information Technology,small
BBG000BTTCQ7,sup_hold,2480,2480,0.0004032258064516129,0.0,Information Technology,small
BBG000BTTCQ7,up_exh,2480,2480,0.0004032258064516129,0.0,Information Technology,small
BBG000BTTCQ7,res_hold,2480,2480,0.0004032258064516129,0.0,Information Technology,small
BBG000BTTCQ7,holding_balance,2480,2480,0.0004032258064516129,0.0,Information Technology,small
BBG000BTTCQ7,exhaustion_balance,2480,2480,0.0004032258064516129,0.0,Information Technology,small
BBG000BTTCQ7,a0_sd,2480,2480,0.0004032258064516129,0.0,Information Technology,small
BBG000BZ5986,down_exh,137,137,0.0072992700729927005,0.0,Information Technology,small
BBG000BZ5986,sup_hold,137,137,0.0072992700729927005,0.0,Information Technology,small
BBG000BZ5986,up_exh,137,137,0.0072992700729927005,0.0,Information Technology,small
BBG000BZ5986,res_hold,137,137,0.0072992700729927005,0.0,Information Technology,small
BBG000BZ5986,holding_balance,137,137,0.0072992700729927005,0.0,Information Technology,small
BBG000BZ5986,exhaustion_balance,137,137,0.0072992700729927005,0.0,Information Technology,small
BBG000BZ5986,a0_sd,137,137,0.0072992700729927005,0.0,Information Technology,small
BBG000BQ6PD3,down_exh,319,319,0.003134796238244514,0.0,Information Technology,small
BBG000BQ6PD3,sup_hold,319,319,0.003134796238244514,0.0,Information Technology,small
BBG000BQ6PD3,up_exh,319,319,0.003134796238244514,0.0,Information Technology,small
BBG000BQ6PD3,res_hold,319,319,0.003134796238244514,0.0,Information Technology,small
BBG000BQ6PD3,holding_balance,319,319,0.003134796238244514,0.0,Information Technology,small
BBG000BQ6PD3,exhaustion_balance,319,319,0.003134796238244514,0.0,Information Technology,small
BBG000BQ6PD3,a0_sd,319,319,0.003134796238244514,0.0,Information Technology,small
BBG0084BC0J9,down_exh,2059,2059,0.00048567265662943174,0.0,Information Technology,small
BBG0084BC0J9,sup_hold,2059,2059,0.00048567265662943174,0.0,Information Technology,small
BBG0084BC0J9,up_exh,2059,2059,0.00048567265662943174,0.0,Information Technology,small
BBG0084BC0J9,res_hold,2059,2059,0.00048567265662943174,0.0,Information Technology,small
BBG0084BC0J9,holding_balance,2059,2059,0.00048567265662943174,0.0,Information Technology,small
BBG0084BC0J9,exhaustion_balance,2059,2059,0.00048567265662943174,0.0,Information Technology,small
BBG0084BC0J9,a0_sd,2059,2059,0.00048567265662943174,0.0,Information Technology,small
BBG000HSM870,down_exh,880,880,0.0011363636363636363,0.0,Information Technology,small
BBG000HSM870,sup_hold,880,880,0.0011363636363636363,0.0,Information Technology,small
BBG000HSM870,up_exh,880,880,0.0011363636363636363,0.0,Information Technology,small
BBG000HSM870,res_hold,880,880,0.0011363636363636363,0.0,Information Technology,small
BBG000HSM870,holding_balance,880,880,0.0011363636363636363,0.0,Information Technology,small
BBG000HSM870,exhaustion_balance,880,880,0.0011363636363636363,0.0,Information Technology,small
BBG000HSM870,a0_sd,880,880,0.0011363636363636363,0.0,Information Technology,small
BBG000PZGM26,down_exh,1642,1642,0.0006090133982947625,0.0,Information Technology,small
BBG000PZGM26,sup_hold,1642,1642,0.0006090133982947625,0.0,Information Technology,small
BBG000PZGM26,up_exh,1642,1642,0.0006090133982947625,0.0,Information Technology,small
BBG000PZGM26,res_hold,1642,1642,0.0006090133982947625,0.0,Information Technology,small
BBG000PZGM26,holding_balance,1642,1642,0.0006090133982947625,0.0,Information Technology,small
BBG000PZGM26,exhaustion_balance,1642,1642,0.0006090133982947625,0.0,Information Technology,small
BBG000PZGM26,a0_sd,1642,1642,0.0006090133982947625,0.0,Information Technology,small
BBG000R0L737,down_exh,3921,3921,0.0002550369803621525,0.0,Information Technology,small
BBG000R0L737,sup_hold,3921,3921,0.0002550369803621525,0.0,Information Technology,small
BBG000R0L737,up_exh,3921,3921,0.0002550369803621525,0.0,Information Technology,small
BBG000R0L737,res_hold,3921,3921,0.0002550369803621525,0.0,Information Technology,small
BBG000R0L737,holding_balance,3921,3921,0.0002550369803621525,0.0,Information Technology,small
BBG000R0L737,exhaustion_balance,3921,3921,0.0002550369803621525,0.0,Information Technology,small
BBG000R0L737,a0_sd,3921,3921,0.0002550369803621525,0.0,Information Technology,small
BBG000BHV1H4,down_exh,59,59,0.01694915254237288,0.0,Information Technology,small
BBG000BHV1H4,sup_hold,59,59,0.01694915254237288,0.0,Information Technology,small
BBG000BHV1H4,up_exh,59,59,0.01694915254237288,0.0,Information Technology,small
BBG000BHV1H4,res_hold,59,59,0.01694915254237288,0.0,Information Technology,small
BBG000BHV1H4,holding_balance,59,59,0.01694915254237288,0.0,Information Technology,small
BBG000BHV1H4,exhaustion_balance,59,59,0.01694915254237288,0.0,Information Technology,small
BBG000BHV1H4,a0_sd,59,59,0.01694915254237288,0.0,Information Technology,small
BBG000BMFZJ4,down_exh,477,477,0.0020964360587002098,0.0,Materials,small
BBG000BMFZJ4,sup_hold,477,477,0.0020964360587002098,0.0,Materials,small
BBG000BMFZJ4,up_exh,477,477,0.0020964360587002098,0.0,Materials,small
BBG000BMFZJ4,res_hold,477,477,0.0020964360587002098,0.0,Materials,small
BBG000BMFZJ4,holding_balance,477,477,0.0020964360587002098,0.0,Materials,small
BBG000BMFZJ4,exhaustion_balance,477,477,0.0020964360587002098,0.0,Materials,small
BBG000BMFZJ4,a0_sd,477,477,0.0020964360587002098,0.0,Materials,small
BBG000BB6434,down_exh,1096,1096,0.0009124087591240876,0.0,Materials,small
BBG000BB6434,sup_hold,1096,1096,0.0009124087591240876,0.0,Materials,small
BBG000BB6434,up_exh,1096,1096,0.0009124087591240876,0.0,Materials,small
BBG000BB6434,res_hold,1096,1096,0.0009124087591240876,0.0,Materials,small
BBG000BB6434,holding_balance,1096,1096,0.0009124087591240876,0.0,Materials,small
BBG000BB6434,exhaustion_balance,1096,1096,0.0009124087591240876,0.0,Materials,small
BBG000BB6434,a0_sd,1096,1096,0.0009124087591240876,0.0,Materials,small
BBG00R40T593,down_exh,4709,4709,0.00021235931195582927,0.0,Materials,small
BBG00R40T593,sup_hold,4709,4706,0.00042471862391165854,0.0,Materials,small
BBG00R40T593,up_exh,4709,4709,0.00021235931195582927,0.0,Materials,small
BBG00R40T593,res_hold,4709,4707,0.00042471862391165854,0.0,Materials,small
BBG00R40T593,holding_balance,4709,4709,0.00021235931195582927,0.0,Materials,small
BBG00R40T593,exhaustion_balance,4709,4709,0.00021235931195582927,0.0,Materials,small
BBG00R40T593,a0_sd,4709,4709,0.00021235931195582927,0.0,Materials,small
BBG000BLW6G4,down_exh,6393,6392,0.00031284217112466763,0.0,Materials,small
BBG000BLW6G4,sup_hold,6393,6390,0.00031284217112466763,0.0,Materials,small
BBG000BLW6G4,up_exh,6393,6393,0.00015642108556233381,0.0,Materials,small
BBG000BLW6G4,res_hold,6393,6391,0.00031284217112466763,0.0,Materials,small
BBG000BLW6G4,holding_balance,6393,6393,0.00015642108556233381,0.0,Materials,small
BBG000BLW6G4,exhaustion_balance,6393,6393,0.00015642108556233381,0.0,Materials,small
BBG000BLW6G4,a0_sd,6393,6393,0.00015642108556233381,0.0,Materials,small
BBG000D7RF60,down_exh,83,83,0.012048192771084338,0.0,Materials,small
BBG000D7RF60,sup_hold,83,83,0.012048192771084338,0.0,Materials,small
BBG000D7RF60,up_exh,83,83,0.012048192771084338,0.0,Materials,small
BBG000D7RF60,res_hold,83,83,0.012048192771084338,0.0,Materials,small
BBG000D7RF60,holding_balance,83,83,0.012048192771084338,0.0,Materials,small
BBG000D7RF60,exhaustion_balance,83,83,0.012048192771084338,0.0,Materials,small
BBG000D7RF60,a0_sd,83,83,0.012048192771084338,0.0,Materials,small
BBG00DM0B9H6,down_exh,1120,1120,0.0008928571428571428,0.0,Materials,small
BBG00DM0B9H6,sup_hold,1120,1120,0.0008928571428571428,0.0,Materials,small
BBG00DM0B9H6,up_exh,1120,1120,0.0008928571428571428,0.0,Materials,small
BBG00DM0B9H6,res_hold,1120,1120,0.0008928571428571428,0.0,Materials,small
BBG00DM0B9H6,holding_balance,1120,1120,0.0008928571428571428,0.0,Materials,small
BBG00DM0B9H6,exhaustion_balance,1120,1120,0.0008928571428571428,0.0,Materials,small
BBG00DM0B9H6,a0_sd,1120,1120,0.0008928571428571428,0.0,Materials,small
BBG000BDTVX2,down_exh,656,656,0.001524390243902439,0.0,Materials,small
BBG000BDTVX2,sup_hold,656,656,0.001524390243902439,0.0,Materials,small
BBG000BDTVX2,up_exh,656,656,0.001524390243902439,0.0,Materials,small
BBG000BDTVX2,res_hold,656,656,0.001524390243902439,0.0,Materials,small
BBG000BDTVX2,holding_balance,656,656,0.001524390243902439,0.0,Materials,small
BBG000BDTVX2,exhaustion_balance,656,656,0.001524390243902439,0.0,Materials,small
BBG000BDTVX2,a0_sd,656,656,0.001524390243902439,0.0,Materials,small
BBG006N4NZL6,down_exh,28,28,0.03571428571428571,0.0,Materials,small
BBG006N4NZL6,sup_hold,28,28,0.03571428571428571,0.0,Materials,small
BBG006N4NZL6,up_exh,28,28,0.03571428571428571,0.0,Materials,small
BBG006N4NZL6,res_hold,28,28,0.03571428571428571,0.0,Materials,small
BBG006N4NZL6,holding_balance,28,28,0.03571428571428571,0.0,Materials,small
BBG006N4NZL6,exhaustion_balance,28,28,0.03571428571428571,0.0,Materials,small
BBG006N4NZL6,a0_sd,28,28,0.03571428571428571,0.0,Materials,small
BBG007SV9201,down_exh,140,140,0.007142857142857143,0.0,Real Estate,small
BBG007SV9201,sup_hold,140,140,0.007142857142857143,0.0,Real Estate,small
BBG007SV9201,up_exh,140,140,0.007142857142857143,0.0,Real Estate,small
BBG007SV9201,res_hold,140,140,0.007142857142857143,0.0,Real Estate,small
BBG007SV9201,holding_balance,140,140,0.007142857142857143,0.0,Real Estate,small
BBG007SV9201,exhaustion_balance,140,140,0.007142857142857143,0.0,Real Estate,small
BBG007SV9201,a0_sd,140,140,0.007142857142857143,0.0,Real Estate,small
BBG008P7QD48,down_exh,188,188,0.005319148936170213,0.0,Real Estate,small
BBG008P7QD48,sup_hold,188,188,0.005319148936170213,0.0,Real Estate,small
BBG008P7QD48,up_exh,188,188,0.005319148936170213,0.0,Real Estate,small
BBG008P7QD48,res_hold,188,188,0.005319148936170213,0.0,Real Estate,small
BBG008P7QD48,holding_balance,188,188,0.005319148936170213,0.0,Real Estate,small
BBG008P7QD48,exhaustion_balance,188,188,0.005319148936170213,0.0,Real Estate,small
BBG008P7QD48,a0_sd,188,188,0.005319148936170213,0.0,Real Estate,small
BBG0060N2LP9,down_exh,138,138,0.007246376811594203,0.0,Real Estate,small
BBG0060N2LP9,sup_hold,138,138,0.007246376811594203,0.0,Real Estate,small
BBG0060N2LP9,up_exh,138,138,0.007246376811594203,0.0,Real Estate,small
BBG0060N2LP9,res_hold,138,138,0.007246376811594203,0.0,Real Estate,small
BBG0060N2LP9,holding_balance,138,138,0.007246376811594203,0.0,Real Estate,small
BBG0060N2LP9,exhaustion_balance,138,138,0.007246376811594203,0.0,Real Estate,small
BBG0060N2LP9,a0_sd,138,138,0.007246376811594203,0.0,Real Estate,small
BBG000BGRDL0,down_exh,2605,2605,0.00038387715930902113,0.0,Real Estate,small
BBG000BGRDL0,sup_hold,2605,2605,0.00038387715930902113,0.0,Real Estate,small
BBG000BGRDL0,up_exh,2605,2604,0.0007677543186180423,0.0,Real Estate,small
BBG000BGRDL0,res_hold,2605,2604,0.0007677543186180423,0.0,Real Estate,small
BBG000BGRDL0,holding_balance,2605,2605,0.00038387715930902113,0.0,Real Estate,small
BBG000BGRDL0,exhaustion_balance,2605,2605,0.00038387715930902113,0.0,Real Estate,small
BBG000BGRDL0,a0_sd,2605,2605,0.00038387715930902113,0.0,Real Estate,small
BBG00WHM4C83,down_exh,679,679,0.0014727540500736377,0.0,Real Estate,small
BBG00WHM4C83,sup_hold,679,679,0.0014727540500736377,0.0,Real Estate,small
BBG00WHM4C83,up_exh,679,679,0.0014727540500736377,0.0,Real Estate,small
BBG00WHM4C83,res_hold,679,679,0.0014727540500736377,0.0,Real Estate,small
BBG00WHM4C83,holding_balance,679,679,0.0014727540500736377,0.0,Real Estate,small
BBG00WHM4C83,exhaustion_balance,679,679,0.0014727540500736377,0.0,Real Estate,small
BBG00WHM4C83,a0_sd,679,679,0.0014727540500736377,0.0,Real Estate,small
BBG000C43860,down_exh,5693,5692,0.0003513086246267346,0.0,Real Estate,small
BBG000C43860,sup_hold,5693,5690,0.0003513086246267346,0.0,Real Estate,small
BBG000C43860,up_exh,5693,5693,0.0001756543123133673,0.0,Real Estate,small
BBG000C43860,res_hold,5693,5692,0.0003513086246267346,0.0,Real Estate,small
BBG000C43860,holding_balance,5693,5691,0.0003513086246267346,0.0,Real Estate,small
BBG000C43860,exhaustion_balance,5693,5693,0.0001756543123133673,0.0,Real Estate,small
BBG000C43860,a0_sd,5693,5693,0.0001756543123133673,0.0,Real Estate,small
BBG000BL34D4,down_exh,2345,2345,0.00042643923240938164,0.0,Real Estate,small
BBG000BL34D4,sup_hold,2345,2344,0.0008528784648187633,0.0,Real Estate,small
BBG000BL34D4,up_exh,2345,2345,0.00042643923240938164,0.0,Real Estate,small
BBG000BL34D4,res_hold,2345,2345,0.00042643923240938164,0.0,Real Estate,small
BBG000BL34D4,holding_balance,2345,2345,0.00042643923240938164,0.0,Real Estate,small
BBG000BL34D4,exhaustion_balance,2345,2345,0.00042643923240938164,0.0,Real Estate,small
BBG000BL34D4,a0_sd,2345,2345,0.00042643923240938164,0.0,Real Estate,small
BBG00L17LGN2,down_exh,1191,1191,0.0008396305625524769,0.0,Real Estate,small
BBG00L17LGN2,sup_hold,1191,1191,0.0008396305625524769,0.0,Real Estate,small
BBG00L17LGN2,up_exh,1191,1191,0.0008396305625524769,0.0,Real Estate,small
BBG00L17LGN2,res_hold,1191,1191,0.0008396305625524769,0.0,Real Estate,small
BBG00L17LGN2,holding_balance,1191,1191,0.0008396305625524769,0.0,Real Estate,small
BBG00L17LGN2,exhaustion_balance,1191,1191,0.0008396305625524769,0.0,Real Estate,small
BBG00L17LGN2,a0_sd,1191,1191,0.0008396305625524769,0.0,Real Estate,small
BBG000D8KWS4,down_exh,658,658,0.001519756838905775,0.0,Utilities,small
BBG000D8KWS4,sup_hold,658,658,0.001519756838905775,0.0,Utilities,small
BBG000D8KWS4,up_exh,658,658,0.001519756838905775,0.0,Utilities,small
BBG000D8KWS4,res_hold,658,658,0.001519756838905775,0.0,Utilities,small
BBG000D8KWS4,holding_balance,658,658,0.001519756838905775,0.0,Utilities,small
BBG000D8KWS4,exhaustion_balance,658,658,0.001519756838905775,0.0,Utilities,small
BBG000D8KWS4,a0_sd,658,658,0.001519756838905775,0.0,Utilities,small
BBG000JNX2J7,down_exh,388,388,0.002577319587628866,0.0,Utilities,small
BBG000JNX2J7,sup_hold,388,388,0.002577319587628866,0.0,Utilities,small
BBG000JNX2J7,up_exh,388,388,0.002577319587628866,0.0,Utilities,small
BBG000JNX2J7,res_hold,388,388,0.002577319587628866,0.0,Utilities,small
BBG000JNX2J7,holding_balance,388,388,0.002577319587628866,0.0,Utilities,small
BBG000JNX2J7,exhaustion_balance,388,388,0.002577319587628866,0.0,Utilities,small
BBG000JNX2J7,a0_sd,388,388,0.002577319587628866,0.0,Utilities,small
