test,state,block,horizon,stocks,bars,adequate,equal_stock_mean,median_stock_median,equal_stock_positive_fraction,equal_stock_mean_abs,median_stock_p5,median_stock_p10,median_stock_es5,median_stock_neg_share,median_stock_pos_share
quintile_a0_sd,Q1,2000-2004,1,92,10855,1,0.029025322450693804,0.02732696647797141,0.513021274492864,0.6018903968025896,-1.1674306781992332,-0.859606545254914,-1.6560650685080156,0.48167370290410816,0.518326297095892
quintile_a0_sd,Q1,2000-2004,5,92,10857,1,0.15168500087943046,0.21424031080230765,0.5544774457959091,1.394056831411051,-2.546895949058115,-1.8990506272841126,-3.454742393209757,0.4410627664320471,0.5589372335679529
quintile_a0_sd,Q1,2000-2004,10,92,10856,1,0.29498711457391147,0.47839117962340844,0.5819562707104299,1.9102899389328534,-3.2677903955197047,-2.4337495277688754,-4.122844887362946,0.4125599424553028,0.5874400575446972
quintile_a0_sd,Q1,2000-2004,20,92,10857,1,0.6645782397671645,0.7481370755823091,0.6172324238245789,2.5726819742215246,-3.8913604358382754,-2.6961105657281212,-4.7672436116886825,0.36500062528644517,0.6349993747135547
quintile_a0_sd,Q1,2005-2009,1,137,27110,1,0.022780644057882576,0.02327028260946048,0.512919703369407,0.5960129198343581,-1.2125620668730273,-0.90717847436806,-1.6886647851348005,0.48188979691619266,0.5181102030838073
quintile_a0_sd,Q1,2005-2009,5,137,27110,1,0.05473929777631571,0.14954474333186232,0.5361087567462319,1.2839720962080658,-2.634945099962078,-1.9609536967589283,-3.567061229891998,0.47001077286150506,0.5299892271384951
quintile_a0_sd,Q1,2005-2009,10,137,27110,1,0.07780155634102037,0.2412618299212439,0.5445728890404845,1.771057822699755,-3.670939798410392,-2.6916619484062876,-4.810167291162247,0.4748403904987408,0.5251596095012591
quintile_a0_sd,Q1,2005-2009,20,137,27110,1,0.1380440637148522,0.36652957103234507,0.5511580243826195,2.4416715036860315,-4.8262029935432516,-3.5141060363638035,-6.2503225579353066,0.4474952492948137,0.5525047507051863
quintile_a0_sd,Q1,2010-2014,1,128,23833,1,0.02758579605982265,0.04862081171831967,0.524169369449887,0.6079981705341546,-1.2432850874385255,-0.896168454209769,-1.8401617484373438,0.4793735348518108,0.5206264651481891
quintile_a0_sd,Q1,2010-2014,5,128,23833,1,0.13866516477297333,0.2574761404708654,0.5549412818094295,1.3647992246162626,-2.6852572396691103,-1.8974064061928535,-3.7368803684078826,0.45294338622035923,0.5470566137796409
quintile_a0_sd,Q1,2010-2014,10,128,23833,1,0.2695616207570899,0.45153086911562956,0.5725489117254782,1.819849131008537,-3.1942142801981412,-2.332649522766263,-4.3166013810385575,0.4201981089771297,0.5798018910228702
quintile_a0_sd,Q1,2010-2014,20,128,23833,1,0.6636253302934236,0.7942370317751191,0.6057735784564772,2.5395261310297066,-3.9866724057216802,-2.876252225451725,-5.089060928877092,0.3718916589140576,0.6281083410859423
quintile_a0_sd,Q1,2015-2019,1,188,36032,1,0.032147529603133565,0.057514112271448044,0.5358984211298569,0.5724182956847704,-1.1955906493688326,-0.8711711220417175,-1.7545262974122613,0.4740841872783548,0.5259158127216452
quintile_a0_sd,Q1,2015-2019,5,188,36032,1,0.15930734451700934,0.2350453220478424,0.5666998506599407,1.2696228617483996,-2.609537635953653,-1.8486489475258496,-3.50663010641016,0.44502234697725707,0.5549776530227428
quintile_a0_sd,Q1,2015-2019,10,188,36031,1,0.27912499592624357,0.4205318034363123,0.577092221359701,1.825376694285557,-3.567369525471047,-2.541028216798207,-4.762323500792757,0.4352221176294049,0.5647778823705949
quintile_a0_sd,Q1,2015-2019,20,188,36032,1,0.5485084741243562,0.7200837940716085,0.5936852113849114,2.607283434247212,-4.562394322511104,-3.463675875593478,-5.939659388823317,0.3957895333063275,0.6042104666936726
quintile_a0_sd,Q1,2020-2026,1,279,73774,1,0.006067165666164902,0.032843466221577695,0.5177845530211683,0.6064394477868643,-1.256541008467523,-0.8957742632257143,-1.9847764210875607,0.4913638292465325,0.5086361707534676
quintile_a0_sd,Q1,2020-2026,5,279,73530,1,0.00925286832890352,0.16095410488840906,0.5420114087213734,1.364394080968742,-2.819370763571163,-1.947952858165118,-4.409373359444335,0.48964456866369116,0.5103554313363087
quintile_a0_sd,Q1,2020-2026,10,279,73243,1,1.4311624892185413e-05,0.28516029235654544,0.5529810476546974,1.9700452234304011,-3.9009184208456364,-2.694751797303423,-6.279218859645078,0.4874809613644494,0.5125190386355507
quintile_a0_sd,Q1,2020-2026,20,278,72658,1,0.03152787084042714,0.5029372387509415,0.5631035356539997,2.849120639556852,-5.217804442353369,-3.690600557400991,-7.4239535104347745,0.47173906170868507,0.5282609382913149
quintile_a0_sd,Q1,ALL,1,281,171641,1,0.011452746719808865,0.03829682168157936,0.5182292171725595,0.5957845577752582,-1.2453507693100598,-0.8998942388909822,-1.882658959184913,0.4846184288975834,0.5153815711024169
quintile_a0_sd,Q1,ALL,5,281,171399,1,0.042262572476063576,0.16365654933163074,0.5439777121656636,1.3403870985298163,-2.7619048838170204,-1.9496649552399652,-4.159505764977439,0.4754347805550753,0.5245652194449247
quintile_a0_sd,Q1,ALL,10,281,171110,1,0.06855612101619961,0.3051489799137125,0.5528019980317532,1.9078186589034063,-3.8120994710835934,-2.658051100000307,-5.885673990771414,0.46551906464210935,0.5344809353578905
quintile_a0_sd,Q1,ALL,20,280,170527,1,0.14164328594972833,0.5489533243591758,0.5670732252933638,2.7573999966444847,-5.205882600599741,-3.655323702408221,-7.280625887892732,0.4493019385829431,0.550698061417057
quintile_a0_sd,Q2,2000-2004,1,97,11755,1,0.02978249201522593,0.027551429511404157,0.5188315679280943,0.5357914797203874,-1.0731282288621318,-0.7980584433746305,-1.4764818546387004,0.4765383946259295,0.5234616053740704
quintile_a0_sd,Q2,2000-2004,5,97,11753,1,0.08362345886311898,0.15785825196865597,0.5406568560607387,1.2668975011790755,-2.552183789319942,-1.9144314020688116,-3.325493192111139,0.4690896177679597,0.5309103822320403
quintile_a0_sd,Q2,2000-2004,10,97,11754,1,0.15196584699227736,0.3724780504960443,0.558854659933101,1.8341251050871334,-3.45786559717456,-2.544178326382196,-4.578266333199943,0.44406121572218227,0.5559387842778178
quintile_a0_sd,Q2,2000-2004,20,97,11756,1,0.23424204674944643,0.6945780287374842,0.5699339514567674,2.5853939226170977,-4.700500000098079,-3.4866937299708525,-5.888644126510803,0.41373996492154286,0.5862600350784571
quintile_a0_sd,Q2,2005-2009,1,137,26702,1,0.0033223359611443373,0.016339684043501505,0.506512457705339,0.5392334791006401,-1.112578328110156,-0.8460599622892188,-1.5578401863079698,0.49753045658175243,0.5024695434182476
quintile_a0_sd,Q2,2005-2009,5,137,26702,1,0.009864193818643917,0.07783443706929502,0.5157953503488305,1.2121787739092205,-2.5588701019455593,-1.880265518044614,-3.491406186434326,0.49215614780903133,0.5078438521909686
quintile_a0_sd,Q2,2005-2009,10,137,26702,1,-0.03595739420868075,0.09573008453487192,0.511066972185474,1.7161531155454497,-3.6779527963018546,-2.6494492388490096,-4.907029591389034,0.4915461156322293,0.508453884367771
quintile_a0_sd,Q2,2005-2009,20,137,26702,1,-0.018876093822220545,0.22170636609850905,0.5188867976166374,2.491406696357681,-5.252211425955162,-3.8095153529965717,-6.884634261010135,0.49358073073569425,0.5064192692643057
quintile_a0_sd,Q2,2010-2014,1,130,23550,1,0.012206165596600767,0.0360748130387263,0.5170666481240845,0.5533559094308038,-1.125378460457402,-0.8403160779765746,-1.5867253189736865,0.4808296817117176,0.5191703182882823
quintile_a0_sd,Q2,2010-2014,5,130,23550,1,0.07166584493926903,0.2037061533923949,0.5417537476241953,1.312349075066421,-2.6251134011817845,-1.9035779024303856,-3.577277159250649,0.45106802015420605,0.548931979845794
quintile_a0_sd,Q2,2010-2014,10,130,23550,1,0.17355416557249287,0.45367689885137863,0.5667943228857483,1.8531842211977885,-3.4718104269331347,-2.4899973558571453,-4.63760335143278,0.41846419098043497,0.581535809019565
quintile_a0_sd,Q2,2010-2014,20,130,23550,1,0.34627945412028416,0.768060132983655,0.58558097280256,2.614728042733806,-4.935255816818012,-3.4380920910765855,-6.3694823386850175,0.41104320502127756,0.5889567949787226
quintile_a0_sd,Q2,2015-2019,1,187,36583,1,0.020756584161041213,0.048440415857599825,0.5308525885067208,0.5567360750372226,-1.1610595064880962,-0.8341539821397772,-1.7565869806858851,0.4821808218305372,0.5178191781694628
quintile_a0_sd,Q2,2015-2019,5,187,36583,1,0.07420911976252997,0.17613905807372865,0.544501234902621,1.2833073075328554,-2.741874413006763,-1.9142226208990745,-3.7614168619353068,0.4688688989808567,0.5311311010191435
quintile_a0_sd,Q2,2015-2019,10,187,36584,1,0.16923020101774158,0.33155238493284706,0.5612576305030564,1.8342183973830124,-3.7410002334490975,-2.692544427921944,-4.97146934232019,0.45132642999159595,0.5486735700084042
quintile_a0_sd,Q2,2015-2019,20,187,36584,1,0.3502395836296964,0.5228210546141692,0.5794094111829854,2.597549366348751,-5.207902652751333,-3.659430959791015,-6.606800684382349,0.44087165109269666,0.5591283489073033
quintile_a0_sd,Q2,2020-2026,1,279,73181,1,0.00467958989987765,0.01533579766856399,0.5077256656773403,0.5568002063937956,-1.1489101845069474,-0.8467311707818141,-1.6873003327616904,0.4932633027867248,0.5067366972132754
quintile_a0_sd,Q2,2020-2026,5,279,72943,1,0.018148728861015824,0.11204295324050438,0.5218970090339681,1.3008079968145556,-2.701159566668933,-1.9680748594407316,-3.773325663279361,0.4883707138288058,0.5116292861711943
quintile_a0_sd,Q2,2020-2026,10,279,72695,1,0.0030418800515092832,0.22586654571000966,0.5393388535606835,1.9126642234545286,-3.7863897549807097,-2.776114797710676,-5.407673847590225,0.47793913862999676,0.522060861370003
quintile_a0_sd,Q2,2020-2026,20,278,72282,1,-0.028731715965259103,0.3925169899905274,0.5428685519317228,2.8315083797049274,-5.167863996750291,-3.8248794105020787,-7.49265983527804,0.47453672242842704,0.525463277571573
quintile_a0_sd,Q2,ALL,1,281,171793,1,0.008578735671293912,0.026257470647884265,0.5123906909658713,0.5535616488915915,-1.1547042309152766,-0.844736879204095,-1.7072088342484315,0.4899085806194296,0.5100914193805706
quintile_a0_sd,Q2,ALL,5,281,171553,1,0.030006383456711392,0.1321133038704906,0.5259846338826976,1.291796017045877,-2.712384589045806,-1.9700339263733677,-3.824013587122276,0.48070933084346074,0.5192906691565392
quintile_a0_sd,Q2,ALL,10,281,171307,1,0.026321697173514173,0.24011584772210817,0.540515821995967,1.8968049754498477,-3.8442464273681876,-2.7958745025955305,-5.405946155436609,0.47437609307091716,0.525623906929083
quintile_a0_sd,Q2,ALL,20,281,170900,1,0.011480898296358245,0.4451954639626774,0.5469907122526917,2.7769793268592813,-5.291707449070082,-3.8958553451893247,-7.596459512897127,0.460602125030663,0.5393978749693371
quintile_a0_sd,Q3,2000-2004,1,96,12174,1,0.0130838973985336,0.014277644427135763,0.5044503029299995,0.5156872796774196,-0.9857003109433145,-0.7569995860111866,-1.414394989817553,0.49188995186092205,0.5081100481390779
quintile_a0_sd,Q3,2000-2004,5,96,12174,1,0.07587240400273276,0.09778639718495953,0.5336441468173596,1.2035368569102072,-2.2831718871248485,-1.7245529212250523,-3.1206264177854672,0.4823475255060168,0.5176524744939832
quintile_a0_sd,Q3,2000-2004,10,96,12174,1,0.06944652399716664,0.2456290386868839,0.5423764724901946,1.7749278600951712,-3.585080316963788,-2.5748070434782977,-4.629889124898651,0.49349690830481696,0.5065030916951831
quintile_a0_sd,Q3,2000-2004,20,96,12173,1,0.08432196005425845,0.4439073741611113,0.5509338214975545,2.5539193365497703,-5.207483586444319,-3.6691299067773464,-6.428301203710969,0.478446728607566,0.521553271392434
quintile_a0_sd,Q3,2005-2009,1,136,25739,1,0.0011750614845635692,0.017857991408958176,0.5050662827067107,0.5332153350521324,-1.0662057884779768,-0.792413292272073,-1.4666871393112966,0.49002478552634976,0.5099752144736502
quintile_a0_sd,Q3,2005-2009,5,136,25739,1,0.0004385388198895139,0.07801101848966469,0.5095456332961068,1.2025221014542826,-2.422692671301247,-1.782528472510422,-3.342685070926943,0.48415927940567594,0.5158407205943242
quintile_a0_sd,Q3,2005-2009,10,136,25739,1,0.0007453048099831448,0.11886959065765107,0.5086792978606147,1.689066578773586,-3.4520380375202135,-2.537633251789022,-4.485520658777186,0.4779109814652669,0.522089018534733
quintile_a0_sd,Q3,2005-2009,20,136,25739,1,-0.07834695469641861,0.22881627272775287,0.508854266648846,2.480220748369383,-5.0218326989214015,-3.79347365692316,-6.740358296580592,0.4921071980263088,0.5078928019736911
quintile_a0_sd,Q3,2010-2014,1,131,24380,1,0.009485045429922455,0.035724880557229034,0.5177040871297557,0.5335563255902817,-1.0816452225454025,-0.8018637300076937,-1.504782750145782,0.479353900578075,0.520646099421925
quintile_a0_sd,Q3,2010-2014,5,131,24380,1,0.011219649102309312,0.1692406388988955,0.5312918420667073,1.3034354882233714,-2.6862718981497373,-1.938005463021435,-3.6889820183657602,0.4805217866172243,0.5194782133827757
quintile_a0_sd,Q3,2010-2014,10,131,24380,1,0.06644246927334152,0.31052481061368475,0.5500464030663151,1.8238641208010162,-3.7353701568718662,-2.7043201921759135,-4.805780290926821,0.4691177882095985,0.5308822117904015
quintile_a0_sd,Q3,2010-2014,20,131,24380,1,0.18479768110108258,0.6571892725834283,0.5739530218144929,2.5666334346771564,-5.027284553130853,-3.5758000366047273,-6.518417415571885,0.43739067548913496,0.562609324510865
quintile_a0_sd,Q3,2015-2019,1,186,36870,1,0.00733487494690442,0.031477587544281316,0.5195998588613527,0.5378563268628219,-1.141156310994369,-0.8204933373136226,-1.7050207929007128,0.49874613153185365,0.5012538684681465
quintile_a0_sd,Q3,2015-2019,5,186,36870,1,0.04674720217142552,0.1553963194707636,0.5430829818898695,1.2406392427423758,-2.6081657125874638,-1.9143335426629968,-3.7323424394382894,0.48488017611566336,0.5151198238843365
quintile_a0_sd,Q3,2015-2019,10,186,36870,1,0.12133862136621067,0.2805304731337472,0.5544398427762479,1.7872730213406005,-3.7549114235475463,-2.6658087378539754,-4.843992563857901,0.46688674572818645,0.5331132542718137
quintile_a0_sd,Q3,2015-2019,20,186,36870,1,0.2301811313786326,0.3642272045578915,0.5607184381841879,2.5689566518377958,-5.032311335261721,-3.7626544133348174,-6.704232618624632,0.44394736089968223,0.5560526391003178
quintile_a0_sd,Q3,2020-2026,1,279,72604,1,0.002317224797663838,0.02540893062800528,0.509832517250512,0.5513187952680313,-1.1358356918556523,-0.8290592285994938,-1.6715268278033553,0.4957521759566025,0.5042478240433975
quintile_a0_sd,Q3,2020-2026,5,279,72393,1,0.01863255921726666,0.10623000000274771,0.5225795478769016,1.2958987925870444,-2.6898214971508776,-1.9601751312026545,-3.828278505364202,0.49069376642070456,0.5093062335792954
quintile_a0_sd,Q3,2020-2026,10,279,72169,1,0.01675396465558282,0.12735453918473644,0.5223365036343643,1.859182208945053,-3.8502257596648,-2.833069156636681,-5.2910536643336865,0.49085210715276656,0.5091478928472334
quintile_a0_sd,Q3,2020-2026,20,279,71711,1,-0.0332980190396215,0.3359801659484948,0.5312377590839904,2.770214055363547,-5.303592354638503,-3.9672449488254875,-7.645388096079,0.48912520963864325,0.5108747903613569
quintile_a0_sd,Q3,ALL,1,281,171791,1,0.002331750442254542,0.02364874084819649,0.5089484916042606,0.5433887352780906,-1.1334321936617135,-0.8275173537285349,-1.6918032278715978,0.4937397445466807,0.5062602554533195
quintile_a0_sd,Q3,ALL,5,281,171580,1,0.022012226547786718,0.11190751793703387,0.5250006704941663,1.2766154350625931,-2.6981629594078735,-1.9439363095766145,-3.8612788567188576,0.48289916228824575,0.5171008377117543
quintile_a0_sd,Q3,ALL,10,281,171356,1,0.031844626477420354,0.17313074712206747,0.5276027010453066,1.824815411435327,-3.8550349362665015,-2.7592010066708594,-5.298086426877539,0.47967825765388394,0.5203217423461162
quintile_a0_sd,Q3,ALL,20,281,170897,1,-0.01222531355222097,0.3875638507606505,0.5363549313460166,2.713194697778209,-5.385695602037899,-3.9970406282935587,-7.693335821351144,0.4753681033606478,0.5246318966393523
quintile_a0_sd,Q4,2000-2004,1,96,13159,1,0.0053484218535891715,0.014840011672234914,0.4941249263568462,0.5188492364938379,-1.0135233746099175,-0.7593802948571746,-1.3962869282390673,0.47802559639365527,0.5219744036063447
quintile_a0_sd,Q4,2000-2004,5,96,13159,1,0.00033635435748340564,0.10339910180190806,0.5121747710373844,1.1959711113004676,-2.2797752741002695,-1.722189152337263,-3.150051397794854,0.46982885039556155,0.5301711496044386
quintile_a0_sd,Q4,2000-2004,10,96,13159,1,-0.025895532631738338,0.24694109290513083,0.5212605244553347,1.6650017570378923,-3.202948068395247,-2.4114044600696403,-4.245544390552806,0.468586068582505,0.5314139314174949
quintile_a0_sd,Q4,2000-2004,20,96,13157,1,-0.16200682822217405,0.18115936391688722,0.506158828364312,2.426656988138008,-4.951952368379504,-3.560272846860455,-5.998847610081002,0.5072660608866408,0.49273393911335917
quintile_a0_sd,Q4,2005-2009,1,133,24835,1,-0.008656007098352464,0.0,0.49505614550311894,0.5122721661990232,-1.0526356290399754,-0.7818147068531508,-1.4255612306617464,0.5036123388491037,0.49638766115089616
quintile_a0_sd,Q4,2005-2009,5,133,24835,1,-0.007635753745069606,0.06733756270154885,0.508195697753112,1.155031321834364,-2.3178790736532346,-1.737997823600363,-3.2052401984565666,0.48557231885332114,0.5144276811466788
quintile_a0_sd,Q4,2005-2009,10,133,24834,1,-0.007423253296204575,0.12404386399544531,0.515319734734763,1.6153980536787766,-3.246491905598912,-2.4297217595438685,-4.449872687356011,0.47714068028627643,0.5228593197137237
quintile_a0_sd,Q4,2005-2009,20,133,24834,1,-0.05062333237916205,0.2814979385043595,0.5209776720312087,2.3359687643472102,-4.970897109546978,-3.651128893384936,-6.391881388835339,0.4750566986834803,0.5249433013165199
quintile_a0_sd,Q4,2010-2014,1,130,25355,1,0.019857663906541805,0.02455857795176441,0.5168065843853227,0.5201921739052029,-1.0543636076534642,-0.7704934779673129,-1.4775562606965962,0.47604530567413095,0.523954694325869
quintile_a0_sd,Q4,2010-2014,5,130,25355,1,0.03838670004337148,0.12446744683099203,0.5333479966865432,1.204770100321129,-2.4716901267980385,-1.766840180322038,-3.43208348970557,0.47112358758929407,0.5288764124107059
quintile_a0_sd,Q4,2010-2014,10,130,25355,1,0.07947029115220958,0.27090021370340706,0.5512478648486007,1.722628459248982,-3.505566372198574,-2.565665575498391,-4.742504904256776,0.461664764271574,0.5383352357284259
quintile_a0_sd,Q4,2010-2014,20,130,25355,1,0.084885014789245,0.4645582811818417,0.551856966432495,2.5186205241883752,-5.145297294034981,-3.702101395328573,-6.966964209403292,0.4708578998112497,0.5291421001887504
quintile_a0_sd,Q4,2015-2019,1,187,36121,1,-0.0023994078934737053,0.03594582373337629,0.5190372052672331,0.5211010554616718,-1.0944825217932486,-0.7949000931716094,-1.6425181242390972,0.49208444160361775,0.5079155583963822
quintile_a0_sd,Q4,2015-2019,5,187,36121,1,-0.006938148281522579,0.10605790566775017,0.5264523596939841,1.242830725441792,-2.561260716716712,-1.849396493691723,-3.676725760685868,0.5004374021469813,0.49956259785301876
quintile_a0_sd,Q4,2015-2019,10,187,36121,1,0.0105588527448622,0.12307224408380972,0.5303237019230016,1.8020229648306507,-3.627780621921842,-2.642587536546895,-4.959248530220979,0.49788071219416596,0.5021192878058341
quintile_a0_sd,Q4,2015-2019,20,187,36121,1,0.028694611401972256,0.2545437499319451,0.5375205841229425,2.5788385398640705,-5.091599286290764,-3.8613192013588074,-6.784250576382175,0.494453619698645,0.505546380301355
quintile_a0_sd,Q4,2020-2026,1,279,72321,1,0.006598126066301383,0.016120836669907403,0.5090664202586571,0.5359931918194225,-1.1073503753066327,-0.8066944031166975,-1.640460560071816,0.4925703147581866,0.5074296852418133
quintile_a0_sd,Q4,2020-2026,5,279,72108,1,0.031122974650917932,0.09135486237312906,0.5229685820387748,1.2567362577287973,-2.6021722473583386,-1.89138240767928,-3.685457105548226,0.4863960703652815,0.5136039296347185
quintile_a0_sd,Q4,2020-2026,10,279,71791,1,0.05548935532172252,0.13394047504758086,0.5289536072970379,1.8075196128507116,-3.72141757336078,-2.7221859611927415,-5.12241240512508,0.4851681244290742,0.5148318755709257
quintile_a0_sd,Q4,2020-2026,20,279,71249,1,0.02088136901677328,0.22543243987909936,0.5281639531759047,2.6028728250739834,-5.18944135136475,-3.775861583720361,-7.245283289151594,0.4926233871665509,0.5073766128334491
quintile_a0_sd,Q4,ALL,1,281,171811,1,0.004844383828549285,0.018590123537142136,0.5086518024796535,0.5279588773143843,-1.0959272100566912,-0.797138707912553,-1.6236245818840036,0.4938943031390156,0.5061056968609844
quintile_a0_sd,Q4,ALL,5,281,171598,1,0.021817411209841563,0.09604525486263583,0.5222473408130348,1.240974995430375,-2.5740334708288266,-1.8670210325894825,-3.7383771356758078,0.48629446320275804,0.513705536797242
quintile_a0_sd,Q4,ALL,10,281,171280,1,0.04209512658561754,0.15630837997049654,0.530562999176051,1.7860446950239395,-3.678448843790969,-2.6581145953672993,-5.170198723433517,0.4862771169100951,0.5137228830899048
quintile_a0_sd,Q4,ALL,20,281,170736,1,0.03596009534504915,0.27326025173586954,0.5322210219310316,2.5585568039654523,-5.274322933271571,-3.8045672109791693,-7.334135984274319,0.48619436588647774,0.5138056341135222
quintile_a0_sd,Q5,2000-2004,1,97,13220,1,-0.02479308122375501,0.0,0.48685411714446875,0.5025941074928607,-1.0070475175924278,-0.757385676941083,-1.3501124617832265,0.5113976277422368,0.48860237225776326
quintile_a0_sd,Q5,2000-2004,5,97,13220,1,-0.1365483800494696,0.046200757061577634,0.500044830482468,1.1295446168538557,-2.263380437935204,-1.6942205463496616,-2.9008956818974094,0.5208969396369723,0.4791030603630277
quintile_a0_sd,Q5,2000-2004,10,97,13220,1,-0.14916509763341226,0.06007772373317334,0.4934722911485659,1.5743922452320405,-2.8923936954946354,-2.2362606147119037,-3.822796679741515,0.48643183081136226,0.5135681691886377
quintile_a0_sd,Q5,2000-2004,20,97,13220,1,-0.12487414619340433,0.16631453381789987,0.5105029373205047,2.2328774942503213,-4.157948251819282,-3.14404319537847,-5.055567297313496,0.472564532987533,0.5274354670124669
quintile_a0_sd,Q5,2005-2009,1,133,23264,1,-0.020268815553882335,-0.019975787620539694,0.47975448272849647,0.49657510459637816,-1.0072324717794832,-0.7636831479189049,-1.3788894537054306,0.5166598096606796,0.4833401903393202
quintile_a0_sd,Q5,2005-2009,5,133,23264,1,-0.05246888889823761,0.006404503440615058,0.4926587182188279,1.0839097849529469,-2.2429093100338546,-1.651325465071797,-3.000108219160915,0.5110458310139162,0.4889541689860835
quintile_a0_sd,Q5,2005-2009,10,133,23265,1,-0.04342620298741377,0.08446929299354594,0.5097669873867764,1.5146905835692668,-3.067088540498031,-2.269755868167857,-4.243112929171721,0.48356596062754503,0.5164340393724548
quintile_a0_sd,Q5,2005-2009,20,133,23265,1,-0.0694210349204267,0.2279391054582683,0.5250797299500447,2.1604634331921,-4.458826544355086,-3.31010141818293,-5.744312972388163,0.4867188310274828,0.5132811689725172
quintile_a0_sd,Q5,2010-2014,1,129,26554,1,-0.016814294426708863,0.0,0.4914288138016524,0.4839956301024601,-1.0066957546398347,-0.7394603254956578,-1.437339293974866,0.501854817173259,0.49814518282674086
quintile_a0_sd,Q5,2010-2014,5,129,26554,1,-0.020396001204895535,0.07945254645194366,0.5136399541175244,1.0804274513548517,-2.220393074195863,-1.669531619000692,-3.0572069527403216,0.4899465812519071,0.510053418748093
quintile_a0_sd,Q5,2010-2014,10,129,26554,1,-0.06421298738047232,0.1307045870435259,0.5104140377695232,1.5799051784503908,-3.364612975606655,-2.398330043078174,-4.504987236268854,0.4948848450448795,0.5051151549551205
quintile_a0_sd,Q5,2010-2014,20,129,26554,1,-0.144431389725744,0.2503333804609493,0.518087143165638,2.4215195595227303,-5.111215785989672,-3.8044036818568836,-6.7257760910686,0.5028837963802325,0.49711620361976755
quintile_a0_sd,Q5,2015-2019,1,184,35483,1,8.012379132299705e-06,0.019456166127907217,0.5090870306795482,0.49228784905327116,-1.0282669417787393,-0.7472121290665295,-1.5049523302454164,0.496677407917044,0.503322592082956
quintile_a0_sd,Q5,2015-2019,5,184,35483,1,-0.010323386814891953,0.08784875589796542,0.5220772142598057,1.1532772059529264,-2.384357615980724,-1.7344276741647908,-3.4619387769748946,0.5125317952112125,0.4874682047887875
quintile_a0_sd,Q5,2015-2019,10,184,35483,1,-0.002957666440231727,0.12773090065744924,0.5298714531271942,1.6674059353471675,-3.3758061821427954,-2.464446033671321,-4.743154068355171,0.4978572899124363,0.5021427100875635
quintile_a0_sd,Q5,2015-2019,20,184,35482,1,-0.017871927182787,0.26996152840140686,0.5358730091588045,2.4144430719732854,-4.864253051194652,-3.6037313191544857,-6.368390063707588,0.48630419519952844,0.5136958048004716
quintile_a0_sd,Q5,2020-2026,1,278,73393,1,-0.015798786781605213,0.0020971049001380017,0.49738578157544955,0.5205844345358208,-1.0909299683532374,-0.8023331449910145,-1.6206397978136287,0.5096087167097768,0.4903912832902231
quintile_a0_sd,Q5,2020-2026,5,278,73212,1,-0.05159073156721877,0.031312705778779454,0.5044882963120606,1.2104063133647258,-2.577988895819648,-1.8968983893779976,-3.719715204697181,0.5110451171594637,0.48895488284053634
quintile_a0_sd,Q5,2020-2026,10,277,72926,1,-0.054531365232529494,0.09982505188929375,0.5105973396166004,1.7338956495938829,-3.7616716786884585,-2.704454978505762,-5.083512447928236,0.4993203927626892,0.500679607237311
quintile_a0_sd,Q5,2020-2026,20,277,72196,1,-0.1643941416781033,0.1449033691695086,0.5112290062969967,2.569111337391605,-5.314518342838472,-3.9276417443209706,-7.2089813077130165,0.5098594968764542,0.490140503123546
quintile_a0_sd,Q5,ALL,1,281,171924,1,-0.015631183571666995,0.0,0.4954550193417249,0.5106810332210461,-1.070842778805114,-0.7798755436622128,-1.5824142419961984,0.5092998601437679,0.49070013985623195
quintile_a0_sd,Q5,ALL,5,281,171743,1,-0.059832000270948496,0.03389570654202519,0.5048135025188875,1.1858209303969982,-2.468400205796491,-1.810275369978069,-3.6280456372826757,0.5142647040458134,0.4857352959541867
quintile_a0_sd,Q5,ALL,10,280,171458,1,-0.06978001691314058,0.10353041964179868,0.5100519115534781,1.6995925221103314,-3.5985927588126625,-2.6122132518261982,-5.082698742180844,0.5003699323476977,0.4996300676523022
quintile_a0_sd,Q5,ALL,20,280,170727,1,-0.13465325314768214,0.1887100324810474,0.5132605074722639,2.49101406928799,-5.230499462350822,-3.8037136684021693,-7.245070201596989,0.5006837584521946,0.49931624154780563
quintile_down_exh,Q1,2000-2004,1,92,8301,1,0.02083836746380308,0.02385939410221089,0.5145278715045535,0.5953737078452362,-1.1574686342537084,-0.8370223595098107,-1.644376727037273,0.48142775951475314,0.5185722404852469
quintile_down_exh,Q1,2000-2004,5,92,8303,1,0.16839700551238146,0.23111986769147624,0.5663631225356867,1.3459227260399629,-2.44224404730226,-1.7549227803994527,-3.230675900588092,0.4241035182108016,0.5758964817891984
quintile_down_exh,Q1,2000-2004,10,92,8303,1,0.3748279829389221,0.4608462462005436,0.6040115826086988,1.8060092634619764,-2.935236186141247,-2.0548459654186706,-4.038000647012934,0.38348044448763474,0.6165195555123653
quintile_down_exh,Q1,2000-2004,20,92,8303,1,0.7858140035878656,1.025051215085289,0.6329243133282508,2.4417268796600338,-3.7678969811535037,-2.64450168305743,-4.475231598521809,0.33369962577079826,0.6663003742292017
quintile_down_exh,Q1,2005-2009,1,138,31619,1,0.005810453913708135,0.019678314330039585,0.5095198331969716,0.5897852297825898,-1.214669747497164,-0.930163362020739,-1.694456985402709,0.49311396821659104,0.506886031783409
quintile_down_exh,Q1,2005-2009,5,138,31619,1,-0.0029546418204915983,0.07603357914108763,0.5194738054310367,1.2515577951516381,-2.66371292595755,-2.0082949513057367,-3.6415646863619804,0.49977883629504016,0.5002211637049598
quintile_down_exh,Q1,2005-2009,10,138,31619,1,-0.028787438017919952,0.1982534360581854,0.5282122021445188,1.7485789869855495,-3.7300656214023853,-2.800381603069784,-5.035548105794307,0.5055721620060961,0.49442783799390366
quintile_down_exh,Q1,2005-2009,20,138,31619,1,-0.03304617495277647,0.22149242856993234,0.5309313469300342,2.3800746260218135,-5.086472513027096,-3.5283547104570783,-6.65631797456682,0.48685133531957364,0.5131486646804263
quintile_down_exh,Q1,2010-2014,1,132,18589,1,0.03786742696585247,0.032625738194455065,0.5231298657498094,0.6077287274787071,-1.209865277596053,-0.8739150879904956,-1.814822827555482,0.4678127699721799,0.5321872300278201
quintile_down_exh,Q1,2010-2014,5,132,18589,1,0.1819163077175594,0.25973335946180287,0.5621649520402059,1.3463743484899013,-2.5296270570746744,-1.8302745428099783,-3.4567342189148125,0.4293508522414248,0.5706491477585751
quintile_down_exh,Q1,2010-2014,10,132,18589,1,0.32669116446516455,0.4991354820583659,0.5826413189812971,1.7583731635276783,-3.0443330006546185,-2.1981441826893704,-4.043087517642432,0.38531158195964643,0.6146884180403536
quintile_down_exh,Q1,2010-2014,20,132,18589,1,0.7026760164044797,0.7483125836757591,0.6154253566415121,2.433504111748391,-3.7900784290665763,-2.6551928737530943,-4.771544914674331,0.3481376854877787,0.6518623145122213
quintile_down_exh,Q1,2015-2019,1,189,39542,1,0.032999929130669146,0.05897264225440134,0.536822505819364,0.5591694241990365,-1.168980866523065,-0.8545435887369577,-1.6893163232844421,0.4764288867030699,0.5235711132969302
quintile_down_exh,Q1,2015-2019,5,189,39542,1,0.15790438881486915,0.2338048919498804,0.5679429696324333,1.2393043026248158,-2.4845803094487056,-1.7639208732905924,-3.4978636006543264,0.44406712979906177,0.5559328702009383
quintile_down_exh,Q1,2015-2019,10,189,39543,1,0.2763153559911821,0.3935036796593215,0.5776124635417801,1.7751125703486041,-3.4510144859878773,-2.5241790091643663,-4.711424814044874,0.4334221793812936,0.5665778206187063
quintile_down_exh,Q1,2015-2019,20,189,39543,1,0.5715958465589699,0.7001468345129831,0.6034049039610385,2.4873488950463085,-4.398659893333582,-3.204649081156935,-5.686074433641214,0.39295674169698297,0.6070432583030171
quintile_down_exh,Q1,2020-2026,1,279,73577,1,0.006158985276739759,0.031805616921351185,0.5180953874573984,0.5947720198362403,-1.2255624295653367,-0.8846803664199342,-1.9406341713347508,0.4949768058037419,0.5050231941962579
quintile_down_exh,Q1,2020-2026,5,279,73344,1,-0.00238836346174533,0.14126468782999485,0.5427769871765272,1.334387803099479,-2.8137880626514415,-1.8883882040183488,-4.319062880132602,0.49042869143676726,0.5095713085632327
quintile_down_exh,Q1,2020-2026,10,279,73025,1,-0.04083444327609368,0.2867188028459424,0.5593081354435202,1.9527544527734482,-3.958816350892749,-2.637469649530055,-6.4972079360285875,0.4896621591361804,0.5103378408638195
quintile_down_exh,Q1,2020-2026,20,279,72326,1,0.036733524306888574,0.5179516853352667,0.5684488800998109,2.729912137765264,-5.195739827854913,-3.58152998729317,-7.544631748129597,0.47386587009021847,0.5261341299097816
quintile_down_exh,Q1,ALL,1,281,171643,1,0.011965290227423911,0.03624869479469041,0.5196171002626585,0.5847819175669734,-1.2292917857231185,-0.8875148564708129,-1.844534890521432,0.4854129899969055,0.5145870100030945
quintile_down_exh,Q1,ALL,5,281,171412,1,0.029880924739643634,0.16470250484297339,0.544205976108576,1.3111182656504758,-2.724413895216585,-1.8901126127620789,-4.103506787934427,0.4751859435011235,0.5248140564988766
quintile_down_exh,Q1,ALL,10,281,171094,1,0.02646253229457481,0.3006981745604494,0.55665941913072,1.8877665067443647,-3.760318634694283,-2.5973382864518646,-5.845754654135945,0.46997337378967813,0.5300266262103219
quintile_down_exh,Q1,ALL,20,281,170395,1,0.13626785258662638,0.5237480031857306,0.5694234625994735,2.6293293064230037,-5.040154241870903,-3.5053715093780036,-7.248220015434138,0.4534650244953351,0.5465349755046649
quintile_down_exh,Q2,2000-2004,1,97,12362,1,0.019283520711752117,0.015892424102386952,0.5144793415857076,0.5417556640851385,-1.0586355100095293,-0.7743532121133151,-1.4902509490267972,0.4909153655194592,0.5090846344805408
quintile_down_exh,Q2,2000-2004,5,97,12362,1,0.01988111589578898,0.10643887678959292,0.5205083871213528,1.2891855982001894,-2.5123992592550124,-1.86117055435027,-3.403888285730721,0.47526766894540173,0.5247323310545985
quintile_down_exh,Q2,2000-2004,10,97,12361,1,0.04499940408280394,0.27182995112443115,0.5323488673114892,1.8398959743176704,-3.5236320262665375,-2.6068900314728993,-4.7617243769009985,0.44742071641368897,0.552579283586311
quintile_down_exh,Q2,2000-2004,20,97,12363,1,0.11396981534246921,0.6086829821079291,0.5543334804037936,2.5309294632665544,-4.996348949367643,-3.5410949055413075,-6.152319157354751,0.4306515702207097,0.5693484297792903
quintile_down_exh,Q2,2005-2009,1,136,25471,1,0.006099846186064727,0.02312414231216878,0.5093273803230318,0.5308840288667211,-1.0918295844842518,-0.8080813293176168,-1.4792675116061704,0.49302762649086374,0.5069723735091363
quintile_down_exh,Q2,2005-2009,5,136,25471,1,0.03954130214302456,0.08447253117288628,0.5258163670916147,1.1988959896843676,-2.4723409101885854,-1.8493477294995126,-3.3653830532025877,0.47740446980234086,0.5225955301976593
quintile_down_exh,Q2,2005-2009,10,136,25471,1,0.024581442006474184,0.14849709120468002,0.5204688658563988,1.6883330277586623,-3.461526363862275,-2.5586722488847653,-4.615434929725623,0.4775092560966049,0.522490743903395
quintile_down_exh,Q2,2005-2009,20,136,25471,1,0.034759790023259,0.3066289211775124,0.5226859627544167,2.4915906193102266,-5.106722754658535,-3.7453367980627874,-6.763230305961143,0.48304945811994504,0.5169505418800551
quintile_down_exh,Q2,2010-2014,1,130,25685,1,0.005305902699186692,0.033601051015608716,0.5170464489661293,0.5555702535694463,-1.1536387824192111,-0.8587488447861523,-1.613138101697923,0.48751751019081513,0.5124824898091849
quintile_down_exh,Q2,2010-2014,5,130,25685,1,0.03117739262906496,0.17732485590078856,0.5342975459452097,1.30455170018568,-2.666652046097737,-1.9609956166535056,-3.6345521329499286,0.4661115583396436,0.5338884416603564
quintile_down_exh,Q2,2010-2014,10,130,25685,1,0.1336151631790255,0.4169017151278912,0.5654238567791493,1.8234612279905815,-3.5479786164096723,-2.700025939659376,-4.820664972256951,0.4535059539465153,0.5464940460534846
quintile_down_exh,Q2,2010-2014,20,130,25685,1,0.4071697387142532,0.7227315496260345,0.5911148086669318,2.617387379336014,-4.564688520681155,-3.2745892707371467,-5.937130892916851,0.3934892095710558,0.6065107904289444
quintile_down_exh,Q2,2015-2019,1,188,35147,1,0.009087295871964296,0.04243696624101968,0.5245749986514521,0.5504377244356515,-1.1676349658020495,-0.8289632754870584,-1.7137432548059928,0.4906758187735045,0.5093241812264954
quintile_down_exh,Q2,2015-2019,5,188,35147,1,0.06806909210454723,0.15763890018835378,0.5465225892062707,1.258164738768153,-2.7037900066936444,-1.943216903476559,-3.695500190070642,0.4676425968226225,0.5323574031773775
quintile_down_exh,Q2,2015-2019,10,188,35146,1,0.1571238297310016,0.27754806106014596,0.5606607019529459,1.8211427988610716,-3.778194703398432,-2.694608291725884,-4.881950609151065,0.4642575515735218,0.5357424484264781
quintile_down_exh,Q2,2015-2019,20,188,35147,1,0.32989569509424727,0.4785883319736668,0.5721384218063675,2.6169215743779097,-5.021574275261171,-3.8667347282927134,-6.570655989406239,0.4399342187901091,0.5600657812098911
quintile_down_exh,Q2,2020-2026,1,279,73119,1,0.004855367049391637,0.023332907728881816,0.5063091762065116,0.5537054752473699,-1.1414069646585978,-0.8403695150690296,-1.6661194910547696,0.49335382868196603,0.506646171318034
quintile_down_exh,Q2,2020-2026,5,279,72860,1,0.03334199205211885,0.10110623410385111,0.5232768626464546,1.285889430100048,-2.611140133969041,-1.913068862152731,-3.7538384743882744,0.4798069741734434,0.5201930258265569
quintile_down_exh,Q2,2020-2026,10,279,72638,1,0.05294025450256173,0.17592924837723029,0.5361080359838827,1.868320063080536,-3.7516427425944867,-2.719508528798633,-5.368098390319016,0.4685294001694636,0.5314705998305366
quintile_down_exh,Q2,2020-2026,20,279,72233,1,0.04146398399506763,0.37713072793432956,0.5420178630856709,2.7892316871221903,-5.065075806584392,-3.7415679091425718,-7.37311575843319,0.4724657387151027,0.5275342612848972
quintile_down_exh,Q2,ALL,1,281,171798,1,0.005101749389625012,0.026659112228138625,0.5081028130102732,0.5512513981747663,-1.1472838662560774,-0.8469030514507851,-1.6703923500578464,0.4893842543604714,0.5106157456395285
quintile_down_exh,Q2,ALL,5,281,171539,1,0.02672690870452345,0.11307425387784145,0.5234839562870254,1.2828918983675466,-2.654394964999735,-1.9327885434063048,-3.780453011726769,0.4785390480437274,0.5214609519562725
quintile_down_exh,Q2,ALL,10,281,171315,1,0.04959377050302731,0.21394156720306648,0.5359378922226754,1.8568725299379214,-3.763349626638689,-2.740695155190144,-5.284928913080601,0.4696126105867425,0.5303873894132575
quintile_down_exh,Q2,ALL,20,281,170913,1,0.06227675179953542,0.42571689139761615,0.5441908659310333,2.748438222946072,-5.186648446611513,-3.7818159084060503,-7.466788003816573,0.46077672174864875,0.5392232782513513
quintile_down_exh,Q3,2000-2004,1,95,9263,1,0.026340492969542058,0.02706548598832893,0.5190002968342541,0.5047593704881448,-0.996135289979449,-0.7600353106884346,-1.3689239519143277,0.4923552051173129,0.5076447948826872
quintile_down_exh,Q3,2000-2004,5,95,9262,1,0.10687155119584942,0.17327511788795655,0.5504216580940136,1.1359446880748376,-2.1963404758886065,-1.6974688896066608,-3.057223445032635,0.45211492041431905,0.547885079585681
quintile_down_exh,Q3,2000-2004,10,95,9263,1,0.10147625867515418,0.3022754657167628,0.552679808498947,1.653571491351149,-3.1952932681481503,-2.3725709422446037,-4.349504796654383,0.45193821062104234,0.5480617893789578
quintile_down_exh,Q3,2000-2004,20,95,9263,1,0.0666987194754315,0.37735291308550306,0.5468672609567948,2.404282742866974,-4.682009794225542,-3.3670775352479714,-6.001368254235979,0.468724506595673,0.5312754934043271
quintile_down_exh,Q3,2005-2009,1,136,29931,1,-0.017884303807377572,-0.006333546449018745,0.4879452207023495,0.5052437169318388,-1.040130133634051,-0.7917375105552193,-1.4491211512609703,0.505942225910724,0.4940577740892759
quintile_down_exh,Q3,2005-2009,5,136,29931,1,-0.05386101422944437,-0.0017079012447073381,0.493611335904618,1.1068980969701534,-2.3039847238603857,-1.7556865762099862,-3.1416055256675866,0.5119477309292402,0.4880522690707599
quintile_down_exh,Q3,2005-2009,10,136,29931,1,-0.12787860110881755,-0.012965257449325212,0.48246919549607403,1.568644018214878,-3.3795291888422856,-2.5175322307855525,-4.497714561789838,0.528854832690331,0.47114516730966904
quintile_down_exh,Q3,2005-2009,20,136,29931,1,-0.2816206524030689,-0.028522667300017457,0.49054151195380813,2.314637421097095,-5.027139118809785,-3.8268255125794566,-6.712245598261905,0.5513133858895248,0.44868661411047533
quintile_down_exh,Q3,2010-2014,1,129,16844,1,0.012092830707665248,0.0416449439629038,0.5207981077360799,0.5275653985779373,-1.0654543097044953,-0.7933150972925583,-1.4810526774781836,0.48165815531894346,0.5183418446810565
quintile_down_exh,Q3,2010-2014,5,129,16844,1,0.04613761472066758,0.1462233483564059,0.534633455080189,1.247082888359239,-2.5358327045257605,-1.8267930516319648,-3.5183444860573085,0.47525266868267524,0.5247473313173249
quintile_down_exh,Q3,2010-2014,10,129,16844,1,0.11253543315992193,0.2494240536049251,0.5505099294498426,1.7556060716203747,-3.3787072334811934,-2.45941386219995,-4.53102720645728,0.45639513516884367,0.5436048648311564
quintile_down_exh,Q3,2010-2014,20,129,16844,1,0.22823315628828528,0.526584338557068,0.5722443991543485,2.414703670675667,-4.706050217729369,-3.4117323814037035,-6.208969378567719,0.42847235171620884,0.5715276482837912
quintile_down_exh,Q3,2015-2019,1,187,38655,1,0.004139190076343863,0.03277913320375186,0.5218259159377094,0.5126201499911348,-1.0976518798881068,-0.7860785334093233,-1.621129522767793,0.4975069998557669,0.5024930001442331
quintile_down_exh,Q3,2015-2019,5,187,38655,1,0.041699269073927105,0.12413792360622605,0.5394796756190023,1.1712174934126298,-2.4453380609118485,-1.763523367799828,-3.5266532643254878,0.485283916846216,0.5147160831537839
quintile_down_exh,Q3,2015-2019,10,187,38655,1,0.11113774299826179,0.2637486078901361,0.5494198975601117,1.707425975836936,-3.486090171988513,-2.5309685669683275,-4.700210208162424,0.47665738418214953,0.5233426158178508
quintile_down_exh,Q3,2015-2019,20,187,38655,1,0.16150537919722938,0.29596126849594806,0.5485985353570951,2.427894922225449,-4.766130329489493,-3.5800687058001,-5.937332692933133,0.47262153682636304,0.527378463173637
quintile_down_exh,Q3,2020-2026,1,279,77047,1,0.0037425615468431993,0.01904533220120521,0.5097095292195151,0.5335286510706277,-1.098183129924468,-0.8007677709423706,-1.59406589938868,0.49500408844276966,0.5049959115572303
quintile_down_exh,Q3,2020-2026,5,279,76724,1,0.023414435203803027,0.08506953513320399,0.5233958326547805,1.2275877303678657,-2.519557575328947,-1.842781711393467,-3.510824098978022,0.4769828478776016,0.5230171521223984
quintile_down_exh,Q3,2020-2026,10,279,76253,1,0.041990183371546703,0.13446981906675412,0.5292628225031983,1.7557288497904437,-3.6064580493381864,-2.660770820192157,-4.99136491773651,0.4857799310033464,0.5142200689966536
quintile_down_exh,Q3,2020-2026,20,279,75209,1,-0.050994253418067154,0.34298735172588124,0.5386805750669841,2.652332055935595,-4.948726098344623,-3.5900393184372863,-7.341525981189787,0.4794806768171922,0.5205193231828078
quintile_down_exh,Q3,ALL,1,281,171757,1,0.002929745284865175,0.024343451671847198,0.5099809539180894,0.5274661797870095,-1.1003627937528029,-0.7997899829541855,-1.5960082159231153,0.4973824563492827,0.5026175436507171
quintile_down_exh,Q3,ALL,5,281,171433,1,0.02147737668973236,0.08596213251777199,0.5239206797434298,1.2103671170509565,-2.5009263104559034,-1.8311423532271127,-3.5901371845969985,0.49125604524353517,0.5087439547564649
quintile_down_exh,Q3,ALL,10,281,170963,1,0.03190650483838959,0.15947292911168182,0.5292000362728067,1.73234625047862,-3.591324328417369,-2.60729531421107,-5.044584549471975,0.487701932153425,0.512298067846575
quintile_down_exh,Q3,ALL,20,281,169919,1,-0.08478785287580884,0.3151455378448813,0.5367681182872291,2.6118576239325444,-5.115114680394357,-3.7156028503110416,-7.39730191524121,0.4858372450399392,0.5141627549600608
quintile_down_exh,Q4,2000-2004,1,95,11333,1,-0.009600701985575102,-0.004721803355581409,0.4828907062284485,0.4993775712226402,-0.9851763762658875,-0.7601247152971148,-1.360657688559866,0.50379447818032,0.4962055218196801
quintile_down_exh,Q4,2000-2004,5,95,11332,1,-0.05370281664235656,0.0840922440159354,0.507850637803418,1.1405915129570117,-2.2629803850631247,-1.7297043141799326,-2.9995672270087237,0.492582611564546,0.507417388435454
quintile_down_exh,Q4,2000-2004,10,95,11332,1,-0.05186169233722755,0.17209287936964365,0.5198459739246417,1.664279024537522,-3.1095265481270102,-2.2967591103669247,-4.327678582252657,0.4803097270897369,0.5196902729102633
quintile_down_exh,Q4,2000-2004,20,95,11332,1,-0.029757482321027297,0.34246385289831016,0.5288482131822284,2.34497772590581,-4.313596619440694,-3.303842631274374,-5.613649594762484,0.47032121504138724,0.5296787849586129
quintile_down_exh,Q4,2005-2009,1,136,23237,1,-0.0003816630795856267,0.0,0.49135998786455415,0.5140592088355256,-1.0144117315211343,-0.7595464693120981,-1.3791763474906131,0.48745867967406387,0.5125413203259361
quintile_down_exh,Q4,2005-2009,5,136,23237,1,-0.002019968336452101,0.05961490179189129,0.5033946695157985,1.1383875689492045,-2.1759983152750992,-1.6009477817799023,-2.910637140195157,0.4650640985995647,0.5349359014004351
quintile_down_exh,Q4,2005-2009,10,136,23236,1,0.052467985965192615,0.16751855504455226,0.5205030811572918,1.5709257502197134,-2.9557546191525343,-2.146263659311516,-3.848285662754374,0.43405408302059156,0.5659459169794085
quintile_down_exh,Q4,2005-2009,20,136,23236,1,0.12687949225457226,0.4387769028820784,0.5325629978917673,2.2658890215884173,-4.383449635541003,-3.1722244060903346,-5.6664889343989895,0.4272259907120594,0.5727740092879405
quintile_down_exh,Q4,2010-2014,1,129,22162,1,9.197644495694518e-06,0.023483199330051153,0.5079764087044994,0.5156975353795865,-1.0311749843390494,-0.775357125794633,-1.4863449877491455,0.49302177677766285,0.5069782232223371
quintile_down_exh,Q4,2010-2014,5,129,22162,1,0.04732107119980152,0.1292822953250881,0.5370677363349401,1.1647988038284582,-2.4187688994147627,-1.7436805726853304,-3.366184512159275,0.4847110133820327,0.5152889866179676
quintile_down_exh,Q4,2010-2014,10,129,22162,1,0.06775852421514512,0.21643860795880052,0.5453505818003503,1.6517108891878953,-3.3802663129904515,-2.5199614358278035,-4.564081012775527,0.473414666235798,0.5265853337642019
quintile_down_exh,Q4,2010-2014,20,129,22162,1,0.13645451074129566,0.49528303668155943,0.5556619556882348,2.3608291908994308,-4.6493529191004415,-3.23834006974968,-6.1344404815519535,0.4609520073873939,0.539047992612606
quintile_down_exh,Q4,2015-2019,1,188,38695,1,-0.008018496186706671,0.021380392036104843,0.5063219584399108,0.5198206299030292,-1.0890467290944303,-0.7961352877056818,-1.6589172206401945,0.5055886136513073,0.4944113863486925
quintile_down_exh,Q4,2015-2019,5,188,38695,1,-0.025887808111106393,0.06778653455728528,0.5186376988325121,1.2093639962918634,-2.532787180068196,-1.8133257079875982,-3.613725550047543,0.5002659886911635,0.49973401130883655
quintile_down_exh,Q4,2015-2019,10,188,38695,1,-0.007656032622853278,0.17937542224139483,0.5271676753570417,1.717248515516171,-3.4676018941176903,-2.5007485219862655,-4.7589561985118465,0.48110772618711195,0.518892273812888
quintile_down_exh,Q4,2015-2019,20,188,38695,1,0.10439083243465135,0.3014051699797696,0.5460594578734409,2.4823296310099607,-4.850312569889942,-3.6291415295863603,-6.380364841896813,0.4852243259747149,0.5147756740252852
quintile_down_exh,Q4,2020-2026,1,279,76371,1,0.001075724824730316,0.017301001175577185,0.5082319349342415,0.5345854591232237,-1.1187614367259453,-0.8111226070657032,-1.670823973510573,0.4982160489953786,0.5017839510046215
quintile_down_exh,Q4,2020-2026,5,279,76179,1,0.002949220978955343,0.09485188890409758,0.5200890494169228,1.2509634549938844,-2.656160736385445,-1.9229989993044754,-3.8903439413688496,0.49545888215682954,0.5045411178431707
quintile_down_exh,Q4,2020-2026,10,279,75949,1,0.0008942484335663025,0.10969514910389093,0.5225951372214052,1.7769890891474247,-3.7672844194959594,-2.741416738155012,-5.181420876695481,0.4971323060657841,0.5028676939342158
quintile_down_exh,Q4,2020-2026,20,279,75520,1,-0.0714288599439142,0.2024951111144071,0.522809762929922,2.61100698577105,-5.356280525606402,-3.9710979607708405,-7.3763995645164355,0.5113074867207588,0.48869251327924135
quintile_down_exh,Q4,ALL,1,281,171817,1,0.0015546432838717428,0.014174595254029988,0.5066432766474125,0.5251015210808377,-1.0993792021219186,-0.7961409071747186,-1.6340201561976475,0.4949077182511214,0.5050922817488785
quintile_down_exh,Q4,ALL,5,281,171624,1,-0.0002860541691110747,0.0842947531094723,0.5200784074641402,1.2252010332536436,-2.5953277477338044,-1.883821536539867,-3.7893644463016445,0.49043949725957836,0.5095605027404218
quintile_down_exh,Q4,ALL,10,281,171393,1,0.012683687145975186,0.1781316894866961,0.5259451530249128,1.7356550646854851,-3.693954124183844,-2.653384878327018,-5.144810092156696,0.48212225585651813,0.5178777441434818
quintile_down_exh,Q4,ALL,20,281,170964,1,0.002726314539079862,0.2722113363120122,0.5296724023225662,2.501679099372112,-5.223389518399386,-3.7923238411708904,-7.417614745642978,0.4776586812414634,0.5223413187585367
quintile_down_exh,Q5,2000-2004,1,95,19899,1,-0.008738221564692873,0.0,0.48970583874343643,0.5262605734825107,-1.023545359319963,-0.77966163980132,-1.4464838895713936,0.48636520061430927,0.5136347993856907
quintile_down_exh,Q5,2000-2004,5,95,19899,1,-0.06230606231000008,0.09646050401365777,0.5008339225134583,1.240120682575049,-2.3600478016761333,-1.8077291486858833,-3.1888705172040366,0.4938520698808104,0.5061479301191896
quintile_down_exh,Q5,2000-2004,10,95,19899,1,-0.09173022323187868,0.16461771448465234,0.5020053684736387,1.7431499182341694,-3.378561446877353,-2.545160388277738,-4.507048848781837,0.491864023892577,0.5081359761074229
quintile_down_exh,Q5,2000-2004,20,95,19897,1,-0.18852537090485705,0.25340312457580827,0.5055896412280247,2.5890099089759993,-4.743052808185244,-3.7126790361719255,-6.010770839536362,0.4809906945992387,0.5190093054007614
quintile_down_exh,Q5,2005-2009,1,125,17395,1,0.007883043255243386,0.0,0.49203019551117555,0.5331053509334526,-1.003823108872575,-0.7747317367448148,-1.4279912318699952,0.49348863785605557,0.5065113621439443
quintile_down_exh,Q5,2005-2009,5,125,17395,1,0.03890838208896883,0.06266931482883653,0.5199917739600962,1.2902959115029595,-2.4459047255060646,-1.818825527536281,-3.1145531206689436,0.48845540350941663,0.5115445964905835
quintile_down_exh,Q5,2005-2009,10,125,17396,1,0.14771136854775935,0.2097273303934477,0.539194984195246,1.7958372139817727,-3.380944526925818,-2.4303568333689824,-4.338826631700849,0.4455742143321981,0.5544257856678018
quintile_down_exh,Q5,2005-2009,20,125,17396,1,0.24074197866381655,0.3463871109235952,0.5556229719770308,2.6368998211991075,-4.505147544535168,-3.330603672642677,-5.629400791888573,0.43562894163973,0.5643710583602699
quintile_down_exh,Q5,2010-2014,1,124,40408,1,-0.001502060301511661,0.017493318059549068,0.50261002374549,0.5231477592519198,-1.0687672480397445,-0.7820055107817206,-1.523820067567541,0.49064900020056135,0.5093509997994385
quintile_down_exh,Q5,2010-2014,5,124,40408,1,-0.0197493230522905,0.13158440355728934,0.5203088228826731,1.243594816136202,-2.5234216422399465,-1.8425270980585977,-3.457385181364765,0.47586101011646686,0.5241389898835332
quintile_down_exh,Q5,2010-2014,10,124,40408,1,-0.0454364361620089,0.20891885083255268,0.5240129291622678,1.8068832156181147,-3.671378443121265,-2.7067289728061565,-5.052816029752027,0.47773002493115313,0.5222699750688469
quintile_down_exh,Q5,2010-2014,20,124,40408,1,-0.11567695635218958,0.27697893431348886,0.5281285204409002,2.7384501437010407,-5.663329031609468,-4.1223944514923625,-7.608985473686165,0.49243982093099536,0.5075601790690047
quintile_down_exh,Q5,2015-2019,1,183,29067,1,0.0063406419724418555,0.02782943697161811,0.5174053273348783,0.538544736686478,-1.1093376034578162,-0.8130311762786281,-1.6753622713646659,0.4933958067828932,0.5066041932171068
quintile_down_exh,Q5,2015-2019,5,183,29067,1,0.016414162116749738,0.08037692926855473,0.5229023421281753,1.3194700697518145,-2.6610937451967955,-1.8966494571865309,-3.6209872755559758,0.4957830777479024,0.5042169222520975
quintile_down_exh,Q5,2015-2019,10,183,29067,1,0.040304128849100264,0.17079134853314992,0.5254806833171961,1.9435880725790564,-3.7421879716603583,-2.780725420591315,-5.065861365383327,0.5001871066801706,0.4998128933198292
quintile_down_exh,Q5,2015-2019,20,183,29066,1,-0.09563047935244198,0.09543571837924696,0.5167033577280977,2.821161348617983,-5.641805984943027,-4.298810882867793,-6.932337558882086,0.5268290649970565,0.47317093500294366
quintile_down_exh,Q5,2020-2026,1,277,65161,1,-0.015889677890834477,0.00851592177789783,0.4988057777764922,0.5564913066128968,-1.1559282500356274,-0.8492729030335332,-1.7212232464366048,0.5118878976474766,0.48811210235252345
quintile_down_exh,Q5,2020-2026,5,277,65081,1,-0.03756364132229192,0.034756800204293795,0.5055620575984721,1.340896042152475,-2.8127999072978183,-2.082999994343609,-3.8271730797913968,0.5064362214546768,0.49356377854532313
quintile_down_exh,Q5,2020-2026,10,276,64961,1,-0.0483100375680779,0.07347517757705807,0.5054267790878592,1.9523573008028239,-4.0232532064242665,-3.0542532277295233,-5.189441847026829,0.5107339169979882,0.4892660830020118
quintile_down_exh,Q5,2020-2026,20,275,64813,1,-0.15547857598279463,0.004715057596003782,0.4992226557161296,2.868850666893423,-5.625991876827298,-4.392214919644607,-7.206865385980768,0.5270335187464427,0.4729664812535573
quintile_down_exh,Q5,ALL,1,281,171945,1,-0.010035270537531863,0.01305888294498261,0.4995163510132061,0.5427468546433772,-1.1236457550485122,-0.820486272240022,-1.6683495653297784,0.49998157336438825,0.5000184266356116
quintile_down_exh,Q5,ALL,5,281,171865,1,-0.02266795941652152,0.0667204859162707,0.5102594236065567,1.3056271085974023,-2.7168561486672833,-1.977582774590175,-3.8639948520816443,0.49467437203145326,0.5053256279685466
quintile_down_exh,Q5,ALL,10,280,171746,1,-0.021655469091367598,0.11855907718807818,0.5137446770700879,1.8990149031695134,-3.882775132931117,-2.886225241645085,-5.382703214581276,0.4931895152976803,0.5068104847023198
quintile_down_exh,Q5,ALL,20,279,171595,1,-0.07705252442417894,0.21463306908704344,0.5137631054281115,2.7980723497548166,-5.70655967231929,-4.245436571657193,-7.6650110260699815,0.4981396933202577,0.5018603066797424
quintile_exhaustion_balance,Q1,2000-2004,1,95,11158,1,0.03169504933592741,0.02922572215611199,0.5188484194510721,0.5828307000462594,-1.1709402630710692,-0.8514298788382579,-1.6105473077245418,0.4686065122111834,0.5313934877888167
quintile_exhaustion_balance,Q1,2000-2004,5,95,11160,1,0.1647494384413922,0.20838510082986528,0.5533504666485997,1.3651723686290285,-2.4023057636607867,-1.8099016987002088,-3.3798328408279854,0.4255744844738944,0.5744255155261055
quintile_exhaustion_balance,Q1,2000-2004,10,95,11159,1,0.2604223808615621,0.42730504553085275,0.5713970213533826,1.8538397040267862,-3.271725870902285,-2.4064993190185673,-4.1265636946938224,0.4228470079156491,0.577152992084351
quintile_exhaustion_balance,Q1,2000-2004,20,95,11160,1,0.5243172255291759,0.7911249713448422,0.6072080179402007,2.556326643326808,-4.163549970006364,-2.9810358851906877,-5.071692048232444,0.35625700789454795,0.6437429921054522
quintile_exhaustion_balance,Q1,2005-2009,1,137,26665,1,0.014487498347029837,0.022104159450155814,0.509136344010151,0.5917256192494486,-1.1911646681901584,-0.9030073392331075,-1.6838077219103857,0.4878013367876536,0.5121986632123461
quintile_exhaustion_balance,Q1,2005-2009,5,137,26665,1,0.024927216507433743,0.13421164537805608,0.5279877030368709,1.2771815335124204,-2.6888070128759676,-1.9867023235767594,-3.5585002114788784,0.48146512232551786,0.5185348776744823
quintile_exhaustion_balance,Q1,2005-2009,10,137,26665,1,0.028452184180801542,0.19648186336145046,0.5360875093780915,1.7659537257568652,-3.644506584547808,-2.7740613452076013,-4.893906718444663,0.4878461385102271,0.5121538614897728
quintile_exhaustion_balance,Q1,2005-2009,20,137,26665,1,0.09356104225981844,0.2940447747048069,0.5392133781239072,2.43467470141476,-4.978011534407545,-3.4600154827093896,-6.17930743590496,0.47050684581891233,0.5294931541810874
quintile_exhaustion_balance,Q1,2010-2014,1,132,25218,1,0.02546038968616688,0.033564833053669085,0.519441016921981,0.6054012842026206,-1.228097986149784,-0.8883336123043497,-1.8173337256194309,0.482860431027822,0.5171395689721778
quintile_exhaustion_balance,Q1,2010-2014,5,132,25218,1,0.10959088477904141,0.21129444732865726,0.5497801550912997,1.3605950617359364,-2.6586185939459397,-1.926149402192719,-3.653512028958973,0.4563328501561643,0.5436671498438357
quintile_exhaustion_balance,Q1,2010-2014,10,132,25218,1,0.22732984538023224,0.4014477062357916,0.5662069188775196,1.796388711885923,-3.1909734736765447,-2.382316585404866,-4.2510504200464965,0.41634683345575296,0.583653166544247
quintile_exhaustion_balance,Q1,2010-2014,20,132,25218,1,0.5998743718928177,0.7922031221472348,0.6000810214064128,2.5206900634416542,-4.1930051336644,-2.8216015010657003,-5.145015735075653,0.3648890096140015,0.6351109903859986
quintile_exhaustion_balance,Q1,2015-2019,1,190,36471,1,0.029095523454283546,0.052527307830488236,0.5343158152897394,0.5665392101622013,-1.1977362946208863,-0.8681790505818858,-1.7005939194983486,0.47207058485083697,0.5279294151491633
quintile_exhaustion_balance,Q1,2015-2019,5,190,36471,1,0.1493561990915241,0.1849393577249686,0.5650226022817494,1.257705325945161,-2.567891112963189,-1.809707755745542,-3.5781713523969847,0.4550525384517059,0.544947461548294
quintile_exhaustion_balance,Q1,2015-2019,10,190,36472,1,0.2533638726653167,0.38239498764414837,0.5718873945804681,1.7935450095902183,-3.506335964398568,-2.5569351433800573,-4.85255613106578,0.4415649857816739,0.5584350142183261
quintile_exhaustion_balance,Q1,2015-2019,20,190,36472,1,0.522647958243412,0.6744747016626691,0.590904087785874,2.5869580333775097,-4.739872349663714,-3.3816321799186317,-6.054987809573664,0.40860080506465035,0.5913991949353496
quintile_exhaustion_balance,Q1,2020-2026,1,279,72130,1,-0.0005671361726830878,0.030029312366585605,0.5145392480747597,0.6045029529229589,-1.2621234843830167,-0.9063045164589091,-1.9698085798560978,0.4979217323028605,0.5020782676971395
quintile_exhaustion_balance,Q1,2020-2026,5,279,71929,1,-0.01886321875911929,0.13062748092445944,0.5324643690151596,1.3623506992486394,-2.874380201073185,-2.0035004836175383,-4.39788299515096,0.499636452103253,0.500363547896747
quintile_exhaustion_balance,Q1,2020-2026,10,279,71657,1,-0.07472587780010707,0.235261812677447,0.5448123629347387,2.003002488323937,-3.9447881131194116,-2.7156700065076604,-6.26857433679835,0.4967182754612847,0.5032817245387154
quintile_exhaustion_balance,Q1,2020-2026,20,279,71100,1,-0.08383242926378394,0.46851382061141833,0.5534992281346475,2.8807712339317835,-5.270974587649386,-3.750694373430519,-7.534139388108524,0.483963689504235,0.516036310495765
quintile_exhaustion_balance,Q1,ALL,1,281,171652,1,0.007249116432405199,0.03427665684269034,0.5163006356480473,0.5923391515165196,-1.2512219904496336,-0.9008997493183286,-1.8477498184780248,0.490106851447627,0.509893148552373
quintile_exhaustion_balance,Q1,ALL,5,281,171453,1,0.023855244825954046,0.15200245994226835,0.5380293786174775,1.3363488530931715,-2.7833404073569783,-1.9778938292311885,-4.162726380966382,0.4811205160768308,0.5188794839231692
quintile_exhaustion_balance,Q1,ALL,10,281,171181,1,0.01238799885390979,0.26946721037760935,0.5475111099555937,1.9309476477880763,-3.7978491444944846,-2.676194159492273,-5.938423395933149,0.4738134149097123,0.5261865850902877
quintile_exhaustion_balance,Q1,ALL,20,281,170625,1,0.054122385146542586,0.5065076612578954,0.5605735595765221,2.784523222765075,-5.176165981164179,-3.6612789495820213,-7.389699841043357,0.4528377286343256,0.5471622713656743
quintile_exhaustion_balance,Q2,2000-2004,1,96,11867,1,0.019705313913641796,0.013960918776051975,0.5131239442487354,0.5393580582300064,-1.0784252924617634,-0.7839425418726065,-1.479231411552075,0.48164101781362745,0.5183589821863726
quintile_exhaustion_balance,Q2,2000-2004,5,96,11866,1,-0.007266396771693819,0.1085363969652538,0.5135835133150067,1.2912195517216745,-2.4824513212813915,-1.8574579891108278,-3.3918953113829353,0.47985501975306843,0.5201449802469313
quintile_exhaustion_balance,Q2,2000-2004,10,96,11867,1,0.06911444791254155,0.2770814537180897,0.5402735926398194,1.8654375377957078,-3.5291410265554846,-2.626406078382789,-4.774097895666726,0.4594733755594269,0.5405266244405731
quintile_exhaustion_balance,Q2,2000-2004,20,96,11868,1,0.15454473964149154,0.581718999697648,0.547355707058886,2.5711802839447064,-4.940994834900639,-3.4942635378420395,-6.261536329740688,0.4423633293005741,0.557636670699426
quintile_exhaustion_balance,Q2,2005-2009,1,137,27059,1,0.004877317851976248,0.01440015084759694,0.506167082940427,0.5419898512393468,-1.1183751035090341,-0.8337280744826876,-1.57186407248895,0.49226252611644,0.50773747388356
quintile_exhaustion_balance,Q2,2005-2009,5,137,27059,1,0.0406107650121152,0.11120862435641082,0.5228802558761766,1.2224588219940293,-2.4856487128022042,-1.8572217934461164,-3.4276272390021716,0.4807358368447819,0.5192641631552181
quintile_exhaustion_balance,Q2,2005-2009,10,137,27059,1,0.03285305859436521,0.15697770457044025,0.5248121270220559,1.7245159721751435,-3.622701532509715,-2.6139700907869665,-4.710516131612051,0.47913599723541705,0.520864002764583
quintile_exhaustion_balance,Q2,2005-2009,20,137,27059,1,0.004302768269874542,0.2674446128424829,0.5231911581697349,2.5275812057436626,-5.093732718378363,-3.7964688917922707,-6.873151135710681,0.48863536220811,0.5113646377918899
quintile_exhaustion_balance,Q2,2010-2014,1,131,23606,1,0.02079479146669007,0.036916855871136536,0.5238175656077583,0.55174756320033,-1.1374031509969487,-0.835702418749606,-1.5803419361961133,0.4718639609846382,0.5281360390153618
quintile_exhaustion_balance,Q2,2010-2014,5,131,23606,1,0.061481504996049194,0.22066424132337864,0.5401040914349314,1.2953904250771153,-2.577330727551343,-1.9031537032449164,-3.5636585814892747,0.45314776528837447,0.5468522347116256
quintile_exhaustion_balance,Q2,2010-2014,10,131,23606,1,0.157907804104494,0.44450623131931577,0.5687478194526668,1.847442143730073,-3.5236563428305976,-2.5703275197908657,-4.70574073183086,0.4226499092769063,0.5773500907230937
quintile_exhaustion_balance,Q2,2010-2014,20,131,23606,1,0.37576195076235824,0.7382128878019211,0.5912672406888585,2.5854324761023246,-4.724819331924149,-3.386797951525612,-6.106581810953013,0.39371694602991364,0.6062830539700865
quintile_exhaustion_balance,Q2,2015-2019,1,190,36573,1,0.011823122868328081,0.04869335683837789,0.5273758940674322,0.5522756932165892,-1.1593392516676748,-0.82258726984369,-1.7289661726140526,0.48830668971959634,0.5116933102804037
quintile_exhaustion_balance,Q2,2015-2019,5,190,36573,1,0.06707945180519614,0.17104132004911343,0.5447588803549082,1.2656347195600013,-2.657396204944285,-1.880357765153545,-3.6862957583341918,0.4632235258293036,0.5367764741706964
quintile_exhaustion_balance,Q2,2015-2019,10,190,36572,1,0.1594292015974623,0.3150253163755095,0.5640300629233684,1.83942090438358,-3.8597510327747115,-2.733415534514509,-5.013005966765727,0.45968834280074566,0.5403116571992543
quintile_exhaustion_balance,Q2,2015-2019,20,190,36573,1,0.34146481805609463,0.43276965913712123,0.5777235494383827,2.625811425226177,-5.000609909740336,-3.7029085894913107,-6.748224078911136,0.44082703568154913,0.5591729643184509
quintile_exhaustion_balance,Q2,2020-2026,1,279,72678,1,0.00436526756806567,0.016521015175770978,0.5056593968513187,0.556436674179845,-1.1388098556724837,-0.843685814495713,-1.660603767327459,0.49263911217119427,0.5073608878288056
quintile_exhaustion_balance,Q2,2020-2026,5,279,72421,1,0.027165521545126917,0.11319623819273278,0.5251134604094779,1.292742831398934,-2.6264443607257,-1.9135468764991967,-3.7496461567357855,0.48552197006991477,0.5144780299300851
quintile_exhaustion_balance,Q2,2020-2026,10,279,72195,1,0.041149889099297315,0.18581185885528612,0.5400180704635534,1.8719628674596689,-3.8588216036348983,-2.734767814237408,-5.369967176806305,0.48225949717484456,0.5177405028251554
quintile_exhaustion_balance,Q2,2020-2026,20,279,71765,1,-0.012834282717189753,0.3772176753581936,0.5462091037163377,2.8327286872251785,-5.206413603482024,-3.787465008057099,-7.611959183097081,0.4766561881544677,0.5233438118455321
quintile_exhaustion_balance,Q2,ALL,1,281,171794,1,0.0067243605970001,0.0262588346604361,0.5098860765536887,0.5536801488422733,-1.144000054752413,-0.8421946244340194,-1.700290283148017,0.4872838802354793,0.5127161197645206
quintile_exhaustion_balance,Q2,ALL,5,281,171536,1,0.024376603119233214,0.12693766948826646,0.5250033954616034,1.2927120394392408,-2.700386402506252,-1.920666419636695,-3.825329275936689,0.4758872651224729,0.524112734877527
quintile_exhaustion_balance,Q2,ALL,10,281,171310,1,0.04888806596412703,0.22113892410940286,0.539276019658342,1.866676753907879,-3.8632559400529596,-2.777595621783914,-5.4667536994315515,0.4717019440243805,0.5282980559756195
quintile_exhaustion_balance,Q2,ALL,20,281,170882,1,0.0015541385349601932,0.4593430710037374,0.5475053544141139,2.795406407983872,-5.241587903977732,-3.867380543404059,-7.574789373415226,0.4640944192819623,0.5359055807180375
quintile_exhaustion_balance,Q3,2000-2004,1,96,12190,1,0.0066624220042762914,0.0,0.5008251951204609,0.5228262236342996,-1.0173463278212989,-0.7875112198337054,-1.4555742069975386,0.4906988370761177,0.5093011629238824
quintile_exhaustion_balance,Q3,2000-2004,5,96,12189,1,0.055054628536681756,0.14233574271858584,0.546672318362564,1.2005678034515623,-2.4625849852865946,-1.7853261395338762,-3.242920032983945,0.4812357123336868,0.5187642876663132
quintile_exhaustion_balance,Q3,2000-2004,10,96,12189,1,-0.011408338072019122,0.1945186675126308,0.5367943124236676,1.7922039670840928,-3.6649553863692415,-2.7349838095507133,-4.657159606393485,0.47558768872812396,0.5244123112718762
quintile_exhaustion_balance,Q3,2000-2004,20,96,12189,1,0.06513389676557148,0.38545480272326915,0.555838356253929,2.527171985556885,-5.143423619205454,-3.787542032538292,-6.387777147816788,0.48297157046440087,0.5170284295355991
quintile_exhaustion_balance,Q3,2005-2009,1,136,26281,1,0.0048556158546662325,0.009707014451787621,0.50295227734478,0.5247014024537888,-1.0739120293879623,-0.7917679683882568,-1.4916199724937933,0.4893583112505483,0.5106416887494518
quintile_exhaustion_balance,Q3,2005-2009,5,136,26281,1,-0.019244275874853806,0.04590017804735945,0.5010022971886072,1.1830129872676483,-2.4677008387069757,-1.8432367271090964,-3.365485304184687,0.4948826488394259,0.5051173511605741
quintile_exhaustion_balance,Q3,2005-2009,10,136,26281,1,-0.0539644387935553,0.055306347002206394,0.4929301473647199,1.6684662458345212,-3.4031262187796902,-2.601288157940826,-4.523422488451058,0.491201314607253,0.5087986853927471
quintile_exhaustion_balance,Q3,2005-2009,20,136,26281,1,-0.06799400371781462,0.15321565703499684,0.5077658051682983,2.4128719458673826,-4.997674638939033,-3.756551246762731,-6.790414577166277,0.49671403011951437,0.5032859698804857
quintile_exhaustion_balance,Q3,2010-2014,1,129,23780,1,0.008491300264032086,0.03433945269858202,0.5165660475434497,0.5303537534736302,-1.1002439473969166,-0.8098191158809298,-1.5375833804047254,0.48838918578167195,0.5116108142183279
quintile_exhaustion_balance,Q3,2010-2014,5,129,23780,1,0.09084546071836153,0.20090205359900015,0.5504818664527283,1.2708962748210035,-2.5368765205025525,-1.8306199502463538,-3.595311775638926,0.4620251527932056,0.5379748472067944
quintile_exhaustion_balance,Q3,2010-2014,10,129,23780,1,0.1635750298911898,0.38162914080188926,0.5666576128989985,1.7859262993060232,-3.667970331317548,-2.6208870990668607,-4.92052678468468,0.4472380308488721,0.552761969151128
quintile_exhaustion_balance,Q3,2010-2014,20,129,23780,1,0.2989908994402974,0.6959408275159334,0.5875223999228496,2.540025165133119,-4.9787722946084125,-3.734218762920271,-6.731158253565802,0.42804797732096417,0.5719520226790358
quintile_exhaustion_balance,Q3,2015-2019,1,186,36548,1,-0.0015707557848148883,0.028403720484886402,0.5171805090645475,0.5460474113336087,-1.1525122829457926,-0.8253083061792803,-1.7490934220257148,0.5003243363599964,0.49967566364000365
quintile_exhaustion_balance,Q3,2015-2019,5,186,36548,1,-8.420317479690469e-05,0.1233096388282647,0.5307089911130196,1.2577797504840753,-2.705844968607821,-1.9437047657790667,-3.846858336093101,0.49018614354242596,0.5098138564575739
quintile_exhaustion_balance,Q3,2015-2019,10,186,36548,1,0.07861370085601423,0.22476919636646267,0.5424860020181927,1.8016459139279142,-3.7568397031978,-2.7042594859869116,-4.961720039422025,0.4648361351408277,0.5351638648591723
quintile_exhaustion_balance,Q3,2015-2019,20,186,36548,1,0.17308974099769148,0.41053635501593844,0.5506877867781048,2.5581920783428744,-5.051210701966764,-3.7729832184284815,-6.691869647740796,0.46042025347420323,0.5395797465257968
quintile_exhaustion_balance,Q3,2020-2026,1,279,72950,1,0.01245764886423239,0.03344140533456303,0.5159880510575716,0.548192158242368,-1.136106532059793,-0.8222992420473881,-1.647346025504203,0.4900620240594692,0.5099379759405308
quintile_exhaustion_balance,Q3,2020-2026,5,279,72726,1,0.030354940654110037,0.11613839639831275,0.5267731455812047,1.2880753503797118,-2.6788672544007524,-1.9624639396643149,-3.7460639470150414,0.4784340924621046,0.5215659075378952
quintile_exhaustion_balance,Q3,2020-2026,10,279,72488,1,0.04593989242029154,0.1608134333352444,0.5273955436761051,1.8523721262139146,-3.769787577256666,-2.750847421286347,-5.24034345836575,0.48080035504507135,0.5191996449549287
quintile_exhaustion_balance,Q3,2020-2026,20,279,72031,1,0.052823797408130826,0.356149758604067,0.536561140808706,2.714720808397608,-5.264920583313976,-3.8834237798499345,-7.58270809762897,0.48073389701092895,0.5192661029890708
quintile_exhaustion_balance,Q3,ALL,1,281,171779,1,0.006535159769869387,0.03015242207033201,0.5122026466299121,0.5434836998241518,-1.1291073056805632,-0.8211325842310919,-1.678678242894132,0.48743560187576446,0.5125643981242356
quintile_exhaustion_balance,Q3,ALL,5,281,171554,1,0.027608932546045697,0.11202711770315106,0.5281458193257157,1.269864365351398,-2.6966510241655173,-1.9307461225247076,-3.8264966360219983,0.4862908815823886,0.5137091184176115
quintile_exhaustion_balance,Q3,ALL,10,281,171316,1,0.04086331118199391,0.20195580010829423,0.5295567202557149,1.8264737922873877,-3.815965117397857,-2.777994328864331,-5.340232987274429,0.47914281779423873,0.5208571822057615
quintile_exhaustion_balance,Q3,ALL,20,281,170859,1,0.05060858930047526,0.3593948602483463,0.5376675902699704,2.6600097327258365,-5.394376687110494,-3.9682923899799754,-7.6119762410323695,0.47770236138855987,0.5222976386114401
quintile_exhaustion_balance,Q4,2000-2004,1,97,12981,1,0.024441331259593524,0.012634381153389215,0.5058910615977985,0.5071298258818833,-1.0068071976113508,-0.7477877390736993,-1.3267008946934347,0.47771959107013795,0.522280408929862
quintile_exhaustion_balance,Q4,2000-2004,5,97,12981,1,0.036933527267953056,0.08363049002565555,0.5211604112708152,1.1638564364159845,-2.2355908138192984,-1.656547183617246,-2.9132717143266027,0.46854004485170775,0.5314599551482921
quintile_exhaustion_balance,Q4,2000-2004,10,97,12981,1,0.045707934181583726,0.2438243927519203,0.5270538517034441,1.6673239554305297,-2.9632137630451925,-2.3679244560632062,-3.9374883638434044,0.4605131453744113,0.5394868546255887
quintile_exhaustion_balance,Q4,2000-2004,20,97,12980,1,-0.0967686077320519,0.25352011732736746,0.510301964294911,2.434718313712439,-4.56681739281459,-3.5420587898956266,-6.073016700151782,0.49511962842519175,0.5048803715748083
quintile_exhaustion_balance,Q4,2005-2009,1,137,24518,1,-0.017766053417521754,0.0,0.4914220615281104,0.5189443783044613,-1.0477463105881024,-0.7822504029296501,-1.4437911065767022,0.5037784712753425,0.49622152872465747
quintile_exhaustion_balance,Q4,2005-2009,5,137,24518,1,-0.025142169504351827,0.0652654091617238,0.5086738577072861,1.1572869433818243,-2.3296590866796545,-1.7390590782993824,-3.165442365979109,0.4892210597298383,0.5107789402701618
quintile_exhaustion_balance,Q4,2005-2009,10,137,24517,1,-0.01302435901755878,0.1277489629978542,0.5165538062490184,1.609736012471573,-3.2684346020025945,-2.4392455804576643,-4.415199176552341,0.4695740285422819,0.5304259714577181
quintile_exhaustion_balance,Q4,2005-2009,20,137,24518,1,-0.09931270178550258,0.2628855967023496,0.5138196370223395,2.3604780191188146,-4.893405880518154,-3.491051897040863,-6.332798837465023,0.473043361340724,0.526956638659276
quintile_exhaustion_balance,Q4,2010-2014,1,130,25014,1,0.022590305731848778,0.031023644273776057,0.5191866588840419,0.5210270586033273,-1.0390089944801737,-0.7794733099892708,-1.4356070762873376,0.4730519886660371,0.5269480113339629
quintile_exhaustion_balance,Q4,2010-2014,5,130,25014,1,0.03853837076527116,0.1342368419056654,0.5336243018732233,1.2083376192815658,-2.459022947860741,-1.82279860960222,-3.404720015357314,0.48447453495521753,0.5155254650447825
quintile_exhaustion_balance,Q4,2010-2014,10,130,25014,1,0.06000496138938782,0.2659179236983107,0.5475319432120909,1.7292081774030224,-3.3907038127204947,-2.5568624136143043,-4.688578354133007,0.4709438234075861,0.529056176592414
quintile_exhaustion_balance,Q4,2010-2014,20,130,25014,1,0.05382005686864144,0.4679360266329351,0.5513291405921164,2.5431373225763556,-5.274763093871539,-3.718920789817789,-6.8314035198822864,0.46209194846198937,0.5379080515380108
quintile_exhaustion_balance,Q4,2015-2019,1,187,36224,1,-0.0011016974573733154,0.030460580115231527,0.5173800270067469,0.5248939862158168,-1.0917767501774145,-0.7964094594026464,-1.6137948923228285,0.48920389931286984,0.5107961006871301
quintile_exhaustion_balance,Q4,2015-2019,5,187,36224,1,0.001164312096033631,0.11273618075746361,0.5271808629519731,1.2471508566614182,-2.5605527241442116,-1.8506644296332553,-3.661681485130463,0.4889823184457175,0.5110176815542823
quintile_exhaustion_balance,Q4,2015-2019,10,187,36224,1,0.022761480214826598,0.1850000715888129,0.5330678226726103,1.7920045099223167,-3.6905190281170213,-2.629186333717996,-4.921467510908945,0.48245154868811047,0.5175484513118895
quintile_exhaustion_balance,Q4,2015-2019,20,187,36224,1,0.05570947247043037,0.21957534991449146,0.542711573099063,2.580339826232209,-5.088723584412419,-3.8055469644984905,-6.532913504408675,0.4876897799617147,0.5123102200382854
quintile_exhaustion_balance,Q4,2020-2026,1,279,73068,1,0.0017344642800512218,0.010755215140723622,0.5078233799413597,0.5425103395819232,-1.11811625843964,-0.8156068854012527,-1.6725621504526864,0.49582445900947275,0.5041755409905272
quintile_exhaustion_balance,Q4,2020-2026,5,279,72835,1,0.030032208904661503,0.08496085467381143,0.5244708213782868,1.2767494598090212,-2.6675599455865635,-1.9135584975633966,-3.753155083805455,0.4839876798545647,0.5160123201454353
quintile_exhaustion_balance,Q4,2020-2026,10,279,72511,1,0.045626441820052197,0.13625831426047874,0.5274475605983339,1.8258516723225562,-3.7588574514397837,-2.759502461279081,-5.159365671725005,0.48664403270355794,0.5133559672964423
quintile_exhaustion_balance,Q4,2020-2026,20,279,71959,1,0.002797499045225545,0.20995261469064846,0.5243101072963926,2.6287105120175425,-5.145884821576221,-3.920888988753071,-7.388964852676746,0.49532326559894924,0.5046767344010507
quintile_exhaustion_balance,Q4,ALL,1,281,171813,1,0.0037552553249060277,0.014179046597563463,0.5087974330419008,0.5315205455777451,-1.0985606998485824,-0.803351137448611,-1.6406129143140753,0.4954657263706983,0.5045342736293018
quintile_exhaustion_balance,Q4,ALL,5,281,171580,1,0.026941766846324024,0.1037236372076535,0.5252044057678429,1.2590395199057753,-2.590689075992827,-1.8815324142405065,-3.7757899226994027,0.48599834687903104,0.5140016531209688
quintile_exhaustion_balance,Q4,ALL,10,281,171255,1,0.04302702817999741,0.16468447285371232,0.5310273162403261,1.8033544126078822,-3.7029408873293264,-2.701485698645555,-5.171363585744045,0.480727779019393,0.519272220980607
quintile_exhaustion_balance,Q4,ALL,20,281,170703,1,0.02091012387502246,0.25262518069335954,0.5309503599891451,2.5793037976106823,-5.298731395884437,-3.917737915201622,-7.429536524797211,0.49298598494850626,0.5070140150514938
quintile_exhaustion_balance,Q5,2000-2004,1,97,12970,1,-0.026481470246064332,0.0,0.4848554329990288,0.50263604972213,-0.9847167097186756,-0.7657382418381069,-1.3689893129463104,0.5028447454113372,0.497155254588663
quintile_exhaustion_balance,Q5,2000-2004,5,97,12970,1,-0.12094478426018725,0.04782869385030142,0.49946791621300124,1.1194946896000066,-2.2855920914135237,-1.6936637523330804,-2.928512510876883,0.5030501930012521,0.496949806998748
quintile_exhaustion_balance,Q5,2000-2004,10,97,12970,1,-0.11087457427455735,0.06776170640457561,0.49903255652612,1.5298532924687809,-2.9591552959519745,-2.1794794644370237,-3.87108207042483,0.47313794620547867,0.5268620537945212
quintile_exhaustion_balance,Q5,2000-2004,20,97,12969,1,-0.06608111874931226,0.22205297419371978,0.5215972257456734,2.1969811511234623,-4.127915440305677,-3.1564252772639474,-5.010037996714764,0.4627495441858553,0.5372504558141449
quintile_exhaustion_balance,Q5,2005-2009,1,133,23141,1,-0.014481523990274945,-0.011944730052673512,0.48092303460989705,0.4966628226123396,-1.0027226320050102,-0.7585600872795861,-1.3521645553257766,0.506978682253034,0.49302131774696584
quintile_exhaustion_balance,Q5,2005-2009,5,133,23141,1,-0.04064686888565079,0.012028389140694968,0.49540511604310117,1.076452073524645,-2.1625835685105574,-1.6439718854791372,-2.938370554342055,0.5061221705649979,0.4938778294350022
quintile_exhaustion_balance,Q5,2005-2009,10,133,23142,1,-0.024753423078956973,0.07017550313465112,0.5096693480606855,1.4983137478819457,-3.043187983607002,-2.205511891688435,-4.16529303380276,0.4923018950911161,0.5076981049088838
quintile_exhaustion_balance,Q5,2005-2009,20,133,23141,1,-0.016535409954354208,0.22640966163351015,0.5322967140199422,2.1481233936784156,-4.4999346960587605,-3.193838627797561,-5.742593369470167,0.48496291654662627,0.5150370834533737
quintile_exhaustion_balance,Q5,2010-2014,1,129,26066,1,-0.009968107132776889,0.0,0.4928837654291817,0.48230764660785036,-1.008471320372589,-0.7407474652891645,-1.4225479777331143,0.5028658391623847,0.4971341608376154
quintile_exhaustion_balance,Q5,2010-2014,5,129,26066,1,-0.012630227620360252,0.07957033575392546,0.5136116888827598,1.081291728386449,-2.2184745112775524,-1.666244305338488,-3.114172943151356,0.49495502222733156,0.5050449777726684
quintile_exhaustion_balance,Q5,2010-2014,10,129,26066,1,-0.05116807030928732,0.125831041771637,0.5118715725580946,1.571689843889821,-3.428364007350126,-2.3304103282839983,-4.414981289018787,0.5004980637379735,0.4995019362620266
quintile_exhaustion_balance,Q5,2010-2014,20,129,26066,1,-0.14368251523330783,0.23980802422797678,0.5172816713285758,2.423012881085233,-5.263894757174905,-3.782699781738677,-6.840626398529512,0.5202929117082075,0.4797070882917926
quintile_exhaustion_balance,Q5,2015-2019,1,184,35277,1,0.0041459753416722995,0.02074314063050215,0.5132693347445422,0.4957420563662451,-1.0299467385647716,-0.7537746251128856,-1.5242808294129246,0.49161595417721604,0.508384045822784
quintile_exhaustion_balance,Q5,2015-2019,5,184,35277,1,0.016893513305522228,0.07798912727282996,0.5264556188918025,1.1575488486497132,-2.3792244349143936,-1.7481015381160296,-3.4430626991281654,0.4982258499398088,0.5017741500601911
quintile_exhaustion_balance,Q5,2015-2019,10,184,35277,1,0.050531519299279536,0.18240681908858714,0.5359208304441179,1.6609298503191225,-3.2953804339023467,-2.4292571128683473,-4.649502069380706,0.48365485494449345,0.5163451450555065
quintile_exhaustion_balance,Q5,2015-2019,20,184,35276,1,0.06284988402958608,0.28808188256493855,0.5436977838293965,2.39863599949275,-4.923200695824264,-3.5520304289654745,-6.4286940427334915,0.46908615707896784,0.5309138429210323
quintile_exhaustion_balance,Q5,2020-2026,1,278,74445,1,-0.012583153504190297,0.0,0.49868504625323357,0.5206508955123708,-1.0896584729184084,-0.7998723551638856,-1.6280021554602333,0.5099045637021562,0.4900954362978438
quintile_exhaustion_balance,Q5,2020-2026,5,278,74273,1,-0.040415139041127965,0.036190932712038285,0.5070324113428816,1.2090685538233474,-2.5682524356267815,-1.9058373634251164,-3.72067690552188,0.5128256128930104,0.4871743871069898
quintile_exhaustion_balance,Q5,2020-2026,10,277,73971,1,-0.03612110004765117,0.11588480231426326,0.5159721893178386,1.7337377901773825,-3.737495319157005,-2.676459726294316,-5.152153833275218,0.4978434052846147,0.5021565947153853
quintile_exhaustion_balance,Q5,2020-2026,20,277,73246,1,-0.12107116456051649,0.1449033691695086,0.5168235157117932,2.563256542956708,-5.28202692939727,-3.860902099144665,-7.15992612196465,0.5122226815237669,0.48777731847623307
quintile_exhaustion_balance,Q5,ALL,1,281,171922,1,-0.012623917075884313,0.0,0.4966298832023592,0.5104475775972818,-1.0644767402518405,-0.7800975710393324,-1.5804369640347566,0.5084701226464978,0.4915298773535021
quintile_exhaustion_balance,Q5,ALL,5,281,171750,1,-0.04699357731254846,0.04510029100459794,0.5056515287731322,1.1782436384601307,-2.486710582062064,-1.8275865735936423,-3.6045264869303963,0.5113057703799792,0.48869422962002085
quintile_exhaustion_balance,Q5,ALL,10,280,171449,1,-0.04746079148882127,0.12174161238093753,0.5138926656734887,1.6884912886202943,-3.571432106466938,-2.611237718027123,-5.022002651624808,0.49385857446175274,0.5061414255382471
quintile_exhaustion_balance,Q5,ALL,20,280,170721,1,-0.09250643998219274,0.1656986887920418,0.5179983366303126,2.4780800376976027,-5.198115688092013,-3.79006312105376,-7.189451096493493,0.4999721708590667,0.5000278291409335
quintile_holding_balance,Q1,2000-2004,1,93,10781,1,0.031187386495241554,0.022939165147047358,0.5167001763198416,0.5979569844552916,-1.171830091262905,-0.8714409183680034,-1.6808415770624374,0.4836331787227818,0.5163668212772184
quintile_holding_balance,Q1,2000-2004,5,93,10783,1,0.17298055475059806,0.22476084999808527,0.5603422627456558,1.393720216077664,-2.5620102289029845,-1.9260687723034788,-3.3752418717302257,0.43575254282841785,0.5642474571715821
quintile_holding_balance,Q1,2000-2004,10,93,10782,1,0.3271132708816984,0.4624227503118915,0.5895874522396883,1.9197946809835986,-3.3380230854502075,-2.3732293369145867,-4.220942384710568,0.4162251178445956,0.5837748821554043
quintile_holding_balance,Q1,2000-2004,20,93,10783,1,0.6690707711177516,0.8232453378727795,0.6214387858554238,2.5770293836231604,-3.8634396204660004,-2.840163453176082,-4.927588059025502,0.36622455038898755,0.6337754496110124
quintile_holding_balance,Q1,2005-2009,1,137,27229,1,0.021066910408584903,0.030005834948629576,0.51355652062769,0.597326922577425,-1.2246173727221512,-0.8924574601562698,-1.680258761253611,0.47964514120875673,0.5203548587912431
quintile_holding_balance,Q1,2005-2009,5,137,27229,1,0.04473796668205502,0.13836837072211045,0.5349040894570507,1.2852823160976918,-2.619693825148696,-1.9336449422604873,-3.5982659274759037,0.47547836519797515,0.5245216348020248
quintile_holding_balance,Q1,2005-2009,10,137,27229,1,0.06427469716935974,0.14869920097076533,0.5426248446501742,1.7799506279254054,-3.7419682902977813,-2.7485310717504774,-4.936962442096836,0.473291748655943,0.5267082513440571
quintile_holding_balance,Q1,2005-2009,20,137,27229,1,0.12404879276452561,0.3946968536498697,0.5504347612974866,2.470993512717442,-5.03923725869844,-3.592769905836341,-6.3489920883175905,0.44823368753968024,0.5517663124603198
quintile_holding_balance,Q1,2010-2014,1,128,23168,1,0.035450838412119254,0.04648530764572127,0.5305169106513185,0.6090863146236938,-1.2332869221513698,-0.8908927782916873,-1.8469482140172877,0.4741271155894329,0.5258728844105671
quintile_holding_balance,Q1,2010-2014,5,128,23168,1,0.15940131483689318,0.2641719274781089,0.5605397247251185,1.3601917797178082,-2.686933021438339,-1.9304873750653817,-3.592336047616376,0.4481823590025996,0.5518176409974003
quintile_holding_balance,Q1,2010-2014,10,128,23168,1,0.27961003962143993,0.4216924826787763,0.5757404441539564,1.8334279072832762,-3.209655367521183,-2.408558346732847,-4.362950390233772,0.4177061224331185,0.5822938775668814
quintile_holding_balance,Q1,2010-2014,20,128,23168,1,0.6761649038047424,0.7544081265633195,0.6066741823639361,2.575221030779645,-3.985424878873336,-2.941698615488525,-5.047724523489413,0.3759943800707213,0.6240056199292789
quintile_holding_balance,Q1,2015-2019,1,189,36087,1,0.03423451133980481,0.058210864261089665,0.5371540576479186,0.5770097510794449,-1.2040188091529396,-0.8747545726647542,-1.70526736594385,0.47433100687226853,0.5256689931277315
quintile_holding_balance,Q1,2015-2019,5,189,36087,1,0.16246256274882828,0.2338048919498804,0.5661380116458636,1.2760243805926608,-2.620420968297011,-1.8526882426437195,-3.5187952606140342,0.44345849808485205,0.556541501915148
quintile_holding_balance,Q1,2015-2019,10,189,36086,1,0.30870494201783344,0.4133249045816422,0.5810849611682184,1.833021719061808,-3.5602507185409236,-2.5684522309449864,-4.719625953358813,0.43012244668881605,0.5698775533111837
quintile_holding_balance,Q1,2015-2019,20,189,36087,1,0.5848493035487935,0.7543795949082515,0.5966236907854686,2.6260292523120996,-4.670551924170461,-3.4550787933506504,-6.040998331483045,0.3919164167642678,0.6080835832357323
quintile_holding_balance,Q1,2020-2026,1,279,74350,1,0.009060128001156045,0.035956630927791916,0.5188574047173822,0.6094934379910203,-1.2637513301304375,-0.9008997493183286,-1.9523247694835124,0.48954955981583714,0.5104504401841629
quintile_holding_balance,Q1,2020-2026,5,279,74080,1,0.025310223469193132,0.154865684640859,0.5450672206956445,1.3717891531181692,-2.788135366881739,-1.9386716947179805,-4.322015200619059,0.48550783306479806,0.5144921669352019
quintile_holding_balance,Q1,2020-2026,10,279,73779,1,0.027565227792333957,0.3015764484411039,0.5571808386484621,1.9685625045477777,-3.925632949254006,-2.69322697842698,-6.217283331423444,0.4815406178612322,0.5184593821387679
quintile_holding_balance,Q1,2020-2026,20,279,73211,1,0.06444758911297936,0.5396209594758714,0.5657579564583677,2.84450855566458,-5.202900647469761,-3.6842181604117803,-7.445916950480538,0.46342577668365575,0.5365742233163442
quintile_holding_balance,Q1,ALL,1,281,171637,1,0.013373094875588314,0.0442392973964854,0.519648501586044,0.5997418939836922,-1.254563583591167,-0.8995527157548592,-1.8914773318985132,0.48351255290328865,0.5164874470967113
quintile_holding_balance,Q1,ALL,5,281,171369,1,0.0500422631785755,0.18013627992370584,0.5459990792765809,1.3460010806392022,-2.7645416922327564,-1.9229445263534792,-4.192529786599574,0.4687922085427388,0.5312077914572613
quintile_holding_balance,Q1,ALL,10,281,171066,1,0.08818068580163614,0.3118618005172463,0.5560340603716674,1.9092055083824255,-3.80201209388472,-2.6682957400952256,-5.783354378992566,0.46327570045885696,0.536724299541143
quintile_holding_balance,Q1,ALL,20,281,170500,1,0.16400952196581883,0.5777059649573275,0.5676482710130645,2.7511033125521283,-5.206750725197737,-3.5999061493479156,-7.480004048282632,0.44380708722636386,0.5561929127736362
quintile_holding_balance,Q2,2000-2004,1,96,11588,1,0.03799003538376786,0.0282282182348026,0.5220499022746834,0.5340459619810322,-1.0297254935765885,-0.7621865987843677,-1.3986541982972016,0.4743548448402406,0.5256451551597594
quintile_holding_balance,Q2,2000-2004,5,96,11586,1,0.12911306591149482,0.1666935495005734,0.5539351106183995,1.248892259987856,-2.369226281369172,-1.8132501404052142,-3.318356639523053,0.4642769828209735,0.5357230171790265
quintile_holding_balance,Q2,2000-2004,10,96,11588,1,0.2214183993805083,0.35321286261724594,0.5768937840581515,1.826327335564595,-3.264306295605853,-2.4280004780499764,-4.335057494102084,0.4375895624753109,0.5624104375246892
quintile_holding_balance,Q2,2000-2004,20,96,11588,1,0.3162555193991557,0.6709285796446788,0.5797336990134948,2.62851926718398,-4.680211278634598,-3.5213864028928303,-5.950216260079525,0.4346162871655873,0.5653837128344126
quintile_holding_balance,Q2,2005-2009,1,137,26183,1,0.005718732397701488,0.014634562607606002,0.5041353795998995,0.5430721675020105,-1.1055325578698447,-0.8417347055204853,-1.507782111670312,0.4981409453295298,0.5018590546704701
quintile_holding_balance,Q2,2005-2009,5,137,26183,1,0.007443775839457662,0.0636915463849249,0.5132361641804648,1.1900529108737392,-2.466784514402122,-1.850172091305331,-3.316132850607468,0.48470155083047434,0.5152984491695257
quintile_holding_balance,Q2,2005-2009,10,137,26183,1,-0.03044494392968988,0.12680353015799115,0.5092954368336889,1.693863538243908,-3.57480091848872,-2.62887717374241,-4.846740396001411,0.4917170533578926,0.5082829466421073
quintile_holding_balance,Q2,2005-2009,20,137,26183,1,0.012700847858570431,0.34846972280896515,0.5190785104091353,2.4366697872913514,-4.967477644700271,-3.7469879061883757,-6.713433253358382,0.4863328102383227,0.5136671897616772
quintile_holding_balance,Q2,2010-2014,1,129,22826,1,0.011094330439961794,0.03394810181353636,0.5161504586548888,0.554543884503443,-1.1214053768918313,-0.8432726206761407,-1.5463028197513369,0.47219071005839225,0.5278092899416078
quintile_holding_balance,Q2,2010-2014,5,129,22826,1,0.09002144414029771,0.2095733271412741,0.544282084203668,1.3216879687360514,-2.6420975684502768,-1.9194317727153853,-3.564955414020497,0.44792396260659717,0.5520760373934027
quintile_holding_balance,Q2,2010-2014,10,129,22826,1,0.1919964000742892,0.42569278856751197,0.5665445959257991,1.829708724393862,-3.445353068026086,-2.4755162161243014,-4.690700804807594,0.41423457306483286,0.5857654269351672
quintile_holding_balance,Q2,2010-2014,20,129,22826,1,0.3084872383482138,0.7730535215309217,0.5836370419551951,2.6249466053413686,-5.134658516427324,-3.610002568749765,-6.578780571146851,0.4080113366710504,0.5919886633289495
quintile_holding_balance,Q2,2015-2019,1,188,35796,1,0.02278054050771026,0.059351257925805485,0.5315208416615002,0.5679740017838417,-1.1735553740755265,-0.845260310141464,-1.741620544724665,0.48127213446541073,0.5187278655345893
quintile_holding_balance,Q2,2015-2019,5,188,35796,1,0.07149696263534877,0.17674476876909434,0.5474309595174193,1.3172672536183136,-2.6662614036004726,-1.9301688311614433,-3.6810218437701896,0.4653478546224774,0.5346521453775226
quintile_holding_balance,Q2,2015-2019,10,188,35797,1,0.16898339336690754,0.28112611683489785,0.560069980713771,1.8614887180129782,-3.6938031175111314,-2.6505973070979927,-4.9404929956168555,0.4505477317186659,0.5494522682813342
quintile_holding_balance,Q2,2015-2019,20,188,35797,1,0.36576286288316434,0.4977731354043009,0.5810736889890332,2.606778141806092,-4.940465520480652,-3.6878401004947134,-6.634949309423666,0.42340140718782443,0.5765985928121757
quintile_holding_balance,Q2,2020-2026,1,279,75383,1,0.007126171660929309,0.02273661076010553,0.5092161258745096,0.5557565532961107,-1.1418657548875681,-0.8480165689743708,-1.7152564489481321,0.49369722920712544,0.5063027707928748
quintile_holding_balance,Q2,2020-2026,5,279,75145,1,0.027416331846211187,0.12173888321027773,0.5267673475023863,1.29981008858586,-2.71214093927836,-1.9800530112441184,-3.805743119722644,0.4875199126071818,0.5124800873928183
quintile_holding_balance,Q2,2020-2026,10,278,74863,1,0.014015424759060492,0.23267390233463797,0.5402274214302022,1.9117069302731606,-3.822828386754165,-2.780303953264443,-5.474212483541262,0.47727224397757173,0.5227277560224284
quintile_holding_balance,Q2,2020-2026,20,278,74392,1,0.04035177472051459,0.37808858076373036,0.5455744016653803,2.7800478933520045,-5.123050429294739,-3.8311354812419025,-7.613024530692589,0.4739967583406707,0.5260032416593294
quintile_holding_balance,Q2,ALL,1,281,171799,1,0.01115258359667977,0.027927225420704103,0.5119096404108125,0.5528865140970769,-1.1506755326305267,-0.8465788281390626,-1.704761887832475,0.49084163413102405,0.509158365868976
quintile_holding_balance,Q2,ALL,5,281,171559,1,0.042144086366421425,0.12942754167203255,0.5298333647468572,1.2941397110872332,-2.697376324992537,-1.9685372126122136,-3.865215209883032,0.48090965081300646,0.5190903491869935
quintile_holding_balance,Q2,ALL,10,281,171283,1,0.033348033633252845,0.24129361425762352,0.5402314366692083,1.89512234175221,-3.8006364009409785,-2.7741505864096037,-5.44645106799766,0.47020621194976414,0.5297937880502358
quintile_holding_balance,Q2,ALL,20,281,170811,1,0.057973380606872855,0.46264787385352135,0.5485110198202693,2.73388918660836,-5.194038973623877,-3.8114626448103017,-7.519497143352242,0.4603888152906489,0.5396111847093511
quintile_holding_balance,Q3,2000-2004,1,96,12269,1,0.011821502529578825,0.017436843453539682,0.4975898670244792,0.5166462591496456,-1.015500293176573,-0.76774818969803,-1.4381355192268606,0.4815500647302118,0.5184499352697882
quintile_holding_balance,Q3,2000-2004,5,96,12269,1,0.07418391753773411,0.09420111923949127,0.5257092859969309,1.2140594646036653,-2.271854117714833,-1.7213843062063843,-3.08426677991513,0.46428636145535607,0.5357136385446439
quintile_holding_balance,Q3,2000-2004,10,96,12268,1,0.11359543772148384,0.3017351220615393,0.5461913754163273,1.724192193975392,-3.458696489018437,-2.527530434851125,-4.746977572260955,0.46402168067150584,0.5359783193284942
quintile_holding_balance,Q3,2000-2004,20,96,12268,1,0.14517640363596554,0.49420824102593924,0.5590826088542653,2.509217407928682,-4.943550799595441,-3.7058774335512883,-6.48921756786722,0.4356472388758279,0.5643527611241721
quintile_holding_balance,Q3,2005-2009,1,137,25996,1,-0.005528100060666886,0.01702069878006586,0.501311269862303,0.5262099034981531,-1.0745102207367008,-0.7850335946119309,-1.5062561876212202,0.49465049885624357,0.5053495011437565
quintile_holding_balance,Q3,2005-2009,5,137,25996,1,0.016321797204190795,0.10036232647004964,0.5139002736770787,1.2095561676259958,-2.3617094683962883,-1.7487785329646515,-3.3395889955959244,0.4781779489172166,0.5218220510827833
quintile_holding_balance,Q3,2005-2009,10,137,25996,1,0.029889160985244464,0.19076357742978445,0.5209394399935787,1.6972630853012778,-3.4064233448211736,-2.500991459903554,-4.676141691615966,0.4699200686429689,0.5300799313570311
quintile_holding_balance,Q3,2005-2009,20,137,25995,1,-0.0433764227515614,0.2817052260434944,0.5125862766618147,2.4811451903076818,-5.089735630287557,-3.6621217603250944,-6.521144249571168,0.47765814304486715,0.5223418569551327
quintile_holding_balance,Q3,2010-2014,1,130,25071,1,0.02051089392882553,0.03898879772500978,0.5200832766962477,0.5371469304685932,-1.0791042334516447,-0.7996531381788341,-1.5528976489723065,0.47757730541254684,0.522422694587453
quintile_holding_balance,Q3,2010-2014,5,130,25071,1,0.03131986579371827,0.18494635240188606,0.5365369339141909,1.27576206075807,-2.660954987921256,-1.9497528870705376,-3.6330266074990645,0.4729953504190523,0.5270046495809478
quintile_holding_balance,Q3,2010-2014,10,130,25071,1,0.08284458403349257,0.33997369427422014,0.553817796486439,1.8169610430760283,-3.710624554901819,-2.71723698311012,-4.841975713443659,0.4649398109097984,0.5350601890902016
quintile_holding_balance,Q3,2010-2014,20,130,25071,1,0.23673687855245867,0.6741415167954529,0.5822986810417172,2.5607543713242134,-5.051331956849366,-3.6734959011161905,-6.28819221982506,0.44406660288940325,0.5559333971105969
quintile_holding_balance,Q3,2015-2019,1,187,37048,1,0.010145898719141315,0.03679273794194424,0.5243954554060541,0.5342993824026655,-1.132336404148966,-0.8192039736454054,-1.6987134246403497,0.49512564719320373,0.5048743528067963
quintile_holding_balance,Q3,2015-2019,5,187,37048,1,0.054935149377458595,0.12385813552385228,0.5440955043040372,1.2296463450719934,-2.5941710899381887,-1.8516918392502562,-3.7899995232038166,0.4869882186873039,0.5130117813126963
quintile_holding_balance,Q3,2015-2019,10,187,37048,1,0.1252206398592016,0.22392275807884027,0.5564743385910429,1.7818355877157077,-3.7566808661479234,-2.700780347079541,-4.976082098227912,0.46115986725291996,0.5388401327470799
quintile_holding_balance,Q3,2015-2019,20,187,37048,1,0.23194428940584513,0.4115963126815372,0.5627228200146124,2.5787433858842146,-5.0726088389063415,-3.712748017701184,-6.7381012823654185,0.4524630515023713,0.5475369484976287
quintile_holding_balance,Q3,2020-2026,1,279,71386,1,-0.00020380514841248696,0.01941127146276057,0.5089309368786462,0.5499956292950718,-1.1402091773311436,-0.8317574371032173,-1.6575891618410799,0.4978395539183994,0.5021604460816005
quintile_holding_balance,Q3,2020-2026,5,279,71199,1,0.0067657627174745995,0.08249359737317745,0.5191595962517167,1.2900151480739765,-2.6992813983411934,-1.9631359783015851,-3.8447692393028396,0.4993075374732133,0.5006924625267868
quintile_holding_balance,Q3,2020-2026,10,279,70963,1,0.01022023466753342,0.13572624593354116,0.522763966225714,1.8625693493167883,-3.8679199094978607,-2.8413645701148607,-5.308459969647218,0.4881709665913707,0.5118290334086293
quintile_holding_balance,Q3,2020-2026,20,279,70534,1,0.013717580985792573,0.2621330649479057,0.5333351025158721,2.713641065282897,-5.207106974720341,-3.9331513871618897,-7.509415199045731,0.4853011568179281,0.5146988431820718
quintile_holding_balance,Q3,ALL,1,281,171790,1,0.00137195628861052,0.022782581716582775,0.509203583752018,0.5409881870639008,-1.1282697858163062,-0.8271157186572937,-1.670573994909685,0.49320446783900096,0.5067955321609988
quintile_holding_balance,Q3,ALL,5,281,171603,1,0.02283206869887494,0.10053662475961075,0.5234098329378392,1.2641789029248567,-2.659732753629382,-1.901612895045198,-3.824638348025202,0.48131195185524317,0.5186880481447568
quintile_holding_balance,Q3,ALL,10,281,171366,1,0.04434129581288425,0.1882703936268241,0.5310564652824759,1.8138511134506747,-3.775395024969531,-2.7505190647488162,-5.247880922105338,0.4799235297052025,0.5200764702947975
quintile_holding_balance,Q3,ALL,20,281,170936,1,0.06516437026946367,0.34566462693617017,0.5414555483682526,2.650900004406269,-5.28622952929101,-3.9039891990112032,-7.481873889647146,0.4744462439150375,0.5255537560849622
quintile_holding_balance,Q4,2000-2004,1,96,13204,1,0.004434484097629689,0.012185006096864069,0.5001306180091885,0.5135222725997461,-1.0024334855337331,-0.750985994706536,-1.3952688444122305,0.4893244856298539,0.5106755143701461
quintile_holding_balance,Q4,2000-2004,5,96,13204,1,-0.004245732624395866,0.05769786672160203,0.5138384583075841,1.2039620326750702,-2.3988487040410886,-1.7976009223220077,-3.259789860230969,0.48549698350440484,0.514503016495595
quintile_holding_balance,Q4,2000-2004,10,96,13204,1,-0.0887716769329433,0.06754158885275816,0.5097386472838392,1.7203778732507082,-3.5414733313536564,-2.4745384299094306,-4.621078544173306,0.5174820922174266,0.4825179077825732
quintile_holding_balance,Q4,2000-2004,20,96,13203,1,-0.23962834029576655,0.09910296432024593,0.492667767713537,2.435747557510609,-4.715975702610703,-3.642344339317182,-5.914386348250973,0.5277152611470406,0.47228473885295935
quintile_holding_balance,Q4,2005-2009,1,134,24786,1,-0.006408999370079911,-0.0013900868120291726,0.49589382777789826,0.5102667613100924,-1.0415642103757443,-0.7831613630472616,-1.4531453262696763,0.5091046613551553,0.4908953386448448
quintile_holding_balance,Q4,2005-2009,5,134,24786,1,-0.020637092244474443,0.020837468291254543,0.5058331655182852,1.1532827344646115,-2.3118447066516494,-1.7278874844562262,-3.1967437891727775,0.49150710690510513,0.5084928930948949
quintile_holding_balance,Q4,2005-2009,10,134,24785,1,-0.030550152750797317,0.09605002027213527,0.5070110351242211,1.6242220704938048,-3.3599553960053212,-2.4824919931328755,-4.474528197267073,0.4873629583908049,0.5126370416091952
quintile_holding_balance,Q4,2005-2009,20,134,24786,1,-0.11126108484020014,0.21137401175548445,0.5118213334691541,2.3678803754631566,-4.890171163387776,-3.606554594333313,-6.500606659221182,0.5001763124620487,0.4998236875379513
quintile_holding_balance,Q4,2010-2014,1,130,25807,1,0.004741201358392306,0.02445543196377297,0.5106981354815463,0.5220677848800048,-1.084785780042587,-0.7949011640164335,-1.495257881320081,0.4884052575179453,0.5115947424820547
quintile_holding_balance,Q4,2010-2014,5,130,25807,1,0.023222000591935996,0.13988104347957928,0.5324493269016175,1.226714844769044,-2.4973076476023266,-1.8380706592787508,-3.515282490961871,0.48000516415291805,0.519994835847082
quintile_holding_balance,Q4,2010-2014,10,130,25807,1,0.06605163561388948,0.26753264339162575,0.5501137703977657,1.738936404750129,-3.476885646777121,-2.5775831045521382,-4.720622034390429,0.4654131586570709,0.5345868413429291
quintile_holding_balance,Q4,2010-2014,20,130,25807,1,0.08280666993213248,0.4262541926072079,0.5500313381152575,2.4967107179823387,-5.185459877975283,-3.69637713767135,-6.749611593634633,0.4600547492254101,0.5399452507745899
quintile_holding_balance,Q4,2015-2019,1,188,36691,1,-0.001055975658395142,0.03049104847603018,0.515924237950203,0.5177612304777747,-1.118201523762012,-0.7961671460101092,-1.6284011589667504,0.49923299331760185,0.500767006682398
quintile_holding_balance,Q4,2015-2019,5,188,36691,1,0.009609929886293266,0.09401873973164418,0.5317378194347886,1.2284022350268253,-2.4867381434572615,-1.810604975302464,-3.608543114053587,0.4988751737616103,0.5011248262383897
quintile_holding_balance,Q4,2015-2019,10,188,36691,1,0.014084969546869342,0.10117956497899666,0.5302983517143705,1.783902873367464,-3.677522818479394,-2.63814248221774,-4.9677348270726345,0.5089078415437407,0.4910921584562592
quintile_holding_balance,Q4,2015-2019,20,188,36690,1,0.05318754405088992,0.2735977561678481,0.5394391351392952,2.560476373161389,-5.089815818925556,-3.8018199691351917,-6.599162376809629,0.4974401923837354,0.5025598076162646
quintile_holding_balance,Q4,2020-2026,1,279,71302,1,0.003616280107130479,0.01824301121297441,0.5072866567705189,0.5327004677932163,-1.1013991010152182,-0.7971954412990991,-1.6164444586620692,0.4968979331396345,0.5031020668603654
quintile_holding_balance,Q4,2020-2026,5,279,71083,1,0.020601206443544722,0.08285126385919261,0.5193163446739963,1.2570052643589853,-2.605221885291679,-1.8919722171925233,-3.6336583378835354,0.49138097655557084,0.5086190234444292
quintile_holding_balance,Q4,2020-2026,10,279,70822,1,0.03833174659568928,0.11760763481171786,0.5263639172036075,1.802972672842113,-3.7589527971202825,-2.7387642735567397,-5.125793867277817,0.4882805784217082,0.5117194215782916
quintile_holding_balance,Q4,2020-2026,20,279,70314,1,-0.1068436141713694,0.18380056689420787,0.5235239871327183,2.7098625297833614,-5.362368976055372,-3.8882201589836973,-7.40175682217927,0.507576999242565,0.4924230007574348
quintile_holding_balance,Q4,ALL,1,281,171806,1,0.004226463220505331,0.015304023757652054,0.5074553024577284,0.5240964294171643,-1.0987749557735107,-0.7963102066271444,-1.6086470507825623,0.49468077891078116,0.5053192210892189
quintile_holding_balance,Q4,ALL,5,281,171587,1,0.00989788055552788,0.08553903438722416,0.5192729401122049,1.239585748024992,-2.575076066209928,-1.87014041563012,-3.685435945522669,0.4897536339451542,0.5102463660548457
quintile_holding_balance,Q4,ALL,10,281,171325,1,0.021014012409553008,0.1383772526354674,0.5265909679840627,1.7863088808318335,-3.745640252114165,-2.711881190629723,-5.217315778242587,0.4878125654531957,0.5121874345468044
quintile_holding_balance,Q4,ALL,20,281,170816,1,-0.0835980511957878,0.25433970123795385,0.5270127329057993,2.6592221601273587,-5.324770943199552,-3.8769757090993506,-7.40175682217927,0.4939050465060634,0.5060949534939366
quintile_holding_balance,Q5,2000-2004,1,97,13323,1,-0.030996103611323957,-0.008807641341856106,0.4821187264535285,0.5100739121542817,-1.0024484866490504,-0.7639618929853003,-1.3651687112969533,0.5110499473604183,0.4889500526395818
quintile_holding_balance,Q5,2000-2004,5,97,13323,1,-0.15995688759980226,0.023815388715345456,0.4939730455624788,1.1376184120846327,-2.270862065863664,-1.6923350540146578,-2.9713781872292135,0.5183887538604433,0.4816112461395568
quintile_holding_balance,Q5,2000-2004,10,97,13323,1,-0.170349317148901,0.06184488971976276,0.4940042268455773,1.5796342479156424,-2.9054506016272494,-2.263647086507683,-3.797519232576108,0.49604114901630136,0.5039588509836987
quintile_holding_balance,Q5,2000-2004,20,97,13323,1,-0.13723051422764712,0.14040982932787957,0.5090435319256243,2.2476863227227564,-4.208555048593749,-3.1465000654933233,-5.2472034248863375,0.46604997463684006,0.53395002536316
quintile_holding_balance,Q5,2005-2009,1,133,23472,1,-0.022498417958345472,-0.02227497621640001,0.4786056594536536,0.49745967315582007,-1.0150569380951138,-0.7644598722396259,-1.3902461707688665,0.5150253791710401,0.48497462082896
quintile_holding_balance,Q5,2005-2009,5,133,23472,1,-0.05933198105564186,-0.011113008666675202,0.489822000384667,1.0966538916926687,-2.234993475318595,-1.6834868468629294,-2.9890061352408623,0.5192319941337145,0.4807680058662856
quintile_holding_balance,Q5,2005-2009,10,133,23473,1,-0.05859826483973371,0.07088687853716012,0.5074893546061928,1.5215428579530124,-3.1069782410773756,-2.3081792272831727,-4.256412151085959,0.49307426718909175,0.506925732810908
quintile_holding_balance,Q5,2005-2009,20,133,23473,1,-0.10176728184537456,0.28228437654476335,0.5182833549921488,2.1681136418291245,-4.624141598801657,-3.291180375366335,-5.8539119649679625,0.4863632820361691,0.5136367179638309
quintile_holding_balance,Q5,2010-2014,1,129,26788,1,-0.014291843268055703,0.0,0.49283708289654776,0.48274124604307966,-1.0057232232709807,-0.7415095445792789,-1.4498403544010938,0.504083446426622,0.49591655357337805
quintile_holding_balance,Q5,2010-2014,5,129,26788,1,-0.045628530672749266,0.07732423912797727,0.5058615734895283,1.0917398949030641,-2.2677472838313792,-1.6913843411144018,-3.102086149150634,0.4876928788352369,0.5123071211647631
quintile_holding_balance,Q5,2010-2014,10,129,26788,1,-0.07744702967220947,0.17297572828892466,0.5094554024026648,1.6022291062322886,-3.402877986789856,-2.4175747316546343,-4.5845072057953935,0.4958040459381145,0.5041959540618857
quintile_holding_balance,Q5,2010-2014,20,129,26788,1,-0.14507145175912553,0.21486596407856795,0.5201481855585308,2.442961753461916,-5.1058188775173186,-3.818641445999822,-6.785714796504178,0.4925847377159453,0.5074152622840545
quintile_holding_balance,Q5,2015-2019,1,184,35481,1,-0.003710578473038135,0.01487575011156026,0.5078657896998073,0.4914000437698193,-1.023547361592354,-0.7426065001765496,-1.5405408000940117,0.5014139112984317,0.49858608870156834
quintile_holding_balance,Q5,2015-2019,5,184,35481,1,-0.03622124066933097,0.05884230486768603,0.5176516353816796,1.159699518540566,-2.455627355743139,-1.7754945874022214,-3.504147732235606,0.514926415192593,0.48507358480740703
quintile_holding_balance,Q5,2015-2019,10,184,35481,1,-0.0471410147794417,0.13494461328855822,0.5239921272868449,1.6847311063297101,-3.4594223557308306,-2.5046327990987463,-4.85426053242529,0.5035739393478016,0.4964260606521984
quintile_holding_balance,Q5,2015-2019,20,184,35481,1,-0.08089589898325507,0.2791146021021826,0.5288979756634421,2.438750680304638,-5.014897217125901,-3.6570481921898343,-6.516475602574975,0.48934068159673294,0.5106593184032671
quintile_holding_balance,Q5,2020-2026,1,278,72853,1,-0.016779727611979312,0.0,0.4970734334034415,0.5219264399133605,-1.0947627313276356,-0.8024067178473944,-1.618687719565528,0.511388875117589,0.4886111248824111
quintile_holding_balance,Q5,2020-2026,5,278,72680,1,-0.054356031826752936,0.04890313942123063,0.5036656234014526,1.209275367037296,-2.581314142647443,-1.9081632355343643,-3.676615025097875,0.5105000220515279,0.48949997794847205
quintile_holding_balance,Q5,2020-2026,10,277,72395,1,-0.06621553892010305,0.08704237174247698,0.5083251924752364,1.739971578975746,-3.760715871881138,-2.7426773597841705,-5.0986548148355215,0.5060078414565471,0.49399215854345313
quintile_holding_balance,Q5,2020-2026,20,277,71650,1,-0.1949923925339124,0.13200884562209894,0.5081792130200347,2.5836342825728384,-5.349943675517915,-3.9609313531038066,-7.217374733362086,0.5186338834018389,0.4813661165981609
quintile_holding_balance,Q5,ALL,1,281,171928,1,-0.01850423937743027,0.0,0.49540761177483905,0.5136405548150577,-1.06651323148585,-0.7758292451874541,-1.5733913484851851,0.50856036537506,0.49143963462494017
quintile_holding_balance,Q5,ALL,5,281,171755,1,-0.06738215687617637,0.04606260413939711,0.5037039291759237,1.19157231501893,-2.4652719778346097,-1.8289206925646269,-3.595131154035695,0.509947158794077,0.490052841205923
quintile_holding_balance,Q5,ALL,10,280,171471,1,-0.08394387664923561,0.09350526850014557,0.5086890980160929,1.7106762660933157,-3.596106133061407,-2.630161594019924,-5.102013913150677,0.5003832132319417,0.4996167867680583
quintile_holding_balance,Q5,ALL,20,280,170725,1,-0.15973095268946375,0.18011032849348604,0.5112773045716712,2.5050083084639474,-5.199592815815541,-3.7868086733756314,-7.328853057386821,0.4990473749264669,0.5009526250735332
quintile_res_hold,Q1,2000-2004,1,97,13311,1,-0.031769933198331365,0.0,0.48239703700378694,0.5113854926479816,-0.9795127111058276,-0.7580333215843541,-1.3767780686155007,0.5083222442525861,0.4916777557474138
quintile_res_hold,Q1,2000-2004,5,97,13311,1,-0.16699917233059827,0.02229334791085105,0.4914766027401127,1.1443899361259942,-2.2820288022711086,-1.7129991343372493,-2.9738431701363286,0.5274805968875386,0.47251940311246127
quintile_res_hold,Q1,2000-2004,10,97,13311,1,-0.17636004558073645,0.053431730292747975,0.49166354285919056,1.5806038277653955,-2.9363943942339463,-2.259477691275821,-3.806447951572907,0.49698214252719597,0.5030178574728038
quintile_res_hold,Q1,2000-2004,20,97,13311,1,-0.15133183997580743,0.17745229495676307,0.5069549291857415,2.2454923972448353,-4.232141111542696,-3.143001631963537,-5.232189871521429,0.47062380495379186,0.5293761950462081
quintile_res_hold,Q1,2005-2009,1,133,23515,1,-0.023399901465976723,-0.02093467267639087,0.4774484570783895,0.4973527224654446,-1.0189342803445545,-0.7690428730670535,-1.399141902080383,0.5140604363600896,0.48593956363991053
quintile_res_hold,Q1,2005-2009,5,133,23515,1,-0.06141177518560235,-0.00540593005692826,0.48840200961660407,1.1007711450740614,-2.242315118255735,-1.7025387252218909,-2.97899193217745,0.5196051408639725,0.4803948591360275
quintile_res_hold,Q1,2005-2009,10,133,23516,1,-0.06375991313660197,0.07017550313465112,0.5055487043724526,1.527186976594248,-3.1112745422397388,-2.3130175554996972,-4.256412151085959,0.4971051946511403,0.5028948053488597
quintile_res_hold,Q1,2005-2009,20,133,23516,1,-0.11548275524398753,0.24154979050469527,0.5167007431324326,2.1764337956918713,-4.66665784060319,-3.40568624054603,-5.987890171820783,0.49059870849806403,0.5094012915019358
quintile_res_hold,Q1,2010-2014,1,129,26868,1,-0.013198774336101534,0.0,0.4936060274991066,0.4821221415700473,-1.0067156045231362,-0.7362460871935453,-1.4446002997773835,0.5041375549775754,0.49586244502242455
quintile_res_hold,Q1,2010-2014,5,129,26868,1,-0.04303576831854217,0.06791836897777662,0.506217284608278,1.0939662762999145,-2.263590532475014,-1.681340215965044,-3.117965968024436,0.4920699150099333,0.5079300849900668
quintile_res_hold,Q1,2010-2014,10,129,26868,1,-0.07449499319991455,0.13973286381657274,0.5100328982034277,1.6063627386810446,-3.386742440944228,-2.426756825512094,-4.5845072057953935,0.4988194113049424,0.5011805886950575
quintile_res_hold,Q1,2010-2014,20,129,26868,1,-0.13979027773902325,0.23864105453853046,0.5211288099602708,2.4415444361628222,-5.077388491261074,-3.8307990029407817,-6.673775906626902,0.4916104172573738,0.5083895827426262
quintile_res_hold,Q1,2015-2019,1,183,35480,1,-0.006236277019226106,0.015478945653651849,0.5061631125644165,0.4937277701399187,-1.040947076833191,-0.7484829424430528,-1.543072263477582,0.5038471614272173,0.49615283857278275
quintile_res_hold,Q1,2015-2019,5,183,35480,1,-0.03807741582574564,0.058065259408300686,0.514234794283702,1.164415963159414,-2.472569480258001,-1.7738243873326887,-3.5380102989550544,0.5128658711147135,0.4871341288852867
quintile_res_hold,Q1,2015-2019,10,183,35480,1,-0.05512853625020987,0.12560444983698993,0.5221179122337166,1.6957073625497465,-3.428319717174703,-2.516085444807802,-4.909029081107317,0.5067318477207549,0.4932681522792451
quintile_res_hold,Q1,2015-2019,20,183,35480,1,-0.10517799352960482,0.26320918455170883,0.526200606370075,2.4631798592021665,-5.0579017173756835,-3.7031529417370264,-6.514790831781613,0.49416113518639676,0.5058388648136033
quintile_res_hold,Q1,2020-2026,1,278,72505,1,-0.017693073893281296,0.0,0.4969669943507721,0.5216394262916947,-1.0992170891379192,-0.8040023067824504,-1.6201199539058488,0.5112015802570133,0.48879841974298666
quintile_res_hold,Q1,2020-2026,5,278,72329,1,-0.05962461051943172,0.04341293601305825,0.5029525460589396,1.2126253454563443,-2.5915554575293163,-1.9177274532292001,-3.6890736121823666,0.5135818628358229,0.48641813716417714
quintile_res_hold,Q1,2020-2026,10,277,72044,1,-0.07822939929071301,0.093246724440271,0.5070253411263029,1.7449074227787955,-3.7599321355633384,-2.768788434514744,-5.140485897229321,0.5046629559645034,0.4953370440354965
quintile_res_hold,Q1,2020-2026,20,277,71294,1,-0.2671111753644847,0.12816380341305972,0.5066127041427431,2.6494204976866405,-5.379688800484326,-3.9800469950111785,-7.219231510168225,0.518512776093365,0.48148722390663495
quintile_res_hold,Q1,ALL,1,281,171695,1,-0.01985491909768998,0.0,0.49481732274102713,0.5141387298977264,-1.0632219476241156,-0.7798488682257119,-1.5755834373568158,0.5090240473821496,0.49097595261785054
quintile_res_hold,Q1,ALL,5,281,171519,1,-0.07170289087782598,0.04733070759185346,0.502943817017819,1.1961395692388643,-2.4665453032574596,-1.8279320660204539,-3.616350193080374,0.5108382974813757,0.4891617025186244
quintile_res_hold,Q1,ALL,10,280,171235,1,-0.09086806640934457,0.09404112875686187,0.5078596731394607,1.714661986588198,-3.6006728422516034,-2.6524583772508183,-5.118872277018683,0.5013999184718971,0.49860008152810287
quintile_res_hold,Q1,ALL,20,280,170484,1,-0.22407004684633336,0.17719616740139774,0.5103939536962089,2.5664537744094793,-5.219333445759451,-3.790394473120964,-7.337046995906377,0.5011634960190452,0.49883650398095475
quintile_res_hold,Q2,2000-2004,1,96,13246,1,0.0023756183261776087,0.013715228434094572,0.4968647228749905,0.5165794261647337,-1.010434120541606,-0.7649553592286238,-1.4329859311181508,0.48958498578775245,0.5104150142122476
quintile_res_hold,Q2,2000-2004,5,96,13246,1,-0.026602759349241733,0.01564795753771537,0.5076838516701317,1.2372990077982908,-2.4387163820230127,-1.8249308737770766,-3.2734030837993737,0.4985658170993471,0.5014341829006528
quintile_res_hold,Q2,2000-2004,10,96,13246,1,-0.13834354736650925,-0.0025525525828332474,0.5014022284154074,1.7595376905467008,-3.5971806743029955,-2.6607951010810833,-4.651126179294371,0.530369677834434,0.4696303221655661
quintile_res_hold,Q2,2000-2004,20,96,13245,1,-0.23064794927552565,-0.015051568308116846,0.4886486252131788,2.45461974703677,-4.938317605918517,-3.658545696120219,-5.949041917149648,0.5127227462165733,0.48727725378342657
quintile_res_hold,Q2,2005-2009,1,134,25350,1,-0.006481959398694274,0.007882217254163769,0.4973391797785886,0.513742049598258,-1.062305069772219,-0.7801615572182203,-1.4712829055735557,0.49898613174881556,0.5010138682511843
quintile_res_hold,Q2,2005-2009,5,134,25350,1,-0.0037739382235318208,0.05677276185287915,0.5110717516267799,1.1697548230378951,-2.3692126238300326,-1.7215606674936161,-3.2492459474124504,0.4874398834554968,0.5125601165445034
quintile_res_hold,Q2,2005-2009,10,134,25349,1,-0.0251532306321297,0.10324078247862888,0.5091811128600411,1.6567395684162511,-3.3860159775254424,-2.4834086477213217,-4.550674988254945,0.48280999362335614,0.5171900063766439
quintile_res_hold,Q2,2005-2009,20,134,25350,1,-0.1325976513162317,0.20957956848955334,0.5050297606914932,2.40900197285489,-4.939057292223325,-3.666941689045411,-6.430568848876375,0.5042750343375271,0.4957249656624728
quintile_res_hold,Q2,2010-2014,1,130,26365,1,0.0029032703316602152,0.028069995328038416,0.5128509763196429,0.5294619766342702,-1.0846207664928105,-0.8105273934130782,-1.5263154614002392,0.4830549177578539,0.516945082242146
quintile_res_hold,Q2,2010-2014,5,130,26365,1,0.009100446763333015,0.13361699964391344,0.5292990276794637,1.2507110280609797,-2.587625015506394,-1.8534931769794674,-3.5233059013276127,0.4842343244374593,0.5157656755625408
quintile_res_hold,Q2,2010-2014,10,130,26365,1,0.041364892295606255,0.2664109006955879,0.5452126490537866,1.7807363203653002,-3.5115730818457553,-2.502689603515076,-4.95268869562052,0.4689715770220544,0.5310284229779456
quintile_res_hold,Q2,2010-2014,20,130,26365,1,0.11719857625258887,0.45290671395571014,0.552708259039519,2.4985575435418856,-4.991560154817456,-3.655385693574524,-6.497780432232785,0.4485418386013668,0.5514581613986331
quintile_res_hold,Q2,2015-2019,1,186,37330,1,-0.0036305836128434597,0.028987083004185354,0.5139445115598243,0.5166607815469465,-1.1109149973513484,-0.7816788551478169,-1.6448399065525776,0.4991311535960298,0.5008688464039702
quintile_res_hold,Q2,2015-2019,5,186,37330,1,-0.026288273251222016,0.06824405458015673,0.5254928359027733,1.2285686520305557,-2.5876218179345303,-1.876460688060051,-3.68003890236702,0.5043791217168905,0.4956208782831095
quintile_res_hold,Q2,2015-2019,10,186,37330,1,-0.028938760867044576,0.11559258175454803,0.5258489709756595,1.7671499146237732,-3.783470421186391,-2.7543178773390116,-4.999511159969091,0.5038168797518676,0.4961831202481324
quintile_res_hold,Q2,2015-2019,20,186,37330,1,0.005540843879144745,0.27702511539807156,0.534368671446856,2.5218512873912076,-5.012854692339184,-3.7535572535203965,-6.633285204843377,0.4917747296448508,0.5082252703551491
quintile_res_hold,Q2,2020-2026,1,279,69498,1,0.0024575062315258787,0.014618623819676033,0.5069501808340641,0.5349675293225286,-1.1015846787586365,-0.8036559257708588,-1.6156860369014945,0.4969321931156984,0.5030678068843015
quintile_res_hold,Q2,2020-2026,5,279,69286,1,0.017704674853489474,0.07161987970403383,0.5159294251776808,1.2624981556963002,-2.569209520150873,-1.9003766029862892,-3.6311519298864616,0.49411914078144803,0.5058808592185517
quintile_res_hold,Q2,2020-2026,10,279,69043,1,0.02405777998590604,0.08934621553725663,0.5224076974074425,1.8072025672627645,-3.7527957897292357,-2.7813267045529773,-5.031154466746599,0.4951463343147434,0.5048536656852565
quintile_res_hold,Q2,2020-2026,20,279,68564,1,-0.03434872618502605,0.12277849432858338,0.5209500593119664,2.634183105318089,-5.365156604769614,-3.9416180588653966,-7.345257780557808,0.5050685530819964,0.4949314469180034
quintile_res_hold,Q2,ALL,1,281,171806,1,0.004895605862779412,0.018086242337697584,0.5073570806422151,0.5262943962239237,-1.1054048470304405,-0.8009573396658467,-1.6156860369014945,0.4963179864402839,0.5036820135597161
quintile_res_hold,Q2,ALL,5,281,171594,1,0.012226512866291254,0.08012295953948953,0.51829762710101,1.2463456438654954,-2.5996526258290564,-1.8887638539526395,-3.7427239296572044,0.49055049813170243,0.5094495018682975
quintile_res_hold,Q2,ALL,10,281,171350,1,0.016752903758339044,0.13251632197473062,0.5259162171251865,1.7924738091045227,-3.7614373159049594,-2.726700757064901,-5.284889599200995,0.48970300699582064,0.5102969930041794
quintile_res_hold,Q2,ALL,20,281,170871,1,0.013958088757425007,0.2324016651999966,0.5266414506403518,2.5822854068466286,-5.300514986953201,-3.9030488656430835,-7.363932508032528,0.49313960232961046,0.5068603976703896
quintile_res_hold,Q3,2000-2004,1,96,11896,1,0.021264481437830066,0.013003319894136226,0.5069864976207434,0.5146300941357086,-0.9696068083866888,-0.7350030297436585,-1.4178218136250114,0.4771710608775178,0.5228289391224823
quintile_res_hold,Q3,2000-2004,5,96,11895,1,0.09672350342739726,0.13349113300367696,0.5374897156284592,1.1922765219432059,-2.246253060193655,-1.6572494106870526,-3.057572952662456,0.4549705026962238,0.5450294973037761
quintile_res_hold,Q3,2000-2004,10,96,11894,1,0.14075664023239579,0.3080361319500551,0.5594501680038498,1.710521792515647,-3.171146392708336,-2.3263708967014223,-4.40734521808975,0.44426374381971495,0.555736256180285
quintile_res_hold,Q3,2000-2004,20,96,11894,1,0.15129400805096802,0.5385792867030066,0.5695253993977536,2.4525087255826876,-4.9150391641750275,-3.5984932547078126,-5.967673584949041,0.44553865234386847,0.5544613476561316
quintile_res_hold,Q3,2005-2009,1,137,25105,1,-0.001764308877577785,0.015062625818937652,0.49844492173480665,0.5292625191422238,-1.063830127011929,-0.7872029623768146,-1.4879242672718862,0.49210915934152977,0.5078908406584703
quintile_res_hold,Q3,2005-2009,5,137,25105,1,-7.749415680560736e-05,0.08101587661454901,0.5127633261374817,1.1915529016850037,-2.3771362226986095,-1.7995563593465964,-3.3588030212365227,0.47504591259561374,0.5249540874043863
quintile_res_hold,Q3,2005-2009,10,137,25105,1,0.02205462991863153,0.15924455175493454,0.5178311463506868,1.6483925532693982,-3.4092930301833917,-2.4803657909007355,-4.434603747908003,0.47390097177696316,0.5260990282230367
quintile_res_hold,Q3,2005-2009,20,137,25104,1,0.018809032656813038,0.25456040449464046,0.5199126303286227,2.397102413798166,-4.905331169704875,-3.519667855995507,-6.523762151933943,0.4740955031171011,0.525904496882899
quintile_res_hold,Q3,2010-2014,1,127,24126,1,0.02227802561317282,0.03510522217817733,0.5194957174128548,0.5362790962281219,-1.064589645060561,-0.800451618868524,-1.5284297916987684,0.4704221781175551,0.5295778218824448
quintile_res_hold,Q3,2010-2014,5,127,24126,1,0.08169629152885591,0.16812332038647965,0.5472907728707394,1.2608782621251833,-2.630051909862599,-1.9115526847745867,-3.5451903483502694,0.4590909988339089,0.540909001166091
quintile_res_hold,Q3,2010-2014,10,127,24126,1,0.11088653011992078,0.30871306745349425,0.5617643147832907,1.7755575213347283,-3.5049290778749786,-2.6615528695596526,-4.692083725406262,0.47754759367410754,0.5224524063258923
quintile_res_hold,Q3,2010-2014,20,127,24126,1,0.22415766036030874,0.6683035376875415,0.5842403021240354,2.60382962483487,-5.0445200013101985,-3.6161192879934965,-6.507793882803751,0.434796845118633,0.5652031548813672
quintile_res_hold,Q3,2015-2019,1,191,35881,1,0.009217913059177532,0.04650161651187714,0.5250255654747448,0.536732058369131,-1.119939445984003,-0.8053749787314073,-1.65338233219957,0.4839645107989206,0.5160354892010792
quintile_res_hold,Q3,2015-2019,5,191,35881,1,0.05243085267850967,0.16037862599153338,0.5434253732277206,1.2468194516655664,-2.5564187527235824,-1.8322693113343314,-3.631880615345527,0.474328396569789,0.525671603430211
quintile_res_hold,Q3,2015-2019,10,191,35881,1,0.12628914293216245,0.24899542624385193,0.5550557597823422,1.7986398428707528,-3.5422029397804287,-2.575390368652073,-4.75067080784673,0.4607960961703087,0.5392039038296914
quintile_res_hold,Q3,2015-2019,20,191,35880,1,0.25338251606190787,0.49379676991271043,0.5667883835465646,2.5868606996702246,-4.926302277082238,-3.6474640498503255,-6.418935435914309,0.4453547226519421,0.554645277348058
quintile_res_hold,Q3,2020-2026,1,279,74769,1,0.0005924794372201402,0.02226065053593078,0.507812291840516,0.5499687226344185,-1.137612758610353,-0.8343651050893562,-1.688554540453454,0.49648908601665453,0.5035109139833455
quintile_res_hold,Q3,2020-2026,5,279,74613,1,0.01579738119572501,0.08451753624917605,0.5253176450675762,1.2860924531096463,-2.701882484203031,-1.9526749602405378,-3.8564312137808336,0.49476996373191096,0.5052300362680892
quintile_res_hold,Q3,2020-2026,10,279,74362,1,0.043650796811264735,0.1719740770602302,0.5313852026245248,1.8529438687115518,-3.838819097714369,-2.791907121566102,-5.247315670171294,0.4863986202337024,0.5136013797662976
quintile_res_hold,Q3,2020-2026,20,279,73932,1,0.0995959933654963,0.3762918722326286,0.542673250612692,2.671857967633192,-5.219482834543152,-3.793742146612181,-7.543438867578921,0.4700462440761485,0.5299537559238516
quintile_res_hold,Q3,ALL,1,281,171800,1,0.002391866621152829,0.021458872799322556,0.5086221433578797,0.54157560655649,-1.125279217425897,-0.8244346857843259,-1.6641777459467435,0.4919709956656601,0.5080290043343398
quintile_res_hold,Q3,ALL,5,281,171643,1,0.025255006672261007,0.10779441585807763,0.5273760731300289,1.2620516539855404,-2.6580423511764666,-1.9179353776492674,-3.797549916342751,0.4856720850129706,0.5143279149870293
quintile_res_hold,Q3,ALL,10,281,171391,1,0.059797560416500375,0.2025197445124516,0.5356813373353355,1.8098174079020357,-3.8086743493669246,-2.7216625657625433,-5.288883667578442,0.4787587813001153,0.5212412186998847
quintile_res_hold,Q3,ALL,20,281,170959,1,0.1089867317681656,0.38419747594366394,0.5476368563482147,2.6223039723212573,-5.282347211827706,-3.856957696426085,-7.584146210726969,0.4674040898987855,0.5325959101012144
quintile_res_hold,Q4,2000-2004,1,94,11135,1,0.022582876220123387,0.020470776467653974,0.515531901989378,0.5311518834049834,-1.034600031098036,-0.7847453135678675,-1.4330139185966781,0.47272628884536655,0.5272737111546335
quintile_res_hold,Q4,2000-2004,5,94,11135,1,0.12824018148740396,0.21139894897076936,0.559378527372756,1.2708358914231608,-2.4315223015867113,-1.7802543224310463,-3.1805258695630325,0.44293775075331265,0.5570622492466873
quintile_res_hold,Q4,2000-2004,10,94,11136,1,0.29032559323164736,0.42875827486901086,0.5844306381975862,1.8697361966936772,-3.1230742195234322,-2.352748266522192,-4.501795752285455,0.4233415148350719,0.5766584851649281
quintile_res_hold,Q4,2000-2004,20,94,11137,1,0.4707827217006926,0.8114538334727687,0.6026298701240664,2.696811223092021,-4.620359237675926,-3.5064071750268475,-5.952848492566378,0.41299194230123565,0.5870080576987642
quintile_res_hold,Q4,2005-2009,1,136,26863,1,0.005499632717026859,0.01190638360172774,0.5109420521170528,0.5489807551257329,-1.121741701771609,-0.8453978672701319,-1.537621729460478,0.48938328589113195,0.5106167141088682
quintile_res_hold,Q4,2005-2009,5,136,26863,1,0.02002515686223842,0.09633169844719536,0.5152733302637833,1.2213467796881465,-2.479747191576518,-1.833972222765265,-3.4131423463261212,0.48340127149634055,0.5165987285036595
quintile_res_hold,Q4,2005-2009,10,136,26863,1,0.014781693549910699,0.12097409030701614,0.5209124743804442,1.727992561816841,-3.530926002096121,-2.6369817780276747,-4.815060642962698,0.48735252898601344,0.5126474710139868
quintile_res_hold,Q4,2005-2009,20,136,26863,1,0.05692346094421934,0.35531578758414645,0.5391575473878922,2.501306726594507,-5.174092729461273,-3.76138719552266,-6.698832800125219,0.48173115389855536,0.5182688461014449
quintile_res_hold,Q4,2010-2014,1,129,21516,1,0.021627974291582253,0.04572608918981802,0.5208113289213485,0.5473180116962864,-1.1172322413761184,-0.8302025719271987,-1.5380479522055062,0.4701485575530708,0.5298514424469293
quintile_res_hold,Q4,2010-2014,5,129,21516,1,0.13934124267443732,0.24536100241519232,0.5576332736614975,1.2901950894709817,-2.547483549879341,-1.8353269481161052,-3.4152813821393586,0.4322508870431373,0.5677491129568628
quintile_res_hold,Q4,2010-2014,10,129,21516,1,0.24927121998089213,0.5164380030233171,0.5803281774441543,1.8651650095169736,-3.49098985406447,-2.477120340660396,-4.7937715268929875,0.4080551163532,0.5919448836468
quintile_res_hold,Q4,2010-2014,20,129,21516,1,0.4198347004331041,0.8705438869722696,0.5986964404628593,2.6514031521519517,-5.003719855735463,-3.470784414147209,-6.408904687227894,0.3961746440891013,0.6038253559108987
quintile_res_hold,Q4,2015-2019,1,189,36655,1,0.024642760434460405,0.05003020320934162,0.5344934790690754,0.5645720600711404,-1.1829883327690949,-0.8456430813674634,-1.7208763338124684,0.48266047202452333,0.5173395279754766
quintile_res_hold,Q4,2015-2019,5,189,36656,1,0.1007005821309912,0.19217853272885238,0.553209094972004,1.3034310033544965,-2.7470682648803844,-1.9669794016357762,-3.779702525721811,0.4687483929789004,0.5312516070210995
quintile_res_hold,Q4,2015-2019,10,189,36656,1,0.23161516303757274,0.33626344707411104,0.5705922535905323,1.8777343006016107,-3.831763413545628,-2.8701220198217254,-5.030807136306941,0.45037089641755174,0.5496291035824484
quintile_res_hold,Q4,2015-2019,20,189,36656,1,0.45999645052360577,0.5439165820943486,0.5876325362763475,2.628070390582148,-4.850887915446544,-3.6959483885662023,-6.3157131654013225,0.43295860687278703,0.5670413931272131
quintile_res_hold,Q4,2020-2026,1,279,75577,1,0.01670501212665885,0.03015242207033201,0.5149574060938876,0.5569333130675226,-1.13022833914899,-0.8359068156333624,-1.6885064387747903,0.4862909340916274,0.5137090659083728
quintile_res_hold,Q4,2020-2026,5,279,75256,1,0.09242878800618383,0.15460774362738913,0.5382544196065383,1.2927741410101046,-2.623077304854732,-1.8684585120793311,-3.690032135677249,0.4624019209238309,0.5375980790761692
quintile_res_hold,Q4,2020-2026,10,278,74951,1,0.123329548347552,0.2741231139223599,0.5513626165202603,1.8789605247277572,-3.7846314315229383,-2.6566897700407823,-5.228754476688227,0.45620073764956026,0.5437992623504397
quintile_res_hold,Q4,2020-2026,20,278,74544,1,0.07028760514250311,0.5123970226526551,0.5582054985942135,2.8567591651875124,-4.968124037816201,-3.5781954047579756,-7.300105418814372,0.4398784207607541,0.5601215792392458
quintile_res_hold,Q4,ALL,1,281,171763,1,0.013594119819316063,0.03338640715860139,0.5154980295207298,0.5547526775059031,-1.14020694500872,-0.8437419132544202,-1.6946758432312181,0.4871038452261129,0.5128961547738872
quintile_res_hold,Q4,ALL,5,281,171443,1,0.07837366863519546,0.15482288849552595,0.5359630674312608,1.2882543112578557,-2.698207652100666,-1.9129778039435679,-3.7927859833027857,0.4701303136607009,0.5298696863392991
quintile_res_hold,Q4,ALL,10,281,171143,1,0.11450972942247821,0.2730821274063995,0.5488037628716443,1.866785938864324,-3.815376470387901,-2.7147668835990286,-5.431998279546462,0.45798851447701705,0.542011485522983
quintile_res_hold,Q4,ALL,20,281,170737,1,0.059268653994311096,0.48884659191323027,0.5567642213388259,2.7924649932649404,-5.191992188590471,-3.758617004645802,-7.642507555454079,0.4499955310165718,0.5500044689834283
quintile_res_hold,Q5,2000-2004,1,95,11575,1,0.032735273727945546,0.03204028984694593,0.5172252865545562,0.5834149155162107,-1.1661988893538529,-0.8342667626099307,-1.6319231066071005,0.481391542057861,0.5186084579421391
quintile_res_hold,Q5,2000-2004,5,95,11576,1,0.15321700747943792,0.1644695430025949,0.5502601698697765,1.3378981024881562,-2.459522511278104,-1.8629242217258024,-3.3870981131180407,0.4508587265832644,0.5491412734167355
quintile_res_hold,Q5,2000-2004,10,95,11576,1,0.2569254815381127,0.4095646487096896,0.5727122568141314,1.8465206131734617,-3.275945340286903,-2.4448420842690037,-4.360356641613394,0.4267933510354371,0.573206648964563
quintile_res_hold,Q5,2000-2004,20,95,11576,1,0.48912397256153833,0.7028617454741044,0.5932848183628597,2.516034605445888,-4.170892120575777,-2.9661716220398544,-5.080492970242223,0.38330208642739305,0.6166979135726072
quintile_res_hold,Q5,2005-2009,1,137,26831,1,0.016764749274369203,0.02662058380442013,0.5081929661030992,0.5901646662774392,-1.2168652817556485,-0.9023207171338163,-1.6645826701274007,0.48785447316224884,0.512145526837751
quintile_res_hold,Q5,2005-2009,5,137,26831,1,0.023927886405094325,0.13215140281313348,0.5314435529459437,1.2605602465874772,-2.6673276060433166,-1.9063713682940548,-3.5106950578253,0.48174434570301045,0.5182556542969896
quintile_res_hold,Q5,2005-2009,10,137,26831,1,0.014304365742654136,0.18189821207691256,0.5306577906956101,1.7540758169036685,-3.5499651260851763,-2.6597358398092883,-4.5460984309909955,0.4749120341441704,0.5250879658558296
quintile_res_hold,Q5,2005-2009,20,137,26831,1,0.056318090053634744,0.24201621075361626,0.5310150391572726,2.440993016087614,-4.843165654553295,-3.4372588005319455,-6.103291004550882,0.47020645112196874,0.5297935488780312
quintile_res_hold,Q5,2010-2014,1,131,24785,1,0.03940998876128388,0.042910694408768255,0.5258594337130265,0.609181358528249,-1.2189670519261324,-0.8827771686386784,-1.8043170453663906,0.47619136966808634,0.5238086303319135
quintile_res_hold,Q5,2010-2014,5,131,24785,1,0.12294580166230179,0.21222681989148123,0.5520835593331118,1.366706410688875,-2.6851756106913376,-1.9345869244179277,-3.60759199782871,0.4483287103504472,0.5516712896495528
quintile_res_hold,Q5,2010-2014,10,131,24785,1,0.25631948540983335,0.40606648783745586,0.5696546849086328,1.7895471492195327,-3.145727603462727,-2.308850546428136,-4.2656852481195005,0.41811733713617366,0.5818826628638265
quintile_res_hold,Q5,2010-2014,20,131,24785,1,0.6208688356247103,0.7200667208388107,0.5988456103992496,2.5237151963029145,-3.9291445340728015,-2.9146677754867207,-4.940824411213077,0.3720957467578441,0.6279042532421558
quintile_res_hold,Q5,2015-2019,1,189,35761,1,0.02740208573389959,0.05363139255677057,0.5335683814808072,0.5730038065831489,-1.2074174620242777,-0.8711244560768603,-1.7716407427875207,0.4791783603830951,0.520821639616905
quintile_res_hold,Q5,2015-2019,5,189,35760,1,0.15420248928004207,0.23140863953424015,0.5634521807544527,1.2580264571264845,-2.5297871192712678,-1.7810059192892975,-3.531889720029893,0.44101882506979806,0.5589811749302019
quintile_res_hold,Q5,2015-2019,10,189,35760,1,0.2559156613286936,0.3892010298772544,0.5699760635667834,1.8004245457165668,-3.3907723633039923,-2.520888837011134,-4.626840233974397,0.43400679354768806,0.5659932064523118
quintile_res_hold,Q5,2015-2019,20,189,35761,1,0.48653714223303485,0.6288654864960608,0.5817488753896289,2.6005265886349305,-4.796381095596873,-3.501866395237967,-6.0664887652313855,0.40476259756576305,0.5952374024342371
quintile_res_hold,Q5,2020-2026,1,279,72925,1,0.001678275046787446,0.031347847763630005,0.5150038675799722,0.6047875189983152,-1.2697530673056114,-0.9091987009151666,-1.939379785878755,0.4962820379425531,0.5037179620574469
quintile_res_hold,Q5,2020-2026,5,279,72703,1,-0.038214586764427357,0.12361086408760494,0.5316140426140259,1.3733546970400146,-2.8859679809287306,-2.038204428231541,-4.375693448225356,0.5039140612583082,0.4960859387416918
quintile_res_hold,Q5,2020-2026,10,279,72421,1,-0.09148226983704395,0.17846803274686318,0.5413541207600138,1.9971357525022737,-3.998306494748395,-2.742301024255598,-6.373186106022841,0.5071291825272083,0.4928708174727916
quintile_res_hold,Q5,2020-2026,20,279,71765,1,-0.05302317439280272,0.3930664711842981,0.5466588300699978,2.816567139880029,-5.374284270606239,-3.7993169870819075,-7.56479123297625,0.48991220455958195,0.5100877954404179
quintile_res_hold,Q5,ALL,1,281,171896,1,0.010275666898457197,0.036154965157029005,0.5172826202257729,0.5944181931260258,-1.2483918468994133,-0.9013064984686365,-1.870824397571509,0.4875808458969153,0.5124191541030847
quintile_res_hold,Q5,ALL,5,281,171674,1,0.01337581469784066,0.15421826903223745,0.5375572588310941,1.341872219159901,-2.7911289087111,-1.9832756190874663,-4.097862928551815,0.4811405400871764,0.5188594599128236
quintile_res_hold,Q5,ALL,10,281,171392,1,0.005467620929951385,0.25280595379566023,0.5445127549848405,1.9298677832269615,-3.7870957302287835,-2.642640174602548,-5.806317323097388,0.47605511541062173,0.5239448845893783
quintile_res_hold,Q5,ALL,20,281,170737,1,0.08702881893020857,0.4655069910492755,0.5545015756916344,2.734492416739755,-5.160002811175729,-3.666258773029961,-7.248805064400713,0.45612623969979277,0.5438737603002072
quintile_sup_hold,Q1,2000-2004,1,92,10666,1,0.03598702005793627,0.03035691417964711,0.5225512727003213,0.5969834315378231,-1.1710367579182448,-0.8504986797066565,-1.6318628015294836,0.4833515327410799,0.51664846725892
quintile_sup_hold,Q1,2000-2004,5,92,10668,1,0.18366733457571835,0.23225350950787238,0.5659834726707246,1.3958561061742791,-2.5440625220787094,-1.8546064054575582,-3.3361101689435806,0.45133690482711,0.5486630951728899
quintile_sup_hold,Q1,2000-2004,10,92,10668,1,0.3527325352197155,0.4655349948726675,0.5941013319771613,1.9383408178534771,-3.3617173481038494,-2.4015284629630216,-4.3890365700642056,0.4195143444435785,0.5804856555564214
quintile_sup_hold,Q1,2000-2004,20,92,10669,1,0.6804486766373357,0.8466585064972637,0.6239422437523854,2.605270973794015,-3.9651750443186415,-2.909503994109137,-4.946557146715038,0.3554433934420089,0.6445566065579913
quintile_sup_hold,Q1,2005-2009,1,137,27358,1,0.02430745741360524,0.03955374312680519,0.5157562313869085,0.5970087938880486,-1.2045784137273026,-0.9001359965383655,-1.6600734815916607,0.4744667198936308,0.5255332801063693
quintile_sup_hold,Q1,2005-2009,5,137,27358,1,0.047025928515250864,0.1169929271124209,0.535832000938221,1.2814501646150396,-2.608482208587455,-1.9187169735088896,-3.6086191341475278,0.4785843919978662,0.5214156080021338
quintile_sup_hold,Q1,2005-2009,10,137,27358,1,0.07344537289063244,0.1856448498972249,0.5417031088960446,1.7739592185271214,-3.6655863046470647,-2.659273900076799,-4.828998585664554,0.4721847322142087,0.5278152677857916
quintile_sup_hold,Q1,2005-2009,20,137,27358,1,0.12882162325115198,0.3946968536498697,0.5532073025306761,2.470626584870378,-4.979057295284461,-3.5959083609710127,-6.392280745722791,0.44661723405697573,0.5533827659430243
quintile_sup_hold,Q1,2010-2014,1,128,22563,1,0.035671070018943804,0.052300038874106364,0.5293355141752225,0.608626555227985,-1.2090152033970063,-0.8805914646022104,-1.8498329402469462,0.46967165244240683,0.5303283475575931
quintile_sup_hold,Q1,2010-2014,5,128,22563,1,0.17488268549660538,0.27822872219979056,0.5654114730996912,1.3590989570963274,-2.620324091782117,-1.9093056336884562,-3.5738418912499883,0.44026541047276224,0.5597345895272376
quintile_sup_hold,Q1,2010-2014,10,128,22563,1,0.30493117408375925,0.4553142134249393,0.5811605270840452,1.8401621126565355,-3.2824351461053007,-2.370798471621035,-4.414642985601365,0.41543961101427335,0.5845603889857267
quintile_sup_hold,Q1,2010-2014,20,128,22563,1,0.7111277351277254,0.9086106465207888,0.612440250204363,2.594695639457261,-4.114702059488517,-3.018531248527196,-5.279352419599618,0.36068008622398057,0.6393199137760197
quintile_sup_hold,Q1,2015-2019,1,189,36007,1,0.037466974956377776,0.05755742154012966,0.5388025232090957,0.5776566956727508,-1.1943200684662065,-0.8597820492067683,-1.6871417734568757,0.47553377975386635,0.5244662202461337
quintile_sup_hold,Q1,2015-2019,5,189,36007,1,0.17238876744160062,0.2473929516321141,0.5693562009396722,1.2862965189309543,-2.5979684876032794,-1.8578146304363392,-3.506897718790124,0.443728696229744,0.556271303770256
quintile_sup_hold,Q1,2015-2019,10,189,36006,1,0.332028536753731,0.42289451210659684,0.5843384687249044,1.843571472902611,-3.562026018903888,-2.6042409725781215,-4.699348230049198,0.4316964647555636,0.5683035352444366
quintile_sup_hold,Q1,2015-2019,20,189,36007,1,0.6157039733007887,0.7484928954729084,0.6017306231445827,2.630668718249144,-4.627174156503341,-3.4118544454670596,-5.934766222767556,0.38488767744429714,0.6151123225557029
quintile_sup_hold,Q1,2020-2026,1,279,75014,1,0.013281350341792683,0.03876245234770592,0.5209500785229394,0.6070331135533157,-1.2574941057348643,-0.8813600096457882,-1.9348267593736095,0.4831832976005058,0.5168167023994942
quintile_sup_hold,Q1,2020-2026,5,279,74736,1,0.041488643948088426,0.17847346686778612,0.5481657628635364,1.3649008707440917,-2.7738702488840157,-1.8958115937271012,-4.2822099913366065,0.4765561484716191,0.5234438515283809
quintile_sup_hold,Q1,2020-2026,10,279,74425,1,0.056905903962630504,0.3281507325858177,0.5606416901467037,1.9584728690662103,-3.8422902363936995,-2.666992470658505,-5.898379079318379,0.4725315534308689,0.5274684465691309
quintile_sup_hold,Q1,2020-2026,20,278,73889,1,0.10595715360608116,0.6138147515563415,0.5701074306509714,2.8402198344113048,-5.186472250250856,-3.5580082769534513,-7.3664184019258006,0.455455479078975,0.5445445209210251
quintile_sup_hold,Q1,ALL,1,281,171629,1,0.01625121797317242,0.043305454509090256,0.5207898390025775,0.5982985825111048,-1.2493119480795627,-0.8896947140651651,-1.8472549814169898,0.478881249407866,0.5211187505921338
quintile_sup_hold,Q1,ALL,5,281,171353,1,0.058869992148758744,0.18276990262122217,0.5484145373514627,1.3423097706096487,-2.739672452589925,-1.9105703335477653,-4.148952287994246,0.46473238901754216,0.535267610982458
quintile_sup_hold,Q1,ALL,10,281,171041,1,0.10568488850076863,0.33482617075676846,0.5582681794420207,1.9054806202801604,-3.7623354406507183,-2.6409318393673638,-5.705727533243064,0.45531291488062087,0.5446870851193791
quintile_sup_hold,Q1,ALL,20,281,170511,1,0.18317039298230492,0.5915785809350085,0.5698965407236365,2.7460647948291945,-5.181394555296097,-3.6145706282320167,-7.472258608724548,0.4353888908907045,0.5646111091092956
quintile_sup_hold,Q2,2000-2004,1,97,11312,1,0.030012254675949278,0.018102666661745998,0.5114266287277754,0.5347034066469614,-1.0360226964265251,-0.7636177704428088,-1.440915208499148,0.48119684534717094,0.518803154652829
quintile_sup_hold,Q2,2000-2004,5,97,11311,1,0.09484585606759194,0.16935933045673354,0.5423230003401207,1.263573560829107,-2.4147059726285587,-1.815334028764749,-3.3541239345425775,0.4577861421176988,0.5422138578823011
quintile_sup_hold,Q2,2000-2004,10,97,11310,1,0.18866210803932687,0.390552427106049,0.5690850168905519,1.7974603077656919,-3.423450781743756,-2.5227632618640508,-4.516255281964129,0.4361927920428545,0.5638072079571458
quintile_sup_hold,Q2,2000-2004,20,97,11311,1,0.22317053699028763,0.6007879627273937,0.5694725660444045,2.5561566540433245,-4.349037745923605,-3.530760835122677,-5.868601126776607,0.4254604791881109,0.574539520811889
quintile_sup_hold,Q2,2005-2009,1,137,26301,1,0.009262259980328225,0.016366671499477403,0.5056816667321391,0.5380716206077926,-1.1007368512773599,-0.8269215548000761,-1.5229105326777188,0.48400750016076455,0.5159924998392352
quintile_sup_hold,Q2,2005-2009,5,137,26301,1,0.024307562046170253,0.06946065243292375,0.5170830334091255,1.2137849465756,-2.5278361692043765,-1.89992412449685,-3.3420682273609255,0.48517762779202955,0.5148223722079704
quintile_sup_hold,Q2,2005-2009,10,137,26301,1,-0.02291107185739388,0.16482134659756653,0.5131172302576031,1.7076948958649294,-3.5925283507006753,-2.6894375339161356,-4.838070062560704,0.4828150670112977,0.5171849329887023
quintile_sup_hold,Q2,2005-2009,20,137,26301,1,0.024718071992521976,0.34229460858912647,0.5210397217130773,2.4450577592273275,-5.104021954882664,-3.7221756511329653,-6.6309645960797186,0.47212805841177014,0.5278719415882299
quintile_sup_hold,Q2,2010-2014,1,131,23999,1,0.011022068263877804,0.033170767741171,0.5145591364189265,0.5635860226800504,-1.142805626779995,-0.8692068819467275,-1.5640928834915877,0.4815697230368489,0.5184302769631511
quintile_sup_hold,Q2,2010-2014,5,131,23999,1,0.07527344375244899,0.20590850601332084,0.5402043122780069,1.3322052023685569,-2.6441015429716703,-1.9164110002388117,-3.536563426800219,0.44260684978889414,0.5573931502111061
quintile_sup_hold,Q2,2010-2014,10,131,23999,1,0.14013808568661676,0.35203071480092324,0.5598818511836132,1.826368869588315,-3.4153863121046997,-2.5154453981903693,-4.673899500512472,0.42808161869690936,0.5719183813030907
quintile_sup_hold,Q2,2010-2014,20,131,23999,1,0.2944516093195391,0.7704201093310984,0.5776139479437561,2.6273037948012283,-4.7472169242349675,-3.599417845295861,-6.119573945126533,0.4191062126557467,0.5808937873442532
quintile_sup_hold,Q2,2015-2019,1,185,36575,1,0.016413178682621158,0.05145851967821457,0.5286784394478605,0.5640107045197862,-1.1905767620711014,-0.8559398735995648,-1.747584745864875,0.4847183026577463,0.5152816973422537
quintile_sup_hold,Q2,2015-2019,5,185,36575,1,0.08214645247244212,0.16127020260145136,0.5457167503183441,1.2828796543270045,-2.656695006847397,-1.9183515141931347,-3.743305589857563,0.46695330753410935,0.5330466924658908
quintile_sup_hold,Q2,2015-2019,10,185,36576,1,0.1582363120880475,0.3210126002150687,0.5596581980081426,1.8241683457592537,-3.7231925641052652,-2.6161325295829605,-5.101694966285651,0.46387491661898256,0.5361250833810173
quintile_sup_hold,Q2,2015-2019,20,185,36576,1,0.3296784964775019,0.48150701595452544,0.5775200505968283,2.5959845981787755,-5.079411799089342,-3.668325650945696,-6.573485045024402,0.43536663617172033,0.5646333638282798
quintile_sup_hold,Q2,2020-2026,1,279,73603,1,-0.0017070574851164306,0.015281812797949499,0.5040355722617129,0.5589880467265146,-1.155511352359724,-0.8597975517114577,-1.7417299861717273,0.5002832814272994,0.49971671857270045
quintile_sup_hold,Q2,2020-2026,5,279,73396,1,0.0054730991220729025,0.09872749617092073,0.5200761271465778,1.305415864319645,-2.7872119396611197,-1.9949691895300818,-3.936394300424844,0.490620964372394,0.5093790356276059
quintile_sup_hold,Q2,2020-2026,10,278,73150,1,0.02378938450989987,0.18927173394919006,0.5340618900100357,1.880520815103488,-3.9518950716301275,-2.842913120652109,-5.695629890582795,0.4906526896179852,0.5093473103820148
quintile_sup_hold,Q2,2020-2026,20,278,72725,1,0.08532946804243152,0.3843661753648439,0.5425997260275178,2.726084192993067,-5.261827951304704,-3.82524900950729,-7.7648557432906,0.4741515811251862,0.5258484188748137
quintile_sup_hold,Q2,ALL,1,281,171809,1,0.006640034687372067,0.026328990255300395,0.5093887517661743,0.5545410501239815,-1.1674898197449555,-0.8535064428615197,-1.7214545628366642,0.49122030094236624,0.5087796990576339
quintile_sup_hold,Q2,ALL,5,281,171601,1,0.03744016316608549,0.11953632293752872,0.5264245959740408,1.2948889864921547,-2.7327174283405555,-1.9896154624768472,-3.9549610385011564,0.4844121888400965,0.5155878111599034
quintile_sup_hold,Q2,ALL,10,281,171359,1,0.06501774809718479,0.21837517356568706,0.5375280579913937,1.8528583790443254,-3.8771579480074054,-2.789986564867378,-5.481689839766073,0.48189248362776016,0.51810751637224
quintile_sup_hold,Q2,ALL,20,281,170933,1,0.1247109847315406,0.4449163754174631,0.5478322382473321,2.6778124795918417,-5.283172515080763,-3.876111711760764,-7.688597090897634,0.4632553660075217,0.5367446339924782
quintile_sup_hold,Q3,2000-2004,1,97,12911,1,0.016573498065714006,0.024058097545790292,0.5114615822558547,0.5210640956395112,-1.0471624611100097,-0.7806030866503665,-1.46759551841815,0.4839384287950576,0.5160615712049426
quintile_sup_hold,Q3,2000-2004,5,97,12910,1,-0.004878071957198298,0.06734333008882455,0.5129907283652768,1.2176787729901,-2.4823655076735816,-1.841606976221049,-3.28836537675324,0.49774378652711637,0.5022562134728837
quintile_sup_hold,Q3,2000-2004,10,97,12911,1,-0.07429374063243341,0.18138709893917387,0.510365261802282,1.7634239786054584,-3.8042961484487834,-2.704082790278461,-4.762707577942987,0.48451767203414176,0.5154823279658581
quintile_sup_hold,Q3,2000-2004,20,97,12911,1,-0.05769518208080747,0.34130497907225477,0.5223089045911127,2.4621225942853697,-4.94845025081748,-3.72451686252067,-6.132477243967962,0.4551175689709583,0.5448824310290419
quintile_sup_hold,Q3,2005-2009,1,134,26021,1,-0.002226375348516863,0.01317940184231392,0.49924589722715346,0.5280568321916508,-1.0984836314776643,-0.8052794195183636,-1.508120458391255,0.489945067510955,0.510054932489045
quintile_sup_hold,Q3,2005-2009,5,134,26021,1,0.012886777985984595,0.05095708848075052,0.5139741340947385,1.2008450743221653,-2.393618330201493,-1.791984581541875,-3.250482663427131,0.4851946890613569,0.5148053109386432
quintile_sup_hold,Q3,2005-2009,10,134,26021,1,0.012603692818061488,0.09048622786919255,0.5121408907650186,1.699774417135933,-3.3596376162566255,-2.4877569523021394,-4.495263887206345,0.48080563587488556,0.5191943641251144
quintile_sup_hold,Q3,2005-2009,20,134,26021,1,-0.0972931946340954,0.15603882565220623,0.5032931309664811,2.4934359897174145,-5.021704580395468,-3.8323185033454177,-6.72682321593142,0.5011232034964421,0.4988767965035579
quintile_sup_hold,Q3,2010-2014,1,131,25729,1,0.0018299186527380776,0.033596018548228204,0.5100436506445892,0.5307092155943433,-1.1132887256068464,-0.8229836615356387,-1.5979067531141877,0.4905766887834504,0.5094233112165494
quintile_sup_hold,Q3,2010-2014,5,131,25729,1,-0.025507705979393763,0.1390138817231738,0.5231725613191104,1.2863311326920666,-2.638116443903686,-1.9456853542572412,-3.7781164159995813,0.4863406776824924,0.5136593223175077
quintile_sup_hold,Q3,2010-2014,10,131,25729,1,0.048036663076866985,0.34371396370763635,0.5394231244855853,1.8076714219973096,-3.4792650890111183,-2.630344875899284,-4.792942755858725,0.452276040774412,0.547723959225588
quintile_sup_hold,Q3,2010-2014,20,131,25729,1,0.1982761041424964,0.5650024450773473,0.570084004358147,2.500179978629656,-4.708755193807138,-3.4377616852726134,-6.115234461279526,0.4263718663970476,0.5736281336029524
quintile_sup_hold,Q3,2015-2019,1,185,37349,1,0.0012216420773510637,0.03282204289305144,0.5198669795604046,0.5335900353857014,-1.1429350368953102,-0.820891054455212,-1.6870268636856842,0.4987759889744353,0.5012240110255644
quintile_sup_hold,Q3,2015-2019,5,185,37349,1,0.015516837828473198,0.12745885623144207,0.5399766123329277,1.2414818470801705,-2.6391636578494704,-1.884073273768419,-3.7832017524619177,0.49192380938247815,0.5080761906175217
quintile_sup_hold,Q3,2015-2019,10,185,37349,1,0.09090178482998412,0.22665611264319172,0.5462280360432218,1.7971174895189634,-3.712776182132986,-2.7303233605749626,-5.007756849535308,0.484942052651293,0.5150579473487069
quintile_sup_hold,Q3,2015-2019,20,185,37349,1,0.20723050739824178,0.3826787375378008,0.5560833485440788,2.5696403285694442,-5.093691312902533,-3.712772656279316,-6.590142165260219,0.465943815878491,0.5340561841215091
quintile_sup_hold,Q3,2020-2026,1,279,69754,1,0.004016197854784617,0.022830487617711698,0.5113878616818611,0.547460489025057,-1.1363617614039454,-0.8269660288824882,-1.6436758605209698,0.4938577400306445,0.5061422599693555
quintile_sup_hold,Q3,2020-2026,5,279,69553,1,-0.0018848674850901095,0.07551509088577167,0.5175645938545752,1.2811273328364299,-2.679218204604668,-1.969464398821024,-3.6882635089441687,0.49092947717350205,0.5090705228264978
quintile_sup_hold,Q3,2020-2026,10,279,69333,1,-0.02951255338928333,0.10564811671415167,0.524493356904363,1.8808378503371546,-3.8817684012682676,-2.8625833307962223,-5.4165428779429,0.4947238528314554,0.5052761471685446
quintile_sup_hold,Q3,2020-2026,20,279,68890,1,-0.0656377164533071,0.2574446487431574,0.5269528111597256,2.7246207374629225,-5.370918492822492,-3.9823094036322395,-7.48966377407712,0.4855754756893119,0.5144245243106881
quintile_sup_hold,Q3,ALL,1,281,171784,1,0.004044635649103902,0.024195636853789327,0.5105953376203222,0.5402396916676957,-1.130097300108745,-0.8256918717020159,-1.6743957020689213,0.4929813348721306,0.5070186651278696
quintile_sup_hold,Q3,ALL,5,281,171582,1,0.008803817752093292,0.09433436877171947,0.5221294823747739,1.2620871790096129,-2.6646766794554404,-1.934815564861819,-3.8012093863795413,0.4932459705869216,0.5067540294130785
quintile_sup_hold,Q3,ALL,10,281,171363,1,-0.000801764392175133,0.16591054966828017,0.530481546216309,1.8405161396791183,-3.7892221422905603,-2.7410995464344325,-5.310735587739414,0.48031408036425527,0.519685919635745
quintile_sup_hold,Q3,ALL,20,281,170920,1,0.015654941131643948,0.34237522666536635,0.5367602506667718,2.6536717024203584,-5.347825279666011,-3.9292981379652145,-7.319179290070051,0.47520514134628306,0.5247948586537169
quintile_sup_hold,Q4,2000-2004,1,95,13048,1,-0.0245450582914805,-0.003846059019430382,0.47860329242648864,0.5269700513924434,-0.9849185170813787,-0.767636756303256,-1.4104186343269818,0.49401363133586823,0.5059863686641318
quintile_sup_hold,Q4,2000-2004,5,95,13048,1,-0.04804258214965126,0.03971265910964236,0.5037894483695574,1.2249064689682176,-2.350601486401497,-1.7638696843064283,-3.058322856865926,0.49183075984203334,0.5081692401579666
quintile_sup_hold,Q4,2000-2004,10,95,13048,1,-0.09538601497800332,0.14942011785864595,0.5131793047045181,1.7462975029882444,-3.2961701178006506,-2.5229303611642324,-4.385293110335121,0.4981913826934789,0.501808617306521
quintile_sup_hold,Q4,2000-2004,20,95,13046,1,-0.1809809353377069,0.1730011510842831,0.5017406093874728,2.5275892379888116,-4.841096774491358,-3.7208618898053127,-5.946572193311451,0.5202709578647655,0.47972904213523443
quintile_sup_hold,Q4,2005-2009,1,133,24789,1,-0.017656166682177673,-0.0036454554638913656,0.491054324405207,0.5139258762615694,-1.0566586584720294,-0.795785960308605,-1.4760220187570472,0.502435915215298,0.497564084784702
quintile_sup_hold,Q4,2005-2009,5,133,24789,1,-0.05518957700628341,0.022489595776671725,0.4926586475547762,1.1660565758918104,-2.3615502122479124,-1.765622536796656,-3.2019776973873215,0.4991679143732921,0.5008320856267079
quintile_sup_hold,Q4,2005-2009,10,133,24788,1,-0.06971859269121151,0.040246491055060445,0.5010442877992857,1.6546560040296416,-3.3317555919993826,-2.4690047770570756,-4.627378460849399,0.4901940986366424,0.5098059013633577
quintile_sup_hold,Q4,2005-2009,20,133,24789,1,-0.15195631715352445,0.2357111187078238,0.5111180846722059,2.3859858828221427,-5.093417780986275,-3.689272091688179,-6.632629997017494,0.4854180474114786,0.5145819525885216
quintile_sup_hold,Q4,2010-2014,1,130,25696,1,0.01299045305468292,0.025611599413304778,0.5126655065661091,0.5182348099924009,-1.062332458578396,-0.7809665718356953,-1.467698941586193,0.4753101682338885,0.5246898317661116
quintile_sup_hold,Q4,2010-2014,5,130,25696,1,0.005578115562587818,0.13706817423600973,0.524591594556884,1.2181070039595612,-2.4523719300531677,-1.7954997904290915,-3.4386472378194535,0.4743542917461138,0.5256457082538863
quintile_sup_hold,Q4,2010-2014,10,130,25696,1,0.01525826335919913,0.2458933107843353,0.5383425245897698,1.7546138367193684,-3.5317811705820445,-2.564542820990252,-4.897731486497225,0.4625663515578245,0.5374336484421753
quintile_sup_hold,Q4,2010-2014,20,130,25696,1,0.006340199425615777,0.43872831488956376,0.5436527195179983,2.5620458061334115,-5.192105066111658,-3.7962851651906746,-6.823742900349594,0.46840560521693486,0.5315943947830652
quintile_sup_hold,Q4,2015-2019,1,187,36387,1,-0.007898280608488363,0.025546388454737542,0.511086767807086,0.522104202007223,-1.1208338482560847,-0.7886268112249376,-1.6665911753883438,0.5022620939258984,0.49773790607410157
quintile_sup_hold,Q4,2015-2019,5,187,36387,1,-0.02347060286884602,0.06212532306782088,0.5150293428515087,1.228846518160322,-2.5831195012895747,-1.8320960665374848,-3.6231523503662126,0.5027630211978396,0.4972369788021606
quintile_sup_hold,Q4,2015-2019,10,187,36387,1,-0.033243373792651694,0.12974770594792484,0.522900694799249,1.7830808811401906,-3.71394389239888,-2.7209419417032197,-4.924743135093816,0.5149969775492992,0.4850030224507008
quintile_sup_hold,Q4,2015-2019,20,187,36387,1,-0.0460740570519505,0.2240430340056543,0.5269828115998177,2.5492889178161255,-5.246377963266836,-3.830555930664562,-6.613587521648809,0.5061461425645377,0.49385385743546245
quintile_sup_hold,Q4,2020-2026,1,279,71866,1,-7.731644201237823e-05,0.01813711178857475,0.508053069171168,0.537135328810751,-1.1070258413233476,-0.8067618361464014,-1.6328118663955593,0.5015986516650119,0.498401348334988
quintile_sup_hold,Q4,2020-2026,5,279,71615,1,0.01887324714330846,0.07828811230163145,0.5197097077260069,1.2686520510329518,-2.5998679922267325,-1.9155241162220522,-3.654128461048073,0.48934985678501286,0.5106501432149873
quintile_sup_hold,Q4,2020-2026,10,279,71292,1,0.0075732286774062045,0.12574003480667564,0.5206871916701954,1.8294109961329201,-3.727849352326899,-2.749678243406287,-5.232299214410164,0.49188527327271814,0.5081147267272818
quintile_sup_hold,Q4,2020-2026,20,279,70686,1,-0.19579797353946155,0.15536970683614418,0.5169321479567277,2.7888266342898023,-5.359640214600239,-3.875268387726239,-7.5956621624275265,0.5022642824669868,0.4977357175330133
quintile_sup_hold,Q4,ALL,1,281,171802,1,-0.001613705869320705,0.020153659452053732,0.5063680922589328,0.5299026363072069,-1.102942970940763,-0.8001162192693464,-1.624772209236141,0.4987851334437384,0.5012148665562615
quintile_sup_hold,Q4,ALL,5,281,171551,1,0.0020492431162096193,0.06762886583425685,0.5167607517812023,1.2544173076696483,-2.5965095483121474,-1.8858795304161997,-3.727975658455722,0.49439645205538885,0.5056035479446112
quintile_sup_hold,Q4,ALL,10,281,171227,1,-0.013015203031911103,0.1435284260977443,0.5211648123589002,1.8160606070227236,-3.7557839417066314,-2.698983035042742,-5.322778772173885,0.49175787956253286,0.5082421204374671
quintile_sup_hold,Q4,ALL,20,281,170620,1,-0.1777448554739938,0.23157468355333302,0.5205271569863122,2.7311868391824254,-5.4051184639693854,-3.888321689358276,-7.450931946225422,0.49700867948792476,0.5029913205120752
quintile_sup_hold,Q5,2000-2004,1,97,13228,1,-0.005511106521370835,0.012700051501023709,0.4969220932014638,0.4910614115727006,-0.9782770682962609,-0.7434289499155916,-1.3225141148992925,0.500087921992948,0.49991207800705184
quintile_sup_hold,Q5,2000-2004,5,97,13228,1,-0.03941198382527519,0.1194979972883666,0.5209736087624487,1.0731632288651944,-2.1233705917148504,-1.6074665635792758,-2.7737879464598643,0.4841903125019451,0.5158096874980551
quintile_sup_hold,Q5,2000-2004,10,97,13228,1,0.009707342624630124,0.1882980156793217,0.525409801384048,1.4976087803011107,-2.8293254023218797,-2.077619636590137,-3.5295636660176783,0.44126937537015526,0.5587306246298448
quintile_sup_hold,Q5,2000-2004,20,97,13228,1,0.062016815725308205,0.35986402340201007,0.5447659686015085,2.168788254564301,-3.949440887910024,-2.9863368538872472,-4.926030612544934,0.4106827757856526,0.5893172242143475
quintile_sup_hold,Q5,2005-2009,1,133,23178,1,-0.011478406588601579,-0.007308940613731384,0.4831179570463753,0.49215786559726027,-0.9938770979215594,-0.748319862510431,-1.321035203595364,0.5126511916750299,0.48734880832496996
quintile_sup_hold,Q5,2005-2009,5,133,23178,1,-0.027607177853870502,0.020247093086006848,0.4988761231399493,1.0736111140758373,-2.1948356486355554,-1.62571477869966,-2.781657597189309,0.5018976390624657,0.49810236093753457
quintile_sup_hold,Q5,2005-2009,10,133,23179,1,0.006261573484738715,0.11973095667705522,0.5230872543503537,1.49449351502453,-2.9917200843673286,-2.136869588189892,-3.9641296802428503,0.47611777182950804,0.523882228170492
quintile_sup_hold,Q5,2005-2009,20,133,23178,1,0.011539059306632814,0.30480069078854155,0.5376675870579946,2.140739567952865,-4.341633631096995,-3.156020836141712,-5.67886341620542,0.46887042867820583,0.5311295713217942
quintile_sup_hold,Q5,2010-2014,1,128,25698,1,-0.011891827554659971,0.0020322596405217396,0.49568295831808723,0.47763819551838893,-1.001305304008992,-0.7370667547864218,-1.4064823562796374,0.4997431384092886,0.5002568615907115
quintile_sup_hold,Q5,2010-2014,5,128,25698,1,-0.011455586853243912,0.06215761201364057,0.5108754281853438,1.0781330204862996,-2.216889066879607,-1.6590291802021315,-3.028210116303575,0.4928664719682093,0.5071335280317908
quintile_sup_hold,Q5,2010-2014,10,128,25698,1,-0.03116739805665119,0.14789161516623595,0.518524269154655,1.5590305694363837,-3.373756850187081,-2.4279942461989648,-4.555803631223483,0.5004249585929756,0.49957504140702425
quintile_sup_hold,Q5,2010-2014,20,128,25698,1,-0.08501290198791436,0.3512547656737891,0.5251079762436712,2.393617827950413,-5.029039796632947,-3.827210488291418,-6.712554428307103,0.4936018785801146,0.5063981214198854
quintile_sup_hold,Q5,2015-2019,1,187,34786,1,0.0011886737495465684,0.017456717573782636,0.5123679432649563,0.4868789872346901,-1.0181418517398637,-0.7477399582735949,-1.482103430213373,0.49555805402983233,0.5044419459701677
quintile_sup_hold,Q5,2015-2019,5,187,34786,1,0.008818997720705922,0.09728208581566063,0.5314121733905071,1.153813880842933,-2.4215433834493836,-1.7010237661881455,-3.442964345954536,0.48922973996700986,0.5107702600329902
quintile_sup_hold,Q5,2015-2019,10,187,34786,1,0.01739658522742873,0.1547999852263024,0.5319638386183204,1.6856301352928922,-3.3795218455966536,-2.4212698160994157,-4.82410218642167,0.49527807015436975,0.5047219298456301
quintile_sup_hold,Q5,2015-2019,20,187,34785,1,0.04997533095734952,0.3055170561217285,0.5456607371514536,2.45383954194038,-4.840323522331575,-3.5016372034166583,-6.230467407969723,0.4653642818825998,0.5346357181174002
quintile_sup_hold,Q5,2020-2026,1,279,75038,1,-0.013782432804229692,0.003158827116165605,0.49624339570519804,0.5187439007875041,-1.0751544476625194,-0.7936730064337937,-1.5980733372152225,0.508979671017024,0.49102032898297593
quintile_sup_hold,Q5,2020-2026,5,279,74888,1,-0.04429283035847986,0.045012094169521316,0.5077387997586688,1.2066995356967052,-2.576105536844015,-1.8675187665545545,-3.6550366158208702,0.5126452217153789,0.48735477828462126
quintile_sup_hold,Q5,2020-2026,10,279,74624,1,-0.046005853260396204,0.1212038448408085,0.5138742229854125,1.7333743693736945,-3.687283155756836,-2.648699623650001,-4.990210377676556,0.49875504876435384,0.5012449512356463
quintile_sup_hold,Q5,2020-2026,20,277,73901,1,-0.09464560861117867,0.17874325567674829,0.5209574527641446,2.5439601224579396,-5.207881986477163,-3.820243716104034,-7.020362631275547,0.502481358249596,0.4975186417504039
quintile_sup_hold,Q5,ALL,1,281,171936,1,-0.013879824893079519,0.00175805315980565,0.49640586541760673,0.5084536115336142,-1.0589122518631149,-0.7743665071579109,-1.5607603231874436,0.507038013140868,0.492961986859132
quintile_sup_hold,Q5,ALL,5,281,171786,1,-0.05188212067133967,0.06532001677529668,0.5082424798452972,1.18321467755587,-2.4538959249103764,-1.8126159593885545,-3.5460276188904136,0.5039887022509106,0.49601129774908953
quintile_sup_hold,Q5,ALL,10,281,171523,1,-0.060065677125907935,0.13161946195074234,0.5137951254623931,1.6988130722781278,-3.587374350953719,-2.5921073998762036,-4.941320374964514,0.4940985087039401,0.5059014912960598
quintile_sup_hold,Q5,ALL,20,280,170802,1,-0.09468499362915886,0.20568175695983837,0.5209006585997284,2.481801983273127,-5.184244959273838,-3.6829545142243045,-7.160255260753361,0.49525782056366907,0.5047421794363309
quintile_up_exh,Q1,2000-2004,1,95,10022,1,-0.02585747811964802,-0.003628571154597966,0.48832662999682824,0.49780791243867656,-0.958190532515026,-0.7547453887538803,-1.3443863226472825,0.50468169055292,0.49531830944707994
quintile_up_exh,Q1,2000-2004,5,95,10022,1,-0.1428324316367135,0.05346443273170341,0.49820573489719067,1.0886665155254243,-2.1730885588481734,-1.668410053081744,-2.864403921799562,0.5194634523225039,0.4805365476774959
quintile_up_exh,Q1,2000-2004,10,95,10022,1,-0.12463848319091396,0.1135285186856569,0.5019721322754399,1.4973997774216559,-2.7892840656230145,-2.075927493002924,-3.464336015491873,0.4873514756220643,0.5126485243779356
quintile_up_exh,Q1,2000-2004,20,95,10021,1,-0.09882946725189026,0.20316533023998332,0.5197277526074476,2.1383701190831514,-3.8417359238642317,-2.891493005181308,-4.841079297226581,0.46227155342127224,0.5377284465787276
quintile_up_exh,Q1,2005-2009,1,133,26345,1,-0.017956338433727195,-0.019402944519631708,0.48154768170089424,0.49102104333523455,-1.0138275562016748,-0.7676070163618766,-1.3430083347381168,0.514120908729567,0.485879091270433
quintile_up_exh,Q1,2005-2009,5,133,26345,1,-0.05857106243504837,0.015777335766012587,0.4945558709789145,1.0494570321611487,-2.135438955454892,-1.6357321913314724,-2.9320615540498074,0.5156151318631566,0.48438486813684356
quintile_up_exh,Q1,2005-2009,10,133,26346,1,-0.06422390940595324,0.06782100764170135,0.5031654126037844,1.4583131000677598,-3.072671373005155,-2.267826412597962,-4.071460441756184,0.5030535071526514,0.4969464928473487
quintile_up_exh,Q1,2005-2009,20,133,26345,1,-0.10567193574129835,0.22563540199124027,0.5227124584403722,2.1003214492471916,-4.366377106907154,-3.194648023929182,-5.717078305537544,0.49956866105518555,0.5004313389448144
quintile_up_exh,Q1,2010-2014,1,128,19441,1,-0.00779432769647966,0.0,0.4968311311735126,0.47656145124186555,-0.9860143417359278,-0.7242039893704602,-1.4031122503212652,0.5060941461948648,0.4939058538051351
quintile_up_exh,Q1,2010-2014,5,128,19441,1,-0.02576963174723624,0.08103963290031124,0.5122329837442918,1.0569408141155616,-2.1734903071893394,-1.6359181860422098,-3.0316516046047406,0.48729217231790667,0.5127078276820933
quintile_up_exh,Q1,2010-2014,10,128,19441,1,-0.062150218928459684,0.09952398650378266,0.5110822999699898,1.5284647170247678,-3.1156456140430286,-2.286528286397264,-4.2146569844470285,0.49625170725027345,0.5037482927497265
quintile_up_exh,Q1,2010-2014,20,128,19441,1,-0.17460067307436483,0.21914710041947344,0.5149403864768012,2.323084838252505,-4.7264145850533446,-3.3737030602583356,-6.118801165383525,0.5099791732038234,0.49002082679617653
quintile_up_exh,Q1,2015-2019,1,187,37944,1,-0.005898938428466059,0.020096567353776046,0.5079018688338454,0.4841781790034604,-1.023965692460083,-0.752864435908543,-1.5038491492326505,0.5019835160282529,0.498016483971747
quintile_up_exh,Q1,2015-2019,5,187,37944,1,-0.008331440532452494,0.08405752215178526,0.5237094132464939,1.1302967685053835,-2.322267255671405,-1.6620768918559918,-3.3875854516871877,0.49939121761365224,0.5006087823863478
quintile_up_exh,Q1,2015-2019,10,187,37944,1,0.02455823882171388,0.16632473461740846,0.5305299523586774,1.6105548279166095,-3.2635004240918573,-2.407111907985491,-4.490998731986521,0.473573719865435,0.5264262801345652
quintile_up_exh,Q1,2015-2019,20,187,37943,1,0.09697742339609128,0.29347199444495353,0.5474410724101774,2.321960450147259,-4.649468742274393,-3.4082537092380347,-5.957086854430924,0.4782188591441955,0.5217811408558045
quintile_up_exh,Q1,2020-2026,1,279,77903,1,-0.010250262762363845,0.0083119223179387,0.5004290900561833,0.5158837032272076,-1.0742786251838736,-0.7901166684212396,-1.6234562879709227,0.5085950055238423,0.49140499447615765
quintile_up_exh,Q1,2020-2026,5,279,77671,1,-0.027127276913393176,0.036199582095268384,0.5136723491829321,1.181771572310349,-2.500346591457052,-1.8472722993870063,-3.5955763605486615,0.5072715323780427,0.4927284676219574
quintile_up_exh,Q1,2020-2026,10,278,77270,1,-0.02345425908603163,0.13268485057309154,0.5213719622999761,1.6803973986488334,-3.595192924984904,-2.6109731539822967,-5.009478705804883,0.48555803087811367,0.5144419691218862
quintile_up_exh,Q1,2020-2026,20,278,76342,1,-0.09369296692597928,0.2081281296997911,0.5252528599138004,2.4766669543999225,-5.1307980741529775,-3.738427323814161,-7.031852041760492,0.4962439032332094,0.5037560967667906
quintile_up_exh,Q1,ALL,1,281,171679,1,-0.012152760122054665,0.0,0.49925590473462605,0.5060385232576774,-1.0605898141811074,-0.7717254049339525,-1.5733463205623575,0.5079691578447147,0.4920308421552852
quintile_up_exh,Q1,ALL,5,281,171447,1,-0.04310456797135117,0.051457360090161816,0.5100365718953382,1.1555823115049904,-2.4577278579520763,-1.7992657658913045,-3.518848974083189,0.5055153016640686,0.49448469833593134
quintile_up_exh,Q1,ALL,10,280,171047,1,-0.04089497227740632,0.12554933867408055,0.5179090026427842,1.6428317823930436,-3.4818510901439437,-2.530295502904624,-4.91110335611468,0.49306317620705836,0.5069368237929417
quintile_up_exh,Q1,ALL,20,280,170116,1,-0.08771219775321408,0.19707105820069695,0.5229356324747305,2.398082297194418,-4.989051339296753,-3.6546716122944165,-7.13332645413569,0.4939555340694327,0.5060444659305672
quintile_up_exh,Q2,2000-2004,1,96,13816,1,0.010202021216251397,0.00900268259792414,0.49565480333075035,0.506584143149109,-0.9952458753265274,-0.7582892564930105,-1.3703277275262242,0.4765306584336379,0.5234693415663623
quintile_up_exh,Q2,2000-2004,5,96,13816,1,0.044991463267101094,0.11230263703904358,0.5302106973199153,1.1583802756264356,-2.2363920808449853,-1.5800575088820117,-2.9636510125132203,0.4524080290329252,0.5475919709670749
quintile_up_exh,Q2,2000-2004,10,96,13816,1,0.06424945355935148,0.2063524134413985,0.5315816715580001,1.6396695439673685,-2.983690753342584,-2.330728423299475,-4.093404415611839,0.4758092773019789,0.524190722698021
quintile_up_exh,Q2,2000-2004,20,96,13816,1,-0.02426578302711759,0.23633222670113485,0.5163311861309312,2.3689260516567407,-4.614219512880607,-3.3523879206869482,-5.627097630753401,0.48654417531047334,0.5134558246895266
quintile_up_exh,Q2,2005-2009,1,136,24476,1,-0.011803251900537588,0.003954593869325531,0.4983359996251416,0.5197977730708887,-1.0399283025941077,-0.7781157225551985,-1.45562178907327,0.5024693840293818,0.4975306159706183
quintile_up_exh,Q2,2005-2009,5,136,24476,1,-0.025188626414556863,0.040057234642925155,0.5045263097243304,1.1605202655598525,-2.4000612335484828,-1.7761646218205036,-3.3218067995616236,0.5064731682077419,0.49352683179225787
quintile_up_exh,Q2,2005-2009,10,136,24475,1,-0.05909688215360658,0.13132419023883007,0.5088002639657332,1.6338771049757053,-3.4251129854071634,-2.5792149094104913,-4.58680475326742,0.49082979459920517,0.5091702054007947
quintile_up_exh,Q2,2005-2009,20,136,24476,1,-0.10995038030794353,0.18008175179548813,0.5145191911930949,2.3185780528350466,-4.932307216483495,-3.7421154035109545,-6.649329466778707,0.4969181773796755,0.5030818226203247
quintile_up_exh,Q2,2010-2014,1,130,27341,1,0.015054822151987632,0.019365298573585203,0.5109519929668462,0.5104569918264577,-1.035469794899471,-0.7754542155937263,-1.4607050660891254,0.48441671119106566,0.5155832888089342
quintile_up_exh,Q2,2010-2014,5,130,27341,1,0.03450835773847692,0.10428674265736296,0.5269288576215689,1.1774559709264725,-2.439547590090122,-1.7902619733646303,-3.283963357843497,0.4810119621623244,0.5189880378376757
quintile_up_exh,Q2,2010-2014,10,130,27341,1,0.04843880700976592,0.23150405526493126,0.540453673850228,1.7012529926416207,-3.476673176246699,-2.578283745544109,-4.694525847888487,0.4779430949638759,0.522056905036124
quintile_up_exh,Q2,2010-2014,20,130,27341,1,0.03247883452413261,0.402809204011074,0.5444023387153432,2.5446747446969593,-5.358064141550329,-3.8551811185456852,-6.993736948621702,0.4655823960827935,0.5344176039172064
quintile_up_exh,Q2,2015-2019,1,187,35027,1,0.009112619764336251,0.03271423271054371,0.5205262939632894,0.528666900062828,-1.0942403991641088,-0.7936247937513,-1.6414116961117091,0.49679627389324055,0.5032037261067596
quintile_up_exh,Q2,2015-2019,5,187,35027,1,0.03361071808204118,0.11264893323745795,0.5309175436402463,1.2518664327024092,-2.5706263028805485,-1.8627249457493118,-3.787487204508585,0.48404934665779564,0.5159506533422039
quintile_up_exh,Q2,2015-2019,10,187,35027,1,0.05528284067671266,0.2040837896877568,0.5369890890318134,1.8216636702858606,-3.6479144148748253,-2.6469848517986145,-5.060794378362501,0.4900516592358204,0.5099483407641796
quintile_up_exh,Q2,2015-2019,20,187,35027,1,0.07975616281315592,0.32865825190451,0.5444353354388822,2.6145186949769985,-5.080302004329866,-3.84868093075649,-6.545060948367509,0.4807963234835149,0.519203676516485
quintile_up_exh,Q2,2020-2026,1,279,71135,1,0.0029740987203651253,0.018322702756701705,0.5085675135628135,0.5365950434164215,-1.10815165424581,-0.8081910570821702,-1.6427904848124597,0.4922539340506195,0.5077460659493804
quintile_up_exh,Q2,2020-2026,5,279,70924,1,0.0421613209488052,0.10953935097869735,0.5247398614928456,1.2710856577310365,-2.578356784871137,-1.8922423923499316,-3.638768016642774,0.47800899035339,0.5219910096466099
quintile_up_exh,Q2,2020-2026,10,279,70633,1,0.06950029584158103,0.1642312610956655,0.5307685630031238,1.8227506286141861,-3.7073300771193853,-2.756633818275196,-5.039299729250655,0.4781414846183833,0.5218585153816169
quintile_up_exh,Q2,2020-2026,20,278,70119,1,0.0446787482401262,0.23305550841991268,0.527353714973611,2.6305044455936706,-5.149418072456914,-3.8103876314619343,-7.324493297259584,0.49235618631507266,0.5076438136849273
quintile_up_exh,Q2,ALL,1,281,171815,1,0.002673151025235565,0.018252379297941358,0.5077507618758166,0.5270260472393806,-1.0934972776276481,-0.7994205028657637,-1.6237961437967214,0.49278057785244683,0.507219422147553
quintile_up_exh,Q2,ALL,5,281,171604,1,0.03612205327886456,0.09874451731773079,0.5237227684515668,1.2447540894955003,-2.5534171661867506,-1.860038607719528,-3.7364273057200292,0.48136866118854976,0.5186313388114502
quintile_up_exh,Q2,ALL,10,281,171312,1,0.05613767987607376,0.16444531396265383,0.5303361564392628,1.7864502946182799,-3.7277675636557213,-2.6989422702653267,-5.159515575273931,0.4814687299145061,0.518531270085494
quintile_up_exh,Q2,ALL,20,280,170799,1,0.05062195897502965,0.26320300483478487,0.5299757718773601,2.563978502952691,-5.218637399181381,-3.837118022985429,-7.41775662058228,0.48854140572797167,0.5114585942720284
quintile_up_exh,Q3,2000-2004,1,94,8443,1,0.026455462324252707,0.012000542624398218,0.5114926641659938,0.5364878820853404,-1.0018732598128564,-0.7504393229142685,-1.3975864624330163,0.4819994334515791,0.5180005665484211
quintile_up_exh,Q3,2000-2004,5,94,8443,1,0.10856369152273258,0.15122279843843395,0.5484281434141016,1.2122720506350528,-2.3044544426804174,-1.7044497403416732,-2.9707996792235996,0.4534257977837256,0.5465742022162744
quintile_up_exh,Q3,2000-2004,10,94,8443,1,0.13972595415966577,0.3468110836407728,0.5492553382744211,1.7245987452004412,-3.1183080207255505,-2.3876656173691932,-4.23067815737139,0.45418623105158074,0.5458137689484193
quintile_up_exh,Q3,2000-2004,20,94,8442,1,0.261954014854133,0.5897106687352478,0.570958676076815,2.3749773460937513,-4.493300700650554,-3.192496695876314,-5.773922671915452,0.4456943430433845,0.5543056569566157
quintile_up_exh,Q3,2005-2009,1,133,35529,1,-0.012473961266168164,0.0,0.4971671712393723,0.5712604152713467,-1.2168011745599039,-0.9131796287247327,-1.6676128007276267,0.5034367173657723,0.49656328263422755
quintile_up_exh,Q3,2005-2009,5,133,35529,1,-0.07850105157705956,0.029479138509176092,0.4990631753057275,1.228033024052945,-2.664964369179102,-1.970161227640406,-3.610239198011776,0.514938600654072,0.4850613993459279
quintile_up_exh,Q3,2005-2009,10,133,35529,1,-0.14062873895190844,0.06230698108652708,0.5013384276304717,1.70788516837071,-3.745457323515745,-2.662834890740694,-4.969601845260222,0.5244192675832716,0.47558073241672844
quintile_up_exh,Q3,2005-2009,20,133,35529,1,-0.2638103674358561,0.1580662318047806,0.5058544056350001,2.409415127759072,-5.5918172875772445,-4.028122732630685,-7.187280253571925,0.5351285711588918,0.46487142884110866
quintile_up_exh,Q3,2010-2014,1,130,14707,1,0.02290178221588912,0.042895972762677786,0.5263191977342243,0.5401170515461029,-1.0690837434744809,-0.7992680048737156,-1.4745538724684606,0.48061708680201487,0.519382913197985
quintile_up_exh,Q3,2010-2014,5,130,14707,1,0.11624227364543027,0.1899748074150613,0.5570200235108168,1.2463239009114484,-2.482259564153927,-1.7753639025662755,-3.4767492632924775,0.44549886354307267,0.5545011364569274
quintile_up_exh,Q3,2010-2014,10,130,14707,1,0.19765103542263684,0.36837106001941056,0.5773353444849068,1.7580944069482851,-3.3107074345626226,-2.459920931440583,-4.576792531123478,0.4315571230820061,0.568442876917994
quintile_up_exh,Q3,2010-2014,20,130,14707,1,0.34315440864359475,0.7199431541402425,0.5919581757420844,2.486905805161968,-4.631130662544703,-3.314803787315343,-6.364041061513603,0.40230082156344926,0.5976991784365508
quintile_up_exh,Q3,2015-2019,1,190,40237,1,0.015014373571753581,0.04513714166302157,0.5291936495565261,0.5479541922754033,-1.1446526016385419,-0.8448180000362153,-1.6343456262391673,0.48381602967066184,0.5161839703293382
quintile_up_exh,Q3,2015-2019,5,190,40238,1,0.0936289761818849,0.18044421982037367,0.5511805309854818,1.226519427875736,-2.439257163878394,-1.7503572905289975,-3.4799621997918946,0.45694984363464597,0.5430501563653539
quintile_up_exh,Q3,2015-2019,10,190,40238,1,0.20597861784214358,0.34734682419809526,0.5679593769039188,1.7456633971997957,-3.4929600330143593,-2.38926961393532,-4.567004464197444,0.4266787233285595,0.5733212766714406
quintile_up_exh,Q3,2015-2019,20,190,40238,1,0.4348647189969916,0.659462686085493,0.5912954929327234,2.4334915104801706,-4.345770991682324,-3.2727113865560065,-5.929198350826896,0.39352180951832794,0.6064781904816721
quintile_up_exh,Q3,2020-2026,1,279,72818,1,0.011088291648261065,0.03510152410542098,0.5183820554034604,0.5683787564478817,-1.1753528512548412,-0.8340292832541176,-1.8409014836344395,0.48988220036670094,0.5101177996332992
quintile_up_exh,Q3,2020-2026,5,279,72550,1,0.02384876483577867,0.16841668161222614,0.5421185463717925,1.2845918750746144,-2.74728353237918,-1.8890689673813736,-4.208392269766722,0.4859702878585368,0.5140297121414632
quintile_up_exh,Q3,2020-2026,10,279,72214,1,0.054585486370326765,0.3293707373493382,0.5557984743781411,1.8524092707753028,-3.8380138224957685,-2.6237035939999815,-5.9402892824628415,0.4724440544640178,0.5275559455359822
quintile_up_exh,Q3,2020-2026,20,278,71466,1,0.23040765607923572,0.5646220622690159,0.5709901083721839,2.5769033649808026,-4.881155935266992,-3.5336669203643645,-7.251502557283851,0.4467093633514557,0.5532906366485442
quintile_up_exh,Q3,ALL,1,281,171766,1,0.014317167976428043,0.03293529687693761,0.5189070145117746,0.5570330198419752,-1.1750150557859322,-0.8446405249718494,-1.7727061512069577,0.48988220036670094,0.5101177996332992
quintile_up_exh,Q3,ALL,5,281,171499,1,0.049130570689915595,0.15882283547364262,0.5435507315776882,1.2520269538755586,-2.6714111272990713,-1.8727290586424967,-3.9989862715729365,0.48151028795274214,0.5184897120472578
quintile_up_exh,Q3,ALL,10,281,171163,1,0.08020566704214484,0.2859031432133106,0.552242774168997,1.7942314191673334,-3.747265426179381,-2.6659810253215612,-5.724950062592016,0.4745050073785798,0.5254949926214202
quintile_up_exh,Q3,ALL,20,281,170418,1,0.19940584034438824,0.5066921288755252,0.5616759793958823,2.5016917008477426,-5.000062955281261,-3.581176062315616,-7.308094798467156,0.460001604299648,0.539998395700352
quintile_up_exh,Q4,2000-2004,1,95,10834,1,0.0021809894814129966,0.010829286483561927,0.4938778875995699,0.5487991236548742,-1.1275931240410881,-0.8278057608288631,-1.5947140545702625,0.4935947296518545,0.5064052703481452
quintile_up_exh,Q4,2000-2004,5,95,10834,1,0.02295997375484383,0.12431109509811229,0.5321241840892992,1.3018374605346141,-2.469891996064853,-1.8875861261089355,-3.3898339721731787,0.48981789447969504,0.5101821055203051
quintile_up_exh,Q4,2000-2004,10,95,10834,1,0.06362928357855302,0.3174929649993771,0.5559681151024676,1.8437189981933673,-3.72182276920581,-2.6518905540573794,-5.165797608142918,0.4814140200034952,0.5185859799965048
quintile_up_exh,Q4,2000-2004,20,95,10834,1,0.2713272796603249,0.5220496026653598,0.5904321466380624,2.5653584033717953,-4.522149057736526,-3.403232824373551,-6.3157441171141775,0.4554408173620778,0.5445591826379221
quintile_up_exh,Q4,2005-2009,1,137,22682,1,0.007010299582535902,0.031980996163557616,0.5065960348439164,0.5459404785344417,-1.1161967776155837,-0.8139489805714507,-1.5404832268073914,0.4832819960863851,0.5167180039136148
quintile_up_exh,Q4,2005-2009,5,137,22682,1,0.03435325251751668,0.12142627852954374,0.5253195102137967,1.237957726251728,-2.5050968059921437,-1.8646879678452324,-3.2878946707627605,0.4728773378660471,0.527122662133953
quintile_up_exh,Q4,2005-2009,10,137,22682,1,0.07732385174566775,0.1841637885045716,0.5296258174831966,1.7507471002353572,-3.623124962956805,-2.646816279386433,-4.383725967334412,0.4549051924720209,0.545094807527979
quintile_up_exh,Q4,2005-2009,20,137,22682,1,0.23231091139923146,0.4871037794249686,0.5430855429920617,2.516250568688253,-4.797806291576051,-3.6387200897147687,-6.320350139265077,0.4418956583009801,0.5581043416990199
quintile_up_exh,Q4,2010-2014,1,131,25201,1,0.02382111718556786,0.03712781618751459,0.5164294914818913,0.5598334894492394,-1.1200236416124325,-0.8378005452440673,-1.560013909435715,0.47482684209957016,0.52517315790043
quintile_up_exh,Q4,2010-2014,5,131,25201,1,0.1295050402201005,0.24119622354937892,0.5544523553151891,1.3101216274612102,-2.4496183759865087,-1.8025301019364182,-3.3767299349983837,0.43575875974003564,0.5642412402599646
quintile_up_exh,Q4,2010-2014,10,131,25201,1,0.23687646907406743,0.4690884193245578,0.57851654902028,1.760115240111367,-3.181414713254999,-2.2811255938495174,-4.237715506812255,0.4001813070219189,0.5998186929780811
quintile_up_exh,Q4,2010-2014,20,131,25201,1,0.4655180304851116,0.7399759135247478,0.6011283610427447,2.447366557895255,-4.02229634484291,-2.849995606993289,-5.598096586495778,0.3637651545760406,0.6362348454239595
quintile_up_exh,Q4,2015-2019,1,185,37519,1,0.015152000042407422,0.04437951424177704,0.5261788923220527,0.5516513813298836,-1.1853884961203938,-0.8619464723442325,-1.7499612288394728,0.49191720203249945,0.5080827979675006
quintile_up_exh,Q4,2015-2019,5,185,37518,1,0.06404181807813952,0.17503574737686045,0.5475683224790636,1.2598770898469578,-2.7030501295901814,-1.9334600228493648,-3.7363706843382785,0.4762239811734859,0.5237760188265143
quintile_up_exh,Q4,2015-2019,10,185,37518,1,0.1394790515716845,0.26527931843855834,0.5550464069666025,1.8169527997737263,-3.7674290731035533,-2.625565282968694,-4.987342183462247,0.4647999223216354,0.5352000776783647
quintile_up_exh,Q4,2015-2019,20,185,37519,1,0.28886205436997814,0.4763789677594539,0.564809025284529,2.563873741208869,-5.062672312006867,-3.6726833399174135,-6.316984497238103,0.43907496520044864,0.5609250347995516
quintile_up_exh,Q4,2020-2026,1,279,75542,1,0.0009528210707722908,0.02726547802894451,0.509997435811726,0.5740317137011094,-1.1743258525832585,-0.8571753107267163,-1.6962709789707529,0.4920362491089281,0.5079637508910718
quintile_up_exh,Q4,2020-2026,5,279,75317,1,0.002582702933554073,0.12480832484352503,0.5287796929841916,1.324022909650136,-2.683384641177399,-1.9321578468105778,-3.8446396788097688,0.48282060033074387,0.517179399669256
quintile_up_exh,Q4,2020-2026,10,279,75109,1,-0.023672389431929928,0.1898538786864437,0.5347432614447478,1.899717662096855,-3.8129643775924067,-2.746782360088849,-5.521846336345556,0.48933389951302547,0.5106661004869745
quintile_up_exh,Q4,2020-2026,20,279,74760,1,0.0009431713753285269,0.32974361223570126,0.5383109242179082,2.7378606902451574,-5.230496132950994,-3.8716875166829117,-7.743696871181356,0.4898223345686259,0.5101776654313739
quintile_up_exh,Q4,ALL,1,281,171798,1,0.0006768085856542825,0.029659915392931238,0.5099703392290152,0.5668923961819341,-1.1745721588371716,-0.8586755119474322,-1.7168255761150568,0.4893927901969509,0.5106072098030491
quintile_up_exh,Q4,ALL,5,281,171572,1,-0.0023122689590979882,0.13838406538657083,0.5276757485552568,1.3139352418358652,-2.686717383015541,-1.9660672617204622,-3.855579815171892,0.4745197600327676,0.5254802399672325
quintile_up_exh,Q4,ALL,10,281,171364,1,-0.001390034466303777,0.23776240199830312,0.5353914943237218,1.8694029121320697,-3.812999008285969,-2.746383767917392,-5.423682147187185,0.47537752577818093,0.5246224742218191
quintile_up_exh,Q4,ALL,20,281,171016,1,0.0700289408734042,0.42075370148072283,0.5444439555419984,2.6597858146788447,-5.27221319588013,-3.8442842436389335,-7.656731594653381,0.46722502260792137,0.5327749773920787
quintile_up_exh,Q5,2000-2004,1,97,18039,1,0.019376072578660322,0.026387512190988234,0.5160601938840667,0.5641111114883377,-1.0939326159246436,-0.8139946968238474,-1.550632542378345,0.4762692225266465,0.5237307774733534
quintile_up_exh,Q5,2000-2004,5,97,18039,1,0.034128128327535666,0.14123319838693177,0.521178461470339,1.3536974571567255,-2.626128418150225,-1.9470216307299135,-3.529607334740162,0.4613198297649236,0.5386801702350763
quintile_up_exh,Q5,2000-2004,10,97,18039,1,0.015995554566997628,0.3105863144331042,0.5313162765064335,1.9597450768836837,-3.77219808081038,-2.8108952255841704,-4.852108304281041,0.4681268523660515,0.5318731476339484
quintile_up_exh,Q5,2000-2004,20,97,18041,1,0.060597181972636846,0.5897065323001686,0.5377189455945699,2.739770047637084,-5.2030936974586295,-3.800707679051447,-6.473974674635513,0.4472203936221667,0.5527796063778334
quintile_up_exh,Q5,2005-2009,1,129,18598,1,0.049030543889875704,0.030855459980699298,0.5247540802037047,0.5471157927917558,-1.0529804814604555,-0.7751909791850294,-1.459992370027085,0.45823250547454975,0.5417674945254505
quintile_up_exh,Q5,2005-2009,5,129,18598,1,0.22210017432335624,0.2306408335376248,0.5632962119091928,1.3042325330765032,-2.317269656451245,-1.703655115845258,-3.0989084963061324,0.4279399007100594,0.5720600992899405
quintile_up_exh,Q5,2005-2009,10,129,18598,1,0.3575980652665331,0.4127727742397035,0.5730505967635535,1.854179210871686,-3.1519960445447377,-2.3136845648168474,-4.1572097051659815,0.40950944609653717,0.590490553903463
quintile_up_exh,Q5,2005-2009,20,129,18598,1,0.44054398019499436,0.47976969117214896,0.5621560416892926,2.7043528705929614,-4.289436874366644,-3.273873337980466,-5.127182246024005,0.3846948141875923,0.6153051858124075
quintile_up_exh,Q5,2010-2014,1,124,36991,1,0.007992177587761688,0.03318988678909921,0.5172890462842926,0.5799082922797812,-1.207012269468961,-0.8717860579855325,-1.7703343471148187,0.4827500134500279,0.5172499865499721
quintile_up_exh,Q5,2010-2014,5,124,36991,1,0.02895381378719657,0.14473050160698733,0.5347032468155765,1.3538263380840094,-2.8503004325392993,-2.065505780020175,-3.9099421247991977,0.4756521890605823,0.5243478109394175
quintile_up_exh,Q5,2010-2014,10,124,36991,1,0.11689788859480195,0.30861721383643403,0.5511701773417836,1.9165271187233135,-3.803439090029618,-2.850783535289717,-5.239546501530512,0.46203484448571375,0.5379651555142863
quintile_up_exh,Q5,2010-2014,20,124,36991,1,0.4219290205518062,0.649223438631605,0.5890974327514898,2.7119734350030513,-4.980024907892385,-3.5646709983400755,-6.5276586027146095,0.4289218394065155,0.5710781605934844
quintile_up_exh,Q5,2015-2019,1,183,30372,1,0.01661717302759847,0.04470304868860526,0.5287783712572244,0.5784716870555188,-1.2115973204611497,-0.8390640961961104,-1.8080875932127072,0.4922712029426377,0.5077287970573622
quintile_up_exh,Q5,2015-2019,5,183,30372,1,0.07047331665049054,0.1613445953088367,0.5481405580982068,1.3653594468132695,-2.7231656626699614,-1.9689875193686823,-3.855446303488214,0.4775278687929376,0.5224721312070622
quintile_up_exh,Q5,2015-2019,10,183,30372,1,0.15265469924397057,0.2566154071977786,0.560923338967698,1.9941282660311987,-3.9478121314745245,-2.8144642333962517,-5.116658542759706,0.4636289737308088,0.5363710262691911
quintile_up_exh,Q5,2015-2019,20,183,30372,1,0.292697732645718,0.3834576804678188,0.5675396644332451,2.932162852316723,-5.482628471952551,-4.1823976309059026,-6.737937722670695,0.470829865345203,0.529170134654797
quintile_up_exh,Q5,2020-2026,1,278,67877,1,-0.0031883823621982133,0.009301404721107642,0.5036969655995128,0.5797564484085669,-1.195486469971343,-0.8847063541525308,-1.7641065654005512,0.5039436172368097,0.49605638276319025
quintile_up_exh,Q5,2020-2026,5,278,67726,1,-0.02661787391116125,0.03475685633213753,0.5032386909344441,1.3831695852483061,-2.820159019508141,-2.0930300841587766,-3.846894547588113,0.5009798516437787,0.49902014835622127
quintile_up_exh,Q5,2020-2026,10,278,67601,1,-0.07236964177162987,0.02174302504428738,0.5082648702527366,2.052773140592585,-3.9988443354345335,-3.0360963303484607,-5.255527710965852,0.5028818739536769,0.497118126046323
quintile_up_exh,Q5,2020-2026,20,278,67412,1,-0.33734495819894494,0.1316505839162423,0.5160174973516172,3.2267037652362993,-5.587214503985314,-4.0926250630897965,-7.245477142287662,0.5023292261267392,0.49767077387326075
quintile_up_exh,Q5,ALL,1,281,171902,1,0.005846257538891091,0.024395861828903118,0.5077992558512764,0.5742997376527307,-1.1931976194687641,-0.8732857275339433,-1.7859650702482326,0.4914869289847898,0.5085130710152101
quintile_up_exh,Q5,ALL,5,281,171751,1,0.014518506132397151,0.11109347416999805,0.5167955920334123,1.3691161171146125,-2.8205395913503453,-2.043323603571793,-3.9904259108473425,0.4848217608976761,0.515178239102324
quintile_up_exh,Q5,ALL,10,281,171626,1,0.0003044254687474355,0.18069240294058125,0.5247074996498114,2.019267494348569,-3.9784214301588814,-2.8959717582226716,-5.494641756845269,0.4829971635194699,0.5170028364805299
quintile_up_exh,Q5,ALL,20,281,171439,1,-0.18982061991035137,0.39822056640215453,0.5353085778708417,3.1631643862964167,-5.572760567912037,-4.0955141920715015,-7.7167214557103785,0.46677549475746744,0.5332245052425326
