date,growth_dh,inflation_dh,g1,g2,g3,g4,g5,i1,i2,i3,i4,i5
1960-01-01,,,,,,,,,,,,
1960-02-01,,,,,,,,,,,,
1960-03-01,,,,,,,,,,,,
1960-04-01,,,,,,,,,,,,
1960-05-01,,,,,,,,,,,,
1960-06-01,,,,,,,,,,,,
1960-07-01,,,,,,,,,,,,
1960-08-01,,,,,,,,,,,,
1960-09-01,,,,,,,,,,,,
1960-10-01,,,,,,,,,,,,
1960-11-01,,,,,,,,,,,,
1960-12-01,,,,,,,,,,,,
1961-01-01,,,,,,,,,,,,
1961-02-01,,,,,,,,,,,,
1961-03-01,,,,,,,,,,,,
1961-04-01,,,,,,,,,,,,
1961-05-01,,,,,,,,,,,,
1961-06-01,,,,,,,,,,,,
1961-07-01,,,,,,,,,,,,
1961-08-01,,,,,,,,,,,,
1961-09-01,,,,,,,,,,,,
1961-10-01,,,,,,,,,,,,
1961-11-01,,,,,,,,,,,,
1961-12-01,,,,,,,,,,,,
1962-01-01,,,,,,,,,,,,
1962-02-01,,,,,,,,,,,,
1962-03-01,,,,,,,,,,,,
1962-04-01,,,,,,,,,,,,
1962-05-01,,,,,,,,,,,,
1962-06-01,,,,,,,,,,,,
1962-07-01,,,,,,,,,,,,
1962-08-01,,,,,,,,,,,,
1962-09-01,,,,,,,,,,,,
1962-10-01,,,,,,,,,,,,
1962-11-01,,,,,,,,,,,,
1962-12-01,,,,,,,,,,,,
1963-01-01,,,,,,,,,,,,
1963-02-01,,,,,,,,,,,,
1963-03-01,,,,,,,,,,,,
1963-04-01,,,,,,,,,,,,
1963-05-01,,,,,,,,,,,,
1963-06-01,,,,,,,,,,,,
1963-07-01,,,,,,,,,,,,
1963-08-01,,,,,,,,,,,,
1963-09-01,,,,,,,,,,,,
1963-10-01,,,,,,,,,,,,
1963-11-01,,,,,,,,,,,,
1963-12-01,,,,,,,,,,,,
1964-01-01,,,,,,,,,,,,
1964-02-01,,,,,,,,,,,,
1964-03-01,,,,,,,,,,,,
1964-04-01,,,,,,,,,,,,
1964-05-01,,,,,,,,,,,,
1964-06-01,,,,,,,,,,,,
1964-07-01,,,,,,,,,,,,
1964-08-01,,,,,,,,,,,,
1964-09-01,,,,,,,,,,,,
1964-10-01,,,,,,,,,,,,
1964-11-01,,,,,,,,,,,,
1964-12-01,,,,,,,,,,,,
1965-01-01,,,,,,,,,,,,
1965-02-01,,,,,,,,,,,,
1965-03-01,,4.166980134341459,40.64346719670975,59.75720960504308,,,49.80992950457861,22.483740504107843,-37.76282767144939,31.689335706632438,18.992261871605155,-14.567609739188756
1965-04-01,,29.397446675452557,16.052874806061055,32.482034920587736,,,-25.4777077516498,55.21116909380791,-27.229405862083343,59.01043767263183,8.768432325745183,51.22660014716121
1965-05-01,,38.196784534855844,24.86881209717003,56.435615048729396,,,-1.1148204446961374,48.018070974425825,1.1985628619698316,60.28736000490258,25.3283070941928,56.15162173878817
1965-06-01,,31.846525923560353,27.081851282629867,42.813684459581324,,,-30.677381309187997,74.03828524464555,-36.77378877951258,64.4774383895396,16.08648365326499,41.40421110986421
1965-07-01,,22.440651417738128,28.424512099424415,58.4564268496921,,,-25.16575952834655,29.14279786383683,-24.780367496524622,43.9753087660839,19.833415495317443,44.03210245997708
1965-08-01,,30.12795247733616,22.506178742455244,46.99685017348375,,,-27.648733536024324,69.78697725473812,-9.000108522171667,47.272033742149574,13.842988785022206,28.73787112694256
1965-09-01,,34.616579583617025,21.0924385795957,53.35996390368647,,,35.30166755111917,21.17938401363434,13.723353320833894,55.95180130074445,23.3118569301814,58.916502352691055
1965-10-01,,41.88928379151485,49.53179713873994,52.769625225536096,,,3.6665163104575362,66.93443107495902,-18.050133590872893,63.989935660846676,60.190672939711774,36.381512872929676
1965-11-01,,36.51769439098217,-0.6356419354245373,54.36992483260645,,,10.39212739781466,17.242928808742715,2.9808198150369436,69.0612690069122,39.882550601458114,53.42090372276091
1965-12-01,,47.56643737264022,16.955021756228337,54.90613513637437,,,13.032658584424558,63.73982983582619,47.12980099501188,78.4583130299096,32.08423899313831,16.42000400931513
1966-01-01,,32.883179613437264,6.991434174551362,47.073992357696795,,,41.35862055702093,50.31220368832301,-2.8493779462159146,67.42036724999699,39.92416468480253,9.608540390279707
1966-02-01,,61.106955649102005,12.683153450483736,60.46885090503715,,,30.55030132502912,88.75801915522011,47.132134206021405,79.26878267958554,49.46379593033118,40.912046274351766
1966-03-01,21.117831163493086,55.106594364510975,14.705000483163829,48.03398273704009,-3.7519462742618996,30.365159533953634,16.236959337569775,74.83978389868193,47.99660411213912,66.60167636169757,52.52546979414259,33.56943765589367
1966-04-01,12.210691805893816,50.36519449386485,8.77704207585131,46.53790126477411,-24.940346472134937,11.57519317376831,19.103668987210288,83.32979543415587,81.97266158718305,37.851634453802674,61.05032592118141,-12.378444926998746
1966-05-01,-19.980478932979747,44.56345024795747,15.10252149722855,32.21036575543567,-53.68809830749836,-19.707349090755493,-73.81983451930911,71.41874489634137,75.96065186860301,31.51990615783935,44.682501785383394,-0.7645534683797863
1966-06-01,-10.274045790622976,42.74691451242618,4.764222987112237,46.80895327972742,-75.85962053709646,2.795420938747172,-29.879205621605244,40.352324765072275,92.9892557270637,3.6257519210837335,64.09200046273381,12.675239686177362
1966-07-01,-18.49324192373279,58.738107669587905,-0.1643607471557392,39.72211766302854,-67.29728513250117,-28.00382190487748,-36.72285949715808,68.61117334629594,89.99436955409664,48.925131644621544,59.0971115998128,27.062752203112588
1966-08-01,-20.838846531359593,58.01414181931873,-7.11114906716535,40.14804786330154,-72.2708238911275,-13.214960424511332,-51.74534713729532,86.10221888008866,79.34118492664103,59.534976686370136,57.42925303529395,7.663075568199883
1966-09-01,-22.8471593095409,55.76121198189135,14.559992603265654,47.65245715204504,-75.92433627855968,-70.25075828831895,-30.27315173613655,73.5235812043648,85.47458873382764,60.101841817699494,47.58183575364704,12.12421239991775
1966-10-01,-23.679157660680396,48.68436805519541,0.3836137827498272,40.70219334369774,-75.84080915070548,-23.63673535796364,-60.00405092118044,80.48195861835562,91.43856854171094,23.317002219108407,22.520115004376983,25.664195892425077
1966-11-01,-31.53150201471866,41.493573764472444,-21.94616965252084,50.038463181797674,-70.08125675095405,-41.99588590688972,-73.67266094502637,67.00883852086045,82.68863667778973,18.43833896927546,16.98739943324064,22.344655221195925
1966-12-01,-37.01068631780677,23.76038751654835,-38.19497154959371,17.702731081936683,-63.85775329343164,-45.87240871496912,-54.83102911297606,44.89027470849862,74.35760094968906,-22.992648875939103,-0.14589946399843046,22.692610264491606
1967-01-01,-20.713480298624177,37.105684201840276,-38.414941398640146,18.538236051345052,-6.238362731974613,-7.922308439041224,-69.53002497480996,49.638415792000615,71.52433508490007,2.1927766392016865,26.715237546709563,35.45765594638946
1967-02-01,-28.763966027004756,2.6088559187752454,-66.54102453084066,34.65603142852886,-18.881047849913354,-28.56799614233066,-64.48579304046797,-10.017340923280061,56.50652171749816,-39.1813416845707,-24.904244725643775,30.640685209872597
1967-03-01,-27.114865365811077,13.36472327526351,-78.10504943928781,29.38875891868506,-20.66607593707478,-6.976852232509782,-59.215108138868075,20.428272793217456,59.51372435667457,-27.22536316977269,-16.74103158785013,30.84801398404834
1967-04-01,-10.202087597525543,7.394544501973414,-53.56664811065093,30.348825128490937,22.49651964467915,-1.640598281599968,-48.6485363685469,-7.976485721152512,42.230582115306376,-34.22402120418827,-29.30189395073617,66.24454127063764
1967-05-01,-11.801222871873222,18.166349527293807,-77.62528443738054,27.620971221761064,34.74489852930604,-2.9268422951911117,-40.81985737786156,35.22294266962878,41.2918904433176,6.218436911564236,-33.56490670412903,41.66338431608745
1967-06-01,0.9139320341033799,15.327598115310632,-69.29799175077767,13.950175806176581,74.63956319717325,-5.836230536720845,-8.885856545334414,21.947800334408583,30.65621273369194,35.119264357408206,-28.331895384092675,17.2466085351371
1967-07-01,2.307078602216362,7.987481598781959,-73.70892793316482,33.07597600559754,61.46779900919681,-4.28766568353087,-5.011788387016855,24.43217726247368,41.6647006478962,3.662630742575643,-34.06521823601202,4.243117576976305
1967-08-01,12.421219348476033,5.0346829656088055,-32.51930332354356,24.13828123928335,77.22621665516893,-10.980987277911083,4.241889449382532,-12.070597878496597,52.9097701750651,-31.935959312827737,-22.20733402462973,38.477535868932996
1967-09-01,13.398285235322344,11.221134872168333,-62.99604557239631,25.582720981273475,88.64268023437613,-31.257384968434998,47.01945550179343,36.76082554784678,47.81206386744041,-30.888096797630887,-27.20958813964383,29.630469882829193
1967-10-01,-4.624031847646249,2.4274194869409316,-48.687931321612474,-3.21713837680345,82.56248409436155,-29.591907618702606,-24.185666015474265,-12.250637768658224,48.16987796081893,-8.587293308245561,-32.00347683838508,16.808627389174596
1967-11-01,14.76350138731351,19.366992958844907,-10.171965771715561,24.996645766569596,76.95301632721443,-23.39155020877845,5.431360823277537,33.1811007759506,48.7092711103395,-10.313696821094332,7.7349450151802515,17.52334471384853
1967-12-01,18.366820503600604,24.972764784096846,-7.431831412017409,29.218716740326762,69.26869677260679,-14.349719782689757,15.128240199776647,40.03734641265934,33.42791746057707,34.17114005579578,16.746320421230465,0.481099570221571
1968-01-01,-10.03544028855077,32.41200983583986,-26.37612331135437,37.16049872762301,-43.90389612379215,-34.80003410380471,17.742353368574367,67.81483801104194,72.19284183956532,13.678360002339065,1.432313946706173,6.9416953795468155
1968-02-01,11.619780766831715,51.24524568974643,8.701597258562717,13.201754870332458,60.11238151235221,-8.750437029656306,-15.166392777432488,69.38812893328425,71.86441247036127,52.48433503438938,57.14586610245145,5.343485908245829
1968-03-01,8.233384045252276,43.932645043718516,12.095928223038763,33.12575187780298,23.286133314737707,-12.363170264752288,-14.977722924565784,52.03366247006409,76.30607585562117,43.390021207499935,41.110107470046934,6.823358215360444
1968-04-01,17.22874103019233,33.41643019617082,-16.069831476623982,47.410172100342976,-0.6020742887686893,2.292074733216504,53.113364082794845,49.0568313953151,66.41563753069687,49.37837326192291,43.61863128252638,-41.38732248960712
1968-05-01,7.620643542599945,40.60663250479929,34.7719758058937,34.09198428679543,0.6285724355387959,2.6556895353461454,-34.045004350574345,44.06563169420033,68.49643387679146,37.914272648025175,61.88539423405823,-9.328569929078718
1968-06-01,-2.7499231507462674,41.80480276744636,19.490093311755473,3.783409312724697,-16.20311001766028,2.1576630448524625,-22.97767140540369,59.24748498013784,65.71553139710731,21.76485547141708,45.88383191107878,16.412310077490826
1968-07-01,-2.5610140767062752,41.5736354625142,19.318228389471223,16.346845207074068,2.684892121659298,-24.92488964472735,-26.230146457008612,63.621554993958455,53.578247202482935,25.679747982482574,53.31592893597576,11.672698197671249
1968-08-01,-8.348495799294014,37.91722013209746,-24.053681741255225,42.49697387253437,-7.522396201096637,-26.057985032403725,-26.605389894248848,53.80729170615497,56.78330509265477,24.192659437646864,42.54153062266069,12.261313801370035
1968-09-01,4.5139410471347885,37.637550500129315,4.1946892119537145,42.79577385822119,7.654880193333473,-23.08061735340162,-8.995020674432816,49.61877743141212,52.19305296145612,36.845190790879165,58.77829498583669,-9.247563668937522
1968-10-01,2.217541849428744,40.34987879139589,-19.93796367651442,34.77382462795166,-3.0376619081011462,-13.774189257516811,13.063699461324438,55.66190798292928,49.50809121760814,29.408503627690596,52.459267310585474,14.711623818165972
1968-11-01,4.863863803562933,38.259436379640235,-11.251493467476454,30.058095580235882,1.8058282037052096,-25.21719448537807,28.924083186728094,47.21387674745529,49.1043309686915,53.29370163120583,34.518488258568844,7.16678429227969
1968-12-01,-8.531033436730805,27.510550139599598,-29.531510441033003,27.355773174686753,-8.317702774913814,-14.633110789241435,-17.528616353152522,45.07692266301903,47.986640117702386,10.684110069616173,24.24622224771198,9.558855599948437
1969-01-01,-2.636917271629619,24.32687703988085,-5.623309553340548,26.420698902213218,34.656400036295494,-44.842609754141364,-23.795765989174896,22.192531791971604,33.207287779601444,37.112305710021154,21.787499809223803,7.334760108586239
1969-02-01,-6.706761612791249,7.832771729646029,-6.516267258440587,25.744162660119983,-5.719651543481306,-55.3383438297032,8.29629190754886,49.01688763589369,24.931107398918755,-5.028172567385191,-15.114566305139821,-14.641397514057289
1969-03-01,-6.035455654786242,41.99916815825477,4.115625384282978,24.966054155897694,-5.413658279224543,-66.44114020603993,12.595840671152594,62.89065619579528,36.76775433218608,40.58344290103306,20.768428921509745,48.98555844074967
1969-04-01,-14.391971620900572,41.44054520578474,-13.224010414521144,24.61410002854965,10.556307593925627,-66.29457867697954,-27.61167663547745,63.80954689873993,33.46715148818037,25.30345452488557,12.73193624516368,71.89063687195416
1969-05-01,-11.182095203416743,33.155965170304945,-40.785045208059465,24.202073517613123,-14.737215533312064,-35.72596137502288,11.135672581697568,52.775483132936316,33.56125989496173,40.97690559956414,7.961873546711217,30.504303677351302
1969-06-01,-16.46819949340578,33.477167170302074,-13.053770777959631,6.437754922749839,-1.1674536175224113,-33.96146422248843,-40.596063771808275,47.509533495638976,23.481621837358084,30.749838651663993,12.35335879567958,53.29148307116972
1969-07-01,-11.17353754504774,34.141850836384734,-3.790102513692818,15.122462603867252,-23.205379302645802,0.7027052319147034,-44.697373744682025,37.58397846268574,41.73461898853495,42.97726354744682,23.400618251072245,25.01277493218394
1969-08-01,-5.15323806594426,29.14735001961688,-7.6571235393792545,13.762953808020212,-9.049380386877372,4.5356616957744285,-27.358301907259314,54.55010169369173,15.396222774094683,35.55715481328075,25.85267217333238,14.38059864368485
1969-09-01,-20.0377160913064,23.46531305943064,-15.852145593420449,-20.089944704787346,-33.783480010996925,6.8109558237187136,-37.273965971046,43.69831279456132,24.21812518959857,19.842655556944454,13.00062554419151,16.56684621185736
1969-10-01,-13.276330995490497,32.39737326806665,-18.527888241545064,-1.4923060914046689,-24.127907460519708,-3.69703920016249,-18.536513983820555,42.845949501060375,22.525025598208625,50.130476102308485,10.18148521177808,36.30392992697768
1969-11-01,-19.612020777674637,21.067339772670696,-58.173057983859024,33.87474553875162,-29.34184385625958,-11.037688273657135,-33.382259313349074,49.78993554415725,23.472961337513144,48.805296930428106,-3.3394214898718264,-13.392073458873217
1969-12-01,-22.997443877907244,39.89124979677603,-48.907205682631044,19.49682195566972,-24.39114975122551,-14.711056126185401,-46.47462978516398,56.98730052627508,30.774440753219945,65.14710278523695,3.2839317636897745,43.263473155458435
1970-01-01,-40.58838297995553,28.811309613812835,-75.02974275756179,-49.87890863171477,-42.86619956639711,19.16951598786581,-54.336579931969794,46.47189552736604,16.30419605622438,52.50895191403821,1.2639727989993341,27.507531772436234
1970-02-01,-37.456607904690145,29.41105247698626,-64.54042943540912,-66.89495803064335,-29.852908080460516,21.000134253582083,-46.994878230519824,37.7432323134022,25.238507757067563,50.59251174238894,0.4511362262260882,33.029874345846515
1970-03-01,-37.519836316941394,-5.376112189985458,-67.97980345304252,-73.3529516365078,-23.26455156829695,25.310667651040685,-48.3125425779004,18.54775472090602,6.3206176040782225,32.67464155105111,-19.807709562199978,-64.61586526376266
1970-04-01,-24.37019488076906,9.54117007108994,-55.05801572517791,-78.36474402746924,-10.105615360484036,61.80128307527538,-40.123882365989495,45.92457125176415,15.652362079259765,10.093988148350379,-53.429075199868,29.464004075943397
1970-05-01,-35.114430568637985,0.7206333642536691,-47.9630483595621,-81.98828334896243,17.45475772244768,-20.83005895062474,-42.24551990648837,28.766968188132118,7.726151031718481,-10.302501110359549,-52.91794763798789,30.33049634976519
1970-06-01,-26.31764294961655,-15.124076255518148,-63.72129280297296,-79.26622761870513,0.26444563813860583,-16.01665868298521,27.15151871844192,34.13430045326874,16.06794346065205,-12.795824171934388,-54.89381294701411,-58.13298807256304
1970-07-01,-21.50888827390961,-1.1429146454425123,-55.098738937913794,-78.58583009185719,14.007186410001152,14.967845491734796,-2.834904241513001,29.86755993346253,1.6422550703395984,-5.812925792150489,-64.62337864132684,33.21191620246264
1970-08-01,-26.454310887567487,-19.027905400841384,-57.25715969829923,-77.49747218370902,10.210501282496251,-4.861261905995147,-2.866161932330287,-9.589283678085605,18.579832326113515,-16.39587988030978,-69.50703061920713,-18.227165152717912
1970-09-01,-38.84077426750194,4.17463949418732,-58.82204500039321,-86.4443067134937,23.24187509813328,-10.12969186851568,-62.0497028532404,31.7320747075414,14.47227964736642,4.7021432371248295,-77.44356605029711,47.41026592920106
1970-10-01,-36.33695337418891,0.8082174492653749,-72.92000160043607,-79.51203008035606,45.20560297346112,-34.0917704889446,-40.36656767466893,12.424081967983035,22.801938424802447,-16.46965180878309,-80.26464580129118,65.54936446361566
1970-11-01,-41.23884332212011,5.795904606225813,-54.72882219317724,-89.23648792195522,27.332863645860762,-37.85225925766012,-51.70951088366872,21.28477427825278,33.82806946730118,-22.400162327678245,-74.5145596932322,70.78140130648555
1970-12-01,-5.33488510366425,7.299932100562936,-14.092959852167992,-83.5571957077515,67.84348794592275,-18.759860219462094,21.8921023151376,18.272151922815137,38.555056820855754,-42.15342318465626,-58.910433470176415,80.73630841397646
1971-01-01,13.989268797993583,11.40798476809034,14.839540010844901,-58.87576969441071,50.81312986417097,28.674164755796216,34.49527905356654,-1.9325606921719602,34.55725389486965,-16.262809474614762,-28.571134212398462,69.24917432476724
1971-02-01,7.076779332033778,9.26765810521763,-9.94845722048571,-60.007566685105914,27.846868637454307,5.983330486924098,71.50972144138211,-11.614571998153261,25.604975167580683,8.927974343382566,-42.041704258942296,65.46161727222045
1971-03-01,-0.6545781913846765,4.839271178999662,-12.108970233269725,-61.853799932448815,52.733007911858685,10.580106139075859,7.3767651578606115,-21.286658085924444,15.502048335922295,2.1309446774992824,-43.08964746606853,70.93966843356971
1971-04-01,-3.815389438346257,-10.098733126597542,-2.688234327083864,-45.64436602345482,18.290554392501722,-39.08136899910312,50.0464677654088,-39.64959529847538,16.837595695236743,31.429094421602677,-10.990722341541554,-48.120038109810196
1971-05-01,5.74491100175091,11.251324184618134,1.5962558298578151,-48.72769273425303,40.09618916452754,22.498933989632004,13.260868758990224,-6.187841146895902,30.13387589962348,30.53461155939467,-6.871234979073527,8.647209590041953
1971-06-01,20.95280828924908,15.585292801236836,11.257549997357328,-43.79408500989064,21.90751191076915,81.92733185934777,33.46573268866179,1.7700470925473322,27.10121662288212,24.81745812243297,-20.922827176906168,45.16056934522793
1971-07-01,-9.240716118947693,-4.796556868381819,-8.94908859977657,-52.34738351247811,47.37071565811915,-58.739261874125994,26.461437733523045,-15.077038368288525,25.0606947113205,-6.615215012269522,-29.91712992782196,2.5659042551504134
1971-08-01,-8.054892979677414,22.595008237739666,-11.699574737730629,-53.260017870168895,12.378494830737505,-20.204873956217224,32.511506834992176,6.682787760696268,-10.520551366002872,45.17472656370527,-11.35677146707387,82.99484969737352
1971-09-01,12.49792129060641,-4.59682239640472,33.79883104976235,-34.20080791064669,15.508774412711823,-0.591738958453297,47.97454785965786,-37.72010149292949,-30.135678837038437,-14.91395786324336,8.726448270890854,51.05917794029683
1971-10-01,22.658921888868214,-12.395468745009406,56.94683657799546,-14.616779589008463,-7.262087994096797,35.95148201144121,42.27515843800966,-36.87621878698226,-51.97935134167627,-7.463232188702539,18.20992579963902,16.131532792675003
1971-11-01,12.275885578397919,-26.39443010063723,54.02879240877054,-47.38786174146612,20.389651341755243,46.48367226671068,-12.134826383780748,-56.340748627080295,-56.788056503251404,-22.758348812541563,14.622974166889218,-10.70797072720212
1971-12-01,14.009947190939618,-8.145913032434958,23.777459255849983,-34.1104744448802,-23.18268755382008,41.2097495450888,62.35568915245959,-37.80141491520296,-54.44412279134426,27.716362612891476,27.20167339626715,-3.402063464786196
1972-01-01,11.014055530792596,-17.07260503345718,53.284739124514424,-13.571318216161266,25.836217957285808,-60.827539989248216,50.34817877757223,-35.32540896436015,-33.35179979097363,-5.325019016928709,4.551281601801106,-15.912078996824524
1972-02-01,19.313806735252463,-9.643535608623644,55.98927304719533,-12.245974160715722,10.624372691246728,-16.48089307578511,58.6822551743211,-17.931946666397558,-45.08367407092649,2.9102017414924766,34.81607362232321,-22.92833266960986
1972-03-01,5.37583529458074,-13.999813008972575,59.101479117921166,-29.948048880231664,-20.023679578596127,-23.44651307051159,41.19593888432191,-25.533351503619038,-48.53653105309734,-19.212199965380705,24.7937200147599,-1.5107025375256824
1972-04-01,8.435465938982972,-15.802609970874233,55.57803052635851,-13.193713635114001,-3.4294697360289685,-27.856408902259496,31.078891441958817,-25.854114021790664,-56.82839379557144,-27.392347393317134,19.448494029713558,11.613311326594523
1972-05-01,5.140214133971215,-22.533929045434803,39.54578925753691,-21.90019962874794,-41.822329717518,-7.876118794428246,57.75392955301335,-46.84089068877005,-65.99270316344253,-22.770989776666188,-0.5572374102666094,23.492175811971375
1972-06-01,-10.015289524534031,-27.175706609814085,37.508002545772996,-19.384859005254697,-3.814387367801151,-76.75596104872328,12.370757253335972,-63.44168239458165,-70.30660302466462,-5.548517404997194,17.982147685616535,-14.563877910443516
1972-07-01,16.132972952037285,-9.727352466797234,39.99426476221616,-8.533854109654682,-30.32850525555455,33.99930868695199,45.53365067622751,-38.138615560241895,-67.41400069707531,35.63993232673358,10.269842805713985,11.006078790883471
1972-08-01,22.060647219402455,-22.756150231226993,63.65291426279002,-15.753061479215438,-3.0899499613647037,29.230308488971367,36.26302478583102,-43.41098806658303,-54.15464128189681,1.6985963966356974,24.96268102577256,-42.8763992300634
1972-09-01,25.267114060337388,4.5124765506598745,35.598449735826236,-3.1734366807961467,5.82425716951861,24.56885420168516,63.517445875453085,-17.751809582616577,-36.42349345990725,40.35576263627209,29.725050885500405,6.6568722740506985
1972-10-01,32.843701930557806,-5.674084374310228,49.26142408721989,-24.07024635939423,-4.440036565398291,83.85339806868886,59.61397042167281,-17.022191024646098,-54.55868021998383,-11.504027591994063,61.19555822407787,-6.4810812590050295
1972-11-01,39.1635192458588,17.5232316941889,50.218381034090896,18.866843483570833,-20.523301090091,82.29147850214336,64.96419429957989,-1.7232268506508168,-44.424289714571316,37.474101174479145,51.41266338271646,44.876910478971034
1972-12-01,34.988489604969864,-7.946636660449336,44.208067566148266,6.639363766258424,0.23538858017440278,73.22693928426199,50.63268882800622,-37.61886632469363,-49.29244064256357,36.15015919904062,29.109614379859817,-18.08164991388993
1973-01-01,27.2516190187415,9.287569090865228,11.553175634553375,34.29964572918455,-36.22958018502089,66.5208924472778,60.11396146771266,-12.051718600653173,-74.90483809989847,70.89438199255827,20.026823746770983,42.47319641554853
1973-02-01,20.51439214164908,24.87916504705174,33.392753198138415,-1.826879641851495,-16.24626570034434,64.6467114443002,22.60564140800263,0.7922182445809788,-53.52365083071021,85.48355545736639,23.190028041359977,68.45367432266156
1973-03-01,18.58973175997578,37.76227706847699,15.939977764854996,15.71292782244419,-31.92753660326155,59.315605500219434,33.90768431562183,42.41572985962389,-30.98560803769296,94.81553140822543,25.422846242196595,57.14288587003199
1973-04-01,4.96252169528883,53.27120418706143,5.581213729803561,-7.542209914778384,-44.325462781864076,61.07732481987266,10.02174262341039,47.485147167908146,7.474408583197489,92.48529508930757,37.36085380236845,81.55031629252545
1973-05-01,11.905705321238365,48.9965630309031,26.621138237954746,13.170124015730813,-24.916070471666767,41.723730824890936,2.9296039992821017,51.86130147007862,3.099576024417842,84.94797249770446,37.97897309580173,67.09499206651283
1973-06-01,5.783967208554387,57.90091499516323,17.741330302486983,3.845958417025471,-27.042532906176685,44.31003116219973,-9.934950932763563,60.58313860193047,19.466054266359766,82.70626916442728,39.24327853137369,87.50583441172496
1973-07-01,-9.185651986683107,43.94345534574221,30.419642059616436,17.11656864819244,-49.98547390500961,24.790987758475623,-68.26998449469042,24.218339870151624,14.271484008541243,60.11711274207505,52.857902549389145,68.25243755855396
1973-08-01,-6.062210624057754,59.43273394091087,-3.080884488118928,8.773802239376986,-45.471816034146045,-13.465017825387196,22.932862987986415,87.53304980114848,33.002871495981154,95.79156930846703,20.49571238978437,60.340466709173356
1973-09-01,-5.996091660117104,45.2604264728456,12.775714956192719,9.433186754601358,-58.73305667812119,5.8076230871891985,0.7360735795523863,62.80302197971811,31.44489858125538,70.71328170290857,32.16507540340626,29.175854696939684
1973-10-01,-7.280294132135879,58.796565943083365,2.234964153737486,30.493420636150532,-66.34706351838217,-45.959726151404624,43.17693421921939,74.07649830937319,52.16425453025768,80.18078961857846,5.544504298141438,82.01678295906602
1973-11-01,-16.9127857400466,61.893850855290374,-2.8685578676849453,-6.234071447299988,-50.29563523457893,-49.50538481241564,24.339720661746494,73.59153210647438,51.210501950959994,59.8182723648261,32.20205730579023,92.6468905484012
1973-12-01,-32.287942904919305,60.768172960337516,-18.950325010740396,-2.9111681914476106,-64.89009902841876,-58.388887976886075,-16.299234317103657,73.95869821735837,58.859501533293425,67.31622461030696,8.033129332329542,95.67331110839932
1974-01-01,-34.088979168316754,66.59746160650045,-29.10117070703835,-22.3872803248674,-42.24279251378136,-51.49414616041971,-25.219506135476937,80.07828608776036,72.58629969646296,83.84865237283203,0.2582065730280649,96.21586330241881
1974-02-01,-37.726709044329205,61.0677629800085,-41.07064771664637,-16.940070348779873,-41.41515344792743,-73.75004565767806,-15.457628050614272,79.62995348750441,73.28079049981005,74.5571469352012,-15.516725809931508,93.38764978745834
1974-03-01,-22.7173525997196,56.69989959385133,-23.335830388697925,3.6912669487339125,-19.49350438605681,-76.3292050061851,1.880509833607929,76.71326747056534,78.05378321258523,46.00954587479858,-11.170221631146651,93.89312304245416
1974-04-01,-28.627403866090663,51.217500576215706,-23.221787251316666,0.5194103193858295,-37.739628372524336,-70.79310726493657,-11.901906761061584,57.13320391892355,71.51451591687382,53.6130497706231,-11.248794423465158,85.07552769812324
1974-05-01,-32.57328160019513,63.47275182814502,-14.024842399467172,3.5353119976407763,-45.95282427295677,-68.79155081133894,-37.63250251485355,72.76377671518193,84.38126198972054,57.91679344058136,19.859358270878563,82.44256872436269
1974-06-01,-39.698912619558186,52.916331226797425,-19.623763274491036,-32.69109183167089,-51.252401118380895,-69.44713006164976,-25.48017681159837,64.12661424695575,86.43822949352253,34.44045683004413,12.930249588079674,66.64610597538501
1974-07-01,-32.9724666283626,62.52152735107622,-18.344887938156813,-24.362156408616478,-39.43044124315387,-60.1861582953627,-22.53868925652311,73.40336606468534,85.38363438364094,82.98115839698603,-1.2249007818628725,72.06437869193171
1974-08-01,-37.39456036778817,45.74120280847007,-31.57000255754697,-17.880194412855754,-47.233585765610215,-54.26004310328656,-36.028975999641354,39.584055050533365,85.33065939100248,25.616240672684317,17.31870539180576,60.856353536324406
1974-09-01,-52.69727708869952,58.70118784894394,-32.17788642903506,-55.3044100366796,-42.877105233828274,-61.64923207472391,-71.47775166923078,74.30989661060632,82.57621007808679,70.22111624106303,6.033029622943611,60.365686692019935
1974-10-01,-48.00171877519532,48.1419135654059,-41.10903160484766,-42.69484967627782,-21.583180596976078,-62.31915816473208,-72.30237383314294,59.61372808176416,81.3658653623913,77.30783454675769,4.5120388631737,17.910100972942647
1974-11-01,-65.1133225831306,31.475190125169966,-71.13511207380172,-79.88487978890007,-35.44484969904518,-65.76881026027036,-73.33296109363569,58.84142191089031,76.22710794035635,76.84780656056094,-53.46036687729963,-1.0800189086581435
1974-12-01,-59.117503655311474,23.011482048020316,-76.29007267290346,-86.49582889621718,-4.61362012905506,-50.48099996410067,-77.70699661428098,53.12460690162351,70.78680108628673,44.82537130794994,-39.74517549301317,-13.934193562745437
1975-01-01,-58.88662245100947,6.215905333365785,-65.89995209091265,-93.84105840619551,-47.72584384632592,-37.21022667746926,-49.756031234144025,30.501471501614287,64.80546481737903,8.686426487998077,-39.03108386237105,-33.882752277791425
1975-02-01,-46.35986400745498,-2.8447703897110275,-71.7191209290013,-80.282808308669,-34.699427617345826,-22.271886487797303,-22.826076694461445,17.155094442549395,60.14253263878787,-8.362967780465207,-53.51791544065521,-29.640595808771984
1975-03-01,-51.93069333710563,-10.985910961428278,-66.43880288304665,-87.81353258986925,-45.00508061603788,-11.832259859414846,-48.56379073715952,-4.949286928872038,40.323521789257455,-4.540930723136459,-42.23391016255617,-43.52894878183417
1975-04-01,-23.529666697432578,-5.46571919335808,-54.90704772246857,-79.7311467910828,6.941156643118142,22.659988018763496,-12.611283635493173,13.945868390983367,30.645887465662803,8.846985772275023,-53.35450672362132,-27.41283087209027
1975-05-01,-10.295669906227175,-14.559912158969302,-60.945159989676576,-78.67770240347231,10.565819134363242,81.6392061537774,-4.060512426127612,-7.7793361039388165,5.439472147705655,3.9069875334780924,-49.27737167107793,-25.089312701013515
1975-06-01,-13.170485770101658,-5.403570022111952,-45.11928851285233,-58.97043708724444,15.117197349165862,-8.515637483072352,31.63573688349497,9.096990500010119,-4.137489454866538,24.88948211868851,-47.092377400881155,-9.774455873510693
1975-07-01,-8.919800934713043,-7.168402024754146,-40.37913575591684,-48.98818519897396,33.64265288971035,-18.37345885326317,29.499122244878407,22.045728724989562,1.0285598987520541,-16.75255931693122,-41.327481823856495,-0.8362576067246269
1975-08-01,0.4820725102599589,-16.432479610798726,-18.225853494461067,-38.04804377516104,28.45804795178793,1.503816152193374,28.722395716940603,-21.23074007947336,-19.052173482385733,-24.80431028255536,-15.140161299801177,-1.935012909778
1975-09-01,3.625353335638026,-14.979959119358572,-17.749915679801422,-43.351667878504564,53.01017808471352,6.546649367579446,19.67152278420315,-20.259792008335083,-12.76993360562241,-11.922520893061272,-32.54981056795852,2.6022614781844253
1975-10-01,6.41069193758855,-14.509751042964012,-16.607699330356528,-41.315652635450064,44.93568070774234,8.832928529728898,36.2082024162781,-23.839592463760876,-13.74778613185607,-22.516801139143887,-18.724731151234465,6.280155671175243
1975-11-01,13.047677982735385,-2.777938588748145,17.99931655182662,-33.76609689544502,51.95082443870361,14.587666587684422,14.466679230907287,-7.835499044109939,-2.9800448570071487,-37.46245157204361,29.442404257151995,4.94589827226798
1975-12-01,12.169686436973837,-4.207040910152207,47.411246807755795,-28.800071146235528,8.115698703827276,10.386290929597012,23.735266889924635,-21.12231317064673,-2.9686119508142412,-21.828301757061762,25.93011542808426,-1.0460931003225598
1976-01-01,32.11387399780591,-0.4769169435777261,46.098111263999684,-9.339843705249407,78.86537092298782,23.071959693966257,21.87377181332518,-14.641687136099108,-0.6548555074223446,-32.112727949759154,51.413246530522336,-6.388560655130357
1976-02-01,34.65348820208904,-4.08272502181684,57.033612738043196,-7.611403539721691,51.714044034721326,26.020568694987713,46.11061908241464,-23.78765948655285,-13.388841708254242,-26.87962241209582,55.84112698394945,-12.198628486130737
1976-03-01,22.172311512815877,-3.943258088030491,45.82071014065577,-9.199852777623924,56.93631373008278,24.623980535656163,-7.3195940646913895,-19.83783024536709,-11.749171572533541,-17.39989155322306,42.879412000721054,-13.60880906974982
1976-04-01,3.574287858650449,-2.249949457446332,38.035245510553544,-23.246582102474363,-13.993231545845136,-13.341595848464035,30.417603279482236,-18.27408771055103,-9.688244551051234,-19.400439872748247,55.34333252872477,-19.230307681605925
1976-05-01,-4.221887451647766,-2.483253244172114,37.399499252699606,1.2669522766119647,18.220401775064772,-76.36507791849903,-1.631212644116151,-6.948959274304207,-0.979948154554096,-26.770344536331024,37.011528792855394,-14.728543048526637
1976-06-01,1.1487732971501692,-9.099388034914222,25.362916259292955,-27.37174329793131,4.157925411803967,3.420697470257998,0.17407064232723726,-16.656502130579888,-5.245066095069756,-30.963064955251628,22.310535168682105,-14.94284216235194
1976-07-01,0.2137500593699322,-13.557010049021354,21.101458105650263,-31.463138522181794,9.817695158111714,15.928656036140932,-14.315920480871455,-31.274273899076583,-4.363544174897121,-39.76561936968591,33.851521170565455,-26.233133972012617
1976-08-01,3.7082630165720616,-9.496384400414788,16.98266990520622,-26.437050512773734,31.53084993034147,4.711591294940324,-8.24674553485397,-9.625672653955185,9.421472506630977,-35.86032277356429,9.7811854234763,-21.198584504661746
1976-09-01,2.8139236374520173,-12.626844093472164,7.176452713508757,-10.279279932481053,37.71364485838659,-0.032877136210988735,-20.508322315943214,-22.19761908733137,4.817484966337869,-39.94261317488667,16.455340989071395,-22.266814160552055
1976-10-01,-3.5913811401562326,-12.829998574688414,6.808358986903956,-23.499702200578362,14.448141056574402,-13.271549623010554,-2.442153920670603,-15.027011457347442,3.305543278008148,-33.79251185711419,-3.24341904081977,-15.392593796168812
1976-11-01,6.641158541251999,-15.470741768126308,26.253174753532733,-25.79225863453796,37.0237994023544,10.437862035883303,-14.716784850972479,-36.63919596583107,-9.296478311651846,-27.575684044825955,11.449576238431233,-15.291926756753915
1976-12-01,7.625197956939585,-9.790914623899749,13.869480342795795,-23.384817439549312,27.908320123124042,9.019701834440545,10.71330492388686,-24.218262275314423,-6.895982840777883,-17.84054060323236,5.954174015587359,-5.953961415761437
1977-01-01,-4.952965429982096,-15.068858781877688,-7.798434179422959,-0.23776112312385791,-1.2189439691018975,-7.192610538430635,-8.31707733983113,-14.459586373741946,0.01092182805527273,-17.823970346154596,-37.35478597544577,-5.716873042101395
1977-02-01,-1.9455914669952095,4.184825012085065,10.68248402596195,-18.746334334560455,30.47370176345962,-28.8806832665433,-3.257125523293859,6.921405061917079,9.606914732665048,2.14229406346072,-0.755847230530223,3.0093584329127
1977-03-01,19.963975345380398,6.838629010788287,19.84648281364551,1.1146342498993986,42.99056902237112,1.300020834684563,34.5681698063014,9.982649486924613,7.586801649694087,-0.209098858499175,7.153816300441846,9.678976475380066
1977-04-01,13.170862525315385,9.387682797804867,22.470172650583827,4.246598296905417,43.53478214417778,-5.613778973172085,1.2165385080819864,19.279141643265575,9.190797190437433,-4.734628771705194,13.833915131059598,9.369188795966929
1977-05-01,18.639984137190027,4.421265788256126,23.690532776030466,11.755277610320796,24.743221784453503,-2.5052012993799884,35.51608981452535,-6.9816370000351675,5.1144197182428295,2.333226195140113,22.946809095847534,-1.3064890679146808
1977-06-01,8.310855186410965,7.308393905779743,27.728134046292972,-12.591851120801248,42.48075737693309,0.8147649966545311,-16.87752936702452,3.3980600569510195,13.156827095207795,-8.971350488196645,37.10046980425954,-8.142036939322995
1977-07-01,9.983418044249104,2.9543950929798486,17.260063449390376,15.855098538206677,9.06744634358608,0.6845950470018464,7.049886843060543,-8.543482288789567,8.61374661235347,-5.43781304826596,29.080362118585274,-8.940837928983973
1977-08-01,7.192159257332497,-2.936509872290258,13.56311893056289,-6.244923640050383,23.805198420967095,4.750574129612229,0.0868284455706574,-13.124509111895364,0.6037870724955975,-6.239959761787467,12.638599744951096,-8.560467305215152
1977-09-01,2.5248027581840873,-0.6281713120890583,16.135637806441427,14.927622930900291,-25.43198936139935,12.922273453073013,-5.929531038094942,-11.073369592320246,-7.49195277321566,-5.802518112302065,35.78294271760601,-14.555958800213334
1977-10-01,14.047495672859435,0.7789306019383379,20.31535416916926,3.366287252610086,20.559985522259865,26.7213409799685,-0.7254895597105426,-18.994541980861523,-3.944520734817796,-10.029316620393288,49.044358264431274,-12.181325918666976
1977-11-01,6.267177358290249,-1.5250830616414153,1.9635692079827467,4.958483911370385,-6.930586883603067,19.176901294636256,12.167519261064925,-4.122315606703913,-0.8286819257338228,-10.987126142719697,27.100708524819446,-18.78800015786909
1977-12-01,15.909769704486271,-6.686648382874867,1.4983406274543025,30.760201964360352,8.15287049599787,21.15081476081145,17.986620673807387,-11.964799168892242,-3.9553752266306805,-18.886928270771914,26.897925601109662,-25.52406484918916
1978-01-01,10.13990183659285,-1.4588012347917179,-4.686481806951067,15.49121972989691,9.689882734593242,15.048608657094823,15.15627986833034,-8.1477276575278,-5.027332414778939,-7.930852523801016,40.52329188867315,-26.711385466523986
1978-02-01,7.93052682222457,-13.251178208359164,-8.465095209825432,23.17048263897221,-6.046820157308883,44.28808279860371,-13.294015959318756,-27.115009180848748,-19.50027579631875,-16.671072724699666,26.088465019325213,-29.057998359253865
1978-03-01,8.447216382913895,-4.234514325857112,6.8339396249521736,15.518563907909098,-4.204121651314155,23.867568520513945,0.22013151250840582,-12.147830695755225,-5.973898253240676,-19.675290369771226,45.298916669652314,-28.674468980170747
1978-04-01,23.64152879068251,-0.5160061961787911,17.522802291846425,29.612113766232113,16.055245444393435,33.783415093713906,21.234067357226674,-20.928633166131032,-1.7825095245868987,-6.460122807904389,54.12630954364207,-27.53507502591371
1978-05-01,17.753529941046136,-0.3546486508171235,9.309791476650016,28.03062897255806,-14.247995453826887,27.775327734110334,37.89989697573916,2.648785156643884,-0.7973081744564431,-9.572442061613716,28.140603947496267,-22.19288212215561
1978-06-01,21.083150035875573,5.630327539679043,10.229595799423672,31.320313936967665,13.96162381632339,21.734082925139784,28.17013370152336,6.952445025775693,-7.134923262421784,2.1449627843612245,43.991507941069905,-17.802354790389824
1978-07-01,10.769476011551891,4.971276736268925,6.188907686917277,4.644532579806686,-11.181820284731096,21.294789072511342,32.90097100325525,10.930206018184611,-9.517641344347428,2.998262684882346,38.38768673068923,-17.942130408064134
1978-08-01,11.127931637587555,4.163971607075235,13.71328225736897,36.9970395180153,-22.210204591850758,21.815038151191683,5.32450285321258,7.5674531011170725,-6.6346206470083935,-5.8908194361824116,42.69801750836758,-16.920172490917672
1978-09-01,11.628542849516027,9.18254887308525,9.200523746609624,17.58581234700022,5.12821881940511,11.465123996600347,14.76303533796482,23.39644007601392,0.8165171278244694,1.601254588618453,32.97636247140306,-12.877829898433655
1978-10-01,9.696848228519533,14.092806286246585,18.75558023663793,39.02350965269735,-10.729803641919645,5.426095838203577,-3.991140943021549,33.992175035999544,11.834334208084366,2.045251154316477,34.414697142194534,-11.822426109361986
1978-11-01,12.0229208993091,9.503350986310116,22.654800437972693,22.18284090974193,-4.164778755469749,-7.156797696346202,26.59853960064682,20.957221286723424,3.83561396965494,3.341079888877859,35.5348501552953,-16.152010369000948
1978-12-01,8.794963100341281,14.319213731543034,22.024318834357945,20.670249702692363,-2.5636728664906223,0.6655141124696957,3.1784057186770296,22.609454347729077,-6.4065131256242625,15.489268379846344,44.70014940489017,-4.79629034912617
1979-01-01,6.117554320607915,17.66772218110652,30.45265044575507,29.795321353348577,-42.529690524674464,19.656169956898793,-6.7866796282884,29.160073936632614,-10.196785425972674,18.702316242273692,46.08179205653474,4.591214096064234
1979-02-01,8.81989526925783,20.41924981135721,22.273818534163077,26.895661360522766,-21.43958125327316,9.849559787654503,6.520017917221958,44.808695179711385,-12.171921856897956,23.865170850551056,36.76836834636149,8.825936537060082
1979-03-01,3.8063210130717193,22.348872173643578,-0.6964558183991468,35.500870907651404,-5.237187735040131,-0.5779414218387449,-9.957680867014789,39.50262887579369,-6.941002228655889,24.63256177131582,26.141429586214777,28.408742863549485
1979-04-01,-14.337690594110464,18.686344632426533,-29.817003678746286,31.563717316745965,-36.83313985681285,-23.592311266716145,-13.009715485023001,47.4744331964917,11.193147872802795,13.486755182024398,-26.163293793348053,47.44068070416183
1979-05-01,-1.6986312130061194,30.685223474828625,-4.0972172622193685,45.60213551447381,3.001450813198856,-23.377028935881526,-29.62249619460237,50.237595306204994,21.840899797355544,10.902231928241388,9.198024853378275,61.247365488962934
1979-06-01,-16.92630985377634,27.138225008377855,-14.23700341995224,31.146716350857268,-38.708044921822314,-26.195481392671972,-36.637735885292436,41.436620947174795,12.66030969283456,4.495771990297256,1.1983889150426077,75.90003349654005
1979-07-01,-6.29356552365636,32.8042496170994,-5.702264763483663,35.03693631804554,-17.640225506083752,-17.71974660245134,-25.442527064308585,53.12573067149182,4.93395593903985,14.550695667387537,10.615310175096312,80.79555563248148
1979-08-01,-16.719709601564382,39.86614675006118,-19.1393655640662,10.798072656982608,-8.397852725125357,-24.87854295832441,-41.98085941728855,58.34871886477735,16.24054157111357,33.73840037417797,8.159593402611211,82.84347953762583
1979-09-01,-8.949151332888821,43.21826949082625,-13.49035729987705,30.432971378839657,-14.78508222589825,-25.20253382569866,-21.700754691809802,61.60152556887554,20.304436612346908,42.926040258300134,7.60567271986003,83.65367229474863
1979-10-01,-20.579108777901503,34.85468785993605,-13.613123087788118,18.070425209847606,-36.1361707458363,-32.9492510565203,-38.2674242092104,50.02062844783677,17.80871325959969,44.1581527336809,-14.979837252838548,77.26578211140148
1979-11-01,-22.040309393693683,43.16654641055927,-22.902823090232452,31.695389593910882,-51.840300457656284,-28.190503627489623,-38.96330938700093,63.84063839121767,27.404970453781672,50.89112936560056,-0.23579344915713346,73.93178729135361
1979-12-01,-29.486928911157026,46.55360737065454,-23.936469973090304,16.700448886424034,-46.99390020676853,-37.82995859646464,-55.3747646658857,70.8777523151444,48.54052597915109,43.2231052921718,-3.1010028955486564,73.22765616235402
1980-01-01,-17.49792670545413,50.82140299111252,-6.847611955915347,-9.351641035914103,-7.29356326960905,-31.061095456549236,-32.93572180928292,73.3528143468699,55.01385926935471,54.79308572583984,-10.76162830966276,81.70888392316095
1980-02-01,-22.3490593317778,56.074322342371445,-20.849312627305338,5.505883283644555,-37.86389828547891,-53.37181140145726,-5.166157628292026,69.01341427205287,80.2242358663795,52.65325933969294,-7.367769046758068,85.84847128048995
1980-03-01,-44.795595548582455,53.7815098708809,-26.40155174787318,3.9092521778498055,-68.2577216164748,-62.6660863410076,-70.5618702154065,73.24630808768315,79.46291551738489,55.874226045718025,-13.374813985752986,73.69891368937147
1980-04-01,-57.4109211121401,39.91411336769696,-35.33827471662492,-50.19928914957047,-66.67016631255666,-43.91538404986083,-90.9314913320876,57.67523062584051,51.80060651614606,46.48370386591147,2.021358445285435,41.589667385301325
1980-05-01,-64.80454696003379,24.214274967546796,-65.0067656428144,-64.90405497821769,-59.96366050850407,-43.70296807119693,-90.44528559943588,45.916566317901385,55.805758209923574,41.16986547674725,-38.42906761088404,16.608252444045814
1980-06-01,-49.57752746116675,20.48931884625427,-63.11690211376444,-49.07554852936089,-24.840012889773426,-27.7580111350085,-83.09716263792649,46.18565757988586,59.29431415284184,49.97768372370773,-41.45265896158424,-11.55840226357984
1980-07-01,-34.516905765944394,10.096621418339414,-62.898562559129864,-54.09466004181432,-7.147003262029064,-28.711343261972473,-19.732959704776224,-3.18300013818718,67.94946041388928,60.10289600299764,-58.73577967521808,-15.650469511784596
1980-08-01,-13.157395718989164,17.12755404881609,-49.14349279202308,-31.124126945479908,-8.199285993046844,-29.46899185353003,52.14891898913404,18.862318790338147,62.7591585401013,55.7161384953175,-29.77932960072484,-21.920515980951656
1980-09-01,-9.986372814374274,3.5015464111756094,-34.39147386287367,-17.065374439778,-2.2681388105489817,-14.568317245742637,18.361440287071915,8.45883198240405,71.46554811464681,0.5024535066380102,-39.35007592353284,-23.569025624277973
1980-10-01,-0.26412550306099974,18.191190741568153,-37.2346433401265,-25.355792047259413,-5.313006634296906,5.019945405769503,61.56286910060832,29.273295199715093,63.784812288566904,23.238399534552112,-6.114504135708498,-19.22604917928485
1980-11-01,4.923106605923518,12.636528332310991,-14.355515090619273,-25.880320960369453,28.219091512720716,-6.644604834286196,43.27688240217179,16.012461178323612,65.58751339471438,0.11084277943274261,-6.805479085195482,-11.7226966057203
1980-12-01,-11.33827671702288,6.35648377939775,-17.104052927167388,2.2303419864818563,-8.146671092652788,1.8600413283343646,-35.53104288011045,17.8379402586285,45.161088305330225,-0.888256262379027,-18.228970290386613,-12.09938311420434
1981-01-01,-28.347359018001764,5.364320805438561,-36.58870542305297,-41.278368312316466,-7.003885983348145,-33.83338671228481,-23.032448659006437,-10.261983559018029,54.85636278742334,-4.832287765266783,4.127680471807863,-17.068167907753587
1981-02-01,-14.091255410994378,-6.9234416099029215,-37.02570364767208,-14.914621273700543,4.637922616636379,-16.3546999062829,-6.79917484395276,-7.5788167042876236,20.79148895961654,-14.570746462119539,-23.271450212234022,-9.987683630489963
1981-03-01,0.33580226008835296,-13.189687537419221,-16.407829005531042,-23.755378546263337,46.525615181561065,6.078574812105711,-10.761971141430632,-31.25636299570888,0.5115258924158657,5.258398174517416,-23.56889526004016,-16.89310349828034
1981-04-01,17.495918500786168,-2.5007127776340643,8.429758364552471,1.2304283798584474,74.14879684358927,-6.146180732821538,9.816789648752177,-24.483166532089896,31.17440602278055,4.3563538820167755,-6.827880310062122,-16.723276950815627
1981-05-01,14.332536559083072,-0.41648487979462134,46.05524811657416,-39.99864271248165,34.652592833284785,15.311545822519232,15.641938735518831,-18.006764216137928,14.03278445855802,5.196207025151662,15.619122216855324,-18.923773883400184
1981-06-01,-8.202668203619478,-3.8101203251948,46.792248780752274,-25.40238784650672,-59.023966307185326,15.626858732695528,-19.006094377853145,-15.966773908064999,9.176067630389658,-8.783765273424798,14.21909669800398,-17.69522677287784
1981-07-01,0.9367254544581968,3.782345085446913,48.9458941863874,0.9695604620457747,-53.59641704312721,39.304351410778466,-30.939761743793447,35.908497568295225,6.440449913704701,-41.13415757947202,34.82839959156104,-17.131464066854384
1981-08-01,-12.43476906314375,-7.313438776028782,26.412597979482445,-32.39241629956967,-59.7050845343326,31.836726313156756,-28.325668774455693,9.939293948881582,8.22598519177268,-50.86089045067199,9.40180021449061,-13.273382784616794
1981-09-01,-31.783195521792255,-11.4733905275238,-13.22085307488571,-40.5266618423669,-57.46476842835225,2.3071976448857328,-50.01089190824214,19.56473696686249,-14.127601378566348,-31.93202961768593,-20.490068681405628,-10.381989926823591
1981-10-01,-41.920033099425446,-29.324484021832326,-31.271486634804724,-59.19328549343774,-54.26824358285335,-17.627080160852195,-47.24006962517922,-25.38642828544035,-17.273344884835957,-40.80843687192009,-52.496139084010295,-10.658070982954932
1981-11-01,-50.97356865820875,-31.4910394356476,-55.304130777135505,-71.3479902984905,-47.860050348804855,-11.029989034278676,-69.32568283233418,-24.27025882568464,-22.752563143490267,-36.28615517411313,-66.44742391288095,-7.698796122069012
1981-12-01,-42.63512924515573,-40.00192375225814,-56.491672254873784,-68.68910879387198,-28.080967072093582,-31.51010864042246,-28.40378946451686,-39.31304740359796,-29.19389110241392,-36.879325346236435,-75.40782841732045,-19.215526491721924
1982-01-01,-37.68097712418103,-46.15433674326552,-59.85239511783055,-64.83859370957677,-31.72829174647912,3.4075411668904843,-35.39314621390916,-38.41917147736499,-34.98998215431844,-50.606906293625656,-72.63973517249016,-34.1158886185283
1982-02-01,-26.585112594170358,-56.41360077206239,-14.631003006452461,-72.53867184200566,-26.079518022721395,17.353739262005817,-37.03010936167809,-51.33172617105394,-46.977646528160186,-61.987408923457984,-62.74694911820325,-59.024273119436586
1982-03-01,-30.008128633666008,-60.47777736623632,-43.71014908601421,-65.70471006661472,-11.042826211677959,-3.1702456010193623,-26.412712203003785,-57.028940581895284,-38.001208466449654,-74.19781452015243,-74.52286069890883,-58.63806256377535
1982-04-01,-20.78883964808667,-61.28337454048667,-38.976318892419734,-73.69816544393277,-16.2678235289683,51.334884060037865,-26.336774435150417,-50.66484328715531,-47.75087139456205,-74.41995630060697,-74.21707826848112,-59.36412345162788
1982-05-01,-30.570592414143896,-48.64546921266725,-52.98570688414742,-65.72659195215705,2.5342070112090274,1.3820482934278435,-38.056918539051885,-36.371144676865015,-43.71185271641998,-65.13462360702529,-58.24369233378158,-39.76603272924438
1982-06-01,-27.184058189144583,-39.38665532057474,-51.01682585625197,-69.20601185497273,24.32012449800507,-28.712845945721188,-11.304731786782096,-23.05382024281365,-35.57136476428101,-48.46697446336632,-69.87714575550031,-19.963971376912372
1982-07-01,-27.624777335212663,-42.17659310935347,-54.95871708995613,-68.00590743812234,51.24100569196457,-40.36143850221008,-26.038829337739323,-50.0415095160359,-28.64674279988258,-44.214514620244714,-66.91888421038635,-21.061314400217814
1982-08-01,-29.232081261280875,-45.56607407777831,-55.23448798479736,-58.045348828895094,22.312147855625675,-32.348590582936104,-22.844126765401494,-52.109081291320145,-44.19956661287465,-33.027467417414805,-73.43024151113669,-25.064013556145255
1982-09-01,-18.851692825288165,-53.40268527913683,-45.1643944887209,-68.82113360375757,60.6380781402753,-19.330331898988796,-21.580682275248844,-66.09983608939068,-53.9501767930073,-48.94952017527431,-69.88210140156492,-28.13179193644697
1982-10-01,-13.989632835009655,-44.61899866504863,-44.4604211250089,-69.64782258564621,83.50499792912838,-26.496635089782476,-12.848283303739086,-48.580500502820165,-39.9781377160521,-45.01398224688008,-67.16432581538169,-22.358047044109096
1982-11-01,-10.745841391363678,-47.957810920729315,-31.015385504819914,-75.1165116955514,76.31006919347263,-6.248651292446709,-17.658727657472994,-59.46561269337448,-53.089948508638486,-37.71210461769214,-62.98031175585681,-26.54107702808467
1982-12-01,1.6328593910312452,-43.270322942071786,-28.925444013250445,-59.43254141851232,74.11957769383629,13.2038658151258,9.198838877956906,-65.67321260003455,-44.36079702314193,-40.89759842481201,-36.969594253043525,-28.450412409326916
1983-01-01,21.869106987919995,-47.61934865856472,26.66000181220222,-28.03296078106045,74.69432500543616,13.13901321300675,22.885155690015292,-56.51125816914742,-36.82866778316392,-65.20781673673321,-43.05122475378544,-36.49777584999357
1983-02-01,10.641528666687156,-48.31011251344495,-38.45205703007474,-38.80903646974087,68.86669196144577,0.8144546654584951,60.78759020634713,-56.88617644017964,-38.225336029175914,-48.38943130295713,-61.2170852835361,-36.83253351137598
1983-03-01,17.660925216304484,-42.87153077425056,3.872844565861943,-28.541064341199256,43.37752744531632,26.060129019039536,43.535189392503874,-47.12826914531762,-56.17449532145605,-47.04224790991274,-31.345070978807204,-32.66757051575917
1983-04-01,14.0282128850854,-29.780872754595304,17.714226779574126,-27.635560836662055,63.140360093441615,-18.595317615913537,35.51735600498686,-38.74912867677548,-50.03009587629184,-43.45602845918404,-18.62267182373232,1.9535610630071434
1983-05-01,25.814937246262208,-36.94879748763654,27.08658455186226,-22.727291314493954,51.43849233220611,28.6843063435642,44.5925943181724,-51.19589222940794,-67.14952077370164,-35.750486217387845,-22.3387119103553,-8.30937630732998
1983-06-01,31.33966780300027,-39.74617245069969,27.969999520673944,-26.68396412171667,71.35782086664962,41.96366029099186,42.09082245840258,-63.558704186959915,-52.871309207078596,-46.72514314106185,-6.9172040562068755,-28.658501662191227
1983-07-01,43.34485396472868,-35.92460114348347,44.55156991206285,24.024072590054466,28.956812004846018,49.64865568445424,69.54315963222582,-52.95285570189358,-48.14060339703143,-50.44840543875427,0.11606169958151333,-28.197202879319562
1983-08-01,35.33054182435154,-34.55246186627473,56.65218784661762,-15.877214652082138,58.378134781099746,28.423442949019638,49.076158197102835,-45.90265363282718,-40.04146275295487,-42.17734471355623,-17.41240233873838,-27.228445893296993
1983-09-01,35.00133331688785,-22.43335501192879,61.23503036156578,12.088784953908407,-5.916884864481497,60.64360107215337,46.95613506129319,-33.74034602647033,-37.83558269347856,-38.95702079359602,22.890971689655004,-24.524797235754054
1983-10-01,46.86246220769362,-25.225048383941232,67.56305483809983,19.793457649504482,17.880491288287807,75.33709531339775,53.738211949178236,-36.22042244759498,-63.37743410443847,-38.44696091468197,42.601658797734885,-30.682083250725633
1983-11-01,40.636619719308136,-26.20354848856577,64.49043624097112,23.70285598154151,-6.795968363446386,74.40608417397047,47.37969056350397,-22.875849261828524,-54.600457271679595,-48.615241602736,24.840299083170603,-29.766493389755343
1983-12-01,42.92659128014425,-23.91643543580475,68.35036866019486,21.62002550227196,-15.018155244051934,74.33073611257804,65.34998136972834,-15.269672999484737,-61.53403239120331,-40.39800094538643,24.44692771017625,-26.82739855312552
1984-01-01,34.623285094150276,-13.48807414387031,61.285224993003254,29.441052740877023,7.305578999518242,68.05703637299445,7.027532364358434,-11.270008254174273,-65.40845278775902,0.33562333741827177,28.415996848828545,-19.51352986366507
1984-02-01,44.06554135661681,-2.144298365159353,67.9285578602281,27.68106821160858,16.29460785247221,74.69166195625192,33.73181090252325,-6.980239550554533,-36.91888090913908,-9.8435617503055,47.34575401880707,-4.324563634604732
1984-03-01,26.77678556896865,-2.6003237270255863,56.18097555520224,18.172595159022904,-15.236380736935065,68.61385265764353,6.152885209909622,-9.921148513850543,-27.167143943968508,-3.284483602061662,33.55390450439459,-6.182747079641805
1984-04-01,32.862866652976756,-6.016177490228306,48.06409729017294,22.245733866501013,-8.073420747687585,72.7804090800454,29.29751377585199,-20.756849507728546,-20.573664776963135,-12.532123425784224,45.10475548259115,-21.32300522325677
1984-05-01,25.134842398095635,-19.04247182776904,46.31483655112447,35.96415967535565,-21.19256929622973,60.897380368393826,3.6904046918339435,-29.823571916602752,-21.962906816510227,-28.385530628828654,11.678373539064738,-26.71872331596832
1984-06-01,31.025467219729954,-17.59895552607652,40.89170668442342,37.10765310258124,-13.71429792563959,71.30565873172955,19.536615505555154,-22.684704866606555,-41.4846660876673,-28.79044790525275,31.095599178894474,-26.13055794975046
1984-07-01,2.236509914571259,-18.091991367698572,25.76991857977334,9.16964410274143,-31.512544638247324,23.395043535276898,-15.639512006688047,-21.397837711183026,-46.944334505874046,-15.96345905732884,19.104619007693156,-25.258944571800097
1984-08-01,16.209498528110068,-17.80033429416047,18.097138784174867,18.307989132651127,-19.725718437386483,65.76906142403158,-1.4009782629207423,-15.64943517596722,-48.17080095790553,-33.994337971519364,30.07981719303505,-21.2669145584453
1984-09-01,6.8968152202010105,-17.662896149283046,-0.5318707553530642,29.431484075881492,-8.389515397384715,47.657409868523395,-33.683431690662054,-16.905332040680765,-51.98041347339139,-26.44619912925743,22.082437631708256,-15.064973734793888
1984-10-01,2.0953528475987584,-24.109241303628316,1.6014823997613954,17.50535488147201,-24.991844493975044,7.090946503874084,9.27082494686135,-16.352633090341406,-36.56757537119723,-29.04791503085772,-26.503984880022042,-12.074098145723164
1984-11-01,9.528580333014673,-12.503622290550894,7.053225149111809,35.46641262690054,1.1446028460952646,10.636842580004927,-6.658181537039183,-22.449305445881492,-36.66439872215296,-4.584554356971598,14.392439594070739,-13.212292521819153
1984-12-01,5.274085498279003,-12.845771216954233,3.8771712977872177,19.49244424654369,-6.929408728271662,5.840878827429542,4.08934184790623,-23.781765000627562,-9.747558124664145,-23.599638962004974,7.340566127951711,-14.440460125426192
1985-01-01,-3.294026384979319,-22.883713701540607,-16.529573383407055,24.70822034230204,-18.61348788769733,-1.4814031897921174,-4.553887806302132,-31.654253840621934,-7.832544690049531,-37.88403186377191,-18.529467031445126,-18.51827108181453
1985-02-01,-8.928214857677336,-23.12751127774913,-5.4418176841768915,29.883745347856284,-26.113058834775792,-41.9462834299342,-1.0236596873560795,-21.19285880251357,-22.750815187628344,-33.394368615923156,-11.131970648674884,-27.167543134005705
1985-03-01,-7.8525338109456,-12.995078675278936,-7.340377391538086,27.333595514277416,5.31716470802417,-49.769811917807985,-14.803239967683513,-11.957711529511979,-20.73292901045984,-34.27631069149867,5.736106085194597,-3.7445482301187814
1985-04-01,-1.6491825267876066,-23.36420278507061,-13.417716984981007,19.815807796947983,-17.13093715173493,1.1621232066725617,1.3248104991573597,-13.74562889559533,-46.83405709111564,-16.010892364315836,-36.77331805070923,-3.4571175236169966
1985-05-01,11.863623518566236,-6.877396046840748,-11.387425308761292,29.426368146401664,-2.681984655664669,58.11672487218408,-14.155565461328598,-9.41461160607643,-18.784619624422202,-5.223749190737667,-1.3676265263140923,0.4036267133466504
1985-06-01,-15.135934155670947,-10.525991767274766,-14.409403845007562,9.046845702681885,-15.582858537685757,-51.79299813441555,-2.941255963927748,-12.300048848912073,-16.571909187095276,-12.332275856326714,-12.698969993157128,1.2732450491173561
1985-07-01,-0.9201766648238522,-18.906153668115373,-20.763953800911292,18.50070687237487,7.721617067741706,-13.15635687356951,3.0971034102449653,-19.503228634786304,-26.785820904194928,-18.330236975894117,-28.326922090046768,-1.5845597356547705
1985-08-01,-0.3050505529096462,-12.938322635198503,-11.989849493561563,38.808380826080445,19.11822672192886,-45.35265967849162,-2.109351140504348,-26.036225278628635,-6.584930225996688,-18.656601359963513,-5.0768814244867615,-8.336974886916918
1985-09-01,5.8790529079910545,-20.869745559969928,-4.295584502033176,28.512861728563017,23.601301115201533,-34.695839174110475,16.27252537233437,-26.19582718827172,-11.223877937935416,-37.940334181172126,-14.397153685008815,-14.591534807461567
1985-10-01,3.508407516256446,-7.878219998235915,-10.614180146526577,28.838260666453692,0.9475607182484959,-3.5296643301262565,1.9000606732328749,-16.005326282362628,-16.88531019288201,8.065510138730856,5.714462671115954,-20.280436325781746
1985-11-01,3.1233211919842434,-8.565193407822143,-7.721203160225031,32.882108841058965,-18.208192550804007,-21.669546471441194,30.333439301332483,-4.535857018571646,-11.241706558435384,-2.2765060768578818,-18.75911208769682,-6.012785297548979
1985-12-01,4.789329804560546,-1.1562617987918853,5.702517974990513,28.734434022778732,2.4083634250834574,-14.82184285869601,1.9231764586460378,1.8537337935287315,-24.544056032231357,12.727806574247793,0.40080896607566174,3.7803977044197428
1986-01-01,12.899619002880296,-8.17938205335428,6.146572155929815,48.47372776559002,-1.6536556538364968,-10.755340984211076,22.286791730929224,-1.3834591164660284,-17.018480902820063,-18.089839717352337,-12.13922165156295,7.73409112142998
1986-02-01,5.719602562223223,-34.51435022804624,-10.92612988707642,-1.7853015214368904,-8.41424324551733,34.16011723066625,15.563570234480503,-36.24673375182233,-38.47923496364227,-54.808309778873095,-7.050931372198721,-35.986541273694776
1986-03-01,9.573898631724557,-48.08969960609333,-16.37758643190815,20.73834713091794,-11.343218984036852,56.346725704402935,-1.4947742607530956,-48.90334145163174,-26.14801837767753,-63.83517101165819,-18.73961152018139,-82.8223556693178
1986-04-01,5.399308317373617,-47.851840590559206,-7.824568730306121,24.126149826714823,6.626303400369742,0.11353348775900868,3.9551236023306275,-56.32820868998407,-17.620730720022536,-60.18512066206549,-16.273984867973695,-88.85115801275026
1986-05-01,-1.878372639437859,-43.67650211159896,-6.428169140004902,16.770506943970197,-11.184194271236464,-52.588295651528384,44.03828892161026,-43.162500611946435,-33.104943872427086,-43.29583714724207,-22.382643157356817,-76.43658576902237
1986-06-01,4.067197201842457,-34.86734036084521,-10.581148417548532,21.05010655380039,-7.567463781590737,27.197042809521744,-9.762551154970582,-25.762306298988513,-24.66844640094141,-37.24655689329267,-29.31491221084442,-57.34448000015906
1986-07-01,5.534732376639981,-43.39137628333712,9.005066941300397,34.50061207533539,-9.030410692344503,12.009137942792588,-18.810744383883964,-35.53149543878462,-33.76822855560182,-60.33299823202171,-11.601017882959304,-75.72314130731813
1986-08-01,11.096354152482565,-38.98625257179741,-6.921289646330929,34.00217934606019,-26.93879895336393,23.529316715482455,31.810363300565037,-29.84879168972964,-48.189355244069105,-29.211166644386356,-17.43442694273208,-70.24752233806988
1986-09-01,-0.5836673102113276,-29.246317998454703,-1.862012644792179,22.34223100980229,-32.66192168666392,2.230188628779997,7.033178141817179,-23.33694474702436,-22.73709996033347,-10.145935548727184,-27.641194667265882,-62.37041506892263
1986-10-01,-0.09358102221003879,-33.82943207048457,6.081284435980707,23.967288651067374,-11.942395755088041,-14.151359359702736,-4.422723083307498,-40.27805776885308,-12.261391981992094,-37.85402368088659,-9.563351191357407,-69.1903357293337
1986-11-01,3.0102441861442713,-36.36406785610389,2.169838477840055,29.214373972455697,-16.58263278510627,-13.829670335473423,14.079311601005298,-41.909879699988686,-21.389008288250082,-48.33472594110156,-2.0243592160966837,-68.16236613508241
1986-12-01,2.9033170970084927,-46.78283761246684,-0.6855636914193863,46.09255505043105,2.838718943616677,-28.307034258848773,-5.422090558737102,-47.196444402612805,-33.658908380079545,-53.88471407902718,-36.75699263649471,-62.41712856411996
1987-01-01,-1.0364022384537819,-25.466336754252847,-16.745198573262453,32.880679235414064,-35.96501803408407,-17.511593478427745,32.15911965809129,-22.586017798156867,-53.03508122832235,-18.15123511671412,5.231876207037064,-38.79122583510797
1987-02-01,1.1887169641446398,-2.187093343861684,25.106532326996227,30.88093937615574,-15.374798487374832,-20.18685030830831,-14.482238086745628,-0.2927205431068119,-43.1185166264663,25.50005832895418,5.292021351128965,1.6836907701815478
1987-03-01,4.355334771435776,17.8186498541043,18.847349446796485,26.224266262426017,-22.13442268393615,-43.34640412299652,42.18588495488905,32.70286395707759,-39.107084438506526,53.51114178256059,1.7632635618804158,40.223064407509426
1987-04-01,-9.661016081243428,33.38263079510543,23.533653273798937,46.730201194992496,-37.0989055982518,-89.69421656430093,8.224187287544153,46.328269846876594,-10.344369889815734,59.45438440483208,15.460641713953233,56.01422789968096
1987-05-01,12.515844175948418,19.60834148629164,19.820011354573094,31.979055853993966,-34.793267460279,3.783834599856413,41.789586531597614,31.584136044952317,-12.326490450656115,31.36245864690295,20.79216526266774,26.629437927591294
1987-06-01,3.0027532913754955,11.198344602033554,29.652537505153187,38.47222504531598,-29.594297357033906,-35.38106723093975,11.864368494381965,16.215517380694727,-20.07979531137637,27.843720516581733,7.241814778275296,24.770465645992385
1987-07-01,8.111179678580578,26.705811557364786,20.526541244321315,36.6306242487288,-27.434897246222455,-27.34117810593062,38.174808252005846,28.35499750341696,-13.087650201103413,57.326060566221415,8.827275527237992,52.10837439105097
1987-08-01,8.693867558473226,32.536971628433896,34.033547020816926,38.325379823202546,-21.469159021647886,-25.425487477831783,18.00505744782633,43.72728846357495,-5.336188514544617,35.932120945538834,25.611512432124794,62.750124815475495
1987-09-01,7.025478664962392,26.079514515147274,24.17885466295372,38.75684612335198,-18.210555443594902,-28.38871703488871,18.790965016989865,40.795571511230335,-5.147113887752978,43.70247276695683,8.210114175318521,42.83652800998368
1987-10-01,13.799033172813148,24.709748315936153,38.43626804541593,22.390157394319456,-25.654142527018486,-6.230514012549014,40.05339696389786,42.662025317703595,0.565596624753233,14.213093990763037,19.718663239057037,46.389362407403866
1987-11-01,7.572080913962955,23.999242973529796,29.135101723002304,42.681933315539325,-16.11234811517423,-2.6535298828644494,-15.190752470688182,37.386229190234545,-6.69585327861074,29.547553839336242,11.26523444129829,48.493050675390634
1987-12-01,8.096828833014559,26.569933174047936,19.073088368208758,38.35421506279542,-53.88787930366169,17.369845735888514,19.57487430184179,29.305848989882044,2.687563525016708,10.98642362615807,54.94992107033357,34.91990865884928
1988-01-01,7.126071071223521,7.296101190231451,27.42989952959411,33.950386007014394,-29.9164553554638,6.356531358777271,-2.1900061838043734,4.979481993676562,22.902824033012323,16.97328752413616,-11.599400292585054,3.2243126929172625
1988-02-01,3.14287427300223,4.492231503842865,4.218183810902326,30.909716105599756,-7.879668733749898,10.454244446772416,-21.98810426451345,7.199830475671192,10.758776860478534,3.6159270245652353,7.315970402401842,-6.429347243902475
1988-03-01,10.146466376846627,6.514794029262562,15.539704617490651,29.17881852988281,-4.2634779540723935,16.184657337432895,-5.907370646500832,8.420258722263398,25.349624525009105,9.647452063216488,-5.588454955501893,-5.254910208674291
1988-04-01,26.14641724384912,15.493169307010092,11.987729586526488,55.014834110649424,-8.453731946186256,83.51706855671289,-11.333814088456958,10.864991437249587,22.51901516739728,5.328307636122237,35.343196729123086,3.41033556515827
1988-05-01,-0.3784622054065327,13.839238514797907,-5.083866650862731,20.749203866804873,7.527000889048027,-19.477835477072638,-5.606813654950196,11.139063348708502,26.791224321117767,15.665814000429112,6.633410502539775,8.966680401194376
1988-06-01,24.684636642480392,19.831730488386917,-2.70944294930243,51.16101817256564,3.5695712833977455,28.873932549398372,42.52810415634264,16.287910862194117,38.81955020291121,16.45217000812055,30.107417834306325,-2.508396465597632
1988-07-01,7.245026784655688,26.030221798981387,-15.036037879537853,36.36188100721383,-4.305031541352745,15.335529013637291,3.868793323317917,18.997778803738193,47.004686048146354,29.21728201730829,32.439838793027235,2.491523332686851
1988-08-01,6.9930339277208855,8.35031343831235,-9.097940587981697,18.273118317926173,3.66122331846836,17.7188363903916,4.409932199799993,9.551059281980143,29.616489667251166,30.137360960090547,-23.13022053607986,-4.423122181680238
1988-09-01,7.807823667432079,24.486492491203755,-23.110285537817806,48.71088992385003,-5.2803233524284146,21.058652715122356,-2.3398154115657737,24.794386090241264,49.858129763309975,30.941599823988813,16.191325080430232,0.6470216980485103
1988-10-01,8.94227142415454,21.029937987557766,-30.55838404427613,35.954645950270496,34.77829841296437,14.771655840167252,-10.234859038353278,17.985792566415697,34.508139009998686,36.99490300581839,9.665588176977959,5.995267178578083
1988-11-01,11.494994033000106,16.950192419316565,-22.63728051701538,49.2620685219137,17.886836005034308,5.46128829841061,7.502057856657296,19.390751689603057,45.29265054144862,40.66768790439219,-23.972767326267473,3.3726392874064475
1988-12-01,15.6556252906047,20.145844996986206,-18.982945695978678,39.34364819331711,49.14264956838764,-4.097978655329796,12.872753042627243,30.748471716337434,51.58684999605248,55.22510972203298,-47.26231048661841,10.431104037126538
1989-01-01,14.787411244609311,38.90044674933993,-5.94480466442607,26.44726520925168,56.20056436274925,2.588643372004293,-5.354612056532599,42.6885935029599,47.769322367422404,59.6596730171838,24.2165681815863,20.168076677547255
1989-02-01,-3.3722208936786635,29.31459643146868,-32.6463670515947,53.19423185655299,-30.31986924885386,-7.289088474695291,0.19998845019754402,40.8120235148792,49.21063128247728,68.26850142825346,-34.375705120557285,22.65753105229076
1989-03-01,-15.697047950322323,31.03402336108544,-17.76293908418939,58.86045608984239,-63.572174532154314,-1.675996949365968,-54.33458527574433,48.01865691691775,28.12550842326742,61.16790392755145,-11.678606498031183,29.53665403572178
1989-04-01,-9.576235367694014,28.114622180053754,-33.349883170924045,24.566056371694525,10.806514939534907,-23.503272715979364,-26.400592262796092,45.60176312923357,15.032439244835427,59.31830256662871,-37.83389651744019,58.45450247701126
1989-05-01,-17.78946898631379,26.058350694878676,-31.70583136343192,34.965230067338204,-9.7469338958679,-30.155708034650893,-52.30410170495644,55.999657282916814,17.9374248422631,66.32790385393578,-59.45835349737217,49.48512099264985
1989-06-01,-28.636256412928088,14.033507619972733,-31.288737423866753,16.758713877285967,-27.221699753960056,-27.74395539112673,-73.68560337297286,35.39163813190271,-1.635364527356621,54.14033922264,-54.95333932763384,37.22426460031142
1989-07-01,-24.64275178428892,4.36547604798234,-50.31830123199417,38.99903326445504,-24.254498214205743,-26.66323196842232,-60.97676077127739,27.88794850806035,-10.47467672077604,22.955891138978885,-46.240166782746726,27.698384096395234
1989-08-01,-19.878609387041323,-7.04043556135404,-26.726979985234934,29.660685071559122,-16.021015569532153,-24.309225755550436,-61.99651069644821,11.518153771181593,-15.841190820870876,11.526007674602631,-49.39214853540234,6.987000103718794
1989-09-01,-20.134133254263816,-9.514065340514172,-31.168671247128387,17.633329846028392,-15.60724995956745,-20.214263598963633,-51.313811311688006,-4.570930058895019,-33.563683271146935,29.24921973094023,-49.703563109111435,11.018630005642299
1989-10-01,-16.4185917960383,2.3883595209261657,-39.911289908546614,22.695390303088285,-21.273645374136972,-20.66889309975154,-22.93452090084466,20.881256249995037,-19.400569972953512,38.99821182549852,-48.994010704270536,20.45691020636132
1989-11-01,-19.394369536344545,1.3699802013828404,-32.97240792264302,8.041321544195554,-22.43778734416667,-16.706644462834376,-32.8963294962742,27.74410561047789,-17.605163795985863,22.606677217100046,-41.12744093060303,15.23172290592516
1989-12-01,-10.919294237881093,1.2539021451724977,-29.1841168633745,17.47935238045688,4.984640489049715,-29.065018126216337,-18.811329069321232,18.37171454113377,-19.15300077931659,34.95247465217758,-46.86878184863621,18.967104160503943
1990-01-01,-2.22081474095773,14.886467052969703,-49.22451532807736,16.35470346073887,77.08613240625117,-18.376660310803903,-36.94373393289743,52.389918768230814,-31.722678222757356,52.8984611013781,-49.23075950325268,50.09739312124963
1990-02-01,-1.3998594736415986,21.15146648120654,4.807634142655072,31.109889938189355,-25.920387905248493,-21.434861551515244,4.438428007711314,40.384265502679334,15.348633205730646,18.814154707635314,9.968420881678137,21.24185810830927
1990-03-01,2.182555833931821,16.844855601422722,-11.898984313588553,35.58555297119377,31.25929464124123,-31.147856615277792,-12.885227513909548,33.221383594975066,26.155540680977296,12.475544730469739,-2.9441999743364864,15.316008975027993
1990-04-01,-13.059324216027292,-2.3171009143909287,-16.334042693688353,-0.019553970659327825,-61.36325439294278,6.778470492632314,5.641759484521688,1.4335596279163663,11.152180973884583,-9.859259184446351,13.290874761748398,-27.60286075105764
1990-05-01,-8.825098782180351,0.43829465264192036,9.99360460233473,14.812116629541377,-52.93588301716788,8.87715004480568,-24.872482170415662,-2.8460367112734573,12.56001459550418,-14.557197238300743,25.18692302661917,-18.152230409339545
1990-06-01,0.3554358622803299,14.587638410469367,3.387552652907872,37.7846642682559,-29.809626569303926,4.6824975123526045,-14.267908552810802,23.87377754484814,28.516636339808294,-2.2964618112605266,24.603407427096702,-1.759167448145775
1990-07-01,-16.354284543166898,13.117255791835907,23.78718132188823,-16.017161598561525,-30.266046724399253,3.7248411348070025,-63.00023684956895,23.515513484646196,18.691400632688417,16.8912578305268,8.486216256767287,-1.9981092454491662
1990-08-01,-30.39748331511305,43.51259191547597,-11.90777375419822,-18.305640465597868,-40.50677640414542,-24.863655361736807,-56.40357058988694,60.95675064984699,56.19230568567587,53.914681763813554,-0.86528760834505,47.36450908638852
1990-09-01,-32.73786146883033,45.44350242975691,9.647261297268107,-32.90065831574304,-55.856184838941545,-27.23976578660275,-57.33995970013244,65.13445401645174,36.64040902738096,53.15635047038916,7.383759096686791,64.9025395378759
1990-10-01,-43.18261613864455,28.50501823002337,-17.195837454420165,-13.569119804690061,-66.1957579091967,-56.828270745942625,-62.12409477897318,56.21761965212166,33.15570778442902,53.19839696934292,-69.10622738293479,69.05959412715802
1990-11-01,-53.22864867646907,26.173696852978537,-51.21461892980115,-46.55873867426174,-52.04960714098776,-47.02420536915854,-69.29607326813618,48.83035650970878,7.171919917923825,54.14821672044287,-40.57292128988668,61.29091240670391
1990-12-01,-54.41968927380608,11.660273657898593,-61.8397403015703,-35.84422846542811,-72.58426364710796,-32.05077050718183,-69.77944344774218,34.39114528739764,-5.429590799381902,12.113403032227781,-31.58358774079671,48.80999851004615
1991-01-01,-56.78985216432759,-11.148722951382911,-42.27290245152356,-41.00286374413324,-84.61266200388168,-52.38378508481403,-63.67704753728541,16.89537786670144,22.066032429437435,-19.91899496973413,-69.00373465007621,-5.782295433243091
1991-02-01,-50.194266430278205,-22.833981871999736,-70.56591089497782,-53.871368285501866,-29.847413763592407,-45.133413195646504,-51.553226011672436,3.6103521392958617,-19.42749840691147,-17.274721728112635,-78.99692772679698,-2.081113637473467
1991-03-01,-43.807985270499564,-30.88121471811802,-68.91494172418716,-60.38952072461502,-20.06164413823791,-41.795589866528246,-27.878229898929487,-9.381524056954708,-39.6388386964308,-15.378869727619895,-78.042555587638,-11.964285521946703
1991-04-01,-26.16050384701136,-23.841958493586304,-49.53611673620216,-36.904494193820916,6.4679081994360645,-45.13616866909634,-5.69364783537343,2.4245372119990938,-36.76542954503194,-2.350715496100453,-78.24689767308426,-4.271286965713948
1991-05-01,-18.240243417378878,-10.578505858935907,-36.39320065882517,-61.2909509767404,36.84652230403439,-38.54983010343088,8.18624234806768,9.47148686560046,-13.592058043249128,0.5381180894389935,-59.011755049634,9.701678843164139
1991-06-01,-7.856716805406071,-21.62521694936368,-27.390203063582153,-47.60221760420592,1.1513956811399282,-28.883464904583146,63.44090586420093,-10.198582747249924,-40.28809716920104,-1.6376792375082754,-49.1700032153644,-6.831722377494753
1991-07-01,-14.305102832525435,-27.37922741703025,-22.752420640330055,-37.326412175013914,19.22550898609404,-42.78356077035245,12.111370436975205,-19.877690334458666,-18.799527510307833,-22.303540350640247,-72.50328641773365,-3.412092472010861
1991-08-01,-8.792173181365037,-41.46881581573798,-35.63368030568246,-51.06395668722378,3.979029997921088,-14.055560323536717,52.81330141169669,-45.679128763741446,-44.54965292034486,-40.1680323402617,-38.94676737178829,-38.00049768255363
1991-09-01,2.4900299864959963,-45.85278296235086,-10.433462923843303,-44.223002760016726,45.500943434352095,-14.003093794268997,35.60876597625691,-48.93804073774547,-23.9848889437959,-58.63286809520859,-47.71046861954355,-49.99764841546079
1991-10-01,3.182782529389313,-52.49341220544515,-8.424740470789196,-55.6966505830158,52.59957115252607,13.006361908554451,14.429370639671044,-61.29037864586833,-44.416040153551926,-64.50822632328072,-30.77003965141108,-61.482376253113735
1991-11-01,-1.023092158416946,-41.11088754128424,16.026917973396777,-47.735008834269614,38.01079898076014,4.7327651693042085,-16.150934081276244,-44.84462191814188,-23.1188505029116,-63.30197688719292,-24.515542902455785,-49.77344549571902
1991-12-01,-2.7561656019786076,-34.61721890884672,3.363480419778475,-72.32811958622295,76.97276038254998,12.109290560223538,-33.89823978622207,-43.202933984476914,-12.967911396675651,-49.440874099804766,-20.941390072356498,-46.5329849909198
1992-01-01,7.372021091851818,-43.18601172482714,-6.317654160665079,-55.79337126790394,81.08133966422731,38.853497667011155,-20.96370644341036,-67.22449838755337,-51.047919379944986,-59.79101005603881,4.4314606146540685,-42.29809141525263
1992-02-01,23.515484571668715,-21.39180530785269,32.80254579976053,-63.30331160807723,67.30876957405975,33.76201103751904,47.00740805508147,-49.406061037108344,-37.79152858309593,-27.61016286492868,32.01073751719456,-24.162011571325053
1992-03-01,21.625231187898237,-16.553486134819963,46.57953036177433,-52.623239258188,28.660731635856468,27.794055063217392,57.71507813683099,-30.79752458361754,-35.594085310416936,-24.6080030343407,14.928497360461465,-6.696315106186107
1992-04-01,11.389374372279793,-15.114575049839544,40.437143923576016,-50.07493587292791,29.55378707920045,20.784771739147452,16.246104992402945,-35.605014058696646,-13.91864827340984,-26.896901392419526,6.814878142344037,-5.967189667015754
1992-05-01,4.8138926938651085,-25.14154779628452,12.056249961141194,-64.75114726560014,5.083370801367365,34.037930771044564,37.64305920137256,-46.006422267680655,-59.09232515716022,-25.085379179371703,10.53277092324675,-6.056383300456769
1992-06-01,-0.8849501080443225,-22.45403635720537,-3.9652557150424657,-68.33886988879043,25.10515348077544,24.431043939565463,18.34317764327037,-34.69332086910543,-59.59899783206931,-9.855950443586751,-18.15815280726765,10.036240166002283
1992-07-01,11.246896139401393,-12.795607368616631,23.94223466010019,-46.532677480718675,26.43183827068495,28.599243554055022,23.79384169288548,-29.546914342334556,-44.70839355799268,-12.630117782480852,11.746158989555212,11.161229850169725
1992-08-01,7.749072210252583,-21.71847451077809,-0.7219560438484995,-36.73346981107795,30.639146957460678,27.92505569544717,17.63658425328152,-35.7229370249274,-64.93011766347968,-19.052336247741167,9.728005576302929,1.3850128059548605
1992-09-01,-10.083524626037265,-33.26599601999063,-2.714002434243108,-37.52907909518258,28.345478970689165,1.2063205940731694,-39.726341165522975,-38.190905555952014,-73.25398715507423,-17.46253867680638,-38.09225869367765,0.6697099815571049
1992-10-01,7.85557824844341,-23.359107974220773,24.490106448128223,-0.5726890921117745,25.944284256832955,-16.744177533386342,6.160367162753994,-21.377158594789293,-43.4034869545937,-10.776832062958047,-45.26794152237383,4.029879263611001
1992-11-01,8.55344698368425,-27.70654181714834,29.081353421693716,-35.18446353833545,22.762681123124374,-9.026702066367413,35.13436597830603,-39.79460791968361,-45.9305265820231,-28.257124491886508,-27.037029839573833,2.4865797474253095
1992-12-01,27.359839533391096,-3.943366089859387,40.61765122920627,-25.516020668668226,14.111907447599407,64.57828461693346,43.00737504188456,-37.79207461688402,-48.63090225628691,-16.481704328658505,87.9106438194131,-4.722793066880585
1993-01-01,10.486322920648764,-22.811478565436452,55.002460968445774,-17.468070566017516,12.8198988502543,-47.32065305837773,49.39797840893899,-8.902392453712844,-42.241785415364994,-7.041051272457084,-64.91052869746021,9.038365011812859
1993-02-01,6.244099107731759,-22.266829555431627,36.16444812602411,2.441492795468998,-12.979722894152825,-10.32091293427118,15.915190445589694,-28.177728641077316,-51.54542252604436,-12.380080692407148,-21.077039306961794,1.8461233893324795
1993-03-01,-2.8273473178076247,-26.312241337387302,15.555683012879198,0.013669974181147536,-9.539398200870506,-32.69231726390022,12.525625888672257,-29.253139171568726,-46.86156740597924,-9.972587932360469,-52.055326076938655,6.581413899910599
1993-04-01,-6.375034901318694,-12.977466102307876,11.146935678650319,-20.427671271912093,14.862570214866416,-10.717721254892787,-26.739287873305322,-22.019378466508403,-47.13470704121896,3.60914239599947,-2.1965678123287944,2.8541804125173136
1993-05-01,-6.816646705795863,-18.374307985571622,-2.7010083181656643,-15.810806224386765,10.854782405780327,-35.70329051185849,9.277089119651281,-24.513467869674912,-13.464436848704658,-19.264345589862025,-20.799347767849508,-13.829941851767
1993-06-01,-8.79828543246549,-31.360000909923166,13.034901391720666,-4.275830129193641,17.090150783193288,-43.67339342360155,-26.16725578444622,-36.036320397774155,-24.648602648771075,-39.16823683369155,-35.08474335766836,-21.862101311710706
1993-07-01,-0.5321424587930949,-31.028322832207785,-5.704583356309183,2.5389368227319533,16.055165602708403,-24.492217831805895,8.941986468709247,-42.003669268588325,-45.65303773973351,-29.432301792226117,-13.340894627877528,-24.711710732613444
1993-08-01,7.7067757243722905,-29.714153764190122,18.30898520988713,7.41402330406844,34.20975476892719,-33.630941323982775,12.23205666296147,-35.53775987400523,-21.972427536520808,-51.419008591913794,-18.53482780058117,-21.1067450179296
1993-09-01,3.6422809561761964,-29.039575000917033,17.95350847135602,11.032594592135583,20.56638905622971,-19.7229984273204,-11.61808891151993,-39.472586166241044,-31.415639789719595,-39.936400598390435,-10.005746047724323,-24.3675024025098
1993-10-01,12.898056972738013,-25.97739358510451,20.72027593106751,-11.907546595504169,27.693927021643596,-17.064223154604118,45.04785166108724,-27.253316216585898,-53.85535585162366,-45.21246522199164,3.3564275717234517,-6.92225820704483
1993-11-01,22.429101108624522,-29.24689495517139,21.46710357818475,21.03245875649026,44.105056765141875,-12.312577781511616,37.853464224817344,-35.971748809319884,-34.021146446819664,-30.867071741335238,-17.56025556856801,-27.81425220981415
1993-12-01,24.929636189046146,-35.127560739646306,31.838366529610013,15.78033686638626,43.949660812457154,-17.967544011237806,51.0473607480151,-30.58348666389021,-53.658297186840244,-37.408920887172094,-27.172471685593973,-26.81462727473501
1994-01-01,18.53241316108273,-30.26031182348159,24.122471294573742,-3.1506894637987344,24.9517644963433,-2.2657384221218093,49.00425790041714,-42.123480085511055,-62.52090308661208,-32.2033901670752,16.368682604215465,-30.82246838242507
1994-02-01,7.733969040390326,-28.042849366544534,13.208059417913079,2.093891733161185,5.838000322972312,-18.691441569328003,36.22133529723306,-33.57443850451617,-46.32819756831272,-31.384052230218824,-19.56399948091748,-9.363559048757438
1994-03-01,34.689933356745186,-17.577454887028033,48.27432454244178,14.298936946490551,55.175073922618346,14.658150457039746,41.043180915135544,-32.41471302069656,-28.480158446203546,-31.657107502715164,22.95347412954978,-18.28876959507465
1994-04-01,23.389253446678186,-28.12271144330227,42.04787376561397,21.263270569675395,35.96976676617192,-18.315770210585782,35.98112634251541,-35.54166613798545,-51.391919432567725,-45.25824152953888,9.942562986863907,-18.36429310328321
1994-05-01,43.54482226806037,-26.399294910903855,59.80986025933765,48.686938227636,37.94482788526514,43.648729331071934,27.633755636991133,-36.78311227363127,-53.44717306396196,-35.75337759290687,14.848185258967078,-20.86099688298624
1994-06-01,34.99743019128393,-11.59830575159563,56.95952844021374,26.983402696373826,16.816193041744295,23.442377575658483,50.785649202429326,-19.210448449611935,-29.837089389091197,-19.313788688573602,22.15325440620523,-11.783456636906656
1994-07-01,26.040330537824172,-5.63938144241672,46.775637391359474,26.49474239692582,3.1877663815766994,19.44063217098687,34.302874348271985,-4.193727929243859,-35.80504822301344,-7.269076356979378,15.553385687130389,3.5175596100226887
1994-08-01,28.48230382519343,0.787174229864474,60.78805860766289,33.97203849177089,4.337772779831886,15.342895954704511,27.970753291996964,-6.281833046859221,-41.64921420387796,29.77357310350412,2.3765683074029558,19.716776989152475
1994-09-01,31.267743937444596,-0.1318080828440646,41.849546181427336,38.81542139702845,9.474609692640492,41.72261061025873,24.47653180586799,-3.725539842865677,-36.10162110657231,-5.611109438570896,36.28115669555625,8.498073278232317
1994-10-01,36.94716093329778,-5.875998945073976,46.332105902351074,43.6426241612223,-3.5138721650855325,71.6588607461915,26.616086021809586,-36.10916328036562,-25.269086706482348,-15.972243418759518,63.65325162386056,-15.682752943622946
1994-11-01,27.61480404147963,-0.3426822830763749,45.16644532917118,56.17523180887404,-26.373029021226767,49.257430163289634,13.84794192729007,-15.370196352007559,-38.35857408576994,-1.6728188618773292,46.70106477991958,6.987113104353379
1994-12-01,6.06184628982134,-23.504994769975415,52.74117697786048,53.23502542422671,-23.992372044870674,-49.38129838679261,-2.293300521317211,-20.233259170324686,-32.29961248882861,8.420446609068593,-76.50709831251218,3.094549512719802
1995-01-01,22.666395855993432,11.543354320895261,39.75538616826612,35.22729700232428,-28.11773761141832,55.155086568677405,11.31194715211766,-8.16198440222835,-7.100424100069025,5.113358088773921,55.97879728555688,11.887024732442885
1995-02-01,21.231298498480562,-0.9114233875628465,37.502534928502826,58.57731158858211,-0.8950365249415327,26.63986744677565,-15.66818494651626,-4.979321694285321,-27.13831079877078,4.069825489150865,27.65555485511489,-4.164864789023881
1995-03-01,4.096045279122623,-0.7172472480978389,7.602010405502776,46.07344381814293,-30.771636819430743,35.755885399442796,-38.179476408044636,-8.19204446622304,-34.17326839531894,5.514589605695648,36.96999990201386,-3.705512886656722
1995-04-01,-8.990617060090505,2.4766414571993467,-1.4368407580939035,-0.3826445054265006,-22.33416971226178,1.8005432934010441,-22.599973618071388,5.962360264793731,-15.997837262580028,15.405658349966473,5.347733214493091,1.6652927193234677
1995-05-01,-5.085240705690955,0.16582784371784384,12.010031220596156,47.07393578835359,-21.93081441191686,5.598904135744416,-68.17826026123208,4.2760747372526176,-29.972545221440335,14.83678783883638,-2.9077795564809223,14.596601420421479
1995-06-01,1.075975783418997,-4.290035189501902,1.4967563992200428,34.19995088486273,-2.686834874166095,22.40530086283707,-50.03529435565876,-14.093961086488518,-41.70669236272563,5.636014795611663,18.807841332471135,9.906621373621844
1995-07-01,13.34799273363372,-13.384305583666002,-6.842483776653779,28.527631714367974,8.387733872553596,23.359089253939004,13.307992603961807,-22.157323694576668,-38.443351845085935,-5.1963520646559935,12.90583041684753,-14.03033073085895
1995-08-01,4.285227464853762,-14.445998619349051,21.473830522445265,31.354989656906472,-1.1284694045144152,20.053610244820163,-50.32782369538867,-30.087553393670575,-11.52471968881517,-18.871418255140345,17.345388502203633,-29.091690261322817
1995-09-01,11.703619972286527,-10.422068620100633,15.129252050382863,41.814210092486945,-1.3017649936837639,14.687945960508216,-11.81154324826163,-27.61668150264251,-24.122107037144605,15.208098028908568,13.582277322781922,-29.161929912406535
1995-10-01,-5.511783382108181,-0.5626064834422092,-12.495562303723231,47.26989410557638,-5.559272645631941,-16.240938910329287,-40.53303715643282,5.800767357447719,-18.364896200737075,27.484536340400673,-1.5347552341680049,-16.198684680154358
1995-11-01,2.314903896860166,-14.282142080524869,-15.304845598051667,27.728704556627413,17.338682335242126,5.183451531551462,-23.3714733410685,-24.815074957079016,-41.328651574151095,14.605179829878786,15.72125539822998,-35.593419099502995
1995-12-01,-12.269030548276817,-2.1295236734163123,-27.167129071988462,32.679200887872746,-6.198840403478243,-13.042890387784178,-47.61549376600595,-23.352416935706596,-11.441911874848374,31.567731412215284,1.952394337793558,-9.373415306535431
1996-01-01,-11.127001758336155,-4.76140796858544,-37.04092404257706,29.335502167602773,16.783544229491103,-13.047406020557917,-51.665725125639675,-3.4875007337463377,-44.55879292843591,20.533927438767627,-11.98597940803667,15.691305788524096
1996-02-01,13.053965550890535,-1.2533949437680776,23.445466351234582,42.30995086402943,26.268183406576252,9.938639562915881,-36.69241243030348,-11.317101846127615,-34.32334935412727,11.338412896402165,13.1052230575074,14.929840527504922
1996-03-01,8.93143963038233,10.530790130963847,-11.22993521513402,33.59799919058538,35.643978367591444,4.959248179116888,-18.31409237024804,2.7041688234982186,-36.37777666913939,36.028625883366644,10.865540792704914,39.43339182438884
1996-04-01,19.10050275959012,12.48603966736412,38.683603168556,19.093570729461636,23.691907001946827,11.351955148901984,2.6814777490841513,8.451108279016378,-46.74906120784859,28.565934006234965,6.183090524435391,65.97912673498246
1996-05-01,13.095910266231229,17.493498994421422,20.283516128214423,24.006790823488465,16.044802389813945,17.415087845513185,-12.270645855873866,6.617808203499089,-35.73435741343829,31.948675685095452,27.53905029385088,57.09631820309998
1996-06-01,32.228292529993816,11.045031565862018,35.755515203305364,58.23465048905314,-8.662344406997716,26.345017614216843,49.46862375039146,-6.214474232296344,-36.94543548640558,50.56546250206569,32.21725931707987,15.602345728866455
1996-07-01,0.624402345069953,18.147030270165494,36.60927550598243,11.983991316195729,-12.919406530327912,1.5219314312581984,-34.07377999775868,30.300158504791437,-27.030075242873963,35.45630592233126,15.409884238521723,36.59887792805702
1996-08-01,12.933652520631691,12.435535258498366,3.4963188275898416,68.31156192210067,-35.4079979887093,15.455072377150103,12.813307465027139,4.251736247720022,-54.742406269100705,56.03615160480383,29.86221544429827,26.76997926477041
1996-09-01,1.76119060181842,30.264796163447414,21.756748005978423,27.933239678739135,-43.5837164426496,6.165749536884822,-3.4660677698606763,30.435855772365144,-7.406067486694827,48.324608072177604,31.309476398376322,48.660108061012835
1996-10-01,2.398022937103108,21.99326913279929,23.135574433789156,38.11928937665458,-40.79022433440255,3.3544699119798356,-11.828994702505478,20.036981975844007,-27.88096479206461,49.093255328388935,20.557389296879734,48.15968385494838
1996-11-01,9.030545118525584,40.68412869855236,43.45182555818394,4.0689703462829625,-29.623195428124728,3.230538893066468,24.02458622321927,66.13862541472687,-8.046543009644722,39.667475374817066,32.58442926763883,73.07665644522373
1996-12-01,17.742436597469556,29.591250989401523,43.73326051630977,19.636977285322565,-33.36263868000216,11.77606714205568,46.928516723661936,50.39959811246937,-38.06757221325414,25.770924564750402,42.953877694495915,66.89942678854605
1997-01-01,16.840383998133078,16.14484176398779,61.581125676944104,30.777225965657312,-20.915731868885608,16.11419552387042,-3.35489530692085,-3.7101115400246187,-28.02617352710341,9.552678200382028,48.329855040100306,54.57796064658466
1997-02-01,14.273132277560928,16.1783842431101,40.45193639153538,37.8754326436735,-13.112919795861568,-8.112311322010978,14.263523470468318,10.665950093132764,-13.78054853061966,-4.343823416716023,35.852772977585914,52.49757009216749
1997-03-01,18.34727510678757,-10.128568397914517,67.01883999588608,29.416497915230426,-25.392736192970517,5.195942030065892,15.497831785725985,-32.40245062577676,-17.121447710942466,-35.53267235131241,41.04991855294052,-6.6361898544814695
1997-04-01,10.460090379085232,-30.868378520088537,19.057229162960574,39.19462577497819,-35.53662253052945,31.898105695130553,-2.3128862071137166,-62.575794562303734,-4.154511429343016,-58.57644501542718,35.372345673781595,-64.40748726715034
1997-05-01,17.397186917127044,-42.17877766153792,27.96880348390681,51.945062784338106,-30.823228283338462,-11.782911295681384,49.67820789641016,-78.25046383581379,-34.5041284608806,-58.17738197794527,31.301627316322328,-71.2635413493723
1997-06-01,2.0560750058252624,-27.050831759772837,12.281677462637937,23.54051492638842,-22.829657361141663,-11.633499163375003,8.921339164616622,-53.20440209386093,-7.0684448906602775,-65.19151318209775,17.09081262490911,-26.880611257154325
1997-07-01,26.72281650041906,-33.41929333836391,51.1816057780494,42.593384429995,-15.131970212738615,18.856491962738456,36.11457054405104,-64.40162839159484,-43.20648030893079,-54.53450663190116,31.555718076850948,-36.50956943624367
1997-08-01,28.34832736785284,-24.19287881374576,53.08919767872041,42.89182318893839,3.0382444337314576,26.560690144145898,16.16168139372805,-54.53976097067298,-52.175886708979036,-49.655334515417096,33.64490799656077,1.7616801297795637
1997-09-01,21.370845808826257,-23.478581976970204,55.5374488470909,22.972381579541242,23.89488665250147,27.55915001134097,-23.109638046343274,-53.60844593861111,-58.943260797307005,-38.211296834577766,26.201347290588682,7.168746395056158
1997-10-01,47.611458568185114,-30.224583286529413,71.34533745302438,53.916945944762986,30.392834657186018,45.79376829376888,36.60840649218326,-61.649960008409806,-60.80150960197308,-53.60043663767679,43.10652285687911,-18.1775330414665
1997-11-01,25.857977836829843,-38.50773806704361,55.37558579952386,48.343766914393335,-14.507256603786281,52.00084090518583,-11.923047831167539,-79.44031326269578,-65.09288646464525,-60.99198943277526,46.56018227987292,-33.57368345497473
1997-12-01,26.827260351735116,-44.14372244358956,48.518341675355515,28.72680451984359,-7.37724233539708,59.345619943854075,4.9227779550194795,-74.19947040717092,-50.01370312938295,-70.50671121703229,40.89173016028707,-66.8904576246487
1998-01-01,42.490209255276966,-43.31672322553713,54.25853053598032,45.425436523028694,43.05203029234021,70.80164222526459,-1.0865933002289618,-74.39663299787756,-39.69986196409289,-73.8644692719917,50.276715437034824,-78.89936733075831
1998-02-01,26.139288308510025,-47.09789975660095,11.992489190623132,34.44304194456033,34.19278085399022,70.55582447641177,-20.487694923035306,-78.5428059661164,-61.035058633213325,-54.137368496936155,38.846184042012574,-80.62044972875144
1998-03-01,21.136201874345097,-44.58658779285104,8.044930081670184,21.318363433623492,19.521057902093,66.20071279686411,-9.404054842525312,-67.70765555747711,-67.99226409621075,-53.33982902562745,34.42541619917287,-68.31860648411276
1998-04-01,30.388441285787422,-30.38710609390581,20.690234911446755,70.49855375813961,1.7301855533109325,67.2130707339516,-8.189838527911778,-63.44286480411871,-58.40290251882125,-19.105770349515318,39.82588468366171,-50.809877480735466
1998-05-01,17.891292557913594,-16.98965438744424,22.834173633078596,33.86722007484165,12.260421979993911,59.477108437545446,-38.98246133589164,-24.897455206012744,-48.80026835856317,-25.85544460119517,45.02929495452222,-30.424398725972328
1998-06-01,10.277516032915951,-29.72745246711031,-18.41280700383175,30.381363756893027,13.645997559621112,63.71328842073907,-37.940262568841696,-40.02905916133569,-80.50712732600988,-22.779730615844695,37.11201655956579,-42.43336179192709
1998-07-01,6.6258071228464415,-12.280434746366293,-45.683781069584796,29.58231618401505,19.93705337039459,50.08193850734437,-20.78849137793701,-36.096830192279356,-24.334162738703817,-2.932559136241192,37.55986346413335,-35.59848512874046
1998-08-01,17.334183918393137,-23.707592721071496,12.462040180906957,30.12121574160842,30.286109267970502,43.614386856070226,-29.812832454590417,-49.19422505606626,-0.8359205084181384,-42.60557728312615,35.12283620613588,-61.02507696388281
1998-09-01,-8.867159097988955,-36.935634173299206,-41.2610708178098,16.707294706908797,-26.451833734249824,43.814579462720694,-37.14476510751464,-52.286327146107325,-58.16589584065416,-35.885913138494544,29.241193080820327,-67.58122782206031
1998-10-01,8.071300237182914,-26.35050952579752,-26.27530394217831,37.957594703179645,44.73110771088037,26.796556037499,-42.85345332346614,-45.04093481026019,-32.11524591063337,-23.50810088410273,19.85019404468972,-50.93846006868104
1998-11-01,-1.2444828113790927,-29.760775771529445,-54.71296699254271,42.75190587864277,18.524081102133902,21.504011304065358,-34.289445349194786,-42.19046182296107,-44.24026047060652,-22.17392625260427,10.21365824527163,-50.412888556746985
1998-12-01,7.722700070113033,-11.629121302565645,-39.50135332818045,36.6006185059668,56.76975962992945,5.535445425571235,-20.790969882721868,-27.0215521651198,-12.951736852035886,10.381003901315564,11.398266676610618,-39.95158807359872
1999-01-01,0.3801673609590782,-5.540087091459454,-41.923663960117565,47.33309796278498,-4.870621531097466,-0.8863009375043976,2.2483252707298376,-19.596729087839016,-27.634173828482577,34.5038732222843,9.81142893284908,-24.78483469610905
1999-02-01,-2.80246669637515,-17.837419682284978,-20.725830251289498,23.4832134926238,-26.618576908989716,-8.845952165046805,18.694812350826467,-37.015759019835876,-47.41520613227403,-7.424303871530544,12.58716838950632,-9.918997777290754
1999-03-01,1.324356729105051,-8.708980176735201,-23.719991976947835,56.24326029859954,-20.939618437682395,-24.18078632627847,19.21892008783442,-18.82564365472076,-50.76742600254046,15.531828371941414,-3.8911470354516227,14.407487437095423
1999-04-01,-12.12332599420904,18.71634699727818,-26.327592996328324,26.781783453323467,-17.25472921051388,-41.631552175167464,-2.184539042359,44.118640552531495,-28.681013320966862,20.214219336097134,-4.906589465349839,62.83647788407898
1999-05-01,5.188779050450382,-3.99707161131521,-24.236498973279087,49.55513732360314,2.81619933327203,-38.90350725418743,36.712564822843255,-13.3108949753252,-33.19323125775676,23.656239966035233,-17.1019995578487,19.964527768319368
1999-06-01,8.497718392281483,3.0123401834404704,-3.947637936642381,22.83766547242857,27.299198611346863,-41.46107628514809,37.76044209942245,-12.438505755805306,8.249877962327606,23.143168152497186,-20.079980809938075,16.18714136812094
1999-07-01,0.46981967401843505,0.26226838114992573,30.339842025402863,32.297192075688514,-17.828727529731868,-33.94088259387328,-8.51832560739405,-2.5344973766680248,-35.00444038377335,12.43716130817951,-11.436212468194398,37.849330826205886
1999-08-01,-5.22044975509796,12.708225218060772,-45.484306161097564,42.9167437569674,-27.72918724618545,-28.412521730287498,32.607022605113315,19.24578219888225,-49.56241058933532,54.77107826414763,-24.161730494555755,63.24840671116506
1999-09-01,-3.0210223164305345,36.38467412313436,-32.013562636459355,35.91650888806284,-39.74099951833941,-44.369054769992054,65.1019964545753,43.085582442701536,18.196198898561853,65.61626736949215,-14.66438800662733,69.6897099115436
1999-10-01,2.650346490429891,19.782576193019644,-12.254176071213944,48.43794878396714,-44.67623119376909,-16.626711612882445,38.370902546047795,24.54292571345266,-15.839462226614263,34.754693888469056,-0.5603996558962758,56.015123245687036
1999-11-01,15.622713039394608,27.704070173500646,7.3969361504407045,38.28505354865512,-10.941191598704943,-12.319250892498781,55.692017989080945,21.813650902030034,9.51883925703099,47.60140193641765,4.503777182117289,55.082681589907246
1999-12-01,13.179288895456619,31.866068125161558,15.81051620246073,50.37068137817954,-41.72592395788165,18.98474518092568,22.456425673598783,28.74121010122907,-15.679098830904561,28.195319615479292,49.87606516469258,68.19684457531142
2000-01-01,12.694996735731078,38.18104778210035,-10.599929471651143,39.73423727844993,-9.90643856524069,11.12523557293545,33.12187886416184,22.100126512315416,12.003219144951489,13.726635875622604,78.15454708779545,64.9207102898168
2000-02-01,1.2138153580331994,64.18685408258565,-12.031956697699288,23.93421667111854,-30.155180297081536,11.222473218638582,13.099523895189696,68.17440545054697,36.54740333221028,74.29460157260068,59.17926210494778,82.73859795262256
2000-03-01,5.698585421243101,68.37023175820578,-8.113636532072075,43.219311501350575,-18.78516710181043,17.249888221872773,-5.077468983125331,81.8800859624107,50.77715439473845,62.258960150069875,63.67381116554868,83.2611471182611
2000-04-01,19.571958360169916,15.651082937287924,10.49246132110668,59.26228516894345,-19.325732972394142,54.20671941868568,-6.775941135492096,3.6173475694442327,-3.583374322827984,29.409742388335985,40.1269692594575,8.684729792029886
2000-05-01,-10.182633971738955,26.782108657050873,-12.33891597890762,15.256905334112252,-57.188006853852656,45.096673206313746,-41.739825566360494,44.069126960011765,15.060579416035855,39.19467684874625,-2.435147510696226,38.02130757115671
2000-06-01,-5.730898788582041,53.08571905874091,1.7731260757469118,30.890739043144094,-54.39480867212907,34.71095798135251,-41.63450837102465,68.90017784629701,13.376278832947722,60.59873288692243,50.63715838716888,71.91624734036847
2000-07-01,-6.659464315799616,46.270966070450626,-33.84806697113822,24.232718656994116,-54.14488173305602,47.68741510686601,-17.22450663866397,56.14828932809558,25.204634238248673,42.018774607536315,63.13660861143347,44.8465235669391
2000-08-01,-14.475683282656098,20.74646051874205,-47.16222096666108,10.998931524191832,-41.11881402074876,46.02738052082092,-41.1236934708834,27.69034055849137,36.214035914415874,3.6040912557974174,33.006627911371005,3.2172069536345984
2000-09-01,13.993736649669634,33.83695186242254,-6.250467774525034,49.19791725286489,17.29549207948272,51.42673947471786,-41.70099778419227,43.285876188781295,23.93651666225004,25.975958521667902,39.03874196777164,36.94766597164178
2000-10-01,-18.75595681262696,19.80760422795274,-67.16086936488243,31.897324414772733,-42.3216300747588,27.909747736159012,-44.104356774425305,26.731444505735336,19.40514567074094,31.095663657373677,-8.712268384057847,30.518035689971594
2000-11-01,-16.139559945193792,18.964958773408277,-58.974400078137826,33.67430362043466,-19.140838937162567,-2.3571337739480414,-33.89973055715519,33.29814532239686,36.38461124941674,33.8721926809956,-43.032806371791565,34.30265098602375
2000-12-01,-41.481697619001906,2.8189286593618577,-77.72102727866962,28.661430852750698,-56.96729540958682,-22.228277450790284,-79.15331880871354,29.950388641915165,22.947143071474223,21.292379744187524,-76.21198043079093,16.116712270023307
2001-01-01,-37.68548810036425,29.96194695722316,-71.80333582254194,-20.76434765059525,3.382453565121498,-18.687515765913073,-80.55469482789248,55.132353752891284,51.94927489336675,67.50749690608109,-73.11387586378017,48.33448509755684
2001-02-01,-37.12789125976543,1.9602202085015954,-79.77713166079124,5.608540501800679,-18.911814833424117,-26.683453062233063,-65.87559724417937,23.266132946013123,43.64033128581775,11.024994072354904,-66.09846172566266,-2.0318955360151447
2001-03-01,-29.567200708489082,-21.546493748815312,-76.61731848680073,-12.896204805997172,9.359320853725881,-14.113758834118833,-53.568042269254555,-24.733372020256112,22.013893523343,-8.179592098136204,-62.137514633801786,-34.69588351522547
2001-04-01,-28.095493077374464,13.237739079885623,-80.94110666106667,-14.754699845402829,26.793446600225934,-50.498990390336985,-21.076115090291772,38.02915474193757,46.00359320658611,35.55844619782309,-74.64380274772752,21.24130400080887
2001-05-01,-24.596056768683486,15.875265293472818,-79.1132660489192,10.049049155393277,42.147711756594255,-57.834308748744654,-38.2294699577411,45.87764594164453,17.880263670350242,30.818359454961154,-61.65028378407562,46.45034118448379
2001-06-01,-33.87345866208332,-12.434064924338532,-76.59569811239534,-30.627166430802554,-0.8310282277340757,-55.202803244264985,-6.110597295219664,3.8265101314298224,55.37388005212141,-21.997528554105696,-79.7249444788527,-19.648241772285488
2001-07-01,-19.00735007667696,-30.59894001557,-72.1671384185954,-28.740973372451155,10.756123699892225,1.7085739570617293,-6.593336249292206,-27.226656970716984,45.49738140413065,-42.93143336952553,-88.84178733505182,-39.49220380668633
2001-08-01,-8.681376726979147,-15.842776369637452,-60.23511874810383,-64.05716873917203,8.210724905137239,34.842315472862936,37.832363474379946,-8.894604546807606,28.980216531909736,1.6003698606598604,-81.48111589564529,-19.418747798303954
2001-09-01,-39.95373791852259,-44.49268285864034,-71.2798460021421,-54.60666727879039,-24.840983503239194,-36.59200652109836,-12.449186287342917,-14.43640100879171,-82.01294223829922,-19.231385600642174,-81.31501956258586,-25.467665882882745
2001-10-01,-62.92819925424952,-39.644870430337036,-58.54075735217115,-75.81723114179111,-17.40897151842688,-82.7821009773892,-80.09193528146928,-46.17977434008156,42.5213582948995,-63.984966730172566,-73.3004518877803,-57.280517488550274
2001-11-01,-36.365060583838336,-43.86818010859554,-65.67045892040213,-75.91164431087596,4.44494645390798,-62.73941446937482,18.051268327553252,-41.48286395057955,7.748901058268764,-62.76775360510235,-62.06612261289488,-60.77306143266969
2001-12-01,-27.862505275056968,-44.0521987889496,-48.02941316346321,-79.87921527455704,46.00240221907173,-60.22391101434623,2.8176108580099024,-53.85224133612727,10.286165385332463,-59.69250604304867,-55.32577201048511,-61.67663994041942
2002-01-01,-16.54871476768785,-64.75282877684404,-20.933921510889203,-68.47445665656487,-47.572148075098006,14.509371966340712,39.72758043777211,-68.34871934378586,-45.35615787010395,-69.87027272109685,-78.8018313395631,-61.38716260967052
2002-02-01,1.7248909333912052,-50.348322428983735,-19.351185252554465,-64.4065729009479,47.77354900041907,-13.96968095181745,58.57834477185679,-51.38422761856539,-23.829741226673796,-52.364165636298544,-72.25135845822334,-51.9121192051576
2002-03-01,-9.408252885680024,-27.507601312866477,-0.9355521459123306,-59.9902445743561,-26.743448657303897,-20.57758562580248,61.20556657497468,-17.670562923079387,-21.365863549423626,-19.357814897978024,-60.676101875769085,-18.467663318082263
2002-04-01,-12.388135161907638,-22.203092991859446,1.0033439464335951,-73.89538115558457,-15.28720152432288,1.9427714681545878,24.295791455781092,-20.272010720724012,5.244295182227889,-47.98660271016661,-32.36713537937225,-15.634011331262238
2002-05-01,4.629440305842218,-32.56421058457655,10.212330683760923,-51.954275705949584,1.9977008165760737,16.68639928818836,46.20504644663532,-51.90295395781309,13.959919736548684,-57.08622426878337,-22.800503059451565,-44.991291373383426
2002-06-01,11.558301576851713,-23.708148215435184,26.972165499831807,-55.40607790493728,34.80690845141668,18.37494631425919,33.04356552368816,-46.222065001473965,-1.0066231439706148,-31.432808038644566,-12.384259220055705,-27.49498567303107
2002-07-01,-18.62294863695132,-9.716511002864811,19.750013697642117,-49.056474157285486,29.922517846206258,-57.86421424062037,-35.866586330699114,-11.051696909421791,-6.3314782629599105,-4.970165675929907,-31.675932626239923,5.446718460227471
2002-08-01,-24.93451724298861,-1.5780393001228163,9.165011670732792,-35.29911424466399,0.34234459067442596,-76.77094735164118,-22.10988088004509,3.259069895798378,23.548213065489723,-26.409681752236846,-15.63543621401157,7.347638504346232
2002-09-01,1.5899627508791134,-0.3477272386019692,19.340279758019616,-40.07785745760746,67.05872001323469,-35.05799953377757,-3.31332902547371,-30.24933176567795,87.23474877840096,-30.20718560536616,-15.956652594337342,-12.560215006029349
2002-10-01,8.724655924965875,15.458325798567637,11.840965353173202,-37.23001416710841,46.6997804788792,33.41890616724068,-11.1063582073553,20.98839770996768,-9.59994372526083,45.78356423064031,-18.173478211077153,38.293088988568186
2002-11-01,-6.342843542091325,12.473039422929649,35.983708398294404,-59.252903535108594,-0.07411327092816465,16.895973512859122,-25.26688281557339,13.817933561229836,10.027540380249937,18.994575744114417,-21.855753187520772,41.38090061657482
2002-12-01,12.956673731492776,15.171829658083439,7.321031976684764,-56.02148291483633,47.389710910065745,17.227488402007722,48.866620283541984,25.36866967118632,12.059460848127648,20.75653215624881,-25.305370862038888,42.9798564768933
2003-01-01,-8.762861768901075,21.921940343336423,16.994212527884155,-23.776186454506824,4.055111040902635,-63.72953012097393,22.642084162188596,28.029729059616493,16.34494868850768,45.55217662924239,-28.206898249632097,47.889745588947655
2003-02-01,-24.712858054099932,30.316051990428225,13.597436209164465,-46.16616347610648,-13.918901001249443,-54.87025613822725,-22.20640586408094,46.699200267562944,8.01991727518887,48.338605010905006,-19.397037113657603,67.9195745121419
2003-03-01,-29.465856293920268,26.80541859349744,-12.336028629927219,-35.382202393986084,-7.214670927154502,-46.92947130560265,-45.46690821293088,30.310220719851245,15.059204708767648,51.27388008157677,-18.2996505842704,55.68343804156193
2003-04-01,-24.447335769240688,-16.241377635310883,-26.46820099112719,-49.04042864361839,22.85676650331128,-35.24782285721672,-34.336992857552424,-34.340686972238174,-16.50660706526556,-6.827498230681027,-18.612073586116814,-4.920022322252842
2003-05-01,-14.270162691213097,-2.400171482674545,-25.335511660152584,-50.258201205958876,8.288575168903169,-22.725193910306807,18.67951815144963,-18.0490255453718,-1.7804006348610624,15.383267427992969,-3.053391938553932,-4.501306722578898
2003-06-01,-20.798429235437602,-6.790911018656521,-33.131942747863405,-62.437477827938416,10.972495609506758,-26.91802858223354,7.522807371340585,-18.701060766828167,-23.863590655581934,22.24646402864047,-16.505551771175643,2.8691840716626666
2003-07-01,9.246349850876339,3.2426180952082087,-5.578667844217984,-35.10793999552665,22.600069513202982,29.620829465838888,34.69745811508446,-12.955728983217549,-8.770926683733219,24.519524910828444,8.874152553086155,4.546068679077212
2003-08-01,21.50703529843991,6.046594977793117,-14.421618381731674,-27.050805468007365,63.85567850818346,34.05909816490421,51.092823668850905,-4.578560979056554,-26.182414380309737,34.93328136557409,3.650352672004973,22.410316210752818
2003-09-01,-0.564762037904272,7.736390766161115,3.544296577582541,-29.56015813865208,4.855863012985686,-20.448826876035504,38.785015234598,-1.1580509488969575,-22.90972817626888,24.632679498620686,8.426813114150873,29.690240343199857
2003-10-01,18.176412409470007,-0.8077232012400447,5.778657872175161,-16.04508310399284,44.90231806170007,-1.7807465299696594,58.0269157474373,-29.39949636283504,-5.9785329217568535,20.091049364808132,23.61376525701534,-12.3654013434318
2003-11-01,18.142244879086412,-0.9629010285610043,6.99696454215377,2.025681981515009,6.639128787960689,6.284387187431921,68.76506189637067,-35.253497714575666,-3.6803738710182263,19.37962598931343,29.134071303834958,-14.394330850359516
2003-12-01,16.362617327016636,3.630266642607541,19.399145902260702,-0.49468698944990164,-4.3032994613842295,-0.6000271568496897,67.8119543405063,-22.436236545642817,1.8507265983271484,32.84329797001849,13.330999975538488,-7.437454785203602
2004-01-01,13.68541712185871,8.622925207080037,-8.209027949386238,-9.34310454074386,25.3031898892512,3.464579995928475,57.21144821424399,-15.52108145090643,31.895258063295955,4.424609412782927,23.259329295951474,-0.9434892857237405
2004-02-01,14.514669007354598,-9.838240428837048,15.798188269452684,1.0024969493552836,1.917512477609522,22.04833627488884,31.806811065466654,-39.30286179087681,25.84102392892826,-21.445510877046456,9.83073461311083,-24.11458801830106
2004-03-01,18.915547416800237,-10.582582680567043,4.062521665643425,-34.7901353874844,75.74556524103897,22.517920881085615,27.041864683717577,-29.058146967221077,26.214225956808196,-27.162283755789968,10.363721630036965,-33.27043026666933
2004-04-01,28.005052221427434,27.990105896843165,33.748096486486546,8.859296759807442,41.93774364175774,11.717075275710918,43.7630489433745,19.527108628314906,46.38464356689131,45.48511498474793,22.18732625282302,6.366336051438642
2004-05-01,22.386770738469988,43.74709183567583,38.32704604706675,-10.12951312246575,60.974675297998736,1.3245608708703465,21.437084598879856,57.25439942299225,36.798704446474574,51.81908984078445,26.485117819468623,46.378147648659244
2004-06-01,-2.878280024602007,35.53778114637968,6.414613024475145,-5.791642117779626,-12.376373200913939,-6.708535082236837,4.070537253445225,48.882160151773974,51.423827924399376,19.519880047476732,18.35295654189877,39.510081066349514
2004-07-01,9.221511198571815,21.95699210513624,21.795549429827293,4.012007129458466,39.815356877415894,-42.271328047610375,22.755970603767793,10.403740604636873,22.592022114643765,20.33014940489797,37.942318623486784,18.516729778015815
2004-08-01,-4.985858401866573,8.88079947352802,22.828502096758495,9.411690404170505,-27.29047053078152,-42.99629018076042,13.117276201280074,2.1147866735364635,15.688374665429736,2.145627379133146,26.7027449199356,-2.24753627039485
2004-09-01,-0.865572199096275,5.431553054018629,7.866706010454968,1.3001538273054198,-8.126849562458311,7.019291512201723,-12.387162782985174,-9.654747462273617,24.244957416394872,9.177267501239376,19.789379122044412,-16.3990913073119
2004-10-01,-1.2972583122215322,33.16304329977851,35.0235701623432,-13.812377639452311,-11.201070841682263,-20.43549631240891,3.939083070092627,49.15845425584561,27.395554208297217,42.5727554838828,5.983376888022638,40.705075662844266
2004-11-01,1.7193258777605744,32.11636855357405,10.08374710252803,6.788165423445823,22.848423769661945,-45.48389472030632,14.360187813473393,48.737028881905886,39.446525321876244,42.48820146230815,-13.206155841962747,43.11624294374271
2004-12-01,30.392909320580777,24.914120214551833,39.95854542377711,-1.391370656159484,-13.494637354715177,75.30929791024239,51.58271127975904,28.96356712374997,34.40120496207527,17.33512993406247,19.0695012492036,24.801197803667865
2005-01-01,-1.5901697423530585,18.054917958069616,31.862767819008024,15.194460232037304,30.792982320000444,-68.42559250909682,-17.375466573714252,7.647263573641334,49.88623346140497,20.41529144855332,20.119895603922767,-7.794094297174324
2005-02-01,-3.763264289892392,24.188858894330163,33.70713308010495,-8.897536640302018,0.9143763196967974,-36.72837833423275,-7.811915874728941,13.428588319790046,43.411888306493644,33.52423322215582,28.060712350456118,2.5188722727552064
2005-03-01,-5.296764320028133,27.401092562547102,34.813446217093215,27.47330419248566,-43.498591647853,-48.65800988252392,3.386029520657379,21.344432485726283,54.01652289708178,36.16888229474732,11.127053257107432,14.348571878072692
2005-04-01,-5.816763534919469,29.87731848915002,26.89488056048463,10.375500678086476,-2.184456003202496,-39.1311390806324,-25.03860382933355,47.35852261376619,23.643739207753367,28.038815346691997,11.567682939788142,38.777832337750404
2005-05-01,-15.336703354053805,-2.0236221117724087,13.566960615369346,26.9950323815465,-55.80031353978237,-38.90108457606217,-22.54411165134033,-16.909479633890523,41.65894213989883,-4.948460196904181,-17.042822643792164,-12.876290224174006
2005-06-01,17.737321425930652,2.1590020450693297,49.75258121482047,29.312742742836544,35.67576139175614,-32.31546354439347,6.26098532463357,-16.148929618889905,19.07268336070727,11.711933597203137,5.8879422752871875,-9.72861938896104
2005-07-01,-2.918609646399081,29.65996372896521,6.902210544642102,22.42291986395616,-16.83349100018359,-36.20785627527296,9.123168634862882,41.43210889876203,30.37903422593541,37.24535845750182,6.858242590203119,32.38507447242367
2005-08-01,13.35824679142651,35.652322760813895,31.99527804600082,34.69925817396421,26.50540841055829,-38.419290755117096,12.010580081726326,51.64251754532748,33.192500032479,41.60593807254245,1.4794194073662643,50.341238746354264
2005-09-01,-1.3702337186343854,57.67863795284736,-33.89050479603333,12.559416189098577,33.78267361612005,-48.21840004586245,28.91564644350523,84.84977033075776,36.83198656940847,67.0154781504993,16.081571554777135,83.61438315879414
2005-10-01,-0.10009147739938129,38.65924931302354,8.034186467032063,22.105413096148055,-26.929615309707504,-26.950748553399233,23.24030691292971,51.089189698520464,44.34607056911799,27.938770584624486,21.053544281408413,48.86867143144634
2005-11-01,15.805462626298914,18.950954282941645,21.161905109177752,21.10143234943459,12.281438064569649,3.746790613503252,20.735746994809322,11.194648364308367,45.56615225216771,-0.1922067189382248,33.71351886637679,4.47265865079358
2005-12-01,-12.953702088133804,26.774704926485065,9.271336987670335,38.40465430293939,-40.621937067481596,-83.09795209375245,11.275387429955305,18.148545739992215,38.267211634271,37.73100544068218,26.138098408094507,13.588663409385438
2006-01-01,24.38159538398676,44.24209417835606,7.217995521077569,56.7486108529668,-13.45293797394255,67.431680843188,3.962627676643969,55.42047179410168,16.015625020943382,32.877310803115705,66.68507797793046,50.21198529568909
2006-02-01,9.902001272996966,22.680537520213818,-10.379175717044866,32.018469755086876,-38.253776216518176,44.76639775831669,21.3580907851443,21.78020080441985,21.29135699643849,-10.307794599777917,62.04664155852539,18.592282841463284
2006-03-01,14.943494377597105,23.692115216453637,7.513961032937072,51.800290202862406,-20.06448786627365,50.61572087993312,-15.14801236147342,20.05008283635474,24.7101233552711,-0.39594446448844656,59.55508984552789,14.541224509602904
2006-04-01,-2.604488835648801,30.796244127304295,5.678247084675095,42.01765675366504,-77.82815335368551,31.43997475485092,-14.330169417749547,26.502527691613807,52.59306580983542,14.418362270450052,42.90354840372343,17.563716460898764
2006-05-01,-2.9349584238402975,38.72093130668458,3.0363733635567773,56.96392372010809,-69.9519035990731,17.182891429633983,-21.906077033427234,62.63347025084983,49.45894135582446,23.123558383683143,14.25485348950998,44.133833053555485
2006-06-01,-6.431749262874325,40.81834748608394,0.27142985279314613,49.31272473937039,-82.22588914879293,17.970745437554548,-17.487757195296783,53.44335287135189,66.74494830468927,30.73095306756195,21.019788297987326,32.15269488882921
2006-07-01,-7.277655159306439,21.661746730053473,10.05904548662872,35.71951456259654,-84.14674383125083,13.127909583229808,-11.14800159773643,39.62464673976032,50.8602206116177,-1.6920090145473088,0.9847707596825314,18.531104553754123
2006-08-01,-8.314434957365798,18.346405258614496,8.68979536238741,39.643201191084124,-80.30544951226814,6.593457354838195,-16.193179182870573,20.788008016924405,63.50593546623754,5.453714211344698,9.545188203883257,-7.560819605317419
2006-09-01,10.962187916949812,-27.34480687483304,56.14364191741947,62.5951882123195,-82.1035853740189,36.63570889760967,-18.460014068580676,-64.46472098611888,46.308403529917605,-60.729911503123276,13.155845208716368,-70.99365062355703
2006-10-01,-4.393860001421553,-30.448308341605735,-6.207372002846503,61.37092870235911,-74.71662860944089,24.21565609493532,-26.631884192114796,-66.36728576229885,33.56308817714645,-69.09049682326255,16.43391530577306,-66.78076260538678
2006-11-01,-18.69947734914289,-4.398307681289197,-24.810677169225382,38.62434880850598,-76.29633530148973,18.615697052741485,-49.63042013624678,-18.131663286387727,1.405653006804296,-6.992750029564809,31.522927668970436,-29.795705766268178
2006-12-01,0.21373434343400816,9.082892606706682,2.4214085851703695,55.04270591586934,-40.83875797465903,20.294408765122725,-35.85109357433336,2.114831423604525,20.84811014198933,-21.42362529170592,50.586676878627124,-6.711530118981648
2007-01-01,-19.562384592252016,-12.113369105859075,-22.983189738098186,8.30220702530752,-64.06550281653458,-18.01443322902188,-1.051004202912963,-28.545381713246123,45.88959789192417,-40.89738373459289,6.26785075778355,-43.28152873116407
2007-02-01,6.403418163499689,9.832162032247945,21.920995395605292,45.51576779607045,-48.36901715830648,-11.53783998453766,24.48718476866684,-4.907100916136683,44.90034282640271,20.174969194883687,16.14546936099151,-27.152870304901498
2007-03-01,-4.411309146620882,7.871955313529304,6.086547537992049,47.09232084291406,-48.125680846060426,-14.190733054974764,-12.919000212975329,9.083516701440395,11.367662782848848,13.172525221518997,14.36592271291407,-8.629850851075783
2007-04-01,-0.6045311039932335,-6.39958186982592,22.506179146194,24.325173279139772,-51.43893076843974,-4.246290326983561,5.831213150123358,-9.152899489424982,-8.901423534361772,13.635333079384464,-4.887325412374011,-22.6915939923533
2007-05-01,7.498507641238336,3.7680147291344257,19.172986132270154,46.91258359272477,-25.426527974606707,-0.14032811338477907,-3.02617543081176,1.9795971741539469,-22.775741472451887,25.215619975020072,24.648052299318906,-10.227454330368912
2007-06-01,-8.06194820704189,-6.381942501688902,-0.685484771696503,-0.8508257797036067,-46.089601944513184,-6.328798887681329,13.644970348385174,-2.614124815577141,-25.955121850501584,0.3041508606087001,12.449783681172843,-16.09440038414733
2007-07-01,-5.351295230510702,-5.509856299120492,-0.9295233860552152,4.398618124475416,-28.813057270187986,0.5824341576917311,-1.9949477784774552,-19.64368354811989,-8.242570841367536,31.030483317621343,1.9889366178491272,-32.682447041585505
2007-08-01,-6.104165796718801,-28.671138364602836,-11.074980667219375,27.836878644220842,-36.35347524285742,2.1216320064957688,-13.050883724233826,-37.21794511999629,-19.460970569759,-34.549849956831586,-8.560576746969389,-43.5663494294579
2007-09-01,-1.2504828393016851,16.041901383108897,13.815705054463589,4.063413868476944,-34.176208295601164,-12.03321288655242,22.077888062704623,20.40808413346257,13.039805076920171,45.01023056349611,1.2478267232388645,0.5035604184267666
2007-10-01,-14.285549445360946,27.645825075287565,-1.7778834153748688,16.900558024966937,-34.19551731095479,-26.755900302829367,-25.59900422261264,44.84077809670583,18.596619464113253,62.35974260989654,-23.227399955473306,35.659385161195495
2007-11-01,-9.482969857944529,45.16171413174711,31.33400637623143,12.946812259568249,-15.155682327081202,-38.641395466180924,-37.89859013226019,69.20391766946369,43.27801605090595,72.85057915879113,-13.14354053710178,53.61959831667655
2007-12-01,-43.36369825714372,21.37375536219251,-27.254221190912865,-36.02935062891762,-60.28923923911205,-34.81915884845742,-58.42652137831862,45.099273187083774,40.8075238562182,38.07990346381757,-38.95793600617592,21.840012310018935
2008-01-01,-26.600619745987768,16.814331634895506,4.01489975917105,-6.9716405804612815,-52.23413189377688,-28.29817327296543,-49.514052741906305,53.81360705607947,-12.563117029232743,67.79166124117695,-60.3394162523395,35.36892315879336
2008-02-01,-37.839826505731054,1.1042084062794835,-60.947332137738584,9.225902850366001,-60.827741155887274,-38.14401076439974,-38.50595132099565,30.281527253597602,-20.394407726238565,33.73028802476908,-63.342541443432886,25.24617592270219
2008-03-01,-47.68866550332277,11.782941964960957,-57.735292261557134,-28.302574227311606,-58.15795822486378,-43.72802295702351,-50.51947984585781,36.367259626064005,9.604416320023585,48.37938646224249,-54.42892113660165,18.992568553076353
2008-04-01,-42.37488781010821,-1.4376033616087045,-81.10923770844603,8.979748227663082,-18.751907779473438,-54.95489579661166,-66.03814599367304,27.385866616665112,-16.6759067973588,33.226753122671425,-64.82067416855544,13.69594441853418
2008-05-01,-29.017941190727136,16.591533955124564,-79.88151781385746,-61.362034681184994,-40.543143620331946,81.55348355489585,-44.85649339315711,44.876680616875,10.409405293870439,57.376161891236855,-51.8947844077195,22.190206381360028
2008-06-01,-29.40931214146,29.942431441326182,-77.50930618482629,-57.001492402217565,37.33330429704537,-14.746000261946069,-35.12306615535547,69.46868310379635,14.276963878524612,75.3008766764533,-62.26425055971241,52.929884107569045
2008-07-01,-56.52230589230976,32.282114491087164,-73.74386195259638,-67.46142617342215,-59.288225823888766,-37.65285267844041,-44.46516283320109,74.86592130713848,16.542301921841133,73.58240169032491,-62.34414989659,58.76409743272127
2008-08-01,-59.3763503784666,24.727144826940208,-88.98982963207675,-77.03582577684391,-39.27205484677149,-54.43032693009437,-37.15371470654643,57.922014505987796,4.488965371528043,62.97102140913925,-44.230886730404315,42.484609578450254
2008-09-01,-63.07919573470607,-0.5059144673649584,-96.8872421869118,-62.004221033078046,-48.46620281774936,-45.32453444395379,-62.71377819183739,34.770794445346006,-37.280564439248394,42.99882467013173,-65.45913738258949,22.440510369535353
2008-10-01,-62.862094659779835,-44.51310755310097,-76.56154789840555,-84.57988685626428,-42.81727515426911,-17.742557274641136,-92.60920611531908,-23.31798192001758,-83.16025812454512,-35.96103185049863,-46.86409770189354,-33.26216816855001
2008-11-01,-59.77353833306391,-84.21478512008476,-87.96132323987939,-84.06518503921868,-67.60768641349763,9.499543167027511,-68.7330401397514,-85.61787710946639,-86.15494128972102,-81.25957269821146,-81.69234010942465,-86.34919439360021
2008-12-01,-71.09688385318532,-84.21482486685542,-90.00201715630504,-90.73413427550605,-59.360682654744465,-25.03189291769526,-90.35569226167577,-83.29817485110658,-89.6042562341482,-73.98271334538629,-92.26264873974523,-81.92633116389085
2009-01-01,-55.43022036147001,-78.29175960063296,-89.42676266823334,-91.00925667983815,-48.71906524159082,-2.5032849707128,-45.49273224697499,-74.59751812162435,-89.08953753012963,-63.11317196725147,-94.10621686323086,-70.55235352092842
2009-02-01,-59.9479916923807,-70.75491441033948,-79.05469706114614,-90.92235998225323,-28.24095420330184,-41.3026317187961,-60.21931549640618,-62.01334582018482,-79.60389124882134,-61.78006213417736,-91.18734186093184,-59.18993098758203
2009-03-01,-47.67689439277511,-76.89154308426153,-78.78627477233915,-88.5675429661063,-41.0013428598926,-32.04360060435541,2.014289238817913,-72.75197057594583,-80.88946033067388,-76.68336439114955,-86.52110662432787,-67.6118134992105
2009-04-01,-38.1134978961145,-62.5897460950073,-68.03556753505597,-85.01173486403675,-40.551641757482294,-2.33496586434617,5.366420540348695,-70.33392345435901,-55.420980595835445,-66.43198170280044,-55.38735851533091,-65.37448620671069
2009-05-01,-45.28617755402743,-67.95225352171266,-67.02329077217625,-85.03166849612235,-23.661498941213427,-80.0108148883231,29.296385327697987,-75.62968361414116,-69.98307471309455,-74.65131396285642,-54.28582986174758,-65.21136545672364
2009-06-01,-47.07126091792171,-60.73050550036421,-58.8347616997669,-75.32516678557471,-46.44161849130127,-50.409086759703946,-4.345670853261752,-67.90102443232712,-68.50714929623207,-59.76374501116105,-53.06591860113975,-54.414690160961065
2009-07-01,-13.683335793775521,-68.34907580815775,-35.287772169348344,-66.99229819782391,17.522842206119524,-31.793701185917843,48.13425037809297,-75.33026450157426,-69.84276461391111,-78.91865051992556,-58.33373936404087,-59.319960041336884
2009-08-01,-2.562669876308098,-48.296563582815295,-6.535117148316222,-64.91888956497009,16.411286839715277,-21.736444487481663,63.9658149795122,-51.21740612267052,-58.43175668658059,-36.810235332930596,-56.97898486135736,-38.044434910537404
2009-09-01,5.558467266715871,-48.988467377083715,39.55210096674018,-66.70405913791426,23.959081207803035,-20.91098107355824,51.89619437050864,-49.916534285798456,-47.00928108903847,-56.382493584846806,-53.50373036453675,-38.13029756119808
2009-10-01,-20.33200459635446,-10.354021197225038,-10.464311011872523,-66.40019078632761,20.31052455668584,-48.796938927489485,3.6908931872314983,-12.13398856677311,19.13207492425836,-2.768290352370788,-46.863388615356875,-9.136513375882778
2009-11-01,7.318499176962478,20.672267560578376,15.75296753534126,-49.815193088563746,69.68084653391304,-54.09000301256868,55.063877916690515,35.304579684626695,2.227297673362072,37.141373115649614,-19.466681331183043,48.15476866043654
2009-12-01,15.522875861927698,29.07394300669811,35.4831432957821,-48.66550821334539,81.20011711427878,-28.026895658965273,37.623522771888275,35.19769564850103,11.768094252349872,42.05447320754693,5.493026994222328,50.85642493087037
2010-01-01,9.328541092790026,24.453702132611827,53.552896012305716,-36.7473280124291,58.38128039955899,-46.22295615468165,17.678813219196172,16.951040831538634,17.91585861788002,28.339317608471752,20.79511477547943,38.2671788296893
2010-02-01,11.031628596521198,9.050648929110547,40.94617080844048,-39.63113565359388,55.682731705654255,-9.158322214764507,7.318698336869643,-4.022409813348991,4.481631466259425,17.094506801867855,12.192088141226172,15.507428049548277
2010-03-01,21.61077463084526,22.217219642417668,53.96685813317078,-43.45922985678329,79.27431385278607,-8.431773276891645,26.70370430194439,6.573352251614874,12.442038043934149,39.21440320914567,22.071743135807452,30.7845615715862
2010-04-01,18.65324460583496,7.28252052026915,48.28359609855217,-37.811974960308866,39.20897011040094,-0.6157866156314585,44.20141839616202,0.2856362570017578,-19.288574768436707,20.844638052036675,9.518231381550319,25.052671679193704
2010-05-01,8.120983372758227,8.777050483717275,62.151225622525665,-14.20882895440342,0.6602630583653447,-26.22427687892509,18.226534016228634,-3.7603576101151477,-2.9321845903916914,19.40062171752142,18.045999720758775,13.131173180813022
2010-06-01,16.470588070612937,-16.611957587452594,52.18910319418838,-11.976472298511574,2.668016213946773,33.917647854487264,5.554645388953841,-30.95521551297629,-18.44804151842572,-17.318172202100758,6.144074555218192,-22.482433258978404
2010-07-01,7.99326343720996,0.4346694127880279,37.191634035760885,-20.550199691985043,9.598916366530686,31.195121286005833,-17.46915481026256,-16.905305769396733,-22.08868544722642,18.17052273946526,24.61878380114125,-1.621968260043213
2010-08-01,7.308261093666658,-9.390646724623885,29.121875320648716,-29.595678008246374,5.328311465060628,41.44446365832698,-9.75766696745666,-22.665499266704494,-24.66166449074287,-5.977287192569441,17.31492858901235,-10.963711262114963
2010-09-01,1.8350171710449956,-5.997446829606685,24.1037148855658,-26.007344729220677,6.364008273234154,24.57893595967669,-19.864228534030993,-18.18809091489089,-35.488951379514,12.944537175944031,15.208922035739766,-4.463651065312342
2010-10-01,16.946641058541964,-8.455036434411396,21.28410688760069,-17.947790172803817,18.576088722186856,34.44154259792046,28.379257257805623,-15.40370601549474,-50.553739285402266,10.007156290602257,12.23272169585775,1.4423851423800225
2010-11-01,2.3811246697762867,-15.195094440472237,20.26832463474482,-47.54181456335768,-3.122283919353108,25.160646464523573,17.140750732323834,-19.158263747249162,-32.467442036241,-16.170830982107866,-0.14765090860341396,-8.03128452815975
2010-12-01,23.50649223710304,-3.583688161395604,28.750342530611135,6.899795410976173,23.83216882174899,29.695444558699602,28.35470986347929,-3.333867050648967,-40.070485667821416,-3.125549522943753,18.839685232721276,9.771776201714838
2011-01-01,19.11394709211872,1.1969918583159185,8.658788254555246,-4.072708630832129,0.9851389926927303,39.9961932023993,50.00232364177846,-4.986668917894259,-23.550528295303526,-11.627360182662457,43.14364217820283,3.005874509237003
2011-02-01,14.793775658962574,14.114680148073191,7.30031785441826,-1.343341434529108,-11.912693235799669,42.5985460183659,37.32604909235747,12.015034143688165,-16.583647780007045,7.673435183739458,48.761553914005525,18.707025278939852
2011-03-01,9.523961659666867,14.633407485783163,15.955360416895815,-10.979300328123355,2.7980083648355745,20.05599004895968,19.789749795766618,23.824719383455,-19.403053299887787,12.79856376271856,27.413851581659532,28.53295600097051
2011-04-01,4.304897368260297,17.533274569088075,4.987685919366804,-19.726768951762466,23.024025633094343,-9.162285975056635,22.401830215659444,31.692954642964395,4.723945197232701,13.338663441186691,2.7444275213834692,35.16638204267311
2011-05-01,-0.37267851986287254,16.977620374660773,-2.8778157269807414,-8.170510833546214,60.30110105028018,-30.225681158806488,-20.890485930261097,36.34277044071137,9.237965545798135,11.634078020911375,-10.36440898971995,38.037696855602945
2011-06-01,4.062403090372485,19.179674636355916,4.829515305290214,-19.71389405344701,45.807392132310504,-8.148471842392041,-2.462526089899241,29.511579644348434,10.826465712770164,12.123201290566476,14.367210073468433,29.06991646062608
2011-07-01,10.605607887492974,23.001695978358146,7.458219385100338,-5.988526756774239,40.45925078744381,0.3596323054964813,10.739463716198475,27.90330593421443,24.06415541032117,14.075203484957305,23.114327804805384,25.851487257492433
2011-08-01,3.8650228172114987,20.170957870647946,12.916571217398623,-11.648263777624424,46.691861651606494,-11.01784106158685,-17.61721394373635,32.017800287799545,26.76554637621551,11.054532930764996,7.74170390916863,23.27520584929104
2011-09-01,0.6257516407656958,19.63988442932727,6.765562232305782,-9.672487531736069,30.954383006681386,-11.004176473714415,-13.914523029708203,30.688892517490768,21.465874277515752,12.300459833749928,8.17054010482792,25.573655413051988
2011-10-01,13.692197938663432,1.171635506869022,22.053004385519195,4.476550755955909,61.50419311863507,-7.727405173635151,-11.845353393157867,14.533964538580857,4.738158258825593,-2.4340710683827007,-14.886723671676322,3.9068494769976816
2011-11-01,15.889524141757443,6.44427079380845,14.899453336901026,9.200886643580132,58.706308709815566,-12.461529755803934,9.102501774294423,15.224546559249614,20.66543234536602,2.607020358826278,-10.508614849775238,4.232969555375582
2011-12-01,7.53181137082729,3.638542274987194,10.014016128206373,7.459599627615562,12.218020219215523,2.0778424180737685,5.889578461025229,0.9487737270557083,33.12255119302671,-6.710689805454996,7.343094626718519,-16.511018366409967
2012-01-01,26.586599003643602,9.882038484972892,21.66904331516683,15.075004424255804,58.844319379972795,1.9048090428853977,35.43981885593718,3.7814846466531487,36.50425874835147,-4.40903151780367,21.602152374731528,-8.068671827068014
2012-02-01,23.90119160186271,8.904425014970531,26.001740772339556,4.110546246670467,65.32888662648351,10.980930719894095,13.083853643925917,4.576152257705766,26.456378771759347,-8.750450143775183,26.539149331120846,-4.299105141958118
2012-03-01,22.30486600841066,6.558446722567231,2.041979546952829,11.015292556266946,59.694160220765724,28.585203454940167,10.187694263127623,-1.0518204277372687,28.779833351355865,-12.033402427038352,29.184769365868657,-12.087146249612742
2012-04-01,24.11823442557905,-1.3390054019833844,25.32125888257159,4.4344605579247265,25.1561277974183,41.18891692421986,24.490407965760763,-11.350295649646403,14.678433057792148,-15.294859373989333,26.429546077898753,-21.157851121972087
2012-05-01,22.98621471630372,-12.455267320849595,17.34020858321358,5.161094246681902,41.194058155836984,38.498696484164746,12.737016111621388,-25.142215700395447,-0.014240434719501718,-18.043296847393357,12.953740596905778,-32.030324218645454
2012-06-01,2.8693727485861245,-8.018736931974825,15.622160845584496,4.2747293752220274,24.551107419575256,19.08393467657999,-49.18506857403115,-15.387236257890594,7.105796758855115,-19.12584815252624,11.106292175858243,-23.792689184170648
2012-07-01,6.446378424829571,-16.315396526292005,11.94273759181544,4.591337715728376,56.6807243919806,-16.86110938067685,-24.1217981946997,-23.890360247074373,1.5614053548648916,-20.43703504017695,-12.851553221019405,-25.959439478054193
2012-08-01,-3.795861031259031,-4.615281784805723,-0.31187410264472715,12.525362128566412,26.249469304709507,-15.787338793458952,-41.654923693467396,-6.5206827929926785,-12.800285237808442,-14.378531033617378,15.978230976338114,-5.355140835948234
2012-09-01,28.161156903547816,7.221313243760854,7.41541587292226,29.48416484389764,73.12699625975513,15.97767325175993,14.801534289404142,0.16501871106348648,5.320608472777594,-9.307573246336453,40.148449519045414,-0.2199372377457748
2012-10-01,10.445751121960152,17.336567801739722,2.4905971766301094,17.15978917753744,8.078313857016619,30.438787647567167,-5.938732248950576,5.471683107998045,29.51007534155413,-2.9000628905495294,50.2706588661199,4.3304845835760695
2012-11-01,20.77892868060755,8.080177861568925,12.206566520940235,24.600529497632305,28.42789933563242,63.794221756918205,-25.134573708085405,-10.852806112201275,5.601937438124407,-7.80843274986162,65.92395084897571,-12.46376011719259
2012-12-01,20.575642750133028,7.441940929672638,6.802175132127662,2.7434603967366775,32.698475081389965,78.19334661555548,-17.55924347514465,-8.063994164708495,0.29605001058483105,-2.545752966829877,53.536429750996426,-6.013027981679692
2013-01-01,-5.30018239243385,-12.9003866164964,1.654526715637846,5.422097222516956,23.975220818845916,-80.26584419514778,22.71308747597781,-10.393559289369577,-10.504685803796203,-8.810739449443592,-22.137180674457966,-12.655767865414665
2013-02-01,7.2349395159324486,-2.465216748517901,6.279104808626894,31.8534207611937,29.15004764114085,-65.26092206790311,34.15304643660391,7.852082919003234,-4.966174511323269,-5.575434928896146,-14.470969519075606,4.834412297702284
2013-03-01,-7.377610293685197,-14.014892974150873,18.05592770041304,36.41106217366888,-14.13516594262028,-63.41610417235668,-13.803771227530945,-15.195210045806018,-13.193255543236452,-10.538359538670713,-15.765101114151491,-15.3825386288897
2013-04-01,5.494425551642665,-13.190180696139725,0.8310935477367887,24.589701780156883,53.08341534100334,-54.420903855400326,3.3888209447166515,-20.02629113099453,-16.579188831056086,-14.128229480836255,2.834999628812636,-18.05219366662439
2013-05-01,-1.311976313188293,-1.154440796104533,5.870131589324393,34.9325154603882,1.7225173115619898,-40.807267364712686,-8.277778562503363,-4.7789434417645555,-9.578559206870246,-10.771404174552899,21.776796449668687,-2.420093607003654
2013-06-01,-0.49556045629830014,8.116998552901293,7.003528372732022,30.160991401374957,4.130409539026009,-40.54529560552681,-3.22743598909768,7.805397395923558,1.7414194744456835,4.5656342368319915,15.73466690780595,10.73787474949928
2013-07-01,9.55239840100755,8.690145800395417,0.6045523950932047,46.80632453864327,1.572765556373663,-24.286340405520264,23.064689920447883,12.589844207354478,3.9259852067031953,6.068570307966025,8.008022532675376,12.85830674727801
2013-08-01,13.480714470572693,0.2570716056660718,16.440698628853706,46.47743780820922,-1.257246870615058,-16.516449328845304,22.2591321152609,-9.207290101146178,12.258890125302816,0.14852687390746222,7.627591904213775,-9.542360773947516
2013-09-01,10.692330536912594,-9.47453535368067,15.823875112281808,44.68872047064233,-12.750453329507847,-26.197192828835806,31.89670325998249,-13.693536068287916,2.4620288118705917,-9.473886027159356,-12.078915035343343,-14.58836844948333
2013-10-01,4.914503623927281,-10.70760403474076,5.3998797101353775,43.67074227754292,18.940253751324875,-48.93167141135457,5.493313791987796,-18.451154653114905,-7.077840174493557,-2.1746305319227472,-7.20033071094445,-18.634064103228145
2013-11-01,4.794691687305567,-5.659221235957061,5.259909720303111,61.88444470235158,-6.54659523187621,-61.51628846107348,24.891987706822842,-6.143973814697105,7.009338295206832,-9.08404964058097,-14.949311687456127,-5.128109332257933
2013-12-01,3.750918936357877,-2.209409837255322,1.9836837215529597,63.01225562662304,-11.483714676393202,-80.61839457559182,45.86076458559842,4.204593318273101,7.878382362492059,-4.352256349369844,-22.783419131165335,4.005650613493409
2014-01-01,13.817829760993003,7.51355872512967,-3.8169805264959646,60.966114570578114,-16.612248940508493,58.79880482156254,-30.246541120171177,3.593131862867052,-11.289422914125675,-4.209508269370402,43.04510759268822,6.4284853535891555
2014-02-01,20.545769130164633,-6.6180479372748096,2.9991876621636666,44.77891098101192,-6.772992531958817,37.12122630511862,24.602513234487787,-22.371377940836524,-16.415630083265963,-7.26744539381214,33.67268998071544,-20.708476249174854
2014-03-01,23.421104646301163,8.927794970141292,8.673255633330825,44.2947254487272,12.476364812966265,43.4667833139627,8.194394022518834,4.726529305763781,-3.2716940478133374,1.3179124418155277,40.99140583528838,0.8748213156521073
2014-04-01,20.364933292110376,11.371635757881148,6.790838744700246,74.04870777395743,-12.851727486523373,32.3399839030165,1.496863525401069,17.709981032159774,16.54572090727473,0.6081475995033025,16.01074303771165,5.983586212756287
2014-05-01,12.641523432345322,9.613647887554762,8.746468927006752,44.61620883492029,-23.211713058466486,25.7985810795168,7.258071378749249,14.643240389236947,17.06458989856569,4.865115537661485,9.626943547347514,1.8683500649621754
2014-06-01,18.467268708328156,2.827076580270977,7.7877707893076975,63.794196473706,-4.793405843200831,33.2966955659783,-7.748913444150375,10.736311537876855,-0.4426224946920505,-7.348962865636527,12.001719225484235,-0.8110625016776282
2014-07-01,16.03562398189247,7.070949108894654,14.628895232679254,35.50787849273919,-8.828247938160592,36.081029761978314,2.7885643602261942,1.7999081139944486,10.739759083033187,-4.772017605837661,34.16959785543304,-6.582501902149747
2014-08-01,21.316478502478027,-3.90582292632825,-3.931266701293102,50.056544545522804,-5.304821990536305,37.98370554468697,27.778231114009778,-14.829725534585048,-11.057242608374912,-8.646882627093207,35.11295814413677,-20.108222005724855
2014-09-01,16.105302672961756,-4.1255713509214,-5.659106351670822,56.39315961337738,-12.781059178136733,31.376421190812735,11.19709809042622,-11.384387257824784,-1.4725512247531654,-20.962369210938988,37.16173364516225,-23.97028270625232
2014-10-01,22.35561660599836,-10.306760509238723,-1.7687131358031911,60.980795689724644,-19.92600726376232,48.44734705301861,24.04466068681406,-13.793014932010536,-25.36112811831388,-23.960977841782398,42.00263854303922,-30.42132019712602
2014-11-01,20.897865558205307,-21.92350254858515,7.027103231203692,36.96807869971263,-23.246813626263616,46.76272321951637,36.978236266857465,-38.171584692380186,-33.92252802297955,-30.186562471286,38.90845887380244,-46.24529643008247
2014-12-01,19.391008521369944,-32.90948630839472,-5.569663920983142,56.94929892605335,-7.258337127023499,52.360459041090955,0.4732856877120442,-57.15430444909478,-35.56916927859229,-40.72345168039697,35.99283000734187,-67.0933361412314
2015-01-01,5.4535709424419725,-52.440205383242684,-15.937249202585752,30.02635556610907,-8.30600599278011,47.72192948076817,-26.23717513930152,-79.87623391386387,-58.94974657416125,-62.666675824804166,23.25899024554467,-83.96736084892883
2015-02-01,3.125195463359527,-39.76638374428089,-53.58700110332406,55.102706891552536,-4.180267504659276,41.82230941030701,-23.53177037707857,-59.13964320660185,-29.36506670238107,-63.46527454838882,18.92689964761204,-65.7888339116447
2015-03-01,-12.789016230852315,-42.88136283065533,-69.96131945362465,47.48506057842371,-32.31644531443649,22.753510572058126,-31.905887536682265,-61.17049877624178,-33.960188076216454,-66.35095658091956,7.699163703621152,-60.62433442351997
2015-04-01,-4.321980211268906,-35.87423166786648,-67.85046256401887,41.11106288225061,0.4637800038176483,23.471671781448432,-18.80595315984235,-56.69339824233961,-26.123174607427075,-62.83687705111842,25.99310619889398,-59.71081463734128
2015-05-01,-4.036989666306401,-26.14536811212106,-74.30968594027404,15.255909699065228,49.007370374707016,18.761194384348364,-28.899736849378577,-42.712461498254896,-38.41252353271115,-47.717343222742635,37.156944156523885,-39.0414564634205
2015-06-01,8.168587196105397,-23.407535438624034,-76.03818738963413,55.52857725379097,61.73834089594067,13.681609095516967,-14.06740387508749,-40.32317711678502,-30.68426547833123,-37.270098880527385,29.348580194318696,-38.108715911795244
2015-07-01,-14.51093563453963,-27.666323848029446,-58.915465762643606,44.86419121730255,-45.0228908337117,16.451702303024803,-29.932215096670184,-34.3034204993083,-47.14695796696432,-47.30905295880601,26.73857594379444,-36.31076375886305
2015-08-01,-7.015851953903171,-28.814151061672618,-60.01622120166553,49.314662279034174,2.5748300350157196,10.686380315989716,-37.63891119788994,-36.50640511766043,-27.806719695022142,-53.60779733610093,12.186004396286457,-38.33583755586606
2015-09-01,-16.821683855071953,-35.62368930413517,-68.97039434127805,46.616640574302565,-30.66680882372938,11.968124232827716,-43.055980917482614,-46.13174860710744,-29.820149519046257,-50.5628176175257,3.0076066172542886,-54.611337394250725
2015-10-01,-13.391468250548465,-32.311937162358866,-69.1387797330199,37.255889729122586,-16.631315342549822,4.999221844689066,-23.442357750984254,-27.732414887412006,-41.814393468144516,-56.689272852320904,0.6903177196409542,-36.013922323557885
2015-11-01,-16.642728786799044,-26.458616323022664,-83.25897789399825,21.74094691274575,19.586601116503715,-5.317201491126549,-35.96501257811988,-13.933865211835514,-32.232119566123934,-43.075280931453555,-20.2591303398705,-22.792685565829824
2015-12-01,-18.077566202279115,-21.882728327022505,-75.45871650053427,38.15396974529783,-8.505346339655445,-5.183505680626451,-39.39423223587723,-6.993384415333807,-36.92517132570048,-33.57899396279891,-19.965116774122414,-11.950975157156908
2016-01-01,-7.790412914140207,13.207941098881125,-41.43316016546692,50.46320019304096,-6.844311911019066,-5.585362194388904,-35.5524304928671,29.752852770227822,21.221587643256047,19.519188266440896,-26.30727505677408,21.85335187125494
2016-02-01,-14.820588864284819,-17.595981705148656,-47.69482767182767,24.76602412605612,-37.82081475781105,-8.580251960108452,-4.773074057733036,-18.579308862557717,10.621880534370524,-3.6395779459244904,-37.670592632373555,-38.71230961925804
2016-03-01,-8.528456045831522,-15.019249886911647,-53.593693380710306,18.214577847829016,-30.18866538820356,1.0194667683399974,21.90603392358725,-12.113686570197082,2.1609222421278638,-15.517979777142827,-29.577623986192098,-20.047881343154092
2016-04-01,-13.019035987506038,-3.3275832678269452,-23.905811198903525,8.925908905401602,-47.30227620881683,-11.00131714888723,8.188315713675793,-1.0479649354773513,14.886793087821323,0.05771149694643758,-30.568937023887166,0.03448103546202885
2016-05-01,-5.824653056865861,-14.64505903918056,-30.781699453072626,51.09933612125971,-52.762504182623005,-12.18321039107622,15.504812621182834,-11.298625138859201,18.373029231657537,-20.491932575780922,-43.5946200866323,-16.21314662628792
2016-06-01,-6.969320322367866,-7.220430329080299,-4.76148922269627,17.707990284523152,-63.969578786764636,-10.493177202967205,26.669653316065617,-6.249015364298613,7.7103318412513655,-1.0275119808120183,-30.94951817033394,-5.586437971208293
2016-07-01,0.14494428036445067,-13.831101794099766,-35.5144754446157,38.81960155774953,-1.3374112471608544,-5.234029780247687,3.9910363160969644,-22.249830901845836,21.913312977674547,-20.283927655507735,-26.668464467386904,-21.8665989234329
2016-08-01,-17.72625979220702,-0.35813348885805907,-26.33511724693803,12.437208236860169,-27.231675761247114,-7.798018249022346,-39.70369594068779,7.54143592558329,40.465295985034224,-12.699501043638842,-33.73410603872561,-3.3637922725433596
2016-09-01,-0.23207241511752413,18.710641270260886,-22.891235192281556,10.013063798349739,20.00819405301876,-6.9512699133592415,-1.339114821315321,26.18869956883099,25.43622181540049,20.32943728449914,-15.215849775116657,36.81469745769048
2016-10-01,-1.0740382716847474,25.570269999460173,-7.069794557869209,27.684773229042225,-17.995818494951664,-6.408375411150898,-1.5809761234941921,23.265749376506697,49.43047097357801,32.624877173107066,-17.121396493687797,39.6516489677969
2016-11-01,3.385854130211625,20.53428689390244,-2.4446304927249014,43.25670615647279,-38.886626597740985,1.0777081249078266,13.926113460143402,26.80995100834101,17.51806418683068,31.25161667802665,-10.521328270270356,37.613130866584235
2016-12-01,14.874563183462147,36.656713982631494,27.280904225127767,29.6511524557524,-18.97044836021986,-5.687126008283719,42.098333604934155,48.426395046620456,41.12318127028451,43.9840698451754,-6.9459900788555515,56.69591382993268
2017-01-01,11.573014385836377,43.899073593233155,-19.211381671098042,27.7008408694074,7.466332585608577,-3.8187050853301123,45.72798523059406,60.49728458648818,55.218107157906196,31.630131961101966,2.4281675943539307,69.72167666631552
2017-02-01,17.343887805506995,49.27457452253935,0.5831377367264632,34.86128387702359,-19.50706868952047,0.3869168455496027,70.3951692577558,61.32818061045765,48.374580213705094,46.57446402996142,15.500281678888847,74.59536607968376
2017-03-01,30.874444109164365,24.94762198348721,34.811359475635435,48.030790652210236,20.442891905745615,9.604866682169234,41.482311830061306,36.44180797381688,-5.903857136247157,46.64186648110654,5.662252514953872,41.896040083805914
2017-04-01,14.436644461373831,28.176571450869016,36.86079085070446,32.66715006896545,-16.06864923529994,17.21751302796736,1.5064175945318425,28.297382942085687,3.857386712180068,55.15944018507615,14.602225031537902,38.966422383465286
2017-05-01,23.120571833238532,9.900765298795989,34.767312243475814,30.25045802397606,-33.433870531935625,31.47956175481482,52.53939767586158,7.346232667578341,-22.959288077888047,35.18652187961745,17.922133161793354,12.008226862878841
2017-06-01,23.456364225872104,7.157118795100649,16.039381380088884,37.0974689894065,14.454297638781588,24.207019071931416,25.483654049152133,-6.528708818144572,5.314410151373969,14.952823589177736,19.306890986505124,2.740178066590987
2017-07-01,15.804763837337813,10.024908794041938,8.53480833877455,28.33106735279143,-25.62719284696454,20.65523507270009,47.12990126938754,10.312402821092704,-21.58608607759369,27.979147768144923,15.040046080224592,18.379033378341155
2017-08-01,13.921014477669093,19.95313494633953,-2.3650648648147885,15.454467166555485,7.516875786876579,18.990865905630923,30.00792839409726,23.736777843225994,-29.68141516867352,45.69651210694469,23.549952145963076,36.463847804237425
2017-09-01,14.955474137357935,28.26825929668621,11.214200604959245,33.050859717990704,-49.03926287723923,17.10859132460896,62.44298191647001,41.9610205424912,-24.04757507340806,47.147434481817086,24.183583667126776,52.09683286540406
2017-10-01,31.595151743291183,26.665306017068293,44.199897579318545,35.71145741232138,10.963964445546187,19.476687233153623,47.62375204611618,17.92849867862751,20.774466308112345,51.14939021291934,26.200531897124925,17.27364298855734
2017-11-01,24.390057692409435,36.90541298376579,47.111685493882895,29.036983292185226,-18.03885315004055,15.756587769482275,48.08388505653733,37.97960537922426,8.101808422117768,52.27728067265793,41.013561020016844,45.15480942481214
2017-12-01,24.077781933383687,22.638810502207797,19.12879833692117,38.109033776020965,-10.05141408383598,15.028280435934779,58.174211201877505,20.691574252545216,21.762243236569624,18.772396496667344,36.68645111048598,15.281387414770805
2018-01-01,22.23725960734481,28.81166332557219,29.60893072692126,39.29187555482521,-30.694544099577108,17.745787053144603,55.23424880141008,26.087748703419134,32.915782210296385,35.77210894683307,32.10747284308052,17.175203924231862
2018-02-01,22.270452974922115,30.79247506433719,44.9399357777484,17.716848343271202,3.5229290958256407,12.38287190751753,32.7896797502478,32.355998879500106,30.63807147205171,40.19483508579578,17.108602667315022,33.66486721702335
2018-03-01,18.658463063678507,43.027041058287104,29.709926451160744,36.96407727608081,5.51357133705543,10.67395262827488,10.43078762582068,43.352000483068856,81.81459753734046,41.95020482881047,24.73612039741388,23.282282044801857
2018-04-01,24.073078068884058,34.44501633522837,34.60665482458178,25.5138571366028,16.705604610284812,9.354421607960555,34.184852164990325,43.131072334461244,55.96243472474364,26.82342777719528,14.338758373021932,31.96938846671975
2018-05-01,18.256509579427295,49.33025426168916,-2.2506485799770215,50.93072030261002,17.341017140841394,-2.0630478038980513,27.324506837560143,56.76086220363322,73.23734164474477,49.9251673427733,17.01735129438725,49.71054882290723
2018-06-01,8.043422447917903,41.243966622151255,32.758404623214446,6.887409811818316,-44.96664383839719,12.853282545304856,32.68465909764909,52.05606095560622,48.5008017682777,47.845500718850715,16.649864170552746,41.167605497468905
2018-07-01,16.342362537815553,43.892175534086064,30.115075918420708,48.63254494123135,5.473193116249549,12.576281799986624,-15.085283086810461,47.65026901839953,63.567130930811466,48.18671631998267,19.534377992131454,40.52238340910516
2018-08-01,19.270433188145283,26.297308039296972,59.177327858966756,28.64650006006242,-55.68859597059511,19.573913810858308,44.64302018143404,30.018231239505607,29.576117846109483,20.657875706631177,27.547054612081258,23.687260792157353
2018-09-01,19.581724570560162,11.34658004243894,42.349453354994324,44.24895350990424,-5.298747739158843,9.119110490295956,7.489853236765147,4.057558976022534,55.14345240370591,12.2796013883879,-6.143441000622728,-8.604271555298904
2018-10-01,-9.078633082019127,20.8114845625228,-2.6585055630390872,19.378291934988454,-61.00706450858241,8.81308031776621,-9.918967591228798,31.24559803613956,20.681516106410953,40.979983284153896,-23.862502694244647,35.01282808015425
2018-11-01,12.908139796584072,1.9548123755243267,10.052760972233465,27.542438828146132,1.0749881865970505,11.478331907326165,14.392179088617546,0.6361802596158808,63.07075266070253,2.303605746747566,-38.70169351344964,-17.534783275994712
2018-12-01,-6.044204090640361,6.0477112017719765,4.834957553995029,10.78279509208471,-30.065854864624313,54.00309324158441,-69.77601147624164,-8.014240838679962,51.51239296240959,20.2128314928934,-16.731314345456333,-16.74111326230682
2019-01-01,-4.439879757668363,-13.325558597854087,-2.4064136419765143,7.075319515315487,-43.774013852633125,10.869589869135934,6.0361193218164,-22.41238838292378,2.6051257571794744,-23.721956192388323,14.523118497183212,-37.62169266832102
2019-02-01,-3.706352278936509,-2.7724509850354813,-23.620504111058064,41.639161676935046,-32.690449417173525,33.864849407674654,-37.724818951060655,-17.664924659468344,-10.30912617531643,0.8157981602537452,35.28476089376247,-21.988763144408843
2019-03-01,-7.202211132604911,10.933011579675336,-20.05196949284889,26.95322327307646,-47.5703445956379,4.470390587543177,0.18764456484259207,19.60749042193668,-33.141886833434405,5.946442438172107,49.54625114215886,12.70676072954344
2019-04-01,-21.70622033791385,13.267081008811266,-53.34182144307501,43.14976275615997,-36.1683014182067,-17.348105369924095,-44.822636214523406,15.961767437182006,-1.7835063937677154,30.349301068820715,6.2602535551190215,15.5475893767023
2019-05-01,-6.179940519360112,-6.790806203455037,1.8141459952155718,43.894480650568,-8.655814918648563,-28.810485580727295,-39.14202874320827,-0.5328225004455571,-22.728090857566002,2.6130999504019723,-10.055030124288244,-3.2511874853773515
2019-06-01,-22.103608807741548,-9.103132692915057,-32.61715626455548,35.31715511214774,-28.418019895740866,-32.13809781019887,-52.66192518036026,-11.062924809786114,20.189611190550593,-16.350499082382637,-20.14030689063135,-18.151543872325774
2019-07-01,-18.830173118749606,-7.170839632459509,-31.696958734202706,17.381587587700984,-2.4805413150046696,-40.21596532999332,-37.138987802248316,11.986877209654129,1.2787405012021302,-3.772285866682923,-44.67394883982306,-0.6735811666478141
2019-08-01,-2.430230964919312,0.5876764792961311,-25.85326982492735,39.264850021321124,62.58590825117514,-15.393243791327366,-72.75539948083811,-1.821539997309628,30.768499028961305,15.275366605262555,-22.128587066216507,-19.155356174217072
2019-09-01,0.2908651223075623,-8.795092878445983,-30.072287105289046,44.02462624282645,26.875566559439445,-3.9648466634336597,-35.408733422005376,4.9516380316690904,-12.674534245163677,-12.762519402894373,-12.488257806201647,-11.001790969639307
2019-10-01,-3.3953201922912273,3.595883822452399,-42.08819564989235,21.574651750123945,61.44875278444184,-11.875429283880615,-46.03638056224895,11.490833569109169,1.0551442602577807,-27.19127653096146,39.16620312084995,-6.541485306993444
2019-11-01,-3.703207181721312,6.402779387171583,-18.2988500783435,28.51875080025336,23.181449630083588,-1.2588991917713264,-50.658487068828684,31.637930822642495,-44.11756369584679,-15.123155270397431,41.69733960613195,17.91934547332769
2019-12-01,-23.156473533945345,11.117173883912459,-29.940890431007922,25.02004336288045,14.869161075052222,-84.43939131888214,-41.29129035776933,35.40052485299964,-14.477642355482823,9.861884889083342,-8.382504770528612,33.18360680349075
2020-01-01,12.81065789894816,29.63610928516165,-19.280572766193302,25.977525783690147,54.95839385904687,0.49510868731992114,1.9028339308771556,42.42288450519202,-6.9692851329977215,34.53419992038139,39.4712836847222,38.721463448510356
2020-02-01,-1.9584055936734877,9.604546180268901,1.8493410999142652,41.323732585408116,11.870863953723347,-26.909500503687656,-37.926465103725505,14.02202351645944,20.80479795046116,-34.45914099774661,45.34892491457037,2.306125517600146
2020-03-01,-64.79274061745676,-53.56904326647824,-82.28443338769328,-72.13365059117885,-17.075101761617642,-79.90355541498865,-72.56696193180538,-45.51672811271831,-35.67479370456865,-51.761452168634946,-88.62161672473195,-46.27062562173732
2020-04-01,-55.46311254088029,-86.74611548962545,-98.38780325482871,-99.52014335365864,-83.41460390655205,99.42226728612526,-95.4152794754873,-81.11476668597975,-90.01343233732383,-85.39162856763072,-99.00392200881424,-78.20682784837877
2020-05-01,-41.96642375370733,-64.39970896328037,-84.03709161296679,-86.42255754015841,-29.788539707284308,58.48316203973242,-68.06709194785951,-69.07023122471942,-70.17184149675427,-49.98498654627829,-69.12048992592116,-63.65099562272878
2020-06-01,3.9409909035755604,-42.85138336093183,-40.20720033887177,-65.76982476981614,-6.635885649047589,69.64616552371295,62.671699751900356,-33.061468292736684,-72.31077068716012,-38.546807812086435,-44.93303576999727,-25.404834242678646
2020-07-01,21.508028570411604,-20.949470546572297,-7.013936806034876,-50.43152891080441,50.948724625524235,65.58041823058622,48.45646571278684,-12.574644550266584,-19.42143082296967,-19.664231836769712,-26.87403063492418,-26.21301488793134
2020-08-01,-1.9747707340519667,-14.977470979759119,-23.872994700069626,-23.177614514594993,-21.8849887019536,-5.066785059876697,64.12852930623508,-1.2572655849619045,-1.1927348790983323,-30.625398266389826,-26.60384387432594,-15.208112294019593
2020-09-01,4.223561140910277,-8.771739598344135,-24.95540006654296,-26.00226734432905,33.33481805289257,24.55542582696163,14.185229235569189,-6.588509095024303,2.3696199679257806,-2.7984032866974693,-20.03949720958949,-16.801908368335187
2020-10-01,7.871170321344422,-16.210475992443794,-10.54152067267333,-5.975057442708445,-5.9274093605655676,6.731827138359842,55.06801194430962,-28.12153372798063,-23.60400210246635,-4.706240154115069,6.24481738570413,-30.86542136336105
2020-11-01,5.865955228147091,-10.22936502608015,-18.603184436798827,-11.737259005255176,40.666328223523315,-14.67922277683095,33.68311413609709,-23.867060146895007,-7.820450428223745,-0.664261925780733,10.465593571999975,-29.260646201501235
2020-12-01,20.94329865469665,0.15470823098249475,0.8430220205594674,-11.110411609473102,61.65525258768313,6.425005401374683,46.90362487333907,-8.05997804288987,11.91832136182526,-8.697366564621403,18.418882998189385,-12.806318597590899
2021-01-01,33.013998935098954,8.801939104584836,8.930860983309133,-5.250405642394659,68.52433839023637,90.4589908084195,2.4062101359244186,-10.55102181393948,37.10672233215929,32.626868074796015,-21.56297986488836,6.390106794796711
2021-02-01,-0.9005049060030614,22.148618820451993,-41.88178483324739,-2.5961496577362038,40.401347739186555,-38.714240215273406,38.28830243705514,16.74776452990445,30.815457191630674,68.06603954131987,-42.30327002192727,37.417102861332246
2021-03-01,52.77219042729272,68.09783476350736,52.356899204240925,-1.363132885269858,69.84834480066851,98.55287552002311,44.465965496800905,66.14844090946484,84.53562154011892,76.19492079675499,41.92076195376823,71.68942861742984
2021-04-01,24.11294185600648,92.58082742215522,94.23851730654269,-3.8721561076235145,95.61807191126925,-83.73530077337882,18.31557694322279,91.9060708080964,96.89787333290137,92.46111239833704,96.63640642220851,85.00267414923283
2021-05-01,22.91899928482379,83.06576148153135,75.90325723013484,0.9506414276115868,28.612049438383043,-27.84130004625039,36.97034837423986,90.06358636935596,93.92014901611229,83.07822294275537,70.47489048148547,77.79195859794767
2021-06-01,4.784234911877593,74.4673193196879,30.54064207123482,-4.931348737508402,27.62351000196687,-51.02574096513393,21.7141121888286,86.11235175573914,91.16107939333187,82.48616765129503,57.85370567722444,54.723292120848974
2021-07-01,-7.952711206910967,68.04895621643841,12.029836836422515,5.956136525416189,-37.059144796302895,-39.52481594143764,18.834431341346992,75.61088775884944,81.926966632337,76.73827520893343,53.4546749174006,52.51397656467154
2021-08-01,10.844313772543956,63.853862399293575,13.620166293721567,7.347884841036959,16.62406915634577,-12.376585930254477,29.00603450186996,66.70410712702548,74.6316922871155,79.04161035367146,44.42243418059445,54.46946804806102
2021-09-01,-6.318417055738249,61.213195896422484,9.343052275810292,13.809971930458422,-46.63878835990928,-32.51070460546078,24.404383480410104,66.27606986373215,71.00751329830739,70.38856207132545,47.17062790368319,51.223206345064234
2021-10-01,-2.5970200242304102,66.46307727853062,19.509975103437323,14.028219796142876,-3.266537287834935,-26.251408764139356,-17.005348968757957,80.41795478223584,82.2349955549179,66.76332586296553,35.64589817535052,67.25321201718324
2021-11-01,-0.1798984400034131,68.5219654215796,20.10810559286041,20.315364230588315,-26.879902856317063,-21.4236341711587,6.98057500400997,80.45294159193868,84.43797650029072,76.52432310600601,34.5790635998251,66.61552230983743
2021-12-01,0.41478308475825043,60.154246872062416,4.2824639064602135,20.339219427346404,5.81301480041168,-26.85615558483339,-1.5046271255936505,74.56933365664712,81.59615446921313,65.65608377282028,34.985635645013126,43.96402681661841
2022-01-01,-21.666020239123846,56.1044089670007,1.1072609433437726,16.050704933830804,-31.25241289569346,-79.15686239375567,-15.07879178334467,76.94274251376304,75.03676951937769,62.651854669862686,28.781516404791223,37.10916172720885
2022-02-01,10.481832289793704,56.503205304872836,39.31391234830077,19.70667173170085,3.5678272128104433,-24.969234151873675,14.789984308030135,74.28450567079153,73.72795649670721,61.14072057944577,42.779765931228354,30.583077846191298
2022-03-01,-21.59127281360902,60.8413973579526,6.706587504271264,21.229358837418552,-5.394248394417184,-90.97859564555802,-39.51946636975973,77.22678360111446,61.52446921313191,75.26654545508579,30.69747006431958,59.49171845611123
2022-04-01,-3.5412095260858556,40.4552271163179,19.418823669672488,17.249908335293956,-9.767332426287238,-21.692675222198304,-22.91477198691018,59.8292166094622,40.2843189377232,50.30763737292941,12.244131594122681,39.610831067352024
2022-05-01,-8.594951025365464,43.31064238189765,6.985077587101103,19.10765287261364,-21.192921180033007,-32.497191011834445,-15.377373394674615,65.75098601774062,34.574415678253494,50.90078353218631,6.055125664444366,59.271901016863424
2022-06-01,-9.39005322669821,45.85512131463473,8.065882716814848,17.044775250250872,-3.399015822131178,-22.94965941139064,-45.71224886703495,67.95048853394034,46.160470846021774,47.095871098701174,-0.7797579998127585,68.84853409432313
2022-07-01,-9.825129751919045,20.966660626564455,7.286922903648612,18.694819282530823,-11.790449295687736,-24.28610059352056,-39.030841056566366,39.16739163521928,25.660078400458612,6.824522164184862,10.850786160224727,22.330524772734787
2022-08-01,-15.252899495293011,20.9140191939634,9.296317011148709,14.968312264508812,-60.68928273866017,-20.820237935947397,-19.019606077515004,40.4059054444519,50.247957318573,3.173026634024944,13.556375275481425,-2.813168702714274
2022-09-01,-4.945876956054034,21.229181742874786,21.853353256103105,17.372062610192614,-8.863271044444069,-11.518391240508697,-43.573138361613125,35.284362516054344,53.22615777721593,11.076023448385477,13.41388923821987,-6.854524265501693
2022-10-01,-12.6334340511197,9.479077238171731,4.663875950984054,13.77536140087793,-49.41504150305428,-10.608736742540191,-21.582629361866005,19.303934296790175,34.779565352499084,10.282738653681204,-12.04112395146818,-4.92972816064362
2022-11-01,-19.355504097204175,-1.828812177747651,-1.4329188350844422,14.481666058839485,-64.20306332336946,-8.107976324539155,-37.51522806186731,7.2188019278053535,21.072733313657196,-2.8159399109949605,-18.79342741998409,-15.82622879922175
2022-12-01,-21.555089503729477,-12.003404640057255,-10.85525023043632,16.075541074262702,-68.48838173753884,-4.225355487641864,-40.28200113729306,-2.9094699207365857,11.395283318354513,-15.857290438326135,-23.360849860142192,-29.284696299435875
2023-01-01,-13.11517347624746,2.730780491283016,2.54850130917435,17.40250178258551,-56.5876648329764,19.53794915832686,-48.47715479834762,8.583133725806407,23.984460567812587,-17.602738385771925,7.901299657826957,-9.212253109258949
2023-02-01,-3.77527166751189,-7.081760291451748,-5.017122805299032,12.336201696775232,-22.930494197793816,14.587360851617333,-17.852303882859164,-1.988150268989735,19.78714522765225,-28.700429439032,1.064412749833298,-25.571779726722554
2023-03-01,-12.724821160756838,-21.96082521352751,-7.281594775355652,15.70208417709991,-51.27425768306229,18.544805903203883,-39.31514342567004,-25.997977759150476,19.77198460995805,-52.55440297500792,6.594032643667666,-57.617762587104885
2023-04-01,-6.852627150850748,-9.651562528548391,-3.732972235673268,16.479696712715228,-39.82265470546128,15.49221923175422,-22.679424757588635,-7.762258147682447,19.94810879218674,-35.81252456839369,7.771856133799179,-32.40299485265174
2023-05-01,-7.10620645773488,-22.68808595970253,-5.490031204664808,9.839938149613085,-14.721660006750694,17.437718389227268,-42.596997616099245,-31.344262068277573,15.441597813807196,-50.76837956489,8.701173476468595,-55.47055945562087
2023-06-01,-5.405631265972604,-29.315680950629336,-8.33197704738587,13.92913567744037,-32.263958523557434,17.570990069725013,-17.932346506085096,-44.71293451396854,-9.865476623235041,-46.92269845462314,9.827011589971736,-54.904306751291706
2023-07-01,-2.322214829420054,-14.09066763732182,-2.175353358368756,14.77984234702627,-19.802748264561306,10.73146810364771,-15.14428297484419,-17.4972744597944,1.4543953217634413,-19.608658425066995,-4.5432591656431285,-30.25854145786802
2023-08-01,3.6668730244125953,-6.999204160360736,-4.429251210242623,8.325477698358515,22.58118940968804,9.342125957833218,-17.48517673357418,-0.5292611451115089,-25.63650144057627,-7.861012610496859,-2.4397732092596973,1.470527603640657
2023-09-01,-1.2476065257480673,-7.825582614884465,-3.187641058750275,10.514754818313014,-17.69044593604853,7.060321853573938,-2.9350223058284834,-4.915246250434822,-11.609289633232658,-16.539029734666798,-7.040558538828151,0.9762110827401055
2023-10-01,-2.910077909503008,-18.129481960413816,-8.402266859799527,9.979574477413786,6.211660816070382,6.9361858436434245,-29.275543824843105,-21.878915137459238,-18.793815762185204,-30.86388756377469,2.5038728359484086,-21.614664174598357
2023-11-01,7.6825083117118185,-15.675830304820161,0.17279004941918674,12.719662353206129,24.776711288896337,7.966706204592894,-7.223328337555457,-17.23553594982094,-19.451439125962168,-30.078069942146268,8.632821797010445,-20.246928303181868
2023-12-01,6.383639593546845,-8.735871970539119,10.393311244641163,12.034125144762994,21.767095652215055,7.039772035786456,-19.31610610967144,-4.708821419983994,-26.24905549724474,-18.972168324402027,11.893368264184152,-5.64268287524899
2024-01-01,3.470978092755986,-17.643446480954175,-9.634684255032187,12.190089241298839,3.601265923066836,-6.105818949097261,17.304038503543705,-18.608443022646178,-17.360460370704093,-22.20811920142775,-8.840123953595496,-21.200085856397344
2024-02-01,-5.694516001812195,-7.778271560588824,4.071659419693309,7.799902929882249,-19.3538459300783,-5.856293888871773,-15.134002539686461,-7.9464538031862,-20.49315929465372,-5.5381876304189674,-1.6125726515605214,-3.3009844231247176
2024-03-01,1.105003098670145,-6.349815119111762,-0.603216740764272,11.480803422060996,-4.152203868371293,-7.93215382560537,6.731786506030665,-0.4939208903313181,-14.11673942111425,-9.180882180229686,-14.514426390198217,6.556893286314658
2024-04-01,-7.220802490006429,-6.036482677770444,-7.307448441253885,8.571919616753648,-13.444176679955097,-8.197612386109055,-15.726694559467754,-8.289001855034767,-13.446072070676449,0.7920093184212604,-11.183284070385909,1.9439352888236439
2024-05-01,-10.892001307517495,-9.201990594890958,5.496420184458115,7.795270043058446,-29.90861904603354,-8.027528751973943,-29.815548967096557,-10.108715338066396,-25.199232618186457,-5.156903128463524,-9.88181257943081,4.336710689692393
2024-06-01,0.10177182920449664,-12.871900516809585,8.778893228429562,6.2602929910514495,-6.0522400883483005,-6.278654726146911,-2.1994322589633155,-20.73362385309268,-16.983992613555447,-0.4095873744619944,-13.46464637661319,-12.767652366324628
2024-07-01,-7.1697178731070155,-8.974805152525937,-9.652553957021425,2.9923127499744187,-24.6604342417191,16.557381480590273,-21.08529539735925,-18.258201949509083,-13.602569626146533,-19.58333615015641,14.206450998156011,-7.636369034973667
2024-08-01,-5.806558941229127,-16.23739064011944,0.30279490609623555,6.916563773776351,-18.522778528080778,12.243672239274161,-29.97304709721161,-29.8735008620561,-10.05499866020972,-16.801886712560172,6.15439322294396,-30.610960188715165
2024-09-01,-3.9816276445370717,-18.70656767632122,-7.84247203577605,8.567472621779965,-16.975058334077197,14.530934548550203,-18.18901502316228,-24.509891811254782,-11.932368370475894,-15.86017845799644,-10.304957406290388,-30.925442335588606
2024-10-01,-3.7305571779433238,-8.127263412873301,-2.799226546739506,8.570791902909518,-20.858733309229507,11.83990037060989,-15.405518307267013,-15.603750135270392,-5.500515134790175,1.2344400197483498,-2.055645599850177,-18.710846214204107
2024-11-01,3.7193041945457113,-7.792695842668566,-5.117332290717477,6.61656459329612,3.1453828209279417,10.284019265804007,3.6678865834179635,-14.072406979460785,-10.380704965726533,1.6007826148034037,-3.0415163049572413,-13.069633578001675
2024-12-01,3.5484507216506977,-3.264730001497734,4.355025393131929,9.569017209653948,-10.238008769236934,8.063238170202187,5.992981604502358,-7.933209720041747,-3.6769052466841106,8.072528637753553,-10.16922502484057,-2.616838653675797
2025-01-01,10.762024082995584,-9.851576534940026,15.956797747172779,11.121902780384369,-2.4022994392487447,8.63037299368401,20.503346332985497,-8.964576100551213,-22.59367111830394,4.19732224060036,-19.930066693592178,-1.9668910028531568
2025-02-01,-3.5782298083961726,-12.027447404409694,7.417349959573925,8.765901312217938,-19.41089581770587,9.941400264465624,-24.60490476053248,-18.36833558048859,5.745660995276569,-11.488557408695394,-25.322298768433242,-10.703706259707808
2025-03-01,0.22670842877066305,-20.449040262758835,6.313663503616356,7.156831245603054,7.10800611171826,11.4995537128215,-30.944512429905853,-29.607507924993758,-28.307476988126695,-2.8369891356109727,-18.453683349525384,-23.03954391553738
2025-04-01,-0.5915383948774775,-22.170135022421682,3.4492886834970524,0.21784818307163845,-5.218828692517481,18.30861714168276,-19.714617290121357,-27.482336334531116,-22.893704424078823,-28.72422319626528,-11.02466525933972,-20.72574589789346
2025-05-01,-3.040387186562675,-15.509396256111945,-5.945262005912544,-0.4281827775066596,1.1892601657303394,11.04462431073157,-21.06237562585608,-22.156687351927626,-9.42335185167053,-11.784043062550293,-14.637065901562279,-19.545833112849
2025-06-01,-5.249088989746785,-14.177612982442833,-2.762165689725721,4.925695447877879,-14.861047313898798,11.907158696612836,-25.455086089600123,-11.432600865253399,-16.131587161231504,-23.212637147358294,-14.133311568013674,-5.977928170357295
2025-07-01,-5.5007165586668,-10.785894904941891,1.6489733553566537,-4.064537744964236,-5.732632874704215,-2.663440591974,-16.6919449370482,-17.32446508221643,-11.902549320666015,-0.17361233313234048,-8.9489582429474,-15.57988954574727
2025-08-01,-6.291040191956447,-12.640943912120779,-6.189550144384732,-10.237363305401855,-29.70167547710919,-1.6142195830442236,16.28760755015777,-10.003489163881497,-12.891612168708283,-20.4313188891038,-14.678842720810497,-5.1994566180998225
2025-09-01,-4.610785450250346,-12.49739178571083,4.398021396282563,-17.177063025107405,9.782401610774162,-1.89872687812165,-18.158560355079402,-12.377204420094397,-22.829800015180414,-14.299358213876632,-13.85861145174841,0.8780151723456988
2025-10-01,,,7.379204718037012,,-1.8440832808010406,-2.2958678766818297,-2.9624922431414458,,-27.337496404234745,-14.65705410841032,-34.21250025979348,
2025-11-01,,,11.542923312292611,,-19.989586006941956,-1.1493766640644396,-25.66102768841066,,-15.60073707602081,-10.066645912648864,-28.05094804226893,
2025-12-01,-5.255766061243197,-15.201711622156642,-10.27059147111262,-6.748472693175699,4.019475420829727,1.6721296975632591,-14.95137126032065,-22.186698405762765,-8.092280744469445,-12.785792420103299,-19.91673949546648,-13.027047044981229
2026-01-01,,,8.417120930329238,,-17.16157546569178,6.04898046023299,58.71181569154277,,-6.8518016184499695,-15.179024016786672,-18.063417976204573,
2026-02-01,4.28832085779141,-17.87725310474387,-14.40292350399466,-20.378273930781717,30.853832394275678,1.8816094526529004,23.48735987680485,-27.087694268806484,-20.10011141814051,-1.4288794585441118,-27.177709528618593,-13.591870849609645
2026-03-01,-7.414184421384254,3.6741337484087877,-13.015816598546898,-4.357879755498441,-30.533662858615944,-1.7106061667293238,12.547043272469327,7.4230949010792875,-2.0214817590239806,15.203751788151198,-41.824866278840375,39.59017009067781
2026-04-01,2.5195489289030553,11.24740370381941,-0.26577674557683156,-14.144931406837344,24.111661343885793,-14.780941969860988,17.677733422904648,9.218670059441383,-2.271024445135856,39.95862491547525,-30.01335493209407,39.34410292141034
2026-05-01,8.169047722236122,15.915742563408505,4.371990003474906,-14.131438896454906,12.92997576213458,-1.9549276987818633,39.62963944080789,15.292609154581605,4.555213928685284,27.743576349621602,-19.102832976369278,51.09014636052331
2026-06-01,5.429603547722844,-8.139857440089289,-3.5869617366579925,-3.7229528097322744,7.712717774343175,-0.36823222824481383,27.113446738906127,-23.892140736331935,-11.754020299561768,8.14977917324838,-15.897970599875888,2.6950652620747735
2026-07-01,15.71303928254159,-12.312928246266873,-6.64597482439359,2.2921011995979774,40.75194203749414,5.246281756290343,36.920846243719076,-14.958993066540163,-34.24510016394391,-7.941811505205106,-18.108730423970936,13.689993928325764
2026-08-01,8.475435714835099,-3.462702494408133,2.20938783798722,-4.980315275969815,32.61230525118371,6.118353392144424,6.417447368829954,-15.264024482305564,-20.126069579289613,18.089413634390354,-19.539538438214894,19.52670639337905
2026-09-01,,,,-24.410005991205036,,,34.95101043632755,,,,,
