date,SHV,GSG
2007-01-11,81.788491753396386,36.319999694824219
2007-01-12,81.83367482163392,36.880001068115234
2007-01-16,81.818631863857107,36.150001525878906
2007-01-17,81.86378396357631,36.319999694824219
2007-01-18,81.856227645104781,35.889999389648438
2007-01-19,81.841153718809636,36.810001373291016
2007-01-22,81.87132479778866,36.880001068115234
2007-01-23,81.87887337413062,37.75
2007-01-24,81.923971278942744,37.950000762939453
2007-01-25,81.923971278942744,37.450000762939453
2007-01-26,81.916453671119115,37.830001831054688
2007-01-29,81.976594533708081,36.970001220703125
2007-01-30,81.976594533708081,38.419998168945312
2007-01-31,82.014236767733237,39.049999237060547
2007-02-01,82.01727168252917,38.590000152587891
2007-02-02,82.039948380073341,39.090000152587891
2007-02-05,82.062555398451252,39.290000915527344
2007-02-06,82.055030048498082,39.020000457763672
2007-02-07,82.100282795901833,38.75
2007-02-08,82.092680024652822,39.630001068115234
2007-02-09,82.115418659233612,39.709999084472656
2007-02-12,82.115418659233612,38.450000762939453
2007-02-13,82.115418659233612,39.299999237060547
2007-02-14,82.168212240849755,38.720001220703125
2007-02-15,82.175714364414205,38.950000762939453
2007-02-16,82.190811517098084,39.430000305175781
2007-02-20,82.198429772606261,39.200000762939453
2007-02-21,82.228585367326133,39.849998474121094
2007-02-22,82.228585367326133,40.150001525878906
2007-02-23,82.266266311999203,40.569999694824219
2007-02-26,82.273791661952416,40.990001678466797
2007-02-27,82.288950751672942,40
2007-02-28,82.341744333289085,40.5
2007-03-01,82.339475889321704,40.599998474121094
2007-03-02,82.384829284410017,40.349998474121094
2007-03-05,82.36970890533739,39.549999237060547
2007-03-06,82.377257481679308,40.080001831054688
2007-03-07,82.407521466213339,40.630001068115234
2007-03-08,82.415108753203185,40.630001068115234
2007-03-09,82.407521466213339,39.909999847412109
2007-03-12,82.430236874405409,39.200000762939453
2007-03-13,82.483216267131468,39.200000762939453
2007-03-14,82.490702906436766,39.380001068115234
2007-03-15,82.483216267131468,39.150001525878906
2007-03-16,82.49836761472244,38.830001831054688
2007-03-19,82.49836761472244,39.240001678466797
2007-03-20,82.521044312266596,39.020000457763672
2007-03-21,82.573923057308107,39.450000762939453
2007-03-22,82.551269586152699,40.25
2007-03-23,82.581556797075464,40.25
2007-03-26,82.589113115546979,40.639999389648438
2007-03-27,82.611820781609467,40.740001678466797
2007-03-28,82.634505221283206,41.180000305175781
2007-03-29,82.657181918827348,41.900001525878906
2007-03-30,82.657181918827348,41.5
2007-04-02,82.660967820192724,41.669998168945312
2007-04-03,82.676119167783668,41.380001068115234
2007-04-04,82.721635147593204,41.869998931884766
2007-04-05,82.714094313380841,41.799999237060547
2007-04-09,82.721635147593204,41.299999237060547
2007-04-10,82.744389266433174,41.569999694824219
2007-04-11,82.76712015888441,41.450000762939453
2007-04-12,82.789889761983545,41.75
2007-04-13,82.805025625315366,41.799999237060547
2007-04-16,82.820215683554224,41.520000457763672
2007-04-17,82.827810712673624,41.159999847412109
2007-04-18,82.880852042436359,41.229999542236328
2007-04-19,82.888493524333285,41
2007-04-20,82.880852042436359,41.180000305175781
2007-04-23,82.911216674654952,41.619998931884766
2007-04-24,82.918850414422295,41.310001373291016
2007-04-25,82.941527111966437,41.779998779296875
2007-04-26,82.918850414422295,41.599998474121094
2007-04-27,82.949137625345031,42.139999389648438
2007-04-30,82.964250262288104,41.689998626708984
2007-05-01,82.987886983900339,41.490001678466797
2007-05-02,83.025947292922908,41.220001220703125
2007-05-03,83.03347264287612,41.400001525878906
2007-05-04,83.048709153892474,41.020000457763672
2007-05-07,83.03347264287612,40.340000152587891
2007-05-08,83.063976633427131,40.840000152587891
2007-05-09,83.109639713698755,40.599998474121094
2007-05-10,83.117234742818155,40.5
2007-05-11,83.124852998326347,41.180000305175781
2007-05-14,83.132417058927444,40.959999084472656
2007-05-15,83.162828143923505,41.159999847412109
2007-05-16,83.208375092251373,41.25
2007-05-17,83.21611722183286,41.779998779296875
2007-05-18,83.223658056045196,41.610000610351562
2007-05-21,83.223658056045196,42.060001373291016
2007-05-22,83.223658056045196,41.549999237060547
2007-05-23,83.26937533122387,41.619998931884766
2007-05-24,83.284518936685231,41.349998474121094
2007-05-25,83.29973996344242,41.439998626708984
2007-05-29,83.307342734691446,40.680000305175781
2007-05-30,83.345403043714015,40.810001373291016
2007-05-31,83.353005814962998,41.200000762939453
2007-06-01,83.365958397752834,41.569999694824219
2007-06-04,83.404204517885361,42.099998474121094
2007-06-05,83.396508841081356,42.009998321533203
2007-06-06,83.411807289134359,42.029998779296875
2007-06-07,83.449975987971072,42.049999237060547
2007-06-08,83.465258951764937,41.049999237060547
2007-06-11,83.472908175791432,41.630001068115234
2007-06-12,83.480518689170012,41.540000915527344
2007-06-13,83.465258951764937,41.799999237060547
2007-06-14,83.526251448607837,42.680000305175781
2007-06-15,83.54924557346483,43
2007-06-18,83.556840602584259,43.029998779296875
2007-06-19,83.579780532534187,42.520000457763672
2007-06-20,83.602674009706647,42.439998626708984
2007-06-21,83.610300007344392,42.439998626708984
2007-06-22,83.633216710905572,42.419998168945312
2007-06-25,83.640896903450397,42.380001068115234
2007-06-26,83.648491932569826,41.740001678466797
2007-06-27,83.671416378260631,41.880001068115234
2007-06-28,83.69431759756263,41.900001525878906
2007-06-29,83.717218816864658,42.490001678466797
2007-07-02,83.720269215919771,42.75
2007-07-03,83.704924315089258,42.669998168945312
2007-07-05,83.743309793554261,43.180000305175781
2007-07-06,83.743309793554261,43.419998168945312
2007-07-09,83.766241981374591,43.419998168945312
2007-07-10,83.796924040906006,43.680000305175781
2007-07-11,83.796924040906006,43.650001525878906
2007-07-12,83.812354105161916,43.650001525878906
2007-07-13,83.827652553214904,44.229999542236328
2007-07-16,83.835340487889312,43.459999084472656
2007-07-17,83.850654420201508,43.419998168945312
2007-07-18,83.873671771447249,44.139999389648438
2007-07-19,83.888946993111503,44.610000610351562
2007-07-20,83.919667763290803,44.430000305175781
2007-07-23,83.919667763290803,43.849998474121094
2007-07-24,83.927371182224405,43.270000457763672
2007-07-25,83.950357564951801,43.900001525878906
2007-07-26,83.996338072536219,43.75
2007-07-27,83.996338072536219,44.150001525878906
2007-07-30,83.996338072536219,44.150001525878906
2007-07-31,84.027058842715547,44.520000457763672
2007-08-01,84.056269897626478,44.180000305175781
2007-08-02,84.087122284008686,44.119998931884766
2007-08-03,84.110186088031924,43.580001831054688
2007-08-06,84.102474926968753,42.200000762939453
2007-08-07,84.110186088031924,42.619998931884766
2007-08-08,84.125585183769488,42.549999237060547
2007-08-09,84.17947814778617,42.310001373291016
2007-08-10,84.194869501394166,42.200000762939453
2007-08-13,84.210245370742996,42.549999237060547
2007-08-14,84.256427173696508,42.639999389648438
2007-08-15,84.341157039836247,42.880001068115234
2007-08-16,84.425809484680173,41.950000762939453
2007-08-17,84.456646386803214,42.25
2007-08-20,84.564370377799932,41.099998474121094
2007-08-21,84.602902956726993,41.049999237060547
2007-08-22,84.610621859919718,41.040000915527344
2007-08-23,84.602902956726993,41.099998474121094
2007-08-24,84.487452320407925,42.040000915527344
2007-08-27,84.44891199935131,42.009998321533203
2007-08-28,84.525930704427893,42.009998321533203
2007-08-29,84.541329800165457,42.590000152587891
2007-08-30,84.595153085015909,42.709999084472656
2007-08-31,84.579784957796676,43.099998474121094
2007-09-04,84.578252016139544,43.580001831054688
2007-09-05,84.616931695528621,43.549999237060547
2007-09-06,84.578252016139544,43.869998931884766
2007-09-07,84.678768084495928,43.700000762939453
2007-09-10,84.686448277040753,44.450000762939453
2007-09-11,84.678768084495928,45.029998779296875
2007-09-12,84.72512795642983,45.630001068115234
2007-09-13,84.694213633010975,45.380001068115234
2007-09-14,84.694213633010975,45.319999694824219
2007-09-17,84.717385826848343,46.139999389648438
2007-09-18,84.748269181748881,46.360000610351562
2007-09-19,84.802378925393825,46.479999542236328
2007-09-20,84.802378925393825,47.009998321533203
2007-09-21,84.825620798397452,47.020000457763672
2007-09-24,84.833285506683126,46.909999847412109
2007-09-25,84.856457700520494,46.479999542236328
2007-09-26,84.879645378617028,46.200000762939453
2007-09-27,84.887402992457694,47.689998626708984
2007-09-28,84.856457700520494,47.169998168945312
2007-10-01,84.875836250862932,46.569999694824219
2007-10-02,84.883655801740247,46.529998779296875
2007-10-03,84.922397418165971,46.540000915527344
2007-10-04,84.922397418165971,47.139999389648438
2007-10-05,84.899140060903193,46.5
2007-10-08,84.883655801740247,45.770000457763672
2007-10-09,84.914639804325347,46.060001373291016
2007-10-10,84.945670259687915,46.680000305175781
2007-10-11,84.953443357787719,47.349998474121094
2007-10-12,84.90688219048468,47.509998321533203
2007-10-15,84.90688219048468,48.5
2007-10-16,84.953443357787719,48.099998474121094
2007-10-17,84.999927103794931,48.659999847412109
2007-10-18,85.06973014410157,49.430000305175781
2007-10-19,85.10075285733457,49.200000762939453
2007-10-22,85.06973014410157,48.549999237060547
2007-10-23,85.10075285733457,48.290000915527344
2007-10-24,85.15503292783032,48.669998168945312
2007-10-25,85.178243832315616,50.25
2007-10-26,85.178243832315616,50.240001678466797
2007-10-29,85.178243832315616,51.319999694824219
2007-10-30,85.193859707681469,50.279998779296875
2007-10-31,85.186001446156268,50
2007-11-01,85.249835304555575,51.349998474121094
2007-11-02,85.265435695662248,52.75
2007-11-05,85.296551314450213,51.919998168945312
2007-11-06,85.304339896809211,52.669998168945312
2007-11-07,85.366602102903471,52.200000762939453
2007-11-08,85.421060242379625,52.099998474121094
2007-11-09,85.475518381855764,52.389999389648438
2007-11-12,85.46774528375596,51.400001525878906
2007-11-13,85.428810114090695,50.369998931884766
2007-11-14,85.483275995696417,51.319999694824219
2007-11-15,85.537780587950039,51.099998474121094
2007-11-16,85.545569170308994,51.490001678466797
2007-11-19,85.600019567655551,51.549999237060547
2007-11-20,85.623400798991639,53
2007-11-21,85.638916026672916,52.490001678466797
2007-11-23,85.654462222872553,52.75
2007-11-26,85.685585583790115,52.450000762939453
2007-11-27,85.662281773749839,51.569999694824219
2007-11-28,85.670047129720075,50.799999237060547
2007-11-29,85.693405134667401,50.740001678466797
2007-11-30,85.701193717026371,49.770000457763672
2007-12-03,85.718358018308507,50.110000610351562
2007-12-04,85.741793444551632,48.900001525878906
2007-12-05,85.741793444551632,49.090000152587891
2007-12-06,85.73401260432226,50.5
2007-12-07,85.726169827056225,49.930000305175781
2007-12-10,85.7574093199175,49.490001678466797
2007-12-11,85.843308247624037,50.020000457763672
2007-12-12,85.819896047769646,51.779998779296875
2007-12-13,85.819896047769646,51.650001525878906
2007-12-14,85.804241461755879,51.5
2007-12-17,85.780829261901488,50.479999542236328
2007-12-18,85.773040679542518,50.959999084472656
2007-12-19,85.858877670212394,50.880001068115234
2007-12-20,85.87457096687406,51.130001068115234
2007-12-21,85.827676887999047,51.75
2007-12-24,85.827676887999047,52.200000762939453
2007-12-26,85.851089087853424,53.270000457763672
2007-12-27,85.883226667746143,53.130001068115234
2007-12-28,85.891053960753041,52.810001373291016
2007-12-31,85.875445827516756,52.740001678466797
2008-01-02,85.961538308462835,54.659999847412109
2008-01-03,85.922378617039712,54.659999847412109
2008-01-04,85.985136319427198,54.299999237060547
2008-01-07,85.938118366478875,52.680000305175781
2008-01-08,85.992940386045348,53.700000762939453
2008-01-09,86.02422633168409,53.5
2008-01-10,86.047762405611806,52.759998321533203
2008-01-11,86.094733905782647,52.650001525878906
2008-01-14,86.102630877955747,53.360000610351562
2008-01-15,86.079110288287211,52.389999389648438
2008-01-16,86.102630877955747,51.349998474121094
2008-01-17,86.126128241235563,51.099998474121094
2008-01-18,86.227960471620776,51.450000762939453
2008-01-22,86.32196540899912,50.470001220703125
2008-01-23,86.329792702006017,49.860000610351562
2008-01-24,86.345532451445166,50.729999542236328
2008-01-25,86.39251169374559,51.790000915527344
2008-01-28,86.353390712970366,52.259998321533203
2008-01-29,86.40822821679599,52.509998321533203
2008-01-30,86.463050236362477,52.509998321533203
2008-01-31,86.478720306635381,52.5
2008-02-01,86.502271864822262,51.520000457763672
2008-02-04,86.470877529369346,52
2008-02-05,86.494444571815379,51.430000305175781
2008-02-06,86.510130126347462,51.240001678466797
2008-02-07,86.510130126347462,51.639999389648438
2008-02-08,86.510130126347462,53.619998931884766
2008-02-11,86.494444571815379,54.130001068115234
2008-02-12,86.494444571815379,53.5
2008-02-13,86.549429176103061,53.779998779296875
2008-02-14,86.565122472764727,54.849998474121094
2008-02-15,86.572949765771597,55
2008-02-19,86.557279695498693,56.549999237060547
2008-02-20,86.580877706463042,56.650001525878906
2008-02-21,86.604437006779477,56.290000915527344
2008-02-22,86.596578745254291,56.919998168945312
2008-02-25,86.596578745254291,57.509998321533203
2008-02-26,86.620107077052396,58.979999542236328
2008-02-27,86.643689603757608,57.970001220703125
2008-02-28,86.628019533484689,59.159999847412109
2008-02-29,86.643689603757608,58.409999847412109
2008-03-03,86.664964975847496,59.189998626708984
2008-03-04,86.680720209545825,57.770000457763672
2008-03-05,86.735813203647638,59.509998321533203
2008-03-06,86.783071162612998,60.099998474121094
2008-03-07,86.75152198456847,59.5
2008-03-10,86.806676915706959,60.549999237060547
2008-03-11,86.75152198456847,61.299999237060547
2008-03-12,86.814542919361728,61.490001678466797
2008-03-13,86.822401180886942,62
2008-03-14,86.853934874672305,61.680000305175781
2008-03-17,86.932633621868092,58.5
2008-03-18,86.94832691852973,60.139999389648438
2008-03-19,86.987749842358625,56.119998931884766
2008-03-20,87.003481849668219,56.259998321533203
2008-03-24,86.861816362586268,56.939998626708984
2008-03-25,86.853934874672305,58.029998779296875
2008-03-26,86.869635913463554,59.299999237060547
2008-03-27,86.909027868774132,60.639999389648438
2008-03-28,86.924744391824547,59.259998321533203
2008-03-31,86.916917098817663,57.860000610351562
2008-04-01,86.912922159953609,56.880001068115234
2008-04-02,86.897190152644043,58.490001678466797
2008-04-03,86.912922159953609,58.459999084472656
2008-04-04,86.920811389997141,59.669998168945312
2008-04-07,86.897190152644043,60.590000152587891
2008-04-08,86.928669651522355,60.279998779296875
2008-04-09,86.944548759293966,61.650001525878906
2008-04-10,86.991853171036837,61.409999847412109
2008-04-11,86.991853171036837,61.159999847412109
2008-04-14,86.991853171036837,61.970001220703125
2008-04-15,86.952352825912101,62.880001068115234
2008-04-16,86.983979425252443,64.110000610351562
2008-04-17,86.983979425252443,63.639999389648438
2008-04-18,86.952352825912101,64.129997253417969
2008-04-21,86.960303992992294,63.709999084472656
2008-04-22,86.983979425252443,64.739997863769531
2008-04-23,86.983979425252443,64.699996948242188
2008-04-24,86.983979425252443,63.310001373291016
2008-04-25,86.936582107954635,64.30999755859375
2008-04-28,86.944548759293966,64.779998779296875
2008-04-29,86.968193223035826,63.029998779296875
2008-04-30,86.991853171036837,62.599998474121094
2008-05-01,87.01236207229816,61.529998779296875
2008-05-02,86.980774183605732,63.080001831054688
2008-05-05,86.988694382167566,64.790000915527344
2008-05-06,86.964980239259503,65.800003051757812
2008-05-07,87.01236207229816,66.5
2008-05-08,87.020266786600871,67.040000915527344
2008-05-09,87.01236207229816,67.680000305175781
2008-05-12,86.988694382167566,66.959999084472656
2008-05-13,86.957075524956807,67.760002136230469
2008-05-14,86.957075524956807,66.980003356933594
2008-05-15,86.964980239259503,66.959999084472656
2008-05-16,87.004465100125046,67.959999084472656
2008-05-19,87.01236207229816,67.879997253417969
2008-05-20,87.01236207229816,68.760002136230469
2008-05-21,86.996575870081529,70.75
2008-05-22,87.004465100125046,69.699996948242188
2008-05-23,87.004465100125046,69.900001525878906
2008-05-27,87.01236207229816,68.550003051757812
2008-05-28,87.01236207229816,69.5
2008-05-29,87.01236207229816,67.319999694824219
2008-05-30,87.004465100125046,67.900001525878906
2008-06-02,87.032932910596159,68.230003356933594
2008-06-03,87.048812018367784,67.019996643066406
2008-06-04,87.048812018367784,66.110000610351562
2008-06-05,87.048812018367784,68.599998474121094
2008-06-06,87.056763185447977,72.680000305175781
2008-06-09,87.017115739861197,71.050003051757812
2008-06-10,86.993401596953092,70.269996643066406
2008-06-11,87.009180057040169,72.300003051757812
2008-06-12,87.009180057040169,72.879997253417969
2008-06-13,87.001252116348738,72
2008-06-16,87.001252116348738,72.040000915527344
2008-06-17,87.040814398510122,72.169998168945312
2008-06-18,87.072533903405443,73.279998779296875
2008-06-19,87.080415391319377,71.339996337890625
2008-06-20,87.064582736325264,72.199996948242188
2008-06-23,87.072533903405443,72.989997863769531
2008-06-24,87.104206955523281,72.959999084472656
2008-06-25,87.127959809079272,71.94000244140625
2008-06-26,87.143753753425472,74.510002136230469
2008-06-27,87.135910976159451,74.730003356933594
2008-06-30,87.167498864851879,74.910003662109375
2008-07-01,87.187287748062161,74.949996948242188
2008-07-02,87.195262141531074,76.379997253417969
2008-07-03,87.203182340092965,76.349998474121094
2008-07-07,87.211125765043548,74.569999694824219
2008-07-08,87.211125765043548,72
2008-07-09,87.250788694889451,71.550003051757812
2008-07-10,87.250788694889451,73.910003662109375
2008-07-11,87.242845269938869,75.319999694824219
2008-07-14,87.274580259093355,75.050003051757812
2008-07-15,87.306237826952042,72.419998168945312
2008-07-16,87.31421222042097,71.050003051757812
2008-07-17,87.31421222042097,68.589996337890625
2008-07-18,87.306237826952042,67.800003051757812
2008-07-21,87.322147903241984,68.779998779296875
2008-07-22,87.306237826952042,67
2008-07-23,87.330044875415112,65.370002746582031
2008-07-24,87.330044875415112,65.400001525878906
2008-07-25,87.337972816106557,64.949996948242188
2008-07-28,87.345947209575471,65.269996643066406
2008-07-29,87.337972816106557,64.050003051757812
2008-07-30,87.337972816106557,65.519996643066406
2008-07-31,87.37763574595246,64.930000305175781
2008-08-01,87.365697382137824,65.010002136230469
2008-08-04,87.365697382137824,62.950000762939453
2008-08-05,87.365697382137824,61.5
2008-08-06,87.373664033477169,61.110000610351562
2008-08-07,87.397471081940211,61.470001220703125
2008-08-08,87.389581851896708,59.020000457763672
2008-08-11,87.373664033477169,59.080001831054688
2008-08-12,87.389581851896708,58.240001678466797
2008-08-13,87.389581851896708,60.529998779296875
2008-08-14,87.397471081940211,59.790000915527344
2008-08-15,87.413412126748483,58.619998931884766
2008-08-18,87.381553263520701,58.450000762939453
2008-08-19,87.42131684105118,60.139999389648438
2008-08-20,87.468954164366053,60.619998931884766
2008-08-21,87.453082798723997,63.729999542236328
2008-08-22,87.453082798723997,60.270000457763672
2008-08-25,87.468954164366053,60.180000305175781
2008-08-26,87.468954164366053,60.509998321533203
2008-08-27,87.492799923477008,61.330001831054688
2008-08-28,87.484895209174312,60.200000762939453
2008-08-29,87.484895209174312,60.069999694824219
2008-09-02,87.500782059075505,57.639999389648438
2008-09-03,87.516684393235892,57.220001220703125
2008-09-04,87.53257124313707,56.220001220703125
2008-09-05,87.516684393235892,55.270000457763672
2008-09-08,87.500782059075505,55.270000457763672
2008-09-09,87.53257124313707,54.049999237060547
2008-09-10,87.548566482852408,54.389999389648438
2008-09-11,87.556478939284673,53.560001373291016
2008-09-12,87.572381273445046,53.950000762939453
2008-09-15,87.699723820801282,51.680000305175781
2008-09-16,87.731551715510733,50.740001678466797
2008-09-17,87.930400571681503,52.470001220703125
2008-09-18,87.906547070440951,52.630001068115234
2008-09-19,87.707674987881447,54.5
2008-09-22,87.707674987881447,57.25
2008-09-23,87.755405216751271,56.419998168945312
2008-09-24,87.763364125961019,55.770000457763672
2008-09-25,87.842883538892423,56.549999237060547
2008-09-26,87.819022295522316,55.759998321533203
2008-09-29,87.779274202250974,50.590000152587891
2008-09-30,87.755405216751271,53.799999237060547
2008-10-01,87.878899925705497,52.229999542236328
2008-10-02,87.982443166728217,49.279998779296875
2008-10-03,87.886843350656093,48.900001525878906
2008-10-06,87.854953518909952,45.990001678466797
2008-10-07,87.918678987495142,46.369998931884766
2008-10-08,87.982443166728217,46.380001068115234
2008-10-09,87.950553334982118,43.990001678466797
2008-10-10,88.030212106245969,42.950000762939453
2008-10-13,87.711561536931328,43.779998779296875
2008-10-14,87.990363365290079,43.5
2008-10-15,88.062132906510399,40.860000610351562
2008-10-16,87.870925532236555,40.020000457763672
2008-10-17,87.870925532236555,40.090000152587891
2008-10-20,87.815166714990724,41.319999694824219
2008-10-21,87.80723103216971,40.060001373291016
2008-10-22,87.878899925705497,37.720001220703125
2008-10-23,87.831084533410262,38.349998474121094
2008-10-24,87.870925532236555,36.540000915527344
2008-10-27,87.958504502062283,35.540000915527344
2008-10-28,87.958504502062283,36.279998779296875
2008-10-29,87.982443166728217,38.189998626708984
2008-10-30,87.966494379790376,37.419998168945312
2008-10-31,87.926630154575335,37.840000152587891
2008-11-03,88.038387795083992,37.009998321533203
2008-11-04,87.950661724796234,39.830001831054688
2008-11-05,87.966571801086175,37.639999389648438
2008-11-06,88.086241898027126,35.819999694824219
2008-11-07,88.094247260014384,35.659999847412109
2008-11-10,88.110188304822685,36.299999237060547
2008-11-11,88.126160318149246,34.700000762939453
2008-11-12,88.15009124068564,33.459999084472656
2008-11-13,88.126160318149246,34.389999389648438
2008-11-14,88.118185924680333,33.349998474121094
2008-11-17,88.13411148522944,33.180000305175781
2008-11-18,88.126160318149246,32.409999847412109
2008-11-19,88.17399119470366,32.290000915527344
2008-11-20,88.189986434418998,30.110000610351562
2008-11-21,88.237840537362132,30.979999542236328
2008-11-24,88.197999538535825,33.279998779296875
2008-11-25,88.221914976813025,31.520000457763672
2008-11-26,88.221914976813025,33.599998474121094
2008-11-28,88.237840537362132,32.209999084472656
2008-12-01,88.241889671133237,30.739999771118164
2008-12-02,88.225878947158733,30.010000228881836
2008-12-03,88.265820593669588,29.479999542236328
2008-12-04,88.289774742594702,27.870000839233398
2008-12-05,88.281854544032839,27.260000228881836
2008-12-08,88.249817611824682,28.670000076293945
2008-12-09,88.305785466569205,27.959999084472656
2008-12-10,88.321796190543708,28.420000076293945
2008-12-11,88.305785466569205,29.510000228881836
2008-12-12,88.329739615494304,29.479999542236328
2008-12-15,88.321796190543708,29.059999465942383
2008-12-16,88.289774742594702,29.129999160766602
2008-12-17,88.249817611824682,28.639999389648438
2008-12-18,88.249817611824682,27.319999694824219
2008-12-19,88.289774742594702,27.510000228881836
2008-12-22,88.289774742594702,26.690000534057617
2008-12-23,88.313783086426881,26.670000076293945
2008-12-24,88.305785466569205,26.090000152587891
2008-12-26,88.289774742594702,26.149999618530273
2008-12-29,88.337806914518225,26.659999847412109
2008-12-30,88.32977058401265,26.799999237060547
2008-12-31,88.313814054945212,28.610000610351562
2009-01-02,88.177831290976087,29.610000610351562
2009-01-05,88.24184321835574,30.629999160766602
2009-01-06,88.281870028292005,31.200000762939453
2009-01-07,88.297764620322795,29.020000457763672
2009-01-08,88.201762213512424,28.620000839233398
2009-01-09,88.265797367280854,28.370000839233398
2009-01-12,88.313814054945212,27.030000686645508
2009-01-13,88.313814054945212,27.629999160766602
2009-01-14,88.32977058401265,27.200000762939453
2009-01-15,88.273779502879378,26.129999160766602
2009-01-16,88.281870028292005,26.610000610351562
2009-01-20,88.281870028292005,25.700000762939453
2009-01-21,88.249786643306351,26.139999389648438
2009-01-22,88.273779502879378,25.959999084472656
2009-01-23,88.305793208698802,26.729999542236328
2009-01-26,88.273779502879378,27.049999237060547
2009-01-27,88.289805711113019,26.309999465942383
2009-01-28,88.289805711113019,26.290000915527344
2009-01-29,88.265797367280854,26.420000076293945
2009-01-30,88.265797367280854,25.649999618530273
2009-02-02,88.276210531567955,25.819999694824219
2009-02-03,88.25220218773579,25.850000381469727
2009-02-04,88.196180138084188,25.620000839233398
2009-02-05,88.25220218773579,25.870000839233398
2009-02-06,88.196180138084188,25.770000457763672
2009-02-09,88.228186101774014,25.649999618530273
2009-02-10,88.244158115100618,25.200000762939453
2009-02-11,88.228186101774014,24.530000686645508
2009-02-12,88.212167635669957,24.729999542236328
2009-02-13,88.220188481916367,24.010000228881836
2009-02-17,88.188151549708166,22.340000152587891
2009-02-18,88.228186101774014,22.090000152587891
2009-02-19,88.132121757926981,22.590000152587891
2009-02-20,88.164135463746419,22.399999618530273
2009-02-23,88.228186101774014,22.100000381469727
2009-02-24,88.220188481916367,22.780000686645508
2009-02-25,88.188151549708166,23.559999465942383
2009-02-26,88.196180138084188,24.190000534057617
2009-02-27,88.212167635669957,24.079999923706055
2009-03-02,88.240170918366147,22.479999542236328
2009-03-03,88.240170918366147,22.930000305175781
2009-03-04,88.256212610858995,24.030000686645508
2009-03-05,88.248207248871722,23.680000305175781
2009-03-06,88.248207248871722,24.170000076293945
2009-03-09,88.248207248871722,24.319999694824219
2009-03-10,88.26420248858706,24.100000381469727
2009-03-11,88.26420248858706,23.100000381469727
2009-03-12,88.280244181079894,24.389999389648438
2009-03-13,88.296247162924828,24.049999237060547
2009-03-16,88.26420248858706,24.360000610351562
2009-03-17,88.272231076963067,25.010000228881836
2009-03-18,88.30426026704167,25.270000457763672
2009-03-19,88.288280511585498,25.979999542236328
2009-03-20,88.280244181079894,26.389999389648438
2009-03-23,88.296247162924828,27.090000152587891
2009-03-24,88.288280511585498,26.829999923706055
2009-03-25,88.296247162924828,26.389999389648438
2009-03-26,88.30426026704167,26.700000762939453
2009-03-27,88.288280511585498,25.940000534057617
2009-03-30,88.312242402640152,24.790000915527344
2009-03-31,88.312242402640152,25.180000305175781
2009-04-01,88.29702911801256,24.860000610351562
2009-04-02,88.281041620426805,26.239999771118164
2009-04-03,88.29702911801256,26.239999771118164
2009-04-06,88.281041620426805,26
2009-04-07,88.313039841987049,25.430000305175781
2009-04-08,88.313039841987049,25.510000228881836
2009-04-09,88.305042222129387,26.399999618530273
2009-04-13,88.313039841987049,25.889999389648438
2009-04-14,88.329112502998214,25.600000381469727
2009-04-15,88.3451309691023,25.920000076293945
2009-04-16,88.3451309691023,26.100000381469727
2009-04-17,88.329112502998214,25.840000152587891
2009-04-20,88.353082136182493,24.299999237060547
2009-04-21,88.337133349244624,24.489999771118164
2009-04-22,88.353082136182493,24.270000457763672
2009-04-23,88.361133950947234,24.659999847412109
2009-04-24,88.305042222129387,25.129999160766602
2009-04-27,88.313039841987049,24.399999618530273
2009-04-28,88.321052946103904,24.319999694824219
2009-04-29,88.369131570804882,24.899999618530273
2009-04-30,88.361133950947234,24.790000915527344
2009-05-01,88.311475931811614,25.819999694824219
2009-05-04,88.303424117046873,26.430000305175781
2009-05-05,88.287421135201939,26.239999771118164
2009-05-06,88.295426497189197,27.100000381469727
2009-05-07,88.287421135201939,27.309999465942383
2009-05-08,88.279400288955529,28.100000381469727
2009-05-11,88.295426497189197,28.049999237060547
2009-05-12,88.303424117046873,28.090000152587891
2009-05-13,88.311475931811614,27.680000305175781
2009-05-14,88.311475931811614,27.790000915527344
2009-05-15,88.319481293798859,26.889999389648438
2009-05-18,88.303424117046873,27.979999542236328
2009-05-19,88.311475931811614,27.959999084472656
2009-05-20,88.343489637631038,28.5
2009-05-21,88.343489637631038,28.170000076293945
2009-05-22,88.311475931811614,28.440000534057617
2009-05-26,88.295426497189197,28.479999542236328
2009-05-27,88.311475931811614,28.700000762939453
2009-05-28,88.37559624900544,29.420000076293945
2009-05-29,88.319481293798859,30.120000839233398
2009-06-01,88.380357658698031,31.020000457763672
2009-06-02,88.308247463776141,31
2009-06-03,88.34832072648986,29.719999313354492
2009-06-04,88.332294518256205,30.920000076293945
2009-06-05,88.300195649011371,30.5
2009-06-08,88.268150974673631,30.549999237060547
2009-06-09,88.292190287024141,31.049999237060547
2009-06-10,88.340346333020946,31.25
2009-06-11,88.340346333020946,32.029998779296875
2009-06-12,88.308247463776141,31.520000457763672
2009-06-15,88.308247463776141,30.950000762939453
2009-06-16,88.364323708334794,30.879999160766602
2009-06-17,88.372352296710787,30.950000762939453
2009-06-18,88.364323708334794,31.059999465942383
2009-06-19,88.356341572736284,30.450000762939453
2009-06-22,88.324273672009809,29.25
2009-06-23,88.316268310022537,29.870000839233398
2009-06-24,88.332294518256205,29.809999465942383
2009-06-25,88.364323708334794,30.440000534057617
2009-06-26,88.372352296710787,30.129999160766602
2009-06-29,88.34832072648986,30.510000228881836
2009-06-30,88.372352296710787,30.049999237060547
2009-07-01,88.353895059788528,29.670000076293945
2009-07-02,88.345951634837931,28.840000152587891
2009-07-06,88.345951634837931,28.100000381469727
2009-07-07,88.353895059788528,27.579999923706055
2009-07-08,88.385993929033361,26.799999237060547
2009-07-09,88.385993929033361,27.090000152587891
2009-07-10,88.353895059788528,26.690000534057617
2009-07-13,88.36995997867011,26.870000839233398
2009-07-14,88.36995997867011,26.940000534057617
2009-07-15,88.361915906034952,27.579999923706055
2009-07-16,88.361915906034952,27.819999694824219
2009-07-17,88.353895059788528,28.180000305175781
2009-07-20,88.345951634837931,28.770000457763672
2009-07-21,88.353895059788528,28.829999923706055
2009-07-22,88.361915906034952,28.760000228881836
2009-07-23,88.361915906034952,29.340000152587891
2009-07-24,88.353895059788528,29.709999084472656
2009-07-27,88.36995997867011,29.809999465942383
2009-07-28,88.361915906034952,29.510000228881836
2009-07-29,88.377965340657354,28.129999160766602
2009-07-30,88.361915906034952,29.370000839233398
2009-07-31,88.36995997867011,30.270000457763672
2009-08-03,88.336273972861079,30.989999771118164
2009-08-04,88.34428707697792,31.260000228881836
2009-08-05,88.360390706507403,31.5
2009-08-06,88.376331751315689,31.069999694824219
2009-08-07,88.34428707697792,30.809999465942383
2009-08-10,88.352292438965179,30.930000305175781
2009-08-11,88.368396068494661,30.25
2009-08-12,88.368396068494661,30.649999618530273
2009-08-13,88.376331751315689,30.940000534057617
2009-08-14,88.376331751315689,30
2009-08-17,88.384391308209985,29.159999847412109
2009-08-18,88.384391308209985,29.819999694824219
2009-08-19,88.376331751315689,30.600000381469727
2009-08-20,88.376331751315689,30.25
2009-08-21,88.384391308209985,30.629999160766602
2009-08-24,88.376331751315689,31.979999542236328
2009-08-25,88.384391308209985,30.520000457763672
2009-08-26,88.408492557597143,30.510000228881836
2009-08-27,88.368396068494661,30.25
2009-08-28,88.376331751315689,30.899999618530273
2009-08-31,88.408492557597143,30.399999618530273
2009-09-01,88.343481895501441,29.760000228881836
2009-09-02,88.415684995978324,29.299999237060547
2009-09-03,88.415684995978324,28.319999694824219
2009-09-04,88.407664149731929,28.569999694824219
2009-09-08,88.383617095251864,29.360000610351562
2009-09-09,88.407664149731929,29.860000610351562
2009-09-10,88.39159923085036,30.200000762939453
2009-09-11,88.423736810743094,29.709999084472656
2009-09-14,88.399620077096756,30.120000839233398
2009-09-15,88.407664149731929,30.149999618530273
2009-09-16,88.399620077096756,30.180000305175781
2009-09-17,88.407664149731929,29.870000839233398
2009-09-18,88.407664149731929,29.920000076293945
2009-09-21,88.39159923085036,29.409999847412109
2009-09-22,88.407664149731929,30.120000839233398
2009-09-23,88.407664149731929,30
2009-09-24,88.399620077096756,29.309999465942383
2009-09-25,88.39159923085036,29.25
2009-09-28,88.383617095251864,28.739999771118164
2009-09-29,88.39159923085036,28.620000839233398
2009-09-30,88.407664149731929,29.680000305175781
2009-10-01,88.417287616801687,30.149999618530273
2009-10-02,88.40125366643845,29.069999694824219
2009-10-05,88.40125366643845,29.420000076293945
2009-10-06,88.425323947307291,30.219999313354492
2009-10-07,88.441365639800139,29.600000381469727
2009-10-08,88.433352535683269,30.510000228881836
2009-10-09,88.409266770555291,30.319999694824219
2009-10-12,88.409266770555291,30.940000534057617
2009-10-13,88.417287616801687,31.069999694824219
2009-10-14,88.417287616801687,31.450000762939453
2009-10-15,88.417287616801687,31.940000534057617
2009-10-16,88.417287616801687,32.549999237060547
2009-10-19,88.425323947307291,32.740001678466797
2009-10-20,88.425323947307291,32.680000305175781
2009-10-21,88.449425196694435,33.389999389648438
2009-10-22,88.457438300811276,33.240001678466797
2009-10-23,88.441365639800139,32.869998931884766
2009-10-26,88.425323947307291,32
2009-10-27,88.449425196694435,32.119998931884766
2009-10-28,88.465474631316852,31.260000228881836
2009-10-29,88.457438300811276,32.200000762939453
2009-10-30,88.449425196694435,31.110000610351562
2009-11-02,88.428529188954016,31.459999084472656
2009-11-03,88.436557777330009,32.180000305175781
2009-11-04,88.41252620710911,32.279998779296875
2009-11-05,88.444586365706016,32.169998168945312
2009-11-06,88.428529188954016,31.450000762939453
2009-11-09,88.436557777330009,32.200000762939453
2009-11-10,88.452599469822857,31.969999313354492
2009-11-11,88.436557777330009,32.290000915527344
2009-11-12,88.444586365706016,31.569999694824219
2009-11-13,88.460659026717167,31.239999771118164
2009-11-16,88.444586365706016,32.229999542236328
2009-11-17,88.476716203469167,32.639999389648438
2009-11-18,88.476716203469167,32.520000457763672
2009-11-19,88.468664388704411,32.060001373291016
2009-11-20,88.48470608119726,31.809999465942383
2009-11-23,88.436557777330009,31.889999389648438
2009-11-24,88.476716203469167,31.260000228881836
2009-11-25,88.476716203469167,31.809999465942383
2009-11-27,88.468664388704411,31.159999847412109
2009-11-30,88.460659026717167,31.510000228881836
2009-12-01,88.460651284587598,31.879999160766602
2009-12-02,88.444578623576419,31.680000305175781
2009-12-03,88.444578623576419,31.489999771118164
2009-12-04,88.452599469822857,31.299999237060547
2009-12-07,88.428529188954016,31.090000152587891
2009-12-08,88.444578623576419,30.370000839233398
2009-12-09,88.452599469822857,29.690000534057617
2009-12-10,88.428529188954016,29.659999847412109
2009-12-11,88.428529188954016,29.659999847412109
2009-12-14,88.428529188954016,29.829999923706055
2009-12-15,88.444578623576419,30.040000915527344
2009-12-16,88.444578623576419,30.579999923706055
2009-12-17,88.428529188954016,30.129999160766602
2009-12-18,88.436565519459606,30.239999771118164
2009-12-21,88.452599469822857,30.120000839233398
2009-12-22,88.452599469822857,30.149999618530273
2009-12-23,88.452599469822857,30.950000762939453
2009-12-24,88.436565519459606,31.120000839233398
2009-12-28,88.468679872963577,31.489999771118164
2009-12-29,88.463833299845575,31.690000534057617
2009-12-30,88.463833299845575,31.690000534057617
2009-12-31,88.455851164247079,31.819999694824219
2010-01-04,88.463833299845575,32.700000762939453
2010-01-05,88.431765399119072,33.029998779296875
2010-01-06,88.439747534717597,33.270000457763672
2010-01-07,88.439747534717597,33.110000610351562
2010-01-08,88.471900598869482,33.180000305175781
2010-01-11,88.471900598869482,33.020000457763672
2010-01-12,88.463833299845575,32.279998779296875
2010-01-13,88.455851164247079,32.259998321533203
2010-01-14,88.455851164247079,32.200000762939453
2010-01-15,88.447791607352727,31.770000457763672
2010-01-19,88.463833299845575,32.009998321533203
2010-01-20,88.463833299845575,31.420000076293945
2010-01-21,88.463833299845575,30.879999160766602
2010-01-22,88.447791607352727,30.079999923706055
2010-01-25,88.479936929375057,30.350000381469727
2010-01-26,88.479936929375057,30.040000915527344
2010-01-27,88.447791607352727,29.579999923706055
2010-01-28,88.447791607352727,29.549999237060547
2010-01-29,88.479936929375057,29.239999771118164
2010-02-01,88.457453785070456,29.760000228881836
2010-02-02,88.473503219692844,30.540000915527344
2010-02-03,88.465404952150621,30.430000305175781
2010-02-04,88.465404952150621,29.180000305175781
2010-02-05,88.449401970305686,28.610000610351562
2010-02-08,88.481524065939254,28.819999694824219
2010-02-09,88.481524065939254,29.389999389648438
2010-02-10,88.473503219692844,29.459999084472656
2010-02-11,88.481524065939254,29.860000610351562
2010-02-12,88.481524065939254,29.5
2010-02-16,88.457453785070456,30.409999847412109
2010-02-17,88.473503219692844,30.469999313354492
2010-02-18,88.481524065939254,30.909999847412109
2010-02-19,88.465404952150621,31.100000381469727
2010-02-22,88.473503219692844,31.110000610351562
2010-02-23,88.473503219692844,30.510000228881836
2010-02-24,88.465404952150621,30.860000610351562
2010-02-25,88.48953717005611,30.350000381469727
2010-02-26,88.481524065939254,30.969999313354492
2010-03-01,88.479936929375057,30.590000152587891
2010-03-02,88.439770761106331,30.860000610351562
2010-03-03,88.463879752623058,31.360000610351562
2010-03-04,88.471830919703237,31.049999237060547
2010-03-05,88.463879752623058,31.340000152587891
2010-03-08,88.479936929375057,31.270000457763672
2010-03-09,88.471830919703237,30.989999771118164
2010-03-10,88.463879752623058,31.280000686645508
2010-03-11,88.455835679987914,31.209999084472656
2010-03-12,88.471830919703237,30.979999542236328
2010-03-15,88.471830919703237,30.639999389648438
2010-03-16,88.447745154575259,31.100000381469727
2010-03-17,88.471830919703237,31.420000076293945
2010-03-18,88.471830919703237,31.319999694824219
2010-03-19,88.471830919703237,30.799999237060547
2010-03-22,88.471830919703237,30.889999389648438
2010-03-23,88.479936929375057,30.75
2010-03-24,88.463879752623058,30.479999542236328
2010-03-25,88.463879752623058,30.329999923706055
2010-03-26,88.455835679987914,30.270000457763672
2010-03-29,88.455835679987914,30.940000534057617
2010-03-30,88.479936929375057,31.200000762939453
2010-03-31,88.471830919703237,31.159999847412109
2010-04-01,88.442170821276605,31.879999160766602
2010-04-05,88.434149975030195,32.380001068115234
2010-04-06,88.450168441134267,32.319999694824219
2010-04-07,88.442170821276605,32.229999542236328
2010-04-08,88.442170821276605,32.020000457763672
2010-04-09,88.450168441134267,32.009998321533203
2010-04-12,88.458243482287742,31.840000152587891
2010-04-13,88.450168441134267,31.969999313354492
2010-04-14,88.450168441134267,32.450000762939453
2010-04-15,88.450168441134267,32.610000610351562
2010-04-16,88.482344731674914,31.989999771118164
2010-04-19,88.442170821276605,31.620000839233398
2010-04-20,88.466279812793331,31.680000305175781
2010-04-21,88.458243482287742,31.760000228881836
2010-04-22,88.466279812793331,31.770000457763672
2010-04-23,88.466279812793331,32.159999847412109
2010-04-26,88.466279812793331,31.979999542236328
2010-04-27,88.466279812793331,31.290000915527344
2010-04-28,88.450168441134267,31.549999237060547
2010-04-29,88.458243482287742,31.909999847412109
2010-04-30,88.466279812793331,32.139999389648438
2010-05-03,88.447001910135427,32.330001831054688
2010-05-04,88.438934611111534,31.309999465942383
2010-05-05,88.463059086887426,30.479999542236328
2010-05-06,88.463059086887426,29.270000457763672
2010-05-07,88.455022756381851,29.180000305175781
2010-05-10,88.447001910135427,29.770000457763672
2010-05-11,88.455022756381851,29.639999389648438
2010-05-12,88.463059086887426,29.950000762939453
2010-05-13,88.471079933133851,29.600000381469727
2010-05-14,88.479077552991512,28.559999465942383
2010-05-17,88.455022756381851,27.799999237060547
2010-05-18,88.455022756381851,27.649999618530273
2010-05-19,88.471079933133851,27.489999771118164
2010-05-20,88.479077552991512,26.649999618530273
2010-05-21,88.479077552991512,26.950000762939453
2010-05-24,88.479077552991512,26.870000839233398
2010-05-25,88.471079933133851,26.530000686645508
2010-05-26,88.455022756381851,26.860000610351562
2010-05-27,88.479077552991512,27.870000839233398
2010-05-28,88.479077552991512,27.770000457763672
2010-06-01,88.475895537733507,27.190000534057617
2010-06-02,88.483893157591183,27.590000152587891
2010-06-03,88.467859207227932,27.799999237060547
2010-06-04,88.499973560731931,26.979999542236328
2010-06-07,88.467859207227932,26.940000534057617
2010-06-08,88.499973560731931,27.159999847412109
2010-06-09,88.475895537733507,27.5
2010-06-10,88.499973560731931,28.110000610351562
2010-06-11,88.507994406978355,27.850000381469727
2010-06-14,88.499973560731931,28.180000305175781
2010-06-15,88.467859207227932,28.649999618530273
2010-06-16,88.483893157591183,29.040000915527344
2010-06-17,88.499973560731931,28.770000457763672
2010-06-18,88.483893157591183,28.879999160766602
2010-06-21,88.499973560731931,28.940000534057617
2010-06-22,88.475895537733507,28.690000534057617
2010-06-23,88.483893157591183,28.280000686645508
2010-06-24,88.483893157591183,28.420000076293945
2010-06-25,88.499973560731931,29.110000610351562
2010-06-28,88.491944972355924,28.579999923706055
2010-06-29,88.491944972355924,27.870000839233398
2010-06-30,88.507994406978355,27.790000915527344
2010-07-01,88.47347999330411,27.409999847412109
2010-07-02,88.489560396444858,27.059999465942383
2010-07-06,88.47347999330411,27.290000915527344
2010-07-07,88.497558016302506,27.920000076293945
2010-07-08,88.513653903702391,28.190000534057617
2010-07-09,88.513653903702391,28.399999618530273
2010-07-12,88.513653903702391,27.959999084472656
2010-07-13,88.489560396444858,28.569999694824219
2010-07-14,88.521674749948815,28.569999694824219
2010-07-15,88.497558016302506,28.590000152587891
2010-07-16,88.505586604678498,28.200000762939453
2010-07-19,88.489560396444858,28.25
2010-07-20,88.497558016302506,28.430000305175781
2010-07-21,88.489560396444858,28.25
2010-07-22,88.505586604678498,28.969999313354492
2010-07-23,88.489560396444858,29.049999237060547
2010-07-26,88.481524065939254,28.930000305175781
2010-07-27,88.497558016302506,28.549999237060547
2010-07-28,88.513653903702391,28.629999160766602
2010-07-29,88.489560396444858,29.059999465942383
2010-07-30,88.489560396444858,29.389999389648438
2010-08-02,88.487942291362316,30
2010-08-03,88.487942291362316,30.290000915527344
2010-08-04,88.520072129125452,30.510000228881836
2010-08-05,88.495978621867891,30.420000076293945
2010-08-06,88.495978621867891,30.030000686645508
2010-08-09,88.495978621867891,30.049999237060547
2010-08-10,88.495978621867891,29.700000762939453
2010-08-11,88.503991725984733,29
2010-08-12,88.520072129125452,28.75
2010-08-13,88.495978621867891,28.469999313354492
2010-08-16,88.503991725984733,28.370000839233398
2010-08-17,88.51198934584238,28.739999771118164
2010-08-18,88.528069748983114,28.690000534057617
2010-08-19,88.503991725984733,28.389999389648438
2010-08-20,88.528069748983114,28.260000228881836
2010-08-23,88.503991725984733,27.930000305175781
2010-08-24,88.495978621867891,27.430000305175781
2010-08-25,88.503991725984733,27.799999237060547
2010-08-26,88.495978621867891,27.940000534057617
2010-08-27,88.520072129125452,28.649999618530273
2010-08-30,88.503991725984733,28.239999771118164
2010-08-31,88.51198934584238,27.780000686645508
2010-09-01,88.511222875013829,28.280000686645508
2010-09-02,88.511222875013829,28.579999923706055
2010-09-03,88.519228237001087,28.709999084472656
2010-09-07,88.503186544508253,28.75
2010-09-08,88.503186544508253,28.780000686645508
2010-09-09,88.503186544508253,28.680000305175781
2010-09-10,88.503186544508253,29.059999465942383
2010-09-13,88.535300898012238,29.399999618530273
2010-09-14,88.511222875013829,29.370000839233398
2010-09-15,88.527303278154562,29.229999542236328
2010-09-16,88.535300898012238,29.069999694824219
2010-09-17,88.519228237001087,29.030000686645508
2010-09-20,88.519228237001087,29.190000534057617
2010-09-21,88.519228237001087,28.889999389648438
2010-09-22,88.519228237001087,28.920000076293945
2010-09-23,88.543344970647397,28.959999084472656
2010-09-24,88.519228237001087,29.459999084472656
2010-09-27,88.535300898012238,29.319999694824219
2010-09-28,88.535300898012238,29.299999237060547
2010-09-29,88.527303278154562,29.670000076293945
2010-09-30,88.535300898012238,30.010000228881836
2010-10-01,88.526443901771017,30.420000076293945
2010-10-04,88.510433177796514,30.200000762939453
2010-10-05,88.526443901771017,30.719999313354492
2010-10-06,88.526443901771017,30.850000381469727
2010-10-07,88.518454024042938,30.440000534057617
2010-10-08,88.550576119676506,31.200000762939453
2010-10-11,88.518454024042938,31.059999465942383
2010-10-12,88.526443901771017,31.129999160766602
2010-10-13,88.542539789170917,31.370000839233398
2010-10-14,88.518454024042938,31.319999694824219
2010-10-15,88.542539789170917,30.889999389648438
2010-10-18,88.526443901771017,30.920000076293945
2010-10-19,88.550576119676506,30.239999771118164
2010-10-20,88.542539789170917,30.879999160766602
2010-10-21,88.534518942924507,30.540000915527344
2010-10-22,88.550576119676506,30.829999923706055
2010-10-25,88.534518942924507,30.889999389648438
2010-10-26,88.550576119676506,31.100000381469727
2010-10-27,88.526443901771017,30.879999160766602
2010-10-28,88.534518942924507,30.989999771118164
2010-10-29,88.534518942924507,30.879999160766602
2010-11-01,88.509612512060883,31.120000839233398
2010-11-02,88.525661946683286,31.489999771118164
2010-11-03,88.557822752964782,31.690000534057617
2010-11-04,88.557822752964782,32.540000915527344
2010-11-05,88.533690535059293,32.590000152587891
2010-11-08,88.533690535059293,32.729999542236328
2010-11-09,88.525661946683286,32.479999542236328
2010-11-10,88.525661946683286,32.900001525878906
2010-11-11,88.517641100436876,32.810001373291016
2010-11-12,88.525661946683286,31.659999847412109
2010-11-15,88.525661946683286,31.649999618530273
2010-11-16,88.525661946683286,30.709999084472656
2010-11-17,88.533690535059293,30.399999618530273
2010-11-18,88.525661946683286,31.139999389648438
2010-11-19,88.541726865564868,30.700000762939453
2010-11-22,88.549747711811278,30.540000915527344
2010-11-23,88.517641100436876,30.620000839233398
2010-11-24,88.525661946683286,31.280000686645508
2010-11-26,88.525661946683286,31.139999389648438
2010-11-29,88.509612512060883,31.659999847412109
2010-11-30,88.533690535059293,31.260000228881836
2010-12-01,88.516820434701245,32.220001220703125
2010-12-02,88.532900837841979,32.549999237060547
2010-12-03,88.540913941958792,33.069999694824219
2010-12-06,88.548950272464396,32.990001678466797
2010-12-07,88.548950272464396,32.709999084472656
2010-12-08,88.548950272464396,32.919998168945312
2010-12-09,88.548950272464396,32.849998474121094
2010-12-10,88.532900837841979,32.779998779296875
2010-12-13,88.532900837841979,33.069999694824219
2010-12-14,88.548950272464396,33.009998321533203
2010-12-15,88.548950272464396,32.959999084472656
2010-12-16,88.548950272464396,32.869998931884766
2010-12-17,88.532900837841979,33.009998321533203
2010-12-20,88.55697886084036,33.349998474121094
2010-12-21,88.55697886084036,33.580001831054688
2010-12-22,88.532900837841979,33.779998779296875
2010-12-23,88.524879991595569,33.909999847412109
2010-12-27,88.524879991595569,33.840000152587891
2010-12-28,88.565022933475547,34.040000915527344
2010-12-29,88.565022933475547,33.950000762939453
2010-12-30,88.556986602969957,33.470001220703125
2010-12-31,88.565022933475547,34.099998474121094
2011-01-03,88.556986602969957,34.340000152587891
2011-01-04,88.565022933475547,33.630001068115234
2011-01-05,88.565022933475547,34.040000915527344
2011-01-06,88.565022933475547,33.549999237060547
2011-01-07,88.565022933475547,33.349998474121094
2011-01-10,88.532900837841979,33.779998779296875
2011-01-11,88.532900837841979,34.299999237060547
2011-01-12,88.54095265260672,34.580001831054688
2011-01-13,88.532900837841979,34.349998474121094
2011-01-14,88.532900837841979,34.619998931884766
2011-01-18,88.532900837841979,34.520000457763672
2011-01-19,88.54095265260672,34.450000762939453
2011-01-20,88.54095265260672,34.060001373291016
2011-01-21,88.532900837841979,34.279998779296875
2011-01-24,88.548919303946079,33.990001678466797
2011-01-25,88.532900837841979,33.509998321533203
2011-01-26,88.54095265260672,34.25
2011-01-27,88.54095265260672,33.830001831054688
2011-01-28,88.548919303946079,34.470001220703125
2011-01-31,88.548919303946079,35.159999847412109
2011-02-01,88.565022933475547,35.169998168945312
2011-02-02,88.548965756723547,35.430000305175781
2011-02-03,88.565022933475547,35.189998626708984
2011-02-04,88.540960394736288,34.819999694824219
2011-02-07,88.556971118710806,34.540000915527344
2011-02-08,88.556971118710806,34.700000762939453
2011-02-09,88.565022933475547,34.930000305175781
2011-02-10,88.565022933475547,34.810001373291016
2011-02-11,88.556971118710806,34.549999237060547
2011-02-14,88.565022933475547,34.689998626708984
2011-02-15,88.548965756723547,34.330001831054688
2011-02-16,88.565022933475547,34.619998931884766
2011-02-17,88.573059263981122,34.880001068115234
2011-02-18,88.548965756723547,34.759998321533203
2011-02-22,88.556971118710806,35.259998321533203
2011-02-23,88.540960394736288,36.150001525878906
2011-02-24,88.548965756723547,35.599998474121094
2011-02-25,88.565022933475547,36.220001220703125
2011-02-28,88.556971118710806,36.090000152587891
2011-03-01,88.548160575247067,36.970001220703125
2011-03-02,88.548160575247067,37.299999237060547
2011-03-03,88.548160575247067,37.270000457763672
2011-03-04,88.548160575247067,37.849998474121094
2011-03-07,88.548160575247067,37.569999694824219
2011-03-08,88.548160575247067,37.229999542236328
2011-03-09,88.580267186621469,37.310001373291016
2011-03-10,88.588326743515807,36.849998474121094
2011-03-11,88.580267186621469,36.439998626708984
2011-03-14,88.588326743515807,36.5
2011-03-15,88.580267186621469,35.169998168945312
2011-03-16,88.564233236258232,35.430000305175781
2011-03-17,88.564233236258232,36.490001678466797
2011-03-18,88.588326743515807,36.599998474121094
2011-03-21,88.580267186621469,36.560001373291016
2011-03-22,88.564233236258232,36.959999084472656
2011-03-23,88.588326743515807,37.040000915527344
2011-03-24,88.572277308893391,37.049999237060547
2011-03-25,88.580267186621469,37.130001068115234
2011-03-28,88.580267186621469,36.659999847412109
2011-03-29,88.564233236258232,36.840000152587891
2011-03-30,88.564233236258232,36.740001678466797
2011-03-31,88.572277308893391,37.349998474121094
2011-04-01,88.596394042539686,37.770000457763672
2011-04-04,88.588311259256642,38.139999389648438
2011-04-05,88.564233236258232,38.090000152587891
2011-04-06,88.572261824634225,38.180000305175781
2011-04-07,88.596394042539686,38.459999084472656
2011-04-08,88.588311259256642,39.340000152587891
2011-04-11,88.580274928751066,38.509998321533203
2011-04-12,88.604383920267807,37.590000152587891
2011-04-13,88.604383920267807,37.930000305175781
2011-04-14,88.612443477162117,38.029998779296875
2011-04-15,88.596394042539686,38.270000457763672
2011-04-18,88.604383920267807,37.889999389648438
2011-04-19,88.620510776186023,37.830001831054688
2011-04-20,88.612443477162117,38.509998321533203
2011-04-21,88.628593559469081,38.75
2011-04-25,88.588311259256642,38.669998168945312
2011-04-26,88.596394042539686,38.680000305175781
2011-04-27,88.620510776186023,38.849998474121094
2011-04-28,88.596394042539686,38.549999237060547
2011-04-29,88.620510776186023,38.939998626708984
2011-05-02,88.603648417957544,38.639999389648438
2011-05-03,88.619674626191212,38.200000762939453
2011-05-04,88.627734183085551,37.509998321533203
2011-05-05,88.619674626191212,34.860000610351562
2011-05-06,88.627734183085551,34.580001831054688
2011-05-09,88.587537046298493,36.069999694824219
2011-05-10,88.611622811426486,36.319999694824219
2011-05-11,88.587537046298493,35.080001831054688
2011-05-12,88.595581118933637,35.009998321533203
2011-05-13,88.627734183085551,35.060001373291016
2011-05-16,88.587537046298493,34.520000457763672
2011-05-17,88.619674626191212,34.720001220703125
2011-05-18,88.603648417957544,35.5
2011-05-19,88.603648417957544,35.200000762939453
2011-05-20,88.587537046298493,35.409999847412109
2011-05-23,88.611622811426486,34.669998168945312
2011-05-24,88.595581118933637,35.119998931884766
2011-05-25,88.611622811426486,35.729999542236328
2011-05-26,88.603648417957544,35.680000305175781
2011-05-27,88.619674626191212,35.959999084472656
2011-05-31,88.611622811426486,36.270000457763672
2011-06-01,88.610871824857071,35.659999847412109
2011-06-02,88.610871824857071,35.959999084472656
2011-06-03,88.610871824857071,36.049999237060547
2011-06-06,88.594775937457158,35.450000762939453
2011-06-07,88.594775937457158,35.700000762939453
2011-06-08,88.586716380562862,36.209999084472656
2011-06-09,88.586716380562862,36.580001831054688
2011-06-10,88.594775937457158,35.959999084472656
2011-06-13,88.578656823668524,35.610000610351562
2011-06-14,88.586716380562862,35.959999084472656
2011-06-15,88.594775937457158,34.909999847412109
2011-06-16,88.602827752221899,34.779998779296875
2011-06-17,88.602827752221899,34.090000152587891
2011-06-20,88.610871824857071,34
2011-06-21,88.618853960455596,34.080001831054688
2011-06-22,88.618853960455596,34.330001831054688
2011-06-23,88.618853960455596,33.419998168945312
2011-06-24,88.602827752221899,33.069999694824219
2011-06-27,88.594775937457158,33.049999237060547
2011-06-28,88.602827752221899,33.659999847412109
2011-06-29,88.618853960455596,34.409999847412109
2011-06-30,88.626905775220337,34.110000610351562
2011-07-01,88.625303154396946,34.040000915527344
2011-07-05,88.625303154396946,34.709999084472656
2011-07-06,88.633331742772953,34.650001525878906
2011-07-07,88.61730553453927,35.479999542236328
2011-07-08,88.609238235515377,35.259998321533203
2011-07-11,88.609238235515377,34.869998931884766
2011-07-12,88.601209647139399,35.270000457763672
2011-07-13,88.609238235515377,35.790000915527344
2011-07-14,88.61730553453927,35.270000457763672
2011-07-15,88.609238235515377,35.560001373291016
2011-07-18,88.609238235515377,35.290000915527344
2011-07-19,88.609238235515377,35.759998321533203
2011-07-20,88.593150090245047,35.849998474121094
2011-07-21,88.593150090245047,35.840000152587891
2011-07-22,88.585098275480334,36.060001373291016
2011-07-25,88.609238235515377,35.869998931884766
2011-07-26,88.577069687104313,35.889999389648438
2011-07-27,88.593150090245047,35.560001373291016
2011-07-28,88.5690565829875,35.610000610351562
2011-07-29,88.577069687104313,35.189998626708984
2011-08-01,88.565046159864281,35.349998474121094
2011-08-02,88.613225432249848,35.020000457763672
2011-08-03,88.621323699792072,34.340000152587891
2011-08-04,88.621323699792072,32.889999389648438
2011-08-05,88.621323699792072,33.090000152587891
2011-08-08,88.605235554521755,31.530000686645508
2011-08-09,88.637357650155323,31.770000457763672
2011-08-10,88.613225432249848,31.959999084472656
2011-08-11,88.621323699792072,33.049999237060547
2011-08-12,88.613225432249848,33
2011-08-15,88.613225432249848,33.450000762939453
2011-08-16,88.621323699792072,33.419998168945312
2011-08-17,88.621323699792072,33.590000152587891
2011-08-18,88.621323699792072,32.419998168945312
2011-08-19,88.637357650155323,32.860000610351562
2011-08-22,88.637357650155323,33.009998321533203
2011-08-23,88.637357650155323,33.569999694824219
2011-08-24,88.637357650155323,33.180000305175781
2011-08-25,88.621323699792072,33.330001831054688
2011-08-26,88.621323699792072,33.619998931884766
2011-08-29,88.64538623853133,33.919998168945312
2011-08-30,88.621323699792072,34.520000457763672
2011-08-31,88.613225432249848,34.590000152587891
2011-09-01,88.617259081761787,34.189998626708984
2011-09-02,88.609261461904126,33.840000152587891
2011-09-06,88.63332400064337,33.740001678466797
2011-09-07,88.609261461904126,34.330001831054688
2011-09-08,88.609261461904126,34.169998168945312
2011-09-09,88.609261461904126,33.599998474121094
2011-09-12,88.609261461904126,33.689998626708984
2011-09-13,88.625357349304011,33.709999084472656
2011-09-14,88.609261461904126,33.479999542236328
2011-09-15,88.63332400064337,33.770000457763672
2011-09-16,88.617259081761787,33.400001525878906
2011-09-19,88.617259081761787,32.740001678466797
2011-09-20,88.617259081761787,32.75
2011-09-21,88.609261461904126,32.360000610351562
2011-09-22,88.625357349304011,30.889999389648438
2011-09-23,88.617259081761787,30.530000686645508
2011-09-26,88.63332400064337,30.879999160766602
2011-09-27,88.617259081761787,31.549999237060547
2011-09-28,88.617259081761787,30.75
2011-09-29,88.609261461904126,31.299999237060547
2011-09-30,88.625357349304011,30.190000534057617
2011-10-03,88.606009767479904,29.75
2011-10-04,88.622082428491055,29.760000228881836
2011-10-05,88.622082428491055,30.290000915527344
2011-10-06,88.622082428491055,31.079999923706055
2011-10-07,88.614038355855897,30.850000381469727
2011-10-10,88.630111016867048,31.709999084472656
2011-10-11,88.606009767479904,31.850000381469727
2011-10-12,88.606009767479904,31.930000305175781
2011-10-13,88.606009767479904,31.909999847412109
2011-10-14,88.614038355855897,32.720001220703125
2011-10-17,88.622082428491055,32.290000915527344
2011-10-18,88.622082428491055,32.799999237060547
2011-10-19,88.622082428491055,31.979999542236328
2011-10-20,88.606009767479904,32.130001068115234
2011-10-21,88.622082428491055,32.400001525878906
2011-10-24,88.606009767479904,33.169998168945312
2011-10-25,88.606009767479904,33.200000762939453
2011-10-26,88.606009767479904,32.790000915527344
2011-10-27,88.597973436974328,33.700000762939453
2011-10-28,88.597973436974328,33.479999542236328
2011-10-31,88.614038355855897,33.290000915527344
2011-11-01,88.601178678621068,32.880001068115234
2011-11-02,88.601178678621068,32.819999694824219
2011-11-03,88.60924597764496,33.439998626708984
2011-11-04,88.625310896526528,33.540000915527344
2011-11-07,88.625310896526528,34.029998779296875
2011-11-08,88.617251339632219,34.270000457763672
2011-11-09,88.60924597764496,33.599998474121094
2011-11-10,88.60924597764496,33.810001373291016
2011-11-11,88.625310896526528,34.169998168945312
2011-11-14,88.60924597764496,33.830001831054688
2011-11-15,88.60924597764496,34.150001525878906
2011-11-16,88.63332400064337,34.130001068115234
2011-11-17,88.617251339632219,33.380001068115234
2011-11-18,88.625310896526528,33.150001525878906
2011-11-21,88.63332400064337,32.909999847412109
2011-11-22,88.60924597764496,33.130001068115234
2011-11-23,88.617251339632219,32.630001068115234
2011-11-25,88.601178678621068,32.389999389648438
2011-11-28,88.617251339632219,32.860000610351562
2011-11-29,88.617251339632219,33.419998168945312
2011-11-30,88.601178678621068,33.790000915527344
2011-12-01,88.622082428491055,33.639999389648438
2011-12-02,88.622082428491055,33.520000457763672
2011-12-05,88.606002025350335,33.419998168945312
2011-12-06,88.606002025350335,33.759998321533203
2011-12-07,88.614053840115062,33.409999847412109
2011-12-08,88.622082428491055,32.889999389648438
2011-12-09,88.622082428491055,33.060001373291016
2011-12-12,88.622082428491055,32.599998474121094
2011-12-13,88.630141985385393,33.049999237060547
2011-12-14,88.622082428491055,31.719999313354492
2011-12-15,88.622082428491055,31.430000305175781
2011-12-16,88.622082428491055,31.620000839233398
2011-12-19,88.630141985385393,31.610000610351562
2011-12-20,88.614053840115062,32.430000305175781
2011-12-21,88.614053840115062,32.810001373291016
2011-12-22,88.614053840115062,32.909999847412109
2011-12-23,88.597950210585594,33.029998779296875
2011-12-27,88.608409827650178,33.409999847412109
2011-12-28,88.608409827650178,33.080001831054688
2011-12-29,88.608409827650178,33.139999389648438
2011-12-30,88.624505715050063,32.979999542236328
2012-01-03,88.608409827650178,34.159999847412109
2012-01-04,88.608409827650178,34.319999694824219
2012-01-05,88.608409827650178,33.799999237060547
2012-01-06,88.61646164241489,33.950000762939453
2012-01-09,88.624505715050063,33.990001678466797
2012-01-10,88.624505715050063,34.25
2012-01-11,88.624505715050063,34.029998779296875
2012-01-12,88.608409827650178,33.479999542236328
2012-01-13,88.61646164241489,33.479999542236328
2012-01-17,88.61646164241489,33.759998321533203
2012-01-18,88.61646164241489,33.700000762939453
2012-01-19,88.61646164241489,33.770000457763672
2012-01-20,88.600358012885422,33.380001068115234
2012-01-23,88.608409827650178,33.770000457763672
2012-01-24,88.61646164241489,33.680000305175781
2012-01-25,88.624505715050063,33.930000305175781
2012-01-26,88.624505715050063,34.040000915527344
2012-01-27,88.61646164241489,34.139999389648438
2012-01-30,88.608409827650178,33.819999694824219
2012-01-31,88.608409827650178,33.770000457763672
2012-02-01,88.600358012885422,33.75
2012-02-02,88.592352650898164,33.729999542236328
2012-02-03,88.584308578263006,34.009998321533203
2012-02-06,88.592352650898164,34.169998168945312
2012-02-07,88.592352650898164,34.319999694824219
2012-02-08,88.592352650898164,34.459999084472656
2012-02-09,88.584308578263006,34.569999694824219
2012-02-10,88.584308578263006,34.259998321533203
2012-02-13,88.584308578263006,34.409999847412109
2012-02-14,88.584308578263006,34.479999542236328
2012-02-15,88.592352650898164,34.619998931884766
2012-02-16,88.584308578263006,34.880001068115234
2012-02-17,88.584308578263006,34.990001678466797
2012-02-21,88.584308578263006,35.479999542236328
2012-02-22,88.600358012885422,35.659999847412109
2012-02-23,88.600358012885422,35.950000762939453
2012-02-24,88.600358012885422,36.349998474121094
2012-02-27,88.584308578263006,35.990001678466797
2012-02-28,88.600358012885422,35.810001373291016
2012-02-29,88.600358012885422,35.869998931884766
2012-03-01,88.584308578263006,36.430000305175781
2012-03-02,88.584308578263006,35.840000152587891
2012-03-05,88.600358012885422,35.900001525878906
2012-03-06,88.600358012885422,35.279998779296875
2012-03-07,88.592352650898164,35.439998626708984
2012-03-08,88.592352650898164,35.619998931884766
2012-03-09,88.600358012885422,35.799999237060547
2012-03-12,88.600358012885422,35.740001678466797
2012-03-13,88.600358012885422,35.860000610351562
2012-03-14,88.600358012885422,35.639999389648438
2012-03-15,88.592352650898164,35.459999084472656
2012-03-16,88.584308578263006,36
2012-03-19,88.584308578263006,36.069999694824219
2012-03-20,88.584308578263006,35.520000457763672
2012-03-21,88.584308578263006,35.680000305175781
2012-03-22,88.592352650898164,35.279998779296875
2012-03-23,88.592352650898164,35.669998168945312
2012-03-26,88.584308578263006,35.810001373291016
2012-03-27,88.584308578263006,35.729999542236328
2012-03-28,88.600358012885422,35.349998474121094
2012-03-29,88.592352650898164,34.75
2012-03-30,88.592352650898164,34.779998779296875
2012-04-02,88.600358012885422,35.389999389648438
2012-04-03,88.584308578263006,35.209999084472656
2012-04-04,88.584308578263006,34.75
2012-04-05,88.584308578263006,34.849998474121094
2012-04-09,88.584308578263006,34.569999694824219
2012-04-10,88.592352650898164,34.020000457763672
2012-04-11,88.592352650898164,34.330001831054688
2012-04-12,88.600358012885422,34.759998321533203
2012-04-13,88.61646164241489,34.560001373291016
2012-04-16,88.608409827650178,34.319999694824219
2012-04-17,88.608409827650178,34.470001220703125
2012-04-18,88.600358012885422,34.130001068115234
2012-04-19,88.600358012885422,34.049999237060547
2012-04-20,88.592352650898164,34.340000152587891
2012-04-23,88.592352650898164,34.169998168945312
2012-04-24,88.592352650898164,34.060001373291016
2012-04-25,88.592352650898164,34.290000915527344
2012-04-26,88.592352650898164,34.400001525878906
2012-04-27,88.600358012885422,34.580001831054688
2012-04-30,88.592352650898164,34.659999847412109
2012-05-01,88.600358012885422,34.75
2012-05-02,88.592352650898164,34.319999694824219
2012-05-03,88.584308578263006,33.799999237060547
2012-05-04,88.608409827650178,33.080001831054688
2012-05-07,88.600358012885422,32.900001525878906
2012-05-08,88.608409827650178,32.779998779296875
2012-05-09,88.592352650898164,32.590000152587891
2012-05-10,88.608409827650178,32.520000457763672
2012-05-11,88.600358012885422,32.279998779296875
2012-05-14,88.592352650898164,31.879999160766602
2012-05-15,88.600358012885422,31.870000839233398
2012-05-16,88.592352650898164,31.790000915527344
2012-05-17,88.592352650898164,31.680000305175781
2012-05-18,88.584308578263006,31.590000152587891
2012-05-21,88.592352650898164,32
2012-05-22,88.592352650898164,31.540000915527344
2012-05-23,88.592352650898164,31.190000534057617
2012-05-24,88.600358012885422,31.25
2012-05-25,88.608409827650178,31.229999542236328
2012-05-29,88.608409827650178,31.090000152587891
2012-05-30,88.608409827650178,30.409999847412109
2012-05-31,88.61646164241489,30.229999542236328
2012-06-01,88.592352650898164,29.319999694824219
2012-06-04,88.61646164241489,29.600000381469727
2012-06-05,88.61646164241489,29.520000457763672
2012-06-06,88.61646164241489,30.020000457763672
2012-06-07,88.600358012885422,29.819999694824219
2012-06-08,88.608409827650178,29.950000762939453
2012-06-11,88.61646164241489,29.270000457763672
2012-06-12,88.61646164241489,29.549999237060547
2012-06-13,88.61646164241489,29.309999465942383
2012-06-14,88.61646164241489,29.729999542236328
2012-06-15,88.608409827650178,29.649999618530273
2012-06-18,88.600358012885422,29.540000915527344
2012-06-19,88.608409827650178,29.829999923706055
2012-06-20,88.608409827650178,29.069999694824219
2012-06-21,88.61646164241489,28.469999313354492
2012-06-22,88.608409827650178,28.809999465942383
2012-06-25,88.608409827650178,28.899999618530273
2012-06-26,88.600358012885422,29.069999694824219
2012-06-27,88.592352650898164,29.350000381469727
2012-06-28,88.608409827650178,29.020000457763672
2012-06-29,88.608409827650178,30.440000534057617
2012-07-02,88.600358012885422,30.329999923706055
2012-07-03,88.608409827650178,31.360000610351562
2012-07-05,88.600358012885422,31.430000305175781
2012-07-06,88.608409827650178,30.700000762939453
2012-07-09,88.608409827650178,31.180000305175781
2012-07-10,88.600358012885422,30.799999237060547
2012-07-11,88.600358012885422,31.239999771118164
2012-07-12,88.600358012885422,31.25
2012-07-13,88.608409827650178,31.590000152587891
2012-07-16,88.600358012885422,32.099998474121094
2012-07-17,88.600358012885422,32.090000152587891
2012-07-18,88.608409827650178,32.590000152587891
2012-07-19,88.600358012885422,33.340000152587891
2012-07-20,88.600358012885422,33.189998626708984
2012-07-23,88.608409827650178,32.340000152587891
2012-07-24,88.608409827650178,32.200000762939453
2012-07-25,88.600358012885422,32.340000152587891
2012-07-26,88.600358012885422,32.360000610351562
2012-07-27,88.608409827650178,32.779998779296875
2012-07-30,88.600358012885422,32.810001373291016
2012-07-31,88.608409827650178,32.229999542236328
2012-08-01,88.608409827650178,32.459999084472656
2012-08-02,88.61646164241489,32.090000152587891
2012-08-03,88.61646164241489,32.990001678466797
2012-08-06,88.600358012885422,33.090000152587891
2012-08-07,88.608409827650178,33.419998168945312
2012-08-08,88.600358012885422,33.549999237060547
2012-08-09,88.600358012885422,33.720001220703125
2012-08-10,88.608409827650178,33.529998779296875
2012-08-13,88.608409827650178,33.299999237060547
2012-08-14,88.608409827650178,33.459999084472656
2012-08-15,88.600358012885422,33.740001678466797
2012-08-16,88.608409827650178,33.950000762939453
2012-08-17,88.608409827650178,34.110000610351562
2012-08-20,88.600358012885422,34.169998168945312
2012-08-21,88.600358012885422,34.450000762939453
2012-08-22,88.600358012885422,34.610000610351562
2012-08-23,88.61646164241489,34.319999694824219
2012-08-24,88.61646164241489,34.090000152587891
2012-08-27,88.61646164241489,34.049999237060547
2012-08-28,88.61646164241489,34.119998931884766
2012-08-29,88.608409827650178,34.090000152587891
2012-08-30,88.61646164241489,34.090000152587891
2012-08-31,88.624505715050063,34.540000915527344
2012-09-04,88.617266823891384,34.450000762939453
2012-09-05,88.617266823891384,34.279998779296875
2012-09-06,88.617266823891384,34.220001220703125
2012-09-07,88.617266823891384,34.639999389648438
2012-09-10,88.617266823891384,34.639999389648438
2012-09-11,88.617266823891384,34.740001678466797
2012-09-12,88.617266823891384,34.75
2012-09-13,88.625303154396946,34.930000305175781
2012-09-14,88.625303154396946,35.349998474121094
2012-09-17,88.625303154396946,34.380001068115234
2012-09-18,88.625303154396946,34.110000610351562
2012-09-19,88.617266823891384,33.349998474121094
2012-09-20,88.617266823891384,33.650001525878906
2012-09-21,88.617266823891384,33.810001373291016
2012-09-24,88.617266823891384,33.5
2012-09-25,88.609238235515377,33.490001678466797
2012-09-26,88.609238235515377,33.189998626708984
2012-09-27,88.609238235515377,33.650001525878906
2012-09-28,88.617266823891384,33.799999237060547
2012-10-01,88.610833114209143,33.880001068115234
2012-10-02,88.618861702585164,33.709999084472656
2012-10-03,88.610833114209143,32.930000305175781
2012-10-04,88.618861702585164,33.860000610351562
2012-10-05,88.610833114209143,33.529998779296875
2012-10-08,88.618861702585164,33.450000762939453
2012-10-09,88.618861702585164,33.970001220703125
2012-10-10,88.618861702585164,33.869998931884766
2012-10-11,88.610833114209143,34.279998779296875
2012-10-12,88.610833114209143,33.900001525878906
2012-10-15,88.610833114209143,33.819999694824219
2012-10-16,88.610833114209143,33.790000915527344
2012-10-17,88.610833114209143,33.869998931884766
2012-10-18,88.618861702585164,33.970001220703125
2012-10-19,88.610833114209143,33.459999084472656
2012-10-22,88.618861702585164,33.169998168945312
2012-10-23,88.618861702585164,32.560001373291016
2012-10-24,88.610833114209143,32.419998168945312
2012-10-25,88.610833114209143,32.490001678466797
2012-10-26,88.610833114209143,32.549999237060547
2012-10-31,88.610833114209143,32.439998626708984
2012-11-01,88.618861702585164,32.450000762939453
2012-11-02,88.618861702585164,31.879999160766602
2012-11-05,88.602781299444416,32.080001831054688
2012-11-06,88.602781299444416,32.779998779296875
2012-11-07,88.602781299444416,31.979999542236328
2012-11-08,88.602781299444416,31.950000762939453
2012-11-09,88.602781299444416,32.360000610351562
2012-11-12,88.602781299444416,32.169998168945312
2012-11-13,88.602781299444416,32.040000915527344
2012-11-14,88.602781299444416,32.209999084472656
2012-11-15,88.618861702585164,32.049999237060547
2012-11-16,88.610833114209143,32.310001373291016
2012-11-19,88.610833114209143,32.939998626708984
2012-11-20,88.610833114209143,32.630001068115234
2012-11-21,88.610833114209143,32.770000457763672
2012-11-23,88.610833114209143,32.930000305175781
2012-11-26,88.618861702585164,32.75
2012-11-27,88.626890290961143,32.729999542236328
2012-11-28,88.626890290961143,32.669998168945312
2012-11-29,88.626890290961143,32.869998931884766
2012-11-30,88.618861702585164,32.959999084472656
2012-12-03,88.61243573503252,33.139999389648438
2012-12-04,88.61243573503252,32.770000457763672
2012-12-05,88.61243573503252,32.729999542236328
2012-12-06,88.61243573503252,32.349998474121094
2012-12-07,88.620472065538124,32.240001678466797
2012-12-10,88.61243573503252,32.069999694824219
2012-12-11,88.620472065538124,32.150001525878906
2012-12-12,88.620472065538124,32.349998474121094
2012-12-13,88.628500653914102,32.040000915527344
2012-12-14,88.628500653914102,32.270000457763672
2012-12-17,88.628500653914102,32.270000457763672
2012-12-18,88.628500653914102,32.400001525878906
2012-12-19,88.636552468678858,32.580001831054688
2012-12-20,88.628500653914102,32.490001678466797
2012-12-21,88.636552468678858,32.419998168945312
2012-12-24,88.628500653914102,32.299999237060547
2012-12-26,88.628500653914102,32.779998779296875
2012-12-27,88.636552468678858,32.75
2012-12-28,88.636552468678858,32.549999237060547
2012-12-31,88.652625129690009,32.790000915527344
2013-01-02,88.636552468678858,32.889999389648438
2013-01-03,88.636552468678858,32.729999542236328
2013-01-04,88.636552468678858,32.659999847412109
2013-01-07,88.628500653914102,32.840000152587891
2013-01-08,88.628500653914102,32.919998168945312
2013-01-09,88.636552468678858,32.849998474121094
2013-01-10,88.636552468678858,32.990001678466797
2013-01-11,88.636552468678858,32.880001068115234
2013-01-14,88.628500653914102,33.159999847412109
2013-01-15,88.628500653914102,32.979999542236328
2013-01-16,88.628500653914102,33.080001831054688
2013-01-17,88.620472065538124,33.279998779296875
2013-01-18,88.628500653914102,33.439998626708984
2013-01-22,88.628500653914102,33.569999694824219
2013-01-23,88.628500653914102,33.509998321533203
2013-01-24,88.620472065538124,33.630001068115234
2013-01-25,88.620472065538124,33.590000152587891
2013-01-28,88.620472065538124,33.729999542236328
2013-01-29,88.628500653914102,33.950000762939453
2013-01-30,88.628500653914102,34.270000457763672
2013-01-31,88.628500653914102,34.290000915527344
2013-02-01,88.630939424732262,34.360000610351562
2013-02-04,88.622879867837952,34.169998168945312
2013-02-05,88.630939424732262,34.380001068115234
2013-02-06,88.630939424732262,34.360000610351562
2013-02-07,88.622879867837952,34.189998626708984
2013-02-08,88.622879867837952,34.299999237060547
2013-02-11,88.630939424732262,34.279998779296875
2013-02-12,88.630939424732262,34.360000610351562
2013-02-13,88.630939424732262,34.340000152587891
2013-02-14,88.622879867837952,34.349998474121094
2013-02-15,88.622879867837952,34.240001678466797
2013-02-19,88.622879867837952,34.139999389648438
2013-02-20,88.622879867837952,33.560001373291016
2013-02-21,88.614859021591528,33.090000152587891
2013-02-22,88.622879867837952,33.200000762939453
2013-02-25,88.622879867837952,32.990001678466797
2013-02-26,88.622879867837952,32.959999084472656
2013-02-27,88.622879867837952,32.799999237060547
2013-02-28,88.622879867837952,32.540000915527344
2013-03-01,88.623654080796086,32.430000305175781
2013-03-04,88.615671945197604,32.220001220703125
2013-03-05,88.615671945197604,32.509998321533203
2013-03-06,88.623654080796086,32.220001220703125
2013-03-07,88.623654080796086,32.490001678466797
2013-03-08,88.615671945197604,32.549999237060547
2013-03-11,88.615671945197604,32.520000457763672
2013-03-12,88.631783316856669,32.590000152587891
2013-03-13,88.631783316856669,32.349998474121094
2013-03-14,88.631783316856669,32.619998931884766
2013-03-15,88.631783316856669,32.799999237060547
2013-03-18,88.623654080796086,32.630001068115234
2013-03-19,88.623654080796086,32.25
2013-03-20,88.623654080796086,32.479999542236328
2013-03-21,88.631783316856669,32.279998779296875
2013-03-22,88.639796420973482,32.400001525878906
2013-03-25,88.631783316856669,32.490001678466797
2013-03-26,88.631783316856669,32.810001373291016
2013-03-27,88.639796420973482,32.990001678466797
2013-03-28,88.631783316856669,32.900001525878906
2013-04-01,88.623654080796086,32.860000610351562
2013-04-02,88.623654080796086,32.720001220703125
2013-04-03,88.631783316856669,32.080001831054688
2013-04-04,88.631783316856669,31.870000839233398
2013-04-05,88.631783316856669,31.590000152587891
2013-04-08,88.639796420973482,31.760000228881836
2013-04-09,88.631783316856669,31.920000076293945
2013-04-10,88.639796420973482,31.809999465942383
2013-04-11,88.639796420973482,31.559999465942383
2013-04-12,88.639796420973482,31.129999160766602
2013-04-15,88.639796420973482,30.299999237060547
2013-04-16,88.639796420973482,30.510000228881836
2013-04-17,88.639796420973482,30.049999237060547
2013-04-18,88.631783316856669,30.5
2013-04-19,88.639796420973482,30.399999618530273
2013-04-22,88.639796420973482,30.540000915527344
2013-04-23,88.631783316856669,30.420000076293945
2013-04-24,88.631783316856669,30.770000457763672
2013-04-25,88.639796420973482,31.200000762939453
2013-04-26,88.639796420973482,31.149999618530273
2013-04-29,88.639796420973482,31.530000686645508
2013-04-30,88.647848235738238,31.290000915527344
2013-05-01,88.631783316856669,30.639999389648438
2013-05-02,88.631783316856669,31.239999771118164
2013-05-03,88.639796420973482,31.510000228881836
2013-05-06,88.639796420973482,31.600000381469727
2013-05-07,88.639796420973482,31.510000228881836
2013-05-08,88.639796420973482,31.709999084472656
2013-05-09,88.647848235738238,31.700000762939453
2013-05-10,88.647848235738238,31.590000152587891
2013-05-13,88.647848235738238,31.479999542236328
2013-05-14,88.647848235738238,31.309999465942383
2013-05-15,88.647848235738238,31.379999160766602
2013-05-16,88.639796420973482,31.399999618530273
2013-05-17,88.639796420973482,31.620000839233398
2013-05-20,88.639796420973482,31.709999084472656
2013-05-21,88.639796420973482,31.510000228881836
2013-05-22,88.639796420973482,31.239999771118164
2013-05-23,88.631783316856669,31.360000610351562
2013-05-24,88.639796420973482,31.25
2013-05-28,88.631783316856669,31.579999923706055
2013-05-29,88.631783316856669,31.229999542236328
2013-05-30,88.631783316856669,31.180000305175781
2013-05-31,88.639796420973482,30.809999465942383
2013-06-03,88.647848235738238,31.229999542236328
2013-06-04,88.647848235738238,31.420000076293945
2013-06-05,88.647848235738238,31.350000381469727
2013-06-06,88.647848235738238,31.489999771118164
2013-06-07,88.639796420973482,31.709999084472656
2013-06-10,88.647848235738238,31.399999618530273
2013-06-11,88.639796420973482,31.260000228881836
2013-06-12,88.631783316856669,31.370000839233398
2013-06-13,88.639796420973482,31.629999160766602
2013-06-14,88.647848235738238,31.799999237060547
2013-06-17,88.647848235738238,31.920000076293945
2013-06-18,88.639796420973482,31.989999771118164
2013-06-19,88.639796420973482,32.020000457763672
2013-06-20,88.631783316856669,31.069999694824219
2013-06-21,88.631783316856669,30.719999313354492
2013-06-24,88.639796420973482,30.680000305175781
2013-06-25,88.639796420973482,30.709999084472656
2013-06-26,88.631783316856669,30.719999313354492
2013-06-27,88.631783316856669,30.969999313354492
2013-06-28,88.623654080796086,30.799999237060547
2013-07-01,88.639796420973482,30.969999313354492
2013-07-02,88.639796420973482,31.260000228881836
2013-07-03,88.639796420973482,31.700000762939453
2013-07-05,88.647848235738238,31.870000839233398
2013-07-08,88.647848235738238,32.049999237060547
2013-07-09,88.647848235738238,32.229999542236328
2013-07-10,88.647848235738238,32.560001373291016
2013-07-11,88.631783316856669,32.490001678466797
2013-07-12,88.639796420973482,32.830001831054688
2013-07-15,88.631783316856669,32.840000152587891
2013-07-16,88.639796420973482,32.840000152587891
2013-07-17,88.647848235738238,32.930000305175781
2013-07-18,88.639796420973482,33.189998626708984
2013-07-19,88.639796420973482,33.209999084472656
2013-07-22,88.631783316856669,32.939998626708984
2013-07-23,88.631783316856669,33
2013-07-24,88.639796420973482,32.639999389648438
2013-07-25,88.639796420973482,32.669998168945312
2013-07-26,88.639796420973482,32.450000762939453
2013-07-29,88.639796420973482,32.409999847412109
2013-07-30,88.631783316856669,32.200000762939453
2013-07-31,88.647848235738238,32.540000915527344
2013-08-01,88.639796420973482,32.900001525878906
2013-08-02,88.639796420973482,32.680000305175781
2013-08-05,88.647848235738238,32.540000915527344
2013-08-06,88.647848235738238,32.330001831054688
2013-08-07,88.647848235738238,32.040000915527344
2013-08-08,88.647848235738238,32.090000152587891
2013-08-09,88.639796420973482,32.409999847412109
2013-08-12,88.647848235738238,32.720001220703125
2013-08-13,88.647848235738238,32.75
2013-08-14,88.639796420973482,32.900001525878906
2013-08-15,88.647848235738238,33.069999694824219
2013-08-16,88.647848235738238,33.25
2013-08-19,88.631783316856669,33.130001068115234
2013-08-20,88.647848235738238,32.939998626708984
2013-08-21,88.631783316856669,32.799999237060547
2013-08-22,88.631783316856669,32.849998474121094
2013-08-23,88.631783316856669,33.139999389648438
2013-08-26,88.639796420973482,33.290000915527344
2013-08-27,88.647848235738238,33.709999084472656
2013-08-28,88.647848235738238,34.049999237060547
2013-08-29,88.647848235738238,33.650001525878906
2013-08-30,88.647848235738238,33.549999237060547
2013-09-03,88.655845855595913,34.180000305175781
2013-09-04,88.655845855595913,33.650001525878906
2013-09-05,88.647848235738238,33.639999389648438
2013-09-06,88.655845855595913,33.889999389648438
2013-09-09,88.647848235738238,33.639999389648438
2013-09-10,88.655845855595913,33.189998626708984
2013-09-11,88.647848235738238,33.25
2013-09-12,88.655845855595913,33.580001831054688
2013-09-13,88.655845855595913,33.590000152587891
2013-09-16,88.647848235738238,33.060001373291016
2013-09-17,88.647848235738238,32.569999694824219
2013-09-18,88.655845855595913,33.319999694824219
2013-09-19,88.655845855595913,32.970001220703125
2013-09-20,88.655845855595913,32.849998474121094
2013-09-23,88.655845855595913,32.369998931884766
2013-09-24,88.655845855595913,32.419998168945312
2013-09-25,88.663874443971892,32.360000610351562
2013-09-26,88.663874443971892,32.560001373291016
2013-09-27,88.663874443971892,32.409999847412109
2013-09-30,88.655845855595913,32.380001068115234
2013-10-01,88.647848235738238,31.879999160766602
2013-10-02,88.639796420973482,32.360000610351562
2013-10-03,88.639796420973482,32.270000457763672
2013-10-04,88.647848235738238,32.400001525878906
2013-10-07,88.639796420973482,32.599998474121094
2013-10-08,88.639796420973482,32.639999389648438
2013-10-09,88.623654080796086,32.459999084472656
2013-10-10,88.623654080796086,32.950000762939453
2013-10-11,88.631783316856669,32.799999237060547
2013-10-14,88.623654080796086,32.779998779296875
2013-10-15,88.607558193396201,32.490001678466797
2013-10-16,88.615671945197604,32.810001373291016
2013-10-17,88.639796420973482,32.520000457763672
2013-10-18,88.647848235738238,32.770000457763672
2013-10-21,88.647848235738238,32.520000457763672
2013-10-22,88.639796420973482,32.330001831054688
2013-10-23,88.647848235738238,31.860000610351562
2013-10-24,88.647848235738238,31.799999237060547
2013-10-25,88.647848235738238,31.979999542236328
2013-10-28,88.631783316856669,32.180000305175781
2013-10-29,88.631783316856669,32.090000152587891
2013-10-30,88.639796420973482,32.110000610351562
2013-10-31,88.639796420973482,31.909999847412109
2013-11-01,88.631783316856669,31.379999160766602
2013-11-04,88.631783316856669,31.120000839233398
2013-11-05,88.631783316856669,31.020000457763672
2013-11-06,88.631783316856669,31.090000152587891
2013-11-07,88.631783316856669,30.840000152587891
2013-11-08,88.631783316856669,31.030000686645508
2013-11-11,88.639796420973482,31.299999237060547
2013-11-12,88.647848235738238,31.030000686645508
2013-11-13,88.647848235738238,31.159999847412109
2013-11-14,88.647848235738238,31.350000381469727
2013-11-15,88.639796420973482,31.420000076293945
2013-11-18,88.639796420973482,31.139999389648438
2013-11-19,88.639796420973482,31.159999847412109
2013-11-20,88.647848235738238,31.180000305175781
2013-11-21,88.647848235738238,31.700000762939453
2013-11-22,88.647848235738238,31.790000915527344
2013-11-25,88.647848235738238,31.690000534057617
2013-11-26,88.647848235738238,31.719999313354492
2013-11-27,88.647848235738238,31.629999160766602
2013-11-29,88.639796420973482,31.760000228881836
2013-12-02,88.631783316856669,31.770000457763672
2013-12-03,88.631783316856669,32.049999237060547
2013-12-04,88.639796420973482,32.150001525878906
2013-12-05,88.647848235738238,32.090000152587891
2013-12-06,88.647848235738238,32.220001220703125
2013-12-09,88.639796420973482,31.959999084472656
2013-12-10,88.647848235738238,32.119998931884766
2013-12-11,88.647848235738238,32.060001373291016
2013-12-12,88.647848235738238,31.799999237060547
2013-12-13,88.647848235738238,31.739999771118164
2013-12-16,88.647848235738238,31.870000839233398
2013-12-17,88.639796420973482,31.75
2013-12-18,88.655845855595913,31.879999160766602
2013-12-19,88.639796420973482,32.049999237060547
2013-12-20,88.639796420973482,32.389999389648438
2013-12-23,88.639796420973482,32.360000610351562
2013-12-24,88.639796420973482,32.470001220703125
2013-12-26,88.641406783926428,32.459999084472656
2013-12-27,88.641406783926428,32.520000457763672
2013-12-30,88.641406783926428,32.299999237060547
2013-12-31,88.649404403784118,32.189998626708984
2014-01-02,88.633347227032104,31.360000610351562
2014-01-03,88.649404403784118,31.229999542236328
2014-01-06,88.641406783926428,31.25
2014-01-07,88.641406783926428,31.260000228881836
2014-01-08,88.649404403784118,31
2014-01-09,88.649404403784118,30.850000381469727
2014-01-10,88.649404403784118,31.049999237060547
2014-01-13,88.641406783926428,30.899999618530273
2014-01-14,88.649404403784118,30.930000305175781
2014-01-15,88.649404403784118,31.149999618530273
2014-01-16,88.641406783926428,31.059999465942383
2014-01-17,88.649404403784118,31.120000839233398
2014-01-21,88.641406783926428,31.260000228881836
2014-01-22,88.641406783926428,31.620000839233398
2014-01-23,88.641406783926428,31.569999694824219
2014-01-24,88.641406783926428,31.690000534057617
2014-01-27,88.641406783926428,31.420000076293945
2014-01-28,88.649404403784118,31.649999618530273
2014-01-29,88.649404403784118,31.709999084472656
2014-01-30,88.649404403784118,31.719999313354492
2014-01-31,88.641406783926428,31.479999542236328
2014-02-03,88.665531259702334,31.440000534057617
2014-02-04,88.649404403784118,31.559999465942383
2014-02-05,88.641406783926428,31.629999160766602
2014-02-06,88.657440734289679,31.790000915527344
2014-02-07,88.649404403784118,32.209999084472656
2014-02-10,88.649404403784118,32.040000915527344
2014-02-11,88.649404403784118,32.159999847412109
2014-02-12,88.641406783926428,32.220001220703125
2014-02-13,88.649404403784118,32.380001068115234
2014-02-14,88.641406783926428,32.490001678466797
2014-02-18,88.641406783926428,32.979999542236328
2014-02-19,88.641406783926428,33.119998931884766
2014-02-20,88.641406783926428,33.220001220703125
2014-02-21,88.641406783926428,33.029998779296875
2014-02-24,88.641406783926428,33.180000305175781
2014-02-25,88.649404403784118,32.990001678466797
2014-02-26,88.649404403784118,32.990001678466797
2014-02-27,88.649404403784118,32.849998474121094
2014-02-28,88.657440734289679,32.990001678466797
2014-03-03,88.641406783926428,33.549999237060547
2014-03-04,88.641406783926428,33.270000457763672
2014-03-05,88.649404403784118,32.889999389648438
2014-03-06,88.649404403784118,33.110000610351562
2014-03-07,88.641406783926428,33.159999847412109
2014-03-10,88.649404403784118,32.889999389648438
2014-03-11,88.641406783926428,32.779998779296875
2014-03-12,88.641406783926428,32.669998168945312
2014-03-13,88.641406783926428,32.470001220703125
2014-03-14,88.649404403784118,32.709999084472656
2014-03-17,88.657440734289679,32.380001068115234
2014-03-18,88.649404403784118,32.630001068115234
2014-03-19,88.657440734289679,32.549999237060547
2014-03-20,88.657440734289679,32.479999542236328
2014-03-21,88.657440734289679,32.569999694824219
2014-03-24,88.657440734289679,32.549999237060547
2014-03-25,88.657440734289679,32.619998931884766
2014-03-26,88.649404403784118,32.639999389648438
2014-03-27,88.665531259702334,32.930000305175781
2014-03-28,88.665531259702334,32.979999542236328
2014-03-31,88.665531259702334,32.970001220703125
2014-04-01,88.657440734289679,32.479999542236328
2014-04-02,88.665531259702334,32.360000610351562
2014-04-03,88.673536621689578,32.650001525878906
2014-04-04,88.673536621689578,32.799999237060547
2014-04-07,88.657440734289679,32.669998168945312
2014-04-08,88.673536621689578,33.049999237060547
2014-04-09,88.665531259702334,33.229999542236328
2014-04-10,88.665531259702334,33.189998626708984
2014-04-11,88.665531259702334,33.139999389648438
2014-04-14,88.657440734289679,33.450000762939453
2014-04-15,88.665531259702334,33.509998321533203
2014-04-16,88.665531259702334,33.590000152587891
2014-04-17,88.657440734289679,33.689998626708984
2014-04-21,88.657440734289679,33.590000152587891
2014-04-22,88.657440734289679,33.479999542236328
2014-04-23,88.657440734289679,33.409999847412109
2014-04-24,88.657440734289679,33.669998168945312
2014-04-25,88.657440734289679,33.459999084472656
2014-04-28,88.657440734289679,33.330001831054688
2014-04-29,88.665531259702334,33.490001678466797
2014-04-30,88.665531259702334,33.299999237060547
2014-05-01,88.665531259702334,33.229999542236328
2014-05-02,88.665531259702334,33.25
2014-05-05,88.665531259702334,33.099998474121094
2014-05-06,88.657440734289679,33.080001831054688
2014-05-07,88.665531259702334,33.229999542236328
2014-05-08,88.657440734289679,33.159999847412109
2014-05-09,88.665531259702334,33
2014-05-12,88.657440734289679,33.159999847412109
2014-05-13,88.665531259702334,33.389999389648438
2014-05-14,88.665531259702334,33.430000305175781
2014-05-15,88.657440734289679,33.330001831054688
2014-05-16,88.665531259702334,33.389999389648438
2014-05-19,88.665531259702334,33.369998931884766
2014-05-20,88.657440734289679,33.470001220703125
2014-05-21,88.665531259702334,33.580001831054688
2014-05-22,88.657440734289679,33.540000915527344
2014-05-23,88.673536621689578,33.599998474121094
2014-05-27,88.665531259702334,33.409999847412109
2014-05-28,88.665531259702334,33.340000152587891
2014-05-29,88.657440734289679,33.430000305175781
2014-05-30,88.665531259702334,33.130001068115234
2014-06-02,88.665531259702334,32.970001220703125
2014-06-03,88.657440734289679,33.029998779296875
2014-06-04,88.657440734289679,32.900001525878906
2014-06-05,88.657440734289679,33.060001373291016
2014-06-06,88.665531259702334,33.090000152587891
2014-06-09,88.665531259702334,33.25
2014-06-10,88.657440734289679,33.25
2014-06-11,88.657440734289679,33.220001220703125
2014-06-12,88.657440734289679,33.889999389648438
2014-06-13,88.665531259702334,33.869998931884766
2014-06-16,88.665531259702334,33.919998168945312
2014-06-17,88.649404403784118,33.950000762939453
2014-06-18,88.649404403784118,34.049999237060547
2014-06-19,88.657440734289679,34.259998321533203
2014-06-20,88.649404403784118,34.310001373291016
2014-06-23,88.657440734289679,34.169998168945312
2014-06-24,88.657440734289679,34.220001220703125
2014-06-25,88.657440734289679,34.209999084472656
2014-06-26,88.665531259702334,34.110000610351562
2014-06-27,88.665531259702334,34.119998931884766
2014-06-30,88.665531259702334,33.919998168945312
2014-07-01,88.665531259702334,33.840000152587891
2014-07-02,88.657440734289679,33.599998474121094
2014-07-03,88.665531259702334,33.540000915527344
2014-07-07,88.665531259702334,33.330001831054688
2014-07-08,88.665531259702334,33.189998626708984
2014-07-09,88.665531259702334,32.889999389648438
2014-07-10,88.657440734289679,32.950000762939453
2014-07-11,88.657440734289679,32.509998321533203
2014-07-14,88.665531259702334,32.639999389648438
2014-07-15,88.665531259702334,32.389999389648438
2014-07-16,88.665531259702334,32.490001678466797
2014-07-17,88.665531259702334,32.650001525878906
2014-07-18,88.665531259702334,32.509998321533203
2014-07-21,88.665531259702334,32.659999847412109
2014-07-22,88.657440734289679,32.490001678466797
2014-07-23,88.665531259702334,32.650001525878906
2014-07-24,88.665531259702334,32.479999542236328
2014-07-25,88.657440734289679,32.659999847412109
2014-07-28,88.657440734289679,32.529998779296875
2014-07-29,88.665531259702334,32.439998626708984
2014-07-30,88.657440734289679,32.159999847412109
2014-07-31,88.657440734289679,32
2014-08-01,88.665531259702334,31.649999618530273
2014-08-04,88.665531259702334,31.899999618530273
2014-08-05,88.657440734289679,31.680000305175781
2014-08-06,88.665531259702334,31.760000228881836
2014-08-07,88.665531259702334,31.850000381469727
2014-08-08,88.673536621689578,31.649999618530273
2014-08-11,88.665531259702334,31.780000686645508
2014-08-12,88.657440734289679,31.420000076293945
2014-08-13,88.657440734289679,31.510000228881836
2014-08-14,88.657440734289679,31
2014-08-15,88.665531259702334,31.200000762939453
2014-08-18,88.665531259702334,30.920000076293945
2014-08-19,88.665531259702334,30.819999694824219
2014-08-20,88.665531259702334,30.940000534057617
2014-08-21,88.673536621689578,31.079999923706055
2014-08-22,88.673536621689578,31.020000457763672
2014-08-25,88.665531259702334,31.030000686645508
2014-08-26,88.657440734289679,31.100000381469727
2014-08-27,88.657440734289679,31.149999618530273
2014-08-28,88.657440734289679,31.229999542236328
2014-08-29,88.665531259702334,31.5
2014-09-02,88.665531259702334,30.879999160766602
2014-09-03,88.665531259702334,31.25
2014-09-04,88.657440734289679,31.120000839233398
2014-09-05,88.657440734289679,30.979999542236328
2014-09-08,88.657440734289679,30.829999923706055
2014-09-09,88.657440734289679,30.659999847412109
2014-09-10,88.657440734289679,30.360000610351562
2014-09-11,88.657440734289679,30.340000152587891
2014-09-12,88.657440734289679,30.090000152587891
2014-09-15,88.665531259702334,30.110000610351562
2014-09-16,88.665531259702334,30.430000305175781
2014-09-17,88.665531259702334,30.290000915527344
2014-09-18,88.665531259702334,29.940000534057617
2014-09-19,88.673536621689578,29.959999084472656
2014-09-22,88.673536621689578,29.680000305175781
2014-09-23,88.673536621689578,29.719999313354492
2014-09-24,88.673536621689578,29.909999847412109
2014-09-25,88.681603920713485,29.809999465942383
2014-09-26,88.681603920713485,29.940000534057617
2014-09-29,88.681603920713485,30.120000839233398
2014-09-30,88.649404403784118,29.590000152587891
2014-10-01,88.665531259702334,29.5
2014-10-02,88.665531259702334,29.469999313354492
2014-10-03,88.649404403784118,29.120000839233398
2014-10-06,88.657440734289679,29.399999618530273
2014-10-07,88.665531259702334,29.100000381469727
2014-10-08,88.665531259702334,28.959999084472656
2014-10-09,88.673536621689578,28.450000762939453
2014-10-10,88.665531259702334,28.489999771118164
2014-10-13,88.673536621689578,28.319999694824219
2014-10-14,88.673536621689578,27.729999542236328
2014-10-15,88.657440734289679,27.420000076293945
2014-10-16,88.657440734289679,27.690000534057617
2014-10-17,88.657440734289679,27.850000381469727
2014-10-20,88.673536621689578,27.670000076293945
2014-10-21,88.673536621689578,27.809999465942383
2014-10-22,88.673536621689578,27.430000305175781
2014-10-23,88.673536621689578,27.879999160766602
2014-10-24,88.673536621689578,27.709999084472656
2014-10-27,88.673536621689578,27.549999237060547
2014-10-28,88.673536621689578,27.760000228881836
2014-10-29,88.665531259702334,28.120000839233398
2014-10-30,88.657440734289679,27.850000381469727
2014-10-31,88.665531259702334,27.829999923706055
2014-11-03,88.657440734289679,27.479999542236328
2014-11-04,88.665531259702334,27.110000610351562
2014-11-05,88.665531259702334,27.319999694824219
2014-11-06,88.657440734289679,27.25
2014-11-07,88.657440734289679,27.430000305175781
2014-11-10,88.665531259702334,27.159999847412109
2014-11-11,88.665531259702334,27.180000305175781
2014-11-12,88.665531259702334,26.989999771118164
2014-11-13,88.665531259702334,26.440000534057617
2014-11-14,88.665531259702334,26.809999465942383
2014-11-17,88.665531259702334,26.729999542236328
2014-11-18,88.665531259702334,26.5
2014-11-19,88.665531259702334,26.420000076293945
2014-11-20,88.665531259702334,26.729999542236328
2014-11-21,88.665531259702334,26.979999542236328
2014-11-24,88.649404403784118,26.670000076293945
2014-11-25,88.649404403784118,26.430000305175781
2014-11-26,88.665531259702334,26.319999694824219
2014-11-28,88.657440734289679,25.020000457763672
2014-12-01,88.665531259702334,25.399999618530273
2014-12-02,88.657440734289679,24.770000457763672
2014-12-03,88.657440734289679,24.620000839233398
2014-12-04,88.657440734289679,24.5
2014-12-05,88.657440734289679,24.329999923706055
2014-12-08,88.641406783926428,23.739999771118164
2014-12-09,88.641406783926428,23.909999847412109
2014-12-10,88.641406783926428,23.420000076293945
2014-12-11,88.649404403784118,23.139999389648438
2014-12-12,88.649404403784118,22.819999694824219
2014-12-15,88.657440734289679,22.370000839233398
2014-12-16,88.657440734289679,22.25
2014-12-17,88.657440734289679,22.360000610351562
2014-12-18,88.641406783926428,22.180000305175781
2014-12-19,88.649404403784118,22.780000686645508
2014-12-22,88.625295412267377,22.120000839233398
2014-12-23,88.633347227032104,22.450000762939453
2014-12-24,88.641406783926428,21.989999771118164
2014-12-26,88.641406783926428,21.940000534057617
2014-12-29,88.625295412267377,21.620000839233398
2014-12-30,88.633347227032104,21.569999694824219
2014-12-31,88.649404403784118,21.579999923706055
2015-01-02,88.633347227032104,21.219999313354492
2015-01-05,88.633347227032104,20.620000839233398
2015-01-06,88.641406783926428,20.280000686645508
2015-01-07,88.641406783926428,20.219999313354492
2015-01-08,88.641406783926428,20.290000915527344
2015-01-09,88.649404403784118,20.069999694824219
2015-01-12,88.665531259702334,19.520000457763672
2015-01-13,88.657440734289679,19.370000839233398
2015-01-14,88.657440734289679,19.729999542236328
2015-01-15,88.665531259702334,19.379999160766602
2015-01-16,88.665531259702334,19.819999694824219
2015-01-20,88.665531259702334,19.340000152587891
2015-01-21,88.657440734289679,19.479999542236328
2015-01-22,88.665531259702334,19.370000839233398
2015-01-23,88.665531259702334,19.190000534057617
2015-01-26,88.657440734289679,19.110000610351562
2015-01-27,88.657440734289679,19.319999694824219
2015-01-28,88.649404403784118,19.010000228881836
2015-01-29,88.673536621689578,19.010000228881836
2015-01-30,88.657440734289679,19.700000762939453
2015-02-02,88.673536621689578,20.110000610351562
2015-02-03,88.681603920713485,20.809999465942383
2015-02-04,88.665531259702334,20.110000610351562
2015-02-05,88.665531259702334,20.5
2015-02-06,88.665531259702334,20.770000457763672
2015-02-09,88.665531259702334,20.959999084472656
2015-02-10,88.657440734289679,20.579999923706055
2015-02-11,88.665531259702334,20.290000915527344
2015-02-12,88.657440734289679,20.75
2015-02-13,88.665531259702334,21.180000305175781
2015-02-17,88.673536621689578,21.219999313354492
2015-02-18,88.681603920713485,20.860000610351562
2015-02-19,88.681603920713485,20.850000381469727
2015-02-20,88.673536621689578,20.719999313354492
2015-02-23,88.665531259702334,20.440000534057617
2015-02-24,88.665531259702334,20.399999618530273
2015-02-25,88.665531259702334,20.889999389648438
2015-02-26,88.665531259702334,20.659999847412109
2015-02-27,88.673536621689578,20.870000839233398
2015-03-02,88.665531259702334,20.620000839233398
2015-03-03,88.657440734289679,20.780000686645508
2015-03-04,88.673536621689578,20.819999694824219
2015-03-05,88.657440734289679,20.690000534057617
2015-03-06,88.665531259702334,20.440000534057617
2015-03-09,88.657440734289679,20.360000610351562
2015-03-10,88.665531259702334,20.010000228881836
2015-03-11,88.657440734289679,20.069999694824219
2015-03-12,88.657440734289679,19.860000610351562
2015-03-13,88.665531259702334,19.319999694824219
2015-03-16,88.665531259702334,19.209999084472656
2015-03-17,88.657440734289679,19.010000228881836
2015-03-18,88.649404403784118,19.709999084472656
2015-03-19,88.657440734289679,19.260000228881836
2015-03-20,88.657440734289679,19.510000228881836
2015-03-23,88.665531259702334,19.799999237060547
2015-03-24,88.657440734289679,19.649999618530273
2015-03-25,88.657440734289679,19.850000381469727
2015-03-26,88.657440734289679,20.299999237060547
2015-03-27,88.657440734289679,19.690000534057617
2015-03-30,88.657440734289679,19.739999771118164
2015-03-31,88.665531259702334,19.5
2015-04-01,88.665531259702334,19.940000534057617
2015-04-02,88.657440734289679,19.799999237060547
2015-04-06,88.665531259702334,20.260000228881836
2015-04-07,88.665531259702334,20.520000457763672
2015-04-08,88.673536621689578,19.870000839233398
2015-04-09,88.673536621689578,19.860000610351562
2015-04-10,88.673536621689578,20.110000610351562
2015-04-13,88.665531259702334,20.110000610351562
2015-04-14,88.673536621689578,20.319999694824219
2015-04-15,88.673536621689578,20.899999618530273
2015-04-16,88.673536621689578,21.139999389648438
2015-04-17,88.673536621689578,21.030000686645508
2015-04-20,88.665531259702334,20.930000305175781
2015-04-21,88.665531259702334,20.700000762939453
2015-04-22,88.665531259702334,20.719999313354492
2015-04-23,88.673536621689578,21.139999389648438
2015-04-24,88.665531259702334,21.170000076293945
2015-04-27,88.665531259702334,21.079999923706055
2015-04-28,88.673536621689578,21.120000839233398
2015-04-29,88.665531259702334,21.389999389648438
2015-04-30,88.673536621689578,21.629999160766602
2015-05-01,88.665531259702334,21.639999389648438
2015-05-04,88.673536621689578,21.590000152587891
2015-05-05,88.681603920713485,21.899999618530273
2015-05-06,88.673536621689578,21.889999389648438
2015-05-07,88.681603920713485,21.430000305175781
2015-05-08,88.681603920713485,21.590000152587891
2015-05-11,88.673536621689578,21.459999084472656
2015-05-12,88.681603920713485,21.790000915527344
2015-05-13,88.673536621689578,21.75
2015-05-14,88.673536621689578,21.809999465942383
2015-05-15,88.673536621689578,21.840000152587891
2015-05-18,88.673536621689578,21.690000534057617
2015-05-19,88.673536621689578,21.190000534057617
2015-05-20,88.673536621689578,21.270000457763672
2015-05-21,88.673536621689578,21.670000076293945
2015-05-22,88.673536621689578,21.379999160766602
2015-05-26,88.673536621689578,20.930000305175781
2015-05-27,88.673536621689578,20.639999389648438
2015-05-28,88.681603920713485,20.770000457763672
2015-05-29,88.673536621689578,21.159999847412109
2015-06-01,88.673536621689578,21.180000305175781
2015-06-02,88.673536621689578,21.440000534057617
2015-06-03,88.681603920713485,21.030000686645508
2015-06-04,88.673536621689578,20.75
2015-06-05,88.665531259702334,20.879999160766602
2015-06-08,88.665531259702334,20.819999694824219
2015-06-09,88.665531259702334,21.25
2015-06-10,88.673536621689578,21.489999771118164
2015-06-11,88.681603920713485,21.280000686645508
2015-06-12,88.673536621689578,21.040000915527344
2015-06-15,88.665531259702334,20.870000839233398
2015-06-16,88.665531259702334,20.950000762939453
2015-06-17,88.681603920713485,20.959999084472656
2015-06-18,88.665531259702334,20.979999542236328
2015-06-19,88.673536621689578,20.719999313354492
2015-06-22,88.673536621689578,20.790000915527344
2015-06-23,88.673536621689578,21.100000381469727
2015-06-24,88.673536621689578,20.870000839233398
2015-06-25,88.681603920713485,20.819999694824219
2015-06-26,88.665531259702334,20.909999847412109
2015-06-29,88.673536621689578,20.709999084472656
2015-06-30,88.681603920713485,21.110000610351562
2015-07-01,88.673536621689578,20.770000457763672
2015-07-02,88.681603920713485,20.75
2015-07-06,88.681603920713485,19.840000152587891
2015-07-07,88.681603920713485,19.799999237060547
2015-07-08,88.697637871076736,19.690000534057617
2015-07-09,88.681603920713485,19.979999542236328
2015-07-10,88.681603920713485,19.989999771118164
2015-07-13,88.689647993348643,19.879999160766602
2015-07-14,88.689647993348643,19.920000076293945
2015-07-15,88.689647993348643,19.579999923706055
2015-07-16,88.689647993348643,19.510000228881836
2015-07-17,88.689647993348643,19.459999084472656
2015-07-20,88.673536621689578,19.190000534057617
2015-07-21,88.673536621689578,19.280000686645508
2015-07-22,88.673536621689578,18.950000762939453
2015-07-23,88.673536621689578,18.790000915527344
2015-07-24,88.681603920713485,18.600000381469727
2015-07-27,88.673536621689578,18.200000762939453
2015-07-28,88.673536621689578,18.379999160766602
2015-07-29,88.673536621689578,18.489999771118164
2015-07-30,88.673536621689578,18.430000305175781
2015-07-31,88.665531259702334,18.120000839233398
2015-08-03,88.673536621689578,17.719999313354492
2015-08-04,88.665531259702334,17.860000610351562
2015-08-05,88.673536621689578,17.760000228881836
2015-08-06,88.673536621689578,17.690000534057617
2015-08-07,88.673536621689578,17.549999237060547
2015-08-10,88.657440734289679,17.950000762939453
2015-08-11,88.665531259702334,17.680000305175781
2015-08-12,88.657440734289679,17.670000076293945
2015-08-13,88.657440734289679,17.520000457763672
2015-08-14,88.657440734289679,17.409999847412109
2015-08-17,88.657440734289679,17.350000381469727
2015-08-18,88.657440734289679,17.309999465942383
2015-08-19,88.657440734289679,16.950000762939453
2015-08-20,88.673536621689578,16.909999847412109
2015-08-21,88.665531259702334,16.649999618530273
2015-08-24,88.681603920713485,16.110000610351562
2015-08-25,88.673536621689578,16.159999847412109
2015-08-26,88.673536621689578,16.149999618530273
2015-08-27,88.673536621689578,16.909999847412109
2015-08-28,88.665531259702334,17.520000457763672
2015-08-31,88.673536621689578,18.170000076293945
2015-09-01,88.674334061036475,17.319999694824219
2015-09-02,88.674334061036475,17.569999694824219
2015-09-03,88.682393617930799,17.700000762939453
2015-09-04,88.682393617930799,17.459999084472656
2015-09-08,88.674334061036475,17.520000457763672
2015-09-09,88.674334061036475,17.190000534057617
2015-09-10,88.658253657895742,17.420000076293945
2015-09-11,88.658253657895742,17.319999694824219
2015-09-14,88.666305472660454,17.090000152587891
2015-09-15,88.642157770495857,17.149999618530273
2015-09-16,88.658253657895742,17.5
2015-09-17,88.650225069519735,17.389999389648438
2015-09-18,88.690453174825123,17
2015-09-21,88.682393617930799,17.270000457763672
2015-09-22,88.690453174825123,17.180000305175781
2015-09-23,88.690453174825123,16.969999313354492
2015-09-24,88.690453174825123,17.069999694824219
2015-09-25,88.70652583583626,17.180000305175781
2015-09-28,88.698489505330699,16.899999618530273
2015-09-29,88.698489505330699,17.030000686645508
2015-09-30,88.698489505330699,17.079999923706055
2015-10-01,88.70572065435978,16.969999313354492
2015-10-02,88.713726016347053,17.049999237060547
2015-10-05,88.70572065435978,17.280000686645508
2015-10-06,88.713726016347053,17.790000915527344
2015-10-07,88.713726016347053,17.690000534057617
2015-10-08,88.70572065435978,17.920000076293945
2015-10-09,88.713726016347053,17.909999847412109
2015-10-12,88.70572065435978,17.459999084472656
2015-10-13,88.70572065435978,17.299999237060547
2015-10-14,88.713726016347053,17.319999694824219
2015-10-15,88.70572065435978,17.329999923706055
2015-10-16,88.70572065435978,17.340000152587891
2015-10-19,88.697661097465485,17.030000686645508
2015-10-20,88.70572065435978,17.049999237060547
2015-10-21,88.697661097465485,16.899999618530273
2015-10-22,88.70572065435978,16.959999084472656
2015-10-23,88.689647993348643,16.799999237060547
2015-10-26,88.681580694324751,16.649999618530273
2015-10-27,88.689647993348643,16.520000457763672
2015-10-28,88.681580694324751,16.989999771118164
2015-10-29,88.673521137430399,16.899999618530273
2015-10-30,88.673521137430399,17.069999694824219
2015-11-02,88.655048416249002,16.950000762939453
2015-11-03,88.663092488884175,17.319999694824219
2015-11-04,88.655048416249002,16.959999084472656
2015-11-05,88.663092488884175,16.729999542236328
2015-11-06,88.638960270978686,16.610000610351562
2015-11-09,88.655048416249002,16.420000076293945
2015-11-10,88.638960270978686,16.360000610351562
2015-11-11,88.638960270978686,16.190000534057617
2015-11-12,88.647035312132175,15.909999847412109
2015-11-13,88.638960270978686,15.710000038146973
2015-11-16,88.655048416249002,15.800000190734863
2015-11-17,88.647035312132175,15.550000190734863
2015-11-18,88.647035312132175,15.600000381469727
2015-11-19,88.655048416249002,15.609999656677246
2015-11-20,88.647035312132175,15.579999923706055
2015-11-23,88.647035312132175,15.670000076293945
2015-11-24,88.655048416249002,15.890000343322754
2015-11-25,88.663092488884175,15.890000343322754
2015-11-27,88.663092488884175,15.630000114440918
2015-11-30,88.663092488884175,15.510000228881836
2015-12-01,88.651866400991011,15.579999923706055
2015-12-02,88.651866400991011,15.210000038146973
2015-12-03,88.651866400991011,15.430000305175781
2015-12-04,88.651866400991011,15.350000381469727
2015-12-07,88.627741925215133,14.770000457763672
2015-12-08,88.603570996661745,14.640000343322754
2015-12-09,88.603570996661745,14.619999885559082
2015-12-10,88.611653779944817,14.529999732971191
2015-12-11,88.619682368320795,14.310000419616699
2015-12-14,88.611653779944817,14.159999847412109
2015-12-15,88.603570996661745,14.25
2015-12-16,88.603570996661745,14.069999694824219
2015-12-17,88.619682368320795,13.920000076293945
2015-12-18,88.627741925215133,13.979999542236328
2015-12-21,88.627741925215133,13.930000305175781
2015-12-22,88.635739545072781,13.899999618530273
2015-12-23,88.635739545072781,14.260000228881836
2015-12-24,88.652671582467491,14.289999961853027
2015-12-28,88.644581057054864,14.069999694824219
2015-12-29,88.660700170843484,14.340000152587891
2015-12-30,88.660700170843484,14.109999656677246
2015-12-31,88.652671582467491,14.229999542236328
2016-01-04,88.652671582467491,14.119999885559082
2016-01-05,88.660700170843484,13.979999542236328
2016-01-06,88.644581057054864,13.569999694824219
2016-01-07,88.652671582467491,13.439999580383301
2016-01-08,88.660700170843484,13.420000076293945
2016-01-11,88.652671582467491,12.960000038146973
2016-01-12,88.660700170843484,12.930000305175781
2016-01-13,88.660700170843484,12.829999923706055
2016-01-14,88.676734121206735,12.890000343322754
2016-01-15,88.684816904489807,12.550000190734863
2016-01-19,88.716946742252958,12.420000076293945
2016-01-20,88.724983072758519,12.279999732971191
2016-01-21,88.724983072758519,12.529999732971191
2016-01-22,88.708964606654433,13.020000457763672
2016-01-25,88.708964606654433,12.590000152587891
2016-01-26,88.708964606654433,12.869999885559082
2016-01-27,88.708964606654433,13.069999694824219
2016-01-28,88.708964606654433,13.380000114440918
2016-01-29,88.716946742252958,13.479999542236328
2016-02-01,88.700068899765327,13.079999923706055
2016-02-02,88.724193375541219,12.779999732971191
2016-02-03,88.73224519030596,13.260000228881836
2016-02-04,88.73224519030596,13.140000343322754
2016-02-05,88.716180271424378,12.989999771118164
2016-02-08,88.716180271424378,12.800000190734863
2016-02-09,88.73224519030596,12.430000305175781
2016-02-10,88.724193375541219,12.329999923706055
2016-02-11,88.73224519030596,12.430000305175781
2016-02-12,88.740320231459449,12.720000267028809
2016-02-16,88.740320231459449,12.630000114440918
2016-02-17,88.740320231459449,12.989999771118164
2016-02-18,88.748356561964997,12.930000305175781
2016-02-19,88.740320231459449,12.810000419616699
2016-02-22,88.724193375541219,13.060000419616699
2016-02-23,88.740320231459449,12.800000190734863
2016-02-24,88.73224519030596,12.979999542236328
2016-02-25,88.73224519030596,13.050000190734863
2016-02-26,88.73224519030596,13.029999732971191
2016-02-29,88.748356561964997,13.199999809265137
2016-03-01,88.708167167307565,13.239999771118164
2016-03-02,88.724193375541219,13.340000152587891
2016-03-03,88.732260674565126,13.350000381469727
2016-03-04,88.724193375541219,13.699999809265137
2016-03-07,88.724193375541219,14.050000190734863
2016-03-08,88.732260674565126,13.779999732971191
2016-03-09,88.740304747200284,14.149999618530273
2016-03-10,88.740304747200284,14.039999961853027
2016-03-11,88.732260674565126,14.159999847412109
2016-03-14,88.732260674565126,14
2016-03-15,88.740304747200284,13.869999885559082
2016-03-16,88.748364304094594,14.189999580383301
2016-03-17,88.756377408211449,14.380000114440918
2016-03-18,88.748364304094594,14.310000419616699
2016-03-21,88.756377408211449,14.369999885559082
2016-03-22,88.748364304094594,14.399999618530273
2016-03-23,88.748364304094594,14.039999961853027
2016-03-24,88.7724887798705,13.989999771118164
2016-03-28,88.756377408211449,13.979999542236328
2016-03-29,88.788561440881651,13.880000114440918
2016-03-30,88.796613255646392,13.770000457763672
2016-03-31,88.780540594635241,13.789999961853027
2016-04-01,88.772481037740931,13.510000228881836
2016-04-04,88.788545956622499,13.289999961853027
2016-04-05,88.804641844022385,13.279999732971191
2016-04-06,88.804641844022385,13.550000190734863
2016-04-07,88.804641844022385,13.510000228881836
2016-04-08,88.812693658787126,13.949999809265137
2016-04-11,88.796628739905557,14.060000419616699
2016-04-12,88.812693658787126,14.430000305175781
2016-04-13,88.812693658787126,14.390000343322754
2016-04-14,88.804641844022385,14.329999923706055
2016-04-15,88.804641844022385,14.210000038146973
2016-04-18,88.820776442070198,14.199999809265137
2016-04-19,88.820776442070198,14.510000228881836
2016-04-20,88.820776442070198,14.829999923706055
2016-04-21,88.820776442070198,14.760000228881836
2016-04-22,88.82880503044619,14.680000305175781
2016-04-25,88.812693658787126,14.600000381469727
2016-04-26,88.812693658787126,14.840000152587891
2016-04-27,88.84488543358691,15.050000190734863
2016-04-28,88.83684136095178,15.100000381469727
2016-04-29,88.82880503044619,15.220000267028809
2016-05-02,88.822348094375258,14.970000267028809
2016-05-03,88.830407651269553,14.699999809265137
2016-05-04,88.830407651269553,14.699999809265137
2016-05-05,88.846557733576518,14.670000076293945
2016-05-06,88.85456309556379,14.770000457763672
2016-05-09,88.85456309556379,14.420000076293945
2016-05-10,88.846557733576518,14.800000190734863
2016-05-11,88.846557733576518,15.130000114440918
2016-05-12,88.830407651269553,15.180000305175781
2016-05-13,88.830407651269553,15.149999618530273
2016-05-16,88.838474950293474,15.430000305175781
2016-05-17,88.838474950293474,15.579999923706055
2016-05-18,88.830407651269553,15.390000343322754
2016-05-19,88.838474950293474,15.369999885559082
2016-05-20,88.822348094375258,15.390000343322754
2016-05-23,88.830407651269553,15.25
2016-05-24,88.822348094375258,15.319999694824219
2016-05-25,88.830407651269553,15.510000228881836
2016-05-26,88.830407651269553,15.520000457763672
2016-05-27,88.814334990258388,15.579999923706055
2016-05-31,88.822348094375258,15.420000076293945
2016-06-01,88.82318424437004,15.569999694824219
2016-06-02,88.831236059134781,15.619999885559082
2016-06-03,88.831236059134781,15.670000076293945
2016-06-06,88.847316462275515,15.840000152587891
2016-06-07,88.855345050651508,15.970000267028809
2016-06-08,88.855345050651508,16.25
2016-06-09,88.855345050651508,16.149999618530273
2016-06-10,88.863412349675428,15.840000152587891
2016-06-13,88.863412349675428,15.770000457763672
2016-06-14,88.855345050651508,15.699999809265137
2016-06-15,88.855345050651508,15.520000457763672
2016-06-16,88.879539205593645,15.199999809265137
2016-06-17,88.879539205593645,15.659999847412109
2016-06-20,88.863412349675428,15.819999694824219
2016-06-21,88.863412349675428,15.75
2016-06-22,88.879539205593645,15.609999656677246
2016-06-23,88.855345050651508,15.789999961853027
2016-06-24,88.903655939239968,15.300000190734863
2016-06-27,88.903655939239968,15.189999580383301
2016-06-28,88.887591020358386,15.460000038146973
2016-06-29,88.887591020358386,15.689999580383301
2016-06-30,88.911700011875112,15.520000457763672
2016-07-01,88.929421746487137,15.710000038146973
2016-07-05,88.913349085475986,15.159999847412109
2016-07-06,88.889178156922597,15.229999542236328
2016-07-07,88.913349085475986,14.720000267028809
2016-07-08,88.905312754970396,14.850000381469727
2016-07-11,88.889178156922597,14.699999809265137
2016-07-12,88.897253198076072,15.109999656677246
2016-07-13,88.889178156922597,14.850000381469727
2016-07-14,88.889178156922597,14.920000076293945
2016-07-15,88.897253198076072,14.939999580383301
2016-07-18,88.897253198076072,14.829999923706055
2016-07-19,88.889178156922597,14.670000076293945
2016-07-20,88.889178156922597,14.609999656677246
2016-07-21,88.897253198076072,14.479999542236328
2016-07-22,88.889178156922597,14.430000305175781
2016-07-25,88.897253198076072,14.25
2016-07-26,88.889178156922597,14.210000038146973
2016-07-27,88.905312754970396,14.010000228881836
2016-07-28,88.897253198076072,13.890000343322754
2016-07-29,88.913349085475986,13.960000038146973
2016-08-01,88.91333360121682,13.670000076293945
2016-08-02,88.91333360121682,13.649999618530273
2016-08-03,88.897237713816907,13.960000038146973
2016-08-04,88.921408642370295,14.029999732971191
2016-08-05,88.905250817933762,14.119999885559082
2016-08-08,88.8891317041451,14.260000228881836
2016-08-09,88.905250817933762,14.159999847412109
2016-08-10,88.91333360121682,13.960000038146973
2016-08-11,88.921408642370295,14.300000190734863
2016-08-12,88.91333360121682,14.5
2016-08-15,88.921408642370295,14.75
2016-08-16,88.921408642370295,14.869999885559082
2016-08-17,88.905250817933762,14.970000267028809
2016-08-18,88.929468199264619,15.159999847412109
2016-08-19,88.929468199264619,15.149999618530273
2016-08-22,88.929468199264619,14.890000343322754
2016-08-23,88.91333360121682,14.989999771118164
2016-08-24,88.91333360121682,14.800000190734863
2016-08-25,88.91333360121682,14.869999885559082
2016-08-26,88.91333360121682,14.810000419616699
2016-08-29,88.921408642370295,14.699999809265137
2016-08-30,88.91333360121682,14.579999923706055
2016-08-31,88.91333360121682,14.239999771118164
2016-09-01,88.90769733088149,14.050000190734863
2016-09-02,88.899606805468849,14.170000076293945
2016-09-06,88.93990458994044,14.270000457763672
2016-09-07,88.923800960410958,14.409999847412109
2016-09-08,88.915725919257497,14.729999542236328
2016-09-09,88.923800960410958,14.460000038146973
2016-09-12,88.90769733088149,14.529999732971191
2016-09-13,88.915725919257497,14.260000228881836
2016-09-14,88.899606805468849,14.100000381469727
2016-09-15,88.90769733088149,14.170000076293945
2016-09-16,88.93186051730531,14.199999809265137
2016-09-19,88.923800960410958,14.180000305175781
2016-09-20,88.956070156506584,14.25
2016-09-21,88.956070156506584,14.479999542236328
2016-09-22,88.956070156506584,14.560000419616699
2016-09-23,88.980179148023325,14.319999694824219
2016-09-26,88.996336972459858,14.460000038146973
2016-09-27,88.956070156506584,14.25
2016-09-28,88.988292899824728,14.609999656677246
2016-09-29,88.980179148023325,14.760000228881836
2016-09-30,88.972135075388167,14.819999694824219
2016-10-03,88.934229608957224,14.920000076293945
2016-10-04,88.934229608957224,14.939999580383301
2016-10-05,88.95844699028811,15.119999885559082
2016-10-06,88.934229608957224,15.210000038146973
2016-10-07,88.966506547182419,15.090000152587891
2016-10-10,88.942327876499448,15.300000190734863
2016-10-11,88.966506547182419,15.229999542236328
2016-10-12,88.95041065978252,15.079999923706055
2016-10-13,88.974566104076743,15.189999580383301
2016-10-14,88.974566104076743,15.180000305175781
2016-10-17,88.974566104076743,15.140000343322754
2016-10-18,88.966506547182419,15.170000076293945
2016-10-19,88.982641145230247,15.310000419616699
2016-10-20,88.95844699028811,15.119999885559082
2016-10-21,88.974566104076743,15.199999809265137
2016-10-24,88.982641145230247,15.189999580383301
2016-10-25,88.982641145230247,15.060000419616699
2016-10-26,88.982641145230247,14.960000038146973
2016-10-27,88.966506547182419,15.079999923706055
2016-10-28,88.982641145230247,14.960000038146973
2016-10-31,89.006773363135721,14.560000419616699
2016-11-01,89.00359134787773,14.590000152587891
2016-11-02,88.987433523441169,14.359999656677246
2016-11-03,89.00359134787773,14.229999542236328
2016-11-04,89.011681873290371,14.109999656677246
2016-11-07,88.979412677194759,14.229999542236328
2016-11-08,88.995500822465075,14.189999580383301
2016-11-09,88.995500822465075,14.310000419616699
2016-11-10,88.939091666334392,14.140000343322754
2016-11-11,88.947166707487881,13.909999847412109
2016-11-14,88.947166707487881,13.899999618530273
2016-11-15,88.947166707487881,14.25
2016-11-16,88.955179811604722,14.130000114440918
2016-11-17,88.971345378170852,14.130000114440918
2016-11-18,88.955179811604722,14.270000457763672
2016-11-21,88.96326259488778,14.729999542236328
2016-11-22,88.947166707487881,14.689999580383301
2016-11-23,88.947166707487881,14.710000038146973
2016-11-25,88.979412677194759,14.569999694824219
2016-11-28,88.979412677194759,14.640000343322754
2016-11-29,88.971345378170852,14.270000457763672
2016-11-30,88.947166707487881,14.920000076293945
2016-12-01,88.96083156619919,15.229999542236328
2016-12-02,88.993093020165233,15.319999694824219
2016-12-05,88.96083156619919,15.359999656677246
2016-12-06,88.993093020165233,15.319999694824219
2016-12-07,88.95277200930488,15.189999580383301
2016-12-08,88.95277200930488,15.310000419616699
2016-12-09,88.96083156619919,15.420000076293945
2016-12-12,88.96083156619919,15.520000457763672
2016-12-13,88.96083156619919,15.590000152587891
2016-12-14,88.95277200930488,15.340000152587891
2016-12-15,88.977004874894916,15.329999923706055
2016-12-16,89.001144834929974,15.470000267028809
2016-12-19,89.01727169084819,15.380000114440918
2016-12-20,89.01727169084819,15.420000076293945
2016-12-21,89.025369958390428,15.359999656677246
2016-12-22,89.017287175107356,15.359999656677246
2016-12-23,89.017287175107356,15.399999618530273
2016-12-27,89.017287175107356,15.619999885559082
2016-12-28,89.009243102472198,15.670000076293945
2016-12-29,89.025346732001665,15.689999580383301
2016-12-30,89.017287175107356,15.670000076293945
2017-01-03,89.041520040697407,15.420000076293945
2017-01-04,89.033429515284737,15.539999961853027
2017-01-05,89.025346732001665,15.640000343322754
2017-01-06,89.049587339721299,15.579999923706055
2017-01-09,89.065698711380364,15.310000419616699
2017-01-10,89.057646896615623,15.199999809265137
2017-01-11,89.057646896615623,15.399999618530273
2017-01-12,89.065698711380364,15.640000343322754
2017-01-13,89.065698711380364,15.609999656677246
2017-01-17,89.057646896615623,15.619999885559082
2017-01-18,89.065698711380364,15.409999847412109
2017-01-19,89.073804721052184,15.380000114440918
2017-01-20,89.073804721052184,15.560000419616699
2017-01-23,89.081817825169011,15.560000419616699
2017-01-24,89.065698711380364,15.569999694824219
2017-01-25,89.057646896615623,15.529999732971191
2017-01-26,89.081817825169011,15.609999656677246
2017-01-27,89.065698711380364,15.479999542236328
2017-01-30,89.073804721052184,15.340000152587891
2017-01-31,89.065698711380364,15.430000305175781
2017-02-01,89.073804721052184,15.619999885559082
2017-02-02,89.065706453509947,15.619999885559082
2017-02-03,89.081872020076091,15.609999656677246
2017-02-06,89.097998875994307,15.460000038146973
2017-02-07,89.089931576970415,15.350000381469727
2017-02-08,89.106104885666113,15.439999580383301
2017-02-09,89.081872020076091,15.510000228881836
2017-02-10,89.097998875994307,15.670000076293945
2017-02-13,89.097998875994307,15.470000267028809
2017-02-14,89.073804721052184,15.529999732971191
2017-02-15,89.089931576970415,15.529999732971191
2017-02-16,89.081872020076091,15.5
2017-02-17,89.097998875994307,15.449999809265137
2017-02-21,89.106104885666113,15.529999732971191
2017-02-22,89.097998875994307,15.399999618530273
2017-02-23,89.097998875994307,15.470000267028809
2017-02-24,89.122247225843523,15.420000076293945
2017-02-27,89.114125731912523,15.399999618530273
2017-02-28,89.106104885666113,15.449999809265137
2017-03-01,89.068919437286269,15.479999542236328
2017-03-02,89.060852138262362,15.210000038146973
2017-03-03,89.077025446958089,15.289999961853027
2017-03-06,89.060852138262362,15.310000419616699
2017-03-07,89.060852138262362,15.229999542236328
2017-03-08,89.028551973648419,14.810000419616699
2017-03-09,89.036665725449822,14.680000305175781
2017-03-10,89.068919437286269,14.510000228881836
2017-03-13,89.044686571696218,14.479999542236328
2017-03-14,89.044686571696218,14.420000076293945
2017-03-15,89.077025446958089,14.590000152587891
2017-03-16,89.068919437286269,14.600000381469727
2017-03-17,89.068919437286269,14.590000152587891
2017-03-20,89.077025446958089,14.550000190734863
2017-03-21,89.077025446958089,14.449999809265137
2017-03-22,89.077025446958089,14.449999809265137
2017-03-23,89.077025446958089,14.390000343322754
2017-03-24,89.068919437286269,14.430000305175781
2017-03-27,89.060852138262362,14.390000343322754
2017-03-28,89.068919437286269,14.489999771118164
2017-03-29,89.093144560746708,14.649999618530273
2017-03-30,89.101235086159363,14.729999542236328
2017-03-31,89.11739291059591,14.819999694824219
2017-04-03,89.098811799600369,14.670000076293945
2017-04-04,89.090713532058132,14.840000152587891
2017-04-05,89.066488408597692,14.829999923706055
2017-04-06,89.090713532058132,14.960000038146973
2017-04-07,89.082638490904642,15.020000457763672
2017-04-10,89.098811799600369,15.149999618530273
2017-04-11,89.098811799600369,15.180000305175781
2017-04-12,89.106879098624262,15.119999885559082
2017-04-13,89.123044665190392,15.170000076293945
2017-04-17,89.106879098624262,15.100000381469727
2017-04-18,89.106879098624262,15.020000457763672
2017-04-19,89.123044665190392,14.710000038146973
2017-04-20,89.106879098624262,14.649999618530273
2017-04-21,89.114961881907334,14.460000038146973
2017-04-24,89.131119706343881,14.390000343322754
2017-04-25,89.123044665190392,14.520000457763672
2017-04-26,89.114961881907334,14.420000076293945
2017-04-27,89.123044665190392,14.420000076293945
2017-04-28,89.114961881907334,14.430000305175781
2017-05-01,89.123849846666857,14.460000038146973
2017-05-02,89.115767063383814,14.300000190734863
2017-05-03,89.099609238947252,14.300000190734863
2017-05-04,89.107699764359907,13.899999618530273
2017-05-05,89.115767063383814,14.039999961853027
2017-05-08,89.115767063383814,14.029999732971191
2017-05-09,89.115767063383814,13.909999847412109
2017-05-10,89.107699764359907,14.180000305175781
2017-05-11,89.131955856338678,14.25
2017-05-12,89.131955856338678,14.319999694824219
2017-05-15,89.140030897492167,14.430000305175781
2017-05-16,89.140030897492167,14.380000114440918
2017-05-17,89.164286989470966,14.449999809265137
2017-05-18,89.156196464058297,14.449999809265137
2017-05-19,89.164286989470966,14.729999542236328
2017-05-22,89.164286989470966,14.819999694824219
2017-05-23,89.156196464058297,14.800000190734863
2017-05-24,89.164286989470966,14.75
2017-05-25,89.164286989470966,14.359999656677246
2017-05-26,89.164286989470966,14.510000228881836
2017-05-30,89.156196464058297,14.390000343322754
2017-05-31,89.164286989470966,14.260000228881836
2017-06-01,89.169118078329802,14.189999580383301
2017-06-02,89.185314613414249,14.119999885559082
2017-06-05,89.177247314390357,14.020000457763672
2017-06-06,89.169118078329802,14.119999885559082
2017-06-07,89.177247314390357,13.850000381469727
2017-06-08,89.177247314390357,13.829999923706055
2017-06-09,89.169118078329802,13.869999885559082
2017-06-12,89.161050779305882,13.789999961853027
2017-06-13,89.193381912438156,13.869999885559082
2017-06-14,89.193381912438156,13.569999694824219
2017-06-15,89.193381912438156,13.579999923706055
2017-06-16,89.201480179980379,13.670000076293945
2017-06-19,89.201480179980379,13.560000419616699
2017-06-20,89.201480179980379,13.409999847412109
2017-06-21,89.201480179980379,13.189999580383301
2017-06-22,89.217630262287372,13.210000038146973
2017-06-23,89.225736271959192,13.289999961853027
2017-06-26,89.209578447522617,13.359999656677246
2017-06-27,89.209578447522617,13.5
2017-06-28,89.217630262287372,13.619999885559082
2017-06-29,89.225736271959192,13.699999809265137
2017-06-30,89.233826797371819,14.020000457763672
2017-07-03,89.226549195565227,14.140000343322754
2017-07-05,89.226549195565227,13.869999885559082
2017-07-06,89.250820771803163,13.899999618530273
2017-07-07,89.242722504260939,13.720000267028809
2017-07-10,89.250820771803163,13.779999732971191
2017-07-11,89.26699408049889,13.939999580383301
2017-07-12,89.275092348041113,13.890000343322754
2017-07-13,89.26699408049889,13.920000076293945
2017-07-14,89.291312109514323,14.069999694824219
2017-07-17,89.291312109514323,14
2017-07-18,89.283206099842502,14.050000190734863
2017-07-19,89.283206099842502,14.229999542236328
2017-07-20,89.291312109514323,14.170000076293945
2017-07-21,89.283206099842502,13.939999580383301
2017-07-24,89.291312109514323,13.960000038146973
2017-07-25,89.250820771803163,14.159999847412109
2017-07-26,89.291312109514323,14.340000152587891
2017-07-27,89.291312109514323,14.420000076293945
2017-07-28,89.307462191821287,14.520000457763672
2017-07-31,89.323635500517,14.609999656677246
2017-08-01,89.313144914934099,14.409999847412109
2017-08-02,89.321227698217157,14.510000228881836
2017-08-03,89.337470686079115,14.369999885559082
2017-08-04,89.329341450018561,14.439999580383301
2017-08-07,89.329341450018561,14.430000305175781
2017-08-08,89.345514758714273,14.409999847412109
2017-08-09,89.313144914934099,14.489999771118164
2017-08-10,89.321227698217157,14.260000228881836
2017-08-11,89.337470686079115,14.350000381469727
2017-08-14,89.353613026256497,14.119999885559082
2017-08-15,89.353613026256497,14.119999885559082
2017-08-16,89.369809561340944,14.020000457763672
2017-08-17,89.361703551669152,14
2017-08-18,89.377876860364864,14.289999961853027
2017-08-21,89.377876860364864,14.079999923706055
2017-08-22,89.361703551669152,14.130000114440918
2017-08-23,89.377876860364864,14.220000267028809
2017-08-24,89.377876860364864,14.210000038146973
2017-08-25,89.385990612166268,14.189999580383301
2017-08-28,89.385990612166268,14.159999847412109
2017-08-29,89.394081137578908,14.130000114440918
2017-08-30,89.402202631509894,14.039999961853027
2017-08-31,89.385990612166268,14.460000038146973
2017-09-01,89.373068997894748,14.479999542236328
2017-09-05,89.405446583804533,14.560000419616699
2017-09-06,89.373068997894748,14.720000267028809
2017-09-07,89.413568077735491,14.699999809265137
2017-09-08,89.405446583804533,14.489999771118164
2017-09-11,89.421674087407311,14.510000228881836
2017-09-12,89.397340574132699,14.560000419616699
2017-09-13,89.397340574132699,14.710000038146973
2017-09-14,89.405446583804533,14.710000038146973
2017-09-15,89.413568077735491,14.779999732971191
2017-09-18,89.389250048720072,14.779999732971191
2017-09-19,89.389250048720072,14.720000267028809
2017-09-20,89.413568077735491,14.909999847412109
2017-09-21,89.413568077735491,14.869999885559082
2017-09-22,89.421674087407311,14.899999618530273
2017-09-25,89.413568077735491,15.119999885559082
2017-09-26,89.43780868545511,15.010000228881836
2017-09-27,89.429756870690397,15.029999732971191
2017-09-28,89.43780868545511,14.989999771118164
2017-09-29,89.454059415446622,14.899999618530273
2017-10-02,89.45733433625962,14.729999542236328
2017-10-03,89.45733433625962,14.729999542236328
2017-10-04,89.44921284232862,14.689999580383301
2017-10-05,89.441130059045562,14.899999618530273
2017-10-06,89.441130059045562,14.630000114440918
2017-10-09,89.45733433625962,14.640000343322754
2017-10-10,89.441130059045562,14.880000114440918
2017-10-11,89.465440345931427,14.930000305175781
2017-10-12,89.473530871344053,14.859999656677246
2017-10-13,89.473530871344053,15.020000457763672
2017-10-16,89.473530871344053,15.100000381469727
2017-10-17,89.473530871344053,15.079999923706055
2017-10-18,89.489766117076456,15.060000419616699
2017-10-19,89.497864384618651,14.930000305175781
2017-10-20,89.489766117076456,15.010000228881836
2017-10-23,89.481636881015859,15.020000457763672
2017-10-24,89.481636881015859,15.180000305175781
2017-10-25,89.473530871344053,15.140000343322754
2017-10-26,89.481636881015859,15.239999771118164
2017-10-27,89.473530871344053,15.390000343322754
2017-10-30,89.489766117076456,15.430000305175781
2017-10-31,89.489766117076456,15.479999542236328
2017-11-01,89.489750632817262,15.479999542236328
2017-11-02,89.497879868877831,15.550000190734863
2017-11-03,89.497879868877831,15.710000038146973
2017-11-06,89.497879868877831,16.040000915527344
2017-11-07,89.489750632817262,15.930000305175781
2017-11-08,89.489750632817262,15.869999885559082
2017-11-09,89.497879868877831,15.899999618530273
2017-11-10,89.497879868877831,15.859999656677246
2017-11-13,89.505978136420055,15.800000190734863
2017-11-14,89.505978136420055,15.550000190734863
2017-11-15,89.514122856739789,15.550000190734863
2017-11-16,89.497879868877831,15.489999771118164
2017-11-17,89.505978136420055,15.729999542236328
2017-11-20,89.505978136420055,15.630000114440918
2017-11-21,89.514122856739789,15.720000267028809
2017-11-22,89.522228866411581,15.859999656677246
2017-11-24,89.530334876083401,15.930000305175781
2017-11-27,89.53846411214397,15.869999885559082
2017-11-28,89.53846411214397,15.859999656677246
2017-11-29,89.53846411214397,15.760000228881836
2017-11-30,89.53846411214397,15.680000305175781
2017-12-01,89.547367561162673,15.869999885559082
2017-12-04,89.539277035750004,15.649999618530273
2017-12-05,89.547367561162673,15.649999618530273
2017-12-06,89.547367561162673,15.329999923706055
2017-12-07,89.555465828704897,15.399999618530273
2017-12-08,89.571724300825991,15.539999961853027
2017-12-11,89.571724300825991,15.609999656677246
2017-12-12,89.547367561162673,15.489999771118164
2017-12-13,89.555465828704897,15.399999618530273
2017-12-14,89.563633775413365,15.5
2017-12-15,89.571724300825991,15.529999732971191
2017-12-18,89.555465828704897,15.569999694824219
2017-12-19,89.563633775413365,15.630000114440918
2017-12-20,89.571724300825991,15.75
2017-12-21,89.581494868357822,15.800000190734863
2017-12-22,89.581494868357822,15.850000381469727
2017-12-26,89.589639588677542,16.129999160766602
2017-12-27,89.581494868357822,16.170000076293945
2017-12-28,89.61402729685922,16.270000457763672
2017-12-29,89.61402729685922,16.280000686645508
2018-01-02,89.605913545057831,16.370000839233398
2018-01-03,89.605913545057831,16.540000915527344
2018-01-04,89.622141048660609,16.540000915527344
2018-01-05,89.622141048660609,16.399999618530273
2018-01-08,89.622141048660609,16.430000305175781
2018-01-09,89.622141048660609,16.579999923706055
2018-01-10,89.61402729685922,16.639999389648438
2018-01-11,89.622141048660609,16.680000305175781
2018-01-12,89.630270284721163,16.799999237060547
2018-01-16,89.638415005040883,16.709999084472656
2018-01-17,89.64652101471269,16.760000228881836
2018-01-18,89.654642508643661,16.729999542236328
2018-01-19,89.654642508643661,16.700000762939453
2018-01-22,89.662802713222547,16.770000457763672
2018-01-23,89.654642508643661,16.909999847412109
2018-01-24,89.670908722894353,17.120000839233398
2018-01-25,89.679076669602836,16.989999771118164
2018-01-26,89.687182679274642,17.159999847412109
2018-01-29,89.687182679274642,17.040000915527344
2018-01-30,89.687182679274642,16.879999160766602
2018-01-31,89.727828859577414,16.889999389648438
2018-02-01,89.687174937145059,17.100000381469727
2018-02-02,89.703402440747851,16.870000839233398
2018-02-05,89.727813375318249,17.040000915527344
2018-02-06,89.703402440747851,16.559999465942383
2018-02-07,89.703402440747851,16.25
2018-02-08,89.711539418937988,16.069999694824219
2018-02-09,89.703402440747851,15.800000190734863
2018-02-12,89.703402440747851,15.880000114440918
2018-02-13,89.687174937145059,15.909999847412109
2018-02-14,89.687174937145059,16.170000076293945
2018-02-15,89.703402440747851,16.280000686645508
2018-02-16,89.71969962351686,16.309999465942383
2018-02-20,89.711539418937988,16.309999465942383
2018-02-21,89.727813375318249,16.270000457763672
2018-02-22,89.727813375318249,16.469999313354492
2018-02-23,89.735950353508386,16.629999160766602
2018-02-26,89.727813375318249,16.709999084472656
2018-02-27,89.735950353508386,16.530000686645508
2018-02-28,89.735950353508386,16.270000457763672
2018-03-01,89.755491488572048,16.309999465942383
2018-03-02,89.747354510381925,16.290000915527344
2018-03-05,89.747354510381925,16.479999542236328
2018-03-06,89.755491488572048,16.450000762939453
2018-03-07,89.763651693150933,16.260000228881836
2018-03-08,89.788132306887562,16.129999160766602
2018-03-09,89.788132306887562,16.340000152587891
2018-03-12,89.788132306887562,16.219999313354492
2018-03-13,89.796238316559382,16.180000305175781
2018-03-14,89.788132306887562,16.200000762939453
2018-03-15,89.779941133790373,16.229999542236328
2018-03-16,89.804344326231188,16.340000152587891
2018-03-19,89.796238316559382,16.229999542236328
2018-03-20,89.796238316559382,16.389999389648438
2018-03-21,89.828824939967845,16.719999313354492
2018-03-22,89.804344326231188,16.520000457763672
2018-03-23,89.836938691769234,16.719999313354492
2018-03-26,89.828824939967845,16.680000305175781
2018-03-27,89.861396079117142,16.590000152587891
2018-03-28,89.845060185700191,16.559999465942383
2018-03-29,89.885783787298791,16.649999618530273
2018-04-02,89.88011654844513,16.379999160766602
2018-04-03,89.88011654844513,16.440000534057617
2018-04-04,89.888269010894447,16.430000305175781
2018-04-05,89.896390504825433,16.5
2018-04-06,89.896390504825433,16.299999237060547
2018-04-09,89.912718656112773,16.569999694824219
2018-04-10,89.904604904311384,16.959999084472656
2018-04-11,89.912718656112773,17.079999923706055
2018-04-12,89.912718656112773,17.149999618530273
2018-04-13,89.920824665784593,17.180000305175781
2018-04-16,89.920824665784593,17.079999923706055
2018-04-17,89.920824665784593,17.069999694824219
2018-04-18,89.920824665784593,17.469999313354492
2018-04-19,89.929031323140961,17.389999389648438
2018-04-20,89.937152817071919,17.379999160766602
2018-04-23,89.937152817071919,17.440000534057617
2018-04-24,89.945359474428273,17.270000457763672
2018-04-25,89.945359474428273,17.329999923706055
2018-04-26,89.953442257711359,17.399999618530273
2018-04-27,89.969793635387447,17.370000839233398
2018-04-30,89.969793635387447,17.420000076293945
2018-05-01,89.980408095043671,17.309999465942383
2018-05-02,89.980408095043671,17.329999923706055
2018-05-03,89.980408095043671,17.450000762939453
2018-05-04,89.996728504201428,17.620000839233398
2018-05-07,90.0048887087803,17.600000381469727
2018-05-08,89.996728504201428,17.649999618530273
2018-05-09,90.0048887087803,17.850000381469727
2018-05-10,90.013033429100034,17.909999847412109
2018-05-11,90.021178149419754,17.780000686645508
2018-05-14,90.013033429100034,17.909999847412109
2018-05-15,90.029361580387373,17.899999618530273
2018-05-16,90.021178149419754,17.979999542236328
2018-05-17,90.04572070019303,18.030000686645508
2018-05-18,90.04572070019303,17.979999542236328
2018-05-21,90.037521784966259,18.149999618530273
2018-05-22,90.037521784966259,18.159999847412109
2018-05-23,90.070162603281787,18.180000305175781
2018-05-24,90.070162603281787,18.069999694824219
2018-05-25,90.094689669795912,17.719999313354492
2018-05-29,90.119154799273389,17.540000915527344
2018-05-30,90.102795679467732,17.829999923706055
2018-05-31,90.110955884046604,17.690000534057617
2018-06-01,90.109337778964075,17.510000228881836
2018-06-04,90.117528952061264,17.319999694824219
2018-06-05,90.117528952061264,17.350000381469727
2018-06-06,90.117528952061264,17.389999389648438
2018-06-07,90.125689156640149,17.549999237060547
2018-06-08,90.133864845478215,17.520000457763672
2018-06-11,90.142017307927503,17.479999542236328
2018-06-12,90.142017307927503,17.510000228881836
2018-06-13,90.142017307927503,17.590000152587891
2018-06-14,90.158399654121936,17.430000305175781
2018-06-15,90.166536632312059,17.030000686645508
2018-06-18,90.166536632312059,17.190000534057617
2018-06-19,90.18288026785855,17.030000686645508
2018-06-20,90.174727805409276,17.030000686645508
2018-06-21,90.207453787150186,16.969999313354492
2018-06-22,90.207453787150186,17.399999618530273
2018-06-25,90.215583023210755,17.139999389648438
2018-06-26,90.223727743530461,17.399999618530273
2018-06-27,90.231918916627677,17.629999160766602
2018-06-28,90.223727743530461,17.670000076293945
2018-06-29,90.248278036433334,17.909999847412109
2018-07-02,90.24909096003941,17.659999847412109
2018-07-03,90.25729761739575,17.659999847412109
2018-07-05,90.273610284423953,17.629999160766602
2018-07-06,90.273610284423953,17.680000305175781
2018-07-09,90.273610284423953,17.760000228881836
2018-07-10,90.273610284423953,17.75
2018-07-11,90.289953919970458,17.030000686645508
2018-07-12,90.298222514363474,17.120000839233398
2018-07-13,90.298222514363474,17.180000305175781
2018-07-16,90.306359492553611,16.780000686645508
2018-07-17,90.306359492553611,16.790000915527344
2018-07-18,90.314558407780424,16.899999618530273
2018-07-19,90.314558407780424,16.899999618530273
2018-07-20,90.322703128100116,16.989999771118164
2018-07-23,90.330925269715664,17.020000457763672
2018-07-24,90.330925269715664,17.100000381469727
2018-07-25,90.33906999003537,17.340000152587891
2018-07-26,90.355475562618537,17.350000381469727
2018-07-27,90.347284389521334,17.280000686645508
2018-07-30,90.355475562618537,17.409999847412109
2018-07-31,90.363643509326991,17.260000228881836
2018-08-01,90.367715869486858,17.030000686645508
2018-08-02,90.384136926329177,17.180000305175781
2018-08-03,90.400511530394013,17.200000762939453
2018-08-06,90.392366810074293,17.229999542236328
2018-08-07,90.400511530394013,17.309999465942383
2018-08-08,90.400511530394013,17.010000228881836
2018-08-09,90.416924845106763,16.969999313354492
2018-08-10,90.433338159819499,17.020000457763672
2018-08-13,90.425069565426483,16.950000762939453
2018-08-14,90.441482880139191,16.940000534057617
2018-08-15,90.441482880139191,16.559999465942383
2018-08-16,90.449705021754752,16.700000762939453
2018-08-17,90.466102852208323,16.819999694824219
2018-08-20,90.474270798916791,16.829999923706055
2018-08-21,90.482477456273159,16.889999389648438
2018-08-22,90.490684113629541,17.129999160766602
2018-08-23,90.482477456273159,17.079999923706055
2018-08-24,90.490684113629541,17.239999771118164
2018-08-27,90.490684113629541,17.319999694824219
2018-08-28,90.498867544597147,17.229999542236328
2018-08-29,90.507050975564781,17.459999084472656
2018-08-30,90.515257632921134,17.440000534057617
2018-08-31,90.523464290277516,17.440000534057617
2018-09-04,90.534156171229554,17.360000610351562
2018-09-05,90.542316375808426,17.260000228881836
2018-09-06,90.550507548905642,17.139999389648438
2018-09-07,90.558752916909924,17.190000534057617
2018-09-10,90.566920863618378,17.200000762939453
2018-09-11,90.566920863618378,17.399999618530273
2018-09-12,90.575197200140991,17.510000228881836
2018-09-13,90.566920863618378,17.309999465942383
2018-09-14,90.575197200140991,17.280000686645508
2018-09-17,90.591571804205827,17.239999771118164
2018-09-18,90.583365146849431,17.430000305175781
2018-09-19,90.575197200140991,17.569999694824219
2018-09-20,90.591571804205827,17.549999237060547
2018-09-21,90.608000603177715,17.629999160766602
2018-09-24,90.608000603177715,17.889999389648438
2018-09-25,90.608000603177715,17.950000762939453
2018-09-26,90.624413917890465,17.829999923706055
2018-09-27,90.640811748344035,17.930000305175781
2018-09-28,90.649018405700417,18.110000610351562
2018-10-01,90.65887413665763,18.5
2018-10-02,90.65069070569001,18.530000686645508
2018-10-03,90.66714273105066,18.719999313354492
2018-10-04,90.68359475641131,18.459999084472656
2018-10-05,90.68359475641131,18.420000076293945
2018-10-08,90.691762703119764,18.389999389648438
2018-10-09,90.691762703119764,18.520000457763672
2018-10-10,90.691762703119764,18.129999160766602
2018-10-11,90.699984844735297,17.829999923706055
2018-10-12,90.716421385836767,17.940000534057617
2018-10-15,90.716421385836767,18.020000457763672
2018-10-16,90.724697722359366,18.079999923706055
2018-10-17,90.708245696998745,17.860000610351562
2018-10-18,90.749302210169333,17.620000839233398
2018-10-19,90.749302210169333,17.75
2018-10-22,90.749302210169333,17.780000686645508
2018-10-23,90.75756306243278,17.309999465942383
2018-10-24,90.765754235529982,17.239999771118164
2018-10-25,90.782244971538532,17.329999923706055
2018-10-26,90.790436144635748,17.5
2018-10-29,90.790436144635748,17.280000686645508
2018-10-30,90.798650544121685,17.180000305175781
2018-10-31,90.806880427866815,16.989999771118164
2018-11-01,90.820080758803243,16.819999694824219
2018-11-02,90.811812164410213,16.799999237060547
2018-11-05,90.820080758803243,16.799999237060547
2018-11-06,90.811812164410213,16.700000762939453
2018-11-07,90.828295158289194,16.680000305175781
2018-11-08,90.836563752682224,16.5
2018-11-09,90.844778152168189,16.350000381469727
2018-11-12,90.877697687148626,16.280000686645508
2018-11-13,90.869436834885192,15.770000457763672
2018-11-14,90.877697687148626,16.100000381469727
2018-11-15,90.88595079728249,15.949999809265137
2018-11-16,90.894196165286758,16.139999389648438
2018-11-19,90.910679159165738,16.170000076293945
2018-11-20,90.918916785040452,15.539999961853027
2018-11-21,90.918916785040452,15.659999847412109
2018-11-23,90.943606436275772,15.140000343322754
2018-11-26,90.943606436275772,15.170000076293945
2018-11-27,90.951828577891334,15.119999885559082
2018-11-28,90.960050719506839,15.029999732971191
2018-11-29,90.968280603251955,15.170000076293945
2018-11-30,90.97653371338582,15.109999656677246
2018-12-03,90.984794565649253,15.460000038146973
2018-12-04,90.984794565649253,15.460000038146973
2018-12-06,91.009499701143739,15.25
2018-12-07,91.017799264055114,15.470000267028809
2018-12-10,91.026036889929813,15.170000076293945
2018-12-11,91.017799264055114,15.25
2018-12-12,91.034282257934095,15.140000343322754
2018-12-13,91.050780736072227,15.390000343322754
2018-12-14,91.059026104076494,15.090000152587891
2018-12-17,91.075524582214641,14.789999961853027
2018-12-18,90.918780272578744,14.399999618530273
2018-12-19,90.927026083286407,14.470000267028809
2018-12-20,90.943525432734219,14.270000457763672
2018-12-21,90.960024782182074,14.100000381469727
2018-12-24,90.951778971474425,13.859999656677246
2018-12-26,90.951778971474425,14.270000457763672
2018-12-27,90.993054393207842,14.069999694824219
2018-12-28,91.009507374460526,13.970000267028809
2018-12-31,90.993054393207842,14.020000457763672
2019-01-02,91.001253835720362,14.090000152587891
2019-01-03,91.03428344674613,14.239999771118164
2019-01-04,91.058982238706449,14.449999809265137
2019-01-07,91.058982238706449,14.510000228881836
2019-01-08,91.050744156031314,14.699999809265137
2019-01-09,91.042521529421265,15.109999656677246
2019-01-10,91.067243505479155,15.100000381469727
2019-01-11,91.092004121699716,15.010000228881836
2019-01-14,91.100249932407351,14.869999885559082
2019-01-15,91.108549839342714,15.029999732971191
2019-01-16,91.092004121699716,15.100000381469727
2019-01-17,91.116795650050378,15.140000343322754
2019-01-18,91.141525354140796,15.319999694824219
2019-01-22,91.133248631303033,15.130000114440918
2019-01-23,91.133248631303033,15.100000381469727
2019-01-24,91.166231874133629,15.140000343322754
2019-01-25,91.166231874133629,15.220000267028809
2019-01-28,91.166231874133629,14.920000076293945
2019-01-29,91.158009247523594,15.130000114440918
2019-01-30,91.182769863744127,15.270000457763672
2019-01-31,91.215760834607295,15.189999580383301
2019-02-01,91.2223605743864,15.399999618530273
2019-02-04,91.2223605743864,15.369999885559082
2019-02-05,91.214122491711294,15.270000457763672
2019-02-06,91.238890835964355,15.300000190734863
2019-02-07,91.247152102737076,15.090000152587891
2019-02-08,91.263674636282502,15.130000114440918
2019-02-11,91.263674636282502,15.039999961853027
2019-02-12,91.255444281639882,15.159999847412109
2019-02-13,91.263674636282502,15.300000190734863
2019-02-14,91.288504804795792,15.380000114440918
2019-02-15,91.305011882276162,15.659999847412109
2019-02-19,91.313304061178982,15.640000343322754
2019-02-20,91.313304061178982,15.739999771118164
2019-02-21,91.33806467739953,15.789999961853027
2019-02-22,91.33806467739953,15.819999694824219
2019-02-25,91.33806467739953,15.5
2019-02-26,91.33806467739953,15.579999923706055
2019-02-27,91.362902573945362,15.739999771118164
2019-02-28,91.362902573945362,15.720000267028809
2019-03-01,91.375313794185757,15.539999961853027
2019-03-04,91.391859511828741,15.609999656677246
2019-03-05,91.383582788990992,15.659999847412109
2019-03-06,91.400159418764119,15.590000152587891
2019-03-07,91.416689680342046,15.609999656677246
2019-03-08,91.433281766180244,15.569999694824219
2019-03-11,91.416689680342046,15.630000114440918
2019-03-12,91.433281766180244,15.680000305175781
2019-03-13,91.449819755790713,15.869999885559082
2019-03-14,91.449819755790713,15.850000381469727
2019-03-15,91.474665380369061,15.869999885559082
2019-03-18,91.458119662726048,15.989999771118164
2019-03-19,91.482973015336938,15.970000267028809
2019-03-20,91.491257466207244,16.180000305175781
2019-03-21,91.499534189045008,16.100000381469727
2019-03-22,91.524372085590841,15.939999580383301
2019-03-25,91.524372085590841,15.979999542236328
2019-03-26,91.540933259298896,16.079999923706055
2019-03-27,91.532656536461133,15.970000267028809
2019-03-28,91.557494433006951,15.930000305175781
2019-03-29,91.565771155844729,15.949999809265137
2019-04-01,91.565763427812186,16.180000305175781
2019-04-02,91.590655420585733,16.299999237060547
2019-04-03,91.574063334747564,16.329999923706055
2019-04-04,91.615593781554438,16.329999923706055
2019-04-05,91.607293874619074,16.469999313354492
2019-04-08,91.623870504392201,16.600000381469727
2019-04-09,91.607293874619074,16.520000457763672
2019-04-10,91.632139499197422,16.639999389648438
2019-04-11,91.657031491970969,16.530000686645508
2019-04-12,91.657031491970969,16.620000839233398
2019-04-15,91.648754769133191,16.549999237060547
2019-04-16,91.665300486776189,16.569999694824219
2019-04-17,91.690254303809937,16.489999771118164
2019-04-18,91.681915756711959,16.549999237060547
2019-04-22,91.681915756711959,16.760000228881836
2019-04-23,91.681915756711959,16.790000915527344
2019-04-24,91.715123112485898,16.690000534057617
2019-04-25,91.731699742259025,16.590000152587891
2019-04-26,91.740022833291945,16.309999465942383
2019-04-29,91.740022833291945,16.350000381469727
2019-04-30,91.740022833291945,16.389999389648438
2019-05-01,91.754999760331714,16.399999618530273
2019-05-02,91.771599574202426,16.139999389648438
2019-05-03,91.771599574202426,16.170000076293945
2019-05-06,91.779914937202832,16.25
2019-05-07,91.788268940365896,15.960000038146973
2019-05-08,91.788268940365896,16.040000915527344
2019-05-09,91.813176389204472,15.960000038146973
2019-05-10,91.813176389204472,16.010000228881836
2019-05-13,91.829791659140227,15.859999656677246
2019-05-14,91.838107022140633,16.090000152587891
2019-05-15,91.838107022140633,16.239999771118164
2019-05-16,91.863060839174381,16.440000534057617
2019-05-17,91.863060839174381,16.309999465942383
2019-05-20,91.854737748141446,16.340000152587891
2019-05-21,91.87138393020733,16.340000152587891
2019-05-22,91.87969929320775,16.049999237060547
2019-05-23,91.904622198111383,15.619999885559082
2019-05-24,91.912953017176847,15.800000190734863
2019-05-28,91.912953017176847,15.899999618530273
2019-05-29,91.912953017176847,15.859999656677246
2019-05-30,91.937914562243137,15.560000419616699
2019-05-31,91.962860651244341,15.010000228881836
2019-06-03,91.996987642889152,14.899999618530273
2019-06-04,91.988687735953789,15.050000190734863
2019-06-05,92.021972372053014,14.729999542236328
2019-06-06,92.038664922314055,15
2019-06-07,92.046980285314476,15.039999961853027
2019-06-10,92.06363419541286,15
2019-06-11,92.055311104379925,15.060000419616699
2019-06-12,92.06363419541286,14.739999771118164
2019-06-13,92.105303746805234,14.949999809265137
2019-06-14,92.113603653740611,15.029999732971191
2019-06-17,92.113603653740611,14.939999580383301
2019-06-18,92.113603653740611,15.180000305175781
2019-06-19,92.113603653740611,15.189999580383301
2019-06-20,92.163604024198435,15.529999732971191
2019-06-21,92.1552809331655,15.600000381469727
2019-06-24,92.1552809331655,15.640000343322754
2019-06-25,92.1552809331655,15.670000076293945
2019-06-26,92.171950299328969,15.880000114440918
2019-06-27,92.19694275652536,15.880000114440918
2019-06-28,92.180304302492019,15.649999618530273
2019-07-01,92.187777309946838,15.720000267028809
2019-07-02,92.204469860207894,15.329999923706055
2019-07-03,92.229531869697041,15.489999771118164
2019-07-05,92.204469860207894,15.609999656677246
2019-07-08,92.221170138501463,15.539999961853027
2019-07-09,92.221170138501463,15.640000343322754
2019-07-10,92.237854960729976,16.069999694824219
2019-07-11,92.25453205492596,16.100000381469727
2019-07-12,92.237854960729976,16.139999389648438
2019-07-15,92.262893786121538,15.939999580383301
2019-07-16,92.246201235860497,15.729999542236328
2019-07-17,92.271224605187001,15.550000190734863
2019-07-18,92.296294342708677,15.390000343322754
2019-07-19,92.287924883480571,15.520000457763672
2019-07-22,92.312986892969704,15.489999771118164
2019-07-23,92.304632889806669,15.579999923706055
2019-07-24,92.304632889806669,15.489999771118164
2019-07-25,92.312986892969704,15.439999580383301
2019-07-26,92.32134862416531,15.439999580383301
2019-07-29,92.32134862416531,15.550000190734863
2019-07-30,92.329710355360888,15.649999618530273
2019-07-31,92.329710355360888,15.579999923706055
2019-08-01,92.371480371176133,15
2019-08-02,92.38825020176246,15.069999694824219
2019-08-05,92.404942752023501,14.909999847412109
2019-08-06,92.413304483219065,14.779999732971191
2019-08-07,92.421658486382128,14.560000419616699
2019-08-08,92.438397404838327,14.680000305175781
2019-08-09,92.446728223903818,14.850000381469727
2019-08-12,92.455105411164439,14.739999771118164
2019-08-13,92.446728223903818,15.029999732971191
2019-08-14,92.463490326457602,14.760000228881836
2019-08-15,92.505314438500562,14.689999580383301
2019-08-16,92.496937251239913,14.720000267028809
2019-08-19,92.496937251239913,14.859999656677246
2019-08-20,92.513645257565997,14.869999885559082
2019-08-21,92.513645257565997,14.899999618530273
2019-08-22,92.513645257565997,14.810000419616699
2019-08-23,92.538707267055173,14.600000381469727
2019-08-26,92.522006988761603,14.609999656677246
2019-08-27,92.530368719957167,14.739999771118164
2019-08-28,92.530368719957167,14.930000305175781
2019-08-29,92.547076726283265,15.020000457763672
2019-08-30,92.538707267055173,14.819999694824219
2019-09-03,92.562223670038662,14.630000114440918
2019-09-04,92.578970316527403,15.050000190734863
2019-09-05,92.562223670038662,15.039999961853027
2019-09-06,92.587355231820581,15.060000419616699
2019-09-09,92.578970316527403,15.279999732971191
2019-09-10,92.562223670038662,15.300000190734863
2019-09-11,92.578970316527403,15.109999656677246
2019-09-12,92.587355231820581,15.029999732971191
2019-09-13,92.587355231820581,15.050000190734863
2019-09-16,92.587355231820581,16.069999694824219
2019-09-17,92.587355231820581,15.600000381469727
2019-09-18,92.595693778918559,15.5
2019-09-19,92.595693778918559,15.600000381469727
2019-09-20,92.604094150276779,15.569999694824219
2019-09-23,92.612471337537414,15.619999885559082
2019-09-24,92.620802156602878,15.359999656677246
2019-09-25,92.629217984026155,15.329999923706055
2019-09-26,92.645949174449839,15.319999694824219
2019-09-27,92.654349545808046,15.210000038146973
2019-09-30,92.671111648361858,15.050000190734863
2019-10-01,92.68285825780481,14.979999542236328
2019-10-02,92.716444287172635,14.779999732971191
2019-10-03,92.750014860475389,14.789999961853027
2019-10-04,92.783546793615514,14.880000114440918
2019-10-07,92.775161878322365,14.880000114440918
2019-10-08,92.775161878322365,14.840000152587891
2019-10-09,92.775161878322365,14.920000076293945
2019-10-10,92.808716995560076,15.010000228881836
2019-10-11,92.783546793615514,15.260000228881836
2019-10-14,92.800370720429527,15.090000152587891
2019-10-15,92.800370720429527,15.050000190734863
2019-10-16,92.817132822983339,15.119999885559082
2019-10-17,92.850695668253579,15.199999809265137
2019-10-18,92.850695668253579,15.159999847412109
2019-10-21,92.842295296895358,15.090000152587891
2019-10-22,92.842295296895358,15.149999618530273
2019-10-23,92.842295296895358,15.390000343322754
2019-10-24,92.850695668253579,15.470000267028809
2019-10-25,92.867457770807377,15.529999732971191
2019-10-28,92.867457770807377,15.460000038146973
2019-10-29,92.867457770807377,15.409999847412109
2019-10-30,92.875850414133069,15.319999694824219
2019-10-31,92.917852270924172,15.170000076293945
2019-11-01,92.914444208579198,15.550000190734863
2019-11-04,92.922867764035004,15.649999618530273
2019-11-05,92.906036109188449,15.75
2019-11-06,92.914444208579198,15.579999923706055
2019-11-07,92.922867764035004,15.569999694824219
2019-11-08,92.931268135393211,15.640000343322754
2019-11-11,92.922867764035004,15.510000228881836
2019-11-12,92.939668506751445,15.520000457763672
2019-11-13,92.939668506751445,15.550000190734863
2019-11-14,92.964908260988736,15.510000228881836
2019-11-15,92.964908260988736,15.609999656677246
2019-11-18,92.964908260988736,15.390000343322754
2019-11-19,92.956492433565458,15.210000038146973
2019-11-20,92.956492433565458,15.409999847412109
2019-11-21,92.964908260988736,15.619999885559082
2019-11-22,92.973324088411999,15.579999923706055
2019-11-25,92.981724459770248,15.609999656677246
2019-11-26,92.981724459770248,15.670000076293945
2019-11-27,92.990155743258555,15.600000381469727
2019-11-29,92.981724459770248,15.229999542236328
2019-12-02,92.98929793164794,15.260000228881836
2019-12-03,93.022992153471151,15.289999961853027
2019-12-04,93.014576326047873,15.569999694824219
2019-12-05,93.022992153471151,15.590000152587891
2019-12-06,93.039785168155049,15.710000038146973
2019-12-09,93.031361612699243,15.680000305175781
2019-12-10,93.031361612699243,15.760000228881836
2019-12-11,93.039785168155049,15.670000076293945
2019-12-12,93.048224179675898,15.810000419616699
2019-12-13,93.073456205880689,15.880000114440918
2019-12-16,93.065040378457411,16.059999465942383
2019-12-17,93.081902945434067,16.149999618530273
2019-12-18,93.081902945434067,16.149999618530273
2019-12-19,92.938779271301541,16.170000076293945
2019-12-20,92.955577325291841,16.129999160766602
2019-12-23,92.938779271301541,16.170000076293945
2019-12-24,92.964011074952566,16.239999771118164
2019-12-26,92.955577325291841,16.389999389648438
2019-12-27,92.972413960021669,16.379999160766602
2019-12-30,92.980847709682408,16.329999923706055
2019-12-31,92.997676628264315,16.209999084472656
2020-01-02,93.014559559881576,16.290000915527344
2020-01-03,93.014559559881576,16.510000228881836
2020-01-06,93.006087229481324,16.510000228881836
2020-01-07,93.022939296506976,16.459999084472656
2020-01-08,93.031349897723985,16.149999618530273
2020-01-09,93.031349897723985,16.030000686645508
2020-01-10,93.022939296506976,16.020000457763672
2020-01-13,93.031349897723985,15.859999656677246
2020-01-14,93.031349897723985,15.949999809265137
2020-01-15,93.048171100157987,15.869999885559082
2020-01-16,93.06503859947945,15.850000381469727
2020-01-17,93.06503859947945,15.909999847412109
2020-01-21,93.073480065288066,15.810000419616699
2020-01-22,93.073480065288066,15.579999923706055
2020-01-23,93.090301267722097,15.409999847412109
2020-01-24,93.098719585087011,15.149999618530273
2020-01-27,93.107153334747736,14.789999961853027
2020-01-28,93.107153334747736,14.920000076293945
2020-01-29,93.115548503668947,14.829999923706055
2020-01-30,93.123997685625454,14.680000305175781
2020-01-31,93.140811171911579,14.489999771118164
2020-02-03,93.141636799737483,14.159999847412109
2020-02-04,93.124792448859736,14.180000305175781
2020-02-05,93.133203050076744,14.439999580383301
2020-02-06,93.124792448859736,14.460000038146973
2020-02-07,93.150124562433518,14.369999885559082
2020-02-10,93.150124562433518,14.210000038146973
2020-02-11,93.158527447502635,14.300000190734863
2020-02-12,93.150124562433518,14.569999694824219
2020-02-13,93.166922616423847,14.579999923706055
2020-02-14,93.175394946824099,14.670000076293945
2020-02-18,93.175394946824099,14.729999542236328
2020-02-19,93.183790115745282,14.920000076293945
2020-02-20,93.183790115745282,14.899999618530273
2020-02-21,93.21751739824029,14.800000190734863
2020-02-24,93.21751739824029,14.369999885559082
2020-02-25,93.242841795666166,14.109999656677246
2020-02-26,93.242841795666166,13.890000343322754
2020-02-27,93.284979679378168,13.550000190734863
2020-02-28,93.344000494707444,13.359999656677246
2020-03-02,93.377812654829398,13.739999771118164
2020-03-03,93.462188732176173,13.75
2020-03-04,93.495977743854411,13.720000267028809
2020-03-05,93.580400118088633,13.5
2020-03-06,93.605755380106146,12.829999923706055
2020-03-09,93.664845640766544,11.279999732971191
2020-03-10,93.614158265175249,11.810000419616699
2020-03-11,93.631079777532022,11.5
2020-03-12,93.647939560705581,10.909999847412109
2020-03-13,93.605755380106146,11.149999618530273
2020-03-16,93.631079777532022,10.25
2020-03-17,93.639536675636478,10
2020-03-18,93.740834265340041,9.4300003051757812
2020-03-19,93.715502151766245,9.8599996566772461
2020-03-20,93.740834265340041,9.6400003433227539
2020-03-23,93.715502151766245,9.6599998474121094
2020-03-24,93.74926029885286,9.9399995803833008
2020-03-25,93.774592412426657,9.9700002670288086
2020-03-26,93.757724913105221,9.8199996948242188
2020-03-27,93.757724913105221,9.6099996566772461
2020-03-30,93.732361934939789,9.3500003814697266
2020-03-31,93.732361934939789,9.3000001907348633
2020-04-01,93.761104585887821,9.130000114440918
2020-04-02,93.761104585887821,9.6599998474121094
2020-04-03,93.727284709617976,10.180000305175781
2020-04-06,93.735772472314025,10.039999961853027
2020-04-07,93.778033814392529,9.9200000762939453
2020-04-08,93.727284709617976,10.109999656677246
2020-04-09,93.744206221974764,9.869999885559082
2020-04-13,93.735772472314025,9.880000114440918
2020-04-14,93.752670836227097,9.6099996566772461
2020-04-15,93.744206221974764,9.3599996566772461
2020-04-16,93.752670836227097,9.3900003433227539
2020-04-17,93.752670836227097,9.3400001525878906
2020-04-20,93.761104585887821,8.9399995803833008
2020-04-21,93.761104585887821,8.0100002288818359
2020-04-22,93.761104585887821,8.1700000762939453
2020-04-23,93.744206221974764,8.4200000762939453
2020-04-24,93.761104585887821,8.3500003814697266
2020-04-27,93.735772472314025,7.9600000381469727
2020-04-28,93.761104585887821,7.929999828338623
2020-04-29,93.735772472314025,8.1400003433227539
2020-04-30,93.752670836227097,8.4799995422363281
2020-05-01,93.753527328644608,8.4799995422363281
2020-05-04,93.745047282096451,8.6400003433227539
2020-05-05,93.753527328644608,9.0600004196166992
2020-05-06,93.73660581628782,8.8500003814697266
2020-05-07,93.73660581628782,8.869999885559082
2020-05-08,93.745047282096451,9.0900001525878906
2020-05-11,93.728179782775015,8.9600000381469727
2020-05-12,93.73660581628782,8.8999996185302734
2020-05-13,93.73660581628782,8.7799997329711914
2020-05-14,93.745047282096451,9.0200004577636719
2020-05-15,93.753527328644608,9.1499996185302734
2020-05-18,93.753527328644608,9.5100002288818359
2020-05-19,93.753527328644608,9.5100002288818359
2020-05-20,93.753527328644608,9.7200002670288086
2020-05-21,93.745047282096451,9.6899995803833008
2020-05-22,93.753527328644608,9.5699996948242188
2020-05-26,93.745047282096451,9.6599998474121094
2020-05-27,93.73660581628782,9.5699996948242188
2020-05-28,93.745047282096451,9.5799999237060547
2020-05-29,93.728179782775015,9.8199996948242188
2020-06-01,93.737462308705346,9.8599996566772461
2020-06-02,93.737462308705346,10.020000457763672
2020-06-03,93.728997694452985,10.029999732971191
2020-06-04,93.720509931756936,10.109999656677246
2020-06-05,93.720509931756936,10.399999618530273
2020-06-08,93.720509931756936,10.270000457763672
2020-06-09,93.720509931756936,10.289999961853027
2020-06-10,93.720509931756936,10.420000076293945
2020-06-11,93.737462308705346,9.9499998092651367
2020-06-12,93.737462308705346,10.029999732971191
2020-06-15,93.720509931756936,10.109999656677246
2020-06-16,93.720509931756936,10.239999771118164
2020-06-17,93.720509931756936,10.189999580383301
2020-06-18,93.728997694452985,10.310000419616699
2020-06-19,93.728997694452985,10.350000381469727
2020-06-22,93.728997694452985,10.479999542236328
2020-06-23,93.737462308705346,10.449999809265137
2020-06-24,93.728997694452985,10.140000343322754
2020-06-25,93.728997694452985,10.229999542236328
2020-06-26,93.737462308705346,10.039999961853027
2020-06-29,93.728997694452985,10.310000419616699
2020-06-30,93.745911490661868,10.369999885559082
2020-07-01,93.728997694452985,10.449999809265137
2020-07-02,93.728997694452985,10.529999732971191
2020-07-06,93.737462308705346,10.609999656677246
2020-07-07,93.737462308705346,10.600000381469727
2020-07-08,93.728997694452985,10.710000038146973
2020-07-09,93.737462308705346,10.579999923706055
2020-07-10,93.737462308705346,10.720000267028809
2020-07-13,93.745911490661868,10.520000457763672
2020-07-14,93.745911490661868,10.600000381469727
2020-07-15,93.745911490661868,10.710000038146973
2020-07-16,93.737462308705346,10.680000305175781
2020-07-17,93.737462308705346,10.649999618530273
2020-07-20,93.745911490661868,10.649999618530273
2020-07-21,93.745911490661868,10.810000419616699
2020-07-22,93.737462308705346,10.819999694824219
2020-07-23,93.737462308705346,10.800000190734863
2020-07-24,93.737462308705346,10.810000419616699
2020-07-27,93.745911490661868,10.850000381469727
2020-07-28,93.745911490661868,10.770000457763672
2020-07-29,93.737462308705346,10.859999656677246
2020-07-30,93.737462308705346,10.659999847412109
2020-07-31,93.745911490661868,10.75
2020-08-03,93.751011864427412,10.859999656677246
2020-08-04,93.751011864427412,10.920000076293945
2020-08-05,93.742531817879254,11.050000190734863
2020-08-06,93.742531817879254,11.020000457763672
2020-08-07,93.742531817879254,10.909999847412109
2020-08-10,93.742531817879254,10.979999542236328
2020-08-11,93.742531817879254,10.869999885559082
2020-08-12,93.734067203626921,11
2020-08-13,93.734067203626921,11.029999732971191
2020-08-14,93.742531817879254,11.029999732971191
2020-08-17,93.751011864427412,11.189999580383301
2020-08-18,93.742531817879254,11.159999847412109
2020-08-19,93.742531817879254,11.189999580383301
2020-08-20,93.742531817879254,11.149999618530273
2020-08-21,93.742531817879254,11.060000419616699
2020-08-24,93.742531817879254,11.119999885559082
2020-08-25,93.734067203626921,11.260000228881836
2020-08-26,93.734067203626921,11.270000457763672
2020-08-27,93.742531817879254,11.210000038146973
2020-08-28,93.751011864427412,11.279999732971191
2020-08-31,93.742531817879254,11.25
2020-09-01,93.737462308705346,11.279999732971191
2020-09-02,93.745903774513963,11.050000190734863
2020-09-03,93.737462308705346,10.979999542236328
2020-09-04,93.737462308705346,10.829999923706055
2020-09-08,93.737462308705346,10.470000267028809
2020-09-09,93.737462308705346,10.609999656677246
2020-09-10,93.737462308705346,10.470000267028809
2020-09-11,93.737462308705346,10.569999694824219
2020-09-14,93.737462308705346,10.529999732971191
2020-09-15,93.737462308705346,10.609999656677246
2020-09-16,93.737462308705346,10.840000152587891
2020-09-17,93.737462308705346,10.979999542236328
2020-09-18,93.737462308705346,11.010000228881836
2020-09-21,93.737462308705346,10.75
2020-09-22,93.737462308705346,10.689999580383301
2020-09-23,93.737462308705346,10.630000114440918
2020-09-24,93.737462308705346,10.699999809265137
2020-09-25,93.737462308705346,10.720000267028809
2020-09-28,93.737462308705346,10.800000190734863
2020-09-29,93.745903774513963,10.579999923706055
2020-09-30,93.737462308705346,10.75
2020-10-01,93.748473251766512,10.550000190734863
2020-10-02,93.739977772922529,10.369999885559082
2020-10-05,93.739977772922529,10.720000267028809
2020-10-06,93.748473251766512,10.789999961853027
2020-10-07,93.739977772922529,10.859999656677246
2020-10-08,93.739977772922529,11
2020-10-09,93.739977772922529,11.029999732971191
2020-10-12,93.748473251766512,10.859999656677246
2020-10-13,93.748473251766512,10.920000076293945
2020-10-14,93.731528590965993,11.029999732971191
2020-10-15,93.739977772922529,11.090000152587891
2020-10-16,93.739977772922529,11.029999732971191
2020-10-19,93.731528590965993,10.989999771118164
2020-10-20,93.731528590965993,11.090000152587891
2020-10-21,93.731528590965993,10.979999542236328
2020-10-22,93.731528590965993,11.020000457763672
2020-10-23,93.731528590965993,10.930000305175781
2020-10-26,93.731528590965993,10.75
2020-10-27,93.731528590965993,10.869999885559082
2020-10-28,93.731528590965993,10.550000190734863
2020-10-29,93.739977772922529,10.409999847412109
2020-10-30,93.748473251766512,10.380000114440918
2020-11-02,93.72898997830508,10.550000190734863
2020-11-03,93.745903774513963,10.640000343322754
2020-11-04,93.72898997830508,10.800000190734863
2020-11-05,93.737454592557427,10.800000190734863
2020-11-06,93.737454592557427,10.640000343322754
2020-11-09,93.72898997830508,10.920000076293945
2020-11-10,93.72898997830508,11.180000305175781
2020-11-11,93.737454592557427,11.159999847412109
2020-11-12,93.737454592557427,11.079999923706055
2020-11-13,93.737454592557427,11.010000228881836
2020-11-16,93.737454592557427,11.140000343322754
2020-11-17,93.737454592557427,11.180000305175781
2020-11-18,93.737454592557427,11.210000038146973
2020-11-19,93.737454592557427,11.199999809265137
2020-11-20,93.737454592557427,11.289999961853027
2020-11-23,93.737454592557427,11.369999885559082
2020-11-24,93.737454592557427,11.609999656677246
2020-11-25,93.737454592557427,11.699999809265137
2020-11-27,93.745903774513963,11.689999580383301
2020-11-30,93.72898997830508,11.649999618530273
2020-12-01,93.730648950104779,11.569999694824219
2020-12-02,93.730648950104779,11.649999618530273
2020-12-03,93.730648950104779,11.659999847412109
2020-12-04,93.739152145096639,11.699999809265137
2020-12-07,93.739152145096639,11.630000114440918
2020-12-08,93.730648950104779,11.640000343322754
2020-12-09,93.739152145096639,11.670000076293945
2020-12-10,93.747655340088514,11.880000114440918
2020-12-11,93.739152145096639,11.859999656677246
2020-12-14,93.739152145096639,11.890000343322754
2020-12-15,93.730648950104779,11.979999542236328
2020-12-16,93.739152145096639,12.039999961853027
2020-12-17,93.739152145096639,12.189999580383301
2020-12-18,93.739152145096639,12.260000228881836
2020-12-21,93.739152145096639,12.090000152587891
2020-12-22,93.730648950104779,11.970000267028809
2020-12-23,93.739152145096639,12.130000114440918
2020-12-24,93.739152145096639,12.180000305175781
2020-12-28,93.730648950104779,12.109999656677246
2020-12-29,93.739152145096639,12.140000343322754
2020-12-30,93.739152145096639,12.220000267028809
2020-12-31,93.747655340088514,12.329999923706055
2021-01-04,93.739152145096639,12.239999771118164
2021-01-05,93.739152145096639,12.670000076293945
2021-01-06,93.747655340088514,12.689999580383301
2021-01-07,93.747655340088514,12.710000038146973
2021-01-08,93.739152145096639,12.890000343322754
2021-01-11,93.730648950104779,12.779999732971191
2021-01-12,93.730648950104779,13.029999732971191
2021-01-13,93.730648950104779,12.960000038146973
2021-01-14,93.730648950104779,13.109999656677246
2021-01-15,93.730648950104779,12.920000076293945
2021-01-19,93.730648950104779,12.960000038146973
2021-01-20,93.730648950104779,12.989999771118164
2021-01-21,93.730648950104779,12.960000038146973
2021-01-22,93.730648950104779,12.770000457763672
2021-01-25,93.730648950104779,12.939999580383301
2021-01-26,93.730648950104779,12.989999771118164
2021-01-27,93.739152145096639,12.949999809265137
2021-01-28,93.730648950104779,12.880000114440918
2021-01-29,93.739152145096639,12.909999847412109
2021-02-01,93.730648950104779,13.130000114440918
2021-02-02,93.730648950104779,13.199999809265137
2021-02-03,93.747655340088514,13.329999923706055
2021-02-04,93.739152145096639,13.409999847412109
2021-02-05,93.747655340088514,13.520000457763672
2021-02-08,93.739152145096639,13.739999771118164
2021-02-09,93.747655340088514,13.770000457763672
2021-02-10,93.747655340088514,13.710000038146973
2021-02-11,93.739152145096639,13.699999809265137
2021-02-12,93.739152145096639,13.920000076293945
2021-02-16,93.739152145096639,14.069999694824219
2021-02-17,93.739152145096639,14.170000076293945
2021-02-18,93.739152145096639,14.090000152587891
2021-02-19,93.739152145096639,14.039999961853027
2021-02-22,93.739152145096639,14.350000381469727
2021-02-23,93.739152145096639,14.439999580383301
2021-02-24,93.739152145096639,14.640000343322754
2021-02-25,93.730648950104779,14.539999961853027
2021-02-26,93.739152145096639,14.239999771118164
2021-03-01,93.739152145096639,14.100000381469727
2021-03-02,93.730648950104779,14.090000152587891
2021-03-03,93.739152145096639,14.170000076293945
2021-03-04,93.730648950104779,14.420000076293945
2021-03-05,93.730648950104779,14.75
2021-03-08,93.730648950104779,14.510000228881836
2021-03-09,93.739152145096639,14.449999809265137
2021-03-10,93.730648950104779,14.520000457763672
2021-03-11,93.730648950104779,14.760000228881836
2021-03-12,93.730648950104779,14.680000305175781
2021-03-15,93.730648950104779,14.659999847412109
2021-03-16,93.730648950104779,14.579999923706055
2021-03-17,93.739152145096639,14.590000152587891
2021-03-18,93.739152145096639,13.859999656677246
2021-03-19,93.739152145096639,14.199999809265137
2021-03-22,93.747655340088514,14.140000343322754
2021-03-23,93.739152145096639,13.680000305175781
2021-03-24,93.739152145096639,14.060000419616699
2021-03-25,93.739152145096639,13.779999732971191
2021-03-26,93.739152145096639,14.140000343322754
2021-03-29,93.739152145096639,14.170000076293945
2021-03-30,93.730648950104779,13.939999580383301
2021-03-31,93.730648950104779,13.970000267028809
2021-04-01,93.730648950104779,14.140000343322754
2021-04-05,93.730648950104779,13.890000343322754
2021-04-06,93.747655340088514,13.970000267028809
2021-04-07,93.739152145096639,14.020000457763672
2021-04-08,93.739152145096639,14.130000114440918
2021-04-09,93.747655340088514,14.069999694824219
2021-04-12,93.739152145096639,14.010000228881836
2021-04-13,93.739152145096639,14.170000076293945
2021-04-14,93.739152145096639,14.489999771118164
2021-04-15,93.730648950104779,14.609999656677246
2021-04-16,93.730648950104779,14.579999923706055
2021-04-19,93.730648950104779,14.609999656677246
2021-04-20,93.730648950104779,14.590000152587891
2021-04-21,93.730648950104779,14.5
2021-04-22,93.730648950104779,14.630000114440918
2021-04-23,93.739152145096639,14.739999771118164
2021-04-26,93.730648950104779,14.869999885559082
2021-04-27,93.730648950104779,14.979999542236328
2021-04-28,93.730648950104779,15.039999961853027
2021-04-29,93.730648950104779,15.170000076293945
2021-04-30,93.730648950104779,15.100000381469727
2021-05-03,93.730648950104779,15.189999580383301
2021-05-04,93.739152145096639,15.409999847412109
2021-05-05,93.739152145096639,15.430000305175781
2021-05-06,93.739152145096639,15.5
2021-05-07,93.739152145096639,15.560000419616699
2021-05-10,93.730648950104779,15.510000228881836
2021-05-11,93.730648950104779,15.630000114440918
2021-05-12,93.730648950104779,15.630000114440918
2021-05-13,93.739152145096639,15.220000267028809
2021-05-14,93.730648950104779,15.310000419616699
2021-05-17,93.730648950104779,15.520000457763672
2021-05-18,93.730648950104779,15.430000305175781
2021-05-19,93.730648950104779,15.100000381469727
2021-05-20,93.730648950104779,14.909999847412109
2021-05-21,93.739152145096639,15.069999694824219
2021-05-24,93.739152145096639,15.319999694824219
2021-05-25,93.739152145096639,15.229999542236328
2021-05-26,93.739152145096639,15.260000228881836
2021-05-27,93.739152145096639,15.5
2021-05-28,93.730648950104779,15.460000038146973
2021-06-01,93.722199768148229,15.710000038146973
2021-06-02,93.730648950104779,15.779999732971191
2021-06-03,93.722199768148229,15.670000076293945
2021-06-04,93.730648950104779,15.829999923706055
2021-06-07,93.722199768148229,15.779999732971191
2021-06-08,93.730648950104779,15.939999580383301
2021-06-09,93.713688857008449,15.890000343322754
2021-06-10,93.722199768148229,15.930000305175781
2021-06-11,93.713688857008449,15.979999542236328
2021-06-14,93.713688857008449,15.920000076293945
2021-06-15,93.722199768148229,15.930000305175781
2021-06-16,93.722199768148229,15.819999694824219
2021-06-17,93.722199768148229,15.420000076293945
2021-06-18,93.705247391199819,15.569999694824219
2021-06-21,93.713688857008449,15.789999961853027
2021-06-22,93.705247391199819,15.75
2021-06-23,93.713688857008449,15.829999923706055
2021-06-24,93.722199768148229,15.869999885559082
2021-06-25,93.705247391199819,15.890000343322754
2021-06-28,93.713688857008449,15.859999656677246
2021-06-29,93.713688857008449,15.930000305175781
2021-06-30,93.713688857008449,16.090000152587891
2021-07-01,93.713688857008449,16.209999084472656
2021-07-02,93.713688857008449,16.260000228881836
2021-07-06,93.705247391199819,15.909999847412109
2021-07-07,93.713688857008449,15.689999580383301
2021-07-08,93.713688857008449,15.779999732971191
2021-07-09,93.713688857008449,16
2021-07-12,93.705247391199819,16.020000457763672
2021-07-13,93.713688857008449,16.159999847412109
2021-07-14,93.713688857008449,15.970000267028809
2021-07-15,93.705247391199819,15.859999656677246
2021-07-16,93.705247391199819,15.899999618530273
2021-07-19,93.705247391199819,15.279999732971191
2021-07-20,93.713688857008449,15.5
2021-07-21,93.705247391199819,15.819999694824219
2021-07-22,93.705247391199819,16
2021-07-23,93.713688857008449,16.049999237060547
2021-07-26,93.705247391199819,16.180000305175781
2021-07-27,93.705247391199819,16.079999923706055
2021-07-28,93.713688857008449,16.120000839233398
2021-07-29,93.713688857008449,16.360000610351562
2021-07-30,93.713688857008449,16.299999237060547
2021-08-02,93.713688857008449,16.110000610351562
2021-08-03,93.713688857008449,16.020000457763672
2021-08-04,93.705247391199819,15.710000038146973
2021-08-05,93.705247391199819,15.869999885559082
2021-08-06,93.713688857008449,15.729999542236328
2021-08-09,93.705247391199819,15.489999771118164
2021-08-10,93.705247391199819,15.770000457763672
2021-08-11,93.696744196207931,15.859999656677246
2021-08-12,93.696744196207931,15.880000114440918
2021-08-13,93.696744196207931,15.779999732971191
2021-08-16,93.696744196207931,15.739999771118164
2021-08-17,93.705247391199819,15.579999923706055
2021-08-18,93.696744196207931,15.380000114440918
2021-08-19,93.696744196207931,15.180000305175781
2021-08-20,93.705247391199819,14.890000343322754
2021-08-23,93.696744196207931,15.420000076293945
2021-08-24,93.696744196207931,15.739999771118164
2021-08-25,93.705247391199819,15.840000152587891
2021-08-26,93.696744196207931,15.789999961853027
2021-08-27,93.696744196207931,16.010000228881836
2021-08-30,93.696744196207931,16.030000686645508
2021-08-31,93.696744196207931,15.909999847412109
2021-09-01,93.696744196207931,15.840000152587891
2021-09-02,93.705247391199819,16.049999237060547
2021-09-03,93.696744196207931,16.059999465942383
2021-09-07,93.696744196207931,15.840000152587891
2021-09-08,93.705247391199819,16
2021-09-09,93.705247391199819,15.829999923706055
2021-09-10,93.696744196207931,16.040000915527344
2021-09-13,93.696744196207931,16.139999389648438
2021-09-14,93.696744196207931,16.170000076293945
2021-09-15,93.696744196207931,16.510000228881836
2021-09-16,93.705247391199819,16.430000305175781
2021-09-17,93.696744196207931,16.290000915527344
2021-09-20,93.696744196207931,16.090000152587891
2021-09-21,93.696744196207931,16.040000915527344
2021-09-22,93.696744196207931,16.280000686645508
2021-09-23,93.696744196207931,16.540000915527344
2021-09-24,93.688233285068165,16.629999160766602
2021-09-27,93.688233285068165,16.930000305175781
2021-09-28,93.688233285068165,16.799999237060547
2021-09-29,93.688233285068165,16.739999771118164
2021-09-30,93.696744196207931,16.860000610351562
2021-10-01,93.688233285068165,17.030000686645508
2021-10-04,93.679776386963724,17.319999694824219
2021-10-05,93.688233285068165,17.540000915527344
2021-10-06,93.688233285068165,17.209999084472656
2021-10-07,93.696744196207931,17.459999084472656
2021-10-08,93.696744196207931,17.510000228881836
2021-10-11,93.688233285068165,17.590000152587891
2021-10-12,93.696744196207931,17.569999694824219
2021-10-13,93.696744196207931,17.610000610351562
2021-10-14,93.696744196207931,17.809999465942383
2021-10-15,93.679776386963724,17.930000305175781
2021-10-18,93.679776386963724,17.819999694824219
2021-10-19,93.679776386963724,17.889999389648438
2021-10-20,93.688233285068165,18.100000381469727
2021-10-21,93.679776386963724,17.829999923706055
2021-10-22,93.688233285068165,17.969999313354492
2021-10-25,93.679776386963724,18.079999923706055
2021-10-26,93.688233285068165,18.120000839233398
2021-10-27,93.688233285068165,17.809999465942383
2021-10-28,93.688233285068165,17.920000076293945
2021-10-29,93.671304056563486,17.850000381469727
2021-11-01,93.671304056563486,17.979999542236328
2021-11-02,93.679776386963724,17.969999313354492
2021-11-03,93.671304056563486,17.569999694824219
2021-11-04,93.688233285068165,17.399999618530273
2021-11-05,93.679776386963724,17.629999160766602
2021-11-08,93.671304056563486,17.739999771118164
2021-11-09,93.671304056563486,17.860000610351562
2021-11-10,93.671304056563486,17.620000839233398
2021-11-11,93.671304056563486,17.690000534057617
2021-11-12,93.679776386963724,17.639999389648438
2021-11-15,93.671304056563486,17.680000305175781
2021-11-16,93.671304056563486,17.680000305175781
2021-11-17,93.679776386963724,17.450000762939453
2021-11-18,93.688233285068165,17.510000228881836
2021-11-19,93.679776386963724,17.239999771118164
2021-11-22,93.671304056563486,17.350000381469727
2021-11-23,93.679776386963724,17.729999542236328
2021-11-24,93.662808577719503,17.659999847412109
2021-11-26,93.662808577719503,16.510000228881836
2021-11-29,93.671304056563486,16.469999313354492
2021-11-30,93.628926972266399,15.960000038146973
2021-12-01,93.65433624731925,15.75
2021-12-02,93.662808577719503,16.010000228881836
2021-12-03,93.65433624731925,15.960000038146973
2021-12-06,93.65433624731925,16.340000152587891
2021-12-07,93.645848484623187,16.530000686645508
2021-12-08,93.637399302666637,16.719999313354492
2021-12-09,93.65433624731925,16.420000076293945
2021-12-10,93.645848484623187,16.620000839233398
2021-12-13,93.65433624731925,16.520000457763672
2021-12-14,93.65433624731925,16.389999389648438
2021-12-15,93.645848484623187,16.479999542236328
2021-12-16,93.662808577719503,16.590000152587891
2021-12-17,93.65433624731925,16.409999847412109
2021-12-20,93.645848484623187,16.219999313354492
2021-12-21,93.65433624731925,16.639999389648438
2021-12-22,93.65433624731925,16.920000076293945
2021-12-23,93.65433624731925,17.040000915527344
2021-12-27,93.65433624731925,17.290000915527344
2021-12-28,93.645848484623187,17.25
2021-12-29,93.65433624731925,17.319999694824219
2021-12-30,93.65433624731925,17.239999771118164
2021-12-31,93.65433624731925,17.110000610351562
2022-01-03,93.637399302666637,17.180000305175781
2022-01-04,93.637399302666637,17.370000839233398
2022-01-05,93.620416061126605,17.389999389648438
2022-01-06,93.628926972266399,17.600000381469727
2022-01-07,93.637399302666637,17.649999618530273
2022-01-10,93.637399302666637,17.559999465942383
2022-01-11,93.620416061126605,17.989999771118164
2022-01-12,93.628926972266399,18.190000534057617
2022-01-13,93.628926972266399,17.969999313354492
2022-01-14,93.611928298430556,18.319999694824219
2022-01-18,93.569535781837672,18.530000686645508
2022-01-19,93.603463684178195,18.620000839233398
2022-01-20,93.611928298430556,18.559999465942383
2022-01-21,93.611928298430556,18.569999694824219
2022-01-24,93.594983637630051,18.469999313354492
2022-01-25,93.594983637630051,18.670000076293945
2022-01-26,93.594983637630051,18.819999694824219
2022-01-27,93.578023544533721,18.920000076293945
2022-01-28,93.578023544533721,19.020000457763672
2022-01-31,93.578023544533721,19.120000839233398
2022-02-01,93.586449578046555,19.260000228881836
2022-02-02,93.586449578046555,19.319999694824219
2022-02-03,93.594983637630051,19.399999618530273
2022-02-04,93.561040302993689,19.670000076293945
2022-02-07,93.561040302993689,19.629999160766602
2022-02-08,93.561040302993689,19.409999847412109
2022-02-09,93.561040302993689,19.629999160766602
2022-02-10,93.501664544860773,19.5
2022-02-11,93.527112400653152,19.930000305175781
2022-02-14,93.501664544860773,20.059999465942383
2022-02-15,93.510160023704742,19.700000762939453
2022-02-16,93.518624637957089,19.629999160766602
2022-02-17,93.544095642193199,19.770000457763672
2022-02-18,93.552560256445545,19.840000152587891
2022-02-22,93.535607879497135,20.170000076293945
2022-02-23,93.544095642193199,20.280000686645508
2022-02-24,93.544095642193199,20.579999923706055
2022-02-25,93.552560256445545,20.229999542236328
2022-02-28,93.544095642193199,20.809999465942383
2022-03-01,93.569535781837672,22.069999694824219
2022-03-02,93.552560256445545,23.190000534057617
2022-03-03,93.569535781837672,23.229999542236328
2022-03-04,93.552560256445545,24.260000228881836
2022-03-07,93.561040302993689,24.909999847412109
2022-03-08,93.552560256445545,25.850000381469727
2022-03-09,93.552560256445545,23.079999923706055
2022-03-10,93.544095642193199,22.579999923706055
2022-03-11,93.535607879497135,23
2022-03-14,93.518624637957089,22.100000381469727
2022-03-15,93.518624637957089,21.459999084472656
2022-03-16,93.527112400653152,21.290000915527344
2022-03-17,93.552560256445545,22.5
2022-03-18,93.535607879497135,22.700000762939453
2022-03-21,93.510160023704742,23.819999694824219
2022-03-22,93.510160023704742,23.649999618530273
2022-03-23,93.510160023704742,24.489999771118164
2022-03-24,93.501664544860773,24.190000534057617
2022-03-25,93.493199930608441,24.379999160766602
2022-03-28,93.484704451764458,22.969999313354492
2022-03-29,93.493199930608441,23.049999237060547
2022-03-30,93.501664544860773,23.420000076293945
2022-03-31,93.510160023704742,22.649999618530273
2022-04-01,93.491479229625497,22.610000610351562
2022-04-04,93.483006899225259,23.139999389648438
2022-04-05,93.474557717268709,22.770000457763672
2022-04-06,93.466023657685213,22.420000076293945
2022-04-07,93.491479229625497,22.360000610351562
2022-04-08,93.483006899225259,22.620000839233398
2022-04-11,93.474557717268709,22.260000228881836
2022-04-12,93.499943843877844,23.110000610351562
2022-04-13,93.508462471165529,23.760000228881836
2022-04-14,93.491479229625497,24.059999465942383
2022-04-18,93.491479229625497,24.450000762939453
2022-04-19,93.483006899225259,23.639999389648438
2022-04-20,93.491479229625497,23.719999313354492
2022-04-21,93.466023657685213,23.760000228881836
2022-04-22,93.457535894989149,23.350000381469727
2022-04-25,93.466023657685213,23.079999923706055
2022-04-26,93.474557717268709,23.430000305175781
2022-04-27,93.483006899225259,23.600000381469727
2022-04-28,93.474557717268709,23.889999389648438
2022-04-29,93.483006899225259,23.680000305175781
2022-05-02,93.468577702641937,24.059999465942383
2022-05-03,93.451586744954,23.559999465942383
2022-05-04,93.494025558434316,24.430000305175781
2022-05-05,93.47705003304219,24.329999923706055
2022-05-06,93.502544185722002,24.370000839233398
2022-05-09,93.519481130374601,22.969999313354492
2022-05-10,93.519481130374601,22.850000381469727
2022-05-11,93.502544185722002,23.579999923706055
2022-05-12,93.519481130374601,23.729999542236328
2022-05-13,93.527984325366489,24.170000076293945
2022-05-16,93.527984325366489,24.75
2022-05-17,93.519481130374601,24.459999084472656
2022-05-18,93.519481130374601,23.930000305175781
2022-05-19,93.536456655766727,24.299999237060547
2022-05-20,93.536456655766727,24.420000076293945
2022-05-23,93.536456655766727,24.579999923706055
2022-05-24,93.570384558107278,24.489999771118164
2022-05-25,93.570384558107278,24.629999160766602
2022-05-26,93.578887753099139,24.989999771118164
2022-05-27,93.570384558107278,25.25
2022-05-31,93.54492898616698,25.040000915527344
2022-06-01,93.533925759253734,25.190000534057617
2022-06-02,93.533925759253734,25.680000305175781
2022-06-03,93.550878136202144,25.920000076293945
2022-06-06,93.533925759253734,25.940000534057617
2022-06-07,93.533925759253734,26.129999160766602
2022-06-08,93.525407131966034,26.340000152587891
2022-06-09,93.516950233861593,26.280000686645508
2022-06-10,93.474472839641749,26
2022-06-13,93.398067543081368,25.770000457763672
2022-06-14,93.355621013453145,25.299999237060547
2022-06-15,93.398067543081368,25.25
2022-06-16,93.398067543081368,25.409999847412109
2022-06-17,93.398067543081368,24.5
2022-06-21,93.406563021925336,24.479999542236328
2022-06-22,93.440521788857509,24.010000228881836
2022-06-23,93.449001835405639,23.469999313354492
2022-06-24,93.440521788857509,23.829999923706055
2022-06-27,93.389572064237399,23.940000534057617
2022-06-28,93.432041742309337,24.229999542236328
2022-06-29,93.449001835405639,23.790000915527344
2022-06-30,93.474472839641749,23.100000381469727
2022-07-01,93.471934226980835,23.379999160766602
2022-07-05,93.48045285426852,21.850000381469727
2022-07-06,93.488902036225056,21.540000915527344
2022-07-07,93.488902036225056,22.399999618530273
2022-07-08,93.471934226980835,22.770000457763672
2022-07-11,93.454927836997101,22.760000228881836
2022-07-12,93.446440074301023,21.579999923706055
2022-07-13,93.42944140046518,21.729999542236328
2022-07-14,93.454927836997101,21.620000839233398
2022-07-15,93.463454180432677,21.889999389648438
2022-07-18,93.454927836997101,22.479999542236328
2022-07-19,93.454927836997101,22.600000381469727
2022-07-20,93.463454180432677,22.600000381469727
2022-07-21,93.488902036225056,22.170000076293945
2022-07-22,93.505939290800427,21.920000076293945
2022-07-25,93.488902036225056,22.309999465942383
2022-07-26,93.505939290800427,22.329999923706055
2022-07-27,93.522907100044648,22.860000610351562
2022-07-28,93.54840125272446,22.790000915527344
2022-07-29,93.556904447716335,22.930000305175781
2022-08-01,93.540723685558476,22.25
2022-08-02,93.532220490566615,22.049999237060547
2022-08-03,93.557730075542224,21.850000381469727
2022-08-04,93.566233270534099,21.559999465942383
2022-08-05,93.549242312846161,21.469999313354492
2022-08-08,93.549242312846161,21.690000534057617
2022-08-09,93.549242312846161,21.889999389648438
2022-08-10,93.574767330117609,22.219999313354492
2022-08-11,93.591781436249249,22.659999847412109
2022-08-12,93.600238334353691,22.569999694824219
2022-08-15,93.600238334353691,22.120000839233398
2022-08-16,93.608780110085092,21.860000610351562
2022-08-17,93.608780110085092,22.020000457763672
2022-08-18,93.63428197891281,22.360000610351562
2022-08-19,93.64280060620051,22.379999160766602
2022-08-22,93.64280060620051,22.610000610351562
2022-08-23,93.651311517340275,23.030000686645508
2022-08-24,93.64280060620051,23.290000915527344
2022-08-25,93.659806996184258,23.020000457763672
2022-08-26,93.668317907324038,23.069999694824219
2022-08-29,93.659806996184258,23.489999771118164
2022-08-30,93.676805670020102,22.760000228881836
2022-08-31,93.676805670020102,22.25
2022-09-01,93.677669878585519,21.729999542236328
2022-09-02,93.677669878585519,21.889999389648438
2022-09-06,93.686211654316935,21.719999313354492
2022-09-07,93.686211654316935,21.139999389648438
2022-09-08,93.686211654316935,21.260000228881836
2022-09-09,93.686211654316935,21.870000839233398
2022-09-12,93.686211654316935,22.209999084472656
2022-09-13,93.635084458295012,22.059999465942383
2022-09-14,93.635084458295012,22.159999847412109
2022-09-15,93.643587653286872,21.420000076293945
2022-09-16,93.660601759418526,21.379999160766602
2022-09-19,93.643587653286872,21.510000228881836
2022-09-20,93.660601759418526,21.459999084472656
2022-09-21,93.660601759418526,21.379999160766602
2022-09-22,93.677669878585519,21.329999923706055
2022-09-23,93.686211654316935,20.530000686645508
2022-09-26,93.686211654316935,20.040000915527344
2022-09-27,93.677669878585519,20.319999694824219
2022-09-28,93.711775252327882,20.979999542236328
2022-09-29,93.737292553451411,20.879999160766602
2022-09-30,93.703210328152778,20.579999923706055
2022-10-03,93.729692147764482,21.129999160766602
2022-10-04,93.75527889421916,21.739999771118164
2022-10-05,93.763828386098467,22.100000381469727
2022-10-06,93.772362445681964,22.229999542236328
2022-10-07,93.780896505265474,22.610000610351562
2022-10-10,93.789399700257334,22.309999465942383
2022-10-11,93.789399700257334,21.969999313354492
2022-10-12,93.797949192136642,21.870000839233398
2022-10-13,93.797949192136642,22.280000686645508
2022-10-14,93.797949192136642,21.729999542236328
2022-10-17,93.789399700257334,21.680000305175781
2022-10-18,93.806498684015949,21.399999618530273
2022-10-19,93.797949192136642,21.430000305175781
2022-10-20,93.815017311303635,21.459999084472656
2022-10-21,93.832062282026925,21.579999923706055
2022-10-24,93.832062282026925,21.590000152587891
2022-10-25,93.849161265785526,21.690000534057617
2022-10-26,93.857718473812753,22.170000076293945
2022-10-27,93.874748012240204,22.170000076293945
2022-10-28,93.866229384952518,21.979999542236328
2022-10-31,93.849161265785526,21.850000381469727
2022-11-01,93.876545874702188,22.100000381469727
2022-11-02,93.876545874702188,22.229999542236328
2022-11-03,93.919293334098725,22.170000076293945
2022-11-04,93.927850542125952,22.979999542236328
2022-11-07,93.936415466301071,22.829999923706055
2022-11-08,93.944972674328298,22.440000534057617
2022-11-09,93.979186074141325,21.840000152587891
2022-11-10,94.021941249685767,22.020000457763672
2022-11-11,94.01338404165854,22.420000076293945
2022-11-14,94.004826833631355,21.979999542236328
2022-11-15,94.030490741565089,22.309999465942383
2022-11-16,94.039017085000665,22.069999694824219
2022-11-17,94.047597441471609,21.629999160766602
2022-11-18,94.056146933350917,21.440000534057617
2022-11-21,94.056146933350917,21.399999618530273
2022-11-22,94.081779976693028,21.659999847412109
2022-11-23,94.11600109265396,21.25
2022-11-25,94.124596881420715,21.020000457763672
2022-11-28,94.133138657152116,20.850000381469727
2022-11-29,94.158787132790025,21.129999160766602
2022-11-30,94.167336624669332,21.590000152587891
2022-12-01,94.218787898903301,21.469999313354492
2022-12-02,94.210215258580277,21.209999084472656
2022-12-05,94.218787898903301,20.590000152587891
2022-12-06,94.23594861184516,20.100000381469727
2022-12-07,94.270239173137256,19.940000534057617
2022-12-08,94.304522018281446,19.870000839233398
2022-12-09,94.304522018281446,19.889999389648438
2022-12-12,94.304522018281446,20.219999313354492
2022-12-13,94.338866592608881,20.680000305175781
2022-12-14,94.330263087694235,20.930000305175781
2022-12-15,94.107298815748948,20.739999771118164
2022-12-16,94.124449165162375,20.430000305175781
2022-12-19,94.133012798584161,20.409999847412109
2022-12-20,94.150170842187535,20.420000076293945
2022-12-21,94.16731349741103,20.870000839233398
2022-12-22,94.210193218039578,20.709999084472656
2022-12-23,94.201637278807752,21.090000152587891
2022-12-27,94.201637278807752,21.239999771118164
2022-12-28,94.21875685146135,21.040000915527344
2022-12-29,94.270207899701646,20.989999771118164
2022-12-30,94.26165965465978,21.229999542236328
2023-01-03,94.278802309883247,20.579999923706055
2023-01-04,94.287358249115087,19.920000076293945
2023-01-05,94.304500904338553,19.860000610351562
2023-01-06,94.321666642131902,19.969999313354492
2023-01-09,94.330237969743635,20.209999084472656
2023-01-10,94.321666642131902,20.209999084472656
2023-01-11,94.347403707536984,20.680000305175781
2023-01-12,94.398870144157186,20.899999618530273
2023-01-13,94.398870144157186,21.149999618530273
2023-01-17,94.424576432802439,21.370000839233398
2023-01-18,94.433155454604133,21.079999923706055
2023-01-19,94.458884825819268,21.280000686645508
2023-01-20,94.476027481042735,21.489999771118164
2023-01-23,94.476027481042735,21.600000381469727
2023-01-24,94.48462189122435,21.370000839233398
2023-01-25,94.518922590051204,21.319999694824219
2023-01-26,94.544636572886418,21.479999542236328
2023-01-27,94.553223288878073,21.200000762939453
2023-01-30,94.561786922299859,20.870000839233398
2023-01-31,94.570350555721632,21.209999084472656
2023-02-01,94.596172257216239,20.690000534057617
2023-02-02,94.63057298051254,20.469999313354492
2023-02-03,94.613384160149323,19.989999771118164
2023-02-06,94.613384160149323,20.129999160766602
2023-02-07,94.621955487761056,20.590000152587891
2023-02-08,94.639213555833877,20.680000305175781
2023-02-09,94.67359889075027,20.530000686645508
2023-02-10,94.67359889075027,20.899999618530273
2023-02-13,94.699428286434838,20.829999923706055
2023-02-14,94.699428286434838,20.899999618530273
2023-02-15,94.708015002426492,20.639999389648438
2023-02-16,94.75104860685417,20.530000686645508
2023-02-17,94.759643017035785,20.299999237060547
2023-02-21,94.759643017035785,20.379999160766602
2023-02-22,94.78544933015047,20
2023-02-23,94.819911606966429,20.170000076293945
2023-02-24,94.828482934578162,20.219999313354492
2023-02-27,94.845725614271075,20.180000305175781
2023-02-28,94.845725614271075,20.309999465942383
2023-03-01,94.862983682343895,20.610000610351562
2023-03-02,94.906109617051072,20.549999237060547
2023-03-03,94.914742498182463,20.870000839233398
2023-03-06,94.923329214174117,20.850000381469727
2023-03-07,94.906109617051072,20.309999465942383
2023-03-08,94.914742498182463,20.200000762939453
2023-03-09,94.966501314021016,19.920000076293945
2023-03-10,95.009619554538233,20.129999160766602
2023-03-13,95.121777761536705,19.909999847412109
2023-03-14,95.07000355731823,19.559999465942383
2023-03-15,95.164896002053908,19.010000228881836
2023-03-16,95.156293897682346,19.059999465942383
2023-03-17,95.225272310643959,18.889999389648438
2023-03-20,95.208037325141007,19.020000457763672
2023-03-21,95.18217715269661,19.209999084472656
2023-03-22,95.216670206272397,19.239999771118164
2023-03-23,95.277023432292552,19.149999618530273
2023-03-24,95.285694784373732,19.239999771118164
2023-03-27,95.285694784373732,19.739999771118164
2023-03-28,95.294312277125215,19.829999923706055
2023-03-29,95.302945158256605,19.709999084472656
2023-03-30,95.320203226329426,19.870000839233398
2023-03-31,95.32882841327087,20.120000839233398
2023-04-03,95.320995727894967,20.659999847412109
2023-04-04,95.355673442029712,20.629999160766602
2023-04-05,95.407609224237262,20.659999847412109
2023-04-06,95.407609224237262,20.620000839233398
2023-04-10,95.398937872156097,20.600000381469727
2023-04-11,95.416280576318442,20.809999465942383
2023-04-12,95.424913457449833,21.010000228881836
2023-04-13,95.476864628037305,20.930000305175781
2023-04-14,95.459545006444841,20.979999542236328
2023-04-17,95.4682009701461,20.840000152587891
2023-04-18,95.485497509168695,20.879999160766602
2023-04-19,95.494199638009704,20.559999465942383
2023-04-20,95.546127726027308,20.209999084472656
2023-04-21,95.55477599553862,20.209999084472656
2023-04-24,95.563416570859971,20.379999160766602
2023-04-25,95.589407544533614,20.010000228881836
2023-04-26,95.598071202424833,19.600000381469727
2023-04-27,95.615360047257482,19.629999160766602
2023-04-28,95.62405448190853,19.909999847412109
2023-05-01,95.61362116032727,19.760000228881836
2023-05-02,95.639696770090453,19.159999847412109
2023-05-03,95.657062556822666,18.690000534057617
2023-05-04,95.70919838796911,18.799999237060547
2023-05-05,95.700519341697984,19.260000228881836
2023-05-08,95.70919838796911,19.520000457763672
2023-05-09,95.70919838796911,19.579999923706055
2023-05-10,95.743937655623498,19.469999313354492
2023-05-11,95.778723088417635,19.149999618530273
2023-05-12,95.778723088417635,19.030000686645508
2023-05-15,95.787417523068683,19.319999694824219
2023-05-16,95.787417523068683,19.120000839233398
2023-05-17,95.804798698180818,19.430000305175781
2023-05-18,95.83082044861429,19.290000915527344
2023-05-19,95.83082044861429,19.25
2023-05-22,95.83082044861429,19.239999771118164
2023-05-23,95.848217012106346,19.319999694824219
2023-05-24,95.848217012106346,19.459999084472656
2023-05-25,95.891673796981635,19.149999618530273
2023-05-26,95.909039583713863,19.370000839233398
2023-05-30,95.917734018364897,18.860000610351562
2023-05-31,95.935099805097124,18.670000076293945
2023-06-01,95.997930560283336,19
2023-06-02,96.006694242644002,19.360000610351562
2023-06-05,96.006694242644002,19.329999923706055
2023-06-06,96.02413697127578,19.370000839233398
2023-06-07,96.04159508828748,19.510000228881836
2023-06-08,96.102710039113347,19.430000305175781
2023-06-09,96.102710039113347,19.319999694824219
2023-06-12,96.120137379365232,18.920000076293945
2023-06-13,96.137557025427142,19.280000686645508
2023-06-14,96.146313013597833,19.229999542236328
2023-06-15,96.216099316504895,19.75
2023-06-16,96.224862998865547,20.030000686645508
2023-06-20,96.224862998865547,19.840000152587891
2023-06-21,96.233588210276409,20.170000076293945
2023-06-22,96.2684890559199,19.700000762939453
2023-06-23,96.277198878950855,19.530000686645508
2023-06-26,96.294664690152516,19.600000381469727
2023-06-27,96.312122807164215,19.229999542236328
2023-06-28,96.320863406954999,19.260000228881836
2023-06-29,96.33829844139683,19.319999694824219
2023-06-30,96.390665098241968,19.489999771118164
2023-07-03,96.383647997001475,19.459999084472656
2023-07-05,96.401152279152925,19.709999084472656
2023-07-06,96.453742067506795,19.690000534057617
2023-07-07,96.453742067506795,19.899999618530273
2023-07-10,96.471254043848191,19.899999618530273
2023-07-11,96.471254043848191,20.159999847412109
2023-07-12,96.497552785120106,20.270000457763672
2023-07-13,96.550111796714162,20.530000686645508
2023-07-14,96.558890867454735,20.379999160766602
2023-07-17,96.567654549815387,20.139999389648438
2023-07-18,96.576395149606171,20.459999084472656
2023-07-19,96.593937902707395,20.569999694824219
2023-07-20,96.637756314510668,20.680000305175781
2023-07-21,96.646481525921544,20.860000610351562
2023-07-24,96.655260596662117,21.299999237060547
2023-07-25,96.664016584832808,21.370000839233398
2023-07-26,96.681551643744072,21.25
2023-07-27,96.716590984806771,21.350000381469727
2023-07-28,96.74288203188874,21.450000762939453
2023-07-31,96.760394008230122,21.600000381469727
2023-08-01,96.775359207695857,21.549999237060547
2023-08-02,96.792948125936817,21.159999847412109
2023-08-03,96.828156739178581,21.399999618530273
2023-08-04,96.854540116540022,21.459999084472656
2023-08-07,96.854540116540022,21.5
2023-08-08,96.872144423160904,21.5
2023-08-09,96.880923493901463,21.799999237060547
2023-08-10,96.9249419546436,21.590000152587891
2023-08-11,96.942507790314693,21.559999465942383
2023-08-14,96.960112096935575,21.440000534057617
2023-08-15,96.977739486126325,21.090000152587891
2023-08-16,96.986503168486976,20.920000076293945
2023-08-17,97.030506240849206,21.049999237060547
2023-08-18,97.039300699969687,21.280000686645508
2023-08-21,97.048125935849995,21.209999084472656
2023-08-22,97.065707159900995,21.149999618530273
2023-08-23,97.08329607814197,21.120000839233398
2023-08-24,97.127306844694147,21.149999618530273
2023-08-25,97.127306844694147,21.5
2023-08-28,97.136093609624666,21.440000534057617
2023-08-29,97.16246929279616,21.520000457763672
2023-08-30,97.171279140296548,21.520000457763672
2023-08-31,97.224084365969219,21.700000762939453
2023-09-01,97.251475682214988,22.010000228881836
2023-09-05,97.251475682214988,22.139999389648438
2023-09-06,97.269133848165566,22.209999084472656
2023-09-07,97.322131428587141,22.170000076293945
2023-09-08,97.331002829607201,22.25
2023-09-11,97.348645607177843,22.399999618530273
2023-09-12,97.357509314007942,22.520000457763672
2023-09-13,97.375175174148467,22.600000381469727
2023-09-14,97.419339824499801,22.889999389648438
2023-09-15,97.428195837139938,22.809999465942383
2023-09-18,97.445846308900542,22.799999237060547
2023-09-19,97.445846308900542,22.840000152587891
2023-09-20,97.463512169041081,22.579999923706055
2023-09-21,97.507692207772308,22.530000686645508
2023-09-22,97.525342679532926,22.579999923706055
2023-09-25,97.534221774742932,22.5
2023-09-26,97.543054704813201,22.530000686645508
2023-09-27,97.560705176573805,22.829999923706055
2023-09-28,97.604877521115085,22.739999771118164
2023-09-29,97.604877521115085,22.510000228881836
2023-10-02,97.627044482380271,22.25
2023-10-03,97.635938965970198,22.229999542236328
2023-10-04,97.671439958430284,21.489999771118164
2023-10-05,97.724668364550567,21.229999542236328
2023-10-06,97.733532071380665,21.340000152587891
2023-10-09,97.742411166590671,21.860000610351562
2023-10-10,97.751297955990637,21.780000686645508
2023-10-11,97.76015396863076,21.579999923706055
2023-10-12,97.813390068941004,21.620000839233398
2023-10-13,97.831125176791147,22.260000228881836
2023-10-16,97.840027354571035,22.120000839233398
2023-10-17,97.848875673021197,22.139999389648438
2023-10-18,97.857770156611124,22.329999923706055
2023-10-19,97.902111773331441,22.610000610351562
2023-10-20,97.928749058961458,22.409999847412109
2023-10-23,97.94651494357143,22.120000839233398
2023-10-24,97.955378650401514,21.780000686645508
2023-10-25,97.955378650401514,21.979999542236328
2023-10-26,98.017463069161934,21.799999237060547
2023-10-27,98.035205871202038,22.110000610351562
2023-10-30,98.044084966412029,21.719999313354492
2023-10-31,98.044084966412029,21.629999160766602
2023-11-01,98.077954790601325,21.590000152587891
2023-11-02,98.122504150450482,21.870000839233398
2023-11-03,98.149226072170023,21.670000076293945
2023-11-06,98.14032389439015,21.659999847412109
2023-11-07,98.167061204489585,21.049999237060547
2023-11-08,98.175955688079512,20.770000457763672
2023-11-09,98.211618258528702,20.670000076293945
2023-11-10,98.238324791868337,20.870000839233398
2023-11-13,98.247234663838157,21.219999313354492
2023-11-14,98.282920316857229,21.180000305175781
2023-11-15,98.291791717877274,21.030000686645508
2023-11-16,98.345258643886211,20.420000076293945
2023-11-17,98.354153127476124,20.799999237060547
2023-11-20,98.363101470395748,21.079999923706055
2023-11-21,98.398710181515256,21.180000305175781
2023-11-22,98.434365057774485,20.969999313354492
2023-11-24,98.443274929744319,20.760000228881836
2023-11-27,98.461086979494013,20.549999237060547
2023-11-28,98.487831983783423,20.860000610351562
2023-11-29,98.505651727723091,21.069999694824219
2023-11-30,98.541291215602413,20.680000305175781
2023-12-01,98.572598874536126,20.489999771118164
2023-12-04,98.581562605835657,20.329999923706055
2023-12-05,98.599451597484929,20.180000305175781
2023-12-06,98.617371365894016,19.620000839233398
2023-12-07,98.66210538630213,19.709999084472656
2023-12-08,98.66210538630213,19.920000076293945
2023-12-11,98.66210538630213,19.879999160766602
2023-12-12,98.688973497630855,19.469999313354492
2023-12-13,98.72476686930932,19.680000305175781
2023-12-14,98.322030537241929,20.079999923706055
2023-12-15,98.330976291839491,20.149999618530273
2023-12-18,98.348867801034629,20.319999694824219
2023-12-19,98.348867801034629,20.520000457763672
2023-12-20,98.375743360009679,20.309999465942383
2023-12-21,98.438394278338535,20.409999847412109
2023-12-22,98.456278128497189,20.329999923706055
2023-12-26,98.474154319619387,20.620000839233398
2023-12-27,98.474154319619387,20.479999542236328
2023-12-28,98.536835874094109,20.180000305175781
2023-12-29,98.563688455959749,20.059999465942383
2024-01-02,98.554735042325717,19.850000381469727
2024-01-03,98.563688455959749,20.25
2024-01-04,98.608424887984057,20.190000534057617
2024-01-05,98.617378301618089,20.329999923706055
2024-01-08,98.635269810813227,19.950000762939453
2024-01-09,98.644223224447259,20.180000305175781
2024-01-10,98.662107074605927,20.020000457763672
2024-01-11,98.724773311007709,20.25
2024-01-12,98.751610574800409,20.290000915527344
2024-01-16,98.751610574800409,20.139999389648438
2024-01-17,98.769525061104957,20.159999847412109
2024-01-18,98.796385302007067,20.370000839233398
2024-01-19,98.823207247726828,20.350000381469727
2024-01-22,98.841098756921951,20.5
2024-01-23,98.841098756921951,20.590000152587891
2024-01-24,98.850075147665407,20.770000457763672
2024-01-25,98.903772652360217,21.059999465942383
2024-01-26,98.91270308888484,21.25
2024-01-29,98.921671820591826,21.020000457763672
2024-01-30,98.930617575189387,21.200000762939453
2024-01-31,98.957454838982088,20.940000534057617
2024-02-01,99.02308512249796,20.639999389648438
2024-02-02,98.996125314121741,20.370000839233398
2024-02-05,99.005086386792243,20.469999313354492
2024-02-06,99.032053854204946,20.590000152587891
2024-02-07,99.050052589910663,20.719999313354492
2024-02-08,99.094995815919674,21.030000686645508
2024-02-09,99.103956888590176,21.069999694824219
2024-02-12,99.112963915479511,21.110000610351562
2024-02-13,99.094995815919674,21.079999923706055
2024-02-14,99.130932015039349,20.850000381469727
2024-02-15,99.184866949864741,21.010000228881836
2024-02-16,99.184866949864741,21.110000610351562
2024-02-20,99.202835049424579,21
2024-02-21,99.211842076313914,21.090000152587891
2024-02-22,99.247778275433589,21.159999847412109
2024-02-23,99.265754034029897,20.860000610351562
2024-02-26,99.265754034029897,21.049999237060547
2024-02-27,99.283729792626204,21.219999313354492
2024-02-28,99.29273681951554,21.100000381469727
2024-02-29,99.346664095304462,21.120000839233398
2024-03-01,99.371938915657168,21.350000381469727
2024-03-04,99.380968919655913,21.270000457763672
2024-03-05,99.39899063247104,21.110000610351562
2024-03-06,99.417073617577941,21.270000457763672
2024-03-07,99.453155338390559,21.340000152587891
2024-03-08,99.462185342389304,21.190000534057617
2024-03-11,99.471192369278626,21.309999465942383
2024-03-12,99.489237059203177,21.280000686645508
2024-03-13,99.498290040311332,21.610000610351562
2024-03-14,99.543394106086211,21.719999313354492
2024-03-15,99.561446455047232,21.809999465942383
2024-03-18,99.570461140973023,22.100000381469727
2024-03-19,99.579491144971769,22.100000381469727
2024-03-20,99.606550520822111,21.930000305175781
2024-03-21,99.642655218744139,21.879999160766602
2024-03-22,99.669737571703905,21.799999237060547
2024-03-25,99.669737571703905,21.979999542236328
2024-03-26,99.687774602591972,21.809999465942383
2024-03-27,99.750969312510222,21.829999923706055
2024-03-28,99.759976339399557,22.059999465942383
2024-04-01,99.770890466370048,22.219999313354492
2024-04-02,99.779928129405263,22.430000305175781
2024-04-03,99.788988769549889,22.600000381469727
2024-04-04,99.8524515457446,22.770000457763672
2024-04-05,99.861519844925695,22.840000152587891
2024-04-08,99.87058814410679,22.799999237060547
2024-04-09,99.879625807142006,22.680000305175781
2024-04-10,99.87058814410679,22.780000686645508
2024-04-11,99.915891344829916,22.670000076293945
2024-04-12,99.924967303047481,22.690000534057617
2024-04-15,99.934020284155636,22.739999771118164
2024-04-16,99.943111560446141,22.700000762939453
2024-04-17,99.961209863625982,22.299999237060547
2024-04-18,100.00655135953146,22.290000915527344
2024-04-19,100.02468029885718,22.469999313354492
2024-04-22,100.03371796189238,22.5
2024-04-23,100.05186221929104,22.629999160766602
2024-04-24,100.06999115861676,22.530000686645508
2024-04-25,100.09720371519651,22.709999084472656
2024-04-26,100.11529435933988,22.670000076293945
2024-04-29,100.12437797659392,22.590000152587891
2024-04-30,100.13343861673854,22.270000457763672
2024-05-01,100.16438878311591,21.829999923706055
2024-05-02,100.20989111878727,21.860000610351562
2024-05-03,100.22810430751416,21.850000381469727
2024-05-06,100.23722621995054,22.040000915527344
2024-05-07,100.24630983720459,22.030000686645508
2024-05-08,100.26452302593148,22.020000457763672
2024-05-09,100.30092642627585,22.129999160766602
2024-05-10,100.31913195596628,21.989999771118164
2024-05-13,100.33731450854729,22.120000839233398
2024-05-14,100.34644408002015,21.959999084472656
2024-05-15,100.37374854503756,22.090000152587891
2024-05-16,100.40106066909142,22.180000305175781
2024-05-17,100.41925088070892,22.430000305175781
2024-05-20,100.4374640694358,22.520000457763672
2024-05-21,100.44658598187219,22.440000534057617
2024-05-22,100.46479151156261,22.200000762939453
2024-05-23,100.51939278256094,22.100000381469727
2024-05-24,100.5284993769244,22.219999313354492
2024-05-28,100.51939278256094,22.670000076293945
2024-05-29,100.5284993769244,22.389999389648438
2024-05-30,100.55579618290533,22.079999923706055
2024-05-31,100.59223787843206,21.950000762939453
2024-06-03,100.61229689494834,21.549999237060547
2024-06-04,100.63060965114936,21.329999923706055
2024-06-05,100.63973922262221,21.479999542236328
2024-06-06,100.66718155029609,21.790000915527344
2024-06-07,100.69460090086055,21.530000686645508
2024-06-10,100.7128753618792,21.920000076293945
2024-06-11,100.72202791046148,21.920000076293945
2024-06-12,100.75859215057173,22.020000457763672
2024-06-13,100.76772172204458,22
2024-06-14,100.81342319266417,22
2024-06-17,100.82256808220998,22.170000076293945
2024-06-18,100.85000275084738,22.319999694824219
2024-06-20,100.86828487090251,22.360000610351562
2024-06-21,100.91400165959503,22.149999618530273
2024-06-24,100.92312357203143,22.350000381469727
2024-06-25,100.94142866919597,22.090000152587891
2024-06-26,100.94142866919597,22.100000381469727
2024-06-27,100.96883270168749,22.299999237060547
2024-06-28,101.01454949038002,22.149999618530273
2024-07-01,101.02925484040341,22.430000305175781
2024-07-02,101.04759057371383,22.469999313354492
2024-07-03,101.07514778693476,22.530000686645508
2024-07-05,101.11185754873796,22.569999694824219
2024-07-08,101.13940710292242,22.25
2024-07-09,101.13940710292242,22.120000839233398
2024-07-10,101.14858262861409,22.139999389648438
2024-07-11,101.17611686472561,22.25
2024-07-12,101.23119299598513,22.159999847412109
2024-07-15,101.2495670244779,21.989999771118164
2024-07-16,101.25875020920604,21.879999160766602
2024-07-17,101.26794105297067,22
2024-07-18,101.2862997633905,21.829999923706055
2024-07-19,101.34136057657707,21.510000228881836
2024-07-22,101.35055142034169,21.600000381469727
2024-07-23,101.36891013076152,21.440000534057617
2024-07-24,101.37808565645321,21.409999847412109
2024-07-25,101.38725352310841,21.479999542236328
2024-07-26,101.44234497244086,21.239999771118164
2024-07-29,101.46071900093364,21.049999237060547
2024-07-30,101.46989452662532,20.989999771118164
2024-07-31,101.479070052317,21.510000228881836
2024-08-01,101.50490398233207,21.149999618530273
2024-08-02,101.59708814529124,20.760000228881836
2024-08-05,101.59708814529124,20.659999847412109
2024-08-06,101.59708814529124,20.579999923706055
2024-08-07,101.6155157870393,20.860000610351562
2024-08-08,101.62474492598628,20.979999542236328
2024-08-09,101.66166914081064,21.110000610351562
2024-08-12,101.68929528535982,21.5
2024-08-13,101.71698270220074,21.280000686645508
2024-08-14,101.71698270220074,21.200000762939453
2024-08-15,101.72621184114772,21.309999465942383
2024-08-16,101.77231158166377,21.139999389648438
2024-08-19,101.78151774350134,21
2024-08-20,101.80918218323285,20.899999618530273
2024-08-21,101.8276174840174,20.719999313354492
2024-08-22,101.84606810287487,20.780000686645508
2024-08-23,101.89216784339092,21.149999618530273
2024-08-26,101.90138166426496,21.450000762939453
2024-08-27,101.91983228312245,21.319999694824219
2024-08-28,101.93827524294345,21.069999694824219
2024-08-29,101.94750438189043,21.309999465942383
2024-08-30,101.98439796056891,21.040000915527344
2024-09-03,102.01680334387568,20.569999694824219
2024-09-04,102.04459032819072,20.329999923706055
2024-09-05,102.0630945603035,20.379999160766602
2024-09-06,102.10941641287721,20.090000152587891
2024-09-09,102.10941641287721,20.190000534057617
2024-09-10,102.14646317228511,19.840000152587891
2024-09-11,102.13718042008283,20.069999694824219
2024-09-12,102.1557152883415,20.430000305175781
2024-09-13,102.21126627986217,20.430000305175781
2024-09-16,102.2483053802336,20.600000381469727
2024-09-17,102.25756515532646,20.760000228881836
2024-09-18,102.29463489184377,20.610000610351562
2024-09-19,102.31313146492008,21.010000228881836
2024-09-20,102.35943799942083,21.030000686645508
2024-09-23,102.37795754960655,21.040000915527344
2024-09-24,102.38720966566294,21.340000152587891
2024-09-25,102.40573687488512,21.120000839233398
2024-09-26,102.41499664997798,20.879999160766602
2024-09-27,102.45203575034941,21.059999465942383
2024-09-30,102.45203575034941,21
2024-10-01,102.4743541826245,21.360000610351562
2024-10-02,102.4743541826245,21.549999237060547
2024-10-03,102.4743541826245,21.940000534057617
2024-10-04,102.51155412276181,21.989999771118164
2024-10-07,102.50227137055954,22.350000381469727
2024-10-08,102.53017324042165,21.760000228881836
2024-10-09,102.53945599262391,21.610000610351562
2024-10-10,102.54876172193559,22.049999237060547
2024-10-11,102.59525973234811,22.040000915527344
2024-10-14,102.60455780262333,21.690000534057617
2024-10-15,102.61386353193501,21.200000762939453
2024-10-16,102.63244435441248,21.149999618530273
2024-10-17,102.63244435441248,21.139999389648438
2024-10-18,102.67893470578854,20.989999771118164
2024-10-21,102.68824043510023,21.129999160766602
2024-10-22,102.68824043510023,21.440000534057617
2024-10-23,102.68824043510023,21.379999160766602
2024-10-24,102.70683657565064,21.340000152587891
2024-10-25,102.74403651578795,21.520000457763672
2024-10-28,102.77193838565006,20.889999389648438
2024-10-29,102.77193838565006,20.819999694824219
2024-10-30,102.79983259647568,21.079999923706055
2024-10-31,102.81843639606258,21.299999237060547
2024-11-01,102.86232267503866,21.069999694824219
2024-11-04,102.88100306499025,21.450000762939453
2024-11-05,102.88100306499025,21.520000457763672
2024-11-06,102.88100306499025,21.399999618530273
2024-11-07,102.90899684329,21.549999237060547
2024-11-08,102.96505333121773,21.219999313354492
2024-11-11,102.95570930672369,20.889999389648438
2024-11-12,102.96505333121773,20.829999923706055
2024-11-13,102.98371074405991,20.799999237060547
2024-11-14,102.99305476855395,20.809999465942383
2024-11-15,103.01175047657848,20.700000762939453
2024-11-18,103.03041554845714,21.129999160766602
2024-11-19,103.04909593840873,21.200000762939453
2024-11-20,103.06776866932385,21.229999542236328
2024-11-21,103.06776866932385,21.409999847412109
2024-11-22,103.10513710826352,21.479999542236328
2024-11-25,103.12379452110571,21.200000762939453
2024-11-26,103.13313088656326,21.149999618530273
2024-11-27,103.1518265945878,21.120000839233398
2024-11-29,103.19851608091209,21.139999389648438
2024-12-02,103.21349715624842,21
2024-12-03,103.24164411527758,21.270000457763672
2024-12-04,103.24164411527758,21.090000152587891
2024-12-05,103.26975277912439,21.069999694824219
2024-12-06,103.31661076425102,20.909999847412109
2024-12-09,103.33536008553085,21.149999618530273
2024-12-10,103.33536008553085,21.239999771118164
2024-12-11,103.35411706584716,21.5
2024-12-12,103.36346874937766,21.479999542236328
2024-12-13,103.39160804937035,21.569999694824219
2024-12-16,103.4197320312901,21.409999847412109
2024-12-17,103.4197320312901,21.329999923706055
2024-12-18,103.03540802001953,21.190000534057617
2024-12-19,103.06353759765625,21.139999389648438
2024-12-20,103.09165191650391,21.510000228881836
2024-12-23,103.10102844238281,21.280000686645508
2024-12-24,103.12914276123047,21.389999389648438
2024-12-26,103.14788055419922,21.340000152587891
2024-12-27,103.17601776123047,21.420000076293945
2024-12-30,103.20413970947266,21.659999847412109
2024-12-31,103.21350860595703,21.770000457763672
2025-01-02,103.23224639892578,21.989999771118164
2025-01-03,103.26038360595703,21.950000762939453
2025-01-06,103.27912139892578,21.969999313354492
2025-01-07,103.29784393310547,22.069999694824219
2025-01-08,103.29784393310547,21.989999771118164
2025-01-10,103.32598876953125,22.709999084472656
2025-01-13,103.34474945068359,22.899999618530273
2025-01-14,103.35411834716797,22.840000152587891
2025-01-15,103.37286376953125,23.309999465942383
2025-01-16,103.38223266601562,23.129999160766602
2025-01-17,103.42910003662109,23.049999237060547
2025-01-21,103.44783782958984,22.899999618530273
2025-01-22,103.44783782958984,22.819999694824219
2025-01-23,103.46657562255859,22.729999542236328
2025-01-24,103.50408935546875,22.790000915527344
2025-01-27,103.52284240722656,22.469999313354492
2025-01-28,103.53219604492188,22.569999694824219
2025-01-29,103.54158020019531,22.559999465942383
2025-01-30,103.55094909667969,22.569999694824219
2025-01-31,103.58845520019531,22.520000457763672
2025-02-03,103.60068511962891,22.649999618530273
2025-02-04,103.61008453369141,22.670000076293945
2025-02-05,103.61952972412109,22.540000915527344
2025-02-06,103.63831329345703,22.459999084472656
2025-02-07,103.66653442382812,22.5
2025-02-10,103.67592620849609,22.829999923706055
2025-02-11,103.67592620849609,22.920000076293945
2025-02-12,103.67592620849609,22.670000076293945
2025-02-13,103.70417022705078,22.799999237060547
2025-02-14,103.75121307373047,22.700000762939453
2025-02-18,103.75121307373047,23.010000228881836
2025-02-19,103.77944946289062,23.110000610351562
2025-02-20,103.78885650634766,23.090000152587891
2025-02-21,103.82647705078125,22.700000762939453
2025-02-24,103.84528350830078,22.690000534057617
2025-02-25,103.86408996582031,22.409999847412109
2025-02-26,103.86408996582031,22.299999237060547
2025-02-27,103.87351226806641,22.329999923706055
2025-02-28,103.91112518310547,22.190000534057617
2025-03-03,103.92813873291016,21.969999313354492
2025-03-04,103.93757629394531,22.030000686645508
2025-03-05,103.95647430419922,21.920000076293945
2025-03-06,103.96589660644531,21.840000152587891
2025-03-07,104.0130615234375,22.059999465942383
2025-03-10,104.02253723144531,21.870000839233398
2025-03-11,104.04140472412109,21.989999771118164
2025-03-12,104.04140472412109,22.079999923706055
2025-03-13,104.05083465576172,21.950000762939453
2025-03-14,104.09803009033203,22.069999694824219
2025-03-17,104.09803009033203,22.239999771118164
2025-03-18,104.10747528076172,22.139999389648438
2025-03-19,104.11692047119141,22.309999465942383
2025-03-20,104.13580322265625,22.399999618530273
2025-03-21,104.17355346679688,22.299999237060547
2025-03-24,104.18297576904297,22.440000534057617
2025-03-25,104.19242095947266,22.459999084472656
2025-03-26,104.20185089111328,22.440000534057617
2025-03-27,104.22072601318359,22.5
2025-03-28,104.24903106689453,22.389999389648438
2025-03-31,104.25847625732422,22.770000457763672
2025-04-01,104.28122711181641,22.770000457763672
2025-04-02,104.29070281982422,22.920000076293945
2025-04-03,104.30016326904297,21.969999313354492
2025-04-04,104.34751892089844,21.030000686645508
2025-04-07,104.35700225830078,20.629999160766602
2025-04-08,104.37591552734375,20.190000534057617
2025-04-09,104.37591552734375,21.139999389648438
2025-04-10,104.37591552734375,20.75
2025-04-11,104.42330932617188,21.120000839233398
2025-04-14,104.43276977539062,21.120000839233398
2025-04-15,104.44222259521484,21.059999465942383
2025-04-16,104.461181640625,21.360000610351562
2025-04-17,104.50853729248047,21.590000152587891
2025-04-21,104.51802062988281,21.409999847412109
2025-04-22,104.52747344970703,21.559999465942383
2025-04-23,104.53697204589844,21.399999618530273
2025-04-24,104.54640960693359,21.579999923706055
2025-04-25,104.58429718017578,21.600000381469727
2025-04-28,104.59378051757812,21.510000228881836
2025-04-29,104.59378051757812,21.180000305175781
2025-04-30,104.62217712402344,20.75
2025-05-01,104.63360595703125,20.879999160766602
2025-05-02,104.65259552001953,20.969999313354492
2025-05-05,104.662109375,20.780000686645508
2025-05-06,104.671630859375,21.079999923706055
2025-05-07,104.69062805175781,20.840000152587891
2025-05-08,104.70011901855469,21.149999618530273
2025-05-09,104.72860717773438,21.350000381469727
2025-05-12,104.73813629150391,21.489999771118164
2025-05-13,104.74764251708984,21.770000457763672
2025-05-14,104.74764251708984,21.600000381469727
2025-05-15,104.76663970947266,21.469999313354492
2025-05-16,104.80466461181641,21.440000534057617
2025-05-19,104.80466461181641,21.459999084472656
2025-05-20,104.82366943359375,21.659999847412109
2025-05-21,104.83317565917969,21.540000915527344
2025-05-22,104.85218048095703,21.389999389648438
2025-05-23,104.89969635009766,21.559999465942383
2025-05-27,104.89969635009766,21.409999847412109
2025-05-28,104.90920257568359,21.329999923706055
2025-05-29,104.93770599365234,21.260000228881836
2025-05-30,104.95671844482422,21.170000076293945
2025-06-02,104.97293853759766,21.600000381469727
2025-06-03,104.99200439453125,21.700000762939453
2025-06-04,105.00154876708984,21.639999389648438
2025-06-05,105.03014373779297,21.760000228881836
2025-06-06,105.03969573974609,21.979999542236328
2025-06-09,105.06832122802734,22.040000915527344
2025-06-10,105.07784271240234,21.979999542236328
2025-06-11,105.08738708496094,22.370000839233398
2025-06-12,105.10643768310547,22.379999160766602
2025-06-13,105.14459991455078,23.040000915527344
2025-06-16,105.14459991455078,22.989999771118164
2025-06-17,105.15414428710938,23.479999542236328
2025-06-18,105.18276214599609,23.520000457763672
2025-06-20,105.22091674804688,23.590000152587891
2025-06-23,105.23997497558594,22.680000305175781
2025-06-24,105.24953460693359,22.110000610351562
2025-06-25,105.25904846191406,22.059999465942383
2025-06-26,105.27813720703125,22.129999160766602
2025-06-27,105.3162841796875,22.100000381469727
2025-06-30,105.3162841796875,22.040000915527344
2025-07-01,105.32682800292969,22.159999847412109
2025-07-02,105.33640289306641,22.530000686645508
2025-07-03,105.37467193603516,22.459999084472656
2025-07-07,105.393798828125,22.5
2025-07-08,105.41295623779297,22.549999237060547
2025-07-09,105.42251586914062,22.549999237060547
2025-07-10,105.43208312988281,22.389999389648438
2025-07-11,105.46077728271484,22.680000305175781
2025-07-14,105.47994232177734,22.450000762939453
2025-07-15,105.47994232177734,22.409999847412109
2025-07-16,105.50865173339844,22.479999542236328
2025-07-17,105.51821136474609,22.649999618530273
2025-07-18,105.55650329589844,22.709999084472656
2025-07-21,105.56607055664062,22.670000076293945
2025-07-22,105.57564544677734,22.610000610351562
2025-07-23,105.585205078125,22.600000381469727
2025-07-24,105.59477233886719,22.629999160766602
2025-07-25,105.63304901123047,22.420000076293945
2025-07-28,105.64263153076172,22.709999084472656
2025-07-29,105.66176605224609,23
2025-07-30,105.65218353271484,23.049999237060547
2025-07-31,105.66176605224609,22.799999237060547
2025-08-01,105.75299835205078,22.510000228881836
2025-08-04,105.772216796875,22.379999160766602
2025-08-05,105.76261138916016,22.229999542236328
2025-08-06,105.79141235351562,22.190000534057617
2025-08-07,105.80101013183594,22.229999542236328
2025-08-08,105.83942413330078,22.180000305175781
2025-08-11,105.84902954101562,22.25
2025-08-12,105.86821746826172,22.120000839233398
2025-08-13,105.88744354248047,22.079999923706055
2025-08-14,105.88744354248047,22.149999618530273
2025-08-15,105.91625213623047,22.129999160766602
2025-08-18,105.92585754394531,22.180000305175781
2025-08-19,105.95467376708984,22.059999465942383
2025-08-20,105.96427154541016,22.299999237060547
2025-08-21,105.95467376708984,22.459999084472656
2025-08-22,106.02188110351562,22.569999694824219
2025-08-25,106.02188110351562,22.709999084472656
2025-08-26,106.031494140625,22.520000457763672
2025-08-27,106.05071258544922,22.590000152587891
2025-08-28,106.06029510498047,22.719999313354492
2025-08-29,106.10831451416016,22.770000457763672
2025-09-02,106.13530731201172,23.120000839233398
2025-09-03,106.15458679199219,22.879999160766602
2025-09-04,106.17385101318359,22.75
2025-09-05,106.23168182373047,22.549999237060547
2025-09-08,106.25093841552734,22.709999084472656
2025-09-09,106.24130249023438,22.700000762939453
2025-09-10,106.26059722900391,22.860000610351562
2025-09-11,106.27986145019531,22.670000076293945
2025-09-12,106.29914093017578,22.760000228881836
2025-09-15,106.31839752197266,23.030000686645508
2025-09-16,106.33768463134766,23.239999771118164
2025-09-17,106.34732055664062,22.979999542236328
2025-09-18,106.35695648193359,22.879999160766602
2025-09-19,106.3955078125,22.709999084472656
2025-09-22,106.4051513671875,22.75
2025-09-23,106.4051513671875,23
2025-09-24,106.41477966308594,23.159999847412109
2025-09-25,106.42442321777344,23.270000457763672
2025-09-26,106.46296691894531,23.309999465942383
2025-09-29,106.47260284423828,23.030000686645508
2025-09-30,106.48225402832031,22.969999313354492
2025-10-01,106.50835418701172,22.920000076293945
2025-10-02,106.51802825927734,22.690000534057617
2025-10-03,106.55670166015625,22.75
2025-10-06,106.54702758789062,22.969999313354492
2025-10-07,106.55670166015625,23.049999237060547
2025-10-08,106.57604217529297,23.149999618530273
2025-10-09,106.58570861816406,22.930000305175781
2025-10-10,106.63406372070312,22.450000762939453
2025-10-13,106.6243896484375,22.75
2025-10-14,106.65340423583984,22.520000457763672
2025-10-15,106.64373016357422,22.590000152587891
2025-10-16,106.66306304931641,22.540000915527344
2025-10-17,106.71141815185547,22.5
2025-10-20,106.72107696533203,22.690000534057617
2025-10-21,106.73075103759766,22.600000381469727
2025-10-22,106.75009155273438,22.909999847412109
2025-10-23,106.75975799560547,23.340000152587891
2025-10-24,106.77909088134766,23.25
2025-10-27,106.80809783935547,23.180000305175781
2025-10-28,106.81776428222656,22.879999160766602
2025-10-29,106.80809783935547,23.040000915527344
2025-10-30,106.81776428222656,23.049999237060547
2025-10-31,106.83711242675781,23.209999084472656
2025-11-03,106.8671875,23.409999847412109
2025-11-04,106.87689971923828,23.170000076293945
2025-11-05,106.88658905029297,23.049999237060547
2025-11-06,106.906005859375,23.049999237060547
2025-11-07,106.94481658935547,23.079999923706055
2025-11-10,106.95452117919922,23.430000305175781
2025-11-11,106.95452117919922,23.629999160766602
2025-11-12,106.96421051025391,23.229999542236328
2025-11-13,106.97392272949219,23.149999618530273
2025-11-14,107.00302124023438,23.25
2025-11-17,107.01273345947266,23.229999542236328
2025-11-18,107.03211975097656,23.459999084472656
2025-11-19,107.04183197021484,23.180000305175781
2025-11-20,107.05154418945312,22.920000076293945
2025-11-21,107.09033966064453,22.770000457763672
2025-11-24,107.10004425048828,22.879999160766602
2025-11-25,107.1097412109375,22.670000076293945
2025-11-26,107.129150390625,22.979999542236328
2025-11-28,107.15825653076172,23.270000457763672
2025-12-01,107.17966461181641,23.290000915527344
2025-12-02,107.19912719726562,23.159999847412109
2025-12-03,107.21859741210938,23.309999465942383
2025-12-04,107.21859741210938,23.440000534057617
2025-12-05,107.25752258300781,23.639999389648438
2025-12-08,107.26725769042969,23.260000228881836
2025-12-09,107.27698516845703,23.100000381469727
2025-12-10,107.30619812011719,23.260000228881836
2025-12-11,107.32565307617188,23.170000076293945
2025-12-12,107.35486602783203,22.940000534057617
2025-12-15,107.37431335449219,22.780000686645508
2025-12-16,107.38404846191406,22.479999542236328
2025-12-17,107.393798828125,22.799999237060547
2025-12-18,107.41325378417969,22.620000839233398
2025-12-19,107.42985534667969,22.819999694824219
2025-12-22,107.44938659667969,23.139999389648438
2025-12-23,107.44938659667969,23.370000839233398
2025-12-24,107.47866821289062,23.319999694824219
2025-12-26,107.51773071289062,23.219999313354492
2025-12-29,107.51773071289062,23.170000076293945
2025-12-30,107.52748870849609,23.299999237060547
2025-12-31,107.55680084228516,23.059999465942383
2026-01-02,107.57632446289062,23.069999694824219
2026-01-05,107.59585571289062,23.489999771118164
2026-01-06,107.59585571289062,23.360000610351562
2026-01-07,107.61537933349609,23.219999313354492
2026-01-08,107.62513732910156,23.579999923706055
2026-01-09,107.65444183349609,23.569999694824219
2026-01-12,107.66420745849609,23.799999237060547
2026-01-13,107.66420745849609,24.079999923706055
2026-01-14,107.67395782470703,24.020000457763672
2026-01-15,107.68373107910156,23.809999465942383
2026-01-16,107.71302032470703,23.809999465942383
2026-01-20,107.72279357910156,24.069999694824219
2026-01-21,107.74231719970703,24.399999618530273
2026-01-22,107.74231719970703,24.270000457763672
2026-01-23,107.77162170410156,24.760000228881836
2026-01-26,107.78137969970703,24.850000381469727
2026-01-27,107.8009033203125,25.229999542236328
2026-01-28,107.8009033203125,25.510000228881836
2026-01-29,107.8106689453125,25.969999313354492
2026-01-30,107.83997344970703,25.479999542236328
2026-02-02,107.86151123046875,24.459999084472656
2026-02-03,107.87130737304688,25.059999465942383
2026-02-04,107.87130737304688,25.059999465942383
2026-02-05,107.90069580078125,24.700000762939453
2026-02-06,107.92027282714844,24.920000076293945
2026-02-09,107.93986511230469,25.100000381469727
2026-02-10,107.93986511230469,24.979999542236328
2026-02-11,107.94966888427734,25.229999542236328
2026-02-12,107.95945739746094,24.690000534057617
2026-02-13,108.00843048095703,24.719999313354492
2026-02-17,108.01823425292969,24.489999771118164
2026-02-18,108.01823425292969,25.190000534057617
2026-02-19,108.03781890869141,25.469999313354492
2026-02-20,108.05741882324219,25.579999923706055
2026-02-23,108.06721496582031,25.620000839233398
2026-02-24,108.07700347900391,25.610000610351562
2026-02-25,108.0867919921875,25.629999160766602
2026-02-26,108.09659576416016,25.620000839233398
2026-02-27,108.1259765625,25.959999084472656
2026-03-02,108.13972473144531,26.940000534057617
2026-03-03,108.14954376220703,27.319999694824219
2026-03-04,108.14954376220703,27.690000534057617
2026-03-05,108.169189453125,28.309999465942383
2026-03-06,108.19866180419922,29.809999465942383
2026-03-09,108.20848083496094,29.030000686645508
2026-03-10,108.21829223632812,29.399999618530273
2026-03-11,108.22812652587891,29.889999389648438
2026-03-12,108.22812652587891,31.090000152587891
2026-03-13,108.26741027832031,31.120000839233398
2026-03-16,108.27722930908203,30.590000152587891
2026-03-17,108.28706359863281,31.190000534057617
2026-03-18,108.28706359863281,31.850000381469727
2026-03-19,108.28706359863281,31.299999237060547
2026-03-20,108.31652069091797,31.719999313354492
2026-03-23,108.33615875244141,30.010000228881836
2026-03-24,108.34598541259766,30.639999389648438
2026-03-25,108.35581207275391,30.420000076293945
2026-03-26,108.35581207275391,30.969999313354492
2026-03-27,108.39510345458984,32.049999237060547
2026-03-30,108.41474151611328,32.580001831054688
2026-03-31,108.424560546875,32.25
2026-04-01,108.4383544921875,31.909999847412109
2026-04-02,108.47776031494141,33.450000762939453
2026-04-06,108.48760223388672,33.520000457763672
2026-04-07,108.49745941162109,33.330001831054688
2026-04-08,108.50731658935547,31.100000381469727
2026-04-09,108.52701568603516,31.399999618530273
2026-04-10,108.55655670166016,30.959999084472656
2026-04-13,108.55655670166016,31.530000686645508
2026-04-14,108.57627105712891,31.200000762939453
2026-04-15,108.57627105712891,31.139999389648438
2026-04-16,108.58612060546875,31.530000686645508
2026-04-17,108.6353759765625,30.350000381469727
2026-04-20,108.6353759765625,30.940000534057617
2026-04-21,108.64522552490234,31.75
2026-04-22,108.66492462158203,32.119998931884766
2026-04-23,108.67477416992188,32.720001220703125
2026-04-24,108.70433044433594,32.580001831054688
2026-04-27,108.71417999267578,32.880001068115234
2026-04-28,108.72402954101562,33.340000152587891
2026-04-29,108.72402954101562,34.560001373291016
2026-04-30,108.74373626708984,34.389999389648438
2026-05-01,108.77139282226562,33.889999389648438
2026-05-04,108.79116058349609,34.549999237060547
2026-05-05,108.79116058349609,34.209999084472656
2026-05-06,108.8109130859375,32.840000152587891
2026-05-07,108.82080078125,32.889999389648438
2026-05-08,108.86032104492188,32.810001373291016
2026-05-11,108.86032104492188,33.689998626708984
2026-05-12,108.87020111083984,34.409999847412109
2026-05-13,108.87020111083984,34.130001068115234
2026-05-14,108.88007354736328,33.959999084472656
2026-05-15,108.91959381103516,34.189998626708984
2026-05-18,108.92947387695312,34.400001525878906
2026-05-19,108.93936157226562,34.770000457763672
2026-05-20,108.95912170410156,33.759998321533203
2026-05-21,108.96900177001953,33.419998168945312
2026-05-22,108.98876190185547,33.25
2026-05-26,108.99864196777344,32.590000152587891
2026-05-27,109.01839447021484,31.920000076293945
2026-05-28,109.02828216552734,32.110000610351562
2026-05-29,109.05792236328125,31.799999237060547
2026-06-01,109.06881713867188,32.470001220703125
2026-06-02,109.08864593505859,32.630001068115234
2026-06-03,109.08864593505859,32.880001068115234
2026-06-04,109.09854888916016,32.389999389648438
2026-06-05,109.12828826904297,31.590000152587891
2026-06-08,109.13819122314453,31.75
2026-06-09,109.14810180664062,31.239999771118164
2026-06-10,109.15801239013672,31.459999084472656
2026-06-11,109.17783355712891,30.959999084472656
2026-06-12,109.20755767822266,30.579999923706055
2026-06-15,109.21746826171875,30.129999160766602
2026-06-16,109.23728942871094,29.659999847412109
2026-06-17,109.20755767822266,29.459999084472656
2026-06-18,109.26702117919922,29.530000686645508
2026-06-22,109.25711059570312,29.25
2026-06-23,109.27692413330078,28.950000762939453
2026-06-24,109.28683471679688,28.229999542236328
2026-06-25,109.30666351318359,28.879999160766602
2026-06-26,109.33639526367188,28.389999389648438
2026-06-29,109.34629821777344,28.440000534057617
2026-06-30,109.35620880126953,28.600000381469727
2026-07-01,109.36515808105469,28.329999923706055
2026-07-02,109.41484832763672,28.370000839233398
2026-07-06,109.43473052978516,28.889999389648438
2026-07-07,109.42478942871094,29.280000686645508
2026-07-08,109.44467163085938,29.959999084472656
2026-07-09,109.46454620361328,29.540000915527344
2026-07-10,109.49436187744141,29.459999084472656
2026-07-13,109.48442840576172,30.520000457763672
2026-07-14,109.51423645019531,31
2026-07-15,109.53411102294922,31.180000305175781
2026-07-16,109.53411102294922,30.889999389648438
2026-07-17,109.57386779785156,31.399999618530273
2026-07-20,109.58380889892578,31.629999160766602
2026-07-21,109.57386779785156,32.159999847412109
2026-07-22,109.59374237060547,32.450000762939453
2026-07-23,109.58380889892578,33.139999389648438
2026-07-24,109.61362457275391,32.770000457763672
2026-07-27,109.62356567382812,31.489999771118164
2026-07-28,109.65338134765625,31.090000152587891
2026-07-29,109.68319702148438,32.130001068115234
2026-07-30,109.69313812255859,31.950000762939453
2026-07-31,109.72295379638672,32.040000915527344
2026-08-03,109.74288940429688,31.180000305175781
2026-08-04,109.75285339355469,30.450000762939453
2026-08-05,109.76282501220703,30.559999465942383
2026-08-06,109.77279663085938,31.069999694824219
2026-08-07,109.81267547607422,31.090000152587891
2026-08-10,109.82264709472656,32.319999694824219
2026-08-11,109.83261108398438,32.520000457763672
2026-08-12,109.85255432128906,32.619998931884766
2026-08-13,109.87248992919922,32.209999084472656
2026-08-14,109.90239715576172,32.470001220703125
2026-08-17,109.90239715576172,33.080001831054688
2026-08-18,109.92234039306641,33.060001373291016
2026-08-19,109.93230438232422,33.290000915527344
2026-08-20,109.94227600097656,33.650001525878906
2026-08-21,109.97218322753906,33.860000610351562
2026-08-24,109.98215484619141,33.430000305175781
2026-08-25,110.00209045410156,32.819999694824219
2026-08-26,110.01206207275391,33.009998321533203
2026-08-27,110.01206207275391,33.409999847412109
2026-08-28,110.02203369140625,33.389999389648438
2026-08-31,110.03200531005859,34.029998779296875
2026-09-01,110.05000305175781,34.849998474121094
2026-09-02,110.05999755859375,34.889999389648438
2026-09-03,110.08000183105469,34.959999084472656
2026-09-04,110.12999725341797,34.830001831054688
2026-09-08,110.12999725341797,35.380001068115234
2026-09-09,110.13999938964844,35.889999389648438
2026-09-10,110.12000274658203,36.939998626708984
2026-09-11,110.15000152587891,36.470001220703125
2026-09-14,110.16000366210938,36.5
2026-09-15,110.16999816894531,37.150001525878906
2026-09-16,110.16000366210938,36.619998931884766
2026-09-17,110.18000030517578,36.459999084472656
2026-09-18,110.20999908447266,36.310001373291016
2026-09-21,110.22000122070312,35.880001068115234
2026-09-22,110.23000335693359,36.680999999999997
2026-09-23,110.22000122070312,36.150001525878906
