date,sp500,nasdaq,russell,cash,treasury2y,treasury10y,longtreasury,gold,oil
1966-03-01,-0.0213,,,0.0038750000000000004,,0.026102004038147664,0.029851654023065555,0,
1966-04-01,0.024699999999999996,,,0.003825,,-0.003160803837419568,-0.00775312567705555,0,
1966-05-01,-0.0526,,,0.00385,,0.004734961070948396,0.00003585104767545033,0,
1966-06-01,-0.0106,,,0.0038666666666666663,,-0.012328003388227704,-0.007538104132382983,0,
1966-07-01,-0.012799999999999999,,,0.00375,,-0.0005204254189109525,-0.0010910395823793273,0,
1966-08-01,-0.0753,,,0.004,,-0.009627280375294034,-0.015991205175710066,0,
1966-09-01,-0.0066,,,0.0041333333333333335,,0.020561117073358393,0.020569516649905806,0,
1966-10-01,0.0431,,,0.004475,,-0.002794525520560809,0.020644856708378345,0,
1966-11-01,0.017799999999999996,,,0.004458333333333333,,0.010401074804440968,-0.009997220160480214,0,
1966-12-01,0.0053,,,0.004433333333333333,,0.03487042771200266,0.04164417997415848,0,
1967-01-01,0.0858,,,0.0041333333333333335,,0.013336476816881992,0.01686678497330707,0,
1967-02-01,0.0113,,,0.003933333333333333,,-0.004153126169164079,-0.024554879480134684,0,
1967-03-01,0.0438,,,0.0037999999999999996,,0.013329133172626406,0.02207434694122501,0,
1967-04-01,0.0421,,,0.0035499999999999998,,-0.01819607456340888,-0.028044310711140108,0,
1967-05-01,-0.039900000000000005,,,0.0031999999999999997,,0.0008199078863622145,-0.001103488734223057,0,
1967-06-01,0.0269,,,0.003,,-0.026686145774514447,-0.02460560253978028,0,
1967-07-01,0.049,,,0.00295,,0.0012428178342136498,0.00668095577192207,0,
1967-08-01,-0.005900000000000001,,,0.0035083333333333334,,0.005101568963125969,-0.005727651865171435,0,
1967-09-01,0.0342,,,0.003558333333333333,,-0.00025234127953954744,-0.0019239348018337266,0,
1967-10-01,-0.0269,,,0.003683333333333333,,-0.028533469434338654,-0.035295806348290215,0,
1967-11-01,0.0073,,,0.0037999999999999996,,0.0024944521553498245,-0.010876955886944817,0,
1967-12-01,0.0338,,,0.003941666666666667,,0.010757250578967037,0.015411652611555082,0,
1968-01-01,-0.036300000000000006,,,0.004141666666666667,,0.013740980595555952,0.027649581107776156,0.02857142857142847,
1968-02-01,-0.0335,,,0.004166666666666667,,0.0061059783088937,0.0007922910155044871,0,
1968-03-01,0.0059,,,0.00415,,-0.010371850452114195,-0.021717612200488956,0.02777777777777768,
1968-04-01,0.09449999999999999,,,0.004308333333333333,,0.0017584094395146632,0.019044010928534583,0.027027027027026973,
1968-05-01,0.0273,,,0.004483333333333333,,0.00031082230490708795,0.004531681718275005,0.07894736842105265,
1968-06-01,0.0113,,,0.004716666666666667,,0.021363940995739128,0.021543956134064457,0,
1968-07-01,-0.022099999999999998,,,0.0046,,0.027515150790736076,0.025368820681744175,-0.04878048780487809,
1968-08-01,0.0177,,,0.004424999999999999,,-0.0016745440465119055,0.0005909164532096334,0,
1968-09-01,0.04479999999999999,,,0.004241666666666666,,-0.003093134774057038,-0.007888441643758015,0.02564102564102555,
1968-10-01,0.0087,,,0.004325000000000001,,-0.0022273995642680955,-0.01248742081791876,-0.025000000000000022,
1968-11-01,0.058499999999999996,,,0.004458333333333333,,-0.008076563582904983,-0.01921216947089377,0.02564102564102555,
1968-12-01,-0.035,,,0.004541666666666667,,-0.012239032576514708,-0.0323034741375432,0.02499999999999991,
1969-01-01,-0.0072,,,0.004966666666666667,,-0.008247431135365746,-0.013324307253198553,0.024390243902439046,
1969-02-01,-0.054000000000000006,,,0.005116666666666666,,-0.000021669245585664854,0.0016393667176100024,0.023809523809523725,
1969-03-01,0.031200000000000002,,,0.0051,,0.005149905802198429,-0.0005889396893856702,0,
1969-04-01,0.0199,,,0.005016666666666667,,0.007344933426389977,0.032841736006694155,0,
1969-05-01,0.0039000000000000003,,,0.005091666666666667,,-0.01865984085834871,-0.0452248672512805,0,
1969-06-01,-0.06680000000000001,,,0.005033333333333333,,-0.00818404280151197,0.022204066485896234,-0.046511627906976716,
1969-07-01,-0.0647,,,0.005366666666666667,,0.012005170345665839,0.010827371195017088,0.024390243902439046,
1969-08-01,0.0519,,,0.005833333333333334,,-0.006629981279153818,-0.00499185484329312,-0.023809523809523836,
1969-09-01,-0.0235,,,0.005816666666666667,,-0.03259583344566552,-0.048840239313967304,0,
1969-10-01,0.05659999999999999,,,0.005908333333333333,,0.037232533742542095,0.03203502385164336,-0.024390243902439046,
1969-11-01,-0.032799999999999996,,,0.005833333333333334,,-0.018710698874693343,-0.01840464173579681,-0.07499999999999996,
1969-12-01,-0.019899999999999998,,,0.006033333333333333,,-0.03277956769256751,-0.009402542224847266,-0.05405405405405406,
1970-01-01,-0.075,,,0.006516666666666667,,0.013962604842062909,0.003563249476118857,0,
1970-02-01,0.0576,,,0.0065583333333333335,,0.06668992869381962,0.050977109411233235,0,
1970-03-01,-0.004900000000000001,,,0.005941666666666666,,-0.011183355387392124,-0.008819359952815131,0,
1970-04-01,-0.10490000000000001,,,0.0055249999999999995,,-0.042443116515164525,-0.0358510316378563,0.02857142857142847,
1970-05-01,-0.0637,,,0.005425,,-0.00033675278998201996,-0.03432038688504291,0,
1970-06-01,-0.052199999999999996,,,0.0057,,0.03409703254121488,0.043110082927773075,-0.02777777777777779,
1970-07-01,0.0744,,,0.005566666666666667,,0.018004922503265908,0.027304169611762852,0,
1970-08-01,0.050300000000000004,,,0.0053750000000000004,,-0.00016980460868165625,-0.003914999683409803,0,
1970-09-01,0.0472,,,0.0053416666666666664,,0.020797383316609297,0.02630102733758677,0.02857142857142847,
1970-10-01,-0.0181,,,0.0051,,0.0010867147784725528,-0.00407061807514042,0.05555555555555558,
1970-11-01,0.0508,,,0.004925,,0.08804165052669433,0.06268372441824321,-0.02631578947368418,
1970-12-01,0.0616,,,0.0044,,-0.015849989925290076,-0.0014203001506377655,0,
1971-01-01,0.0521,,,0.004058333333333333,,0.03553632312275479,0.0488843290384926,0.027027027027026973,
1971-02-01,0.0174,,,0.0037,,0.0013383358154106517,-0.014237215456234242,0.026315789473684292,
1971-03-01,0.044199999999999996,0.04568778369844084,,0.0030833333333333333,,0.04572403808800196,0.053074161467624004,0,
1971-04-01,0.0343,0.059733886949136616,,0.0028166666666666665,,-0.030748594248320438,-0.02608973179343277,0,
1971-05-01,-0.037000000000000005,-0.03606411398040954,,0.0032166666666666667,,-0.008148430034960241,-0.014166893443845474,0.05128205128205132,
1971-06-01,0.0028000000000000004,-0.004157043879907674,,0.00345,,-0.025661258951983013,-0.013771574358752314,-0.024390243902439046,
1971-07-01,-0.0409,-0.0234693877551021,,0.003958333333333334,,-0.005883367749516477,0.006410439583831362,0.02499999999999991,
1971-08-01,0.0426,0.029923055001424892,,0.0045000000000000005,,0.05931090194296984,0.04421812578137918,0.04878048780487809,
1971-09-01,-0.0049,0.005626268216196273,,0.004116666666666667,,0.013909191482538663,0.01888510291689549,-0.023255813953488413,
1971-10-01,-0.0405,-0.03604512519490055,,0.003908333333333334,,0.014608644916106028,0.016569136720652633,0.023809523809523725,
1971-11-01,-0.0009000000000000002,-0.010751665080875328,,0.0037166666666666667,,0.004089393252483919,-0.004430893149034332,0,
1971-12-01,0.0908,0.09762431470616528,,0.0035166666666666666,,0.004097869769576823,0.0002809861996140306,0,
1972-01-01,0.027600000000000003,0.04162285313704861,,0.0033416666666666664,,-0.009148276341815365,-0.006519493180340952,0.06976744186046502,
1972-02-01,0.031200000000000002,0.054765710439976356,,0.0028166666666666665,,0.009436095688270418,0.01191499246511274,0.04347826086956519,
1972-03-01,0.0089,0.022013080236082283,,0.002666666666666667,,-0.0023987302273509314,-0.004182292908089358,0,
1972-04-01,0.0058,0.024894646480412286,,0.003108333333333333,,0.003566785012758089,0.0038857902741629147,0.02083333333333326,
1972-05-01,0.0159,0.009137287748419931,,0.0030916666666666666,,0.008734288644992372,0.023548862291578043,0.12244897959183665,
1972-06-01,-0.021400000000000002,-0.018486380442163997,,0.003075,,0.0006056626251871311,-0.005432052213801164,0.1272727272727272,
1972-07-01,-0.004900000000000001,-0.01791205412054131,,0.0032583333333333336,,0.004326524936375975,0.013065511498622229,0.06451612903225801,
1972-08-01,0.0356,0.017221135029354073,,0.0033166666666666665,,-0.014507292867627641,0.003768115021427265,0.015151515151515138,
1972-09-01,-0.007999999999999998,-0.0026163909195842106,,0.0033499999999999997,,-0.0026477586134027176,-0.006519493180340952,-0.02985074626865669,
1972-10-01,0.0092,0.004860736054316694,,0.0038833333333333333,,0.022881518065961837,0.023569373515583747,0,
1972-11-01,0.049699999999999994,0.020884520884520974,,0.00395,,0.005912066900490842,0.017754170641602895,-0.03076923076923077,
1972-12-01,0.009899999999999999,0.005791215403128547,,0.0039833333333333335,,-0.003534101135227674,-0.019368918433692373,0.015873015873015817,
1973-01-01,-0.028300000000000002,-0.03985642712929027,,0.0042250000000000005,,-0.011246074479341228,-0.0844622744382576,0.015625,
1973-02-01,-0.0443,-0.06222741433021817,,0.004508333333333334,,0.003306725926825127,0.0013403058159227044,0.1384615384615384,
1973-03-01,-0.008400000000000001,-0.024499626276887287,,0.004666666666666666,,0.0011911276259266579,0.006743963037431744,0.1351351351351351,
1973-04-01,-0.0516,-0.08181508598671883,,0.005075,,0.00125137868894587,0.0035144434776461786,0.08333333333333326,
1973-05-01,-0.0246,-0.04830783495595725,,0.005216666666666666,,-0.006453985829478648,-0.009186454245222797,0.1208791208791209,
1973-06-01,-0.0106,-0.016173031956352224,,0.0053,,0.007134677900712649,-0.0026507971030221844,0.17647058823529416,
1973-07-01,0.056799999999999996,0.07585660526837001,,0.005991666666666667,,-0.035012999814677426,-0.04493282435348889,0,
1973-08-01,-0.031200000000000002,-0.034701767304860076,,0.0066749999999999995,,0.025743674336479172,0.03531099317492359,-0.10833333333333328,
1973-09-01,0.0542,0.06036044626680659,,0.007225,,0.030795291184968265,0.03788405055623634,-0.03738317757009346,
1973-10-01,-0.0017999999999999993,-0.009262589928057618,,0.006908333333333332,,0.01854944946933923,-0.020247154745087426,-0.029126213592232997,
1973-11-01,-0.12219999999999999,-0.1512208405191976,,0.006016666666666667,,0.007672811188955464,0.014376063355798774,-0.050000000000000044,
1973-12-01,0.0123,-0.014116137311517618,,0.006525,,-0.01221394371189144,-0.010634713099150761,0.12631578947368416,
1974-01-01,0.004699999999999999,0.029721227898904523,,0.006208333333333333,,0.001461801942921337,-0.004215935904331669,0.20560747663551404,
1974-02-01,0.0011999999999999995,-0.0061097650900664435,,0.006475,,0.00011743375575767878,-0.003045017687093754,0.16279069767441867,
1974-03-01,-0.0226,-0.022045574986751415,,0.005933333333333333,,-0.017079605572939416,-0.025666403451891417,0.1200000000000001,
1974-04-01,-0.0453,-0.05863227484556188,,0.006633333333333333,,-0.010392291359445194,-0.022759110638854163,0.023809523809523725,
1974-05-01,-0.0395,-0.0766751093714022,,0.006941666666666666,,0.015250826353891078,0.012583030409630824,-0.05232558139534882,
1974-06-01,-0.022399999999999996,-0.052867830423940276,,0.0068583333333333335,,-0.002070019312489846,0.002760117591014799,-0.05521472392638038,
1974-07-01,-0.0736,-0.07859399684044233,,0.006583333333333333,,-0.015399304271167313,-0.008734023485174824,-0.0714285714285714,
1974-08-01,-0.0879,-0.10887269609944272,,0.006291666666666667,,-0.0035638082865701026,-0.022403822864926703,0.08391608391608396,
1974-09-01,-0.10979999999999998,-0.10742344075677401,,0.0074666666666666675,,0.01272473277615771,0.02137095760201979,-0.01935483870967747,
1974-10-01,0.16620000000000001,0.1717262439374887,,0.006716666666666667,,0.02157591741560272,0.043188432318960635,0.046052631578947345,
1974-11-01,-0.039900000000000005,-0.034953242373141236,,0.006216666666666666,,0.01738450508182754,0.02251102942591965,0.14465408805031443,
1974-12-01,-0.0274,-0.04972200158856244,,0.006225,,0.02082403298128499,0.009505577949913135,0.01098901098901095,
1975-01-01,0.1425,0.1664994984954864,,0.005958333333333334,,-0.000802888271098201,0.017517082850619703,-0.04347826086956519,
1975-02-01,0.059899999999999995,0.04614502722843228,,0.005216666666666666,,0.011024414990151943,0.016502191265879596,0.022727272727272707,
1975-03-01,0.0307,0.03643835616438351,,0.004583333333333333,,-0.040208727663003985,-0.04414454515146593,-0.011111111111111072,
1975-04-01,0.0466,0.03806502775574949,,0.004575,,0.009369751065728238,-0.012380671932357812,-0.0449438202247191,
1975-05-01,0.056400000000000006,0.05805958747135209,,0.004675,,0.011369950063902179,0.030278627135424507,-0.01764705882352946,
1975-06-01,0.0528,0.04717208182912147,,0.004358333333333334,,0.005916031330649885,0.0175159795289328,-0.017964071856287456,
1975-07-01,-0.06119999999999999,-0.04401287060445869,,0.00445,,-0.007434660285531969,-0.014615553557403071,0.0060975609756097615,
1975-08-01,-0.0236,-0.05024642384902023,,0.005108333333333334,,0.00944546860291462,-0.0037300828107028616,-0.012121212121212088,
1975-09-01,-0.03729999999999999,-0.059233008479939286,,0.005366666666666667,,-0.0005927401370101615,-0.011056199440555137,-0.1165644171779141,
1975-10-01,0.058800000000000005,0.03578635813265163,,0.00535,,0.03532517817374803,0.05199951797886282,-0.00694444444444442,
1975-11-01,0.030600000000000002,0.023509546694375993,,0.004966666666666667,,-0.008964983585669994,-0.011629727759777664,-0.006993006993006978,
1975-12-01,-0.011200000000000002,-0.014974619289339963,,0.004566666666666667,,0.03193455538066092,0.03638654289292753,-0.021126760563380254,
1976-01-01,0.1262,0.12148930687967008,,0.004533333333333334,,0.00432694861246441,0.010542712695053247,-0.05755395683453235,
1976-02-01,0.006500000000000001,0.03687535898908689,,0.004058333333333333,,0.00844519823308465,0.004584998568839982,0,
1976-03-01,0.0272,0.003988477730999307,,0.004066666666666666,,0.013230783523405787,0.018519569262111624,0.01526717557251911,
1976-04-01,-0.010700000000000001,-0.005958949459280549,,0.004166666666666667,,0.006291863604967141,-0.0024216316746978883,-0.03759398496240607,
1976-05-01,-0.0097,-0.022646536412078033,,0.004050000000000001,,-0.00865015891056431,-0.012935613533572199,-0.0078125,
1976-06-01,0.044899999999999995,0.02589731940027251,,0.004333333333333333,,0.009872885936734965,0.02348361895621176,-0.007874015748031482,
1976-07-01,-0.005900000000000001,0.010739592559787514,,0.004508333333333334,0.010726179308367723,0.005068940678935041,0.004604050028449436,-0.06349206349206349,
1976-08-01,-0.0014999999999999996,-0.01741702267499179,,0.004358333333333334,0.009802418243372468,0.020860212799551414,0.02963982036383861,-0.06779661016949157,
1976-09-01,0.025,0.01739130434782621,,0.0042833333333333334,0.008370244843802332,0.01733674309417288,0.012444823037552677,0.036363636363636376,
1976-10-01,-0.020099999999999996,-0.009971509971510084,,0.004233333333333334,0.010564322557548245,0.011000718552277577,0.009383225239685045,0.01754385964912286,
1976-11-01,0.0076,0.008522412838959825,,0.0041,0.01593369810576628,0.045910341778331976,0.03518550195205328,0.1206896551724137,
1976-12-01,0.060500000000000005,0.07418788410886723,,0.003958333333333334,0.005906530120030951,0.009200015627851776,0.03450822544023757,0.03076923076923066,
1977-01-01,-0.0367,-0.023906824683285532,,0.0036249999999999998,-0.01057256710204768,-0.02720044277317557,-0.03887332669268062,-0.014925373134328401,
1977-02-01,-0.015899999999999997,-0.010152815574628549,,0.00385,0.0068697195481413065,-0.007855667423132262,-0.005854544152235186,0.030303030303030276,
1977-03-01,-0.0097,-0.0046526382573754965,,0.0038916666666666665,0.006254016219069847,0.009604156445878198,0.007349234946486982,0.08823529411764697,
1977-04-01,0.0053,0.014341867629873661,,0.003833333333333333,0.0026281559814309574,0.004712861425322679,0.006332239799887507,0.006756756756756799,
1977-05-01,-0.011000000000000001,0.0011520737327188613,,0.0037833333333333334,0.004339324482305118,0.012372023159381573,0.010380066778429953,-0.01342281879194629,
1977-06-01,0.0512,0.04330996966209866,,0.0041333333333333335,0.0068697195481413065,0.007433234855279691,0.017524103630934817,-0.04081632653061229,
1977-07-01,-0.0127,0.00922490724957381,,0.004183333333333333,-0.0024561967182831212,0.00047745243549091043,-0.004920410545736775,0.014184397163120588,
1977-08-01,-0.0132,-0.005464480874317057,,0.004325000000000001,0.0037477944146886433,0.01867289096820257,0.021651962474191988,0.013986013986013957,
1977-09-01,0.0015999999999999999,0.007492507492507405,,0.004575,0.001347421163543805,-0.005849844466610632,-0.001959640008955321,0.034482758620689724,
1977-10-01,-0.03899999999999999,-0.033019335647000436,,0.004841666666666666,-0.0016176744825595613,-0.009712868181685819,-0.008845053729277796,0.06000000000000005,
1977-11-01,0.045,0.05773174733388031,,0.0051333333333333335,0.008052920645206685,0.009708890837773154,0.007371188530790329,0.018867924528301883,
1977-12-01,0.0076,0.01841977702375175,,0.005083333333333333,0.0039012388168699896,-0.006739991435315229,-0.016402666317073433,-0.012345679012345734,
1978-01-01,-0.055099999999999996,-0.040076154212279835,,0.005058333333333334,0.0015364378524287403,-0.0064784476536712265,-0.011033895205365574,0.08125000000000004,
1978-02-01,-0.0093,0.006247520825069408,,0.005366666666666667,0.004375575091128736,0.0018109616010568708,0.0018229148604655965,0.028901734104046284,
1978-03-01,0.0338,0.04661476298413336,,0.0053750000000000004,0.003933338496689753,-0.0007957364845375681,-0.0029299416416270763,0.03370786516853941,
1978-04-01,0.08410000000000001,0.08455743879472699,,0.005241666666666667,0.0015998777416303955,0.0006596439790207409,0.0010389713240863685,-0.048913043478260865,
1978-05-01,0.0227,0.04393123806216348,,0.005241666666666667,0.003918289900346927,-0.0032153391774494278,-0.005525485207594993,0.005714285714285783,
1978-06-01,-0.0115,0.0004990019960080527,,0.0053416666666666664,0.0004028179643396079,-0.008258188757152896,-0.009032562159298707,0.045454545454545414,
1978-07-01,0.056799999999999996,0.05004156275976723,,0.005608333333333334,0.007118659066464028,0.02301195135342393,0.014667931420818459,0.02717391304347827,
1978-08-01,0.0434,0.06879354021532613,,0.005841666666666667,0.007110628583459011,0.006864447961894449,0.02235061487123735,0.08994708994709,
1978-09-01,-0.008199999999999999,-0.015702540552551714,,0.0059,0.002771031836302784,-0.005007843237572751,-0.01196572900728643,0.029126213592232997,
1978-10-01,-0.11220000000000001,-0.16381970050417627,,0.006541666666666666,-0.006442790914330199,-0.012522505097895209,-0.017919897514281358,0.070754716981132,
1978-11-01,0.0341,0.03212742980561556,,0.006658333333333334,0.006726750733351716,0.011167163114677914,0.016603249526931263,-0.09251101321585908,
1978-12-01,0.0165,0.02868602319295488,,0.007200000000000001,0.0004611384167183541,-0.01530233731075692,-0.010267569728532155,0.009708737864077666,
1979-01-01,0.0499,0.06645194100695018,,0.007566666666666667,0.013977679632979134,0.024389542818949117,0.015683665861677465,0.09134615384615374,
1979-02-01,-0.028300000000000002,-0.025910030201875656,,0.007791666666666666,0.0036028598131396805,-0.010078649830431385,-0.01275975368379878,0.08370044052863435,
1979-03-01,0.06480000000000001,0.07506527415143593,,0.0077666666666666665,0.010988582311285633,0.010712126846285086,0.012030811905048733,-0.016260162601625994,
1979-04-01,0.0073,0.015634486945962367,,0.0079,0.004693353742363016,-0.01036854476472282,-0.009719873897380937,-0.012396694214875992,
1979-05-01,-0.013800000000000003,-0.017934538932894983,,0.007883333333333334,0.014098466428561052,0.02963230916106263,0.024016974337288,0.07949790794979084,
1979-06-01,0.04650000000000001,0.051057677674630986,,0.008008333333333333,0.0180036357225839,0.023062734929527817,0.03162594240904637,0.08139534883720922,
1979-07-01,0.016,0.023166582205169206,,0.00755,0.0014890015717483607,0.00006722006401704839,-0.007503562230980698,0.057347670250896154,
1979-08-01,0.0631,0.06445906743083563,,0.0077,-0.0014531333134547575,-0.013197769902995149,-0.0036007503485461223,0.02033898305084736,
1979-09-01,0,-0.003057697420898786,,0.007933333333333332,0.0036024941260219823,-0.005145681503566979,-0.011433414488034588,0.1794019933554818,
1979-10-01,-0.07229999999999999,-0.09634617949059865,,0.00855,-0.0244610798152729,-0.0761189616732787,-0.08329891696304648,0.10422535211267614,
1979-11-01,0.0621,0.06441378292628941,,0.00975,0.022089075931640778,0.036914430157115596,0.034018986913655125,0,
1979-12-01,0.0273,0.04769166782198808,,0.009824999999999999,0.010910538230138433,-0.008424324370013725,0.003158771398908078,0.1607142857142858,
1980-01-01,0.063,0.07019981474129966,,0.010033333333333333,0.0004387378827910293,-0.028342568961540415,-0.07102560409961911,0.4835164835164836,
1980-02-01,-0.0034,-0.022998454404945856,,0.01,-0.03873832081708517,-0.07015939091761636,-0.06253180331539487,-0.014814814814814836,
1980-03-01,-0.11690000000000002,-0.17104347275833698,,0.010716666666666666,0.013537405938264246,0.021517106504411077,-0.01355057942116522,-0.1669172932330827,
1980-04-01,0.0521,0.06862595419847328,,0.012666666666666666,0.07649846098320245,0.1501667641786164,0.1325847233745856,-0.06678700361010825,
1980-05-01,0.060700000000000004,0.07471962283020206,,0.011,0.03567594642969185,0.007743063322952715,0.04711277134172964,-0.005802707930367523,
1980-06-01,0.0359,0.04872050515121318,,0.00715,0.012400194607418147,0.023243331898612052,0.04092014294039181,0.16926070038910512,
1980-07-01,0.0704,0.08892128279883393,,0.005891666666666667,-0.005505921579867734,-0.036888530263238684,-0.050244422812510736,0.06988352745424287,
1980-08-01,0.0239,0.05651591874745354,,0.006716666666666667,-0.0196379828394736,-0.0371780540229244,-0.039553343046474176,-0.02488335925349927,
1980-09-01,0.0294,0.03437637725870424,,0.007608333333333334,-0.003590227448956984,0.018179685329750228,-0.0225941613544971,0.07496012759170645,
1980-10-01,0.0199,0.02673625905411159,,0.008558333333333333,-0.005815998164969027,-0.05015208288793094,-0.030010058523062266,-0.01928783382789323,
1980-11-01,0.10559999999999999,0.07972818757132494,,0.009683333333333332,-0.006517351905932833,-0.00430480402166078,0.010060226632551128,-0.0544629349470499,
1980-12-01,-0.0315,-0.027912563055488837,,0.011441666666666668,0.029108157815251223,0.02717801324492064,0.03173746170966174,-0.1392,
1981-01-01,-0.04019999999999999,-0.02238805970149249,,0.012908333333333334,0.007304120396043112,-0.00435943085735746,-0.017197957858428592,0.03531598513011147,
1981-02-01,0.016800000000000002,0.0010110712299680191,,0.012516666666666666,-0.002629993313068124,-0.030174592276650425,-0.04021992399276275,-0.10233393177737882,
1981-03-01,0.048799999999999996,0.061461542346346265,,0.012325,0.026408997539356438,0.012511636120672742,0.026999714774552208,-0.0020000000000000018,
1981-04-01,-0.0108,0.031211342658673535,,0.011133333333333334,-0.016352523083336457,-0.02337515517360811,-0.05124823140482215,-0.006012024048096198,
1981-05-01,0.012799999999999999,0.031051028882532083,,0.011408333333333333,0.019159878295085475,0.04097954985219654,0.05009225633397385,-0.032258064516129004,
1981-06-01,-0.009899999999999997,-0.03454602407481988,,0.013583333333333334,0.007436838052822692,-0.012851942154745277,-0.008311340872487416,-0.039583333333333304,
1981-07-01,-0.0031000000000000003,-0.019096176129779874,,0.012275000000000001,-0.007042300865665152,-0.025739026511117258,-0.03610531228919167,-0.11279826464208242,
1981-08-01,-0.05739999999999999,-0.07503662051693993,,0.012458333333333333,-0.0013378743235545887,-0.029998977149370942,-0.04085558054132066,0.0024449877750611915,
1981-09-01,-0.059500000000000004,-0.08030651340996164,,0.012924999999999999,0.01411423147392421,0.017529021470748196,-0.025756468505552355,0.08292682926829276,
1981-10-01,0.0613,0.08448591901349789,,0.012249999999999999,0.04755163227186188,0.05263727513032501,0.07849104177330624,-0.013513513513513487,
1981-11-01,0.0447,0.03139725466093002,,0.011283333333333333,0.048908064897916326,0.09258789341283102,0.12554892728808142,-0.057077625570776225,
1981-12-01,-0.0276,-0.027461886080349607,,0.009049999999999999,-0.010788945055947519,-0.03317311503911213,-0.049835135344097115,-0.007263922518159771,
1982-01-01,-0.0243,-0.038041258169934755,,0.009041666666666667,0.001107352091989977,0.002924684811864031,0.00018156845621342121,-0.06341463414634141,
1982-02-01,-0.049400000000000006,-0.047560910876373375,,0.010233333333333332,0.008276683532097984,0.017249946145024175,0.01945935638506202,-0.02604166666666663,
1982-03-01,-0.008400000000000001,-0.021066711252298975,,0.011233333333333333,0.01038662720993111,0.007683293891457499,0.024821900576605493,-0.11764705882352944,
1982-04-01,0.0437,0.051522914887560445,,0.010566666666666667,0.0204112388072768,0.0236203545962288,0.0331166559515117,0.06060606060606055,
1982-05-01,-0.0287,-0.0333513806172171,,0.010583333333333333,0.017403527868908863,0.00542723140644541,0.006916449907777622,-0.04571428571428571,
1982-06-01,-0.0212,-0.040551137000111925,,0.010075,-0.005830971267930307,-0.015600553221403413,-0.025217081676028652,-0.05688622754491013,
1982-07-01,-0.021500000000000005,-0.02305896088733228,,0.010391666666666667,0.03643059725930331,0.055556603426527795,0.04892684726396124,0.07619047619047614,
1982-08-01,0.1199,0.061906184642963824,,0.009458333333333332,0.030396690211843547,0.07890974429783237,0.08641702466024004,0.07374631268436582,
1982-09-01,0.0182,0.05593382477069375,,0.007233333333333333,0.02255244004167478,0.06606327556350178,0.0824724556532086,0.2005494505494505,
1982-10-01,0.1189,0.1331201705302425,,0.0066,0.032751711196617794,0.05753651984525909,0.07937212180460751,-0.034324942791762014,
1982-11-01,0.053099999999999994,0.09255514273620857,,0.006425,0.006165790474441435,0.023326878065673462,0.00879596088256518,-0.016587677725118488,
1982-12-01,0.0123,0.0004304593000732382,,0.006725,0.016376620973965528,0.015260551358852181,0.02276810279195507,0.07228915662650603,
1983-01-01,0.04279999999999999,0.06858568908394647,,0.006616666666666667,0.006032904682769624,-0.029041156765876486,-0.03263938779487052,0.08089887640449445,
1983-02-01,0.0321,0.04960740889873172,,0.00655,0.012474378270035169,0.05310732205564683,0.0518135420553798,0.02079002079002068,
1983-03-01,0.0344,0.03886139563432689,,0.006758333333333333,-0.00196302271146509,-0.012770523466908101,-0.009159593129629995,-0.14460285132382888,
1983-04-01,0.0737,0.08220088626292466,,0.006958333333333333,0.017004599864326675,0.0301228417235333,0.03531234853324827,0.030952380952380842,
1983-05-01,0.012,0.053470279123728925,,0.006841666666666668,-0.0037924844929979606,-0.0228232111425567,-0.039135071492873874,0.011547344110854452,
1983-06-01,0.037399999999999996,0.03229358986816955,,0.0068249999999999995,0.004604467022673697,0.0004432541360384068,0.002729896159303191,-0.057077625570776225,
1983-07-01,-0.03319999999999999,-0.046250392218387226,,0.007324999999999999,-0.005154413718708728,-0.03895910338615105,-0.05172717622569123,-0.02421307506053272,
1983-08-01,0.0026,-0.03796552177918133,,0.007566666666666667,0.006459491410883089,-0.00470482410462425,-0.0006588553081721127,0.032258064516129004,
1983-09-01,0.016800000000000002,0.014465494836194415,,0.007783333333333333,0.020140591128144703,0.04307074169253933,0.04909970781191486,-0.009615384615384581,
1983-10-01,-0.026699999999999998,-0.0744985673352434,,0.0075,0.007231761790755797,-0.014245536617354171,-0.01242313338795531,-0.043689320388349495,
1983-11-01,0.0287,0.04050264068475684,,0.007200000000000001,0.007635479909874565,0.015409239128414853,0.017301439979465982,-0.030456852791878153,
1983-12-01,-0.0104,-0.024748836069590774,,0.0073,0.0056557663631893185,0.005532998438340542,-0.001666127397226047,0.015706806282722585,
1984-01-01,-0.0116,-0.03650394831299364,,0.0075,0.013424377163940848,0.022386428967132943,0.02190778464418419,-0.04381443298969068,
1984-02-01,-0.0406,-0.059084305032969575,,0.007416666666666667,0.0017046805113465346,-0.012842751677771935,-0.019318206092912238,0.040431266846361114,
1984-03-01,0.0138,-0.007087144158055114,,0.007575,-0.0012763800014858884,-0.02044289560266821,-0.011921949861581682,0.020725388601036343,
1984-04-01,0.0030000000000000005,-0.01331844644708513,,0.007933333333333332,0.004592061427802996,-0.019375685973754053,-0.016179754613628416,-0.032994923857868064,
1984-05-01,-0.052000000000000005,-0.05908503071451665,,0.008074999999999999,-0.008662717751027782,-0.019378468789760794,-0.05346625419197859,-0.01049868766404205,
1984-06-01,0.0256,0.035606906623142365,,0.008191666666666667,0.0077480877160069905,-0.00010454254130465301,0.015257780363502338,0.0026525198938991412,
1984-07-01,-0.019000000000000003,-0.04732279872257483,,0.008225,0.020644063709899463,0.07977354944100079,0.0700400603645952,-0.07936507936507942,
1984-08-01,0.111,0.10857640400522417,,0.008433333333333333,0.010708841809606184,0.00028120180125190686,0.027779346985060238,0,
1984-09-01,0.0005999999999999994,-0.018457430097392313,,0.008725,0.018030685556521986,0.02832082650645429,0.034554702547335614,-0.02298850574712641,
1984-10-01,0.0016000000000000003,-0.011642794270624979,,0.008641666666666666,0.026347553295071435,0.05703676139185476,0.06058438036559499,0.002941176470588225,
1984-11-01,-0.0104,-0.018216410962231255,,0.008116666666666666,0.019053678135140695,0.014136315895406648,0.009528450551917311,0.0029325513196480912,
1984-12-01,0.0248,0.019873830041644336,,0.007175,0.016758757903259758,0.00421565961776782,0.010294565176867332,-0.06432748538011701,
1985-01-01,0.0862,0.12674348089751364,,0.006716666666666667,0.010232081806122784,0.031835718842189165,0.04096189924308735,-0.05312499999999998,
1985-02-01,0.018,0.019626838894869048,,0.006466666666666667,-0.0047959488415240115,-0.023545398073181012,-0.052682890537268046,-0.01320132013201325,
1985-03-01,-0.0020999999999999994,-0.017489530914593487,,0.006891666666666667,0.01260069270435471,0.021812978435376884,0.028028724826266282,0.050167224080267525,
1985-04-01,-0.0024,0.004871060171919739,,0.0070999999999999995,0.01739662767534278,0.035431985903552565,0.02422768472743675,0.04140127388535042,
1985-05-01,0.057300000000000004,0.03649843170801259,,0.006625,0.025203467889960862,0.06613667662551581,0.0912753035278413,-0.033639143730886834,
1985-06-01,0.0182,0.01856946354883071,,0.006233333333333334,0.011631579387363367,0.01022992846715165,0.016126090305821572,0.0031645569620253333,
1985-07-01,-0.0009999999999999998,0.01718433490884541,,0.005791666666666667,0.0012281258821520424,-0.016371301698402174,-0.013952961331688218,0,
1985-08-01,-0.0046,-0.011882239702612263,,0.0059,0.008234867045820327,0.03198468192922754,0.026897332604108426,0.04100946372239744,
1985-09-01,-0.039099999999999996,-0.058378959390010365,,0.0059499999999999996,0.008714171100800083,0.0035015139885112845,0.0021816010132504893,-0.021212121212121238,
1985-10-01,0.04650000000000001,0.04355580922484226,,0.005916666666666666,0.01038519602216259,0.032040245745518,0.03370229391223334,0.009287925696594534,
1985-11-01,0.0707,0.0731865727763723,,0.005966666666666667,0.011291247303997887,0.03275964465467118,0.04093420418096927,-0.012269938650306789,
1985-12-01,0.0453,0.03497372193024373,,0.006033333333333333,0.015312873864101961,0.0427082057172512,0.058782048067111736,0,
1986-01-01,0.0121,0.03336103160680759,,0.005916666666666666,0.0063674263002631015,0.005468491136319864,0.00954091855580308,0.07763975155279512,
1986-02-01,0.0767,0.07076272448402188,,0.005891666666666667,0.011455681172602095,0.0712747619560079,0.1176039971276488,-0.023054755043227626,-0.3257740950719581
1986-03-01,0.055099999999999996,0.04224960364920882,,0.005883333333333333,0.02029026059162553,0.05375663326161684,0.09737725179711698,0.020648967551622377,-0.18434670116429508
1986-04-01,-0.0076,0.02273697694278387,,0.0054666666666666665,0.007277850940930142,0.001969929702366313,-0.0030750669638553996,-0.017341040462427793,0.018239492466296525
1986-05-01,0.051100000000000007,0.044149879970775574,,0.00505,-0.003709414129219546,-0.030255854833684315,-0.028645095976458368,0.00588235294117645,0.19781931464174463
1986-06-01,0.0158,0.013369652139144206,,0.005125,0.015776565219885574,0.0581680485245899,0.06896878563552411,0.0029239766081872176,-0.1267880364109233
1986-07-01,-0.0591,-0.08419027890804165,,0.005175,0.0098557461598201,0.003913091108606492,-0.0063915744183610235,0.014577259475218707,-0.13700670141474314
1986-08-01,0.0653,0.030939494304871085,,0.004858333333333333,0.016664392866380995,0.03364512387328822,0.037769357227064315,0.08333333333333326,0.30284728213977563
1986-09-01,-0.0814,-0.08407773076320324,,0.004608333333333333,-0.0029359670171615893,-0.019377689581836277,-0.03809504670997743,0.10875331564986745,-0.015231788079470232
1986-10-01,0.051,0.028802007585479128,,0.004341666666666666,0.007384698939486567,0.003913091108606492,0.007217620000161018,0.014354066985645897,0.0020174848688636615
1986-11-01,0.015600000000000001,-0.003326218920641888,,0.004316666666666667,0.0060409735992650315,0.01936082357404567,0.03118321088608833,-0.061320754716981174,0.021476510067114152
1986-12-01,-0.027699999999999995,-0.029869010206635682,,0.004458333333333333,0.0026183406557214184,0.003768676957046191,-0.0033166861905613576,-0.017587939698492483,0.05847568988173446
1987-01-01,0.12869999999999998,0.12392856119026474,,0.004608333333333333,0.0055789276040374425,0.005895747589032885,,0.04347826086956519,0.1576660459342023
1987-02-01,0.0481,0.08394123348467075,,0.0045249999999999995,0.004850897907645146,0.005195129570307877,,-0.01715686274509809,-0.04825737265415542
1987-03-01,0.020999999999999998,0.01195378497305688,,0.004658333333333333,0.0018497660128342641,-0.021625923144225068,,0.01995012468827939,0.030985915492957705
1987-04-01,-0.0165,-0.028461806766655107,,0.004658333333333333,-0.009393109809721856,-0.046929312900829245,,0.07090464547677255,0.02076502732240426
1987-05-01,0.0049,-0.003039659175223197,,0.004699999999999999,0.000625442998360759,0.0002566793386866717,,0.05022831050228316,0.04068522483940051
1987-06-01,0.04390000000000001,0.01951793345176922,,0.004716666666666667,0.009996760251161252,0.019627657554311728,,-0.021739130434782594,0.03240740740740744
1987-07-01,0.043,0.02415993595026733,,0.004725,0.0035081081413246284,-0.01684170744755986,,0.0022222222222221255,0.06327852516193322
1987-08-01,0.039900000000000005,0.046076380107143766,,0.004741666666666667,0.0003206610226884621,-0.03379806774884542,,0.022172949002217335,-0.048266166822867884
1987-09-01,-0.0213,-0.023474075213750334,,0.005033333333333333,-0.004392197388789598,-0.011319045410511097,,-0.002169197396963085,-0.03840472673559814
1987-10-01,-0.2259,-0.2723221319408494,-0.30765175442577253,0.005333333333333334,0.02493932400776422,0.054681755951467625,,0.010869565217391353,0.016897081413210335
1987-11-01,-0.0741,-0.056108877203835394,-0.05547103897758632,0.005108333333333334,0.0035918926656912653,0.0033737529895856433,,0.006451612903225712,-0.05085599194360513
1987-12-01,0.0721,0.08294009699829608,0.07806626194218835,0.004741666666666667,0.005640018015210968,0.014485948323230469,,0.03846153846153855,-0.08328912466843508
1988-01-01,0.045,0.04293884467576481,0.04002657173322599,0.004808333333333333,0.016062482942757805,0.045317288356280905,,-0.01851851851851849,-0.008680555555555691
1988-02-01,0.05229999999999999,0.06464341670051632,0.08671357733141383,0.004841666666666666,0.007515285232173152,0.005432455265295566,,-0.07337526205450728,-0.01926444833625207
1988-03-01,-0.018199999999999997,0.020984357115604757,0.04445251669105166,0.004716666666666667,0.0009332703942217524,-0.012335326235224264,,0.004524886877828038,-0.03571428571428581
1988-04-01,0.0103,0.012251761691223662,0.02011959713789535,0.00475,0.00047701507758257655,-0.012506035208019628,,0.018018018018018056,0.10246913580246919
1988-05-01,0.0024,-0.02344223821955027,-0.025101713864811193,0.004925,-0.002021198824168069,0.0007787969960795227,,-0.0022123893805309214,-0.024636058230682933
1988-06-01,0.052700000000000004,0.06566938488956109,0.07024126955892518,0.005216666666666666,0.010044580525261138,0.020411120792015458,,0,-0.05109070034443175
1988-07-01,-0.0074,-0.01857294886737959,-0.009319257327622288,0.005383333333333334,0.0001420018706870252,-0.015355427408233258,,-0.02882483370288247,-0.06231094978826379
1988-08-01,-0.027200000000000002,-0.02783156481553195,-0.027686929837768548,0.005608333333333334,0.0013293912632075244,0.015225352317712382,,-0.01598173515981738,0.001290322580645098
1988-09-01,0.0393,0.02963749834019369,0.022986076015234502,0.005883333333333333,0.011995829936291003,0.015823367513858155,,-0.04176334106728541,-0.06314432989690721
1988-10-01,0.0177,-0.013541048721982918,-0.01234151440798581,0.006033333333333333,0.010039053341947657,0.008561360310989308,,-0.014527845036319653,-0.05295735900962861
1988-11-01,-0.017,-0.02878732416461849,-0.03558577584491718,0.006124999999999999,-0.003445197642240938,-0.013948907515438647,,0.03194103194103204,0.026870007262164153
1988-12-01,0.021099999999999997,0.026733073091937065,0.0377438266156227,0.006466666666666667,0.002062907395759872,0.010080766018476961,,-0.0023809523809523725,0.15841584158415833
1989-01-01,0.0662,0.052231370286853096,0.043971033460205255,0.006725,0.007820420230327363,0.015884950001449516,,-0.03579952267303099,0.10012210012210021
1989-02-01,-0.016200000000000003,-0.003962123099925274,0.00461482890420184,0.006891666666666667,0.00008084438981348363,-0.01178701255224357,,-0.03960396039603964,-0.004439511653718031
1989-03-01,0.022400000000000003,0.017562732981411644,0.021609707496433206,0.007108333333333333,0.004721859260251149,0.008250881895013107,,0.005154639175257714,0.08584169453734658
1989-04-01,0.050199999999999995,0.05118874929314288,0.04293856264327456,0.007350000000000001,0.0167332689027635,0.025708796785441912,,-0.01538461538461533,0.08162217659137583
1989-05-01,0.0407,0.04355046193427681,0.04159586111350988,0.007208333333333334,0.014460561728321553,0.0465152257969097,,-0.03385416666666663,-0.04508780256288558
1989-06-01,-0.006200000000000001,-0.024385323979648987,-0.023960826908416166,0.007025,0.020129533873435967,0.029112130224388633,,-0.008086253369272267,-0.0034791252485089075
1989-07-01,0.0788,0.04261526798226467,0.042288865777612594,0.006791666666666667,0.016278532796072387,0.013397924127343863,,0.01902173913043481,-0.013466334164588534
1989-08-01,0.0217,0.03413097126740694,0.021203420906831916,0.006566666666666667,-0.009287603853180837,-0.006177422980799929,,-0.026666666666666616,-0.06066734074823066
1989-09-01,-0.0010999999999999998,0.007649202053991999,0.000056171525232517894,0.006583333333333333,0.006201798426820115,-0.001290104309694895,,-0.008219178082191747,0.05435952637244368
1989-10-01,-0.029699999999999997,-0.03656009473060984,-0.06026600689381123,0.006458333333333333,0.017599350566014582,0.03050666099425947,,0.013812154696132506,0.026033690658499253
1989-11-01,0.0173,0.001009591115598063,0.004179834854838749,0.006366666666666666,0.008188339373828235,0.016749760293049976,,0.07356948228882842,-0.01194029850746281
1989-12-01,0.0179,-0.0027845381394022706,0.0008324873114868847,0.006408333333333334,0.004257965738071023,-0.001730975559396386,,0.03906091370558373,0.06243705941591138
1990-01-01,-0.07229999999999999,-0.08577019480233938,-0.08935888244485857,0.006358333333333333,-0.0006832126875591094,-0.03119162771372397,,0.0014900217396613957,0.08341232227488149
1990-02-01,0.0169,0.02409754455159807,0.02903371060348925,0.006366666666666666,0.004177323544715339,0.004320473754266141,,0.017073170731707332,-0.03280839895013121
1990-03-01,0.024700000000000003,0.02280252682995565,0.037471491354094555,0.00645,0.003264140990120623,-0.00023377730121409979,,-0.05755395683453235,-0.07779285391225688
1990-04-01,-0.026699999999999998,-0.03551912568306015,-0.033856923422385,0.006583333333333333,0.001546159644672418,-0.005299124094361174,,-0.04834605597964381,-0.09612555174104953
1990-05-01,0.0911,0.09260361368343384,0.06844207460852125,0.006475,0.015318640395654448,0.03375578708365623,,-0.013368983957219305,-0.012479652740097658
1990-06-01,-0.004600000000000001,0.007233588251955414,0.001243215028863487,0.00645,0.01148899208777654,0.007576074178344383,,-0.046070460704607075,-0.08241758241758246
1990-07-01,-0.012199999999999997,-0.05202362153626516,-0.044997639723667215,0.006441666666666667,0.01252016550747248,0.006904709495265671,,0.03125,0.10479041916167664
1990-08-01,-0.09459999999999999,-0.13013417305585984,-0.13621448051667695,0.00635,0.003693931599746403,-0.021090862270974786,,0.0881542699724518,0.48021680216802176
1990-09-01,-0.05510000000000001,-0.09627239579234537,-0.09182136092741411,0.006208333333333333,0.007487551634508982,0.00985939566192151,,-0.015189873417721489,0.22702306847308673
1990-10-01,-0.012399999999999998,-0.04258221822298347,-0.0621151957912236,0.0061333333333333335,0.010951294654805377,0.023700782797150488,,-0.020565552699228773,0.07549985079080868
1990-11-01,0.0692,0.08858840650012145,0.07304552866637559,0.005975,0.010585937611462759,0.027733305475676318,,0.002624671916010568,-0.10294117647058831
1990-12-01,0.030600000000000002,0.04116303681835887,0.036781387604408966,0.005883333333333333,0.012878816370241797,0.022975409018639592,,-0.01308900523560208,-0.1562016702752861
1991-01-01,0.05210000000000001,0.10796062486625302,0.09054464067339962,0.0056166666666666665,0.0076366029486711895,0.01403881954448738,,0.018567639257294433,-0.07514662756598245
1991-02-01,0.0767,0.09379526798647997,0.10980094355348702,0.005183333333333333,0.0059670564550386995,-0.007633831036973904,,-0.05208333333333337,-0.1882679349980182
1991-03-01,0.031,0.06456241032998555,0.0688124656677247,0.00495,0.006135572720772808,0.011375938676209785,,-0.0027472527472527375,-0.02832031250000011
1991-04-01,0.0025,0.0050176238855483835,-0.002339008884468363,0.004925,0.009660646297620978,0.007273240722682539,,-0.01377410468319562,0.046733668341708556
1991-05-01,0.041299999999999996,0.04412856907080376,0.045307987221647306,0.0047083333333333335,0.007715132925736556,0.00524219906228951,,-0.0027932960893854997,0.019203072491598805
1991-06-01,-0.045200000000000004,-0.059651063997945064,-0.06016595238237843,0.00455,0.0016009250638031602,-0.005432384866148832,,0.028011204481792618,-0.04898728214790382
1991-07-01,0.0473,0.05488317364262896,0.03072605380186544,0.004641666666666667,0.007262012641787274,0.018886041861576164,,0.0027247956403269047,0.05993065874195125
1991-08-01,0.0278,0.047087881443709456,0.036756230061493644,0.0046500000000000005,0.013602268638759574,0.02295752657947192,,-0.03260869565217395,0.01355140186915893
1991-09-01,-0.011300000000000001,0.0022827575711459325,0.005862336263635415,0.004441666666666667,0.011841854860274115,0.03627218991241188,,-0.0196629213483146,0.009220839096357736
1991-10-01,0.0171,0.030557242635894433,0.026864988007926804,0.00435,0.010129132264185658,-0.00015895226066731105,,0.02865329512893977,0.061215166742804916
1991-11-01,-0.0381,-0.03513941581642055,-0.04664867504222969,0.004158333333333333,0.010452170454027687,0.013085404563786263,,0.0027855153203342198,-0.03314679294016354
1991-12-01,0.11230000000000001,0.11918305020042008,0.07694056642232305,0.0037999999999999996,0.0154872308110523,0.04376171462739786,,0.005555555555555536,-0.1317898486197685
1992-01-01,-0.0024999999999999996,0.05776511921410776,0.0801305729444659,0.003391666666666667,-0.0022001092688533896,-0.02642730213696609,,-0.02209944751381221,-0.036410256410256414
1992-02-01,0.013600000000000001,0.02137985521033192,0.029196676386496367,0.0031666666666666666,0.001331362538861569,0.008793391977483633,,0,0.011708355508249113
1992-03-01,-0.0231,-0.04688461963471047,-0.035282960755824266,0.0031999999999999997,-0.0015779522159347081,-0.004433405085676134,,-0.02824858757062143,-0.004734350341925264
1992-04-01,0.014100000000000001,-0.041555559236132966,-0.036524312974323014,0.0033666666666666667,0.007129729823314168,-0.0035584430452186844,,-0.014534883720930258,0.06923890063424931
1992-05-01,0.0058000000000000005,0.01145710928319632,0.011515386879042744,0.003125,0.009367710136948704,0.02221689616362399,,-0.005899705014749235,0.03707365299060794
1992-06-01,-0.020100000000000003,-0.037091455809741714,-0.05007053308221765,0.003025,0.010797568456112794,0.034370729968322244,,0.011869436201780381,0.06720686367969497
1992-07-01,0.0409,0.030571327182398855,0.032665200987896936,0.00305,0.011444439544084029,0.020720495637438274,,0.035190615835777095,-0.027244305493523857
1992-08-01,-0.0212,-0.03049084930186119,-0.030553620412833493,0.002675,0.008577491986304198,0.028756290433786802,,-0.028328611898016942,-0.02020202020202022
1992-09-01,0.014499999999999999,0.03578278164511994,0.021823245524100532,0.002608333333333333,0.009842598679686843,0.015493055897766173,,0.005830903790087438,0.025304592314901564
1992-10-01,0.0125,0.037546933667083726,0.031102586108024077,0.002425,-0.0077757650314685955,-0.03335140788249957,,-0.0028985507246376274,-0.008683729433272336
1992-11-01,0.0437,0.07858948725151627,0.07490821789835755,0.0023833333333333332,-0.003431103866255114,0.0027411732242199616,,-0.026162790697674465,-0.06224066390041505
1992-12-01,0.0181,0.037105694544451895,0.03367474407397175,0.002608333333333333,0.008130063567411083,0.015647572305365953,,0,-0.04572271386430682
1993-01-01,0.011600000000000001,0.028643178964472993,0.032080049648887776,0.0026833333333333336,0.010330797674045433,0.028024275857981618,,-0.017910447761193993,-0.019577537351880392
1993-02-01,0.0034,-0.036720567538846005,-0.024945209509657063,0.0025,0.008593593089233797,0.031838088946121834,,0,0.05570152390961636
1993-03-01,0.025699999999999997,0.02886235222207323,0.030574178048612177,0.0024416666666666666,0.002508690550947712,-0.004579204944723525,,0.003039513677811634,0.011448481831757062
1993-04-01,-0.028099999999999997,-0.04160085780939826,-0.02848921882471578,0.0024583333333333336,0.00565448459841611,0.013183650282337034,,0.036363636363636376,-0.0034448818897637734
1993-05-01,0.031100000000000003,0.0591303559009404,0.042707068791184355,0.002391666666666667,-0.004307905964662573,0.0005650796894187682,,0.07309941520467844,-0.014814814814814836
1993-06-01,0.0055000000000000005,0.004882017900732505,0.0049959242426991235,0.0024666666666666665,0.007340450660556552,0.031195070486548016,,0.013623978201634968,-0.04310776942355887
1993-07-01,-0.0010000000000000002,0.0010654165778820612,0.013327621722760696,0.002558333333333333,0.0015050706884423004,-0.0004731127335415586,,0.053763440860215006,-0.06286013619696174
1993-08-01,0.0397,0.054122321555271746,0.041063990439735853,0.002533333333333333,0.007989390964392884,0.04449629545295464,,-0.03316326530612246,0.006707657909446718
1993-09-01,0.0014000000000000002,0.02684292714447256,0.027541937806100147,0.0025166666666666666,0.0030244498212161908,0.002089900132570266,,-0.0633245382585752,-0.02831760133259309
1993-10-01,0.016399999999999998,0.021605181048270916,0.024629356800560886,0.0024583333333333336,0.0013873187125559294,-0.0024308477339022305,,0.025352112676056304,0.037142857142857144
1993-11-01,-0.016200000000000003,-0.03191489361702127,-0.033837446027875306,0.0025166666666666666,-0.0008963067565674887,-0.02313625714677603,-0.032763114985095876,0.027472527472527375,-0.08484848484848484
1993-12-01,0.018799999999999997,0.029706120176566486,0.03266639733298726,0.0025833333333333333,0.0029392792768363485,0.0025402972666668244,0.0030922941488535916,0.02406417112299475,-0.1258278145695364
1994-01-01,0.031200000000000002,0.030471163748712726,0.030666277845564416,0.00255,0.005884067004276572,-0.0033556431828504207,0.02673857354829301,0.010443864229765065,0.03512396694214881
1994-02-01,-0.023399999999999997,-0.009956650467850214,-0.003714506510519966,0.0024833333333333335,-0.0065723793718884815,-0.02708423442505048,-0.044813693283479616,-0.012919896640826822,-0.016633399866932796
1994-03-01,-0.0452,-0.061880126182965234,-0.05449478886462955,0.0027083333333333334,-0.005879931310329489,-0.02259690813691717,-0.04471297431471666,0.005235602094240788,-0.006765899864682012
1994-04-01,0.009500000000000001,-0.012939499098808316,0.00593485823171136,0.002916666666666667,-0.0050225141446545996,-0.01487270950427666,-0.01570357623683749,-0.01822916666666663,0.11852861035422357
1994-05-01,0.009,0.0018396380682437208,-0.012947947863579223,0.0030666666666666668,-0.00028230268565632155,0.011456578127287953,-0.008168434439610905,0.010610079575596787,0.08952496954933009
1994-06-01,-0.0273,-0.039758429793658845,-0.036063886140835,0.00345,0.0017382414274857982,-0.019319857619436664,-0.010893895693552591,0.013123359580052396,0.06539966461710445
1994-07-01,0.030999999999999996,0.022947475777664428,0.015689393556941322,0.00345,0.008666363492612295,0.021487215662524095,0.03619488422036543,-0.002590673575129543,0.03147953830010497
1994-08-01,0.043899999999999995,0.060180569402902506,0.05433094279385764,0.003608333333333333,0.0017212450846642025,-0.00045272490965120316,-0.008130746010666323,-0.012987012987012991,-0.0651068158697864
1994-09-01,-0.019099999999999995,-0.0017371542018234098,-0.004663501371345968,0.0037333333333333337,-0.0029049335579016677,-0.022260484187517915,-0.03136662188250483,0.03157894736842115,-0.05059847660500538
1994-10-01,0.0173,0.017270931191040173,-0.00429482611938703,0.00385,0.001549608445087669,-0.022086509556056066,-0.004254435159556813,-0.005102040816326481,0.015472779369627432
1994-11-01,-0.0366,-0.03494578708407825,-0.04223199785125231,0.004125,-0.004224456503897467,0.022267020958410377,0.005649995387282614,-0.01538461538461533,0.01975169300225743
1994-12-01,0.013000000000000001,0.0021857340867896813,0.025015355620682023,0.0044083333333333335,0.000992060550399243,0.004362843851638987,0.014531640877983198,-0.01302083333333337,-0.05035971223021585
1995-01-01,0.0222,0.004308739826586638,-0.014019789496241164,0.004666666666666666,0.01388020808016277,0.030625225412768575,0.027619392205722626,0,0.05128205128205132
1995-02-01,0.0403,0.051019597457627075,0.03937614332740624,0.004758333333333333,0.014281492995184442,0.015185655574759815,0.029855938243448232,-0.00527704485488123,0.029379157427938063
1995-03-01,0.0265,0.029581847731596334,0.016369729779622144,0.004808333333333333,0.005402898250798316,0.017246271690423143,0.010309937282807491,0.013262599469495928,-0.001615508885298933
1995-04-01,0.0255,0.032757797873251615,0.02070799801191603,0.004775000000000001,0.009136475430695512,0.015069063657342285,0.018571296480582422,0.023560209424083878,0.07335490830636449
1995-05-01,0.0344,0.02440816133083734,0.01532849820204607,0.0047083333333333335,0.018126311301284614,0.07720377987683569,0.08233839212658545,-0.01534526854219953,-0.008040201005025116
1995-06-01,0.031900000000000005,0.07965717458187793,0.04950973129625358,0.004725,0.0066399162313939275,-0.0030358508480401447,0.01429198813330701,0.007792207792207684,-0.06534954407294824
1995-07-01,0.0416,0.07259092613423324,0.05672882297674575,0.0045583333333333335,0.0031578252588135847,-0.015849989925290076,-0.020359676307511898,-0.005154639175257714,-0.0607046070460705
1995-08-01,0.0102,0.018877158638047842,0.01865072839691595,0.004516666666666666,0.0053778830417374746,0.025841134344092742,0.023080936955794495,-0.005181347150259086,0.03981534910559725
1995-09-01,0.0379,0.02296811128211651,0.016606096638698276,0.0045000000000000005,0.005174609364468452,0.008785836109809209,0.018717783615664896,-0.0026041666666666297,0.011653718091010123
1995-10-01,-0.0104,-0.00716790923203714,-0.045524855533614184,0.0044,0.008748209851495048,0.022130373125355263,0.027766748183821743,0,-0.04388370817334064
1995-11-01,0.0438,0.02233461382545432,0.041620207838871215,0.0044,0.009120422972505038,0.02212497600997998,0.027962826665518525,0.005221932114882533,0.032128514056224855
1995-12-01,0.015300000000000001,-0.006674848942598177,0.02394845735307216,0.0044666666666666665,0.007663684529372494,0.014502991680533928,0.026996586172906012,0.0051948051948051965,0.05780989438577011
1996-01-01,0.0269,0.007280469143546853,-0.001867254282404196,0.0042833333333333334,0.008792337222617963,-0.0014118030789463942,-0.0019342827200632406,0.03100775193798455,-0.008933263268523506
1996-02-01,0.017200000000000003,0.03798865813038432,0.03028089176584703,0.004166666666666667,-0.005102394105152008,-0.019749782763448742,-0.05011136567039587,0.015037593984962516,0.012195121951219523
1996-03-01,0.0113,0.0012272169446845282,0.017973091033544053,0.004025,-0.0017845732255353797,-0.02054983106542252,-0.022676911984056525,-0.022222222222222254,0.11733892090099518
1996-04-01,0.0252,0.0809151988378427,0.05293711747501151,0.0041333333333333335,0.00048196403163869306,-0.03453294908114035,-0.018787581476073845,-0.007575757575757569,0.10173464603844362
1996-05-01,0.0278,0.044442764506266164,0.038962924577296665,0.004125,0.0006889386265840347,0.00922600514780525,-0.005772576749664582,-0.0025445292620864812,-0.0991489361702127
1996-06-01,-0.007299999999999998,-0.04697490007479321,-0.04211695590684439,0.004183333333333333,0.008012742353602054,0.014211582537355438,0.020774280070192885,-0.017857142857142905,-0.03542749173358528
1996-07-01,-0.055099999999999996,-0.08812509493510667,-0.08831247409250242,0.004241666666666666,0.0030679426633373197,0.02142439372651128,0.0015341267653157242,-0.0051948051948051965,0.04309500489715967
1996-08-01,0.0318,0.05636735487095024,0.056582293932951,0.004291666666666667,0.0029820660426997936,-0.026501378745278692,-0.01609838704268629,0.010443864229765065,0.028169014084507005
1996-09-01,0.0545,0.07483136224266329,0.03746858027636568,0.004208333333333333,0.009497465915962566,0.040440985074641445,0.030395561156004725,-0.01033591731266148,0.09452054794520559
1996-10-01,0.0129,-0.00440941544680995,-0.016801891157646853,0.004241666666666666,0.010930870578806484,0.012595433123272048,0.03950478356571896,-0.005221932114882533,0.03796412181894038
1996-11-01,0.0666,0.05820664587273128,0.03975681280252563,0.004158333333333333,0.007982326502186554,0.028843860679228284,0.03780574754747312,-0.007874015748031482,-0.04702572347266876
1996-12-01,-0.0124,-0.0012223331089810108,0.02400384160746305,0.0041916666666666665,-0.0005826330215538134,-0.028228072160956685,-0.025170962371934724,-0.023809523809523836,0.06410797132011803
1997-01-01,0.0541,0.06879778161622885,0.018863316322734747,0.004091666666666667,0.0037684459973019724,0.004639212361093659,-0.00847523987979093,-0.03794037940379402,-0.003963535473642588
1997-02-01,-0.0008999999999999997,-0.05134616081458121,-0.025443291659156708,0.0041916666666666665,0.0022130004680394055,0.0032067591563196274,0.0002703899139033794,-0.022535211267605604,-0.11738957421408669
1997-03-01,-0.045899999999999996,-0.06669213139801367,-0.048576561109153205,0.004175,-0.0013860667946627991,-0.020135888863027862,-0.026807695419197697,0.014409221902017322,-0.054553651938683556
1997-04-01,0.0447,0.03197184251452878,0.0012844536564167175,0.0042833333333333334,0.008153000316150072,0.02289021425279092,0.023976855955805343,-0.022727272727272707,-0.06056270863137814
1997-05-01,0.0722,0.11069513626701344,0.11008749202806123,0.0043,0.006421624763646161,0.0062079360862767885,0.012190249365322536,0,0.056852791878172715
1997-06-01,0.0447,0.029814613802559453,0.04099691393844429,0.004208333333333333,0.00761614493552254,0.03172722669231964,0.019748515813353906,-0.008720930232558155,-0.0749279538904899
1997-07-01,0.0774,0.10522374087249586,0.04568967402233959,0.004108333333333333,0.011095840781017996,0.013249993835601215,0.06283254112317516,-0.04985337243401755,0.020768431983385183
1997-08-01,-0.036899999999999995,-0.004072003563787452,0.021593277003045586,0.004208333333333333,0.0006170177062536641,-0.005091009501285271,-0.031898475579367314,0,0.014750762970498377
1997-09-01,0.057800000000000004,0.06197238112037917,0.07177104875446805,0.0042833333333333334,0.007958174383314365,0.029604617893913776,0.029938088122317685,-0.0030864197530864335,-0.007518796992481147
1997-10-01,-0.0338,-0.05462451577692229,-0.04530429956100468,0.004125,0.007825844339181653,0.017609646905286658,0.03480587797337886,0.006191950464396356,0.07727272727272716
1997-11-01,0.033800000000000004,0.004354892351328132,-0.00770898828095723,0.004141666666666667,0.002308836708896589,0.0033201152920991905,0.015389539681101239,-0.058461538461538454,-0.05344585091420517
1997-12-01,0.0181,-0.018868513948330334,0.016514643106120275,0.0042833333333333334,0.006536821672127324,0.019088799720818228,0.016550781544231397,-0.05555555555555558,-0.09212481426448749
1998-01-01,0.0058,0.031209602954755278,-0.015948930016757346,0.0043,0.01078369998564499,0.015248767228946747,0.021258556970871423,0,-0.08783415166393882
1998-02-01,0.0742,0.09333934393834609,0.07389838316794961,0.0042,0.00025499872351208985,-0.002216120258566434,-0.007855647717950331,0.02768166089965396,-0.03947368421052633
1998-03-01,0.0515,0.036808603170837895,0.040815899035534065,0.004241666666666666,0.0036750921088049004,0.015995250693709773,0.0014761128077565022,-0.0033670033670033517,-0.05853051058530512
1998-04-01,0.011699999999999999,0.017829904994334456,0.004597699106122066,0.0041916666666666665,0.004792621526527707,-0.01050740904746561,0.002655665776168492,0.04054054054054057,0.015211640211640232
1998-05-01,-0.026699999999999998,-0.04792310039017145,-0.0544016623544713,0.004125,0.00568265534123058,0.012970369281039673,0.02124845279357368,-0.02922077922077926,-0.028664495114006483
1998-06-01,0.036000000000000004,0.06513685654376089,0.0016863465014325119,0.004166666666666667,0.0052748933234587625,0.015213312552368796,0.024897228932839743,-0.02341137123745818,-0.07981220657276988
1998-07-01,-0.0202,-0.011795813673643796,-0.0822930397318985,0.00415,0.004523534499704773,-0.0015868211592803272,-0.004650396809281032,0.003424657534246478,0.03279883381924198
1998-08-01,-0.1562,-0.19928540528415561,-0.19487787443232574,0.0041333333333333335,0.015016228365417161,0.04167367071388517,0.04820630709727802,-0.030716723549488067,-0.04940014114326041
1998-09-01,0.0665,0.12979156244789047,0.07586916172428504,0.004083333333333334,0.015164167387232252,0.060952018412615994,0.03905643769621592,0.01760563380281699,0.11581291759465473
1998-10-01,0.07300000000000001,0.04578354508099958,0.04007262980546522,0.003841666666666667,0.0068378506416046925,-0.022435327572571273,-0.021213491689423325,0.02422145328719716,-0.03792415169660668
1998-11-01,0.0638,0.10057073823381635,0.05180345924524188,0.0033,-0.0042258496109772725,0.005406775374013684,0.010524798061711804,-0.006756756756756799,-0.10096818810511765
1998-12-01,0.0653,0.1247217292284335,0.060867357523766596,0.0036750000000000003,0.003748037864194975,0.0014513625149890075,-0.002879767941873612,-0.006802721088435382,-0.12692307692307692
1999-01-01,0.0383,0.14283824890887442,0.012465659949149499,0.003658333333333333,0.0030216752009468717,0.0030509916571199724,0.009306709032671057,-0.017123287671232834,0.10308370044052872
1999-02-01,-0.0373,-0.08693917131238793,-0.08183135470059066,0.0036166666666666665,-0.006142929163167832,-0.044290608427024813,-0.053959105913055194,0,-0.04073482428115016
1999-03-01,0.0391,0.07577260787664497,0.013689886767698,0.0037,0.006760290498138977,0.011266223506593231,-0.0033088553367228712,-0.0034843205574912606,0.2223147377185679
1999-04-01,0.0471,0.033090923864467214,0.08847419018629976,0.0037,0.002490870230652309,-0.00789845144261958,0.0025557469478902917,-0.010489510489510523,0.17915531335149848
1999-05-01,-0.0212,-0.028444461922645825,0.013562522008038425,0.003575,-0.0019250612706233072,-0.029877799728283194,-0.019039731846868913,-0.02473498233215543,0.023685730791449977
1999-06-01,0.051699999999999996,0.08726907695545871,0.04331175416527944,0.00375,0.00249080915134825,0.0047922184350961405,-0.010715216104740688,-0.05434782608695654,0.011286681715575675
1999-07-01,-0.031100000000000003,-0.017731895819993237,-0.028207489662443574,0.0038083333333333337,0.0027621073693002707,-0.0026291427478760676,-0.0071131592883593164,-0.019157088122605415,0.12165178571428559
1999-08-01,-0.009800000000000001,0.03822640980257663,-0.03808710762831058,0.0037916666666666667,0.002845613012608217,0.007103054054146796,-0.004718462244930888,0.00390625,0.05870646766169152
1999-09-01,-0.023799999999999998,0.002485991202292537,-0.0012388069932712797,0.003933333333333333,0.006513023643286431,-0.0032843999658669354,0.0075583681149336,0.03112840466926059,0.11842105263157898
1999-10-01,0.0648,0.08021018440294814,0.0031360329832679223,0.0039,0.0017724334340569747,0.003461144792141768,-0.00021207665885225602,0.17358490566037732,-0.04663865546218482
1999-11-01,0.0377,0.12463803292172737,0.05935043639053039,0.004050000000000001,0.0008382091265823899,-0.006050331363299355,-0.0056172433479915185,-0.05787781350482313,0.10180696342000872
1999-12-01,0.081,0.2197586446693205,0.11158829925588543,0.0042250000000000005,0.0008493542766663253,-0.015205756315267438,-0.01723667327209366,-0.03412969283276446,0.04400000000000004
2000-01-01,-0.0433,-0.031690876340214946,-0.016879621621935348,0.004333333333333333,-0.0014298908831150703,-0.00046986873960042086,0.017594135551091572,0.0035335689045936647,0.04444444444444451
2000-02-01,0.028900000000000002,0.19194741583869446,0.16419807182635915,0.004433333333333333,0.006854478885577109,0.015538153484134787,0.0344287599393065,0.05633802816901401,0.07740278796771816
2000-03-01,0.056799999999999996,-0.026371763944394777,-0.06685013873450762,0.004625,0.0059019498464818465,0.031838088946121834,0.034821324350256866,-0.046666666666666634,0.016002723867892366
2000-04-01,-0.0593,-0.15573944362681313,-0.060917518817823035,0.004741666666666667,0.002154155569076943,-0.009670429697250738,-0.007274368165911094,-0.020979020979020935,-0.13806970509383376
2000-05-01,-0.0389,-0.11908585578631636,-0.05939754533179009,0.004716666666666667,0.005313504737854746,0.011000384937770669,-0.007077468050744606,-0.017857142857142905,0.11936236391912902
2000-06-01,0.0508,0.16619081363517418,0.08620687224235946,0.004825,0.011012862910243726,0.01392137115895875,0.023352466833500563,0.040000000000000036,0.1052448766932963
2000-07-01,-0.02,-0.050205364954577725,-0.03207464077251965,0.004741666666666667,0.006671590594855337,0.013872782833850517,0.0199872661465621,-0.013986013986013957,-0.06662476429918296
2000-08-01,0.0753,0.11663423582223498,0.07440475972772154,0.004966666666666667,0.007321702799175656,0.022124467655001645,0.02471403511516801,-0.02670212765957436,0.05252525252525264
2000-09-01,-0.049300000000000004,-0.12683918361524837,-0.030712634704787023,0.005075,0.008658648955864656,-0.004276661248070801,-0.014496521090463954,-0.0017123911538602377,0.08381317978246972
2000-10-01,-0.022199999999999998,-0.0825496484989735,-0.045437985812899484,0.005,0.005637423804415009,0.0025402972666668244,0.017710371447037243,-0.014598540145985384,-0.022727272727272818
2000-11-01,-0.10189999999999999,-0.2290162421393448,-0.10396236737626208,0.005091666666666667,0.01081167511509884,0.028235415973306033,0.03313171119076386,-0.014814814814814836,0.03956508607671405
2000-12-01,0.0168,-0.049042891840811675,0.08429384251714378,0.005141666666666667,0.013645760334265677,0.03535508345237082,0.027414839932857538,0.018796992481203034,-0.17373619988378852
2001-01-01,0.0379,0.12232647377879968,0.051310151637392165,0.004808333333333333,0.013107945597327308,0.0003799885895889865,-0.0025142140571836613,-0.022140221402214055,0.04043600562587901
2001-02-01,-0.09649999999999999,-0.22393092728105513,-0.06682535599288841,0.004291666666666667,0.007634476367123,0.021341920027712957,0.02145705671483711,-0.01132075471698113,0.0006759040216288703
2001-03-01,-0.0683,-0.14479303662464038,-0.05025612197921847,0.004066666666666666,0.00783781118134419,0.005637205470237605,-0.0061827408894500335,0.003816793893129722,-0.07970280310705846
2001-04-01,0.0832,0.14996793931292296,0.07722018209483239,0.003683333333333333,0.0012672180610278083,-0.01740745278636846,-0.03253179201316103,-0.011406844106463865,0.008807339449541152
2001-05-01,0.01,-0.0027170831285676655,0.023036331713216285,0.003225,0.005010472142712441,-0.009394378685939841,0.0013996432330980468,0.04615384615384621,0.041469625318297565
2001-06-01,-0.0166,0.023714871901785894,0.032507582373489496,0.0030166666666666666,0.0029392792768363485,0.0021636051805062895,0.009544859485344226,-0.007352941176470562,-0.03597624869018501
2001-07-01,-0.018299999999999997,-0.06174845177594479,-0.05434615924050856,0.0029083333333333335,0.011941331839128377,0.02134714889407663,0.04057827645162204,-0.007407407407407418,-0.04239130434782612
2001-08-01,-0.06090000000000001,-0.10936644418463548,-0.03345847861204254,0.0029249999999999996,0.005887533280700019,0.03158667309482199,0.02147985990896073,0.014925373134328401,0.03556564510026483
2001-09-01,-0.08960000000000001,-0.16983765640318382,-0.13592710170151,0.0028,0.01746279141775986,0.0237322222360703,0.00691957369752938,0.040441176470588314,-0.04274753379612717
2001-10-01,0.027000000000000003,0.12770216172938365,0.05754938274396659,0.0022,0.010189481886393237,0.02214833074679734,0.05436777522021474,0,-0.15381679389312963
2001-11-01,0.077,0.14221985563838602,0.0761613011861848,0.0018000000000000002,-0.005389258034097288,-0.028475504330534473,-0.05450124981033866,-0.02473498233215543,-0.11411817771763644
2001-12-01,0.0176,0.010266344829015228,0.0601588638702617,0.0015583333333333334,-0.0018978881653999302,-0.026776115808323175,-0.01899280708091633,0,-0.012729124236252498
2002-01-01,-0.012999999999999998,-0.008393150123051751,-0.01105423520262927,0.0014083333333333333,0.0008805477867104283,0.016651384917705014,0.01182891328884672,0.021739130434782705,0.017019082001031416
2002-02-01,-0.0217,-0.10472433209412468,-0.028441359094102392,0.001375,0.004464553561969398,0.007241186088480678,0.013011245320666998,0.049645390070921946,0.05070993914807298
2002-03-01,0.0437,0.06575839306031206,0.07904381980011954,0.0014333333333333333,-0.009570853364423093,-0.02930921848104362,-0.043700849132763175,-0.006756756756756799,0.18388030888030893
2002-04-01,-0.0506,-0.08514373966998123,0.00831264471762272,0.0014916666666666667,0.011930139271365992,0.03070153136010756,0.03912100426930554,0.030612244897959107,0.06726457399103136
2002-05-01,-0.012200000000000003,-0.042944385539885,-0.04543053556504606,0.001425,0.003050936563798068,0.004189213720896756,0.001202161103712518,0.03630363036303641,0.032849503437738736
2002-06-01,-0.07100000000000001,-0.09439695988810015,-0.05093644021188448,0.0014416666666666666,0.00859158768373236,0.021340819845241388,0.018989979219345532,0.022292993630573354,-0.056213017751479244
2002-07-01,-0.08039999999999999,-0.09222872998407616,-0.15178108031589888,0.0014166666666666666,0.014908514062580647,0.046377915493071464,0.03369758446328497,-0.024922118380062308,0.05681818181818188
2002-08-01,0.0064,-0.010095914956409158,-0.003720559407516366,0.0014,0.0035314077676560363,0.018902829468113946,0.04806402207900162,-0.009584664536741228,0.05265109380793476
2002-09-01,-0.102,-0.10859793892839487,-0.0733834741878,0.00135,0.009662427772382465,0.04051261766711556,0.04381684305107192,0.029032258064516148,0.04473406128918622
2002-10-01,0.0798,0.13454089381089718,0.030999009928764254,0.0013583333333333331,0.002179696200720116,-0.022922249270802997,-0.031052291170092117,-0.006269592476489061,-0.027646662171274428
2002-11-01,0.0608,0.11207369806354572,0.08795182357032294,0.0013166666666666667,-0.006083834648137887,-0.013561218309441236,-0.014353297066477366,0.006309148264984188,-0.08633841886269067
2002-12-01,-0.056499999999999995,-0.09688391782415229,-0.05724131762335849,0.001025,0.010563337488318059,0.017258521016311867,0.04872812567732221,0.040752351097178785,0.11802656546489554
2003-01-01,-0.024699999999999996,-0.003347035963789158,-0.028505006694366064,0.0009916666666666665,-0.0007283531128831067,0.007407262672108228,-0.008610278152460071,0.07530120481927716,0.11846571622539037
2003-02-01,-0.0179,0.008782606082461841,-0.03130296368254992,0.000975,0.005004115712593515,0.02718652662187604,0.03360503753052324,0.0056022408963585235,0.08740515933232151
2003-03-01,0.0119,0.010627601975080614,0.01115061481680435,0.000975,0.0016474479377588391,-0.017272724875113554,-0.013888940553558049,-0.05013927576601673,-0.06475020932179743
2003-04-01,0.0828,0.08525423728813553,0.09365222837166942,0.0009416666666666666,0.0012543929933874765,0.004901930367991358,0.01036579365288337,-0.038123167155425186,-0.15935541629364358
2003-05-01,0.061399999999999996,0.08639292722840519,0.10615031629800065,0.0009416666666666666,0.004650125295285301,0.05097261513639051,0.06080564625621254,0.08536585365853666,-0.0021299254526092604
2003-06-01,0.0152,0.01345067253362675,0.016712007068452328,0.0008916666666666667,0.0012939460308343254,-0.021962655296581923,-0.017265231596594766,0,0.09071504802561359
2003-07-01,0.024,0.08383288928359955,0.06166780604767652,0.0007666666666666667,-0.007907451115938269,-0.05819644336371621,-0.10620922118794962,-0.014044943820224698,0.003261578604044413
2003-08-01,0.024,0.03212186392165561,0.04495614660721281,0.00075,-0.0013145787126269681,0.002871380195198281,0.01665646207597371,0.02564102564102555,0.026332899869961013
2003-09-01,-0.0116,-0.006125194341224494,-0.019581079347480213,0.0007916666666666666,0.010090867816672233,0.022969850769960054,0.057383167247503586,0.05277777777777781,-0.10326259106746916
2003-10-01,0.061500000000000006,0.074571062455969,0.0831282370328763,0.0007833333333333333,-0.005315819955120538,-0.006114745473850158,-0.03165994306231379,0,0.07170611091487111
2003-11-01,0.0142,0.01338055070877675,0.0346258000017563,0.0007666666666666667,-0.0023916911661349127,0.0027771938785789985,0.004287121315257769,0.029023746701847042,0.025379037574159602
2003-12-01,0.0437,0.01709575866249624,0.01902977656963012,0.0007750000000000001,0.005834690089943084,0.0003944089551490837,0.01670423423050904,0.04358974358974366,0.032786885245901676
2004-01-01,0.022199999999999998,0.034468251344772716,0.04282565903143576,0.00075,0.0015274883878850787,0.021346829707820758,0.016727063852318258,0.017199017199017286,0.06784936196700908
2004-02-01,0.0146,-0.022566620187466135,0.008265010868957479,0.0007333333333333333,0.004909957244269236,0.01724897604632636,0.02314484665277239,-0.021739130434782594,0.011075488195861238
2004-03-01,-0.0123,-0.007345838926506865,0.008111892922679775,0.0007750000000000001,0.00250685248889293,-0.00960268417262844,0.014214768402697198,0.004938271604938205,0.05909484001153076
2004-04-01,-0.0173,-0.042220558882235526,-0.051684724791733805,0.0007833333333333333,-0.011909894445390812,-0.026661072152375564,-0.06195423479711093,-0.009828009828009798,0.00027218290691344293
2004-05-01,0.0124,0.03720973851067266,0.01514834170922219,0.0007833333333333333,-0.0023614124036487327,-0.015823898463302677,-0.005320371968116966,-0.04714640198511166,0.0960544217687076
2004-06-01,0.0193,0.03256965757656438,0.040895313993577265,0.0008500000000000001,-0.0008643259523348767,0.027756063784756924,0.011751130864564363,0.02083333333333326,-0.05585898709036741
2004-07-01,-0.0394,-0.0775131953396736,-0.0680112932370176,0.0010583333333333334,0.002608775320428025,0.002113017308504883,0.015438915609111703,0.015306122448979664,0.07231133315803318
2004-08-01,0.0018,-0.030696457857628756,-0.006094769514195408,0.0011083333333333333,0.00724996135413547,0.01972608036158552,0.04336558675774205,0.007537688442211143,0.10102991662579686
2004-09-01,0.0171,0.031956912028725304,0.04564453506823063,0.0012333333333333332,-0.002088598504207173,0.010787414259237016,0.009121917518022826,0.009975062344139696,0.023162583518930857
2004-10-01,0.015300000000000001,0.04120010122097817,0.01893736785650102,0.001375,0.0034812436360798227,0.0164401886540273,0.016779180850719833,0.03703703703703698,0.15977361776229881
2004-11-01,0.04680000000000001,0.06168132496873402,0.0856130515854201,0.0014666666666666667,-0.006384106598783634,-0.014289970265099705,-0.02602362031734462,0.0452380952380953,-0.09027777777777779
2004-12-01,0.0358,0.037499821156900204,0.028085878543345988,0.001725,0.0013922188841206662,0.005935559979952432,0.026973531187560962,0.006833712984054774,-0.1097586135754075
2005-01-01,-0.0259,-0.051957305188835456,-0.04228246770612931,0.001825,-0.001320718260174325,0.015631401667650202,0.03110910829645297,-0.040723981900452455,0.08551564310544624
2005-02-01,0.0204,-0.00518325648149498,0.016089192194323365,0.0019416666666666666,-0.0027876325564585303,-0.0150150559005513,-0.015287755138462589,-0.002358490566037763,0.027967549103330436
2005-03-01,-0.0173,-0.025583412941336925,-0.029949831731215792,0.002116666666666667,-0.0008785440957705948,-0.007554600978414205,-0.0074312664942514095,0.026004728132387633,0.125441329179647
2005-04-01,-0.024,-0.03880493990186218,-0.05802591902777199,0.0022833333333333334,0.00571154469156987,0.0237820132040083,0.03896788421620623,-0.011520737327188946,-0.02232884295995574
2005-05-01,0.0389,0.0762729945619649,0.0644309723760561,0.0023166666666666665,0.0041290469750461245,0.022173719171558526,0.03147534470414293,-0.01631701631701632,-0.05945639864099661
2005-06-01,0.0081,-0.005444295094332197,0.03721352070534789,0.0023666666666666667,0.001876481571742472,-0.0031884919953598656,0.019609314029990887,0.021327014218009532,0.13084487256672683
2005-07-01,0.0416,0.062164553515867915,0.06267396513555235,0.002475,-0.0035527303040298053,-0.014273383206426571,-0.032855508854162,-0.016241299303944357,0.04702750665483579
2005-08-01,-0.009,-0.014614409359080538,-0.019477734805994906,0.0026833333333333336,0.006619216269555528,0.023808189672348323,0.03831898731427619,0.03301886792452824,0.10152542372881346
2005-09-01,0.0077,-0.0005620326071810178,0.0019354218367964027,0.0028666666666666667,-0.0030279503412978803,-0.021438781660884976,-0.03782544541780697,0.041095890410958846,0.009232189567625948
2005-10-01,-0.0177,-0.014588532734734039,-0.031731061438676766,0.00285,-0.0005498968532178239,-0.02159925023877096,-0.02410733813985222,0.030701754385964897,-0.050769934441225906
2005-11-01,0.0392,0.05306796208083764,0.04744744648367982,0.0030916666666666666,0.003269643942410916,0.014937276388684584,0.00781031387968345,0.014893617021276562,-0.06328300674590426
2005-12-01,0.0008000000000000001,-0.012316263738232358,-0.006009253726259045,0.0032333333333333333,0.0038318168938640262,0.014094243097929171,0.029851654023065555,0.0691823899371069,0.018689986282578896
2006-01-01,0.0338,0.04557161772441187,0.089094269501931,0.0032416666666666666,0.0012799298361654277,-0.008246704161504081,-0.01283360675972356,0.07843137254901955,0.1023396734556472
2006-02-01,0.00040000000000000034,-0.010594929352681581,-0.0034915405291494617,0.0035333333333333336,0.0010276747140991471,-0.007259453214420009,0.00904862812602314,0.009090909090909038,-0.058940296228431666
2006-03-01,0.0184,0.025598429027917202,0.04721887565465521,0.0036916666666666664,0.0015165769682241592,-0.010170502777184565,-0.04217956908214748,0.003603603603603567,0.01719941586889484
2006-04-01,0.010899999999999998,-0.00735963483902391,-0.000784218064153186,0.003758333333333333,0.003072007861738557,-0.012201792817212453,-0.02510364433337453,0.09694793536804314,0.10767267506779388
2006-05-01,-0.0313,-0.06186681133399641,-0.05693615705228938,0.003833333333333333,0.0009471441979389539,0.009602623200725358,-0.00048783156511489345,0.10474631751227492,0.02016129032258074
2006-06-01,0.0005000000000000004,-0.003116279923630505,0.00507617521942727,0.003933333333333333,0.001992064692422746,-0.007412429535547438,0.009290240099445901,-0.11703703703703705,0.0015527950310558758
2006-07-01,-0.0037,-0.037116325750774726,-0.03327029671456894,0.003991666666666667,0.007689246516371595,0.022913284048304172,0.021659543293455874,0.06375838926174504,0.04876673713883006
2006-08-01,0.024499999999999997,0.04412207681678448,0.02850581221861881,0.004125,0.0073601804494911605,0.018169681759567347,0.031925990663317805,-0.001577287066246047,-0.018411503830130238
2006-09-01,0.0225,0.03419805380652541,0.007022604683848632,0.0041333333333333335,0.005402961411410834,0.010993029676763522,0.0180435519036104,-0.05529225908372826,-0.12650602409638567
2006-10-01,0.036300000000000006,0.047944811218412875,0.05685028524822422,0.004008333333333333,0.0038870311367729116,-0.0024483371560595213,0.00781031387968345,-0.02006688963210701,-0.07695924764890272
2006-11-01,0.0212,0.027489637513679277,0.02514209950774071,0.0041,0.0055206091506516675,0.02696793021290067,0.02329843316007807,0.07167235494880542,0.0032263542197317197
2006-12-01,0.0125,-0.006776956702319703,0.0019589605110021946,0.004116666666666667,0.00019177864428199243,-0.018325735871973725,-0.027695247667121503,0.0031847133757962887,0.04874746106973604
2007-01-01,0.018199999999999997,0.020138368477491175,0.016098385271902993,0.0040416666666666665,0.001806906636281358,-0.005481528406826364,-0.009700127927170898,0.0015873015873015817,-0.1202388637830859
2007-02-01,-0.0158,-0.019391784669207213,-0.008796310101045757,0.00415,0.009336946325231521,0.028544072749004057,0.03475440442632283,0.0538827258320127,0.0875068794716567
2007-03-01,0.011399999999999999,0.002272209920741508,0.009340771831224837,0.0041916666666666665,0.005109133158857748,-0.00650404801775839,-0.013704112533121093,-0.015037593984962405,0.019568151147098423
2007-04-01,0.0393,0.04271898382914063,0.017309618927232373,0.004116666666666667,0.0034176530018099616,0.0038379856748129715,0.009118014809180286,0.03664122137404591,0.05857048312375901
2007-05-01,0.0364,0.03145630452775938,0.040033373507923686,0.004058333333333333,-0.001990820015333794,-0.01945167048814056,-0.023291603409284156,-0.0176730486008837,-0.008127539856204957
2007-06-01,-0.015600000000000001,-0.0004952927986731082,-0.015911589727436892,0.003941666666666667,0.004963513127685282,-0.0021042652061586953,-0.009328544873274058,-0.016491754122938573,0.06350456980775276
2007-07-01,-0.0332,-0.02188050998183033,-0.06906563061863669,0.003841666666666667,0.009648556978883782,0.029273050575341797,0.030590527078206753,0.013719512195121908,0.09823677581863999
2007-08-01,0.0136,0.019671912248111934,0.021568817115512395,0.004016666666666667,0.01124718058845997,0.017342078826655616,0.02058091945084395,0,-0.023745277927684882
2007-09-01,0.0354,0.04049515475511867,0.01587925622187414,0.0035,0.006720750575556211,-0.00019996261433485873,0.0014901847634343213,0.07218045112781946,0.10447761194029859
2007-10-01,0.021099999999999997,0.05834536368684051,0.028021611499358112,0.0032416666666666666,0.0038301394466686567,0.026193372018773253,0.016779180850719833,0.058906030855540026,0.07357357357357341
2007-11-01,-0.0446,-0.06930803883712466,-0.07276394118358165,0.00325,0.019897332894387,0.031210358491072787,0.04991106707910542,0.06754966887417213,0.1045454545454545
2007-12-01,-0.006,-0.0032619806385664196,-0.002266290933627957,0.002725,0.0023325774456597337,0.010632169733205465,-0.0041719322786509805,-0.003722084367245637,-0.03249973620343993
2008-01-01,-0.061200000000000004,-0.0989412882501094,-0.06883547574800197,0.0025,0.018963820800569575,0.024710820095989128,0.023564864046079492,0.1083437110834371,0.01396008288799222
2008-02-01,-0.0296,-0.049534282342898805,-0.03802046205145726,0.0022916666666666667,0.011573247889317129,0.010470025296328345,0.0009505323822065481,0.035955056179775235,0.026029902118963166
2008-03-01,-0.007699999999999999,0.003354641026995564,0.002608612968098445,0.0017666666666666668,0.0019343014439083817,0.005415832668529852,0.012912085571450183,0.049891540130151846,0.10546178844742649
2008-04-01,0.0479,0.05866350752490024,0.04100472865672433,0.00105,-0.01115048219389847,-0.028942556999818403,-0.021290431400712073,-0.05991735537190079,0.06761498340445704
2008-05-01,0.020500000000000004,0.045532161803713445,0.044821185943999975,0.001075,-0.004971649075458995,-0.010549994694967202,-0.02829067396163254,-0.023076923076923106,0.11387457807781143
2008-06-01,-0.08259999999999999,-0.0910467522377173,-0.07833973092590263,0.0014416666666666666,0.0027618018091104535,0.009042339085936879,0.02335685524875286,0,0.0676236044657097
2008-07-01,-0.006,0.014204223325105403,0.036046816336706256,0.0015500000000000002,0.0042259224844465315,0.004924183899067236,-0.0013788225854670655,0.057367829021372385,-0.0038093815357035377
2008-08-01,0.0166,0.01804734363913907,0.03496050465477185,0.0013583333333333331,0.00507093119762736,0.014743486434857234,0.024777259178709876,-0.10744680851063826,-0.12521556571942716
2008-09-01,-0.092,-0.11642562681624646,-0.08102769832340262,0.0014333333333333333,0.008694959773325905,0.019699507209454126,0.008947686275517341,-0.010727056019070313,-0.10765406702665636
2008-10-01,-0.17120000000000002,-0.17731896667112834,-0.20904086934005994,0.0009416666666666666,0.009938019958654731,-0.02784156234047297,-0.03601920756258681,-0.027710843373493943,-0.26414369416962824
2008-11-01,-0.0771,-0.10771957349138561,-0.11977229227472452,0.0005583333333333333,0.011902189033439647,0.0956839856371865,0.1480422130357868,-0.057001239157372985,-0.2519253361180003
2008-12-01,0.0177,0.02699974602264965,0.05560721296875126,0.00015833333333333332,0.005390083728415096,0.04356501323500339,0.101047114418096,0.07227332457293034,-0.2824986913278661
2009-01-01,-0.0809,-0.0637971376574954,-0.11196318362397895,0.000024999999999999998,-0.0027790724083242013,-0.033128991759512894,-0.10932888426058551,0.052696078431372584,0.014348249027237525
2009-02-01,-0.1013,-0.06676961840126805,-0.12290038986235408,0.00010833333333333334,-0.00035453176226107885,-0.010394989485569384,-0.013206700117598835,0.09778812572759032,-0.06281467274035002
2009-03-01,0.09029999999999999,0.10941038146664339,0.08670508441442237,0.00025,0.004438233165407812,0.011918062984291211,0.05552477284489021,-0.020148462354188768,0.22640061396776656
2009-04-01,0.1018,0.1234536402828752,0.15330573047567997,0.000175,-0.0012220524793485898,-0.022898804252104554,-0.06327420300404496,-0.03679653679653683,0.03566958698372957
2009-05-01,0.0521,0.03320910731962967,0.02875541283919003,0.00013333333333333334,0.000567329052307608,-0.019002279129044175,-0.028398648751447153,0.043820224719101075,0.1889224572004029
2009-06-01,0.0043,0.034215732135510324,0.013357814080299013,0.00015,-0.0028284452249621728,-0.0004548300841232811,0.008900469506793574,0.01829924650161474,0.17973911570387946
2009-07-01,0.0775,0.07817813235678783,0.09528217382086757,0.00015,0.000544673696316611,0.002072786225202128,0.004881814643171722,-0.012684989429175508,-0.07883400344629521
2009-08-01,0.0334,0.015446044983573382,0.027590639193337374,0.00015,0.003970828297402473,0.008749160860541227,0.023756919742621285,0.016059957173447437,0.10756040530007782
2009-09-01,0.0409,0.0564243974794183,0.05630433611318719,0.00014166666666666668,0.0011857114361670806,0.02054534804105468,0.019761256762892643,0.050579557428872546,-0.023082336382828972
2009-10-01,-0.0253,-0.03642540119297788,-0.0686933338073823,0.00009999999999999999,0.0017381883143465782,-0.011521318389516866,-0.019487014118590662,0.04613841524573714,0.09090909090909105
2009-11-01,0.056299999999999996,0.048647749998777634,0.030136575064227067,0.00005833333333333334,0.005121830616055423,-0.0030069343323104736,0.019731114577709485,0.08053691275167796,0.029978869519281526
2009-12-01,0.028099999999999997,0.058076098106873086,0.07876086405393146,0.00004166666666666667,-0.008328593704383436,-0.0273843259699994,-0.06280665906625926,0.00709849157054121,-0.04513399153737652
2010-01-01,-0.0335,-0.05367648679020787,-0.03733675958069138,0.00004166666666666667,0.007021424469175308,0.021369220534467992,0.030178557416642438,-0.0149779735682819,0.05183295286692635
2010-02-01,0.0339,0.04233590239131968,0.044050263270133616,0.000049999999999999996,0.0008719884547636614,0.004657265757452844,0.000981896304470098,-0.020572450805008913,-0.02476701136218562
2010-03-01,0.06309999999999999,0.07135006656956744,0.07967420339245401,0.00009166666666666667,-0.0033023094907581596,-0.02549105477371172,-0.01587825712161095,0.016438356164383494,0.06296635685299123
2010-04-01,0.02,0.02636824634272461,0.05593534144485246,0.000125,0.001795493290742023,0.025528220213572483,0.02887733962846495,0.032345013477088846,0.03805418719211828
2010-05-01,-0.07890000000000001,-0.08294767978091899,-0.07673735990489217,0.00013333333333333334,0.004795364872110408,0.04441081947480163,0.045703842951616114,0.048738033072236675,-0.125163127298612
2010-06-01,-0.0555,-0.065483996739092,-0.0787775219104232,0.00013333333333333334,0.0034864638468892206,0.01969581127993325,0.04661082241196812,0.023236514522821494,0.021697857336588022
2010-07-01,0.0693,0.06896322846143632,0.06792568389538678,0.00009999999999999999,0.001650149812777446,0.007613562674429586,0.0030926565273978746,-0.032441200324412,0.013007698433766812
2010-08-01,-0.047700000000000006,-0.06238967490131708,-0.07502038131007138,0.00013333333333333334,0.00198255010164039,0.021445821480267968,0.0775813443415665,0.019279128248113953,0.0036687631027254586
2010-09-01,0.0956,0.12042875455882829,0.12304424374687706,0.00013333333333333334,0.0013448139776055523,0.017946704638506228,-0.01894131339262084,0.04523026315789469,-0.017754569190600478
2010-10-01,0.0388,0.058595300217003876,0.040243086266160466,0.000125,0.0018768069923205122,-0.005706039236897165,-0.033811025083135604,0.0558615263571991,0.08838383838383845
2010-11-01,0.006,-0.0036611483562719593,0.03363906305673381,0.00010833333333333334,-0.0018138511610134023,-0.03186338275904532,-0.019201243660015188,0.02086438152011927,0.02881914763707405
2010-12-01,0.0683,0.06189982507615377,0.07790816341950668,0.00011666666666666668,-0.002669671812399077,-0.020169631674949118,-0.041366118935155405,0.01532846715328473,0.058160237388724
2011-01-01,0.0199,0.01779582112956901,-0.0030626227771217707,0.00011666666666666668,0.001078713003368259,-0.028605422732362773,-0.023099177155834205,-0.022286125089863384,0.00022434099831736276
2011-02-01,0.0349,0.03043983881959056,0.054016015625000025,0.000125,-0.0016082323305810498,0.018856387832069776,0.014254399961985742,0.011029411764705843,-0.00661657508130542
2011-03-01,0.0046,-0.0004313024976008162,0.024409466619673692,0.00010833333333333334,-0.0015140662141270855,0.005387815483506531,-0.0018099535302806835,0.034909090909091,0.16121020546398745
2011-04-01,0.028999999999999998,0.03324979234611125,0.02577202364883524,0.00008333333333333334,0.004280803931958843,0.014610841657922258,0.02239297345322888,0.04075895994378076,0.06484542096052892
2011-05-01,-0.0127,-0.013307627525630306,-0.019635024865430895,0.000049999999999999996,0.003557921765427352,0.030888691081235597,0.036426186238535996,0.02160702228224176,-0.07879119875833096
2011-06-01,-0.0174,-0.02178958134941633,-0.02460214006543271,0.000033333333333333335,0.0003746489201290615,-0.016918043322058818,-0.021129649688384267,0.010575016523463265,-0.045986124876114975
2011-07-01,-0.0235,-0.006179872508581097,-0.03674022412530331,0.000033333333333333335,0.002092241491574054,0.03706111259425238,0.047921162312985155,0.02877697841726623,0.010804072304176016
2011-08-01,-0.059500000000000004,-0.06418563478185157,-0.08810211555043668,0.000033333333333333335,0.0033591450178054316,0.0739067552720889,0.08813606006513175,0.11824539097266373,-0.11274409044193212
2011-09-01,-0.0758,-0.06360245942949294,-0.11371613584250329,0.000016666666666666667,-0.00078886546207102,0.01066729396707311,0.08417763742837003,0.007390562819783897,-0.009382601644851163
2011-10-01,0.1133,0.11137285749772285,0.15042850914973083,0.000008333333333333334,0.00020822490920302528,-0.010905994613765402,-0.032440354159741114,-0.05981941309255079,0.009354536950420878
2011-11-01,-0.0027,-0.023867442007740935,-0.004911902761489562,0.000016666666666666667,0.00020822490920302528,0.002602624203259296,0.020669245918924828,0.043817527010804325,0.12557924003707144
2011-12-01,0.0075,-0.005796957646717615,0.0047462776723077305,0.000008333333333333334,0.00020822490920302528,0.016108311601781722,0.03332032432473375,-0.05692926969522716,0.014409221902017322
2012-01-01,0.050499999999999996,0.08010671170565997,0.07004808293901266,0.000008333333333333334,0.0007817126329405788,-0.005605984721154922,-0.0009664925706925898,0.008536585365853666,0.017349837662337553
2012-02-01,0.044199999999999996,0.05439186307679167,0.022855118374651928,0.000024999999999999998,-0.0013445723154371647,-0.00015694614723027467,-0.019252785897870717,0.05501813784764198,0.01924803031814104
2012-03-01,0.031200000000000002,0.042023802702493285,0.02387351134890081,0.000075,-0.00032288622481990714,-0.019595809111608853,-0.0380022149649355,-0.03954154727793702,0.03874755381604689
2012-04-01,-0.0085,-0.014623637828029112,-0.01616281236595951,0.00006666666666666667,0.0014211033910018767,0.030635478938507044,0.04375529290024094,-0.01610978520286399,-0.026752072343632305
2012-05-01,-0.0616,-0.07189563938602139,-0.06740279750939981,0.00006666666666666667,0.00022487354181444097,0.042050925985682275,0.07563987211825829,-0.03638568829593691,-0.08381726674409595
2012-06-01,0.038900000000000004,0.03809941499784242,0.048134707093023366,0.000075,-0.0009205835775556448,-0.01698751486674266,-0.015484648511084664,0.006293266205160464,-0.13057257553348822
2012-07-01,0.0079,0.0015195600771364948,-0.01446478720362987,0.000075,0.0021862201400681958,0.007782443426087804,0.029244196659184096,-0.0031269543464665928,0.06804374240583244
2012-08-01,0.0255,0.04335401698236452,0.031959265428160855,0.00008333333333333334,0.0003827371189779605,0.004074022637883701,-0.010904170914193712,0.02258469259723972,0.07087599544937406
2012-09-01,0.027399999999999997,0.016064767717870465,0.031228046784123276,0.00008333333333333334,-0.00000788963403908216,-0.005986784207939855,-0.01854955433965333,0.07055214723926384,0.0040369701476681286
2012-10-01,-0.0175,-0.04460517997708768,-0.022353610920544553,0.00009166666666666667,-0.001145270289372835,-0.007697589463357413,-0.004262033692897571,0.0011461318051575464,-0.053116072373293965
2012-11-01,0.0079,0.01108748736241405,0.0038962814572636173,0.00008333333333333334,0.0012053152804767375,0.01331863582389703,0.01626256723424513,-0.014310246136233551,-0.03307632137669003
2012-12-01,0.011899999999999999,0.003079488678643605,0.033373069454596394,0.000075,0.00020822490920302528,-0.02651248375312476,-0.024479305923484018,-0.021486643437862996,0.015370391771639902
2013-01-01,0.0557,0.04060923792270921,0.062094605033864436,0.00005833333333333334,-0.0001738697412480006,-0.008229044042766254,-0.03589802624917071,-0.00771513353115727,0.0785340314136127
2013-02-01,0.0128,0.005747693443619362,0.00999895601056111,0.00005833333333333334,0.0006070610577124658,0.017925322097326335,0.014562457806365892,-0.02631578947368418,0.005804136766568213
2013-03-01,0.0404,0.03396314778541787,0.044374437033725345,0.00008333333333333334,0.00020822490920302528,0.0006426767162062141,0.0022456877353240756,-0.02149877149877155,-0.024866225999370495
2013-04-01,0.015600000000000001,0.018751224170012737,-0.004287740030792797,0.000075,0.0007817126329405788,0.009701146420698414,0.03662724647104265,-0.06591337099811678,-0.009898859479233968
2013-05-01,0.027999999999999997,0.038188050312575994,0.038724591635028505,0.000049999999999999996,-0.0013445723154371647,-0.03228094054138553,-0.06684700082322947,-0.04973118279569888,0.027059334927189926
2013-06-01,-0.012,-0.015237665332719863,-0.006777466625866979,0.000033333333333333335,-0.0008952022490745781,-0.02962428417072016,-0.0370270269280365,-0.050212164073550225,0.013331922547878516
2013-07-01,0.0565,0.06556086094174685,0.0693416035634522,0.00004166666666666667,0.0012545608002620945,-0.007458437683210417,-0.014688643505235799,-0.04244229337304539,0.09293098047405257
2013-08-01,-0.0271,-0.01006516158031312,-0.03287218972365247,0.000033333333333333335,-0.0012680111196786692,-0.010743817317778959,-0.014404620217202235,0.051321928460342114,0.01815228814368952
2013-09-01,0.0377,0.05058957566708555,0.062211903382720646,0.000033333333333333335,0.0014702058333870838,0.012703478124691747,0.010048476304831189,-0.002218934911242587,-0.002627381064089218
2013-10-01,0.0417,0.03930287314263903,0.024548547101979734,0.000016666666666666667,0.0006567243106552212,0.0030715829905512138,0.014401533153208357,-0.023721275018532273,-0.05409728102361466
2013-11-01,0.0311,0.035762849802663865,0.0388492380910852,0.00004166666666666667,0.0008312426342400592,-0.006432193816677034,-0.02707590637061541,-0.031131359149582427,-0.06644121742590026
2013-12-01,0.0281,0.02874462115968668,0.018155727790117204,0.00005833333333333334,-0.001674749555372279,-0.019871095002329198,-0.02223679289479885,-0.042319749216300995,0.040166204986149534
2014-01-01,-0.0332,-0.017408938871184443,-0.02815304505966354,0.00005833333333333334,0.001079969919728807,0.03194536197835962,0.056537213277883636,0.018003273322422242,-0.030830687288743164
2014-02-01,0.0466,0.049767537062487044,0.046114551666749604,0.000033333333333333335,0.00047404357882774306,0.003079397930886296,0.008572706131789953,0.045016077170418,0.06552525893045846
2014-03-01,0.0043,-0.025331234970242256,-0.008444409682746956,0.00004166666666666667,-0.0018224235440480463,-0.0047016619044474295,0.002739502475764377,0.027692307692307683,-0.00019837333862327
2014-04-01,-0.0018,-0.02010721625914791,-0.0393678409714342,0.00004166666666666667,0.0007477420765045206,0.01443980977529713,0.01589635264344791,-0.02844311377245512,0.012599206349206415
2014-05-01,0.020499999999999997,0.031123619536475244,0.0067799147611529165,0.000024999999999999998,0.001303794661575708,0.012647919494109816,0.0279024022658112,-0.006933744221879867,0.0010776917801509356
2014-06-01,0.026000000000000002,0.03902305650753557,0.051529273633759365,0.000024999999999999998,-0.0015977992805282781,-0.012684603513532955,-0.0019157935953384442,-0.007757951900698168,0.03532981013897052
2014-07-01,-0.0203,-0.008713346551184387,-0.061100134987896904,0.000033333333333333335,-0.000751438085949574,0.013541099782814703,0.004032180301197563,0.02501954652071925,-0.020795916438226647
2014-08-01,0.0424,0.04817187174611015,0.048461285365893225,0.000024999999999999998,0.0013940264796166169,0.017049981073223197,0.038892309851599194,-0.012204424103737566,-0.06805676223573698
2014-09-01,-0.0196,-0.018968314095020644,-0.061880975335944166,0.000024999999999999998,-0.0015037918778940673,-0.006808210959095229,-0.0200653155053786,-0.04478764478764474,-0.03449347420758253
2014-10-01,0.025099999999999997,0.030567121927987495,0.06520037810681334,0.000016666666666666667,0.00200694491460629,0.010831853428760141,0.028263284650515752,-0.01212611156022636,-0.09451775560562159
2014-11-01,0.0256,0.034743907021340004,-0.00023862540118502196,0.000016666666666666667,0.0009880086065934268,0.01703657302493089,0.03166617035805164,-0.038461538461538436,-0.10201421800947863
2014-12-01,-0.0005,-0.011599393108399414,0.026823360489434123,0.000016666666666666667,-0.0034113792250578534,0.007149479477664311,0.025657017495553935,0.02212765957446816,-0.21770682148040643
2015-01-01,-0.031,-0.02128567054824171,-0.03263047905430616,0.000024999999999999998,0.004369449689753058,0.0417985749040779,0.07213907703782074,0.04163197335553703,-0.20357564513408666
2015-02-01,0.0613,0.07082481166023769,0.05833238625204573,0.000024999999999999998,-0.002652310297582283,-0.027261042568991756,-0.051988196774147566,-0.01918465227817745,0.0711562897077509
2015-03-01,-0.0111,-0.012622065344623623,0.015729281959886876,0.000016666666666666667,0.0018570257941332713,0.01519361933587815,0.013098011532340914,-0.03911980440097795,-0.05456702253855272
2015-04-01,0.0059,0.008271983806989791,-0.026054275038167374,0.000024999999999999998,0.00008544189519033019,-0.02249863033542676,-0.026214443260538456,0.016963528413910023,0.1386449184441656
2015-05-01,0.0137,0.026026931529803177,0.021637058599012216,0.000016666666666666667,-0.00008806653592319247,0.0017589140571023787,-0.01953320898450328,0,0.0885215794306704
2015-06-01,-0.0152,-0.01640226980905435,0.005952461393317066,0.000016666666666666667,-0.00006292397299323405,-0.022821422735648467,-0.028111920145858837,-0.014178482068390341,0.009279568078285783
2015-07-01,0.015700000000000002,0.02835646407466008,-0.012177437741169084,0.000016666666666666667,-0.00003778463671078036,0.01972273915932199,0.03634636095697541,-0.045685279187817285,-0.14911400869274494
2015-08-01,-0.0602,-0.06859414852543144,-0.06396333121026576,0.000024999999999999998,-0.000772281187361612,0.008053062182475035,-0.0024605128282043642,-0.00886524822695034,-0.15776031434184679
2015-09-01,-0.030600000000000002,-0.03273310429581433,-0.05067921190236391,0.00005833333333333334,0.0025177822186552845,0.01431062040814468,0.022466706170279238,0.0062611806797854275,0.06088173547935627
2015-10-01,0.0775,0.09384739922426943,0.05557427359348921,0.000016666666666666667,-0.0015568630907344394,-0.01345118355424657,-0.00722672151770809,0.03022222222222215,0.016270888302550635
2015-11-01,0.005699999999999999,0.010867177838238984,0.031199972851316815,0.000016666666666666667,-0.0029768988586204026,-0.0088053744620189,-0.007125801695351486,-0.06298533218291635,-0.08178277801817402
2015-12-01,-0.021400000000000002,-0.019821205910736106,-0.05193176875566041,0.00009999999999999999,-0.001489232646175953,0.0027745887778807266,-0.003968261287756292,-0.009208103130755041,-0.12370405278039587
2016-01-01,-0.057300000000000004,-0.07857555103336855,-0.08848568828799264,0.00019166666666666667,0.006579521441024028,0.03152355384614247,0.05124885039243887,0.020446096654274992,-0.14815810701801557
2016-02-01,-0.00039999999999999996,-0.012137105950432936,-0.0014294080065004877,0.00021666666666666668,0.0002525589795698835,0.007015576870842866,0.029278918473198523,0.09289617486338808,-0.04292929292929293
2016-03-01,0.0697,0.06842988624271884,0.07750266272430384,0.00025833333333333334,0.0015989533153411006,0.009705328518665457,0.0002110716568533011,0.03750000000000009,0.23845646437994716
2016-04-01,0.009300000000000001,-0.019403061695945634,0.015098288059325116,0.00024166666666666664,-0.00015222676796367018,-0.0021264992256192494,-0.0077549274178153604,-0.002409638554216831,0.08521970705725712
2016-05-01,0.0179,0.03616271862226106,0.021169973023307698,0.00019166666666666667,-0.001256180148996977,0.012422608396904344,0.006677967239268057,0.015297906602254496,0.14625766871165635
2016-06-01,-0.00009999999999999999,-0.021297278725962765,-0.0024852960452598216,0.00022500000000000002,0.006243722765892468,0.024423275695296898,0.06319825147712455,0.011895321173671647,0.04388781845429235
2016-07-01,0.039599999999999996,0.06596774093630176,0.05904914826203567,0.00022500000000000002,-0.001228465079656793,0.0012129823965383313,0.014909969834490111,0.04780564263322895,-0.08429040196882687
2016-08-01,0.0051,0.009897077369225515,0.01636973435792055,0.00025,-0.001910361573774444,-0.011578155367455767,-0.01834337341679171,0.002243829468960401,0.0015677491601344684
2016-09-01,0.0029000000000000002,0.018947982245138162,0.009468421023096196,0.00025,0.00123528962379571,0.0013289104949065766,-0.01316257134311083,-0.00970149253731345,0.010286225402504456
2016-10-01,-0.019899999999999998,-0.02313064759036143,-0.048144456190007734,0.00024166666666666664,-0.0010667031337829869,-0.01586549816893157,-0.03990025995363633,-0.045214770158251705,0.10181496237273135
2016-11-01,0.0487,0.025929202004960406,0.10991358796180317,0.000275,-0.0040130705057142,-0.05206354237471378,-0.07150338782801169,-0.022888713496448276,-0.08276416231418249
2016-12-01,0.0184,0.011165209028341172,0.026309451398088823,0.000375,-0.0007775804059966251,-0.002388443978593502,-0.006858710285716496,-0.06542810985460423,0.13819535698642138
2017-01-01,0.019799999999999998,0.043036380389068096,0.0034557790258678,0.00042500000000000003,0.0011864720341230317,-0.0014645698572757215,0.0038331421923434306,0.030250648228176358,0.010198191264190859
2017-02-01,0.0359,0.037516986387736706,0.018255061904195458,0.00042500000000000003,0.00042253249186741115,0.0020643171186740528,0.014565494840107274,0.03523489932885915,0.018476190476190535
2017-03-01,0.002,0.014814331621302523,-0.0005480786743784494,0.00043333333333333337,0.0000701805849971926,0.009965196253606479,-0.00690856734471379,-0.002431118314424663,-0.07742659435197308
2017-04-01,0.011300000000000001,0.022983081123324034,0.010469586488062621,0.0006166666666666666,0.0008667833855886542,0.0116995117707821,0.016119939156993057,0.02924451665312744,0.035069937157916176
2017-05-01,0.011300000000000001,0.024953659379490567,-0.02157915184222059,0.0006666666666666668,0.001063833296973904,0.01434306222176085,0.013041460508691038,-0.016574585635359074,-0.05052878965922458
2017-06-01,0.0085,-0.009373205216729241,0.03295117222996313,0.0007416666666666666,-0.0008215171835966872,-0.012325043727014706,0.0006094898881334743,0.011235955056179803,-0.06806930693069302
2017-07-01,0.0195,0.0338250477980333,0.006909923551672081,0.0008166666666666666,0.0019012156116635648,0.00545000846453636,-0.005528835042703961,-0.0182539682539683,0.03209384683488281
2017-08-01,0.0027,0.01268722078347606,-0.013935462584328429,0.0008916666666666667,0.0013022108896394435,0.011655159095271816,0.031952803297226495,0.037186742118027416,0.030238044177568035
2017-09-01,0.0258,0.010468744652851525,0.06089886305258818,0.0008416666666666667,-0.0015313891194090878,-0.013183713682192066,-0.02263506080679123,0.024162120031177015,0.03705245628642806
2017-10-01,0.023499999999999997,0.03566986249915338,0.007827726319021622,0.0008583333333333333,-0.0012232971587299302,0.0010518204665999065,-0.002435508405770559,-0.025875190258751957,0.03532717784022488
2017-11-01,0.032,0.021746013107063922,0.027693280360615802,0.0008916666666666667,-0.0020486455188050146,-0.0006969756785383252,0.003744321609743695,0.0015624999999999112,0.09810003877471885
2017-12-01,0.011500000000000002,0.004279913936197088,-0.005588874584522285,0.001025,-0.0005835287216190421,-0.0006683017969626448,0.01304500823405852,-0.01404056162246492,0.021892655367231617
2018-01-01,0.056900000000000006,0.07360007184875816,0.02570479544392512,0.0011,-0.0031022700156897454,-0.03580735255380463,-0.035726037191024296,0.053006329113924,0.1005528680027643
2018-02-01,-0.035300000000000005,-0.01868317798874175,-0.03970211054890016,0.0011749999999999998,-0.00027721224744936546,0.0006363898400119083,-0.025938214221367994,0,-0.023076923076923217
2018-03-01,-0.0223,-0.028814754826406164,0.011226885574564527,0.0013083333333333334,0.0014931473778247994,0.012728511310115431,0.028201929513588686,-0.004507888805409421,0.008034709946970864
2018-04-01,0.0041,0.00040065463853311556,0.008140255346537062,0.0014166666666666666,-0.00221087726873892,-0.01567237179997416,-0.0214777037671412,0.007547169811320753,0.05611350231149381
2018-05-01,0.028000000000000004,0.053189306380877044,0.0594922952358552,0.0014666666666666667,0.003740819205935164,0.007584983077821628,0.017528299356354138,-0.02397003745318349,0.05630188679245296
2018-06-01,0.0063,0.009161367997291059,0.0057908319747839165,0.0015500000000000002,-0.00024206450413766234,0.00582843674555078,0.0024104278264984735,-0.016116653875671516,-0.03015147184909972
2018-07-01,0.033600000000000005,0.02150246994128069,0.016877006728588828,0.0015833333333333333,-0.0006961861265314395,-0.00618317915883948,-0.015436165229080201,-0.03432137285491421,0.04582289671430684
2018-08-01,0.0361,0.057059695325341275,0.04186614144579237,0.0016333333333333332,0.003141701499346894,0.010167150935802782,0.014493857071750549,-0.029079159935379684,-0.04113834883065659
2018-09-01,0.0021,-0.007792057256021834,-0.025379895855773382,0.0016916666666666664,-0.001350655221057373,-0.01378550922731625,-0.024084972504538782,-0.0033277870216306127,0.03188363208933298
2018-10-01,-0.0746,-0.09202309121527164,-0.1091378003685487,0.0017749999999999999,0.0012165819286658053,-0.011809290868327604,-0.022081993582607762,0.014190317195325486,0.007404243200911154
2018-11-01,0.0189,0.003372616652294713,0.01446330569283738,0.001875,0.003675313860798335,0.020555850399173625,0.01885544808753914,0.004938271604938205,-0.1949116607773852
2018-12-01,-0.09360000000000002,-0.09484430887765438,-0.12046799232008032,0.0019416666666666666,0.008275245546777388,0.03194536197835962,0.05093079738524131,0.02375102375102367,-0.1306179775280898
2019-01-01,0.0858,0.09742768956246017,0.1118674577303409,0.001975,0.0026145710877469863,-0.0003821832059400787,0.008435841670936473,0.033600000000000074,0.03756058158319875
2019-02-01,0.036000000000000004,0.034440944060073475,0.050772967315080964,0.001975,0.0007292370151195104,-0.0029370728546765923,-0.014149333509917872,0.021671826625387025,0.06948228882833796
2019-03-01,0.0129,0.026125352305268024,-0.022728607460223205,0.0019916666666666668,0.006753217688625357,0.03299747123557317,0.05025845701697618,-0.014393939393939403,0.058234758871701375
2019-04-01,0.041800000000000004,0.04736121676939242,0.03342770274823503,0.002,0.00188278221566196,-0.00933528024140795,-0.016129064698964468,-0.01152959262106068,0.09819432502149605
2019-05-01,-0.06709999999999999,-0.07933404073182404,-0.07900903952929883,0.001983333333333333,0.007875538760411027,0.03767706244622171,0.059064873854204114,-0.0015552099533436836,-0.04744754149702479
2019-06-01,0.0717,0.0742088915425021,0.06897348786293778,0.001958333333333333,0.005372740104041096,0.014312617394561133,0.014695470208950567,0.05841121495327095,-0.101430215354266
2019-07-01,0.014199999999999999,0.021131017806111263,0.005132256674236224,0.0018083333333333332,-0.0011705367402925493,0.014285034445085554,0.0019158007960737855,0.039735099337748325,0.0492133186974022
2019-08-01,-0.023899999999999998,-0.025997441110059194,-0.05066017634420106,0.00175,0.008911566982326091,0.03460206051083192,0.09046557432658076,0.06157112526539277,-0.04428945074106361
2019-09-01,0.015899999999999997,0.004577489551518932,0.019085674687068455,0.001625,-0.0011975820050276198,-0.0005885805685562628,-0.024850348204912387,0.007333333333333414,0.03904397007845284
2019-10-01,0.022199999999999998,0.03663181791475045,0.025653620709314984,0.001575,0.0034242269914610546,-0.017798980601630543,-0.008206990824568106,-0.010589013898080757,-0.05250219490781394
2019-11-01,0.039900000000000005,0.044994428606572656,0.03971330331674694,0.001375,-0.00042952087365311087,-0.0030906287704774993,-0.009718124460072586,-0.016053511705685586,0.056893995552260934
2019-12-01,0.0291,0.03544297077942704,0.027066771747076057,0.0012833333333333334,0.001901460223147744,-0.000331173689410158,-0.0270490196956219,0.005438477226376692,0.049973698053656035
2020-01-01,0.00020000000000000004,0.01987606713773049,-0.03261066310138361,0.0012833333333333334,0.006028678285845412,0.028111019433729068,0.07170418313864269,0.05544286680189314,-0.0394121576486306
2020-02-01,-0.08030000000000001,-0.06377159067811611,-0.08526944468393738,0.0012666666666666666,0.010021851493754008,0.036809225072992335,0.06526484670705801,0.023062139654068003,-0.12134909596662036
2020-03-01,-0.1325,-0.10122943213611646,-0.21899451132976133,0.0012666666666666666,0.012757839960765516,0.0499185048038604,0.05625432511224426,-0.003130870381966133,-0.4220419469726948
2020-04-01,0.136,0.15447201984389802,0.1366404144737643,0.00024166666666666664,0.0007651999683511157,-0.0014027550536753752,0.01888598190758506,0.0571608040201006,-0.43341321465251625
2020-05-01,0.0558,0.06753097738355729,0.0636168058141775,0.00011666666666666668,0.000931797885232788,-0.0004262616415209308,-0.02214113048975208,0.019607843137254832,0.7256797583081569
2020-06-01,0.0246,0.059948134168329004,0.033951647534110396,0.00010833333333333334,0.00013328891060515602,-0.002331291916119138,0.000980924651890147,0.00932400932400923,0.34138655462184886
2020-07-01,0.0584,0.06824890120760285,0.02709925884822817,0.00013333333333333334,0.0010903636976178355,0.013095669042632707,0.037088262578879316,0.06639722863741349,0.06264682850430692
2020-08-01,0.07629999999999999,0.09587381238442583,0.055017763904284145,0.00010833333333333334,-0.0004823886720619619,-0.015784727182742264,-0.04836902546406885,0.06605305901461822,0.04003930238270703
2020-09-01,-0.036300000000000006,-0.0516141195333345,-0.0346954076543341,0.00008333333333333334,0.0003080010523723864,0.0025119568501699163,0.00633240371990107,-0.023869984763839502,-0.06400566839867738
2020-10-01,-0.020700000000000003,-0.02293135190120066,0.020421996736133652,0.00009166666666666667,-0.00008304112172852207,-0.01647516196739185,-0.0335345439373721,-0.01144640998959412,-0.005803684077719029
2020-11-01,0.12459999999999999,0.117961726934388,0.1828687856793514,0.00008333333333333334,-0.0002659655767085489,-0.007757730618132008,0.011615618897865554,-0.017894736842105297,0.03908629441624356
2020-12-01,0.0464,0.056525510011689706,0.08519526306910441,0.000075,0.000707395147707679,0.004587636216897506,-0.012657674004775465,-0.004287245444801746,0.14851001465559377
2021-01-01,-0.0007000000000000001,0.01415316861520699,0.05001868889909056,0.000075,0.0004911328791150638,-0.016085228915588612,-0.0375912526005584,0.004843918191603791,0.105912377711612
2021-02-01,0.0281,0.00930784832323317,0.06144275903739138,0.00006666666666666667,-0.0004823886720619619,-0.02947188740602369,-0.06355988080789499,-0.03160149973219073,0.13538461538461544
2021-03-01,0.0317,0.004132698116711575,0.008845764644693555,0.000033333333333333335,-0.0002659655767085489,-0.024231858800650485,-0.03482574876594702,-0.0497787610619469,0.05572493224932251
2021-04-01,0.0495,0.054036160995012406,0.020684313240427743,0.000024999999999999998,0.00013328891060515602,0.007807743298579917,0.021201803842113565,0.024447031431897637,-0.009786619605326452
2021-05-01,0.003,-0.015322273374452466,0.0011118796291738064,0.000016666666666666667,0.0005159802037717487,0.009609794036186559,0.0034254034207963358,0.051136363636363535,0.05589760207388217
2021-06-01,0.0274,0.05492939716657674,0.018325530378048516,0.000016666666666666667,-0.0019853739075996746,0.012348526001723759,0.03126002992240551,-0.008108108108108136,0.09528924351695545
2021-07-01,0.0134,0.011633382630249045,-0.036484839993351614,0.000033333333333333335,0.00135561557671382,0.01980515282701001,0.033313262398265264,-0.014713896457765663,0.015550574390585492
2021-08-01,0.0294,0.039976336974567594,0.021345320395845135,0.00004166666666666667,-0.00003293696994266515,-0.007305096512065901,-0.005135875126418776,-0.012721238938053103,-0.06566422954890316
2021-09-01,-0.044000000000000004,-0.05312584375106488,-0.030521953296779425,0.00004166666666666667,-0.001361590116596867,-0.012682686414410727,-0.02622696339728492,-0.0056022408963585235,0.05787686401889869
2021-10-01,0.0663,0.07265835120129438,0.04210718676280023,0.000033333333333333335,-0.003578102990110077,-0.00518216180842046,0.008233469251516023,0.0011267605633802358,0.13719469644103266
2021-11-01,-0.0158,0.0025357472614897514,-0.04278271793089594,0.00004166666666666667,-0.00036230633652689637,0.0197928001793386,0.02321856649288634,0.025323579065841262,-0.02859597447226314
2021-12-01,0.0324,0.006904501248254924,0.021101431317785968,0.00004166666666666667,-0.003557070790556338,-0.014472990471954383,-0.013273871005953897,-0.01756311745334793,-0.09399873657612146
2022-01-01,-0.0616,-0.08981097438985186,-0.09658359057888677,0.000049999999999999996,-0.007896575400824335,-0.03558164121241858,-0.0354240208360983,0.01452513966480451,0.16050760005578035
2022-02-01,-0.022799999999999997,-0.034303659862302216,0.009682337346999192,0.000125,-0.0039174262610325306,0.018839635055985404,-0.010984969373103892,0.022026431718061623,0.10117760153809185
2022-03-01,0.0308,0.034114344721264844,0.010761145250487658,0.000275,-0.014471749626226105,-0.05564458130091021,-0.05077883217340029,0.049568965517241326,0.18398079441292015
2022-04-01,-0.0941,-0.1326168100744558,-0.09952511141312936,0.00036666666666666667,-0.005904707285596,-0.040864566506507716,-0.07883839340308241,-0.0056468172484599455,-0.0619354838709677
2022-05-01,-0.0031000000000000003,-0.02053160854309488,-0.00003215306272330576,0.0006333333333333333,0.005399353069312829,-0.0035840565256655132,-0.017756192041215924,-0.04543107898812593,0.0763411279229711
2022-06-01,-0.0834,-0.0871298749564412,-0.08371603911824166,0.0008166666666666666,-0.0051229409835701345,0.009310453438733157,-0.01169519724189938,-0.006489994591671211,0.04828845276129634
2022-07-01,0.0965,0.1234909880911148,0.10377109423811892,0.0012416666666666667,0.0029742817831386326,0.020577000193638506,0.02915826003791655,-0.056614044637996686,-0.11511668408220133
2022-08-01,-0.0358,-0.04636464958771458,-0.02180635030074196,0.0018583333333333334,-0.007909261253525535,-0.04252182109465552,-0.04427123741237726,0.018465089440276916,-0.07823263137177727
2022-09-01,-0.0915,-0.10498975982126235,-0.0972821860231835,0.0021916666666666664,-0.011185534516603646,-0.04892997264477983,-0.07158293089497814,-0.04759206798866855,-0.10045905839649827
2022-10-01,0.0808,0.039007642105143514,0.10941180369903725,0.002608333333333333,-0.0017841419213436849,-0.0242205604833714,-0.04389988379769816,-0.010113027959547938,0.03904581058628054
2022-11-01,0.049400000000000006,0.04366977152659923,0.021506757966583967,0.0031000000000000003,0.006089698144341904,0.05832185301132564,0.06368689992538568,0.036658653846153744,-0.036322101656196426
2022-12-01,-0.0605,-0.08733170561562609,-0.06643235853983309,0.0034583333333333337,0.003071284999212276,-0.027316127492349573,-0.015559936608326885,0.04231884057971014,-0.09399075500770426
2023-01-01,0.0696,0.10682387966154816,0.09691409022356279,0.0035416666666666665,0.007289208028943506,0.03228044790873996,0.05348568375418372,0.05561735261401557,0.021978021978022122
2023-02-01,-0.0223,-0.011136384235900243,-0.018090599206948,0.0037833333333333334,-0.007387944487073805,-0.032862192076940855,-0.04014655438241277,-0.02265542676501575,-0.01651305683563753
2023-03-01,0.028399999999999998,0.06689950888391105,-0.04982103767134172,0.0038750000000000004,0.017671531426093123,0.04408210709923566,0.043611563270997245,0.03126684636118604,-0.0462059091500715
2023-04-01,0.0097,0.0003821006700261975,-0.018579951287817198,0.003908333333333334,0.0037205342171637845,0.006216301377638844,0.004538329951593312,0.045478306325143825,0.08419759825327522
2023-05-01,0.006999999999999999,0.057964696587271325,-0.010932772897007781,0.0041,-0.003212058813625962,-0.017760039096663016,-0.025479103095260358,-0.0040000000000000036,-0.09905601006922593
2023-06-01,0.06860000000000001,0.06591502780378322,0.07949015752522492,0.0042833333333333334,-0.0048723142552374865,-0.006782503696104669,-0.0034707846728139202,-0.02459839357429716,-0.018580609108689528
2023-07-01,0.0366,0.04047746143000541,0.060596313091711984,0.0043,0.0038367989910685907,-0.01629310583735677,-0.018056777205907815,0.004117344312918103,0.08284697508896777
2023-08-01,-0.0191,-0.021681971724561988,-0.051667846736125345,0.004375,0.0045690031748584214,-0.0071197024600693215,-0.018932594436431027,-0.016401845207585808,0.06993558564480096
2023-09-01,-0.04800000000000001,-0.058115549944175116,-0.06031546096468876,0.004416666666666667,0.0007498105653334086,-0.02891997668362789,-0.06318594336528549,-0.0015633142261594069,0.09878363435311477
2023-10-01,-0.026799999999999997,-0.027844094855105972,-0.06880283903916828,0.004433333333333333,0.0034261485358704213,0.00536962492059323,-0.03162207342008316,0,-0.042379514704238064
2023-11-01,0.0932,0.1069920101095303,0.08827633590499451,0.00445,0.010344630504036889,0.03189840946024125,0.06711809309356509,0.035490605427974886,-0.09283045305931814
2023-12-01,0.05279999999999999,0.05518893985893669,0.1205348334477323,0.004391666666666666,0.01302031801544179,0.03125624431231144,0.07360496467863964,0.021169354838709742,-0.0745269661475092
2024-01-01,0.012,0.01016963830701445,-0.039332624221828594,0.004366666666666667,0.0027653511662166785,-0.008956146365609263,-0.015072381328666173,0.003948667324777944,0.03129346314325443
2024-02-01,0.054900000000000004,0.061191597737010106,0.055203572030130044,0.00435,-0.00318689519804205,-0.009545307511297896,-0.018604704138691974,-0.005408062930186808,0.04180714767363436
2024-03-01,0.0327,0.017868594922171965,0.03392476200377237,0.004366666666666667,0.004737665857180495,0.0026572162023656976,0.01159533991458006,0.06673257538309452,0.05216828478964408
2024-04-01,-0.041800000000000004,-0.04405761850512768,-0.07090443208505659,0.004366666666666667,-0.00433896435329828,-0.020319214419738163,-0.053147814655565506,0.08016682113067652,0.050073818897637734
2024-05-01,0.047700000000000006,0.06879629475878501,0.04874581260883004,0.004366666666666667,0.006870715738843902,0.002922724316388292,0.025819357143471056,0.008580008580008514,-0.062448740480374965
2024-06-01,0.0321,0.05961032613047368,-0.010839871252794508,0.004375,0.007297874254708292,0.015697356626063197,0.019433105230905356,-0.01063377286261169,-0.0031242189452637126
2024-07-01,0.0167,-0.007511588825101612,0.10098698776655946,0.004366666666666667,0.011539868955934729,0.04951606358142602,0.02612800911033819,0.03095442820292349,0.025448163469976137
2024-08-01,0.0208,0.006489993977067288,-0.01634527606166103,0.004333333333333333,0.010498104982591405,-0.005829555007208165,0.02496732750807662,0.030025020850708906,-0.0625916870415647
2024-09-01,0.0212,0.02684657342767882,0.005564538963992893,0.004208333333333333,0.00782082940747486,-0.002457876572454998,0.01561082324111207,0.04089068825910935,-0.08398539384454895
2024-10-01,-0.0060999999999999995,-0.005169009910842348,-0.01494193589919457,0.003933333333333333,-0.0060965259006907635,-0.02782739587593286,-0.047139033210196524,0.04628549202644883,0.02491457858769941
2024-11-01,0.0689,0.06206193372257185,0.10838326028693812,0.003758333333333333,0.003984627793336415,0.018906349363514652,0.020836419900191805,-0.014498141263940556,-0.028337269065147774
2024-12-01,-0.027999999999999997,0.004819397476450771,-0.08402166564687796,0.003683333333333333,0.00122498904722379,-0.02969389114678933,-0.04827188544628125,-0.0011316484345530453,0.0024303073624016847
2025-01-01,0.0317,0.016397568406056884,0.025796369571750022,0.003558333333333333,0.004057765868634933,0.005377054653582514,0.0014798849768271616,0.023413897280966767,0.08014831717056459
2025-02-01,-0.021099999999999997,-0.03974843382529769,-0.054474109795784154,0.0035083333333333334,0.007691554566208181,0.031076966860231092,0.04695205879844533,0.06826568265682664,-0.055584895695801384
2025-03-01,-0.0605,-0.08213333701202497,-0.06988217182180234,0.0035166666666666666,0.005128242278374495,0.02217145386783992,-0.005295051770964121,0.030397236614853274,-0.04599468754368807
2025-04-01,-0.0049,0.008500348858247797,-0.023753566635987933,0.0035,0.008542373561404082,-0.022266333463672128,-0.003905255909889771,0.07877975192758968,-0.0688745603751465
2025-05-01,0.0644,0.09557477384941482,0.05201822913025067,0.0035083333333333334,-0.0023306582515503216,-0.0027946759519278386,-0.027625838485461185,0.02827843380981987,-0.02156122127793514
2025-06-01,0.052000000000000005,0.06570969515694691,0.05263055909098857,0.0035416666666666665,0.006333830359882109,0.008433493858986507,0.021909890608988958,0.013297068600785833,0.09650957053241105
2025-07-01,0.0232,0.0369528707547917,0.01683181119600441,0.0035250000000000004,-0.000948500649748385,0.013231083094535245,-0.008685458909350796,-0.003877124962719969,0.003227226052515686
2025-08-01,0.0222,0.01576995092898792,0.06997943904559012,0.0035416666666666665,0.009686228007997455,0.003494331521391336,0.007835066391872036,0.008383233532934131,-0.051615733294341326
2025-09-01,0.037200000000000004,0.05613745627588207,0.029605928324943687,0.0034333333333333334,0.0027858606226762728,0.011564811231616012,0.023257313178661088,0.0890736342042755,-0.013876040703052706
2025-10-01,0.0233,0.04699689011611197,0.017607328066572725,0.0032666666666666664,0.002977744387300474,0.005028057773711403,0.011625478596654304,0.10632497273718644,-0.047998749218261416
2025-11-01,0.0017,-0.0151431235289754,0.008490045827203696,0.003183333333333333,0.005369155651563595,0.010697754941620952,0.007717105687773174,0.007146377525874881,-0.013631138117917496
2025-12-01,-0.00019999999999999963,-0.00529408718509905,-0.00740673405677017,0.00315,0.00287098128228358,-0.01035823747121467,-0.017853110017596818,0.05431857107903104,-0.0347985347985349
2026-01-01,0.013300000000000001,0.00945831230458305,0.05311638326669055,0.0029916666666666663,0.0019517600389371559,-0.002152839888507896,0.00013857643099735029,0.10304014852634014,0.035708124892185555
2026-02-01,-0.008899999999999998,-0.03382559409287089,0.0071239362970569875,0.0029749999999999998,0.005490130132168369,0.02710314371107181,0.03644117061007557,0.056175047338522965,0.07445036642238523
2026-03-01,-0.0489,-0.04753705740329728,-0.051660861236634936,0.003,-0.0047166171851751315,-0.027066552307889236,-0.035437742546213014,-0.03266932270916334,0.416524569834134
2026-04-01,0.10239999999999999,0.1529218925061473,0.1215924645275972,0.0030083333333333333,0.0014860231760491782,0.000404108672282133,-0.007271840527113271,-0.027800658978583193,0.09783322390019689
2026-05-01,0.052199999999999996,0.08357239645496928,0.042655006600292644,0.0030083333333333333,0.0013789050408663517,-0.0011437898919498535,0.002845168121300423,-0.028383816987926247,0.018042264752791137
2026-06-01,-0.0078000000000000005,-0.028135939334035687,0.03597731889221745,0.003,0.0003691971266217564,0.0005010303953656425,0.010405282180540487,-0.07826466099847396,-0.16958778028003518
2026-07-01,-0.0027999999999999995,-0.03203932902312234,-0.030760133744274665,0.00305,0.0008695032713297302,-0.016667933481448904,-0.038746378398343495,-0.036660359508041584,-0.051291121330031886
2026-08-01,0.0285,0.03929399756048069,0.008566001394713307,0.003108333333333333,0.002442693724761913,0.001572059604140641,0.009261599480248073,0.08298551436287749,0.042754163559532765
