date,timestamp_utc,close
2006-11-15,1163601000,35.22
2006-11-16,1163687400,35.38
2006-11-17,1163773800,35.39999
2006-11-20,1164033000,35.28
2006-11-21,1164119400,35.39999
2006-11-22,1164205800,35.53999
2006-11-24,1164378600,35.47
2006-11-27,1164637800,34.89999
2006-11-28,1164724200,34.86
2006-11-29,1164810600,35.14
2006-11-30,1164897000,35.12
2006-12-01,1164983400,34.92
2006-12-04,1165242600,35.37
2006-12-05,1165329000,35.45
2006-12-06,1165415400,35.33
2006-12-07,1165501800,35.27
2006-12-08,1165588200,35.31
2006-12-11,1165847400,35.14999
2006-12-12,1165933800,35.21001
2006-12-13,1166020200,35.09
2006-12-14,1166106600,35.28999
2006-12-15,1166193000,35.2
2006-12-18,1166452200,35.24001
2006-12-19,1166538600,35.25
2006-12-20,1166625000,35.3
2006-12-21,1166711400,35.23
2006-12-22,1166797800,35.00999
2006-12-26,1167143400,35.17999
2006-12-27,1167229800,35.36
2006-12-28,1167316200,35.24001
2006-12-29,1167402600,35.00999
2007-01-03,1167834600,35.23
2007-01-04,1167921000,35.08
2007-01-05,1168007400,34.96001
2007-01-08,1168266600,35.09
2007-01-09,1168353000,35.07001
2007-01-10,1168439400,35.19
2007-01-11,1168525800,35.48
2007-01-12,1168612200,35.58
2007-01-16,1168957800,35.77
2007-01-17,1169044200,35.8
2007-01-18,1169130600,35.64
2007-01-19,1169217000,35.62
2007-01-22,1169476200,35.23
2007-01-23,1169562600,35.64
2007-01-24,1169649000,35.53999
2007-01-25,1169735400,35.35001
2007-01-26,1169821800,35.21001
2007-01-29,1170081000,35.28999
2007-01-30,1170167400,35.27
2007-01-31,1170253800,35.74001
2007-02-01,1170340200,36.05
2007-02-02,1170426600,36.19
2007-02-05,1170685800,36.25999
2007-02-06,1170772200,36.27
2007-02-07,1170858600,36.24001
2007-02-08,1170945000,35.99001
2007-02-09,1171031400,35.85001
2007-02-12,1171290600,35.91
2007-02-13,1171377000,36.2
2007-02-14,1171463400,36.73
2007-02-15,1171549800,36.81
2007-02-16,1171636200,36.66
2007-02-20,1171981800,36.72
2007-02-21,1172068200,36.82001
2007-02-22,1172154600,36.7
2007-02-23,1172241000,36.60001
2007-02-26,1172500200,36.39
2007-02-27,1172586600,35.3
2007-02-28,1172673000,35.42
2007-03-01,1172759400,35.28
2007-03-02,1172845800,34.84
2007-03-05,1173105000,34.75
2007-03-06,1173191400,35.14999
2007-03-07,1173277800,35.00999
2007-03-08,1173364200,35.27
2007-03-09,1173450600,35.45
2007-03-12,1173706200,35.62
2007-03-13,1173792600,35.02
2007-03-14,1173879000,35.16
2007-03-15,1173965400,35.2
2007-03-16,1174051800,35.25
2007-03-19,1174311000,35.5
2007-03-20,1174397400,35.59
2007-03-21,1174483800,36.08
2007-03-22,1174570200,36.14999
2007-03-23,1174656600,36.36
2007-03-26,1174915800,36.06
2007-03-27,1175002200,35.89
2007-03-28,1175088600,35.60001
2007-03-29,1175175000,35.59
2007-03-30,1175261400,35.55
2007-04-02,1175520600,35.61
2007-04-03,1175607000,35.86
2007-04-04,1175693400,35.72
2007-04-05,1175779800,35.83
2007-04-09,1176125400,35.78999
2007-04-10,1176211800,35.78
2007-04-11,1176298200,35.64
2007-04-12,1176384600,36.07001
2007-04-13,1176471000,36.06
2007-04-16,1176730200,36.35001
2007-04-17,1176816600,36.35001
2007-04-18,1176903000,36.45
2007-04-19,1176989400,36.57001
2007-04-20,1177075800,36.82001
2007-04-23,1177335000,36.96001
2007-04-24,1177421400,36.85001
2007-04-25,1177507800,37.23
2007-04-26,1177594200,37.21001
2007-04-27,1177680600,37.64
2007-04-30,1177939800,37.2
2007-05-01,1178026200,37.42999
2007-05-02,1178112600,37.67
2007-05-03,1178199000,37.94
2007-05-04,1178285400,37.98
2007-05-07,1178544600,38.08
2007-05-08,1178631000,38.06
2007-05-09,1178717400,38.16
2007-05-10,1178803800,37.89999
2007-05-11,1178890200,38.19
2007-05-14,1179149400,38.02
2007-05-15,1179235800,38.12
2007-05-16,1179322200,38.31
2007-05-17,1179408600,38.38
2007-05-18,1179495000,38.25
2007-05-21,1179754200,38.47
2007-05-22,1179840600,38.39
2007-05-23,1179927000,38.58
2007-05-24,1180013400,38.27
2007-05-25,1180099800,38.5
2007-05-29,1180445400,38.75
2007-05-30,1180531800,38.92
2007-05-31,1180618200,39.13
2007-06-01,1180704600,39.28
2007-06-04,1180963800,39.28999
2007-06-05,1181050200,39.17
2007-06-06,1181136600,38.75
2007-06-07,1181223000,38.12
2007-06-08,1181309400,38.64999
2007-06-11,1181568600,38.7
2007-06-12,1181655000,38.2
2007-06-13,1181741400,39.11
2007-06-14,1181827800,39.31
2007-06-15,1181914200,39.42
2007-06-18,1182173400,39.39999
2007-06-19,1182259800,39.52
2007-06-20,1182346200,39.3
2007-06-21,1182432600,39.38
2007-06-22,1182519000,39.14999
2007-06-25,1182778200,39.05
2007-06-26,1182864600,38.72
2007-06-27,1182951000,39.10001
2007-06-28,1183037400,38.89999
2007-06-29,1183123800,39.03999
2007-07-02,1183383000,39.32001
2007-07-03,1183469400,39.60001
2007-07-05,1183642200,39.56
2007-07-06,1183728600,39.8
2007-07-09,1183987800,40.10001
2007-07-10,1184074200,39.42999
2007-07-11,1184160600,39.85001
2007-07-12,1184247000,40.44
2007-07-13,1184333400,40.72
2007-07-16,1184592600,40.98
2007-07-17,1184679000,41.22
2007-07-18,1184765400,41.13
2007-07-19,1184851800,41.5
2007-07-20,1184938200,40.89999
2007-07-23,1185197400,41.17
2007-07-24,1185283800,40.60001
2007-07-25,1185370200,40.7
2007-07-26,1185456600,39.85001
2007-07-27,1185543000,39.11
2007-07-30,1185802200,39.95
2007-07-31,1185888600,39.41
2007-08-01,1185975000,39.7
2007-08-02,1186061400,39.97
2007-08-03,1186147800,39.14999
2007-08-06,1186407000,39.74001
2007-08-07,1186493400,39.74001
2007-08-08,1186579800,40.05
2007-08-09,1186666200,38.98
2007-08-10,1186752600,38.53
2007-08-13,1187011800,39.05
2007-08-14,1187098200,38.05
2007-08-15,1187184600,37.60001
2007-08-16,1187271000,37.62
2007-08-17,1187357400,38
2007-08-20,1187616600,38.55
2007-08-21,1187703000,38.39999
2007-08-22,1187789400,39.09
2007-08-23,1187875800,38.88
2007-08-24,1187962200,39.2
2007-08-27,1188221400,39.11
2007-08-28,1188307800,38.17
2007-08-29,1188394200,39.07001
2007-08-30,1188480600,38.83
2007-08-31,1188567000,39.42
2007-09-04,1188912600,39.60001
2007-09-05,1188999000,39.2
2007-09-06,1189085400,39.52
2007-09-07,1189171800,38.71001
2007-09-10,1189431000,38.74001
2007-09-11,1189517400,39.09
2007-09-12,1189603800,39.06
2007-09-13,1189690200,39.47
2007-09-14,1189776600,39.53999
2007-09-17,1190035800,39.2
2007-09-18,1190122200,40.47
2007-09-19,1190208600,40.89999
2007-09-20,1190295000,40.56
2007-09-21,1190381400,40.63
2007-09-24,1190640600,40.24001
2007-09-25,1190727000,40.39999
2007-09-26,1190813400,40.67999
2007-09-27,1190899800,40.86
2007-09-28,1190986200,41.08
2007-10-01,1191245400,41.61
2007-10-02,1191331800,41.27
2007-10-03,1191418200,40.99001
2007-10-04,1191504600,41.13
2007-10-05,1191591000,41.58
2007-10-08,1191850200,41.50999
2007-10-09,1191936600,41.89999
2007-10-10,1192023000,41.44
2007-10-11,1192109400,41.14
2007-10-12,1192195800,41.32001
2007-10-15,1192455000,41
2007-10-16,1192541400,40.82001
2007-10-17,1192627800,40.92999
2007-10-18,1192714200,41.03999
2007-10-19,1192800600,39.89999
2007-10-22,1193059800,40.05
2007-10-23,1193146200,40.32001
2007-10-24,1193232600,40.2
2007-10-25,1193319000,40.27
2007-10-26,1193405400,40.3
2007-10-29,1193664600,40.56
2007-10-30,1193751000,40.2
2007-10-31,1193837400,40.55
2007-11-01,1193923800,39.86
2007-11-02,1194010200,40.22
2007-11-05,1194273000,40.05
2007-11-06,1194359400,40.67999
2007-11-07,1194445800,39.7
2007-11-08,1194532200,39.71001
2007-11-09,1194618600,38.92
2007-11-12,1194877800,38.5
2007-11-13,1194964200,39.48
2007-11-14,1195050600,39.35001
2007-11-15,1195137000,38.8
2007-11-16,1195223400,38.81
2007-11-19,1195482600,38.25
2007-11-20,1195569000,38.31
2007-11-21,1195655400,37.67
2007-11-23,1195828200,38.17
2007-11-26,1196087400,37.57001
2007-11-27,1196173800,38.32001
2007-11-28,1196260200,39.25
2007-11-29,1196346600,39.25
2007-11-30,1196433000,39.39999
2007-12-03,1196692200,39
2007-12-04,1196778600,38.91
2007-12-05,1196865000,39.55
2007-12-06,1196951400,40
2007-12-07,1197037800,40.3
2007-12-10,1197297000,40.49001
2007-12-11,1197383400,39.2
2007-12-12,1197469800,39.7
2007-12-13,1197556200,39.89999
2007-12-14,1197642600,39.46001
2007-12-17,1197901800,38.75
2007-12-18,1197988200,38.86
2007-12-19,1198074600,38.73
2007-12-20,1198161000,39.05
2007-12-21,1198247400,39.55
2007-12-24,1198506600,39.99001
2007-12-26,1198679400,39.84
2007-12-27,1198765800,39.38
2007-12-28,1198852200,39.34
2007-12-31,1199111400,39.16
2008-01-02,1199284200,38.50999
2008-01-03,1199370600,38.53999
2008-01-04,1199457000,37.75
2008-01-07,1199716200,37.28
2008-01-08,1199802600,36.45
2008-01-09,1199889000,36.56
2008-01-10,1199975400,37.07001
2008-01-11,1200061800,36.44
2008-01-14,1200321000,36.89
2008-01-15,1200407400,36.12
2008-01-16,1200493800,35.7
2008-01-17,1200580200,34.75
2008-01-18,1200666600,34.67999
2008-01-22,1201012200,34.8
2008-01-23,1201098600,35.75
2008-01-24,1201185000,35.96001
2008-01-25,1201271400,35.8
2008-01-28,1201530600,36.33
2008-01-29,1201617000,36.64999
2008-01-30,1201703400,36.8
2008-01-31,1201789800,37
2008-02-01,1201876200,37.85001
2008-02-04,1202135400,37.44
2008-02-05,1202221800,36.49001
2008-02-06,1202308200,36.42999
2008-02-07,1202394600,36.44
2008-02-08,1202481000,36.17
2008-02-11,1202740200,36.53
2008-02-12,1202826600,36.89999
2008-02-13,1202913000,37.56
2008-02-14,1202999400,37
2008-02-15,1203085800,36.77
2008-02-19,1203431400,36.95
2008-02-20,1203517800,37.07001
2008-02-21,1203604200,36.78
2008-02-22,1203690600,37.14999
2008-02-25,1203949800,37.44
2008-02-26,1204036200,37.47
2008-02-27,1204122600,37.53999
2008-02-28,1204209000,37.27
2008-02-29,1204295400,36.25
2008-03-03,1204554600,36.78
2008-03-04,1204641000,36.35001
2008-03-05,1204727400,36.83
2008-03-06,1204813800,36.13
2008-03-07,1204900200,35.61
2008-03-10,1205155800,35.03999
2008-03-11,1205242200,36.23
2008-03-12,1205328600,36.16
2008-03-13,1205415000,36.66
2008-03-14,1205501400,36.08
2008-03-17,1205760600,35.89999
2008-03-18,1205847000,37.78999
2008-03-19,1205933400,36.41
2008-03-20,1206019800,36.63
2008-03-24,1206365400,37.46001
2008-03-25,1206451800,37.69
2008-03-26,1206538200,37.39
2008-03-27,1206624600,36.98
2008-03-28,1206711000,36.84
2008-03-31,1206970200,37.39999
2008-04-01,1207056600,38.25
2008-04-02,1207143000,38.42
2008-04-03,1207229400,38.25
2008-04-04,1207315800,38.39999
2008-04-07,1207575000,38.16
2008-04-08,1207661400,38.13
2008-04-09,1207747800,37.75999
2008-04-10,1207834200,37.92
2008-04-11,1207920600,36.42999
2008-04-14,1208179800,36.45
2008-04-15,1208266200,36.62
2008-04-16,1208352600,37.64
2008-04-17,1208439000,37.2
2008-04-18,1208525400,38.32001
2008-04-21,1208784600,38.19
2008-04-22,1208871000,37.58
2008-04-23,1208957400,37.60001
2008-04-24,1209043800,37.84
2008-04-25,1209130200,38.37
2008-04-28,1209389400,38.59
2008-04-29,1209475800,38.23
2008-04-30,1209562200,38.5
2008-05-01,1209648600,38.75
2008-05-02,1209735000,38.89999
2008-05-05,1209994200,38.8
2008-05-06,1210080600,38.95
2008-05-07,1210167000,38.35001
2008-05-08,1210253400,38.48
2008-05-09,1210339800,38.24001
2008-05-12,1210599000,38.85001
2008-05-13,1210685400,39.11
2008-05-14,1210771800,39.14999
2008-05-15,1210858200,39.38
2008-05-16,1210944600,39.28
2008-05-19,1211203800,39.72
2008-05-20,1211290200,39.09
2008-05-21,1211376600,38.42999
2008-05-22,1211463000,38.34
2008-05-23,1211549400,37.78999
2008-05-27,1211895000,38.19
2008-05-28,1211981400,38.45
2008-05-29,1212067800,38.60001
2008-05-30,1212154200,38.84
2008-06-02,1212413400,38.50999
2008-06-03,1212499800,38.38
2008-06-04,1212586200,38.23
2008-06-05,1212672600,38.50999
2008-06-06,1212759000,37.00999
2008-06-09,1213018200,37.39
2008-06-10,1213104600,37.17
2008-06-11,1213191000,36.47
2008-06-12,1213277400,36.60001
2008-06-13,1213363800,37.02
2008-06-16,1213623000,36.82001
2008-06-17,1213709400,36.74001
2008-06-18,1213795800,36.21001
2008-06-19,1213882200,36.67999
2008-06-20,1213968600,35.89999
2008-06-23,1214227800,35.97
2008-06-24,1214314200,35.53999
2008-06-25,1214400600,35.28
2008-06-26,1214487000,34.7
2008-06-27,1214573400,33.7
2008-06-30,1214832600,34.00999
2008-07-01,1214919000,33.99001
2008-07-02,1215005400,32.95
2008-07-03,1215091800,33.41
2008-07-07,1215437400,33.37
2008-07-08,1215523800,34.14
2008-07-09,1215610200,33.19
2008-07-10,1215696600,33.7
2008-07-11,1215783000,33.09
2008-07-14,1216042200,33.24001
2008-07-15,1216128600,32.58
2008-07-16,1216215000,33.33
2008-07-17,1216301400,34.25
2008-07-18,1216387800,34.3
2008-07-21,1216647000,34.33
2008-07-22,1216733400,34.75
2008-07-23,1216819800,35.02
2008-07-24,1216906200,34.14999
2008-07-25,1216992600,34.47
2008-07-28,1217251800,33.67999
2008-07-29,1217338200,34.95
2008-07-30,1217424600,35.36
2008-07-31,1217511000,34.28
2008-08-01,1217597400,34.25
2008-08-04,1217856600,34.10001
2008-08-05,1217943000,35.05
2008-08-06,1218029400,35.72
2008-08-07,1218115800,34.52
2008-08-08,1218202200,35.71001
2008-08-11,1218461400,35.8
2008-08-12,1218547800,35.45
2008-08-13,1218634200,35.32001
2008-08-14,1218720600,35.45
2008-08-15,1218807000,35.64999
2008-08-18,1219066200,35.25
2008-08-19,1219152600,34.81
2008-08-20,1219239000,34.53
2008-08-21,1219325400,34.61
2008-08-22,1219411800,35.28999
2008-08-25,1219671000,34.74001
2008-08-26,1219757400,34.73
2008-08-27,1219843800,34.83
2008-08-28,1219930200,35.61
2008-08-29,1220016600,35.22
2008-09-02,1220362200,35.23
2008-09-03,1220448600,34.97
2008-09-04,1220535000,33.77
2008-09-05,1220621400,33.75999
2008-09-08,1220880600,34.3
2008-09-09,1220967000,33.28999
2008-09-10,1221053400,33.42999
2008-09-11,1221139800,34.2
2008-09-12,1221226200,34.11
2008-09-15,1221485400,32.74001
2008-09-16,1221571800,32.84
2008-09-17,1221658200,31.73
2008-09-18,1221744600,32.38
2008-09-19,1221831000,33.11
2008-09-22,1222090200,32.23
2008-09-23,1222176600,31.52
2008-09-24,1222263000,31.45
2008-09-25,1222349400,31.7
2008-09-26,1222435800,31.57001
2008-09-29,1222695000,30.5
2008-09-30,1222781400,30.8
2008-10-01,1222867800,30.07001
2008-10-02,1222954200,28.27
2008-10-03,1223040600,27.82001
2008-10-06,1223299800,27.09
2008-10-07,1223386200,26.19
2008-10-08,1223472600,25.78999
2008-10-09,1223559000,24.32001
2008-10-10,1223645400,23.53999
2008-10-13,1223904600,26.06
2008-10-14,1223991000,26.05
2008-10-15,1224077400,23.60001
2008-10-16,1224163800,24.08
2008-10-17,1224250200,23.56
2008-10-20,1224509400,24.73
2008-10-21,1224595800,24.50999
2008-10-22,1224682200,23.38
2008-10-23,1224768600,23.44
2008-10-24,1224855000,22.09
2008-10-27,1225114200,21.24001
2008-10-28,1225200600,23.42
2008-10-29,1225287000,23.52
2008-10-30,1225373400,24.37
2008-10-31,1225459800,25.17999
2008-11-03,1225722600,24.75
2008-11-04,1225809000,25.83
2008-11-05,1225895400,24.75
2008-11-06,1225981800,23.59
2008-11-07,1226068200,23.83
2008-11-10,1226327400,23.84
2008-11-11,1226413800,23.31
2008-11-12,1226500200,22.2
2008-11-13,1226586600,23.39
2008-11-14,1226673000,22.39999
2008-11-17,1226932200,21.95
2008-11-18,1227018600,21.97
2008-11-19,1227105000,20.55
2008-11-20,1227191400,20
2008-11-21,1227277800,20.59
2008-11-24,1227537000,21.62
2008-11-25,1227623400,21.92999
2008-11-26,1227709800,22.62
2008-11-28,1227882600,23.11
2008-12-01,1228141800,21.21001
2008-12-02,1228228200,22.19
2008-12-03,1228314600,22.57001
2008-12-04,1228401000,22.12
2008-12-05,1228487400,22.662
2008-12-08,1228746600,23.25
2008-12-09,1228833000,22.84
2008-12-10,1228919400,23.21001
2008-12-11,1229005800,22.21001
2008-12-12,1229092200,22.27
2008-12-15,1229351400,22.25999
2008-12-16,1229437800,23.36
2008-12-17,1229524200,23.37
2008-12-18,1229610600,22.55
2008-12-19,1229697000,22.58
2008-12-22,1229956200,22.23
2008-12-23,1230042600,22.16
2008-12-24,1230129000,22.3
2008-12-26,1230301800,22.47
2008-12-29,1230561000,22.05
2008-12-30,1230647400,22.87
2008-12-31,1230733800,23.42
2009-01-02,1230906600,24.28
2009-01-05,1231165800,24.09
2009-01-06,1231252200,24.62
2009-01-07,1231338600,23.52
2009-01-08,1231425000,23.75
2009-01-09,1231511400,23.23
2009-01-12,1231770600,22.72
2009-01-13,1231857000,22.33
2009-01-14,1231943400,21.5
2009-01-15,1232029800,21.7
2009-01-16,1232116200,21.82001
2009-01-20,1232461800,20.81
2009-01-21,1232548200,21.34
2009-01-22,1232634600,21.27
2009-01-23,1232721000,20.63
2009-01-26,1232980200,20.87
2009-01-27,1233066600,21.25
2009-01-28,1233153000,21.86
2009-01-29,1233239400,21.06
2009-01-30,1233325800,20.61
2009-02-02,1233585000,20.14
2009-02-03,1233671400,20.50999
2009-02-04,1233757800,20.39999
2009-02-05,1233844200,20.64
2009-02-06,1233930600,21.14
2009-02-09,1234189800,21.53999
2009-02-10,1234276200,20.41
2009-02-11,1234362600,20.57001
2009-02-12,1234449000,20.34
2009-02-13,1234535400,20.34
2009-02-17,1234881000,19.31
2009-02-18,1234967400,19.34
2009-02-19,1235053800,18.91
2009-02-20,1235140200,18.62
2009-02-23,1235399400,17.89999
2009-02-24,1235485800,18.28999
2009-02-25,1235572200,17.85001
2009-02-26,1235658600,17.53999
2009-02-27,1235745000,17.10001
2009-03-02,1236004200,15.98
2009-03-03,1236090600,15.86
2009-03-04,1236177000,16.3
2009-03-05,1236263400,15.67
2009-03-06,1236349800,15.5
2009-03-09,1236605400,15.36
2009-03-10,1236691800,16.52
2009-03-11,1236778200,16.67999
2009-03-12,1236864600,17.22
2009-03-13,1236951000,17.25
2009-03-16,1237210200,17.44
2009-03-17,1237296600,17.95
2009-03-18,1237383000,18.28999
2009-03-19,1237469400,18.11
2009-03-20,1237555800,17.39
2009-03-23,1237815000,18.64999
2009-03-24,1237901400,18.5
2009-03-25,1237987800,18.64999
2009-03-26,1238074200,19.64999
2009-03-27,1238160600,19.28
2009-03-30,1238419800,18.32001
2009-03-31,1238506200,18.42999
2009-04-01,1238592600,18.84
2009-04-02,1238679000,19.85001
2009-04-03,1238765400,19.87
2009-04-06,1239024600,19.92
2009-04-07,1239111000,19.35001
2009-04-08,1239197400,19.52
2009-04-09,1239283800,20.48
2009-04-13,1239629400,20.53999
2009-04-14,1239715800,20.24001
2009-04-15,1239802200,20.42999
2009-04-16,1239888600,21.12
2009-04-17,1239975000,21.11
2009-04-20,1240234200,20.17999
2009-04-21,1240320600,20.67
2009-04-22,1240407000,20.99001
2009-04-23,1240493400,21.22
2009-04-24,1240579800,21.66
2009-04-27,1240839000,21.23
2009-04-28,1240925400,20.98
2009-04-29,1241011800,21.67999
2009-04-30,1241098200,21.75999
2009-05-01,1241184600,22
2009-05-04,1241443800,22.72
2009-05-05,1241530200,22.78999
2009-05-06,1241616600,23.14999
2009-05-07,1241703000,22.67999
2009-05-08,1241789400,23.50999
2009-05-11,1242048600,22.81
2009-05-12,1242135000,22.564
2009-05-13,1242221400,21.63
2009-05-14,1242307800,21.78999
2009-05-15,1242394200,21.8
2009-05-18,1242653400,22.60001
2009-05-19,1242739800,22.42999
2009-05-20,1242826200,22.45
2009-05-21,1242912600,21.77
2009-05-22,1242999000,21.69
2009-05-26,1243344600,22.48
2009-05-27,1243431000,21.75
2009-05-28,1243517400,21.96001
2009-05-29,1243603800,22.49001
2009-06-01,1243863000,23.53
2009-06-02,1243949400,23.57001
2009-06-03,1244035800,23.11
2009-06-04,1244122200,23.53
2009-06-05,1244208600,23.73
2009-06-08,1244467800,23.78999
2009-06-09,1244554200,23.74001
2009-06-10,1244640600,23.59
2009-06-11,1244727000,23.55
2009-06-12,1244813400,23.59
2009-06-15,1245072600,22.87
2009-06-16,1245159000,22.45
2009-06-17,1245245400,22.28
2009-06-18,1245331800,22.3
2009-06-19,1245418200,22.2
2009-06-22,1245677400,21.46001
2009-06-23,1245763800,21.25999
2009-06-24,1245850200,21.39999
2009-06-25,1245936600,22.06
2009-06-26,1246023000,21.97
2009-06-29,1246282200,22.19
2009-06-30,1246368600,21.96001
2009-07-01,1246455000,22.05
2009-07-02,1246541400,21.36
2009-07-06,1246887000,21.37
2009-07-07,1246973400,20.64
2009-07-08,1247059800,20.56
2009-07-09,1247146200,20.75
2009-07-10,1247232600,20.72
2009-07-13,1247491800,21.25
2009-07-14,1247578200,21.56
2009-07-15,1247664600,22.23
2009-07-16,1247751000,22.64
2009-07-17,1247837400,22.38
2009-07-20,1248096600,22.83
2009-07-21,1248183000,22.84
2009-07-22,1248269400,22.91
2009-07-23,1248355800,23.39
2009-07-24,1248442200,23.41
2009-07-27,1248701400,23.53999
2009-07-28,1248787800,23.52
2009-07-29,1248874200,23.41
2009-07-30,1248960600,23.78999
2009-07-31,1249047000,23.88
2009-08-03,1249306200,24.39999
2009-08-04,1249392600,24.58
2009-08-05,1249479000,24.38
2009-08-06,1249565400,24.50999
2009-08-07,1249651800,25.12
2009-08-10,1249911000,24.88
2009-08-11,1249997400,24.55
2009-08-12,1250083800,24.98
2009-08-13,1250170200,25.09
2009-08-14,1250256600,24.73
2009-08-17,1250515800,24
2009-08-18,1250602200,24.28999
2009-08-19,1250688600,24.36
2009-08-20,1250775000,24.66
2009-08-21,1250861400,25.3
2009-08-24,1251120600,25.35001
2009-08-25,1251207000,25.49001
2009-08-26,1251293400,25.23
2009-08-27,1251379800,25.46001
2009-08-28,1251466200,25.32001
2009-08-31,1251725400,25.02
2009-09-01,1251811800,24.60001
2009-09-02,1251898200,24.5
2009-09-03,1251984600,24.82001
2009-09-04,1252071000,25.31
2009-09-08,1252416600,25.53
2009-09-09,1252503000,25.96001
2009-09-10,1252589400,26.17999
2009-09-11,1252675800,26.35001
2009-09-14,1252935000,26.60001
2009-09-15,1253021400,26.92
2009-09-16,1253107800,27.25999
2009-09-17,1253194200,27.31
2009-09-18,1253280600,27.00999
2009-09-21,1253539800,26.85001
2009-09-22,1253626200,27.17
2009-09-23,1253712600,26.94
2009-09-24,1253799000,26.5
2009-09-25,1253885400,26.13
2009-09-28,1254144600,26.67
2009-09-29,1254231000,26.61
2009-09-30,1254317400,26.34
2009-10-01,1254403800,25.67999
2009-10-02,1254490200,25.35001
2009-10-05,1254749400,25.87
2009-10-06,1254835800,26.12
2009-10-07,1254922200,26.02
2009-10-08,1255008600,26.48
2009-10-09,1255095000,26.55
2009-10-12,1255354200,26.5
2009-10-13,1255440600,26.52
2009-10-14,1255527000,27.28999
2009-10-15,1255613400,27.25
2009-10-16,1255699800,27.06
2009-10-19,1255959000,27.35001
2009-10-20,1256045400,27.16
2009-10-21,1256131800,26.965
2009-10-22,1256218200,27.16
2009-10-23,1256304600,26.67999
2009-10-26,1256563800,26.47
2009-10-27,1256650200,26.11
2009-10-28,1256736600,25.57001
2009-10-29,1256823000,26.17999
2009-10-30,1256909400,25.28999
2009-11-02,1257172200,25.58
2009-11-03,1257258600,26.02
2009-11-04,1257345000,25.97
2009-11-05,1257431400,26.64
2009-11-06,1257517800,26.88
2009-11-09,1257777000,27.56
2009-11-10,1257863400,27.39999
2009-11-11,1257949800,27.61
2009-11-12,1258036200,27.28999
2009-11-13,1258122600,27.5
2009-11-16,1258381800,28.13
2009-11-17,1258468200,28.08
2009-11-18,1258554600,27.92999
2009-11-19,1258641000,27.50999
2009-11-20,1258727400,27.46001
2009-11-23,1258986600,27.96001
2009-11-24,1259073000,27.73
2009-11-25,1259159400,27.96001
2009-11-27,1259332200,27.42
2009-11-30,1259591400,27.50999
2009-12-01,1259677800,27.96001
2009-12-02,1259764200,27.88
2009-12-03,1259850600,27.75
2009-12-04,1259937000,28.17
2009-12-07,1260196200,28.07001
2009-12-08,1260282600,27.64
2009-12-09,1260369000,27.77
2009-12-10,1260455400,27.89
2009-12-11,1260541800,28.17
2009-12-14,1260801000,28.55
2009-12-15,1260887400,28.47
2009-12-16,1260973800,28.35001
2009-12-17,1261060200,28.03999
2009-12-18,1261146600,27.85001
2009-12-21,1261405800,28.06
2009-12-22,1261492200,28.09
2009-12-23,1261578600,28.14
2009-12-24,1261665000,28.25
2009-12-28,1262010600,28.2
2009-12-29,1262097000,28.28
2009-12-30,1262183400,28.14
2009-12-31,1262269800,27.78999
2010-01-04,1262615400,28.32001
2010-01-05,1262701800,28.42
2010-01-06,1262788200,28.48
2010-01-07,1262874600,28.78999
2010-01-08,1262961000,29.25
2010-01-11,1263220200,29.57001
2010-01-12,1263306600,29.33
2010-01-13,1263393000,29.45
2010-01-14,1263479400,29.45
2010-01-15,1263565800,29.07001
2010-01-19,1263911400,29.39
2010-01-20,1263997800,28.94
2010-01-21,1264084200,28.27
2010-01-22,1264170600,27.84
2010-01-25,1264429800,28.02
2010-01-26,1264516200,27.89999
2010-01-27,1264602600,27.98
2010-01-28,1264689000,27.66
2010-01-29,1264775400,27.38
2010-02-01,1265034600,27.78999
2010-02-02,1265121000,28.32001
2010-02-03,1265207400,28.14999
2010-02-04,1265293800,27.32001
2010-02-05,1265380200,27.2
2010-02-08,1265639400,26.89999
2010-02-09,1265725800,27.42
2010-02-10,1265812200,27.38
2010-02-11,1265898600,27.78999
2010-02-12,1265985000,27.57001
2010-02-16,1266330600,28.22
2010-02-17,1266417000,28.46001
2010-02-18,1266503400,28.72
2010-02-19,1266589800,28.86
2010-02-22,1266849000,28.88
2010-02-23,1266935400,28.50999
2010-02-24,1267021800,28.8
2010-02-25,1267108200,28.73
2010-02-26,1267194600,28.84
2010-03-01,1267453800,29.22
2010-03-02,1267540200,29.27
2010-03-03,1267626600,29.31
2010-03-04,1267713000,29.45
2010-03-05,1267799400,29.89999
2010-03-08,1268058600,29.75999
2010-03-09,1268145000,30
2010-03-10,1268231400,30.06
2010-03-11,1268317800,30.17
2010-03-12,1268404200,30.37
2010-03-15,1268659800,30.37
2010-03-16,1268746200,30.78
2010-03-17,1268832600,30.83
2010-03-18,1268919000,31.03999
2010-03-19,1269005400,30.81
2010-03-22,1269264600,30.89999
2010-03-23,1269351000,31.25
2010-03-24,1269437400,31.03
2010-03-25,1269523800,31.00999
2010-03-26,1269610200,31.09
2010-03-29,1269869400,31.37
2010-03-30,1269955800,31.42
2010-03-31,1270042200,31.24001
2010-04-01,1270128600,31.44
2010-04-05,1270474200,31.67
2010-04-06,1270560600,31.67999
2010-04-07,1270647000,31.5
2010-04-08,1270733400,31.60249
2010-04-09,1270819800,31.78
2010-04-12,1271079000,31.85001
2010-04-13,1271165400,31.89999
2010-04-14,1271251800,32.31
2010-04-15,1271338200,32.62
2010-04-16,1271424600,32.09
2010-04-19,1271683800,32.03
2010-04-20,1271770200,32.39999
2010-04-21,1271856600,32.62
2010-04-22,1271943000,32.92
2010-04-23,1272029400,33.12
2010-04-26,1272288600,33.19
2010-04-27,1272375000,32.39
2010-04-28,1272461400,32.62
2010-04-29,1272547800,33.36
2010-04-30,1272634200,32.57001
2010-05-03,1272893400,33.22
2010-05-04,1272979800,32.17
2010-05-05,1273066200,31.75999
2010-05-06,1273152600,30.71001
2010-05-07,1273239000,30.03
2010-05-10,1273498200,31.75
2010-05-11,1273584600,31.66
2010-05-12,1273671000,32.36
2010-05-13,1273757400,31.86
2010-05-14,1273843800,31.19
2010-05-17,1274103000,31.11
2010-05-18,1274189400,30.72
2010-05-19,1274275800,30.33
2010-05-20,1274362200,29.00999
2010-05-21,1274448600,29.42
2010-05-24,1274707800,28.98
2010-05-25,1274794200,28.96001
2010-05-26,1274880600,29.02
2010-05-27,1274967000,30
2010-05-28,1275053400,29.60001
2010-06-01,1275399000,28.94
2010-06-02,1275485400,29.69
2010-06-03,1275571800,29.8275
2010-06-04,1275658200,28.42999
2010-06-07,1275917400,27.7
2010-06-08,1276003800,27.99001
2010-06-09,1276090200,27.99001
2010-06-10,1276176600,29.07001
2010-06-11,1276263000,29.17
2010-06-14,1276522200,29.14
2010-06-15,1276608600,30.02
2010-06-16,1276695000,29.94
2010-06-17,1276781400,30.03
2010-06-18,1276867800,30
2010-06-21,1277127000,30.05
2010-06-22,1277213400,29.32249
2010-06-23,1277299800,29.21001
2010-06-24,1277386200,28.7
2010-06-25,1277472600,28.92
2010-06-28,1277731800,28.72
2010-06-29,1277818200,27.61
2010-06-30,1277904600,27.42999
2010-07-01,1277991000,27.35001
2010-07-02,1278077400,27.00999
2010-07-06,1278423000,27.06
2010-07-07,1278509400,28
2010-07-08,1278595800,28.36
2010-07-09,1278682200,28.64
2010-07-12,1278941400,28.49001
2010-07-13,1279027800,28.99001
2010-07-14,1279114200,29.05
2010-07-15,1279200600,29.03999
2010-07-16,1279287000,28.07001
2010-07-19,1279546200,28.23
2010-07-20,1279632600,28.67
2010-07-21,1279719000,28.60001
2010-07-22,1279805400,29.48
2010-07-23,1279891800,30.07001
2010-07-26,1280151000,30.56
2010-07-27,1280237400,30.35001
2010-07-28,1280323800,30.27
2010-07-29,1280410200,30.17
2010-07-30,1280496600,30.28999
2010-08-02,1280755800,30.89
2010-08-03,1280842200,30.73
2010-08-04,1280928600,31
2010-08-05,1281015000,31.02
2010-08-06,1281101400,30.85001
2010-08-09,1281360600,31.00999
2010-08-10,1281447000,30.8
2010-08-11,1281533400,29.64999
2010-08-12,1281619800,29.44
2010-08-13,1281706200,29.39999
2010-08-16,1281965400,29.34
2010-08-17,1282051800,29.85001
2010-08-18,1282138200,29.96001
2010-08-19,1282224600,29.32001
2010-08-20,1282311000,29.17
2010-08-23,1282570200,28.85001
2010-08-24,1282656600,28.25999
2010-08-25,1282743000,28.21001
2010-08-26,1282829400,28.17
2010-08-27,1282915800,28.74001
2010-08-30,1283175000,28.3
2010-08-31,1283261400,28.19
2010-09-01,1283347800,29.31
2010-09-02,1283434200,29.67999
2010-09-03,1283520600,30.13
2010-09-07,1283866200,29.85001
2010-09-08,1283952600,30.16
2010-09-09,1284039000,30.13
2010-09-10,1284125400,30.39999
2010-09-13,1284384600,30.7
2010-09-14,1284471000,30.61
2010-09-15,1284557400,30.61
2010-09-16,1284643800,30.57001
2010-09-17,1284730200,30.69749
2010-09-20,1284989400,31.16
2010-09-21,1285075800,31.22
2010-09-22,1285162200,31.06
2010-09-23,1285248600,30.60001
2010-09-24,1285335000,31.44
2010-09-27,1285594200,31.24001
2010-09-28,1285680600,31.41
2010-09-29,1285767000,31.39999
2010-09-30,1285853400,31.28
2010-10-01,1285939800,31.31
2010-10-04,1286199000,30.98
2010-10-05,1286285400,31.81
2010-10-06,1286371800,32
2010-10-07,1286458200,31.92999
2010-10-08,1286544600,32.19501
2010-10-11,1286803800,32.11
2010-10-12,1286890200,32.09
2010-10-13,1286976600,32.62
2010-10-14,1287063000,32.42999
2010-10-15,1287149400,32.23
2010-10-18,1287408600,32.21001
2010-10-19,1287495000,31.78
2010-10-20,1287581400,32.23
2010-10-21,1287667800,32.49001
2010-10-22,1287754200,32.48
2010-10-25,1288013400,32.59
2010-10-26,1288099800,32.44
2010-10-27,1288186200,32.2
2010-10-28,1288272600,32.13
2010-10-29,1288359000,32.17999
2010-11-01,1288618200,32.17999
2010-11-02,1288704600,32.49001
2010-11-03,1288791000,32.53999
2010-11-04,1288877400,33.23
2010-11-05,1288963800,33.42999
2010-11-08,1289226600,33.28999
2010-11-09,1289313000,32.99001
2010-11-10,1289399400,32.98
2010-11-11,1289485800,32.795
2010-11-12,1289572200,32.41
2010-11-15,1289831400,32.50999
2010-11-16,1289917800,31.985
2010-11-17,1290004200,32.00999
2010-11-18,1290090600,32.66
2010-11-19,1290177000,32.75999
2010-11-22,1290436200,32.69
2010-11-23,1290522600,32.24001
2010-11-24,1290609000,32.97
2010-11-26,1290781800,32.72
2010-11-29,1291041000,32.69
2010-11-30,1291127400,32.61
2010-12-01,1291213800,33.45
2010-12-02,1291300200,33.97
2010-12-03,1291386600,34.03999
2010-12-06,1291645800,34.0175
2010-12-07,1291732200,34.11
2010-12-08,1291818600,33.99001
2010-12-09,1291905000,34.09
2010-12-10,1291991400,34.395
2010-12-13,1292250600,34.42
2010-12-14,1292337000,34.58
2010-12-15,1292423400,34.44
2010-12-16,1292509800,34.82001
2010-12-17,1292596200,34.53999
2010-12-20,1292855400,34.53
2010-12-21,1292941800,34.81
2010-12-22,1293028200,34.89
2010-12-23,1293114600,34.82001
2010-12-27,1293460200,34.88
2010-12-28,1293546600,34.86
2010-12-29,1293633000,34.89
2010-12-30,1293719400,34.83
2010-12-31,1293805800,34.87
2011-01-03,1294065000,35.12
2011-01-04,1294151400,35.07001
2011-01-05,1294237800,35.25
2011-01-06,1294324200,35.19
2011-01-07,1294410600,35.25999
2011-01-10,1294669800,35.31
2011-01-11,1294756200,35.44
2011-01-12,1294842600,35.73
2011-01-13,1294929000,35.765
2011-01-14,1295015400,35.91
2011-01-18,1295361000,36.17
2011-01-19,1295447400,35.78999
2011-01-20,1295533800,35.61
2011-01-21,1295620200,35.89999
2011-01-24,1295879400,36.24001
2011-01-25,1295965800,36.19501
2011-01-26,1296052200,36.41
2011-01-27,1296138600,36.545
2011-01-28,1296225000,35.83
2011-01-31,1296484200,36.24001
2011-02-01,1296570600,36.75
2011-02-02,1296657000,36.63499
2011-02-03,1296743400,36.64999
2011-02-04,1296829800,36.78
2011-02-07,1297089000,37.125
2011-02-08,1297175400,37.375
2011-02-09,1297261800,37.37
2011-02-10,1297348200,37.57001
2011-02-11,1297434600,37.85001
2011-02-14,1297693800,37.81
2011-02-15,1297780200,37.67
2011-02-16,1297866600,37.85001
2011-02-17,1297953000,37.94
2011-02-18,1298039400,38.045
2011-02-22,1298385000,36.9375
2011-02-23,1298471400,36.28999
2011-02-24,1298557800,36.5
2011-02-25,1298644200,36.83
2011-02-28,1298903400,37.00999
2011-03-01,1298989800,36.22501
2011-03-02,1299076200,36.395
2011-03-03,1299162600,37.27499
2011-03-04,1299249000,36.841
2011-03-07,1299508200,36.5
2011-03-08,1299594600,37.07001
2011-03-09,1299681000,36.99001
2011-03-10,1299767400,36.245
2011-03-11,1299853800,36.67
2011-03-14,1300109400,36.36
2011-03-15,1300195800,36.02
2011-03-16,1300282200,35.35001
2011-03-17,1300368600,35.89999
2011-03-18,1300455000,35.97
2011-03-21,1300714200,36.75999
2011-03-22,1300800600,36.465
2011-03-23,1300887000,36.59
2011-03-24,1300973400,36.97
2011-03-25,1301059800,37.10001
2011-03-28,1301319000,37.0675
2011-03-29,1301405400,37.37
2011-03-30,1301491800,37.52
2011-03-31,1301578200,37.66499
2011-04-01,1301664600,37.98
2011-04-04,1301923800,38.03
2011-04-05,1302010200,37.89
2011-04-06,1302096600,37.92999
2011-04-07,1302183000,37.75
2011-04-08,1302269400,37.42
2011-04-11,1302528600,37.39
2011-04-12,1302615000,37.11
2011-04-13,1302701400,37
2011-04-14,1302787800,37
2011-04-15,1302874200,37.13
2011-04-18,1303133400,36.60001
2011-04-19,1303219800,36.92
2011-04-20,1303306200,37.52
2011-04-21,1303392600,37.63
2011-04-25,1303738200,37.52
2011-04-26,1303824600,38.24001
2011-04-27,1303911000,38.41
2011-04-28,1303997400,38.53999
2011-04-29,1304083800,38.7
2011-05-02,1304343000,38.64
2011-05-03,1304429400,38.48
2011-05-04,1304515800,37.92
2011-05-05,1304602200,37.74001
2011-05-06,1304688600,38.07001
2011-05-09,1304947800,38.23
2011-05-10,1305034200,38.58
2011-05-11,1305120600,38.06
2011-05-12,1305207000,38.14
2011-05-13,1305293400,37.67999
2011-05-16,1305552600,37.53999
2011-05-17,1305639000,37.03
2011-05-18,1305725400,37.53
2011-05-19,1305811800,37.77
2011-05-20,1305898200,37.37
2011-05-23,1306157400,36.84
2011-05-24,1306243800,36.64999
2011-05-25,1306330200,36.96001
2011-05-26,1306416600,37.11
2011-05-27,1306503000,37.28999
2011-05-31,1306848600,37.63
2011-06-01,1306935000,36.39999
2011-06-02,1307021400,36.59
2011-06-03,1307107800,36.10001
2011-06-06,1307367000,35.84
2011-06-07,1307453400,35.82001
2011-06-08,1307539800,35.50999
2011-06-09,1307626200,35.78
2011-06-10,1307712600,35.21001
2011-06-13,1307971800,35.22
2011-06-14,1308058200,35.89
2011-06-15,1308144600,35.345
2011-06-16,1308231000,35.47
2011-06-17,1308317400,35.45
2011-06-20,1308576600,35.75999
2011-06-21,1308663000,36.32001
2011-06-22,1308749400,36.12
2011-06-23,1308835800,36.03999
2011-06-24,1308922200,35.63
2011-06-27,1309181400,35.91
2011-06-28,1309267800,36.47
2011-06-29,1309354200,36.66
2011-06-30,1309440600,37.24001
2011-07-01,1309527000,37.91
2011-07-05,1309872600,37.69501
2011-07-06,1309959000,37.89999
2011-07-07,1310045400,38.3
2011-07-08,1310131800,37.82001
2011-07-11,1310391000,37.12
2011-07-12,1310477400,36.75999
2011-07-13,1310563800,36.91
2011-07-14,1310650200,36.50999
2011-07-15,1310736600,36.53999
2011-07-18,1310995800,36.13
2011-07-19,1311082200,36.601
2011-07-20,1311168600,36.67
2011-07-21,1311255000,37.22
2011-07-22,1311341400,36.83
2011-07-25,1311600600,36.81
2011-07-26,1311687000,36.13
2011-07-27,1311773400,35.14999
2011-07-28,1311859800,34.85001
2011-07-29,1311946200,34.67999
2011-08-01,1312205400,34.46001
2011-08-02,1312291800,33.25999
2011-08-03,1312378200,33.56
2011-08-04,1312464600,31.75999
2011-08-05,1312551000,31.75999
2011-08-08,1312810200,29.52
2011-08-09,1312896600,30.98
2011-08-10,1312983000,29.39999
2011-08-11,1313069400,30.8
2011-08-12,1313155800,31.39999
2011-08-15,1313415000,31.87
2011-08-16,1313501400,31.42
2011-08-17,1313587800,31.32001
2011-08-18,1313674200,29.58501
2011-08-19,1313760600,29.13
2011-08-22,1314019800,29.24001
2011-08-23,1314106200,30.27
2011-08-24,1314192600,30.88
2011-08-25,1314279000,30.3
2011-08-26,1314365400,30.92999
2011-08-29,1314624600,31.91
2011-08-30,1314711000,32.17999
2011-08-31,1314797400,32.39999
2011-09-01,1314883800,31.87
2011-09-02,1314970200,30.85001
2011-09-06,1315315800,30.53
2011-09-07,1315402200,31.48
2011-09-08,1315488600,31.005
2011-09-09,1315575000,30.17999
2011-09-12,1315834200,30.235
2011-09-13,1315920600,30.8
2011-09-14,1316007000,31.34
2011-09-15,1316093400,31.97501
2011-09-16,1316179800,31.97
2011-09-19,1316439000,31.67
2011-09-20,1316525400,31.44
2011-09-21,1316611800,30.14
2011-09-22,1316698200,29.00999
2011-09-23,1316784600,29.31
2011-09-26,1317043800,30.05
2011-09-27,1317130200,30.58
2011-09-28,1317216600,29.8
2011-09-29,1317303000,30.23
2011-09-30,1317389400,29.22
2011-10-03,1317648600,28.39999
2011-10-04,1317735000,29.19
2011-10-05,1317821400,29.81
2011-10-06,1317907800,30.41
2011-10-07,1317994200,30.34
2011-10-10,1318253400,31.39999
2011-10-11,1318339800,31.49001
2011-10-12,1318426200,31.89
2011-10-13,1318512600,31.62
2011-10-14,1318599000,32.19
2011-10-17,1318858200,31.27
2011-10-18,1318944600,32.17
2011-10-19,1319031000,31.78
2011-10-20,1319117400,32.05
2011-10-21,1319203800,32.67
2011-10-24,1319463000,33.28
2011-10-25,1319549400,32.60001
2011-10-26,1319635800,32.83
2011-10-27,1319722200,34.25999
2011-10-28,1319808600,34.25999
2011-10-31,1320067800,33.42
2011-11-01,1320154200,32.41
2011-11-02,1320240600,33.05
2011-11-03,1320327000,33.86
2011-11-04,1320413400,33.60001
2011-11-07,1320676200,33.67999
2011-11-08,1320762600,34.06
2011-11-09,1320849000,32.74001
2011-11-10,1320935400,33.14
2011-11-11,1321021800,33.92999
2011-11-14,1321281000,33.72
2011-11-15,1321367400,33.92
2011-11-16,1321453800,33.42
2011-11-17,1321540200,32.84
2011-11-18,1321626600,32.92
2011-11-21,1321885800,32.16
2011-11-22,1321972200,31.95
2011-11-23,1322058600,31.21001
2011-11-25,1322231400,31.16
2011-11-28,1322490600,32.21001
2011-11-29,1322577000,32.24001
2011-11-30,1322663400,33.89
2011-12-01,1322749800,33.78
2011-12-02,1322836200,33.71001
2011-12-05,1323095400,34.07001
2011-12-06,1323181800,34.06
2011-12-07,1323268200,34.05
2011-12-08,1323354600,33.21001
2011-12-09,1323441000,33.97
2011-12-12,1323700200,33.35001
2011-12-13,1323786600,32.91
2011-12-14,1323873000,32.52
2011-12-15,1323959400,32.75
2011-12-16,1324045800,32.67
2011-12-19,1324305000,32.33
2011-12-20,1324391400,33.435
2011-12-21,1324477800,33.45
2011-12-22,1324564200,33.765
2011-12-23,1324650600,34.09
2011-12-27,1324996200,34.08
2011-12-28,1325082600,33.53999
2011-12-29,1325169000,33.96001
2011-12-30,1325255400,33.75
2012-01-03,1325601000,34.49001
2012-01-04,1325687400,34.64999
2012-01-05,1325773800,34.66
2012-01-06,1325860200,34.59
2012-01-09,1326119400,34.845
2012-01-10,1326205800,35.35001
2012-01-11,1326292200,35.46001
2012-01-12,1326378600,35.77
2012-01-13,1326465000,35.495
2012-01-17,1326810600,35.67
2012-01-18,1326897000,35.99001
2012-01-19,1326983400,36.37
2012-01-20,1327069800,36.16
2012-01-23,1327329000,36.12
2012-01-24,1327415400,36.16
2012-01-25,1327501800,36.56
2012-01-26,1327588200,36.49001
2012-01-27,1327674600,36.46001
2012-01-30,1327933800,36.33
2012-01-31,1328020200,36.22
2012-02-01,1328106600,36.61
2012-02-02,1328193000,36.63
2012-02-03,1328279400,37.25999
2012-02-06,1328538600,37.17
2012-02-07,1328625000,37.13
2012-02-08,1328711400,37.21001
2012-02-09,1328797800,37.31
2012-02-10,1328884200,36.97
2012-02-13,1329143400,37.42
2012-02-14,1329229800,37.28999
2012-02-15,1329316200,36.8
2012-02-16,1329402600,37.14
2012-02-17,1329489000,37.28
2012-02-21,1329834600,37.41
2012-02-22,1329921000,37.37
2012-02-23,1330007400,37.49001
2012-02-24,1330093800,37.48
2012-02-27,1330353000,37.50999
2012-02-28,1330439400,37.46001
2012-02-29,1330525800,37.23
2012-03-01,1330612200,37.36
2012-03-02,1330698600,37.14
2012-03-05,1330957800,36.88
2012-03-06,1331044200,36.05
2012-03-07,1331130600,36.42
2012-03-08,1331217000,36.94
2012-03-09,1331303400,37.02
2012-03-12,1331559000,37.00999
2012-03-13,1331645400,37.78
2012-03-14,1331731800,37.69
2012-03-15,1331818200,38.14
2012-03-16,1331904600,37.98
2012-03-19,1332163800,37.98
2012-03-20,1332250200,37.53999
2012-03-21,1332336600,37.52
2012-03-22,1332423000,37.10001
2012-03-23,1332509400,37.16
2012-03-26,1332768600,37.71001
2012-03-27,1332855000,37.59
2012-03-28,1332941400,37.23
2012-03-29,1333027800,37.25
2012-03-30,1333114200,37.41499
2012-04-02,1333373400,37.66
2012-04-03,1333459800,37.39
2012-04-04,1333546200,37.12
2012-04-05,1333632600,36.97
2012-04-09,1333978200,36.37
2012-04-10,1334064600,35.63
2012-04-11,1334151000,36.03
2012-04-12,1334237400,36.8
2012-04-13,1334323800,36.33
2012-04-16,1334583000,36.42999
2012-04-17,1334669400,37.03
2012-04-18,1334755800,36.87
2012-04-19,1334842200,36.46001
2012-04-20,1334928600,36.77
2012-04-23,1335187800,36.36
2012-04-24,1335274200,36.84
2012-04-25,1335360600,36.91
2012-04-26,1335447000,37.13
2012-04-27,1335533400,37.36
2012-04-30,1335792600,37.00999
2012-05-01,1335879000,37.12
2012-05-02,1335965400,37.13
2012-05-03,1336051800,36.83
2012-05-04,1336138200,36.3
2012-05-07,1336397400,36.2
2012-05-08,1336483800,36.11
2012-05-09,1336570200,35.69
2012-05-10,1336656600,35.74001
2012-05-11,1336743000,35.67
2012-05-14,1337002200,35.255
2012-05-15,1337088600,35.08
2012-05-16,1337175000,35.03999
2012-05-17,1337261400,34.28999
2012-05-18,1337347800,34.12
2012-05-21,1337607000,34.88
2012-05-22,1337693400,35.00999
2012-05-23,1337779800,35.2
2012-05-24,1337866200,35.16
2012-05-25,1337952600,34.92
2012-05-29,1338298200,35.39
2012-05-30,1338384600,34.8
2012-05-31,1338471000,34.67
2012-06-01,1338557400,33.71001
2012-06-04,1338816600,33.36
2012-06-05,1338903000,33.455
2012-06-06,1338989400,34.345
2012-06-07,1339075800,34.53999
2012-06-08,1339162200,34.8
2012-06-11,1339421400,34.345
2012-06-12,1339507800,34.89999
2012-06-13,1339594200,34.55
2012-06-14,1339680600,34.82001
2012-06-15,1339767000,34.955
2012-06-18,1340026200,35.03999
2012-06-19,1340112600,35.50999
2012-06-20,1340199000,35.32001
2012-06-21,1340285400,34.625
2012-06-22,1340371800,34.75
2012-06-25,1340631000,34.105
2012-06-26,1340717400,34.17
2012-06-27,1340803800,34.5
2012-06-28,1340890200,34.47
2012-06-29,1340976600,35.67
2012-07-02,1341235800,35.36
2012-07-03,1341322200,35.73
2012-07-05,1341495000,35.69
2012-07-06,1341581400,35.21001
2012-07-09,1341840600,35.19
2012-07-10,1341927000,34.62
2012-07-11,1342013400,34.34
2012-07-12,1342099800,34.21001
2012-07-13,1342186200,34.87
2012-07-16,1342445400,34.63
2012-07-17,1342531800,34.78
2012-07-18,1342618200,35.42999
2012-07-19,1342704600,35.595
2012-07-20,1342791000,35.16
2012-07-23,1343050200,34.98
2012-07-24,1343136600,34.59
2012-07-25,1343223000,34.71001
2012-07-26,1343309400,35.24001
2012-07-27,1343395800,36.00999
2012-07-30,1343655000,35.91
2012-07-31,1343741400,35.81
2012-08-01,1343827800,35.57001
2012-08-02,1343914200,35.39
2012-08-03,1344000600,36.16
2012-08-06,1344259800,36.16
2012-08-07,1344346200,36.53
2012-08-08,1344432600,36.48
2012-08-09,1344519000,36.50999
2012-08-10,1344605400,36.67999
2012-08-13,1344864600,36.60001
2012-08-14,1344951000,36.55
2012-08-15,1345037400,36.63
2012-08-16,1345123800,37
2012-08-17,1345210200,37.17999
2012-08-20,1345469400,37.10001
2012-08-21,1345555800,37.02
2012-08-22,1345642200,36.84
2012-08-23,1345728600,36.53999
2012-08-24,1345815000,36.71001
2012-08-27,1346074200,36.60001
2012-08-28,1346160600,36.46001
2012-08-29,1346247000,36.45
2012-08-30,1346333400,36.14
2012-08-31,1346419800,36.36
2012-09-04,1346765400,35.98
2012-09-05,1346851800,35.88
2012-09-06,1346938200,36.685
2012-09-07,1347024600,37
2012-09-10,1347283800,36.75999
2012-09-11,1347370200,36.96001
2012-09-12,1347456600,37.11
2012-09-13,1347543000,37.53
2012-09-14,1347629400,37.75999
2012-09-17,1347888600,37.58
2012-09-18,1347975000,37.59
2012-09-19,1348061400,37.67999
2012-09-20,1348147800,37.32001
2012-09-21,1348234200,36.97501
2012-09-24,1348493400,36.965
2012-09-25,1348579800,36.48
2012-09-26,1348666200,36.33501
2012-09-27,1348752600,36.67999
2012-09-28,1348839000,36.53
2012-10-01,1349098200,36.6991
2012-10-02,1349184600,36.64
2012-10-03,1349271000,36.83
2012-10-04,1349357400,37.03999
2012-10-05,1349443800,37.16
2012-10-08,1349703000,37.07001
2012-10-09,1349789400,36.64
2012-10-10,1349875800,36.3
2012-10-11,1349962200,36.41
2012-10-12,1350048600,36.45
2012-10-15,1350307800,36.7
2012-10-16,1350394200,37.08791
2012-10-17,1350480600,37.315
2012-10-18,1350567000,37.42
2012-10-19,1350653400,36.78999
2012-10-22,1350912600,36.69
2012-10-23,1350999000,36.32001
2012-10-24,1351085400,36.09
2012-10-25,1351171800,36.28999
2012-10-26,1351258200,36.32001
2012-10-31,1351690200,36.4894
2012-11-01,1351776600,37.14059
2012-11-02,1351863000,36.83
2012-11-05,1352125800,37.03
2012-11-06,1352212200,37.42999
2012-11-07,1352298600,36.55
2012-11-08,1352385000,36.17
2012-11-09,1352471400,36.27
2012-11-12,1352730600,36.37
2012-11-13,1352817000,36.27
2012-11-14,1352903400,35.41499
2012-11-15,1352989800,35.42
2012-11-16,1353076200,35.52
2012-11-19,1353335400,36.185
2012-11-20,1353421800,36.22
2012-11-21,1353508200,36.27
2012-11-23,1353681000,36.74001
2012-11-26,1353940200,36.765
2012-11-27,1354026600,36.69
2012-11-28,1354113000,37
2012-11-29,1354199400,37.21001
2012-11-30,1354285800,37.13
2012-12-03,1354545000,36.73
2012-12-04,1354631400,36.87
2012-12-05,1354717800,37.25999
2012-12-06,1354804200,37.25
2012-12-07,1354890600,37.495
2012-12-10,1355149800,37.67999
2012-12-11,1355236200,37.75999
2012-12-12,1355322600,37.82001
2012-12-13,1355409000,37.7
2012-12-14,1355495400,37.62
2012-12-17,1355754600,37.97
2012-12-18,1355841000,38.46001
2012-12-19,1355927400,38.25
2012-12-20,1356013800,38.45
2012-12-21,1356100200,37.92999
2012-12-24,1356359400,37.82001
2012-12-26,1356532200,37.69
2012-12-27,1356618600,37.63
2012-12-28,1356705000,37.22
2012-12-31,1356964200,37.89999
2013-01-02,1357137000,38.81
2013-01-03,1357223400,38.83
2013-01-04,1357309800,39.12
2013-01-07,1357569000,38.95
2013-01-08,1357655400,38.64999
2013-01-09,1357741800,39.03999
2013-01-10,1357828200,39.23
2013-01-11,1357914600,39.09
2013-01-14,1358173800,39.24001
2013-01-15,1358260200,39.35001
2013-01-16,1358346600,39.19
2013-01-17,1358433000,39.61
2013-01-18,1358519400,39.92999
2013-01-22,1358865000,40.09
2013-01-23,1358951400,40.10001
2013-01-24,1359037800,40.34
2013-01-25,1359124200,40.47
2013-01-28,1359383400,40.5
2013-01-29,1359469800,40.59
2013-01-30,1359556200,40.22
2013-01-31,1359642600,40.08
2013-02-01,1359729000,40.47
2013-02-04,1359988200,40.12
2013-02-05,1360074600,40.49001
2013-02-06,1360161000,40.5
2013-02-07,1360247400,40.45
2013-02-08,1360333800,40.61
2013-02-11,1360593000,40.58
2013-02-12,1360679400,40.75999
2013-02-13,1360765800,40.98
2013-02-14,1360852200,41.03999
2013-02-15,1360938600,41.06
2013-02-19,1361284200,41.36
2013-02-20,1361370600,40.82001
2013-02-21,1361457000,40.52
2013-02-22,1361543400,40.84
2013-02-25,1361802600,40
2013-02-26,1361889000,40.24001
2013-02-27,1361975400,41
2013-02-28,1362061800,40.97
2013-03-01,1362148200,40.89999
2013-03-04,1362407400,40.82001
2013-03-05,1362493800,41.39999
2013-03-06,1362580200,41.39999
2013-03-07,1362666600,41.42999
2013-03-08,1362753000,41.82001
2013-03-11,1363008600,41.96001
2013-03-12,1363095000,41.72
2013-03-13,1363181400,41.92
2013-03-14,1363267800,42.12
2013-03-15,1363354200,41.97
2013-03-18,1363613400,41.71001
2013-03-19,1363699800,41.67
2013-03-20,1363786200,41.72
2013-03-21,1363872600,41.3
2013-03-22,1363959000,41.62
2013-03-25,1364218200,41.25
2013-03-26,1364304600,41.46001
2013-03-27,1364391000,41.46001
2013-03-28,1364477400,41.75999
2013-04-01,1364823000,41.25
2013-04-02,1364909400,41.12
2013-04-03,1364995800,40.87
2013-04-04,1365082200,41.05
2013-04-05,1365168600,40.97
2013-04-08,1365427800,41.21001
2013-04-09,1365514200,41.34
2013-04-10,1365600600,41.89
2013-04-11,1365687000,42
2013-04-12,1365773400,41.75999
2013-04-15,1366032600,40.49001
2013-04-16,1366119000,41.03999
2013-04-17,1366205400,40.36
2013-04-18,1366291800,40.17999
2013-04-19,1366378200,40.38
2013-04-22,1366637400,40.425
2013-04-23,1366723800,40.72
2013-04-24,1366810200,41.14
2013-04-25,1366896600,41.35001
2013-04-26,1366983000,41.23
2013-04-29,1367242200,41.44
2013-04-30,1367328600,41.45
2013-05-01,1367415000,40.91
2013-05-02,1367501400,41.41499
2013-05-03,1367587800,42.13
2013-05-06,1367847000,42.39999
2013-05-07,1367933400,42.78999
2013-05-08,1368019800,43.06
2013-05-09,1368106200,43.06
2013-05-10,1368192600,43.19
2013-05-13,1368451800,43.02
2013-05-14,1368538200,43.55
2013-05-15,1368624600,43.73
2013-05-16,1368711000,43.50999
2013-05-17,1368797400,44.17
2013-05-20,1369056600,44.3
2013-05-21,1369143000,44.36
2013-05-22,1369229400,43.97
2013-05-23,1369315800,43.85001
2013-05-24,1369402200,43.71001
2013-05-28,1369747800,43.94
2013-05-29,1369834200,43.69
2013-05-30,1369920600,43.95
2013-05-31,1370007000,43.53
2013-06-03,1370266200,43.74001
2013-06-04,1370352600,43.5
2013-06-05,1370439000,42.71001
2013-06-06,1370525400,42.98
2013-06-07,1370611800,43.78999
2013-06-10,1370871000,43.66
2013-06-11,1370957400,43.25999
2013-06-12,1371043800,42.96001
2013-06-13,1371130200,43.59
2013-06-14,1371216600,43.3
2013-06-17,1371475800,43.64
2013-06-18,1371562200,44.155
2013-06-19,1371648600,43.48
2013-06-20,1371735000,42.49001
2013-06-21,1371821400,42.3
2013-06-24,1372080600,41.59
2013-06-25,1372167000,42.05499
2013-06-26,1372253400,42.47
2013-06-27,1372339800,42.89
2013-06-28,1372426200,42.64
2013-07-01,1372685400,43.07001
2013-07-02,1372771800,42.61
2013-07-03,1372858200,42.63
2013-07-05,1373031000,43.3
2013-07-08,1373290200,43.41499
2013-07-09,1373376600,44.03
2013-07-10,1373463000,44.02
2013-07-11,1373549400,44.72
2013-07-12,1373635800,44.45
2013-07-15,1373895000,44.61
2013-07-16,1373981400,44.37
2013-07-17,1374067800,44.5
2013-07-18,1374154200,44.95
2013-07-19,1374240600,45.41
2013-07-22,1374499800,45.44
2013-07-23,1374586200,45.41
2013-07-24,1374672600,45.06
2013-07-25,1374759000,45.08
2013-07-26,1374845400,44.92999
2013-07-29,1375104600,44.81
2013-07-30,1375191000,45
2013-07-31,1375277400,45.16
2013-08-01,1375363800,45.92999
2013-08-02,1375450200,46.02
2013-08-05,1375709400,45.845
2013-08-06,1375795800,45.5
2013-08-07,1375882200,45.42999
2013-08-08,1375968600,45.64
2013-08-09,1376055000,45.49001
2013-08-12,1376314200,45.55
2013-08-13,1376400600,45.75
2013-08-14,1376487000,45.42999
2013-08-15,1376573400,44.92
2013-08-16,1376659800,44.98
2013-08-19,1376919000,44.74001
2013-08-20,1377005400,44.82001
2013-08-21,1377091800,44.50999
2013-08-22,1377178200,45.12
2013-08-23,1377264600,45.13
2013-08-26,1377523800,45.03
2013-08-27,1377610200,44.12
2013-08-28,1377696600,44.16
2013-08-29,1377783000,44.28999
2013-08-30,1377869400,44.03999
2013-09-03,1378215000,44.32001
2013-09-04,1378301400,44.77499
2013-09-05,1378387800,44.88
2013-09-06,1378474200,44.86
2013-09-09,1378733400,45.42
2013-09-10,1378819800,46.08
2013-09-11,1378906200,46.27
2013-09-12,1378992600,46.08
2013-09-13,1379079000,46.21001
2013-09-16,1379338200,46.81
2013-09-17,1379424600,47.00999
2013-09-18,1379511000,47.60001
2013-09-19,1379597400,47.75999
2013-09-20,1379683800,46.96001
2013-09-23,1379943000,46.81
2013-09-24,1380029400,46.98
2013-09-25,1380115800,46.77
2013-09-26,1380202200,46.98
2013-09-27,1380288600,46.67999
2013-09-30,1380547800,46.405
2013-10-01,1380634200,46.7
2013-10-02,1380720600,46.48
2013-10-03,1380807000,45.97
2013-10-04,1380893400,46.27
2013-10-07,1381152600,45.95
2013-10-08,1381239000,45.42999
2013-10-09,1381325400,45.41
2013-10-10,1381411800,46.58
2013-10-11,1381498200,46.8
2013-10-14,1381757400,46.98
2013-10-15,1381843800,46.50999
2013-10-16,1381930200,46.819
2013-10-17,1382016600,47.175
2013-10-18,1382103000,47.69099
2013-10-21,1382362200,47.81
2013-10-22,1382448600,48.13
2013-10-23,1382535000,48.14999
2013-10-24,1382621400,48.50999
2013-10-25,1382707800,48.75999
2013-10-28,1382967000,48.69
2013-10-29,1383053400,48.83
2013-10-30,1383139800,48.61
2013-10-31,1383226200,48.62
2013-11-01,1383312600,48.97
2013-11-04,1383575400,49.15
2013-11-05,1383661800,49.1
2013-11-06,1383748200,49.24
2013-11-07,1383834600,48.72
2013-11-08,1383921000,49.38
2013-11-11,1384180200,49.34
2013-11-12,1384266600,49.36
2013-11-13,1384353000,49.649
2013-11-14,1384439400,49.84
2013-11-15,1384525800,50.01
2013-11-18,1384785000,50.085
2013-11-19,1384871400,49.73
2013-11-20,1384957800,49.51
2013-11-21,1385044200,49.91
2013-11-22,1385130600,50.35
2013-11-25,1385389800,50.24
2013-11-26,1385476200,50.34
2013-11-27,1385562600,50.54
2013-11-29,1385735400,50.4
2013-12-02,1385994600,50.19
2013-12-03,1386081000,49.76
2013-12-04,1386167400,49.56
2013-12-05,1386253800,49.58
2013-12-06,1386340200,50.34
2013-12-09,1386599400,50.47
2013-12-10,1386685800,50.36
2013-12-11,1386772200,49.57
2013-12-12,1386858600,49.62
2013-12-13,1386945000,49.77
2013-12-16,1387204200,50.24
2013-12-17,1387290600,50.22
2013-12-18,1387377000,51.06
2013-12-19,1387463400,51.11
2013-12-20,1387549800,51.26
2013-12-23,1387809000,51.46
2013-12-24,1387895400,51.7
2013-12-26,1388068200,52.06
2013-12-27,1388154600,52
2013-12-30,1388413800,51.95
2013-12-31,1388500200,52.26
2014-01-02,1388673000,51.53
2014-01-03,1388759400,51.67
2014-01-06,1389018600,51.37
2014-01-07,1389105000,51.69
2014-01-08,1389191400,51.6
2014-01-09,1389277800,51.85
2014-01-10,1389364200,51.93
2014-01-13,1389623400,51.3
2014-01-14,1389709800,51.84
2014-01-15,1389796200,52.21
2014-01-16,1389882600,52.08
2014-01-17,1389969000,51.82
2014-01-21,1390314600,51.87
2014-01-22,1390401000,52.03
2014-01-23,1390487400,51.41
2014-01-24,1390573800,49.81
2014-01-27,1390833000,49.86
2014-01-28,1390919400,50.33
2014-01-29,1391005800,49.79
2014-01-30,1391092200,50.28
2014-01-31,1391178600,50.03
2014-02-03,1391437800,48.64
2014-02-04,1391524200,48.95
2014-02-05,1391610600,48.93
2014-02-06,1391697000,49.61
2014-02-07,1391783400,50.47
2014-02-10,1392042600,50.15
2014-02-11,1392129000,50.71
2014-02-12,1392215400,51
2014-02-13,1392301800,51.04
2014-02-14,1392388200,51.37
2014-02-18,1392733800,51.33
2014-02-19,1392820200,50.85
2014-02-20,1392906600,51.33
2014-02-21,1392993000,51.39
2014-02-24,1393252200,51.78
2014-02-25,1393338600,51.61
2014-02-26,1393425000,51.66
2014-02-27,1393511400,51.96
2014-02-28,1393597800,52.06
2014-03-03,1393857000,51.71
2014-03-04,1393943400,52.46
2014-03-05,1394029800,52.53
2014-03-06,1394116200,52.83
2014-03-07,1394202600,53
2014-03-10,1394458200,52.77
2014-03-11,1394544600,52.39
2014-03-12,1394631000,52.29
2014-03-13,1394717400,51.55
2014-03-14,1394803800,51.35
2014-03-17,1395063000,51.98
2014-03-18,1395149400,52.26
2014-03-19,1395235800,51.72
2014-03-20,1395322200,51.87
2014-03-21,1395408600,51.65
2014-03-24,1395667800,51.48
2014-03-25,1395754200,51.95
2014-03-26,1395840600,51.42
2014-03-27,1395927000,51.35
2014-03-28,1396013400,51.73
2014-03-31,1396272600,52.33
2014-04-01,1396359000,52.7
2014-04-02,1396445400,53.07
2014-04-03,1396531800,53.15
2014-04-04,1396618200,52.54
2014-04-07,1396877400,51.79
2014-04-08,1396963800,51.79
2014-04-09,1397050200,52.45
2014-04-10,1397136600,51.41
2014-04-11,1397223000,50.9
2014-04-14,1397482200,51.19
2014-04-15,1397568600,51.55
2014-04-16,1397655000,52.34
2014-04-17,1397741400,52.75
2014-04-21,1398087000,52.9
2014-04-22,1398173400,52.93
2014-04-23,1398259800,53.13
2014-04-24,1398346200,53.03
2014-04-25,1398432600,52.51
2014-04-28,1398691800,52.54
2014-04-29,1398778200,52.68
2014-04-30,1398864600,53.03
2014-05-01,1398951000,52.9
2014-05-02,1399037400,52.82
2014-05-05,1399296600,52.93
2014-05-06,1399383000,52.53
2014-05-07,1399469400,52.98
2014-05-08,1399555800,52.97
2014-05-09,1399642200,53.01
2014-05-12,1399901400,53.8
2014-05-13,1399987800,53.89
2014-05-14,1400074200,53.49
2014-05-15,1400160600,53.02
2014-05-16,1400247000,53.09
2014-05-19,1400506200,53.3
2014-05-20,1400592600,52.59
2014-05-21,1400679000,53.11
2014-05-22,1400765400,53.21
2014-05-23,1400851800,53.55
2014-05-27,1401197400,53.83
2014-05-28,1401283800,53.87
2014-05-29,1401370200,54.09
2014-05-30,1401456600,54.05
2014-06-02,1401715800,54.28
2014-06-03,1401802200,54.22
2014-06-04,1401888600,54.21
2014-06-05,1401975000,54.76
2014-06-06,1402061400,55.31
2014-06-09,1402320600,55.59
2014-06-10,1402407000,55.46
2014-06-11,1402493400,55.05
2014-06-12,1402579800,54.31
2014-06-13,1402666200,54.5
2014-06-16,1402925400,54.44
2014-06-17,1403011800,54.59
2014-06-18,1403098200,54.9
2014-06-19,1403184600,55.04
2014-06-20,1403271000,55.02
2014-06-23,1403530200,54.7
2014-06-24,1403616600,54.15
2014-06-25,1403703000,54.2
2014-06-26,1403789400,54.16
2014-06-27,1403875800,54.29
2014-06-30,1404135000,54.06
2014-07-01,1404221400,54.39
2014-07-02,1404307800,54.3
2014-07-03,1404394200,54.75
2014-07-07,1404739800,54.36
2014-07-08,1404826200,53.99
2014-07-09,1404912600,54.08
2014-07-10,1404999000,53.76
2014-07-11,1405085400,54.07
2014-07-14,1405344600,54.38
2014-07-15,1405431000,54.41
2014-07-16,1405517400,54.64
2014-07-17,1405603800,53.79
2014-07-18,1405690200,54.24
2014-07-21,1405949400,54.21
2014-07-22,1406035800,54.41
2014-07-23,1406122200,54.19
2014-07-24,1406208600,53.93
2014-07-25,1406295000,53.79
2014-07-28,1406554200,53.52
2014-07-29,1406640600,52.85
2014-07-30,1406727000,52.9
2014-07-31,1406813400,51.83
2014-08-01,1406899800,51.78
2014-08-04,1407159000,51.96
2014-08-05,1407245400,51.65
2014-08-06,1407331800,51.39
2014-08-07,1407418200,51.44
2014-08-08,1407504600,52.17
2014-08-11,1407763800,52.38
2014-08-12,1407850200,52.26
2014-08-13,1407936600,52.77
2014-08-14,1408023000,53
2014-08-15,1408109400,52.89
2014-08-18,1408368600,53.69
2014-08-19,1408455000,53.82
2014-08-20,1408541400,54.39
2014-08-21,1408627800,54.34
2014-08-22,1408714200,54.15
2014-08-25,1408973400,54.36
2014-08-26,1409059800,54.18
2014-08-27,1409146200,54.15
2014-08-28,1409232600,54.07
2014-08-29,1409319000,54.02
2014-09-02,1409664600,54.2
2014-09-03,1409751000,54.13
2014-09-04,1409837400,54.15
2014-09-05,1409923800,54.33
2014-09-08,1410183000,54.28
2014-09-09,1410269400,54.11
2014-09-10,1410355800,54.15
2014-09-11,1410442200,54.17
2014-09-12,1410528600,53.99
2014-09-15,1410787800,53.97
2014-09-16,1410874200,54.27
2014-09-17,1410960600,54.48
2014-09-18,1411047000,54.74
2014-09-19,1411133400,54.43
2014-09-22,1411392600,53.82
2014-09-23,1411479000,53.38
2014-09-24,1411565400,53.66
2014-09-25,1411651800,52.82
2014-09-26,1411738200,53.31
2014-09-29,1411997400,53.23
2014-09-30,1412083800,53.15
2014-10-01,1412170200,52.15
2014-10-02,1412256600,52.09
2014-10-03,1412343000,52.8
2014-10-06,1412602200,52.64
2014-10-07,1412688600,51.36
2014-10-08,1412775000,52.28
2014-10-09,1412861400,51.07
2014-10-10,1412947800,50.32
2014-10-13,1413207000,49.54
2014-10-14,1413293400,50.23
2014-10-15,1413379800,50.11
2014-10-16,1413466200,50.48
2014-10-17,1413552600,51.48
2014-10-20,1413811800,51.63
2014-10-21,1413898200,52.78
2014-10-22,1413984600,52.09
2014-10-23,1414071000,53.24
2014-10-24,1414157400,53.71
2014-10-27,1414416600,53.69
2014-10-28,1414503000,54.64
2014-10-29,1414589400,54.45
2014-10-30,1414675800,54.67
2014-10-31,1414762200,55.21
2014-11-03,1415025000,55.14
2014-11-04,1415111400,55.11
2014-11-05,1415197800,55.45
2014-11-06,1415284200,56.03
2014-11-07,1415370600,56.11
2014-11-10,1415629800,56.39
2014-11-11,1415716200,56.32
2014-11-12,1415802600,56.4
2014-11-13,1415889000,56.24
2014-11-14,1415975400,56.31
2014-11-17,1416234600,56.23
2014-11-18,1416321000,56.65
2014-11-19,1416407400,56.48
2014-11-20,1416493800,56.63
2014-11-21,1416580200,57.18
2014-11-24,1416839400,57.33
2014-11-25,1416925800,57.5
2014-11-26,1417012200,57.39
2014-11-28,1417185000,56.91
2014-12-01,1417444200,56.18
2014-12-02,1417530600,56.66
2014-12-03,1417617000,57.415
2014-12-04,1417703400,57.13
2014-12-05,1417789800,57.26
2014-12-08,1418049000,56.63
2014-12-09,1418135400,56.64
2014-12-10,1418221800,55.56
2014-12-11,1418308200,55.825
2014-12-12,1418394600,54.82
2014-12-15,1418653800,54.64
2014-12-16,1418740200,54.69
2014-12-17,1418826600,55.2
2014-12-18,1418913000,56.59
2014-12-19,1418999400,56.59
2014-12-22,1419258600,57.13
2014-12-23,1419345000,57.34
2014-12-24,1419431400,57.4
2014-12-26,1419604200,57.4
2014-12-29,1419863400,57.49
2014-12-30,1419949800,57.15
2014-12-31,1420036200,56.58
2015-01-02,1420209000,56.51
2015-01-05,1420468200,55.19
2015-01-06,1420554600,54.51
2015-01-07,1420641000,54.92
2015-01-08,1420727400,56.02
2015-01-09,1420813800,55.42
2015-01-12,1421073000,55.04
2015-01-13,1421159400,54.93
2015-01-14,1421245800,54.63
2015-01-15,1421332200,54.37
2015-01-16,1421418600,54.73
2015-01-20,1421764200,55.12
2015-01-21,1421850600,55.57
2015-01-22,1421937000,56.46
2015-01-23,1422023400,55.985
2015-01-26,1422282600,56.06
2015-01-27,1422369000,55.32
2015-01-28,1422455400,54.84
2015-01-29,1422541800,55.47
2015-01-30,1422628200,54.57
2015-02-02,1422887400,55.38
2015-02-03,1422973800,56.28
2015-02-04,1423060200,55.85
2015-02-05,1423146600,56.33
2015-02-06,1423233000,56.2
2015-02-09,1423492200,56.05
2015-02-10,1423578600,56.36
2015-02-11,1423665000,56.38
2015-02-12,1423751400,56.91
2015-02-13,1423837800,57.17
2015-02-17,1424183400,57.25
2015-02-18,1424269800,57.57
2015-02-19,1424356200,57.67
2015-02-20,1424442600,58.16
2015-02-23,1424701800,57.91
2015-02-24,1424788200,58.14
2015-02-25,1424874600,58.02
2015-02-26,1424961000,57.76
2015-02-27,1425047400,57.49
2015-03-02,1425306600,58.02
2015-03-03,1425393000,57.65
2015-03-04,1425479400,57.2
2015-03-05,1425565800,57.24
2015-03-06,1425652200,56.46
2015-03-09,1425907800,56.99
2015-03-10,1425994200,55.94
2015-03-11,1426080600,55.88
2015-03-12,1426167000,56.6
2015-03-13,1426253400,56.08
2015-03-16,1426512600,57.01
2015-03-17,1426599000,56.78
2015-03-18,1426685400,57.45
2015-03-19,1426771800,57.06
2015-03-20,1426858200,57.12
2015-03-23,1427117400,56.64
2015-03-24,1427203800,56.45
2015-03-25,1427290200,55.49
2015-03-26,1427376600,55.34
2015-03-27,1427463000,55.55
2015-03-30,1427722200,56.33
2015-03-31,1427808600,55.77
2015-04-01,1427895000,55.4
2015-04-02,1427981400,55.43
2015-04-06,1428327000,55.85
2015-04-07,1428413400,55.72
2015-04-08,1428499800,55.91
2015-04-09,1428586200,56.18
2015-04-10,1428672600,56.97
2015-04-13,1428931800,56.43
2015-04-14,1429018200,56.5
2015-04-15,1429104600,56.6
2015-04-16,1429191000,56.48
2015-04-17,1429277400,55.8
2015-04-20,1429536600,56.45
2015-04-21,1429623000,56.38
2015-04-22,1429709400,56.62
2015-04-23,1429795800,56.56
2015-04-24,1429882200,56.32
2015-04-27,1430141400,56.3
2015-04-28,1430227800,56.4
2015-04-29,1430314200,56.12
2015-04-30,1430400600,55.63
2015-05-01,1430487000,56.33
2015-05-04,1430746200,56.42
2015-05-05,1430832600,55.66
2015-05-06,1430919000,55.63
2015-05-07,1431005400,55.92
2015-05-08,1431091800,56.58
2015-05-11,1431351000,56.53
2015-05-12,1431437400,56.47
2015-05-13,1431523800,56.59
2015-05-14,1431610200,57.16
2015-05-15,1431696600,57.11
2015-05-18,1431955800,57.22
2015-05-19,1432042200,57.06
2015-05-20,1432128600,56.85
2015-05-21,1432215000,57.16
2015-05-22,1432301400,56.9
2015-05-26,1432647000,56.28
2015-05-27,1432733400,56.64
2015-05-28,1432819800,56.37
2015-05-29,1432906200,55.81
2015-06-01,1433165400,56.06
2015-06-02,1433251800,56.17
2015-06-03,1433338200,56.45
2015-06-04,1433424600,55.82
2015-06-05,1433511000,55.86
2015-06-08,1433770200,55.45
2015-06-09,1433856600,55.44
2015-06-10,1433943000,55.99
2015-06-11,1434029400,56.31
2015-06-12,1434115800,55.98
2015-06-15,1434375000,55.51
2015-06-16,1434461400,55.56
2015-06-17,1434547800,55.71
2015-06-18,1434634200,56.27
2015-06-19,1434720600,55.72
2015-06-22,1434979800,56.06
2015-06-23,1435066200,55.92
2015-06-24,1435152600,55.4
2015-06-25,1435239000,54.97
2015-06-26,1435325400,55.07
2015-06-29,1435584600,54.03
2015-06-30,1435671000,54.06
2015-07-01,1435757400,54.33
2015-07-02,1435843800,54.23
2015-07-06,1436189400,54.02
2015-07-07,1436275800,54.46
2015-07-08,1436362200,53.48
2015-07-09,1436448600,53.61
2015-07-10,1436535000,54.17
2015-07-13,1436794200,54.77
2015-07-14,1436880600,54.92
2015-07-15,1436967000,54.69
2015-07-16,1437053400,54.94
2015-07-17,1437139800,54.92
2015-07-20,1437399000,54.93
2015-07-21,1437485400,54.34
2015-07-22,1437571800,54.1
2015-07-23,1437658200,53.6
2015-07-24,1437744600,52.9
2015-07-27,1438003800,52.64
2015-07-28,1438090200,53.66
2015-07-29,1438176600,54.32
2015-07-30,1438263000,54.27
2015-07-31,1438349400,54.22
2015-08-03,1438608600,53.96
2015-08-04,1438695000,53.93
2015-08-05,1438781400,54.23
2015-08-06,1438867800,53.95
2015-08-07,1438954200,53.69
2015-08-10,1439213400,54.74
2015-08-11,1439299800,54.07
2015-08-12,1439386200,54.08
2015-08-13,1439472600,54.04
2015-08-14,1439559000,54.38
2015-08-17,1439818200,54.65
2015-08-18,1439904600,54.55
2015-08-19,1439991000,54.04
2015-08-20,1440077400,52.92
2015-08-21,1440163800,51.46
2015-08-24,1440423000,49.57
2015-08-25,1440509400,48.98
2015-08-26,1440595800,50.51
2015-08-27,1440682200,51.73
2015-08-28,1440768600,51.75
2015-08-31,1441027800,51.29
2015-09-01,1441114200,49.93
2015-09-02,1441200600,51.04
2015-09-03,1441287000,51.07
2015-09-04,1441373400,50.36
2015-09-08,1441719000,51.75
2015-09-09,1441805400,51.2
2015-09-10,1441891800,51.23
2015-09-11,1441978200,51.51
2015-09-14,1442237400,51.25
2015-09-15,1442323800,52.14
2015-09-16,1442410200,52.52
2015-09-17,1442496600,52.29
2015-09-18,1442583000,50.86
2015-09-21,1442842200,51.11
2015-09-22,1442928600,50.37
2015-09-23,1443015000,50.02
2015-09-24,1443101400,49.71
2015-09-25,1443187800,49.81
2015-09-28,1443447000,48.83
2015-09-29,1443533400,49.15
2015-09-30,1443619800,49.89
2015-10-01,1443706200,49.78
2015-10-02,1443792600,50.41
2015-10-05,1444051800,51.84
2015-10-06,1444138200,51.79
2015-10-07,1444224600,52.47
2015-10-08,1444311000,53.2
2015-10-09,1444397400,53.38
2015-10-12,1444656600,53.39
2015-10-13,1444743000,52.82
2015-10-14,1444829400,52.25
2015-10-15,1444915800,52.82
2015-10-16,1445002200,52.55
2015-10-19,1445261400,52.62
2015-10-20,1445347800,52.97
2015-10-21,1445434200,52.98
2015-10-22,1445520600,54.46
2015-10-23,1445607000,54.66
2015-10-26,1445866200,54.54
2015-10-27,1445952600,53.94
2015-10-28,1446039000,54.37
2015-10-29,1446125400,54.34
2015-10-30,1446211800,54.27
2015-11-02,1446474600,54.9
2015-11-03,1446561000,54.94
2015-11-04,1446647400,54.79
2015-11-05,1446733800,54.86
2015-11-06,1446820200,54.86
2015-11-09,1447079400,54.44
2015-11-10,1447165800,54.43
2015-11-11,1447252200,54.5
2015-11-12,1447338600,53.76
2015-11-13,1447425000,53.52
2015-11-16,1447684200,54.21
2015-11-17,1447770600,54.1
2015-11-18,1447857000,54.85
2015-11-19,1447943400,55.09
2015-11-20,1448029800,55.37
2015-11-23,1448289000,55.09
2015-11-24,1448375400,55
2015-11-25,1448461800,55
2015-11-27,1448634600,55.095
2015-11-30,1448893800,54.74
2015-12-01,1448980200,55
2015-12-02,1449066600,54.44
2015-12-03,1449153000,53.76
2015-12-04,1449239400,54.56
2015-12-07,1449498600,54.29
2015-12-08,1449585000,53.42
2015-12-09,1449671400,53.26
2015-12-10,1449757800,53.51
2015-12-11,1449844200,52.61
2015-12-14,1450103400,52.8
2015-12-15,1450189800,52.81
2015-12-16,1450276200,53.75
2015-12-17,1450362600,52.86
2015-12-18,1450449000,51.74
2015-12-21,1450708200,52.14
2015-12-22,1450794600,52.86
2015-12-23,1450881000,53.48
2015-12-24,1450967400,53.46
2015-12-28,1451313000,53.34
2015-12-29,1451399400,53.85
2015-12-30,1451485800,53.4
2015-12-31,1451572200,53.01
2016-01-04,1451917800,52.3
2016-01-05,1452004200,52.44
2016-01-06,1452090600,51.63
2016-01-07,1452177000,50.23
2016-01-08,1452263400,49.72
2016-01-11,1452522600,49.75
2016-01-12,1452609000,50.15
2016-01-13,1452695400,48.94
2016-01-14,1452781800,49.52
2016-01-15,1452868200,48.647
2016-01-19,1453213800,48.64
2016-01-20,1453300200,48.01
2016-01-21,1453386600,48.22
2016-01-22,1453473000,48.64
2016-01-25,1453732200,48.04
2016-01-26,1453818600,48.95
2016-01-27,1453905000,48.4
2016-01-28,1453991400,48.68
2016-01-29,1454077800,49.99
2016-02-01,1454337000,49.87
2016-02-02,1454423400,48.87
2016-02-03,1454509800,49.66
2016-02-04,1454596200,50.52
2016-02-05,1454682600,50.04
2016-02-08,1454941800,49.62
2016-02-09,1455028200,49.92
2016-02-10,1455114600,49.68
2016-02-11,1455201000,48.69
2016-02-12,1455287400,49.67
2016-02-16,1455633000,50.67
2016-02-17,1455719400,51.45
2016-02-18,1455805800,51.42
2016-02-19,1455892200,51.32
2016-02-22,1456151400,52.19
2016-02-23,1456237800,51.67
2016-02-24,1456324200,51.7
2016-02-25,1456410600,52.38
2016-02-26,1456497000,52.45
2016-02-29,1456756200,52.12
2016-03-01,1456842600,53.14
2016-03-02,1456929000,53.18
2016-03-03,1457015400,53.56
2016-03-04,1457101800,53.78
2016-03-07,1457361000,53.94
2016-03-08,1457447400,53.18
2016-03-09,1457533800,53.35
2016-03-10,1457620200,53.27
2016-03-11,1457706600,54.04
2016-03-14,1457962200,54.09
2016-03-15,1458048600,54.06
2016-03-16,1458135000,54.25
2016-03-17,1458221400,55.44
2016-03-18,1458307800,55.63
2016-03-21,1458567000,55.96
2016-03-22,1458653400,55.64
2016-03-23,1458739800,55.28
2016-03-24,1458826200,55.12
2016-03-28,1459171800,55.14
2016-03-29,1459258200,55.5
2016-03-30,1459344600,55.6
2016-03-31,1459431000,55.47
2016-04-01,1459517400,55.73
2016-04-04,1459776600,55.1
2016-04-05,1459863000,54.76
2016-04-06,1459949400,55.03
2016-04-07,1460035800,54.5
2016-04-08,1460122200,54.71
2016-04-11,1460381400,54.73
2016-04-12,1460467800,55.05
2016-04-13,1460554200,55.87
2016-04-14,1460640600,55.97
2016-04-15,1460727000,56.05
2016-04-18,1460986200,56.1
2016-04-19,1461072600,56.5
2016-04-20,1461159000,56.41
2016-04-21,1461245400,56.27
2016-04-22,1461331800,56.41
2016-04-25,1461591000,56.14
2016-04-26,1461677400,56.64
2016-04-27,1461763800,57.04
2016-04-28,1461850200,56.49
2016-04-29,1461936600,56.16
2016-05-02,1462195800,56.45
2016-05-03,1462282200,55.99
2016-05-04,1462368600,55.3
2016-05-05,1462455000,55.27
2016-05-06,1462541400,55.64
2016-05-09,1462800600,55.39
2016-05-10,1462887000,56.34
2016-05-11,1462973400,55.87
2016-05-12,1463059800,55.75
2016-05-13,1463146200,55.05
2016-05-16,1463405400,55.73
2016-05-17,1463491800,55.46
2016-05-18,1463578200,55.27
2016-05-19,1463664600,54.75
2016-05-20,1463751000,55.03
2016-05-23,1464010200,54.93
2016-05-24,1464096600,55.5
2016-05-25,1464183000,55.88
2016-05-26,1464269400,55.72
2016-05-27,1464355800,55.93
2016-05-31,1464701400,55.92
2016-06-01,1464787800,55.97
2016-06-02,1464874200,56.04
2016-06-03,1464960600,55.99
2016-06-06,1465219800,56.52
2016-06-07,1465306200,56.79
2016-06-08,1465392600,57.15
2016-06-09,1465479000,57.14
2016-06-10,1465565400,56.47
2016-06-13,1465824600,55.86
2016-06-14,1465911000,55.87
2016-06-15,1465997400,55.89
2016-06-16,1466083800,55.99
2016-06-17,1466170200,55.73
2016-06-20,1466429400,56.24
2016-06-21,1466515800,56.2
2016-06-22,1466602200,56.04
2016-06-23,1466688600,56.69
2016-06-24,1466775000,54.38
2016-06-27,1467034200,53.1
2016-06-28,1467120600,54
2016-06-29,1467207000,54.96
2016-06-30,1467293400,56.01
2016-07-01,1467379800,56.19
2016-07-05,1467725400,55.68
2016-07-06,1467811800,55.96
2016-07-07,1467898200,56.11
2016-07-08,1467984600,57.23
2016-07-11,1468243800,57.59
2016-07-12,1468330200,58.12
2016-07-13,1468416600,58.26
2016-07-14,1468503000,58.7
2016-07-15,1468589400,58.69
2016-07-18,1468848600,58.64
2016-07-19,1468935000,58.67
2016-07-20,1469021400,58.78
2016-07-21,1469107800,58.18
2016-07-22,1469194200,58.29
2016-07-25,1469453400,57.98
2016-07-26,1469539800,58.46
2016-07-27,1469626200,58.23
2016-07-28,1469712600,58.21
2016-07-29,1469799000,58.04
2016-08-01,1470058200,57.97
2016-08-02,1470144600,57.43
2016-08-03,1470231000,57.71
2016-08-04,1470317400,57.73
2016-08-05,1470403800,58.31
2016-08-08,1470663000,58.39
2016-08-09,1470749400,58.37
2016-08-10,1470835800,58.34
2016-08-11,1470922200,58.72
2016-08-12,1471008600,58.56
2016-08-15,1471267800,58.95
2016-08-16,1471354200,58.69
2016-08-17,1471440600,58.86
2016-08-18,1471527000,59.04
2016-08-19,1471613400,59.02
2016-08-22,1471872600,58.97
2016-08-23,1471959000,59.02
2016-08-24,1472045400,58.84
2016-08-25,1472131800,58.83
2016-08-26,1472218200,58.66
2016-08-29,1472477400,59.08
2016-08-30,1472563800,58.92
2016-08-31,1472650200,58.59
2016-09-01,1472736600,58.64
2016-09-02,1472823000,58.93
2016-09-06,1473168600,58.76
2016-09-07,1473255000,58.83
2016-09-08,1473341400,58.78
2016-09-09,1473427800,57.12
2016-09-12,1473687000,57.85
2016-09-13,1473773400,57
2016-09-14,1473859800,56.95
2016-09-15,1473946200,57.4
2016-09-16,1474032600,56.61
2016-09-19,1474291800,56.86
2016-09-20,1474378200,56.91
2016-09-21,1474464600,57.65
2016-09-22,1474551000,58.06
2016-09-23,1474637400,57.72
2016-09-26,1474896600,57.47
2016-09-27,1474983000,57.87
2016-09-28,1475069400,58.32
2016-09-29,1475155800,57.86
2016-09-30,1475242200,58.38
2016-10-03,1475501400,58.43
2016-10-04,1475587800,57.94
2016-10-05,1475674200,58.31
2016-10-06,1475760600,58.31
2016-10-07,1475847000,57.56
2016-10-10,1476106200,57.62
2016-10-11,1476192600,57.02
2016-10-12,1476279000,57.13
2016-10-13,1476365400,57.11
2016-10-14,1476451800,57.23
2016-10-17,1476711000,57.08
2016-10-18,1476797400,57.2
2016-10-19,1476883800,57.38
2016-10-20,1476970200,57.07
2016-10-21,1477056600,56.99
2016-10-24,1477315800,57.1
2016-10-25,1477402200,56.95
2016-10-26,1477488600,57.15
2016-10-27,1477575000,56.76
2016-10-28,1477661400,57.1
2016-10-31,1477920600,57.21
2016-11-01,1478007000,56.72
2016-11-02,1478093400,56.51
2016-11-03,1478179800,56.42
2016-11-04,1478266200,56.47
2016-11-07,1478529000,57.86
2016-11-08,1478615400,58.21
2016-11-09,1478701800,59.67
2016-11-10,1478788200,60.94
2016-11-11,1478874600,61.05
2016-11-14,1479133800,61.31
2016-11-15,1479220200,61.54
2016-11-16,1479306600,61.19
2016-11-17,1479393000,61.32
2016-11-18,1479479400,61.3
2016-11-21,1479738600,61.63
2016-11-22,1479825000,61.91
2016-11-23,1479911400,62.37
2016-11-25,1480084200,62.71
2016-11-28,1480343400,62.28
2016-11-29,1480429800,62.33
2016-11-30,1480516200,62.41
2016-12-01,1480602600,62.82
2016-12-02,1480689000,62.81
2016-12-05,1480948200,62.76
2016-12-06,1481034600,62.88
2016-12-07,1481121000,64.05
2016-12-08,1481207400,63.69
2016-12-09,1481293800,63.98
2016-12-12,1481553000,63.75
2016-12-13,1481639400,63.66
2016-12-14,1481725800,63.02
2016-12-15,1481812200,63.09
2016-12-16,1481898600,62.58
2016-12-19,1482157800,62.93
2016-12-20,1482244200,63.29
2016-12-21,1482330600,63.05
2016-12-22,1482417000,62.93
2016-12-23,1482503400,62.99
2016-12-27,1482849000,63.12
2016-12-28,1482935400,62.46
2016-12-29,1483021800,62.44
2016-12-30,1483108200,62.22
2017-01-03,1483453800,62.59
2017-01-04,1483540200,62.96
2017-01-05,1483626600,62.78
2017-01-06,1483713000,63.14
2017-01-09,1483972200,62.65
2017-01-10,1484058600,62.91
2017-01-11,1484145000,63.24
2017-01-12,1484231400,62.98
2017-01-13,1484317800,63.22
2017-01-17,1484663400,62.73
2017-01-18,1484749800,62.97
2017-01-19,1484836200,63.43
2017-01-20,1484922600,63.44
2017-01-23,1485181800,63.09
2017-01-24,1485268200,63.72
2017-01-25,1485354600,64.39
2017-01-26,1485441000,64.54
2017-01-27,1485527400,64.49
2017-01-30,1485786600,63.94
2017-01-31,1485873000,63.38
2017-02-01,1485959400,63.27
2017-02-02,1486045800,63.15
2017-02-03,1486132200,63.62
2017-02-06,1486391400,63.71
2017-02-07,1486477800,63.82
2017-02-08,1486564200,63.73
2017-02-09,1486650600,64.22
2017-02-10,1486737000,64.73
2017-02-13,1486996200,65.38
2017-02-14,1487082600,65.41
2017-02-15,1487169000,65.76
2017-02-16,1487255400,65.78
2017-02-17,1487341800,65.89
2017-02-21,1487687400,66.22
2017-02-22,1487773800,66.04
2017-02-23,1487860200,65.61
2017-02-24,1487946600,65.89
2017-02-27,1488205800,66.13
2017-02-28,1488292200,65.86
2017-03-01,1488378600,66.97
2017-03-02,1488465000,66.25
2017-03-03,1488551400,66.32
2017-03-06,1488810600,66.16
2017-03-07,1488897000,65.97
2017-03-08,1488983400,65.74
2017-03-09,1489069800,65.44
2017-03-10,1489156200,65.84
2017-03-13,1489411800,65.8
2017-03-14,1489498200,65.18
2017-03-15,1489584600,65.92
2017-03-16,1489671000,65.62
2017-03-17,1489757400,65.68
2017-03-20,1490016600,65.56
2017-03-21,1490103000,64.56
2017-03-22,1490189400,64.79
2017-03-23,1490275800,64.7
2017-03-24,1490362200,64.53
2017-03-27,1490621400,64.3
2017-03-28,1490707800,64.98
2017-03-29,1490794200,64.97
2017-03-30,1490880600,65.33
2017-03-31,1490967000,65.06
2017-04-03,1491226200,64.92
2017-04-04,1491312600,65.09
2017-04-05,1491399000,64.88
2017-04-06,1491485400,65.06
2017-04-07,1491571800,65.13
2017-04-10,1491831000,65.29
2017-04-11,1491917400,65.38
2017-04-12,1492003800,64.48
2017-04-13,1492090200,64.02
2017-04-17,1492435800,64.72
2017-04-18,1492522200,64.51
2017-04-19,1492608600,64.57
2017-04-20,1492695000,65.35
2017-04-21,1492781400,65.41
2017-04-24,1493040600,66.34
2017-04-25,1493127000,66.66
2017-04-26,1493213400,66.67
2017-04-27,1493299800,66.65
2017-04-28,1493386200,66.34
2017-05-01,1493645400,66.14
2017-05-02,1493731800,66.46
2017-05-03,1493818200,66.51
2017-05-04,1493904600,66.58
2017-05-05,1493991000,66.92
2017-05-08,1494250200,66.74
2017-05-09,1494336600,66.83
2017-05-10,1494423000,66.69
2017-05-11,1494509400,66.67
2017-05-12,1494595800,66.3
2017-05-15,1494855000,66.61
2017-05-16,1494941400,66.54
2017-05-17,1495027800,65.21
2017-05-18,1495114200,65.3
2017-05-19,1495200600,66.16
2017-05-22,1495459800,66.67
2017-05-23,1495546200,66.81
2017-05-24,1495632600,66.89
2017-05-25,1495719000,67.33
2017-05-26,1495805400,67.41
2017-05-30,1496151000,67.39
2017-05-31,1496237400,67.52
2017-06-01,1496323800,67.94
2017-06-02,1496410200,68.21
2017-06-05,1496669400,67.97
2017-06-06,1496755800,67.51
2017-06-07,1496842200,67.43
2017-06-08,1496928600,67.65
2017-06-09,1497015000,67.91
2017-06-12,1497274200,68.16
2017-06-13,1497360600,68.44
2017-06-14,1497447000,68.37
2017-06-15,1497533400,68.78
2017-06-16,1497619800,68.68
2017-06-19,1497879000,69.1
2017-06-20,1497965400,68.36
2017-06-21,1498051800,67.9
2017-06-22,1498138200,67.76
2017-06-23,1498224600,68.01
2017-06-26,1498483800,68.03
2017-06-27,1498570200,67.52
2017-06-28,1498656600,68.13
2017-06-29,1498743000,67.55
2017-06-30,1498829400,68.11
2017-07-03,1499088600,68.53
2017-07-05,1499261400,68.73
2017-07-06,1499347800,68.13
2017-07-07,1499434200,68.66
2017-07-10,1499693400,68.86
2017-07-11,1499779800,68.8
2017-07-12,1499866200,69.18
2017-07-13,1499952600,69.13
2017-07-14,1500039000,69.43
2017-07-17,1500298200,69.39
2017-07-18,1500384600,69.23
2017-07-19,1500471000,69.3
2017-07-20,1500557400,68.91
2017-07-21,1500643800,68.78
2017-07-24,1500903000,68.63
2017-07-25,1500989400,68.54
2017-07-26,1501075800,68.63
2017-07-27,1501162200,68.24
2017-07-28,1501248600,68.4
2017-07-31,1501507800,68.31
2017-08-01,1501594200,68.11
2017-08-02,1501680600,68.41
2017-08-03,1501767000,68.75
2017-08-04,1501853400,68.88
2017-08-07,1502112600,68.88
2017-08-08,1502199000,68.67
2017-08-09,1502285400,68.69
2017-08-10,1502371800,67.82
2017-08-11,1502458200,67.86
2017-08-14,1502717400,68.57
2017-08-15,1502803800,68.42
2017-08-16,1502890200,68.61
2017-08-17,1502976600,67.42
2017-08-18,1503063000,67.15
2017-08-21,1503322200,67.26
2017-08-22,1503408600,68.03
2017-08-23,1503495000,67.39
2017-08-24,1503581400,67.18
2017-08-25,1503667800,67.5
2017-08-28,1503927000,67.46
2017-08-29,1504013400,67.95
2017-08-30,1504099800,68.23
2017-08-31,1504186200,68.46
2017-09-01,1504272600,68.52
2017-09-05,1504618200,67.83
2017-09-06,1504704600,67.9
2017-09-07,1504791000,68.04
2017-09-08,1504877400,68.27
2017-09-11,1505136600,68.86
2017-09-12,1505223000,69.19
2017-09-13,1505309400,69.09
2017-09-14,1505395800,69.42
2017-09-15,1505482200,69.39
2017-09-18,1505741400,69.78
2017-09-19,1505827800,69.85
2017-09-20,1505914200,70.36
2017-09-21,1506000600,70.57
2017-09-22,1506087000,70.75
2017-09-25,1506346200,70.75
2017-09-26,1506432600,70.75
2017-09-27,1506519000,70.83
2017-09-28,1506605400,70.79
2017-09-29,1506691800,71
2017-10-02,1506951000,71.49
2017-10-03,1507037400,71.8
2017-10-04,1507123800,71.78
2017-10-05,1507210200,71.95
2017-10-06,1507296600,71.94
2017-10-09,1507555800,71.74
2017-10-10,1507642200,71.85
2017-10-11,1507728600,71.81
2017-10-12,1507815000,72.19
2017-10-13,1507901400,72.06
2017-10-16,1508160600,72.14
2017-10-17,1508247000,71.95
2017-10-18,1508333400,71.98
2017-10-19,1508419800,72.18
2017-10-20,1508506200,72.96
2017-10-23,1508765400,72.5
2017-10-24,1508851800,72.91
2017-10-25,1508938200,72.19
2017-10-26,1509024600,72.29
2017-10-27,1509111000,72.32
2017-10-30,1509370200,71.82
2017-10-31,1509456600,71.53
2017-11-01,1509543000,71.49
2017-11-02,1509629400,71.9
2017-11-03,1509715800,71.83
2017-11-06,1509978600,71.87
2017-11-07,1510065000,71.98
2017-11-08,1510151400,71.86
2017-11-09,1510237800,70.96
2017-11-10,1510324200,71.06
2017-11-13,1510583400,70.82
2017-11-14,1510669800,70.63
2017-11-15,1510756200,70.23
2017-11-16,1510842600,70.89
2017-11-17,1510929000,70.5
2017-11-20,1511188200,70.82
2017-11-21,1511274600,71.33
2017-11-22,1511361000,71.41
2017-11-24,1511533800,71.41
2017-11-27,1511793000,71.53
2017-11-28,1511879400,72.62
2017-11-29,1511965800,73.26
2017-11-30,1512052200,74.51
2017-12-01,1512138600,73.59
2017-12-04,1512397800,74.21
2017-12-05,1512484200,73.58
2017-12-06,1512570600,73.69
2017-12-07,1512657000,74.37
2017-12-08,1512743400,74.69
2017-12-11,1513002600,74.54
2017-12-12,1513089000,74.62
2017-12-13,1513175400,74.91
2017-12-14,1513261800,74.4
2017-12-15,1513348200,74.52
2017-12-18,1513607400,75.05
2017-12-19,1513693800,75.07
2017-12-20,1513780200,75.32
2017-12-21,1513866600,75.38
2017-12-22,1513953000,75.4
2017-12-26,1514298600,75.48
2017-12-27,1514385000,75.66
2017-12-28,1514471400,75.81
2017-12-29,1514557800,75.67
2018-01-02,1514903400,76.12
2018-01-03,1514989800,76.53
2018-01-04,1515076200,77.09
2018-01-05,1515162600,77.62
2018-01-08,1515421800,77.94
2018-01-09,1515508200,78.44
2018-01-10,1515594600,78.43
2018-01-11,1515681000,79.43
2018-01-12,1515767400,80.17
2018-01-16,1516113000,79.45
2018-01-17,1516199400,79.89
2018-01-18,1516285800,79.46
2018-01-19,1516372200,79.69
2018-01-22,1516631400,79.69
2018-01-23,1516717800,79.73
2018-01-24,1516804200,79.66
2018-01-25,1516890600,79.74
2018-01-26,1516977000,80.66
2018-01-29,1517236200,80.12
2018-01-30,1517322600,79.49
2018-01-31,1517409000,79.73
2018-02-01,1517495400,79.59
2018-02-02,1517581800,77.99
2018-02-05,1517841000,74.45
2018-02-06,1517927400,75.81
2018-02-07,1518013800,75.95
2018-02-08,1518100200,73.02
2018-02-09,1518186600,73.81
2018-02-12,1518445800,75
2018-02-13,1518532200,75.17
2018-02-14,1518618600,76.12
2018-02-15,1518705000,77.27
2018-02-16,1518791400,77.29
2018-02-20,1519137000,76.51
2018-02-21,1519223400,76.53
2018-02-22,1519309800,77.04
2018-02-23,1519396200,77.68
2018-02-26,1519655400,78.75
2018-02-27,1519741800,77.76
2018-02-28,1519828200,76.65
2018-03-01,1519914600,75.15
2018-03-02,1520001000,75.13
2018-03-05,1520260200,76.03
2018-03-06,1520346600,76.37
2018-03-07,1520433000,76.36
2018-03-08,1520519400,76.76
2018-03-09,1520605800,78.45
2018-03-12,1520861400,77.48
2018-03-13,1520947800,77.1
2018-03-14,1521034200,76.26
2018-03-15,1521120600,76.48
2018-03-16,1521207000,76.58
2018-03-19,1521466200,75.99
2018-03-20,1521552600,76.25
2018-03-21,1521639000,76.34
2018-03-22,1521725400,73.82
2018-03-23,1521811800,72.74
2018-03-26,1522071000,74.5
2018-03-27,1522157400,73.47
2018-03-28,1522243800,73.22
2018-03-29,1522330200,74.29
2018-04-02,1522675800,72.76
2018-04-03,1522762200,73.77
2018-04-04,1522848600,74.09
2018-04-05,1522935000,74.84
2018-04-06,1523021400,72.77
2018-04-09,1523280600,72.55
2018-04-10,1523367000,73.66
2018-04-11,1523453400,73.12
2018-04-12,1523539800,74.17
2018-04-13,1523626200,73.99
2018-04-16,1523885400,74.73
2018-04-17,1523971800,75.36
2018-04-18,1524058200,76.14
2018-04-19,1524144600,75.93
2018-04-20,1524231000,75.6
2018-04-23,1524490200,75.51
2018-04-24,1524576600,73.4
2018-04-25,1524663000,73.61
2018-04-26,1524749400,73.34
2018-04-27,1524835800,73.19
2018-04-30,1525095000,72.22
2018-05-01,1525181400,71.89
2018-05-02,1525267800,71.26
2018-05-03,1525354200,71.43
2018-05-04,1525440600,72.26
2018-05-07,1525699800,72.74
2018-05-08,1525786200,73.26
2018-05-09,1525872600,74.05
2018-05-10,1525959000,74.55
2018-05-11,1526045400,74.71
2018-05-14,1526304600,74.58
2018-05-15,1526391000,74.33
2018-05-16,1526477400,74.6
2018-05-17,1526563800,74.89
2018-05-18,1526650200,75.33
2018-05-21,1526909400,76.47
2018-05-22,1526995800,75.53
2018-05-23,1527082200,75.46
2018-05-24,1527168600,75.83
2018-05-25,1527255000,75.69
2018-05-29,1527600600,74.48
2018-05-30,1527687000,75.53
2018-05-31,1527773400,74.44
2018-06-01,1527859800,75.26
2018-06-04,1528119000,75.15
2018-06-05,1528205400,75.24
2018-06-06,1528291800,75.87
2018-06-07,1528378200,76.19
2018-06-08,1528464600,76.44
2018-06-11,1528723800,76.59
2018-06-12,1528810200,76.51
2018-06-13,1528896600,75.9
2018-06-14,1528983000,75.61
2018-06-15,1529069400,75.12
2018-06-18,1529328600,74.81
2018-06-19,1529415000,73.23
2018-06-20,1529501400,73.28
2018-06-21,1529587800,72.36
2018-06-22,1529674200,72.61
2018-06-25,1529933400,71.69
2018-06-26,1530019800,71.96
2018-06-27,1530106200,71.38
2018-06-28,1530192600,71.48
2018-06-29,1530279000,71.63
2018-07-02,1530538200,71.79
2018-07-03,1530624600,71.56
2018-07-05,1530797400,71.91
2018-07-06,1530883800,72.16
2018-07-09,1531143000,73.5
2018-07-10,1531229400,73.73
2018-07-11,1531315800,72.52
2018-07-12,1531402200,73.37
2018-07-13,1531488600,73.75
2018-07-16,1531747800,73.45
2018-07-17,1531834200,73.74
2018-07-18,1531920600,74.55
2018-07-19,1532007000,74.52
2018-07-20,1532093400,74.44
2018-07-23,1532352600,73.98
2018-07-24,1532439000,74.29
2018-07-25,1532525400,75.42
2018-07-26,1532611800,76
2018-07-27,1532698200,76.01
2018-07-30,1532957400,75.26
2018-07-31,1533043800,76.92
2018-08-01,1533130200,75.88
2018-08-02,1533216600,75.78
2018-08-03,1533303000,75.85
2018-08-06,1533562200,75.96
2018-08-07,1533648600,76.5
2018-08-08,1533735000,76.16
2018-08-09,1533821400,75.74
2018-08-10,1533907800,75.07
2018-08-13,1534167000,74.71
2018-08-14,1534253400,75.23
2018-08-15,1534339800,74.87
2018-08-16,1534426200,75.82
2018-08-17,1534512600,76.28
2018-08-20,1534771800,76.79
2018-08-21,1534858200,77.36
2018-08-22,1534944600,76.61
2018-08-23,1535031000,76.39
2018-08-24,1535117400,76.72
2018-08-27,1535376600,77.69
2018-08-28,1535463000,77.53
2018-08-29,1535549400,77.59
2018-08-30,1535635800,77.05
2018-08-31,1535722200,77.1
2018-09-04,1536067800,77.04
2018-09-05,1536154200,77.59
2018-09-06,1536240600,77.83
2018-09-07,1536327000,77.59
2018-09-10,1536586200,77.99
2018-09-11,1536672600,77.97
2018-09-12,1536759000,78.21
2018-09-13,1536845400,78.68
2018-09-14,1536931800,79.07
2018-09-17,1537191000,79.1
2018-09-18,1537277400,79.82
2018-09-19,1537363800,79.75
2018-09-20,1537450200,79.87
2018-09-21,1537536600,80
2018-09-24,1537795800,78.63
2018-09-25,1537882200,78.39
2018-09-26,1537968600,78.34
2018-09-27,1538055000,78.45
2018-09-28,1538141400,78.4
2018-10-01,1538400600,79.09
2018-10-02,1538487000,79.27
2018-10-03,1538573400,79.6
2018-10-04,1538659800,79.34
2018-10-05,1538746200,78.93
2018-10-08,1539005400,79.13
2018-10-09,1539091800,77.91
2018-10-10,1539178200,75.4
2018-10-11,1539264600,73.41
2018-10-12,1539351000,73.9
2018-10-15,1539610200,74.04
2018-10-16,1539696600,75.29
2018-10-17,1539783000,74.74
2018-10-18,1539869400,73.45
2018-10-19,1539955800,73.18
2018-10-22,1540215000,72.93
2018-10-23,1540301400,71.73
2018-10-24,1540387800,69.3
2018-10-25,1540474200,69.79
2018-10-26,1540560600,69.1
2018-10-29,1540819800,67.95
2018-10-30,1540906200,69.35
2018-10-31,1540992600,69.88
2018-11-01,1541079000,71.11
2018-11-02,1541165400,70.99
2018-11-05,1541428200,71.36
2018-11-06,1541514600,72.11
2018-11-07,1541601000,73.28
2018-11-08,1541687400,73.16
2018-11-09,1541773800,72.42
2018-11-12,1542033000,70.99
2018-11-13,1542119400,71.31
2018-11-14,1542205800,71.07
2018-11-15,1542292200,72.01
2018-11-16,1542378600,71.99
2018-11-19,1542637800,70.85
2018-11-20,1542724200,69.38
2018-11-21,1542810600,69.87
2018-11-23,1542983400,69.73
2018-11-26,1543242600,70.24
2018-11-27,1543329000,70.12
2018-11-28,1543415400,71.8
2018-11-29,1543501800,71.84
2018-11-30,1543588200,72.54
2018-12-03,1543847400,73.38
2018-12-04,1543933800,70.26
2018-12-06,1544106600,69.87
2018-12-07,1544193000,68.03
2018-12-10,1544452200,68.2
2018-12-11,1544538600,67.8
2018-12-12,1544625000,68.18
2018-12-13,1544711400,67.99
2018-12-14,1544797800,67.05
2018-12-17,1545057000,65.95
2018-12-18,1545143400,66.28
2018-12-19,1545229800,65.03
2018-12-20,1545316200,63.84
2018-12-21,1545402600,62.25
2018-12-24,1545661800,60.34
2018-12-26,1545834600,63.15
2018-12-27,1545921000,63.94
2018-12-28,1546007400,63.77
2018-12-31,1546266600,64.41
2019-01-02,1546439400,64.74
2019-01-03,1546525800,62.77
2019-01-04,1546612200,65.15
2019-01-07,1546871400,65.68
2019-01-08,1546957800,66.58
2019-01-09,1547044200,67.03
2019-01-10,1547130600,67.94
2019-01-11,1547217000,67.87
2019-01-14,1547476200,67.86
2019-01-15,1547562600,67.65
2019-01-16,1547649000,67.72
2019-01-17,1547735400,68.88
2019-01-18,1547821800,70.19
2019-01-22,1548167400,68.74
2019-01-23,1548253800,68.84
2019-01-24,1548340200,69.19
2019-01-25,1548426600,70.07
2019-01-28,1548685800,69.4
2019-01-29,1548772200,70.36
2019-01-30,1548858600,71.46
2019-01-31,1548945000,71.77
2019-02-01,1549031400,71.88
2019-02-04,1549290600,72.81
2019-02-05,1549377000,73.44
2019-02-06,1549463400,73.46
2019-02-07,1549549800,72.96
2019-02-08,1549636200,73.07
2019-02-11,1549895400,73.46
2019-02-12,1549981800,74.6
2019-02-13,1550068200,75.04
2019-02-14,1550154600,74.69
2019-02-15,1550241000,75.69
2019-02-19,1550586600,75.66
2019-02-20,1550673000,76.02
2019-02-21,1550759400,75.71
2019-02-22,1550845800,76.21
2019-02-25,1551105000,76.51
2019-02-26,1551191400,76.3
2019-02-27,1551277800,76.6
2019-02-28,1551364200,76.34
2019-03-01,1551450600,76.41
2019-03-04,1551709800,76.07
2019-03-05,1551796200,75.58
2019-03-06,1551882600,74.87
2019-03-07,1551969000,74.42
2019-03-08,1552055400,74.27
2019-03-11,1552311000,74.9
2019-03-12,1552397400,74.28
2019-03-13,1552483800,74.93
2019-03-14,1552570200,74.68
2019-03-15,1552656600,73.99
2019-03-18,1552915800,74.71
2019-03-19,1553002200,74.44
2019-03-20,1553088600,73.93
2019-03-21,1553175000,74.64
2019-03-22,1553261400,72.95
2019-03-25,1553520600,73.12
2019-03-26,1553607000,73.61
2019-03-27,1553693400,73.69
2019-03-28,1553779800,74.23
2019-03-29,1553866200,75.03
2019-04-01,1554125400,76.58
2019-04-02,1554211800,76.55
2019-04-03,1554298200,76.32
2019-04-04,1554384600,76.79
2019-04-05,1554471000,77.01
2019-04-08,1554730200,76.68
2019-04-09,1554816600,75.64
2019-04-10,1554903000,75.62
2019-04-11,1554989400,76.27
2019-04-12,1555075800,77.28
2019-04-15,1555335000,76.85
2019-04-16,1555421400,77.32
2019-04-17,1555507800,77.42
2019-04-18,1555594200,78.31
2019-04-22,1555939800,78.07
2019-04-23,1556026200,78.75
2019-04-24,1556112600,78.52
2019-04-25,1556199000,76.94
2019-04-26,1556285400,77.52
2019-04-29,1556544600,77.7
2019-04-30,1556631000,78.01
2019-05-01,1556717400,77.5
2019-05-02,1556803800,77.46
2019-05-03,1556890200,78.4
2019-05-06,1557149400,77.65
2019-05-07,1557235800,76.08
2019-05-08,1557322200,76.08
2019-05-09,1557408600,75.97
2019-05-10,1557495000,76.27
2019-05-13,1557754200,74.1
2019-05-14,1557840600,74.87
2019-05-15,1557927000,74.97
2019-05-16,1558013400,75.66
2019-05-17,1558099800,74.82
2019-05-20,1558359000,74.63
2019-05-21,1558445400,75.51
2019-05-22,1558531800,74.89
2019-05-23,1558618200,73.75
2019-05-24,1558704600,73.78
2019-05-28,1559050200,73.1
2019-05-29,1559136600,72.77
2019-05-30,1559223000,73.05
2019-05-31,1559309400,72.05
2019-06-03,1559568600,72.54
2019-06-04,1559655000,74.27
2019-06-05,1559741400,74.99
2019-06-06,1559827800,75.12
2019-06-07,1559914200,75.72
2019-06-10,1560173400,75.82
2019-06-11,1560259800,75.17
2019-06-12,1560346200,75.33
2019-06-13,1560432600,75.71
2019-06-14,1560519000,75.41
2019-06-17,1560778200,75.15
2019-06-18,1560864600,76.61
2019-06-19,1560951000,76.55
2019-06-20,1561037400,77.83
2019-06-21,1561123800,77.08
2019-06-24,1561383000,76.93
2019-06-25,1561469400,76.35
2019-06-26,1561555800,76.54
2019-06-27,1561642200,76.61
2019-06-28,1561728600,77.42
2019-07-01,1561987800,77.49
2019-07-02,1562074200,77.39
2019-07-03,1562160600,77.82
2019-07-05,1562333400,77.51
2019-07-08,1562592600,76.87
2019-07-09,1562679000,76.7
2019-07-10,1562765400,76.52
2019-07-11,1562851800,77.04
2019-07-12,1562938200,78.39
2019-07-15,1563197400,78.07
2019-07-16,1563283800,78.57
2019-07-17,1563370200,76.89
2019-07-18,1563456600,77.03
2019-07-19,1563543000,77.45
2019-07-22,1563802200,77.51
2019-07-23,1563888600,78.49
2019-07-24,1563975000,78.83
2019-07-25,1564061400,78.67
2019-07-26,1564147800,78.5
2019-07-29,1564407000,78.36
2019-07-30,1564493400,78.7
2019-07-31,1564579800,77.82
2019-08-01,1564666200,76.31
2019-08-02,1564752600,75.82
2019-08-05,1565011800,73.72
2019-08-06,1565098200,74.83
2019-08-07,1565184600,74.79
2019-08-08,1565271000,76.06
2019-08-09,1565357400,75.42
2019-08-12,1565616600,74.38
2019-08-13,1565703000,75.27
2019-08-14,1565789400,72.97
2019-08-15,1565875800,72.89
2019-08-16,1565962200,74.3
2019-08-19,1566221400,75
2019-08-20,1566307800,74.56
2019-08-21,1566394200,75.02
2019-08-22,1566480600,75.13
2019-08-23,1566567000,73.12
2019-08-26,1566826200,73.66
2019-08-27,1566912600,73.28
2019-08-28,1566999000,74.18
2019-08-29,1567085400,75.45
2019-08-30,1567171800,75.76
2019-09-03,1567517400,74.73
2019-09-04,1567603800,75.68
2019-09-05,1567690200,77.04
2019-09-06,1567776600,77.2
2019-09-09,1568035800,77.43
2019-09-10,1568122200,78.14
2019-09-11,1568208600,78.87
2019-09-12,1568295000,78.92
2019-09-13,1568381400,79.35
2019-09-16,1568640600,79.28
2019-09-17,1568727000,79.24
2019-09-18,1568813400,79.12
2019-09-19,1568899800,78.72
2019-09-20,1568986200,77.81
2019-09-23,1569245400,77.66
2019-09-24,1569331800,77.22
2019-09-25,1569418200,77.72
2019-09-26,1569504600,77.83
2019-09-27,1569591000,77.52
2019-09-30,1569850200,77.63
2019-10-01,1569936600,75.77
2019-10-02,1570023000,74.34
2019-10-03,1570109400,74.83
2019-10-04,1570195800,75.61
2019-10-07,1570455000,75.23
2019-10-08,1570541400,74.07
2019-10-09,1570627800,74.7
2019-10-10,1570714200,75.38
2019-10-11,1570800600,76.8
2019-10-14,1571059800,76.65
2019-10-15,1571146200,77.27
2019-10-16,1571232600,77.23
2019-10-17,1571319000,77.61
2019-10-18,1571405400,76.94
2019-10-21,1571664600,77.4
2019-10-22,1571751000,78.01
2019-10-23,1571837400,78
2019-10-24,1571923800,78.11
2019-10-25,1572010200,78.6
2019-10-28,1572269400,78.82
2019-10-29,1572355800,79.08
2019-10-30,1572442200,79.36
2019-10-31,1572528600,78.51
2019-11-01,1572615000,80.22
2019-11-04,1572877800,81.15
2019-11-05,1572964200,81.32
2019-11-06,1573050600,81.37
2019-11-07,1573137000,81.65
2019-11-08,1573223400,81.76
2019-11-11,1573482600,81.8
2019-11-12,1573569000,81.79
2019-11-13,1573655400,81.45
2019-11-14,1573741800,81.71
2019-11-15,1573828200,82.31
2019-11-18,1574087400,82
2019-11-19,1574173800,81.93
2019-11-20,1574260200,81.28
2019-11-21,1574346600,81.25
2019-11-22,1574433000,81.67
2019-11-25,1574692200,82.26
2019-11-26,1574778600,82.5
2019-11-27,1574865000,82.42
2019-11-29,1575037800,82.04
2019-12-02,1575297000,80.69
2019-12-03,1575383400,79.81
2019-12-04,1575469800,80.12
2019-12-05,1575556200,80.14
2019-12-06,1575642600,81.11
2019-12-09,1575901800,80.8
2019-12-10,1575988200,80.7
2019-12-11,1576074600,81.21
2019-12-12,1576161000,81.93
2019-12-13,1576247400,81.71
2019-12-16,1576506600,81.67
2019-12-17,1576593000,81.59
2019-12-18,1576679400,81.25
2019-12-19,1576765800,81.47
2019-12-20,1576852200,81.44
2019-12-23,1577111400,82.11
2019-12-24,1577197800,81.78
2019-12-26,1577370600,81.97
2019-12-27,1577457000,81.9
2019-12-30,1577716200,81.52
2019-12-31,1577802600,81.47
2020-01-02,1577975400,83.01
2020-01-03,1578061800,82.85
2020-01-06,1578321000,82.88
2020-01-07,1578407400,82.71
2020-01-08,1578493800,82.99
2020-01-09,1578580200,83.34
2020-01-10,1578666600,82.75
2020-01-13,1578925800,83.43
2020-01-14,1579012200,83.44
2020-01-15,1579098600,83.57
2020-01-16,1579185000,84.4
2020-01-17,1579271400,84.41
2020-01-21,1579617000,83.48
2020-01-22,1579703400,83.04
2020-01-23,1579789800,83.94
2020-01-24,1579876200,83.55
2020-01-27,1580135400,81.97
2020-01-28,1580221800,82.5
2020-01-29,1580308200,82.94
2020-01-30,1580394600,83.03
2020-01-31,1580481000,81.11
2020-02-03,1580740200,81.08
2020-02-04,1580826600,82.61
2020-02-05,1580913000,83.99
2020-02-06,1580999400,84.26
2020-02-07,1581085800,83.65
2020-02-10,1581345000,84.12
2020-02-11,1581431400,84.44
2020-02-12,1581517800,85.23
2020-02-13,1581604200,84.75
2020-02-14,1581690600,84.64
2020-02-18,1582036200,84.16
2020-02-19,1582122600,84.13
2020-02-20,1582209000,84.01
2020-02-21,1582295400,83.59
2020-02-24,1582554600,81.21
2020-02-25,1582641000,77.9
2020-02-26,1582727400,77.31
2020-02-27,1582813800,74.44
2020-02-28,1582900200,73.08
2020-03-02,1583159400,75.65
2020-03-03,1583245800,73.8
2020-03-04,1583332200,76.85
2020-03-05,1583418600,73.09
2020-03-06,1583505000,72.45
2020-03-09,1583760600,65.77
2020-03-10,1583847000,69.18
2020-03-11,1583933400,65.12
2020-03-12,1584019800,58.38
2020-03-13,1584106200,62.94
2020-03-16,1584365400,55.8
2020-03-17,1584451800,58.37
2020-03-18,1584538200,54.07
2020-03-19,1584624600,54.11
2020-03-20,1584711000,51.4
2020-03-23,1584970200,48.77
2020-03-24,1585056600,54.94
2020-03-25,1585143000,57.83
2020-03-26,1585229400,61.48
2020-03-27,1585315800,58.89
2020-03-30,1585575000,59.75
2020-03-31,1585661400,59.01
2020-04-01,1585747800,56.35
2020-04-02,1585834200,57.1
2020-04-03,1585920600,56.34
2020-04-06,1586179800,60.24
2020-04-07,1586266200,60.1
2020-04-08,1586352600,62.28
2020-04-09,1586439000,63.22
2020-04-13,1586784600,61.37
2020-04-14,1586871000,62.54
2020-04-15,1586957400,60.81
2020-04-16,1587043800,60.27
2020-04-17,1587130200,63.1
2020-04-20,1587389400,61.42
2020-04-21,1587475800,59.97
2020-04-22,1587562200,60.6
2020-04-23,1587648600,61.08
2020-04-24,1587735000,61.57
2020-04-27,1587994200,63.1
2020-04-28,1588080600,64.28
2020-04-29,1588167000,65.51
2020-04-30,1588253400,64.21
2020-05-01,1588339800,62.27
2020-05-04,1588599000,61.48
2020-05-05,1588685400,61.72
2020-05-06,1588771800,60.87
2020-05-07,1588858200,61.58
2020-05-08,1588944600,63.11
2020-05-11,1589203800,62.32
2020-05-12,1589290200,60.57
2020-05-13,1589376600,59.05
2020-05-14,1589463000,59.67
2020-05-15,1589549400,59.46
2020-05-18,1589808600,63.38
2020-05-19,1589895000,62.57
2020-05-20,1589981400,63.74
2020-05-21,1590067800,63.89
2020-05-22,1590154200,63.84
2020-05-26,1590499800,66.52
2020-05-27,1590586200,68.74
2020-05-28,1590672600,68.09
2020-05-29,1590759000,67.67
2020-06-01,1591018200,67.82
2020-06-02,1591104600,68.7
2020-06-03,1591191000,71.38
2020-06-04,1591277400,72.14
2020-06-05,1591363800,74.79
2020-06-08,1591623000,76.29
2020-06-09,1591709400,74.39
2020-06-10,1591795800,72.61
2020-06-11,1591882200,67.51
2020-06-12,1591968600,68.82
2020-06-15,1592227800,69.5
2020-06-16,1592314200,70.86
2020-06-17,1592400600,70.35
2020-06-18,1592487000,70.09
2020-06-19,1592573400,69.23
2020-06-22,1592832600,69.04
2020-06-23,1592919000,69.05
2020-06-24,1593005400,66.65
2020-06-25,1593091800,67.39
2020-06-26,1593178200,66.14
2020-06-29,1593437400,68.31
2020-06-30,1593523800,68.7
2020-07-01,1593610200,68.39
2020-07-02,1593696600,68.98
2020-07-06,1594042200,69.97
2020-07-07,1594128600,68.63
2020-07-08,1594215000,68.63
2020-07-09,1594301400,67.14
2020-07-10,1594387800,68.01
2020-07-13,1594647000,68.29
2020-07-14,1594733400,69.77
2020-07-15,1594819800,71.55
2020-07-16,1594906200,71.57
2020-07-17,1594992600,72
2020-07-20,1595251800,71.12
2020-07-21,1595338200,72.06
2020-07-22,1595424600,72.64
2020-07-23,1595511000,72.42
2020-07-24,1595597400,71.84
2020-07-27,1595856600,72.14
2020-07-28,1595943000,71.64
2020-07-29,1596029400,72.73
2020-07-30,1596115800,72
2020-07-31,1596202200,71.73
2020-08-03,1596461400,72.03
2020-08-04,1596547800,72.21
2020-08-05,1596634200,73.59
2020-08-06,1596720600,73.87
2020-08-07,1596807000,75.13
2020-08-10,1597066200,76.98
2020-08-11,1597152600,77.39
2020-08-12,1597239000,77.64
2020-08-13,1597325400,77.23
2020-08-14,1597411800,77.53
2020-08-17,1597671000,77.17
2020-08-18,1597757400,76.75
2020-08-19,1597843800,76.55
2020-08-20,1597930200,76.14
2020-08-21,1598016600,76.45
2020-08-24,1598275800,77.83
2020-08-25,1598362200,77.73
2020-08-26,1598448600,77.77
2020-08-27,1598535000,78.05
2020-08-28,1598621400,78.79
2020-08-31,1598880600,77.81
2020-09-01,1598967000,78.6
2020-09-02,1599053400,79.9
2020-09-03,1599139800,77.66
2020-09-04,1599226200,77.84
2020-09-08,1599571800,76.38
2020-09-09,1599658200,77.56
2020-09-10,1599744600,76.57
2020-09-11,1599831000,77.61
2020-09-14,1600090200,78.66
2020-09-15,1600176600,78.71
2020-09-16,1600263000,79.51
2020-09-17,1600349400,79.67
2020-09-18,1600435800,78.78
2020-09-21,1600695000,75.87
2020-09-22,1600781400,76.62
2020-09-23,1600867800,75.25
2020-09-24,1600954200,75.36
2020-09-25,1601040600,76.49
2020-09-28,1601299800,77.87
2020-09-29,1601386200,77.18
2020-09-30,1601472600,76.98
2020-10-01,1601559000,76.75
2020-10-02,1601645400,77.61
2020-10-05,1601904600,78.86
2020-10-06,1601991000,77.9
2020-10-07,1602077400,79.62
2020-10-08,1602163800,80.41
2020-10-09,1602250200,80.71
2020-10-12,1602509400,81.17
2020-10-13,1602595800,80.27
2020-10-14,1602682200,80.72
2020-10-15,1602768600,81.01
2020-10-16,1602855000,81.6
2020-10-19,1603114200,80.59
2020-10-20,1603200600,81.01
2020-10-21,1603287000,80.19
2020-10-22,1603373400,80.85
2020-10-23,1603459800,81.17
2020-10-26,1603719000,79.14
2020-10-27,1603805400,77.41
2020-10-28,1603891800,74.87
2020-10-29,1603978200,75.96
2020-10-30,1604064600,75.87
2020-11-02,1604327400,77.92
2020-11-03,1604413800,80.22
2020-11-04,1604500200,79.39
2020-11-05,1604586600,81.26
2020-11-06,1604673000,81.34
2020-11-09,1604932200,84.11
2020-11-10,1605018600,85.59
2020-11-11,1605105000,84.87
2020-11-12,1605191400,83.9
2020-11-13,1605277800,85.76
2020-11-16,1605537000,87.85
2020-11-17,1605623400,87.62
2020-11-18,1605709800,87.23
2020-11-19,1605796200,87.45
2020-11-20,1605882600,86.66
2020-11-23,1606141800,88.11
2020-11-24,1606228200,89.65
2020-11-25,1606314600,88.97
2020-11-27,1606487400,88.82
2020-11-30,1606746600,88.03
2020-12-01,1606833000,87.81
2020-12-02,1606919400,87.93
2020-12-03,1607005800,88.16
2020-12-04,1607092200,89.21
2020-12-07,1607351400,88.78
2020-12-08,1607437800,89.21
2020-12-09,1607524200,89.41
2020-12-10,1607610600,88.56
2020-12-11,1607697000,88.77
2020-12-14,1607956200,87.62
2020-12-15,1608042600,88.84
2020-12-16,1608129000,88.29
2020-12-17,1608215400,88.83
2020-12-18,1608301800,88.84
2020-12-21,1608561000,87.94
2020-12-22,1608647400,87.53
2020-12-23,1608733800,87.99
2020-12-24,1608820200,88
2020-12-28,1609165800,88.11
2020-12-29,1609252200,87.58
2020-12-30,1609338600,88.14
2020-12-31,1609425000,88.55
2021-01-04,1609770600,86.41
2021-01-05,1609857000,87.26
2021-01-06,1609943400,89.34
2021-01-07,1610029800,89.83
2021-01-08,1610116200,89.61
2021-01-11,1610375400,89.58
2021-01-12,1610461800,90.47
2021-01-13,1610548200,89.69
2021-01-14,1610634600,90
2021-01-15,1610721000,88.83
2021-01-19,1611066600,89.12
2021-01-20,1611153000,89.67
2021-01-21,1611239400,88.97
2021-01-22,1611325800,88.51
2021-01-25,1611585000,87.91
2021-01-26,1611671400,87.1
2021-01-27,1611757800,85.37
2021-01-28,1611844200,86.64
2021-01-29,1611930600,84.77
2021-02-01,1612189800,85.65
2021-02-02,1612276200,87.47
2021-02-03,1612362600,87.53
2021-02-04,1612449000,88.47
2021-02-05,1612535400,88.99
2021-02-08,1612794600,89.75
2021-02-09,1612881000,89.98
2021-02-10,1612967400,89.84
2021-02-11,1613053800,89.65
2021-02-12,1613140200,90.3
2021-02-16,1613485800,90.21
2021-02-17,1613572200,89.96
2021-02-18,1613658600,89.51
2021-02-19,1613745000,90.98
2021-02-22,1614004200,91.27
2021-02-23,1614090600,91.55
2021-02-24,1614177000,93.28
2021-02-25,1614263400,91.56
2021-02-26,1614349800,90.61
2021-03-01,1614609000,92.93
2021-03-02,1614695400,92.66
2021-03-03,1614781800,92.76
2021-03-04,1614868200,91.28
2021-03-05,1614954600,93.44
2021-03-08,1615213800,94.42
2021-03-09,1615300200,94.03
2021-03-10,1615386600,95.42
2021-03-11,1615473000,95.49
2021-03-12,1615559400,96.77
2021-03-15,1615815000,97.58
2021-03-16,1615901400,96.19
2021-03-17,1615987800,97.3
2021-03-18,1616074200,97.21
2021-03-19,1616160600,96.47
2021-03-22,1616419800,96.12
2021-03-23,1616506200,94.44
2021-03-24,1616592600,95.13
2021-03-25,1616679000,96.65
2021-03-26,1616765400,98.32
2021-03-29,1617024600,98.34
2021-03-30,1617111000,98.77
2021-03-31,1617197400,98.45
2021-04-01,1617283800,98.78
2021-04-05,1617629400,100
2021-04-06,1617715800,99.76
2021-04-07,1617802200,99.3
2021-04-08,1617888600,99.54
2021-04-09,1617975000,100.51
2021-04-12,1618234200,100.88
2021-04-13,1618320600,100.39
2021-04-14,1618407000,100.52
2021-04-15,1618493400,100.92
2021-04-16,1618579800,101.14
2021-04-19,1618839000,100.72
2021-04-20,1618925400,99.61
2021-04-21,1619011800,100.97
2021-04-22,1619098200,100.46
2021-04-23,1619184600,101.56
2021-04-26,1619443800,101.26
2021-04-27,1619530200,102.1
2021-04-28,1619616600,101.89
2021-04-29,1619703000,102.61
2021-04-30,1619789400,101.93
2021-05-03,1620048600,102.98
2021-05-04,1620135000,103.43
2021-05-05,1620221400,103.53
2021-05-06,1620307800,104.25
2021-05-07,1620394200,105.35
2021-05-10,1620653400,105.45
2021-05-11,1620739800,103.89
2021-05-12,1620826200,101.4
2021-05-13,1620912600,103.3
2021-05-14,1620999000,104.73
2021-05-17,1621258200,104.41
2021-05-18,1621344600,102.89
2021-05-19,1621431000,102.31
2021-05-20,1621517400,102.54
2021-05-21,1621603800,103.04
2021-05-24,1621863000,103.68
2021-05-25,1621949400,103.37
2021-05-26,1622035800,103.7
2021-05-27,1622122200,105.12
2021-05-28,1622208600,105.12
2021-06-01,1622554200,105.53
2021-06-02,1622640600,105.23
2021-06-03,1622727000,105
2021-06-04,1622813400,105.34
2021-06-07,1623072600,104.61
2021-06-08,1623159000,104.88
2021-06-09,1623245400,103.81
2021-06-10,1623331800,103.3
2021-06-11,1623418200,103.51
2021-06-14,1623677400,103.04
2021-06-15,1623763800,103.48
2021-06-16,1623850200,102.5
2021-06-17,1623936600,100.92
2021-06-18,1624023000,99.61
2021-06-21,1624282200,101.48
2021-06-22,1624368600,101.59
2021-06-23,1624455000,101.36
2021-06-24,1624541400,102.15
2021-06-25,1624627800,102.35
2021-06-28,1624887000,101.81
2021-06-29,1624973400,101.61
2021-06-30,1625059800,102.4
2021-07-01,1625146200,103.13
2021-07-02,1625232600,103.29
2021-07-06,1625578200,102.3
2021-07-07,1625664600,103.32
2021-07-08,1625751000,101.88
2021-07-09,1625837400,103.49
2021-07-12,1626096600,103.63
2021-07-13,1626183000,102.63
2021-07-14,1626269400,102.62
2021-07-15,1626355800,102.82
2021-07-16,1626442200,101.91
2021-07-19,1626701400,99.78
2021-07-20,1626787800,102.57
2021-07-21,1626874200,103.55
2021-07-22,1626960600,103.17
2021-07-23,1627047000,103.61
2021-07-26,1627306200,103.56
2021-07-27,1627392600,102.99
2021-07-28,1627479000,102.75
2021-07-29,1627565400,103.56
2021-07-30,1627651800,103.36
2021-08-02,1627911000,102.65
2021-08-03,1627997400,103.99
2021-08-04,1628083800,102.58
2021-08-05,1628170200,103.06
2021-08-06,1628256600,103.54
2021-08-09,1628515800,103.13
2021-08-10,1628602200,104.18
2021-08-11,1628688600,105.53
2021-08-12,1628775000,105.33
2021-08-13,1628861400,105
2021-08-16,1629120600,105.36
2021-08-17,1629207000,104.22
2021-08-18,1629293400,103.08
2021-08-19,1629379800,102.36
2021-08-20,1629466200,102.63
2021-08-23,1629725400,103.47
2021-08-24,1629811800,103.99
2021-08-25,1629898200,104.66
2021-08-26,1629984600,104.2
2021-08-27,1630071000,104.92
2021-08-30,1630330200,104.8
2021-08-31,1630416600,104.51
2021-09-01,1630503000,104.11
2021-09-02,1630589400,105.23
2021-09-03,1630675800,104.59
2021-09-07,1631021400,102.78
2021-09-08,1631107800,102.92
2021-09-09,1631194200,102.42
2021-09-10,1631280600,101.96
2021-09-13,1631539800,102.23
2021-09-14,1631626200,101
2021-09-15,1631712600,102.11
2021-09-16,1631799000,101.41
2021-09-17,1631885400,100.33
2021-09-20,1632144600,98.86
2021-09-21,1632231000,98.34
2021-09-22,1632317400,99.12
2021-09-23,1632403800,100.64
2021-09-24,1632490200,100.85
2021-09-27,1632749400,100.95
2021-09-28,1632835800,99.78
2021-09-29,1632922200,99.89
2021-09-30,1633008600,97.84
2021-10-01,1633095000,99.18
2021-10-04,1633354200,98.64
2021-10-05,1633440600,99.74
2021-10-06,1633527000,100.18
2021-10-07,1633613400,100.96
2021-10-08,1633699800,100.95
2021-10-11,1633959000,100.14
2021-10-12,1634045400,99.81
2021-10-13,1634131800,100.02
2021-10-14,1634218200,101.91
2021-10-15,1634304600,102.89
2021-10-18,1634563800,102.96
2021-10-19,1634650200,103.57
2021-10-20,1634736600,104.22
2021-10-21,1634823000,104.43
2021-10-22,1634909400,104.8
2021-10-25,1635168600,105.04
2021-10-26,1635255000,104.39
2021-10-27,1635341400,103.17
2021-10-28,1635427800,104.46
2021-10-29,1635514200,104.49
2021-11-01,1635773400,104.78
2021-11-02,1635859800,105.13
2021-11-03,1635946200,104.9
2021-11-04,1636032600,105.32
2021-11-05,1636119000,106.39
2021-11-08,1636381800,106.83
2021-11-09,1636468200,107.1
2021-11-10,1636554600,106.5
2021-11-11,1636641000,106.06
2021-11-12,1636727400,106.9
2021-11-15,1636986600,107.1
2021-11-16,1637073000,107.12
2021-11-17,1637159400,106.48
2021-11-18,1637245800,106.26
2021-11-19,1637332200,105.73
2021-11-22,1637591400,106.02
2021-11-23,1637677800,106.2
2021-11-24,1637764200,106.08
2021-11-26,1637937000,103.21
2021-11-29,1638196200,103.39
2021-11-30,1638282600,100.77
2021-12-01,1638369000,99.37
2021-12-02,1638455400,102.32
2021-12-03,1638541800,102.2
2021-12-06,1638801000,103.93
2021-12-07,1638887400,104.99
2021-12-08,1638973800,105.25
2021-12-09,1639060200,104.92
2021-12-10,1639146600,105.35
2021-12-13,1639405800,104.26
2021-12-14,1639492200,103.27
2021-12-15,1639578600,104.17
2021-12-16,1639665000,104.22
2021-12-17,1639751400,102.44
2021-12-20,1640010600,100.42
2021-12-21,1640097000,102.42
2021-12-22,1640183400,102.71
2021-12-23,1640269800,103.92
2021-12-27,1640615400,105.02
2021-12-28,1640701800,105.55
2021-12-29,1640788200,105.74
2021-12-30,1640874600,105.36
2021-12-31,1640961000,105.81
2022-01-03,1641220200,104.94
2022-01-04,1641306600,107.05
2022-01-05,1641393000,106.03
2022-01-06,1641479400,106.52
2022-01-07,1641565800,106.49
2022-01-10,1641825000,105.29
2022-01-11,1641911400,105.92
2022-01-12,1641997800,106.26
2022-01-13,1642084200,106.49
2022-01-14,1642170600,105.85
2022-01-18,1642516200,104.63
2022-01-19,1642602600,103.46
2022-01-20,1642689000,102.14
2022-01-21,1642775400,101.2
2022-01-24,1643034600,101.78
2022-01-25,1643121000,100.78
2022-01-26,1643207400,99.9
2022-01-27,1643293800,99.01
2022-01-28,1643380200,99.7
2022-01-31,1643639400,100.74
2022-02-01,1643725800,102.13
2022-02-02,1643812200,102.84
2022-02-03,1643898600,101.2
2022-02-04,1643985000,100.11
2022-02-07,1644244200,100.19
2022-02-08,1644330600,101.19
2022-02-09,1644417000,102.58
2022-02-10,1644503400,100.9
2022-02-11,1644589800,99.36
2022-02-14,1644849000,98.99
2022-02-15,1644935400,100.48
2022-02-16,1645021800,101.01
2022-02-17,1645108200,99.16
2022-02-18,1645194600,98.34
2022-02-22,1645540200,97.39
2022-02-23,1645626600,95.6
2022-02-24,1645713000,96.82
2022-02-25,1645799400,99.13
2022-02-28,1646058600,99.89
2022-03-01,1646145000,98.4
2022-03-02,1646231400,100.5
2022-03-03,1646317800,100.61
2022-03-04,1646404200,100.39
2022-03-07,1646663400,97.7
2022-03-08,1646749800,97.1
2022-03-09,1646836200,98.86
2022-03-10,1646922600,98.73
2022-03-11,1647009000,97.94
2022-03-14,1647264600,98.27
2022-03-15,1647351000,99.83
2022-03-16,1647437400,101.15
2022-03-17,1647523800,102.45
2022-03-18,1647610200,102.84
2022-03-21,1647869400,102.73
2022-03-22,1647955800,103.29
2022-03-23,1648042200,102.3
2022-03-24,1648128600,103.08
2022-03-25,1648215000,103.72
2022-03-28,1648474200,103.75
2022-03-29,1648560600,104.71
2022-03-30,1648647000,104.59
2022-03-31,1648733400,102.98
2022-04-01,1648819800,102.18
2022-04-04,1649079000,102.05
2022-04-05,1649165400,100.6
2022-04-06,1649251800,99.82
2022-04-07,1649338200,100.16
2022-04-08,1649424600,99.6
2022-04-11,1649683800,99.28
2022-04-12,1649770200,99.12
2022-04-13,1649856600,100.05
2022-04-14,1649943000,99.94
2022-04-18,1650288600,99.59
2022-04-19,1650375000,101.4
2022-04-20,1650461400,101.95
2022-04-21,1650547800,100.91
2022-04-22,1650634200,98.43
2022-04-25,1650893400,98.43
2022-04-26,1650979800,96.28
2022-04-27,1651066200,96.64
2022-04-28,1651152600,97.73
2022-04-29,1651239000,95.14
2022-05-02,1651498200,95.34
2022-05-03,1651584600,95.97
2022-05-04,1651671000,98.75
2022-05-05,1651757400,96.17
2022-05-06,1651843800,95.52
2022-05-09,1652103000,93.21
2022-05-10,1652189400,92.6
2022-05-11,1652275800,91.76
2022-05-12,1652362200,91.93
2022-05-13,1652448600,93.1
2022-05-16,1652707800,92.97
2022-05-17,1652794200,95.08
2022-05-18,1652880600,91.54
2022-05-19,1652967000,90.72
2022-05-20,1653053400,89.74
2022-05-23,1653312600,91.21
2022-05-24,1653399000,91.16
2022-05-25,1653485400,91.69
2022-05-26,1653571800,93.55
2022-05-27,1653658200,95.47
2022-05-31,1654003800,94.7
2022-06-01,1654090200,94.12
2022-06-02,1654176600,95.92
2022-06-03,1654263000,95.55
2022-06-06,1654522200,95.95
2022-06-07,1654608600,97.24
2022-06-08,1654695000,95.48
2022-06-09,1654781400,93.6
2022-06-10,1654867800,90.84
2022-06-13,1655127000,88.11
2022-06-14,1655213400,87.89
2022-06-15,1655299800,88.74
2022-06-16,1655386200,85.78
2022-06-17,1655472600,85.56
2022-06-21,1655818200,86.74
2022-06-22,1655904600,86.26
2022-06-23,1655991000,85.82
2022-06-24,1656077400,88.82
2022-06-27,1656336600,88.61
2022-06-28,1656423000,87.58
2022-06-29,1656509400,87.07
2022-06-30,1656595800,87.34
2022-07-01,1656682200,88.1
2022-07-05,1657027800,86.78
2022-07-06,1657114200,87.28
2022-07-07,1657200600,88.31
2022-07-08,1657287000,87.91
2022-07-11,1657546200,87.32
2022-07-12,1657632600,87.05
2022-07-13,1657719000,85.99
2022-07-14,1657805400,85.5
2022-07-15,1657891800,86.84
2022-07-18,1658151000,86.32
2022-07-19,1658237400,89.4
2022-07-20,1658323800,90.09
2022-07-21,1658410200,90.74
2022-07-22,1658496600,90.45
2022-07-25,1658755800,90.88
2022-07-26,1658842200,90.39
2022-07-27,1658928600,91.79
2022-07-28,1659015000,93.71
2022-07-29,1659101400,95.64
2022-08-01,1659360600,95.74
2022-08-02,1659447000,94.73
2022-08-03,1659533400,95.62
2022-08-04,1659619800,95.97
2022-08-05,1659706200,96.12
2022-08-08,1659965400,96.09
2022-08-09,1660051800,95.74
2022-08-10,1660138200,97.84
2022-08-11,1660224600,98.36
2022-08-12,1660311000,99.84
2022-08-15,1660570200,100.08
2022-08-16,1660656600,100.53
2022-08-17,1660743000,99.73
2022-08-18,1660829400,100.13
2022-08-19,1660915800,98.84
2022-08-22,1661175000,96.96
2022-08-23,1661261400,97.14
2022-08-24,1661347800,97.46
2022-08-25,1661434200,98.95
2022-08-26,1661520600,95.52
2022-08-29,1661779800,95.09
2022-08-30,1661866200,93.72
2022-08-31,1661952600,92.93
2022-09-01,1662039000,93.06
2022-09-02,1662125400,92.16
2022-09-06,1662471000,92.31
2022-09-07,1662557400,93.79
2022-09-08,1662643800,94.07
2022-09-09,1662730200,95.29
2022-09-12,1662989400,95.86
2022-09-13,1663075800,92.25
2022-09-14,1663162200,92.07
2022-09-15,1663248600,91.11
2022-09-16,1663335000,89.21
2022-09-19,1663594200,89.99
2022-09-20,1663680600,88.87
2022-09-21,1663767000,87.69
2022-09-22,1663853400,86.37
2022-09-23,1663939800,84.75
2022-09-26,1664199000,83.86
2022-09-27,1664285400,83.58
2022-09-28,1664371800,85.42
2022-09-29,1664458200,83.94
2022-09-30,1664544600,82.84
2022-10-03,1664803800,85.34
2022-10-04,1664890200,88.31
2022-10-05,1664976600,87.83
2022-10-06,1665063000,86.82
2022-10-07,1665149400,85.16
2022-10-10,1665408600,85.46
2022-10-11,1665495000,85.44
2022-10-12,1665581400,84.77
2022-10-13,1665667800,86.64
2022-10-14,1665754200,84.74
2022-10-17,1666013400,86.59
2022-10-18,1666099800,88.68
2022-10-19,1666186200,88.05
2022-10-20,1666272600,86.32
2022-10-21,1666359000,88.69
2022-10-24,1666618200,89.87
2022-10-25,1666704600,91.08
2022-10-26,1666791000,91.4
2022-10-27,1666877400,92.47
2022-10-28,1666963800,94.62
2022-10-31,1667223000,94.35
2022-11-01,1667309400,94.26
2022-11-02,1667395800,92.6
2022-11-03,1667482200,93.57
2022-11-04,1667568600,95.07
2022-11-07,1667831400,96.09
2022-11-08,1667917800,96.93
2022-11-09,1668004200,95.58
2022-11-10,1668090600,99.59
2022-11-11,1668177000,99.53
2022-11-14,1668436200,98.92
2022-11-15,1668522600,99.6
2022-11-16,1668609000,98.88
2022-11-17,1668695400,98.71
2022-11-18,1668781800,99.44
2022-11-21,1669041000,99.76
2022-11-22,1669127400,100.53
2022-11-23,1669213800,100.91
2022-11-25,1669386600,101.3
2022-11-28,1669645800,99.46
2022-11-29,1669732200,100.07
2022-11-30,1669818600,101.72
2022-12-01,1669905000,101.75
2022-12-02,1669991400,102.33
2022-12-05,1670250600,100.62
2022-12-06,1670337000,99.43
2022-12-07,1670423400,99.3
2022-12-08,1670509800,99.89
2022-12-09,1670596200,99.07
2022-12-12,1670855400,100.77
2022-12-13,1670941800,101.15
2022-12-14,1671028200,100.96
2022-12-15,1671114600,98.52
2022-12-16,1671201000,98.1
2022-12-19,1671460200,97.12
2022-12-20,1671546600,97.24
2022-12-21,1671633000,99.07
2022-12-22,1671719400,97.81
2022-12-23,1671805800,98.39
2022-12-27,1672151400,98.69
2022-12-28,1672237800,97.4
2022-12-29,1672324200,98.6
2022-12-30,1672410600,98.21
2023-01-03,1672756200,98.42
2023-01-04,1672842600,99.29
2023-01-05,1672929000,98.22
2023-01-06,1673015400,100.91
2023-01-09,1673274600,100.46
2023-01-10,1673361000,101.01
2023-01-11,1673447400,101.98
2023-01-12,1673533800,102.58
2023-01-13,1673620200,102.46
2023-01-17,1673965800,101.59
2023-01-18,1674052200,99.68
2023-01-19,1674138600,97.63
2023-01-20,1674225000,98.99
2023-01-23,1674484200,100.07
2023-01-24,1674570600,100.73
2023-01-25,1674657000,100.17
2023-01-26,1674743400,100.72
2023-01-27,1674829800,101.14
2023-01-30,1675089000,100.15
2023-01-31,1675175400,101.85
2023-02-01,1675261800,102.59
2023-02-02,1675348200,103.39
2023-02-03,1675434600,102.85
2023-02-06,1675693800,102.6
2023-02-07,1675780200,102.92
2023-02-08,1675866600,102.34
2023-02-09,1675953000,101.42
2023-02-10,1676039400,102.14
2023-02-13,1676298600,103.07
2023-02-14,1676385000,102.79
2023-02-15,1676471400,103.43
2023-02-16,1676557800,102.36
2023-02-17,1676644200,103.03
2023-02-21,1676989800,100.67
2023-02-22,1677076200,100.42
2023-02-23,1677162600,100.89
2023-02-24,1677249000,100.31
2023-02-27,1677508200,101.2
2023-02-28,1677594600,100.97
2023-03-01,1677681000,101.37
2023-03-02,1677767400,102.56
2023-03-03,1677853800,103.67
2023-03-06,1678113000,103.48
2023-03-07,1678199400,102.15
2023-03-08,1678285800,102.39
2023-03-09,1678372200,100.88
2023-03-10,1678458600,99
2023-03-13,1678714200,98.44
2023-03-14,1678800600,99.48
2023-03-15,1678887000,97.03
2023-03-16,1678973400,98.28
2023-03-17,1679059800,96.67
2023-03-20,1679319000,97.55
2023-03-21,1679405400,98.68
2023-03-22,1679491800,96.79
2023-03-23,1679578200,96.51
2023-03-24,1679664600,96.91
2023-03-27,1679923800,97.72
2023-03-28,1680010200,98.22
2023-03-29,1680096600,99.65
2023-03-30,1680183000,99.86
2023-03-31,1680269400,101.18
2023-04-03,1680528600,101.36
2023-04-04,1680615000,99.09
2023-04-05,1680701400,97.8
2023-04-06,1680787800,97.77
2023-04-10,1681133400,98.66
2023-04-11,1681219800,99.25
2023-04-12,1681306200,99.58
2023-04-13,1681392600,99.95
2023-04-14,1681479000,99.83
2023-04-17,1681738200,100.62
2023-04-18,1681824600,101.1
2023-04-19,1681911000,101.02
2023-04-20,1681997400,100.84
2023-04-21,1682083800,100.61
2023-04-24,1682343000,100.85
2023-04-25,1682429400,98.99
2023-04-26,1682515800,97.12
2023-04-27,1682602200,99.04
2023-04-28,1682688600,100
2023-05-01,1682947800,100.54
2023-05-02,1683034200,99.49
2023-05-03,1683120600,99.11
2023-05-04,1683207000,98.03
2023-05-05,1683293400,99.51
2023-05-08,1683552600,99.15
2023-05-09,1683639000,99.37
2023-05-10,1683725400,99.01
2023-05-11,1683811800,98.41
2023-05-12,1683898200,98.48
2023-05-15,1684157400,98.96
2023-05-16,1684243800,97.62
2023-05-17,1684330200,99.3
2023-05-18,1684416600,100.02
2023-05-19,1684503000,99.78
2023-05-22,1684762200,99.76
2023-05-23,1684848600,98.56
2023-05-24,1684935000,97.29
2023-05-25,1685021400,97.61
2023-05-26,1685107800,98.34
2023-05-30,1685453400,98.19
2023-05-31,1685539800,96.85
2023-06-01,1685626200,98.09
2023-06-02,1685712600,100.94
2023-06-05,1685971800,100.24
2023-06-06,1686058200,100.87
2023-06-07,1686144600,102.49
2023-06-08,1686231000,102.67
2023-06-09,1686317400,102.4
2023-06-12,1686576600,103.13
2023-06-13,1686663000,104.33
2023-06-14,1686749400,104.05
2023-06-15,1686835800,105.62
2023-06-16,1686922200,105.45
2023-06-20,1687267800,104.25
2023-06-21,1687354200,104.83
2023-06-22,1687440600,104.07
2023-06-23,1687527000,103.28
2023-06-26,1687786200,104.14
2023-06-27,1687872600,105.39
2023-06-28,1687959000,105.39
2023-06-29,1688045400,106.41
2023-06-30,1688131800,107.32
2023-07-03,1688391000,107.34
2023-07-05,1688563800,106.76
2023-07-06,1688650200,105.96
2023-07-07,1688736600,106.2
2023-07-10,1688995800,107.71
2023-07-11,1689082200,108.98
2023-07-12,1689168600,108.79
2023-07-13,1689255000,108.93
2023-07-14,1689341400,108.61
2023-07-17,1689600600,109.02
2023-07-18,1689687000,109.63
2023-07-19,1689773400,109.58
2023-07-20,1689859800,110.07
2023-07-21,1689946200,109.55
2023-07-24,1690205400,109.8
2023-07-25,1690291800,109.66
2023-07-26,1690378200,110.43
2023-07-27,1690464600,109.48
2023-07-28,1690551000,110.16
2023-07-31,1690810200,110.42
2023-08-01,1690896600,110.75
2023-08-02,1690983000,109.59
2023-08-03,1691069400,108.9
2023-08-04,1691155800,108.24
2023-08-07,1691415000,109.57
2023-08-08,1691501400,109.07
2023-08-09,1691587800,109.01
2023-08-10,1691674200,108.71
2023-08-11,1691760600,108.89
2023-08-14,1692019800,108.93
2023-08-15,1692106200,107.54
2023-08-16,1692192600,106.94
2023-08-17,1692279000,106.04
2023-08-18,1692365400,106.24
2023-08-21,1692624600,106.11
2023-08-22,1692711000,105.86
2023-08-23,1692797400,106.95
2023-08-24,1692883800,105.65
2023-08-25,1692970200,106.54
2023-08-28,1693229400,107.41
2023-08-29,1693315800,108.23
2023-08-30,1693402200,108.72
2023-08-31,1693488600,108.23
2023-09-01,1693575000,108.8
2023-09-05,1693920600,106.97
2023-09-06,1694007000,106.51
2023-09-07,1694093400,106.16
2023-09-08,1694179800,105.63
2023-09-11,1694439000,105.66
2023-09-12,1694525400,105.28
2023-09-13,1694611800,104.58
2023-09-14,1694698200,105.61
2023-09-15,1694784600,105
2023-09-18,1695043800,104.69
2023-09-19,1695130200,104.25
2023-09-20,1695216600,103.84
2023-09-21,1695303000,102.14
2023-09-22,1695389400,101.79
2023-09-25,1695648600,102.3
2023-09-26,1695735000,100.74
2023-09-27,1695821400,101.49
2023-09-28,1695907800,101.92
2023-09-29,1695994200,101.38
2023-10-02,1696253400,100.39
2023-10-03,1696339800,99.69
2023-10-04,1696426200,100.01
2023-10-05,1696512600,99.42
2023-10-06,1696599000,100.78
2023-10-09,1696858200,102.36
2023-10-10,1696944600,102.98
2023-10-11,1697031000,103.6
2023-10-12,1697117400,102.66
2023-10-13,1697203800,101.75
2023-10-16,1697463000,102.83
2023-10-17,1697549400,103.15
2023-10-18,1697635800,100.66
2023-10-19,1697722200,99.73
2023-10-20,1697808600,98.7
2023-10-23,1698067800,98.24
2023-10-24,1698154200,98.98
2023-10-25,1698240600,97.71
2023-10-26,1698327000,97.3
2023-10-27,1698413400,96.44
2023-10-30,1698672600,97.64
2023-10-31,1698759000,98.36
2023-11-01,1698845400,98.68
2023-11-02,1698931800,100.71
2023-11-03,1699018200,101.6
2023-11-06,1699281000,101.33
2023-11-07,1699367400,101.08
2023-11-08,1699453800,101.31
2023-11-09,1699540200,101.09
2023-11-10,1699626600,102.55
2023-11-13,1699885800,102.64
2023-11-14,1699972200,104.7
2023-11-15,1700058600,104.92
2023-11-16,1700145000,104.94
2023-11-17,1700231400,105.61
2023-11-20,1700490600,105.93
2023-11-21,1700577000,105.85
2023-11-22,1700663400,106.08
2023-11-24,1700836200,106.34
2023-11-27,1701095400,105.74
2023-11-28,1701181800,105.49
2023-11-29,1701268200,105.89
2023-11-30,1701354600,107.05
2023-12-01,1701441000,108.74
2023-12-04,1701700200,108.92
2023-12-05,1701786600,108.04
2023-12-06,1701873000,108.52
2023-12-07,1701959400,108.62
2023-12-08,1702045800,108.96
2023-12-11,1702305000,110
2023-12-12,1702391400,110.5
2023-12-13,1702477800,111.73
2023-12-14,1702564200,113.17
2023-12-15,1702650600,113.02
2023-12-18,1702909800,112.4
2023-12-19,1702996200,113.27
2023-12-20,1703082600,111.44
2023-12-21,1703169000,112.59
2023-12-22,1703255400,113.13
2023-12-26,1703601000,113.93
2023-12-27,1703687400,114.1
2023-12-28,1703773800,114.13
2023-12-29,1703860200,113.99
2024-01-02,1704205800,112.84
2024-01-03,1704292200,111.16
2024-01-04,1704378600,111.3
2024-01-05,1704465000,111.43
2024-01-08,1704724200,112.16
2024-01-09,1704810600,111.81
2024-01-10,1704897000,112.38
2024-01-11,1704983400,112.12
2024-01-12,1705069800,112.11
2024-01-16,1705415400,110.98
2024-01-17,1705501800,110.23
2024-01-18,1705588200,111.72
2024-01-19,1705674600,112.45
2024-01-22,1705933800,113.32
2024-01-23,1706020200,113.23
2024-01-24,1706106600,112.53
2024-01-25,1706193000,113.61
2024-01-26,1706279400,113.43
2024-01-29,1706538600,114.17
2024-01-30,1706625000,114.21
2024-01-31,1706711400,112.89
2024-02-01,1706797800,114.81
2024-02-02,1706884200,115.58
2024-02-05,1707143400,114.95
2024-02-06,1707229800,115.98
2024-02-07,1707316200,116.75
2024-02-08,1707402600,116.77
2024-02-09,1707489000,116.95
2024-02-12,1707748200,117.12
2024-02-13,1707834600,115.92
2024-02-14,1707921000,117.86
2024-02-15,1708007400,118.74
2024-02-16,1708093800,118.03
2024-02-20,1708439400,117.66
2024-02-21,1708525800,118.13
2024-02-22,1708612200,119.59
2024-02-23,1708698600,120.22
2024-02-26,1708957800,120.04
2024-02-27,1709044200,120.22
2024-02-28,1709130600,120.63
2024-02-29,1709217000,121
2024-03-01,1709303400,121.52
2024-03-04,1709562600,121.96
2024-03-05,1709649000,120.96
2024-03-06,1709735400,121.59
2024-03-07,1709821800,122.57
2024-03-08,1709908200,122.3
2024-03-11,1710163800,121.67
2024-03-12,1710250200,122.21
2024-03-13,1710336600,122.54
2024-03-14,1710423000,122.02
2024-03-15,1710509400,122.04
2024-03-18,1710768600,121.88
2024-03-19,1710855000,122.93
2024-03-20,1710941400,124.41
2024-03-21,1711027800,125.64
2024-03-22,1711114200,125.21
2024-03-25,1711373400,124.4
2024-03-26,1711459800,123.95
2024-03-27,1711546200,125.94
2024-03-28,1711632600,125.96
2024-04-01,1711978200,124.99
2024-04-02,1712064600,124.41
2024-04-03,1712151000,125.05
2024-04-04,1712237400,123.95
2024-04-05,1712323800,125.67
2024-04-08,1712583000,125.45
2024-04-09,1712669400,125.16
2024-04-10,1712755800,124.09
2024-04-11,1712842200,124.23
2024-04-12,1712928600,122.9
2024-04-15,1713187800,122.02
2024-04-16,1713274200,121.74
2024-04-17,1713360600,121.11
2024-04-18,1713447000,120.69
2024-04-19,1713533400,120.47
2024-04-22,1713792600,121.38
2024-04-23,1713879000,123.07
2024-04-24,1713965400,122.09
2024-04-25,1714051800,122.46
2024-04-26,1714138200,122.66
2024-04-29,1714397400,123.48
2024-04-30,1714483800,121.52
2024-05-01,1714570200,121.22
2024-05-02,1714656600,121.92
2024-05-03,1714743000,122.77
2024-05-06,1715002200,124.01
2024-05-07,1715088600,124.35
2024-05-08,1715175000,124.35
2024-05-09,1715261400,125.59
2024-05-10,1715347800,125.68
2024-05-13,1715607000,125.15
2024-05-14,1715693400,125.12
2024-05-15,1715779800,125.94
2024-05-16,1715866200,125.19
2024-05-17,1715952600,125.33
2024-05-20,1716211800,125.57
2024-05-21,1716298200,125.16
2024-05-22,1716384600,125.31
2024-05-23,1716471000,123.83
2024-05-24,1716557400,124.46
2024-05-28,1716903000,122.94
2024-05-29,1716989400,121.2
2024-05-30,1717075800,122.03
2024-05-31,1717162200,123.51
2024-06-03,1717421400,122
2024-06-04,1717507800,121.7
2024-06-05,1717594200,122.93
2024-06-06,1717680600,122.2
2024-06-07,1717767000,122.33
2024-06-10,1718026200,122.71
2024-06-11,1718112600,122.01
2024-06-12,1718199000,123.17
2024-06-13,1718285400,122.38
2024-06-14,1718371800,121.15
2024-06-17,1718631000,122.49
2024-06-18,1718717400,123.15
2024-06-20,1718890200,123.23
2024-06-21,1718976600,122.97
2024-06-24,1719235800,123.07
2024-06-25,1719322200,122.02
2024-06-26,1719408600,121.69
2024-06-27,1719495000,121.82
2024-06-28,1719581400,121.87
2024-07-01,1719840600,120.56
2024-07-02,1719927000,121.22
2024-07-03,1720013400,121.66
2024-07-05,1720186200,121.22
2024-07-08,1720445400,121.37
2024-07-09,1720531800,120.84
2024-07-10,1720618200,121.92
2024-07-11,1720704600,123.47
2024-07-12,1720791000,124.18
2024-07-15,1721050200,125.07
2024-07-16,1721136600,128.19
2024-07-17,1721223000,126.55
2024-07-18,1721309400,125.56
2024-07-19,1721395800,124.87
2024-07-22,1721655000,126.14
2024-07-23,1721741400,125.9
2024-07-24,1721827800,123.19
2024-07-25,1721914200,124.18
2024-07-26,1722000600,126.3
2024-07-29,1722259800,126.08
2024-07-30,1722346200,126.45
2024-07-31,1722432600,127.86
2024-08-01,1722519000,125.49
2024-08-02,1722605400,122.73
2024-08-05,1722864600,120.6
2024-08-06,1722951000,122.05
2024-08-07,1723037400,121.46
2024-08-08,1723123800,124.26
2024-08-09,1723210200,124.28
2024-08-12,1723469400,123.65
2024-08-13,1723555800,124.95
2024-08-14,1723642200,125.46
2024-08-15,1723728600,127.15
2024-08-16,1723815000,126.97
2024-08-19,1724074200,127.74
2024-08-20,1724160600,127.39
2024-08-21,1724247000,128.16
2024-08-22,1724333400,128
2024-08-23,1724419800,129.28
2024-08-26,1724679000,129.14
2024-08-27,1724765400,129.22
2024-08-28,1724851800,129.16
2024-08-29,1724938200,130.07
2024-08-30,1725024600,131.46
2024-09-03,1725370200,128.55
2024-09-04,1725456600,128.68
2024-09-05,1725543000,127.18
2024-09-06,1725629400,125.89
2024-09-09,1725888600,127.82
2024-09-10,1725975000,128.04
2024-09-11,1726061400,128.27
2024-09-12,1726147800,129.26
2024-09-13,1726234200,130.57
2024-09-16,1726493400,131.24
2024-09-17,1726579800,131.96
2024-09-18,1726666200,131.85
2024-09-19,1726752600,134.12
2024-09-20,1726839000,133.18
2024-09-23,1727098200,133.64
2024-09-24,1727184600,134.6
2024-09-25,1727271000,133.97
2024-09-26,1727357400,134.64
2024-09-27,1727443800,134.83
2024-09-30,1727703000,135.44
2024-10-01,1727789400,135.51
2024-10-02,1727875800,135.26
2024-10-03,1727962200,134.57
2024-10-04,1728048600,135.51
2024-10-07,1728307800,135.18
2024-10-08,1728394200,135.48
2024-10-09,1728480600,136.69
2024-10-10,1728567000,135.99
2024-10-11,1728653400,138.42
2024-10-14,1728912600,139.25
2024-10-15,1728999000,138.18
2024-10-16,1729085400,139.25
2024-10-17,1729171800,138.85
2024-10-18,1729258200,139.27
2024-10-21,1729517400,138.78
2024-10-22,1729603800,137.1
2024-10-23,1729690200,136.7
2024-10-24,1729776600,135.76
2024-10-25,1729863000,135.4
2024-10-28,1730122200,135.8
2024-10-29,1730208600,135.62
2024-10-30,1730295000,135.39
2024-10-31,1730381400,133.83
2024-11-01,1730467800,134.01
2024-11-04,1730730600,133.86
2024-11-05,1730817000,136.1
2024-11-06,1730903400,141.43
2024-11-07,1730989800,140.58
2024-11-08,1731076200,142.09
2024-11-11,1731335400,143.19
2024-11-12,1731421800,141.96
2024-11-13,1731508200,142.26
2024-11-14,1731594600,139.86
2024-11-15,1731681000,139.11
2024-11-18,1731940200,138.92
2024-11-19,1732026600,138.8
2024-11-20,1732113000,138.95
2024-11-21,1732199400,140.69
2024-11-22,1732285800,142.65
2024-11-25,1732545000,143.54
2024-11-26,1732631400,143.71
2024-11-27,1732717800,143.18
2024-11-29,1732890600,143.99
2024-12-02,1733149800,142.93
2024-12-03,1733236200,142.03
2024-12-04,1733322600,142.65
2024-12-05,1733409000,140.92
2024-12-06,1733495400,140.56
2024-12-09,1733754600,139.34
2024-12-10,1733841000,139
2024-12-11,1733927400,138.68
2024-12-12,1734013800,137.79
2024-12-13,1734100200,137.43
2024-12-16,1734359400,137.55
2024-12-17,1734445800,136.29
2024-12-18,1734532200,132.44
2024-12-19,1734618600,132.27
2024-12-20,1734705000,133.82
2024-12-23,1734964200,133.12
2024-12-24,1735050600,134.16
2024-12-26,1735223400,134.26
2024-12-27,1735309800,133.26
2024-12-30,1735569000,131.92
2024-12-31,1735655400,131.76
2025-01-02,1735828200,131.3
2025-01-03,1735914600,132.72
2025-01-06,1736173800,132.43
2025-01-07,1736260200,132.3
2025-01-08,1736346600,132.82
2025-01-10,1736519400,131.33
2025-01-13,1736778600,132.87
2025-01-14,1736865000,134.44
2025-01-15,1736951400,135.29
2025-01-16,1737037800,136.93
2025-01-17,1737124200,137.75
2025-01-21,1737469800,140.58
2025-01-22,1737556200,140.25
2025-01-23,1737642600,141.67
2025-01-24,1737729000,141.07
2025-01-27,1737988200,139.18
2025-01-28,1738074600,138.26
2025-01-29,1738161000,137.79
2025-01-30,1738247400,139.33
2025-01-31,1738333800,138.35
2025-02-03,1738593000,136.98
2025-02-04,1738679400,137.02
2025-02-05,1738765800,137.12
2025-02-06,1738852200,137.74
2025-02-07,1738938600,137.33
2025-02-10,1739197800,138.56
2025-02-11,1739284200,138.61
2025-02-12,1739370600,137.75
2025-02-13,1739457000,137.89
2025-02-14,1739543400,137.55
2025-02-18,1739889000,138.63
2025-02-19,1739975400,138.77
2025-02-20,1740061800,137.86
2025-02-21,1740148200,134.84
2025-02-24,1740407400,134.23
2025-02-25,1740493800,134.92
2025-02-26,1740580200,135
2025-02-27,1740666600,134.53
2025-02-28,1740753000,136.33
2025-03-03,1741012200,134.39
2025-03-04,1741098600,131.77
2025-03-05,1741185000,133.85
2025-03-06,1741271400,132.7
2025-03-07,1741357800,134.25
2025-03-10,1741613400,132.15
2025-03-11,1741699800,130.12
2025-03-12,1741786200,130.11
2025-03-13,1741872600,128.78
2025-03-14,1741959000,131.13
2025-03-17,1742218200,132.94
2025-03-18,1742304600,131.88
2025-03-19,1742391000,133.63
2025-03-20,1742477400,132.96
2025-03-21,1742563800,132.25
2025-03-24,1742823000,134.29
2025-03-25,1742909400,134.49
2025-03-26,1742995800,133.6
2025-03-27,1743082200,132.89
2025-03-28,1743168600,130.15
2025-03-31,1743427800,131.07
2025-04-01,1743514200,131.81
2025-04-02,1743600600,133.05
2025-04-03,1743687000,125.85
2025-04-04,1743773400,117.94
2025-04-07,1744032600,117.39
2025-04-08,1744119000,116.42
2025-04-09,1744205400,126.76
2025-04-10,1744291800,123.49
2025-04-11,1744378200,125.67
2025-04-14,1744637400,126.98
2025-04-15,1744723800,126.35
2025-04-16,1744810200,124.62
2025-04-17,1744896600,125.3
2025-04-21,1745242200,122.49
2025-04-22,1745328600,124.63
2025-04-23,1745415000,126.19
2025-04-24,1745501400,129.02
2025-04-25,1745587800,129.01
2025-04-28,1745847000,129.44
2025-04-29,1745933400,130.28
2025-04-30,1746019800,131.22
2025-05-01,1746106200,132.21
2025-05-02,1746192600,134.58
2025-05-05,1746451800,134.65
2025-05-06,1746538200,133.47
2025-05-07,1746624600,134.15
2025-05-08,1746711000,136
2025-05-09,1746797400,136.11
2025-05-12,1747056600,140.3
2025-05-13,1747143000,141.28
2025-05-14,1747229400,140.6
2025-05-15,1747315800,142.16
2025-05-16,1747402200,143.78
2025-05-19,1747661400,144.27
2025-05-20,1747747800,143.75
2025-05-21,1747834200,141.32
2025-05-22,1747920600,141.29
2025-05-23,1748007000,140.83
2025-05-27,1748352600,143.31
2025-05-28,1748439000,142.6
2025-05-29,1748525400,142.73
2025-05-30,1748611800,142.82
2025-06-02,1748871000,142.64
2025-06-03,1748957400,143.74
2025-06-04,1749043800,143.82
2025-06-05,1749130200,143.72
2025-06-06,1749216600,144.93
2025-06-09,1749475800,144.8
2025-06-10,1749562200,144.17
2025-06-11,1749648600,144.24
2025-06-12,1749735000,143.86
2025-06-13,1749821400,142.65
2025-06-16,1750080600,143.63
2025-06-17,1750167000,142.55
2025-06-18,1750253400,142.21
2025-06-20,1750426200,142.37
2025-06-23,1750685400,143.86
2025-06-24,1750771800,145.06
2025-06-25,1750858200,143.78
2025-06-26,1750944600,145.34
2025-06-27,1751031000,146.79
2025-06-30,1751290200,147.52
2025-07-01,1751376600,148.01
2025-07-02,1751463000,148.16
2025-07-03,1751549400,149.42
2025-07-07,1751895000,148.9
2025-07-08,1751981400,148.86
2025-07-09,1752067800,149.9
2025-07-10,1752154200,150.74
2025-07-11,1752240600,150.2
2025-07-14,1752499800,151.01
2025-07-15,1752586200,149.88
2025-07-16,1752672600,150.41
2025-07-17,1752759000,151.8
2025-07-18,1752845400,151.46
2025-07-21,1753104600,150.66
2025-07-22,1753191000,151.02
2025-07-23,1753277400,153.73
2025-07-24,1753363800,153.47
2025-07-25,1753450200,154.99
2025-07-28,1753709400,154.51
2025-07-29,1753795800,152.75
2025-07-30,1753882200,152
2025-07-31,1753968600,152.01
2025-08-01,1754055000,149.74
2025-08-04,1754314200,151.12
2025-08-05,1754400600,150.81
2025-08-06,1754487000,150.93
2025-08-07,1754573400,150.71
2025-08-08,1754659800,150.83
2025-08-11,1754919000,150.34
2025-08-12,1755005400,151.9
2025-08-13,1755091800,152.48
2025-08-14,1755178200,151.13
2025-08-15,1755264600,150.44
2025-08-18,1755523800,151.03
2025-08-19,1755610200,151.36
2025-08-20,1755696600,151.22
2025-08-21,1755783000,150.68
2025-08-22,1755869400,153.14
2025-08-25,1756128600,151.61
2025-08-26,1756215000,153.17
2025-08-27,1756301400,153.15
2025-08-28,1756387800,153.42
2025-08-29,1756474200,152.01
2025-09-02,1756819800,150.56
2025-09-03,1756906200,149.8
2025-09-04,1756992600,151.49
2025-09-05,1757079000,150.93
2025-09-08,1757338200,151.27
2025-09-09,1757424600,150.25
2025-09-10,1757511000,151.36
2025-09-11,1757597400,152.8
2025-09-12,1757683800,151.58
2025-09-15,1757943000,152.28
2025-09-16,1758029400,151.83
2025-09-17,1758115800,151.14
2025-09-18,1758202200,152.75
2025-09-19,1758288600,153.12
2025-09-22,1758547800,153
2025-09-23,1758634200,153.04
2025-09-24,1758720600,152.25
2025-09-25,1758807000,151.22
2025-09-26,1758893400,152.58
2025-09-29,1759152600,153.05
2025-09-30,1759239000,154.23
2025-10-01,1759325400,153.8
2025-10-02,1759411800,154.2
2025-10-03,1759498200,154.41
2025-10-06,1759757400,155.13
2025-10-07,1759843800,154.25
2025-10-08,1759930200,155.59
2025-10-09,1760016600,153.29
2025-10-10,1760103000,149.9
2025-10-13,1760362200,151.46
2025-10-14,1760448600,153.24
2025-10-15,1760535000,152.6
2025-10-16,1760621400,151.6
2025-10-17,1760707800,151.73
2025-10-20,1760967000,153.52
2025-10-21,1761053400,154.88
2025-10-22,1761139800,152.87
2025-10-23,1761226200,154.78
2025-10-24,1761312600,154.91
2025-10-27,1761571800,155.79
2025-10-28,1761658200,154.68
2025-10-29,1761744600,155.08
2025-10-30,1761831000,154.69
2025-10-31,1761917400,155.06
2025-11-03,1762180200,154.4
2025-11-04,1762266600,152.61
2025-11-05,1762353000,153.2
2025-11-06,1762439400,152.59
2025-11-07,1762525800,153.33
2025-11-10,1762785000,154.2
2025-11-11,1762871400,154.24
2025-11-12,1762957800,154.39
2025-11-13,1763044200,152
2025-11-14,1763130600,152.01
2025-11-17,1763389800,150.52
2025-11-18,1763476200,149.85
2025-11-19,1763562600,150.35
2025-11-20,1763649000,147.83
2025-11-21,1763735400,149.63
2025-11-24,1763994600,150
2025-11-25,1764081000,151.92
2025-11-26,1764167400,152.8
2025-11-28,1764340200,153.69
2025-12-01,1764599400,151.44
2025-12-02,1764685800,152.76
2025-12-03,1764772200,154.21
2025-12-04,1764858600,155.01
2025-12-05,1764945000,154.58
2025-12-08,1765204200,154.39
2025-12-09,1765290600,153.26
2025-12-10,1765377000,156.06
2025-12-11,1765463400,157.73
2025-12-12,1765549800,156.74
2025-12-15,1765809000,156.99
2025-12-16,1765895400,156.06
2025-12-17,1765981800,153.53
2025-12-18,1766068200,154.53
2025-12-19,1766154600,155.86
2025-12-22,1766413800,157.05
2025-12-23,1766500200,156.99
2025-12-24,1766586600,157.5
2025-12-26,1766759400,157.21
2025-12-29,1767018600,156.87
2025-12-30,1767105000,156.42
2025-12-31,1767191400,155.12
2026-01-02,1767364200,157.98
2026-01-05,1767623400,159.85
2026-01-06,1767709800,162.02
2026-01-07,1767796200,158.97
2026-01-08,1767882600,160.17
2026-01-09,1767969000,161.93
2026-01-12,1768228200,163.17
2026-01-13,1768314600,164.01
2026-01-14,1768401000,164.27
2026-01-15,1768487400,165.78
2026-01-16,1768573800,166.9
2026-01-20,1768919400,163.53
2026-01-21,1769005800,166.36
2026-01-22,1769092200,165.5
2026-01-23,1769178600,164.22
2026-01-26,1769437800,164.38
2026-01-27,1769524200,165.06
2026-01-28,1769610600,164.14
2026-01-29,1769697000,165.86
2026-01-30,1769783400,165.44
2026-02-02,1770042600,167.53
2026-02-03,1770129000,168.94
2026-02-04,1770215400,169.39
2026-02-05,1770301800,168.37
2026-02-06,1770388200,173.18
2026-02-09,1770647400,173.7
2026-02-10,1770733800,173.91
2026-02-11,1770820200,174.84
2026-02-12,1770906600,172.75
2026-02-13,1770993000,174.17
2026-02-17,1771338600,175.08
2026-02-18,1771425000,175.04
2026-02-19,1771511400,176.34
2026-02-20,1771597800,177.23
2026-02-23,1771857000,174.83
2026-02-24,1771943400,176.98
2026-02-25,1772029800,175.6
2026-02-26,1772116200,176.7
2026-02-27,1772202600,177.14
2026-03-02,1772461800,178.9
2026-03-03,1772548200,175.44
2026-03-04,1772634600,175.97
2026-03-05,1772721000,172.06
2026-03-06,1772807400,169.94
2026-03-09,1773063000,170.94
2026-03-10,1773149400,170.02
2026-03-11,1773235800,169.49
2026-03-12,1773322200,165.24
2026-03-13,1773408600,164.65
2026-03-16,1773667800,166.06
2026-03-17,1773754200,166.5
2026-03-18,1773840600,165.18
2026-03-19,1773927000,164.06
2026-03-20,1774013400,161.67
2026-03-23,1774272600,163.05
2026-03-24,1774359000,164
2026-03-25,1774445400,165.1
2026-03-26,1774531800,161.27
2026-03-27,1774618200,159.2
2026-03-30,1774877400,156.61
2026-03-31,1774963800,161.73
2026-04-01,1775050200,164.43
2026-04-02,1775136600,163.77
2026-04-06,1775482200,164.61
2026-04-07,1775568600,164.28
2026-04-08,1775655000,170.44
2026-04-09,1775741400,172.19
2026-04-10,1775827800,171.52
2026-04-13,1776087000,172.73
2026-04-14,1776173400,173.35
2026-04-15,1776259800,171.18
2026-04-16,1776346200,170.33
2026-04-17,1776432600,173.51
2026-04-20,1776691800,173.9
2026-04-21,1776778200,171.44
2026-04-22,1776864600,171.04
2026-04-23,1776951000,174.07
2026-04-24,1777037400,172.47
2026-04-27,1777296600,172.51
2026-04-28,1777383000,170.98
2026-04-29,1777469400,169.93
2026-04-30,1777555800,174.58
2026-05-01,1777642200,172.96
2026-05-04,1777901400,170.98
2026-05-05,1777987800,172.41
2026-05-06,1778074200,176.87
2026-05-07,1778160600,174
2026-05-08,1778247000,173.2
2026-05-11,1778506200,175.04
2026-05-12,1778592600,174.35
2026-05-13,1778679000,173.62
2026-05-14,1778765400,174.51
2026-05-15,1778851800,171.4
2026-05-18,1779111000,170.75
2026-05-19,1779197400,168.74
2026-05-20,1779283800,170.73
2026-05-21,1779370200,170.53
2026-05-22,1779456600,171.77
2026-05-26,1779802200,174.3
2026-05-27,1779888600,174.3
2026-05-28,1779975000,173.8
2026-05-29,1780061400,173.13
2026-06-01,1780320600,172.4
2026-06-02,1780407000,174.19
2026-06-03,1780493400,174.05
2026-06-04,1780579800,176.16
2026-06-05,1780666200,174.18
2026-06-08,1780925400,173.63
2026-06-09,1781011800,175.6
2026-06-10,1781098200,169.66
2026-06-11,1781184600,175.15
2026-06-12,1781271000,176.18
2026-06-15,1781530200,178.68
2026-06-16,1781616600,179.85
2026-06-17,1781703000,179.6
2026-06-18,1781789400,180.91
2026-06-22,1782135000,181.8
2026-06-23,1782221400,178.15
2026-06-24,1782307800,180.21
2026-06-25,1782394200,184.12
2026-06-26,1782480600,181.2
2026-06-29,1782739800,182.76
2026-06-30,1782826200,185.23
2026-07-01,1782912600,183.36
2026-07-02,1782999000,183.91
2026-07-06,1783344600,185.56
2026-07-07,1783431000,182.38
2026-07-08,1783517400,180.42
2026-07-09,1783603800,181.11
2026-07-10,1783690200,181.92
2026-07-13,1783949400,180.37
2026-07-14,1784035800,180.45
2026-07-15,1784122200,180.06
2026-07-16,1784208600,180.15
2026-07-17,1784295000,179.41
2026-07-20,1784554200,178.12
2026-07-21,1784640600,178.66
2026-07-22,1784727000,178.85
2026-07-23,1784813400,181.94
2026-07-24,1784899800,182.66
2026-07-27,1785159000,183.2
2026-07-28,1785245400,182.49
2026-07-29,1785331800,176.66
2026-07-30,1785418200,178.39
2026-07-31,1785504600,179.84
2026-08-03,1785763800,183.16
2026-08-04,1785850200,186.4
2026-08-05,1785936600,186.35
2026-08-06,1786023000,184.76
2026-08-07,1786109400,185.18
2026-08-10,1786368600,184.6
2026-08-11,1786455000,185.7
2026-08-12,1786541400,185.88
2026-08-13,1786627800,185.79
2026-08-14,1786714200,186.51
2026-08-17,1786973400,186.32
2026-08-18,1787059800,183.57
2026-08-19,1787146200,181.95
2026-08-20,1787232600,179.77
2026-08-21,1787319000,180.25
2026-08-24,1787578200,179
2026-08-25,1787664600,178.4
2026-08-26,1787751000,180.34
2026-08-27,1787837400,178.8
2026-08-28,1787923800,177.14
2026-08-31,1788183000,175.13
2026-09-01,1788269400,172.73
2026-09-02,1788355800,172.78
2026-09-03,1788442200,174.56
2026-09-04,1788528600,175.27
2026-09-08,1788874200,174.42
2026-09-09,1788960600,171.79
2026-09-10,1789047000,170.55
2026-09-11,1789133400,172.37
2026-09-14,1789392600,169.93
2026-09-15,1789479000,168.85
2026-09-16,1789565400,168.71
2026-09-17,1789651800,169.01
2026-09-18,1789738200,169.75
2026-09-21,1789997400,169.98
2026-09-22,1790083800,170.27
2026-09-23,1790170200,170.1
2026-09-24,1790256600,168.83
2026-09-25,1790343000,170.43
2026-09-28,1790602200,168.78
2026-09-29,1790688600,169.13
2026-09-30,1790775000,166.98
2026-10-01,1790861400,168.64
2026-10-02,1790947800,169.95
