date,timestamp_utc,close
2006-11-15,1163601000,47.03
2006-11-16,1163687400,47.11
2006-11-17,1163773800,47.09
2006-11-20,1164033000,47.03999
2006-11-21,1164119400,47.3
2006-11-22,1164205800,47.39999
2006-11-24,1164378600,47.31
2006-11-27,1164637800,46.53999
2006-11-28,1164724200,46.63
2006-11-29,1164810600,47.10001
2006-11-30,1164897000,47.24001
2006-12-01,1164983400,47.05
2006-12-04,1165242600,47.58
2006-12-05,1165329000,47.73
2006-12-06,1165415400,47.8
2006-12-07,1165501800,47.56
2006-12-08,1165588200,47.63
2006-12-11,1165847400,47.64999
2006-12-12,1165933800,47.58
2006-12-13,1166020200,47.66
2006-12-14,1166106600,48.00999
2006-12-15,1166193000,47.8
2006-12-18,1166452200,47.53101
2006-12-19,1166538600,47.59
2006-12-20,1166625000,47.62
2006-12-21,1166711400,47.37
2006-12-22,1166797800,47.14
2006-12-26,1167143400,47.36
2006-12-27,1167229800,47.66
2006-12-28,1167316200,47.52
2006-12-29,1167402600,47.34
2007-01-03,1167834600,47.32001
2007-01-04,1167921000,47.39
2007-01-05,1168007400,46.98
2007-01-08,1168266600,47.17
2007-01-09,1168353000,47.23
2007-01-10,1168439400,47.37
2007-01-11,1168525800,47.69
2007-01-12,1168612200,47.91
2007-01-16,1168957800,47.95
2007-01-17,1169044200,47.94
2007-01-18,1169130600,47.64999
2007-01-19,1169217000,47.97
2007-01-22,1169476200,47.7
2007-01-23,1169562600,47.9697
2007-01-24,1169649000,48.33
2007-01-25,1169735400,47.83031
2007-01-26,1169821800,47.85001
2007-01-29,1170081000,47.88
2007-01-30,1170167400,48.17
2007-01-31,1170253800,48.48
2007-02-01,1170340200,48.83
2007-02-02,1170426600,48.96001
2007-02-05,1170685800,48.96001
2007-02-06,1170772200,49.06
2007-02-07,1170858600,49.21001
2007-02-08,1170945000,49.53999
2007-02-09,1171031400,48.92
2007-02-12,1171290600,48.72
2007-02-13,1171377000,49.11
2007-02-14,1171463400,49.55
2007-02-15,1171549800,49.67
2007-02-16,1171636200,49.64999
2007-02-20,1171981800,49.87
2007-02-21,1172068200,49.92999
2007-02-22,1172154600,49.89999
2007-02-23,1172241000,49.85001
2007-02-26,1172500200,49.78
2007-02-27,1172586600,47.89999
2007-02-28,1172673000,48.25
2007-03-01,1172759400,48.10001
2007-03-02,1172845800,47.42
2007-03-05,1173105000,46.92
2007-03-06,1173191400,47.59
2007-03-07,1173277800,47.63
2007-03-08,1173364200,48.03999
2007-03-09,1173450600,48.11
2007-03-12,1173706200,48.23
2007-03-13,1173792600,47.274
2007-03-14,1173879000,47.52
2007-03-15,1173965400,47.808
2007-03-16,1174051800,47.53
2007-03-19,1174311000,48.08
2007-03-20,1174397400,48.3
2007-03-21,1174483800,49.02
2007-03-22,1174570200,49.05
2007-03-23,1174656600,49.14999
2007-03-26,1174915800,49.14999
2007-03-27,1175002200,48.84
2007-03-28,1175088600,48.45
2007-03-29,1175175000,48.56
2007-03-30,1175261400,48.54781
2007-04-02,1175520600,48.78
2007-04-03,1175607000,49.25
2007-04-04,1175693400,49.24001
2007-04-05,1175779800,49.42
2007-04-09,1176125400,49.49001
2007-04-10,1176211800,49.55
2007-04-11,1176298200,49.24001
2007-04-12,1176384600,49.58
2007-04-13,1176471000,49.72
2007-04-16,1176730200,50.23
2007-04-17,1176816600,50.28999
2007-04-18,1176903000,50.42
2007-04-19,1176989400,50.37
2007-04-20,1177075800,50.69
2007-04-23,1177335000,50.77
2007-04-24,1177421400,50.7701
2007-04-25,1177507800,51.28
2007-04-26,1177594200,51.33
2007-04-27,1177680600,51.22
2007-04-30,1177939800,50.69
2007-05-01,1178026200,50.8
2007-05-02,1178112600,51.2
2007-05-03,1178199000,51.39999
2007-05-04,1178285400,51.44099
2007-05-07,1178544600,51.53
2007-05-08,1178631000,51.5
2007-05-09,1178717400,51.72
2007-05-10,1178803800,51.10001
2007-05-11,1178890200,51.46001
2007-05-14,1179149400,51.33
2007-05-15,1179235800,51.25999
2007-05-16,1179322200,51.57001
2007-05-17,1179408600,51.61
2007-05-18,1179495000,51.87
2007-05-21,1179754200,51.99001
2007-05-22,1179840600,51.95
2007-05-23,1179927000,51.89999
2007-05-24,1180013400,51.32001
2007-05-25,1180099800,51.58
2007-05-29,1180445400,51.73
2007-05-30,1180531800,52.14999
2007-05-31,1180618200,52.33
2007-06-01,1180704600,52.53999
2007-06-04,1180963800,52.67
2007-06-05,1181050200,52.39999
2007-06-06,1181136600,51.89999
2007-06-07,1181223000,50.82001
2007-06-08,1181309400,51.50999
2007-06-11,1181568600,51.52
2007-06-12,1181655000,50.95
2007-06-13,1181741400,51.78999
2007-06-14,1181827800,51.97
2007-06-15,1181914200,52
2007-06-18,1182173400,52.09
2007-06-19,1182259800,52.16
2007-06-20,1182346200,51.52
2007-06-21,1182432600,51.78999
2007-06-22,1182519000,51.39999
2007-06-25,1182778200,50.89999
2007-06-26,1182864600,50.82001
2007-06-27,1182951000,51.21001
2007-06-28,1183037400,51.3
2007-06-29,1183123800,51.2
2007-07-02,1183383000,51.75999
2007-07-03,1183469400,51.84
2007-07-05,1183642200,51.97
2007-07-06,1183728600,52.21001
2007-07-09,1183987800,52.17999
2007-07-10,1184074200,51.46001
2007-07-11,1184160600,51.60001
2007-07-12,1184247000,52.47
2007-07-13,1184333400,52.60001
2007-07-16,1184592600,52.39
2007-07-17,1184679000,52.46001
2007-07-18,1184765400,52.37
2007-07-19,1184851800,52.64999
2007-07-20,1184938200,51.94
2007-07-23,1185197400,52
2007-07-24,1185283800,51.08
2007-07-25,1185370200,50.99001
2007-07-26,1185456600,49.64
2007-07-27,1185543000,48.71001
2007-07-30,1185802200,49.45
2007-07-31,1185888600,48.89
2007-08-01,1185975000,49.08
2007-08-02,1186061400,49.39999
2007-08-03,1186147800,48.02
2007-08-06,1186407000,48.83
2007-08-07,1186493400,49.10001
2007-08-08,1186579800,49.75
2007-08-09,1186666200,48.51401
2007-08-10,1186752600,48.50999
2007-08-13,1187011800,48.64
2007-08-14,1187098200,47.53999
2007-08-15,1187184600,46.83
2007-08-16,1187271000,46.92999
2007-08-17,1187357400,48.07001
2007-08-20,1187616600,48.05
2007-08-21,1187703000,48.05
2007-08-22,1187789400,48.82001
2007-08-23,1187875800,48.7
2007-08-24,1187962200,49.32001
2007-08-27,1188221400,48.57001
2007-08-28,1188307800,47.67
2007-08-29,1188394200,48.58
2007-08-30,1188480600,48.37
2007-08-31,1188567000,48.92999
2007-09-04,1188912600,49.58
2007-09-05,1188999000,48.64
2007-09-06,1189085400,49.03
2007-09-07,1189171800,48.27
2007-09-10,1189431000,47.89999
2007-09-11,1189517400,48.53
2007-09-12,1189603800,48.45
2007-09-13,1189690200,48.77
2007-09-14,1189776600,48.94
2007-09-17,1190035800,48.64999
2007-09-18,1190122200,50.13989
2007-09-19,1190208600,50.49001
2007-09-20,1190295000,50.03
2007-09-21,1190381400,49.98
2007-09-24,1190640600,49.72
2007-09-25,1190727000,49.67
2007-09-26,1190813400,49.9399
2007-09-27,1190899800,50.12
2007-09-28,1190986200,49.99001
2007-10-01,1191245400,50.6701
2007-10-02,1191331800,50.77
2007-10-03,1191418200,50.7
2007-10-04,1191504600,50.69
2007-10-05,1191591000,51.3499
2007-10-08,1191850200,51.14
2007-10-09,1191936600,51.5
2007-10-10,1192023000,51.42999
2007-10-11,1192109400,51.08
2007-10-12,1192195800,51.25999
2007-10-15,1192455000,50.78
2007-10-16,1192541400,50.39
2007-10-17,1192627800,50.47
2007-10-18,1192714200,50.34
2007-10-19,1192800600,48.97
2007-10-22,1193059800,49.39999
2007-10-23,1193146200,49.8
2007-10-24,1193232600,49.55
2007-10-25,1193319000,49.56
2007-10-26,1193405400,50.23
2007-10-29,1193664600,50.28
2007-10-30,1193751000,50.03
2007-10-31,1193837400,50.55
2007-11-01,1193923800,49.17
2007-11-02,1194010200,49.24001
2007-11-05,1194273000,49.07001
2007-11-06,1194359400,49.50999
2007-11-07,1194445800,48.27
2007-11-08,1194532200,48.17
2007-11-09,1194618600,47.7
2007-11-12,1194877800,47.16
2007-11-13,1194964200,48.42
2007-11-14,1195050600,48.03
2007-11-15,1195137000,47.58
2007-11-16,1195223400,47.56
2007-11-19,1195482600,46.66991
2007-11-20,1195569000,46.60001
2007-11-21,1195655400,46.00999
2007-11-23,1195828200,46.75999
2007-11-26,1196087400,45.7
2007-11-27,1196173800,46.394
2007-11-28,1196260200,47.72
2007-11-29,1196346600,47.63
2007-11-30,1196433000,48.2
2007-12-03,1196692200,47.94
2007-12-04,1196778600,47.67
2007-12-05,1196865000,48.35001
2007-12-06,1196951400,49.08
2007-12-07,1197037800,49.13
2007-12-10,1197297000,49.60001
2007-12-11,1197383400,48.05
2007-12-12,1197469800,48.37
2007-12-13,1197556200,48.31
2007-12-14,1197642600,47.58
2007-12-17,1197901800,46.92
2007-12-18,1197988200,47.14
2007-12-19,1198074600,47.14
2007-12-20,1198161000,47.33
2007-12-21,1198247400,47.86
2007-12-24,1198506600,48.31
2007-12-26,1198679400,48.22
2007-12-27,1198765800,47.55
2007-12-28,1198852200,47.47
2007-12-31,1199111400,47.17999
2008-01-02,1199284200,46.46001
2008-01-03,1199370600,46.25
2008-01-04,1199457000,44.94
2008-01-07,1199716200,45.06
2008-01-08,1199802600,43.89999
2008-01-09,1199889000,44.37
2008-01-10,1199975400,44.99001
2008-01-11,1200061800,44.38
2008-01-14,1200321000,44.83
2008-01-15,1200407400,43.67999
2008-01-16,1200493800,43.75999
2008-01-17,1200580200,42.47
2008-01-18,1200666600,42.16
2008-01-22,1201012200,42.17
2008-01-23,1201098600,43.50999
2008-01-24,1201185000,43.7
2008-01-25,1201271400,43.24001
2008-01-28,1201530600,44.16
2008-01-29,1201617000,44.53999
2008-01-30,1201703400,44.05
2008-01-31,1201789800,45.14999
2008-02-01,1201876200,46.08
2008-02-04,1202135400,45.49001
2008-02-05,1202221800,44.19
2008-02-06,1202308200,43.84
2008-02-07,1202394600,44.23
2008-02-08,1202481000,43.87
2008-02-11,1202740200,44.33
2008-02-12,1202826600,44.59
2008-02-13,1202913000,45.14999
2008-02-14,1202999400,44.46001
2008-02-15,1203085800,44.45
2008-02-19,1203431400,44.5
2008-02-20,1203517800,44.92
2008-02-21,1203604200,44.24001
2008-02-22,1203690600,44.59599
2008-02-25,1203949800,45.38
2008-02-26,1204036200,45.78999
2008-02-27,1204122600,45.46001
2008-02-28,1204209000,45.07001
2008-02-29,1204295400,43.78999
2008-03-03,1204554600,43.71001
2008-03-04,1204641000,43.59
2008-03-05,1204727400,43.84
2008-03-06,1204813800,42.57001
2008-03-07,1204900200,42.38
2008-03-10,1205155800,41.67
2008-03-11,1205242200,43.23
2008-03-12,1205328600,42.77
2008-03-13,1205415000,43.06
2008-03-14,1205501400,42.25
2008-03-17,1205760600,41.48
2008-03-18,1205847000,43.2
2008-03-19,1205933400,42.27
2008-03-20,1206019800,43
2008-03-24,1206365400,44.08
2008-03-25,1206451800,44.28999
2008-03-26,1206538200,43.61
2008-03-27,1206624600,43.19009
2008-03-28,1206711000,42.73
2008-03-31,1206970200,42.81
2008-04-01,1207056600,44.73199
2008-04-02,1207143000,44.85001
2008-04-03,1207229400,44.88
2008-04-04,1207315800,45
2008-04-07,1207575000,44.86
2008-04-08,1207661400,44.72
2008-04-09,1207747800,44.17
2008-04-10,1207834200,44.27
2008-04-11,1207920600,43.52
2008-04-14,1208179800,43.32001
2008-04-15,1208266200,43.48
2008-04-16,1208352600,44.66
2008-04-17,1208439000,44.63
2008-04-18,1208525400,45.35001
2008-04-21,1208784600,45.28
2008-04-22,1208871000,44.71001
2008-04-23,1208957400,44.84
2008-04-24,1209043800,45.17999
2008-04-25,1209130200,45.6866
2008-04-28,1209389400,45.74001
2008-04-29,1209475800,45.67
2008-04-30,1209562200,45.25999
2008-05-01,1209648600,46.25999
2008-05-02,1209735000,46.39
2008-05-05,1209994200,46.125
2008-05-06,1210080600,46.52
2008-05-07,1210167000,45.77
2008-05-08,1210253400,45.77
2008-05-09,1210339800,45.56
2008-05-12,1210599000,46.28
2008-05-13,1210685400,46.34
2008-05-14,1210771800,46.58
2008-05-15,1210858200,47.17
2008-05-16,1210944600,47.17
2008-05-19,1211203800,47.10001
2008-05-20,1211290200,46.75
2008-05-21,1211376600,45.89
2008-05-22,1211463000,46
2008-05-23,1211549400,45.38
2008-05-27,1211895000,45.82001
2008-05-28,1211981400,46.11
2008-05-29,1212067800,46.36
2008-05-30,1212154200,46.46001
2008-06-02,1212413400,45.95
2008-06-03,1212499800,45.78999
2008-06-04,1212586200,45.77
2008-06-05,1212672600,46.56
2008-06-06,1212759000,44.99001
2008-06-09,1213018200,45
2008-06-10,1213104600,44.82001
2008-06-11,1213191000,43.92999
2008-06-12,1213277400,44.13
2008-06-13,1213363800,44.92999
2008-06-16,1213623000,45
2008-06-17,1213709400,44.56
2008-06-18,1213795800,44.09
2008-06-19,1213882200,44.38
2008-06-20,1213968600,43.39
2008-06-23,1214227800,43.11
2008-06-24,1214314200,42.99001
2008-06-25,1214400600,43.3
2008-06-26,1214487000,42
2008-06-27,1214573400,41.95
2008-06-30,1214832600,41.74001
2008-07-01,1214919000,41.826
2008-07-02,1215005400,40.97
2008-07-03,1215091800,40.72
2008-07-07,1215437400,40.44
2008-07-08,1215523800,41.42999
2008-07-09,1215610200,40.39
2008-07-10,1215696600,40.39
2008-07-11,1215783000,40.08
2008-07-14,1216042200,39.36
2008-07-15,1216128600,39.07001
2008-07-16,1216215000,40.44
2008-07-17,1216301400,41.27
2008-07-18,1216387800,41.24001
2008-07-21,1216647000,41.2
2008-07-22,1216733400,41.89011
2008-07-23,1216819800,42.27
2008-07-24,1216906200,40.99001
2008-07-25,1216992600,41.03
2008-07-28,1217251800,40.27
2008-07-29,1217338200,41.45
2008-07-30,1217424600,42.03999
2008-07-31,1217511000,41.53
2008-08-01,1217597400,41.28
2008-08-04,1217856600,41.00999
2008-08-05,1217943000,42.25281
2008-08-06,1218029400,42.41
2008-08-07,1218115800,41.62
2008-08-08,1218202200,42.78
2008-08-11,1218461400,43.34
2008-08-12,1218547800,42.69
2008-08-13,1218634200,42.5
2008-08-14,1218720600,43
2008-08-15,1218807000,43.32001
2008-08-18,1219066200,42.59
2008-08-19,1219152600,41.94
2008-08-20,1219239000,42.05
2008-08-21,1219325400,41.85001
2008-08-22,1219411800,42.66
2008-08-25,1219671000,41.8
2008-08-26,1219757400,41.87
2008-08-27,1219843800,42.35001
2008-08-28,1219930200,43.12
2008-08-29,1220016600,42.75999
2008-09-02,1220362200,42.8
2008-09-03,1220448600,42.56
2008-09-04,1220535000,41.41
2008-09-05,1220621400,41.7899
2008-09-08,1220880600,42.66
2008-09-09,1220967000,41.14
2008-09-10,1221053400,41.3
2008-09-11,1221139800,41.83
2008-09-12,1221226200,42.02
2008-09-15,1221485400,40.27
2008-09-16,1221571800,40.63
2008-09-17,1221658200,38.77991
2008-09-18,1221744600,40.46001
2008-09-19,1221831000,41.8
2008-09-22,1222090200,40.19
2008-09-23,1222176600,39.57001
2008-09-24,1222263000,40.09
2008-09-25,1222349400,40.05
2008-09-26,1222435800,40
2008-09-29,1222695000,36.89999
2008-09-30,1222781400,37.92999
2008-10-01,1222867800,37.87
2008-10-02,1222954200,36.2
2008-10-03,1223040600,35.28
2008-10-06,1223299800,34.0416
2008-10-07,1223386200,31.75
2008-10-08,1223472600,31.48
2008-10-09,1223559000,29.2
2008-10-10,1223645400,28.81
2008-10-13,1223904600,32
2008-10-14,1223991000,31.71001
2008-10-15,1224077400,28.88
2008-10-16,1224163800,29.77
2008-10-17,1224250200,29.3
2008-10-20,1224509400,31.10001
2008-10-21,1224595800,30.02991
2008-10-22,1224682200,28.11
2008-10-23,1224768600,27.92999
2008-10-24,1224855000,26.81
2008-10-27,1225114200,25.5
2008-10-28,1225200600,28.55
2008-10-29,1225287000,28.44
2008-10-30,1225373400,29.3768
2008-10-31,1225459800,30
2008-11-03,1225722600,29.94
2008-11-04,1225809000,31.12
2008-11-05,1225895400,29.45
2008-11-06,1225981800,27.92
2008-11-07,1226068200,28.71001
2008-11-10,1226327400,28.17999
2008-11-11,1226413800,27.32001
2008-11-12,1226500200,25.94
2008-11-13,1226586600,27.72
2008-11-14,1226673000,26.45
2008-11-17,1226932200,25.66
2008-11-18,1227018600,25.61
2008-11-19,1227105000,23.95
2008-11-20,1227191400,22.3176
2008-11-21,1227277800,23.58
2008-11-24,1227537000,25.28
2008-11-25,1227623400,25.64999
2008-11-26,1227709800,26.83
2008-11-28,1227882600,27.11
2008-12-01,1228141800,24.64999
2008-12-02,1228228200,25.58
2008-12-03,1228314600,26.28
2008-12-04,1228401000,25.46001
2008-12-05,1228487400,26.44
2008-12-08,1228746600,27.39999
2008-12-09,1228833000,27.06
2008-12-10,1228919400,27.401
2008-12-11,1229005800,26.67
2008-12-12,1229092200,26.88
2008-12-15,1229351400,26.38
2008-12-16,1229437800,27.98
2008-12-17,1229524200,27.83
2008-12-18,1229610600,27.34
2008-12-19,1229697000,27.35001
2008-12-22,1229956200,26.50999
2008-12-23,1230042600,26.12
2008-12-24,1230129000,26.27
2008-12-26,1230301800,26.61
2008-12-29,1230561000,26.3
2008-12-30,1230647400,27.13
2008-12-31,1230733800,27.8
2009-01-02,1230906600,28.75
2009-01-05,1231165800,28.89999
2009-01-06,1231252200,29.5732
2009-01-07,1231338600,28.59
2009-01-08,1231425000,28.82001
2009-01-09,1231511400,28.06
2009-01-12,1231770600,27.14999
2009-01-13,1231857000,27.16
2009-01-14,1231943400,26.13
2009-01-15,1232029800,26.31
2009-01-16,1232116200,26.67
2009-01-20,1232461800,24.96001
2009-01-21,1232548200,26.17
2009-01-22,1232634600,25.61
2009-01-23,1232721000,25.86
2009-01-26,1232980200,25.96001
2009-01-27,1233066600,26.31
2009-01-28,1233153000,27.38
2009-01-29,1233239400,26.31
2009-01-30,1233325800,25.48
2009-02-02,1233585000,25.42
2009-02-03,1233671400,25.84
2009-02-04,1233757800,25.7
2009-02-05,1233844200,26.21001
2009-02-06,1233930600,27.00999
2009-02-09,1234189800,27.06
2009-02-10,1234276200,25.62
2009-02-11,1234362600,25.85159
2009-02-12,1234449000,25.97
2009-02-13,1234535400,25.71001
2009-02-17,1234881000,24.38
2009-02-18,1234967400,24.2
2009-02-19,1235053800,23.87
2009-02-20,1235140200,23.66
2009-02-23,1235399400,22.7419
2009-02-24,1235485800,23.77
2009-02-25,1235572200,23.49001
2009-02-26,1235658600,23.03999
2009-02-27,1235745000,22.61459
2009-03-02,1236004200,21.39
2009-03-03,1236090600,21.17
2009-03-04,1236177000,21.83
2009-03-05,1236263400,20.83
2009-03-06,1236349800,20.74001
2009-03-09,1236605400,20.59
2009-03-10,1236691800,22.03
2009-03-11,1236778200,22.14999
2009-03-12,1236864600,23.03999
2009-03-13,1236951000,23.3
2009-03-16,1237210200,23.14
2009-03-17,1237296600,23.94
2009-03-18,1237383000,24.81
2009-03-19,1237469400,24.58
2009-03-20,1237555800,23.67
2009-03-23,1237815000,25.64
2009-03-24,1237901400,25.09
2009-03-25,1237987800,25.37
2009-03-26,1238074200,26.17999
2009-03-27,1238160600,25.63
2009-03-30,1238419800,24.44991
2009-03-31,1238506200,24.77
2009-04-01,1238592600,25.3
2009-04-02,1238679000,26.41
2009-04-03,1238765400,26.92
2009-04-06,1239024600,26.53
2009-04-07,1239111000,25.73
2009-04-08,1239197400,26.25999
2009-04-09,1239283800,27.85001
2009-04-13,1239629400,27.92999
2009-04-14,1239715800,27.21001
2009-04-15,1239802200,27.71001
2009-04-16,1239888600,28.35001
2009-04-17,1239975000,28.8
2009-04-20,1240234200,27.14999
2009-04-21,1240320600,27.95
2009-04-22,1240407000,28.00999
2009-04-23,1240493400,28.33
2009-04-24,1240579800,29.00999
2009-04-27,1240839000,28.48
2009-04-28,1240925400,28.36
2009-04-29,1241011800,29.25
2009-04-30,1241098200,29.39999
2009-05-01,1241184600,29.55
2009-05-04,1241443800,30.93359
2009-05-05,1241530200,30.89
2009-05-06,1241616600,31.49001
2009-05-07,1241703000,30.77
2009-05-08,1241789400,32.05
2009-05-11,1242048600,31.11
2009-05-12,1242135000,30.64999
2009-05-13,1242221400,29.3026
2009-05-14,1242307800,29.85001
2009-05-15,1242394200,29.42999
2009-05-18,1242653400,30.69
2009-05-19,1242739800,30.75
2009-05-20,1242826200,30.53999
2009-05-21,1242912600,29.92999
2009-05-22,1242999000,29.87
2009-05-26,1243344600,30.82001
2009-05-27,1243431000,30.2
2009-05-28,1243517400,30.63
2009-05-29,1243603800,31.3
2009-06-01,1243863000,32.42999
2009-06-02,1243949400,32.42999
2009-06-03,1244035800,31.72
2009-06-04,1244122200,32.37
2009-06-05,1244208600,32.36
2009-06-08,1244467800,31.97
2009-06-09,1244554200,32.28999
2009-06-10,1244640600,32.64
2009-06-11,1244727000,32.33
2009-06-12,1244813400,32.31
2009-06-15,1245072600,31.35001
2009-06-16,1245159000,30.83
2009-06-17,1245245400,30.67
2009-06-18,1245331800,30.77
2009-06-19,1245418200,30.88
2009-06-22,1245677400,29.78
2009-06-23,1245763800,29.77
2009-06-24,1245850200,30.11
2009-06-25,1245936600,30.87
2009-06-26,1246023000,30.75999
2009-06-29,1246282200,31.08
2009-06-30,1246368600,30.81
2009-07-01,1246455000,31.00999
2009-07-02,1246541400,30.017
2009-07-06,1246887000,29.92999
2009-07-07,1246973400,29.23
2009-07-08,1247059800,29.12
2009-07-09,1247146200,29.35001
2009-07-10,1247232600,29.25
2009-07-13,1247491800,29.92999
2009-07-14,1247578200,30.25
2009-07-15,1247664600,31.21001
2009-07-16,1247751000,31.56
2009-07-17,1247837400,31.49001
2009-07-20,1248096600,32
2009-07-21,1248183000,31.98
2009-07-22,1248269400,32.08
2009-07-23,1248355800,32.98
2009-07-24,1248442200,33.23
2009-07-27,1248701400,33.45
2009-07-28,1248787800,33.33
2009-07-29,1248874200,33.10809
2009-07-30,1248960600,33.63
2009-07-31,1249047000,33.64
2009-08-03,1249306200,34.35001
2009-08-04,1249392600,34.556
2009-08-05,1249479000,34.5
2009-08-06,1249565400,34.32001
2009-08-07,1249651800,35.11
2009-08-10,1249911000,34.92
2009-08-11,1249997400,34.45
2009-08-12,1250083800,34.92999
2009-08-13,1250170200,35.28
2009-08-14,1250256600,34.82001
2009-08-17,1250515800,33.84
2009-08-18,1250602200,34.24001
2009-08-19,1250688600,34.48
2009-08-20,1250775000,34.88
2009-08-21,1250861400,35.62
2009-08-24,1251120600,35.52
2009-08-25,1251207000,35.72
2009-08-26,1251293400,35.83
2009-08-27,1251379800,35.89
2009-08-28,1251466200,36.02
2009-08-31,1251725400,35.53999
2009-09-01,1251811800,34.57001
2009-09-02,1251898200,34.39999
2009-09-03,1251984600,34.89
2009-09-04,1252071000,35.3
2009-09-08,1252416600,35.71001
2009-09-09,1252503000,36.19
2009-09-10,1252589400,36.67
2009-09-11,1252675800,36.7
2009-09-14,1252935000,37.02271
2009-09-15,1253021400,37.36
2009-09-16,1253107800,38.09
2009-09-17,1253194200,37.86
2009-09-18,1253280600,37.78999
2009-09-21,1253539800,37.69
2009-09-22,1253626200,37.95
2009-09-23,1253712600,37.53
2009-09-24,1253799000,36.91
2009-09-25,1253885400,36.63
2009-09-28,1254144600,37.39
2009-09-29,1254231000,37.42
2009-09-30,1254317400,37.3
2009-10-01,1254403800,36.11
2009-10-02,1254490200,35.91
2009-10-05,1254749400,36.5318
2009-10-06,1254835800,37.05
2009-10-07,1254922200,37.12
2009-10-08,1255008600,37.57001
2009-10-09,1255095000,37.75999
2009-10-12,1255354200,37.92
2009-10-13,1255440600,37.84
2009-10-14,1255527000,38.53999
2009-10-15,1255613400,38.67
2009-10-16,1255699800,38.34
2009-10-19,1255959000,38.73
2009-10-20,1256045400,38.45
2009-10-21,1256131800,38.05
2009-10-22,1256218200,38.57001
2009-10-23,1256304600,37.97
2009-10-26,1256563800,37.48
2009-10-27,1256650200,37.16
2009-10-28,1256736600,36.14
2009-10-29,1256823000,37.03
2009-10-30,1256909400,35.92
2009-11-02,1257172200,36.14
2009-11-03,1257258600,36.46001
2009-11-04,1257345000,36.39999
2009-11-05,1257431400,37.22
2009-11-06,1257517800,37.27
2009-11-09,1257777000,38.25999
2009-11-10,1257863400,38.11
2009-11-11,1257949800,38.34
2009-11-12,1258036200,37.87
2009-11-13,1258122600,38.11
2009-11-16,1258381800,38.73
2009-11-17,1258468200,38.74001
2009-11-18,1258554600,38.63
2009-11-19,1258641000,38.02
2009-11-20,1258727400,37.83
2009-11-23,1258986600,38.25
2009-11-24,1259073000,38.24001
2009-11-25,1259159400,38.55
2009-11-27,1259332200,37.78
2009-11-30,1259591400,37.91
2009-12-01,1259677800,38.39
2009-12-02,1259764200,38.61
2009-12-03,1259850600,38.22
2009-12-04,1259937000,38.61
2009-12-07,1260196200,38.58
2009-12-08,1260282600,38.25
2009-12-09,1260369000,38.32001
2009-12-10,1260455400,38.60001
2009-12-11,1260541800,38.83
2009-12-14,1260801000,39.32001
2009-12-15,1260887400,39.16
2009-12-16,1260973800,39.33
2009-12-17,1261060200,38.85001
2009-12-18,1261146600,38.89
2009-12-21,1261405800,39.39999
2009-12-22,1261492200,39.60001
2009-12-23,1261578600,39.85001
2009-12-24,1261665000,40.05
2009-12-28,1262010600,40.06
2009-12-29,1262097000,39.96001
2009-12-30,1262183400,39.97
2009-12-31,1262269800,39.53
2010-01-04,1262615400,40.17999
2010-01-05,1262701800,40.41
2010-01-06,1262788200,40.56
2010-01-07,1262874600,40.75999
2010-01-08,1262961000,40.89999
2010-01-11,1263220200,40.92999
2010-01-12,1263306600,40.46001
2010-01-13,1263393000,40.89
2010-01-14,1263479400,40.95
2010-01-15,1263565800,40.47
2010-01-19,1263911400,41.03999
2010-01-20,1263997800,40.55
2010-01-21,1264084200,39.87
2010-01-22,1264170600,38.89999
2010-01-25,1264429800,39.14
2010-01-26,1264516200,39
2010-01-27,1264602600,39.11
2010-01-28,1264689000,38.7
2010-01-29,1264775400,38.2186
2010-02-01,1265034600,38.87
2010-02-02,1265121000,39.46001
2010-02-03,1265207400,39.2
2010-02-04,1265293800,37.89
2010-02-05,1265380200,37.99001
2010-02-08,1265639400,37.7
2010-02-09,1265725800,38.28
2010-02-10,1265812200,38.19
2010-02-11,1265898600,38.614
2010-02-12,1265985000,38.58
2010-02-16,1266330600,39.28
2010-02-17,1266417000,39.53
2010-02-18,1266503400,39.8
2010-02-19,1266589800,39.98
2010-02-22,1266849000,39.95
2010-02-23,1266935400,39.38
2010-02-24,1267021800,39.78
2010-02-25,1267108200,39.85001
2010-02-26,1267194600,39.82001
2010-03-01,1267453800,40.48
2010-03-02,1267540200,40.59
2010-03-03,1267626600,40.72
2010-03-04,1267713000,40.75999
2010-03-05,1267799400,41.45
2010-03-08,1268058600,41.53
2010-03-09,1268145000,41.53
2010-03-10,1268231400,41.81
2010-03-11,1268317800,41.92
2010-03-12,1268404200,41.94
2010-03-15,1268659800,41.92
2010-03-16,1268746200,42.35001
2010-03-17,1268832600,42.69
2010-03-18,1268919000,42.5
2010-03-19,1269005400,42.16
2010-03-22,1269264600,42.44
2010-03-23,1269351000,42.77
2010-03-24,1269437400,42.45
2010-03-25,1269523800,42.27
2010-03-26,1269610200,42.34
2010-03-29,1269869400,42.67999
2010-03-30,1269955800,42.71001
2010-03-31,1270042200,42.57001
2010-04-01,1270128600,42.92
2010-04-05,1270474200,43.48
2010-04-06,1270560600,43.57001
2010-04-07,1270647000,43.3
2010-04-08,1270733400,43.36
2010-04-09,1270819800,43.67999
2010-04-12,1271079000,43.75
2010-04-13,1271165400,43.82001
2010-04-14,1271251800,44.39
2010-04-15,1271338200,44.39
2010-04-16,1271424600,43.66
2010-04-19,1271683800,43.67
2010-04-20,1271770200,44.25999
2010-04-21,1271856600,44.35001
2010-04-22,1271943000,44.71001
2010-04-23,1272029400,45.08
2010-04-26,1272288600,44.92
2010-04-27,1272375000,43.71001
2010-04-28,1272461400,43.95
2010-04-29,1272547800,44.56
2010-04-30,1272634200,43.7
2010-05-03,1272893400,44.34
2010-05-04,1272979800,43.14
2010-05-05,1273066200,42.82001
2010-05-06,1273152600,41.25
2010-05-07,1273239000,40.59
2010-05-10,1273498200,42.69
2010-05-11,1273584600,42.53999
2010-05-12,1273671000,43.32001
2010-05-13,1273757400,42.78999
2010-05-14,1273843800,41.88
2010-05-17,1274103000,41.91499
2010-05-18,1274189400,41.37
2010-05-19,1274275800,41
2010-05-20,1274362200,39.37
2010-05-21,1274448600,40.02
2010-05-24,1274707800,39.50999
2010-05-25,1274794200,39.62
2010-05-26,1274880600,39.5
2010-05-27,1274967000,40.97
2010-05-28,1275053400,40.48
2010-06-01,1275399000,39.5
2010-06-02,1275485400,40.67
2010-06-03,1275571800,40.91
2010-06-04,1275658200,39.25
2010-06-07,1275917400,38.61
2010-06-08,1276003800,38.97
2010-06-09,1276090200,38.92999
2010-06-10,1276176600,40.25999
2010-06-11,1276263000,40.52499
2010-06-14,1276522200,40.53
2010-06-15,1276608600,41.56
2010-06-16,1276695000,41.52
2010-06-17,1276781400,41.52
2010-06-18,1276867800,41.38
2010-06-21,1277127000,41.19
2010-06-22,1277213400,40.42
2010-06-23,1277299800,40.31
2010-06-24,1277386200,39.56
2010-06-25,1277472600,39.78999
2010-06-28,1277731800,39.67
2010-06-29,1277818200,38.24001
2010-06-30,1277904600,37.8
2010-07-01,1277991000,37.72
2010-07-02,1278077400,37.49001
2010-07-06,1278423000,37.59
2010-07-07,1278509400,38.86
2010-07-08,1278595800,39.25999
2010-07-09,1278682200,39.62
2010-07-12,1278941400,39.53999
2010-07-13,1279027800,40.3
2010-07-14,1279114200,40.22501
2010-07-15,1279200600,40.28999
2010-07-16,1279287000,39.02
2010-07-19,1279546200,39.33
2010-07-20,1279632600,39.91
2010-07-21,1279719000,39.3
2010-07-22,1279805400,40.28999
2010-07-23,1279891800,40.78
2010-07-26,1280151000,41.34
2010-07-27,1280237400,41.11
2010-07-28,1280323800,40.74001
2010-07-29,1280410200,40.53999
2010-07-30,1280496600,40.58
2010-08-02,1280755800,41.49001
2010-08-03,1280842200,41.14999
2010-08-04,1280928600,41.50999
2010-08-05,1281015000,41.45
2010-08-06,1281101400,41.25999
2010-08-09,1281360600,41.55
2010-08-10,1281447000,41.22
2010-08-11,1281533400,39.92999
2010-08-12,1281619800,39.69
2010-08-13,1281706200,39.55
2010-08-16,1281965400,39.52
2010-08-17,1282051800,40.17
2010-08-18,1282138200,40.25
2010-08-19,1282224600,39.55
2010-08-20,1282311000,39.47501
2010-08-23,1282570200,39.27
2010-08-24,1282656600,38.69
2010-08-25,1282743000,38.84
2010-08-26,1282829400,38.59
2010-08-27,1282915800,39.28999
2010-08-30,1283175000,38.66
2010-08-31,1283261400,38.64999
2010-09-01,1283347800,39.86
2010-09-02,1283434200,40.38
2010-09-03,1283520600,40.95
2010-09-07,1283866200,40.42999
2010-09-08,1283952600,40.7
2010-09-09,1284039000,40.84
2010-09-10,1284125400,41.06
2010-09-13,1284384600,41.55
2010-09-14,1284471000,41.56
2010-09-15,1284557400,41.7
2010-09-16,1284643800,41.61
2010-09-17,1284730200,41.46001
2010-09-20,1284989400,42.22
2010-09-21,1285075800,42
2010-09-22,1285162200,41.72
2010-09-23,1285248600,41.39999
2010-09-24,1285335000,42.36
2010-09-27,1285594200,42.2
2010-09-28,1285680600,42.5
2010-09-29,1285767000,42.45
2010-09-30,1285853400,42.38
2010-10-01,1285939800,42.5
2010-10-04,1286199000,42.16
2010-10-05,1286285400,43.06
2010-10-06,1286371800,42.91
2010-10-07,1286458200,42.89
2010-10-08,1286544600,43.22
2010-10-11,1286803800,43.34
2010-10-12,1286890200,43.49001
2010-10-13,1286976600,43.84
2010-10-14,1287063000,43.61501
2010-10-15,1287149400,43.66
2010-10-18,1287408600,43.81
2010-10-19,1287495000,43.17
2010-10-20,1287581400,43.60001
2010-10-21,1287667800,43.63499
2010-10-22,1287754200,43.78999
2010-10-25,1288013400,43.95
2010-10-26,1288099800,43.86501
2010-10-27,1288186200,43.75999
2010-10-28,1288272600,43.73
2010-10-29,1288359000,43.89
2010-11-01,1288618200,43.82001
2010-11-02,1288704600,44.24001
2010-11-03,1288791000,44.35001
2010-11-04,1288877400,45.25
2010-11-05,1288963800,45.48
2010-11-08,1289226600,45.42999
2010-11-09,1289313000,44.98
2010-11-10,1289399400,45.17
2010-11-11,1289485800,45.14999
2010-11-12,1289572200,44.55
2010-11-15,1289831400,44.48
2010-11-16,1289917800,43.72
2010-11-17,1290004200,43.82001
2010-11-18,1290090600,44.45
2010-11-19,1290177000,44.66
2010-11-22,1290436200,44.73
2010-11-23,1290522600,44.11
2010-11-24,1290609000,44.87
2010-11-26,1290781800,44.53999
2010-11-29,1291041000,44.42999
2010-11-30,1291127400,44.25
2010-12-01,1291213800,45.24001
2010-12-02,1291300200,45.89999
2010-12-03,1291386600,46.08
2010-12-06,1291645800,46.05
2010-12-07,1291732200,46.065
2010-12-08,1291818600,46.17999
2010-12-09,1291905000,46.38
2010-12-10,1291991400,46.67999
2010-12-13,1292250600,46.61
2010-12-14,1292337000,46.61
2010-12-15,1292423400,46.42
2010-12-16,1292509800,46.75
2010-12-17,1292596200,46.78999
2010-12-20,1292855400,46.94
2010-12-21,1292941800,47.27
2010-12-22,1293028200,47.38
2010-12-23,1293114600,47.27
2010-12-27,1293460200,47.3
2010-12-28,1293546600,47.3
2010-12-29,1293633000,47.32001
2010-12-30,1293719400,47.33501
2010-12-31,1293805800,47.31
2011-01-03,1294065000,47.78999
2011-01-04,1294151400,47.56
2011-01-05,1294237800,47.81
2011-01-06,1294324200,47.71001
2011-01-07,1294410600,47.62
2011-01-10,1294669800,47.60001
2011-01-11,1294756200,47.83
2011-01-12,1294842600,48.2675
2011-01-13,1294929000,48.21001
2011-01-14,1295015400,48.49001
2011-01-18,1295361000,48.7
2011-01-19,1295447400,48.06
2011-01-20,1295533800,47.96001
2011-01-21,1295620200,47.97
2011-01-24,1295879400,48.28
2011-01-25,1295965800,48.25
2011-01-26,1296052200,48.61
2011-01-27,1296138600,48.83501
2011-01-28,1296225000,47.87
2011-01-31,1296484200,48.31
2011-02-01,1296570600,49
2011-02-02,1296657000,48.91
2011-02-03,1296743400,49.17
2011-02-04,1296829800,49.39999
2011-02-07,1297089000,49.72
2011-02-08,1297175400,49.9268
2011-02-09,1297261800,49.80499
2011-02-10,1297348200,49.95
2011-02-11,1297434600,50.34
2011-02-14,1297693800,50.42
2011-02-15,1297780200,50.24001
2011-02-16,1297866600,50.64999
2011-02-17,1297953000,50.892
2011-02-18,1298039400,50.95
2011-02-22,1298385000,49.75
2011-02-23,1298471400,49.3
2011-02-24,1298557800,49.32001
2011-02-25,1298644200,50.00999
2011-02-28,1298903400,50.25
2011-03-01,1298989800,49.37
2011-03-02,1299076200,49.52
2011-03-03,1299162600,50.42
2011-03-04,1299249000,50.09
2011-03-07,1299508200,49.60001
2011-03-08,1299594600,50.06
2011-03-09,1299681000,49.97
2011-03-10,1299767400,49.00999
2011-03-11,1299853800,49.47
2011-03-14,1300109400,49.16
2011-03-15,1300195800,48.71001
2011-03-16,1300282200,47.89999
2011-03-17,1300368600,48.42
2011-03-18,1300455000,48.50999
2011-03-21,1300714200,49.22
2011-03-22,1300800600,48.99001
2011-03-23,1300887000,49.17999
2011-03-24,1300973400,49.71001
2011-03-25,1301059800,49.89
2011-03-28,1301319000,49.69
2011-03-29,1301405400,50.03
2011-03-30,1301491800,50.4985
2011-03-31,1301578200,50.46001
2011-04-01,1301664600,50.72
2011-04-04,1301923800,50.73
2011-04-05,1302010200,50.86
2011-04-06,1302096600,50.97
2011-04-07,1302183000,50.86
2011-04-08,1302269400,50.55
2011-04-11,1302528600,50.35001
2011-04-12,1302615000,50.02
2011-04-13,1302701400,50.07001
2011-04-14,1302787800,50.13
2011-04-15,1302874200,50.46001
2011-04-18,1303133400,49.83
2011-04-19,1303219800,50.09
2011-04-20,1303306200,50.88
2011-04-21,1303392600,51.16
2011-04-25,1303738200,51.09
2011-04-26,1303824600,51.5
2011-04-27,1303911000,51.75999
2011-04-28,1303997400,51.94
2011-04-29,1304083800,52.03999
2011-05-02,1304343000,51.94
2011-05-03,1304429400,51.64999
2011-05-04,1304515800,51.28
2011-05-05,1304602200,51.02
2011-05-06,1304688600,51.23
2011-05-09,1304947800,51.5
2011-05-10,1305034200,52.07001
2011-05-11,1305120600,51.52
2011-05-12,1305207000,51.86
2011-05-13,1305293400,51.42999
2011-05-16,1305552600,51.13
2011-05-17,1305639000,51.03999
2011-05-18,1305725400,51.57001
2011-05-19,1305811800,51.7001
2011-05-20,1305898200,51.34
2011-05-23,1306157400,50.66
2011-05-24,1306243800,50.58
2011-05-25,1306330200,50.75
2011-05-26,1306416600,51.03
2011-05-27,1306503000,51.28
2011-05-31,1306848600,51.72
2011-06-01,1306935000,50.5
2011-06-02,1307021400,50.45
2011-06-03,1307107800,49.82001
2011-06-06,1307367000,49.17999
2011-06-07,1307453400,49.3
2011-06-08,1307539800,48.94
2011-06-09,1307626200,49.3
2011-06-10,1307712600,48.57001
2011-06-13,1307971800,48.53999
2011-06-14,1308058200,49.32001
2011-06-15,1308144600,48.44
2011-06-16,1308231000,48.44
2011-06-17,1308317400,48.49001
2011-06-20,1308576600,48.82001
2011-06-21,1308663000,49.60001
2011-06-22,1308749400,49.32001
2011-06-23,1308835800,49.22
2011-06-24,1308922200,48.67999
2011-06-27,1309181400,49.00999
2011-06-28,1309267800,49.71001
2011-06-29,1309354200,50.14999
2011-06-30,1309440600,50.62
2011-07-01,1309527000,51.39
2011-07-05,1309872600,51.27
2011-07-06,1309959000,51.2971
2011-07-07,1310045400,51.92
2011-07-08,1310131800,51.46001
2011-07-11,1310391000,50.37
2011-07-12,1310477400,50.16
2011-07-13,1310563800,50.27
2011-07-14,1310650200,49.76199
2011-07-15,1310736600,50.03999
2011-07-18,1310995800,49.44
2011-07-19,1311082200,50.31
2011-07-20,1311168600,50.28999
2011-07-21,1311255000,50.95
2011-07-22,1311341400,51
2011-07-25,1311600600,50.67999
2011-07-26,1311687000,50.45
2011-07-27,1311773400,49.25
2011-07-28,1311859800,49.03
2011-07-29,1311946200,48.78999
2011-08-01,1312205400,48.42
2011-08-02,1312291800,46.95
2011-08-03,1312378200,47.24001
2011-08-04,1312464600,44.74001
2011-08-05,1312551000,44.57001
2011-08-08,1312810200,41.3
2011-08-09,1312896600,43.39011
2011-08-10,1312983000,41.53
2011-08-11,1313069400,43.66
2011-08-12,1313155800,43.89999
2011-08-15,1313415000,44.97
2011-08-16,1313501400,44.44
2011-08-17,1313587800,44.36
2011-08-18,1313674200,42.21001
2011-08-19,1313760600,41.513
2011-08-22,1314019800,41.57001
2011-08-23,1314106200,43.08
2011-08-24,1314192600,43.73
2011-08-25,1314279000,42.89999
2011-08-26,1314365400,43.67
2011-08-29,1314624600,45.17999
2011-08-30,1314711000,45.37
2011-08-31,1314797400,45.69
2011-09-01,1314883800,45.06
2011-09-02,1314970200,43.75
2011-09-06,1315315800,43.45599
2011-09-07,1315402200,44.91
2011-09-08,1315488600,44.30791
2011-09-09,1315575000,43.10001
2011-09-12,1315834200,43.37
2011-09-13,1315920600,43.89
2011-09-14,1316007000,44.57001
2011-09-15,1316093400,45.31
2011-09-16,1316179800,45.33
2011-09-19,1316439000,44.74001
2011-09-20,1316525400,44.55
2011-09-21,1316611800,42.97
2011-09-22,1316698200,41.53999
2011-09-23,1316784600,41.83
2011-09-26,1317043800,42.87
2011-09-27,1317130200,43.45
2011-09-28,1317216600,42.25
2011-09-29,1317303000,42.60001
2011-09-30,1317389400,41.39999
2011-10-03,1317648600,39.89
2011-10-04,1317735000,41.06
2011-10-05,1317821400,41.99001
2011-10-06,1317907800,42.96001
2011-10-07,1317994200,42.48
2011-10-10,1318253400,43.96001
2011-10-11,1318339800,44.02
2011-10-12,1318426200,44.49001
2011-10-13,1318512600,44.36
2011-10-14,1318599000,45.13
2011-10-17,1318858200,44.10001
2011-10-18,1318944600,45.14999
2011-10-19,1319031000,44.58
2011-10-20,1319117400,44.78999
2011-10-21,1319203800,45.87
2011-10-24,1319463000,46.73
2011-10-25,1319549400,45.67101
2011-10-26,1319635800,46.17
2011-10-27,1319722200,48.036
2011-10-28,1319808600,48.07001
2011-10-31,1320067800,46.81
2011-11-01,1320154200,45.36
2011-11-02,1320240600,46.22
2011-11-03,1320327000,47.14
2011-11-04,1320413400,46.96001
2011-11-07,1320676200,47.17999
2011-11-08,1320762600,47.71001
2011-11-09,1320849000,45.75
2011-11-10,1320935400,46.16
2011-11-11,1321021800,47.17999
2011-11-14,1321281000,46.75
2011-11-15,1321367400,46.95
2011-11-16,1321453800,46.14
2011-11-17,1321540200,45.27
2011-11-18,1321626600,45.17999
2011-11-21,1321885800,44.35001
2011-11-22,1321972200,44.10001
2011-11-23,1322058600,43.05
2011-11-25,1322231400,42.96001
2011-11-28,1322490600,44.308
2011-11-29,1322577000,44.39999
2011-11-30,1322663400,46.39999
2011-12-01,1322749800,46.37
2011-12-02,1322836200,46.32001
2011-12-05,1323095400,46.87
2011-12-06,1323181800,46.84
2011-12-07,1323268200,46.89999
2011-12-08,1323354600,45.72
2011-12-09,1323441000,46.58
2011-12-12,1323700200,45.85001
2011-12-13,1323786600,45.16
2011-12-14,1323873000,44.64
2011-12-15,1323959400,44.85001
2011-12-16,1324045800,44.78
2011-12-19,1324305000,44.16
2011-12-20,1324391400,45.62
2011-12-21,1324477800,45.78999
2011-12-22,1324564200,46.31
2011-12-23,1324650600,46.67999
2011-12-27,1324996200,46.66
2011-12-28,1325082600,46
2011-12-29,1325169000,46.49001
2011-12-30,1325255400,46.28
2012-01-03,1325601000,46.99001
2012-01-04,1325687400,46.95
2012-01-05,1325773800,47.14
2012-01-06,1325860200,47.08
2012-01-09,1326119400,47.21001
2012-01-10,1326205800,47.82001
2012-01-11,1326292200,47.89
2012-01-12,1326378600,48.09
2012-01-13,1326465000,47.8
2012-01-17,1326810600,47.89999
2012-01-18,1326897000,48.60001
2012-01-19,1326983400,48.97
2012-01-20,1327069800,48.91
2012-01-23,1327329000,48.94
2012-01-24,1327415400,49.02
2012-01-25,1327501800,49.50999
2012-01-26,1327588200,49.17999
2012-01-27,1327674600,49.2
2012-01-30,1327933800,48.92
2012-01-31,1328020200,48.91
2012-02-01,1328106600,49.55
2012-02-02,1328193000,49.62
2012-02-03,1328279400,50.44
2012-02-06,1328538600,50.36
2012-02-07,1328625000,50.46001
2012-02-08,1328711400,50.62
2012-02-09,1328797800,50.67999
2012-02-10,1328884200,50.28999
2012-02-13,1329143400,50.59
2012-02-14,1329229800,50.50999
2012-02-15,1329316200,50.36
2012-02-16,1329402600,50.99001
2012-02-17,1329489000,51.13
2012-02-21,1329834600,50.98
2012-02-22,1329921000,50.75
2012-02-23,1330007400,51.05
2012-02-24,1330093800,51.11
2012-02-27,1330353000,51.17
2012-02-28,1330439400,51.22
2012-02-29,1330525800,50.87
2012-03-01,1330612200,51.17999
2012-03-02,1330698600,50.94
2012-03-05,1330957800,50.62
2012-03-06,1331044200,49.74001
2012-03-07,1331130600,50.14999
2012-03-08,1331217000,50.75
2012-03-09,1331303400,51.09
2012-03-12,1331559000,50.96001
2012-03-13,1331645400,51.92
2012-03-14,1331731800,51.78999
2012-03-15,1331818200,52.21001
2012-03-16,1331904600,52.09
2012-03-19,1332163800,52.23
2012-03-20,1332250200,51.97
2012-03-21,1332336600,51.91
2012-03-22,1332423000,51.46001
2012-03-23,1332509400,51.67
2012-03-26,1332768600,52.32001
2012-03-27,1332855000,52.2
2012-03-28,1332941400,51.77
2012-03-29,1333027800,51.72
2012-03-30,1333114200,51.87
2012-04-02,1333373400,52.27
2012-04-03,1333459800,52.08
2012-04-04,1333546200,51.48
2012-04-05,1333632600,51.33
2012-04-09,1333978200,50.66
2012-04-10,1334064600,49.73
2012-04-11,1334151000,50.19
2012-04-12,1334237400,51.00999
2012-04-13,1334323800,50.41
2012-04-16,1334583000,50.42
2012-04-17,1334669400,51.13
2012-04-18,1334755800,50.92
2012-04-19,1334842200,50.71001
2012-04-20,1334928600,50.8
2012-04-23,1335187800,50.25999
2012-04-24,1335274200,50.45
2012-04-25,1335360600,51.07001
2012-04-26,1335447000,51.48
2012-04-27,1335533400,51.63
2012-04-30,1335792600,51.48
2012-05-01,1335879000,51.81
2012-05-02,1335965400,51.67
2012-05-03,1336051800,51.14999
2012-05-04,1336138200,50.34
2012-05-07,1336397400,50.28999
2012-05-08,1336483800,50
2012-05-09,1336570200,49.78999
2012-05-10,1336656600,49.82001
2012-05-11,1336743000,49.75999
2012-05-14,1337002200,49.17
2012-05-15,1337088600,48.82001
2012-05-16,1337175000,48.5
2012-05-17,1337261400,47.55
2012-05-18,1337347800,47.10001
2012-05-21,1337607000,48.03999
2012-05-22,1337693400,48.13
2012-05-23,1337779800,48.28999
2012-05-24,1337866200,48.34
2012-05-25,1337952600,48.34
2012-05-29,1338298200,48.92999
2012-05-30,1338384600,48.03999
2012-05-31,1338471000,47.88
2012-06-01,1338557400,46.55
2012-06-04,1338816600,46.45
2012-06-05,1338903000,46.91
2012-06-06,1338989400,48.03
2012-06-07,1339075800,47.98
2012-06-08,1339162200,48.35001
2012-06-11,1339421400,47.61
2012-06-12,1339507800,48.17
2012-06-13,1339594200,47.74001
2012-06-14,1339680600,48.22
2012-06-15,1339767000,48.57001
2012-06-18,1340026200,48.7
2012-06-19,1340112600,49.28999
2012-06-20,1340199000,49.23
2012-06-21,1340285400,47.96001
2012-06-22,1340371800,48.32001
2012-06-25,1340631000,47.46001
2012-06-26,1340717400,47.72
2012-06-27,1340803800,48.17
2012-06-28,1340890200,48.19
2012-06-29,1340976600,49.52
2012-07-02,1341235800,49.64
2012-07-03,1341322200,50.09
2012-07-05,1341495000,49.88
2012-07-06,1341581400,49.33
2012-07-09,1341840600,49.05009
2012-07-10,1341927000,48.53
2012-07-11,1342013400,48.53999
2012-07-12,1342099800,48.25999
2012-07-13,1342186200,49.03
2012-07-16,1342445400,48.84
2012-07-17,1342531800,49.19
2012-07-18,1342618200,49.62
2012-07-19,1342704600,49.78
2012-07-20,1342791000,49.23
2012-07-23,1343050200,48.64
2012-07-24,1343136600,48.11
2012-07-25,1343223000,48.13
2012-07-26,1343309400,48.97
2012-07-27,1343395800,49.99001
2012-07-30,1343655000,49.94
2012-07-31,1343741400,49.58
2012-08-01,1343827800,49.39999
2012-08-02,1343914200,49.02
2012-08-03,1344000600,50.05
2012-08-06,1344259800,50.28999
2012-08-07,1344346200,50.78999
2012-08-08,1344432600,50.92999
2012-08-09,1344519000,51.00999
2012-08-10,1344605400,51.08
2012-08-13,1344864600,51.02
2012-08-14,1344951000,50.92
2012-08-15,1345037400,51.11
2012-08-16,1345123800,51.55
2012-08-17,1345210200,51.64999
2012-08-20,1345469400,51.60001
2012-08-21,1345555800,51.55
2012-08-22,1345642200,51.48
2012-08-23,1345728600,51.00999
2012-08-24,1345815000,51.28
2012-08-27,1346074200,51.17999
2012-08-28,1346160600,51.14999
2012-08-29,1346247000,51.27
2012-08-30,1346333400,50.87
2012-08-31,1346419800,51.10001
2012-09-04,1346765400,51.06
2012-09-05,1346851800,51.00999
2012-09-06,1346938200,52.11
2012-09-07,1347024600,52.47
2012-09-10,1347283800,52.2
2012-09-11,1347370200,52.49001
2012-09-12,1347456600,52.69
2012-09-13,1347543000,53.46001
2012-09-14,1347629400,53.87
2012-09-17,1347888600,53.48
2012-09-18,1347975000,53.31
2012-09-19,1348061400,53.42999
2012-09-20,1348147800,53.28999
2012-09-21,1348234200,53.06
2012-09-24,1348493400,52.89
2012-09-25,1348579800,52.21001
2012-09-26,1348666200,51.88
2012-09-27,1348752600,52.35001
2012-09-28,1348839000,52.17999
2012-10-01,1349098200,52.25
2012-10-02,1349184600,52.35001
2012-10-03,1349271000,52.46001
2012-10-04,1349357400,52.92999
2012-10-05,1349443800,52.97
2012-10-08,1349703000,52.85001
2012-10-09,1349789400,52.35001
2012-10-10,1349875800,51.99001
2012-10-11,1349962200,52.21001
2012-10-12,1350048600,51.96001
2012-10-15,1350307800,52.34
2012-10-16,1350394200,52.95
2012-10-17,1350480600,53.24001
2012-10-18,1350567000,53.25999
2012-10-19,1350653400,52.41
2012-10-22,1350912600,52.37
2012-10-23,1350999000,51.75
2012-10-24,1351085400,51.5
2012-10-25,1351171800,51.7
2012-10-26,1351258200,51.64999
2012-10-31,1351690200,51.75
2012-11-01,1351776600,52.4899
2012-11-02,1351863000,51.98
2012-11-05,1352125800,52.17
2012-11-06,1352212200,52.63
2012-11-07,1352298600,51.56
2012-11-08,1352385000,50.88
2012-11-09,1352471400,50.91
2012-11-12,1352730600,50.95
2012-11-13,1352817000,50.78999
2012-11-14,1352903400,50.10001
2012-11-15,1352989800,50.10001
2012-11-16,1353076200,50.39
2012-11-19,1353335400,51.3
2012-11-20,1353421800,51.33
2012-11-21,1353508200,51.45
2012-11-23,1353681000,52.07001
2012-11-26,1353940200,51.92
2012-11-27,1354026600,51.72
2012-11-28,1354113000,52.17999
2012-11-29,1354199400,52.35001
2012-11-30,1354285800,52.41
2012-12-03,1354545000,52.19
2012-12-04,1354631400,52.14
2012-12-05,1354717800,52.35001
2012-12-06,1354804200,52.5
2012-12-07,1354890600,52.75999
2012-12-10,1355149800,52.88
2012-12-11,1355236200,53.17999
2012-12-12,1355322600,53.21001
2012-12-13,1355409000,52.94
2012-12-14,1355495400,52.84
2012-12-17,1355754600,53.47
2012-12-18,1355841000,54.14
2012-12-19,1355927400,53.88
2012-12-20,1356013800,54.14
2012-12-21,1356100200,53.45
2012-12-24,1356359400,53.27
2012-12-26,1356532200,52.97
2012-12-27,1356618600,52.86
2012-12-28,1356705000,52.32001
2012-12-31,1356964200,53.32001
2013-01-02,1357137000,54.62
2013-01-03,1357223400,54.57001
2013-01-04,1357309800,55.00999
2013-01-07,1357569000,54.8
2013-01-08,1357655400,54.57001
2013-01-09,1357741800,54.75999
2013-01-10,1357828200,55.09
2013-01-11,1357914600,55.11
2013-01-14,1358173800,55.14
2013-01-15,1358260200,55.37
2013-01-16,1358346600,55.28999
2013-01-17,1358433000,55.78
2013-01-18,1358519400,55.94
2013-01-22,1358865000,56.35001
2013-01-23,1358951400,56.28999
2013-01-24,1359037800,56.53999
2013-01-25,1359124200,56.95
2013-01-28,1359383400,56.82001
2013-01-29,1359469800,56.98
2013-01-30,1359556200,56.81
2013-01-31,1359642600,56.78999
2013-02-01,1359729000,57.31
2013-02-04,1359988200,56.74001
2013-02-05,1360074600,57.22
2013-02-06,1360161000,57.41
2013-02-07,1360247400,57.28999
2013-02-08,1360333800,57.57001
2013-02-11,1360593000,57.59
2013-02-12,1360679400,57.78
2013-02-13,1360765800,57.78999
2013-02-14,1360852200,57.92999
2013-02-15,1360938600,57.88
2013-02-19,1361284200,58.28
2013-02-20,1361370600,57.35001
2013-02-21,1361457000,56.82001
2013-02-22,1361543400,57.38
2013-02-25,1361802600,56.24001
2013-02-26,1361889000,56.62
2013-02-27,1361975400,57.41
2013-02-28,1362061800,57.34
2013-03-01,1362148200,57.58
2013-03-04,1362407400,57.8
2013-03-05,1362493800,58.41
2013-03-06,1362580200,58.47
2013-03-07,1362666600,58.64
2013-03-08,1362753000,59.02
2013-03-11,1363008600,59.2
2013-03-12,1363095000,59.19
2013-03-13,1363181400,59.34
2013-03-14,1363267800,59.67999
2013-03-15,1363354200,59.39999
2013-03-18,1363613400,59.00999
2013-03-19,1363699800,58.77
2013-03-20,1363786200,59.27
2013-03-21,1363872600,58.74001
2013-03-22,1363959000,59.03999
2013-03-25,1364218200,58.92
2013-03-26,1364304600,59.35001
2013-03-27,1364391000,59.35001
2013-03-28,1364477400,59.64
2013-04-01,1364823000,59.33
2013-04-02,1364909400,59.33
2013-04-03,1364995800,58.66
2013-04-04,1365082200,58.97
2013-04-05,1365168600,58.75999
2013-04-08,1365427800,59.27
2013-04-09,1365514200,59.49001
2013-04-10,1365600600,60.2
2013-04-11,1365687000,60.5
2013-04-12,1365773400,60.25
2013-04-15,1366032600,58.64999
2013-04-16,1366119000,59.53
2013-04-17,1366205400,58.55
2013-04-18,1366291800,58.27
2013-04-19,1366378200,58.8
2013-04-22,1366637400,59.06
2013-04-23,1366723800,59.67
2013-04-24,1366810200,59.95
2013-04-25,1366896600,60.28
2013-04-26,1366983000,60.08
2013-04-29,1367242200,60.42
2013-04-30,1367328600,60.64999
2013-05-01,1367415000,60.03
2013-05-02,1367501400,60.64999
2013-05-03,1367587800,61.37
2013-05-06,1367847000,61.58
2013-05-07,1367933400,61.97
2013-05-08,1368019800,62.27
2013-05-09,1368106200,62.09
2013-05-10,1368192600,62.48
2013-05-13,1368451800,62.39999
2013-05-14,1368538200,63.13
2013-05-15,1368624600,63.53999
2013-05-16,1368711000,63.14
2013-05-17,1368797400,63.868
2013-05-20,1369056600,63.89999
2013-05-21,1369143000,63.96001
2013-05-22,1369229400,63.17
2013-05-23,1369315800,63.08
2013-05-24,1369402200,62.87
2013-05-28,1369747800,63.31
2013-05-29,1369834200,62.86
2013-05-30,1369920600,63.16
2013-05-31,1370007000,62.28
2013-06-03,1370266200,62.42999
2013-06-04,1370352600,62.14
2013-06-05,1370439000,61.23
2013-06-06,1370525400,61.8
2013-06-07,1370611800,62.67999
2013-06-10,1370871000,62.64999
2013-06-11,1370957400,61.96001
2013-06-12,1371043800,61.35001
2013-06-13,1371130200,62.45
2013-06-14,1371216600,62.12
2013-06-17,1371475800,62.64
2013-06-18,1371562200,63.13
2013-06-19,1371648600,62.21001
2013-06-20,1371735000,60.63
2013-06-21,1371821400,60.5
2013-06-24,1372080600,59.75
2013-06-25,1372167000,60.4399
2013-06-26,1372253400,60.98
2013-06-27,1372339800,61.56
2013-06-28,1372426200,61.27
2013-07-01,1372685400,61.81
2013-07-02,1372771800,61.64999
2013-07-03,1372858200,61.60001
2013-07-05,1373031000,62.3
2013-07-08,1373290200,62.58
2013-07-09,1373376600,63.11
2013-07-10,1373463000,63.2
2013-07-11,1373549400,64.12
2013-07-12,1373635800,64.28
2013-07-15,1373895000,64.42999
2013-07-16,1373981400,64.11
2013-07-17,1374067800,64.25999
2013-07-18,1374154200,64.73
2013-07-19,1374240600,64.85001
2013-07-22,1374499800,64.99001
2013-07-23,1374586200,64.84
2013-07-24,1374672600,64.38
2013-07-25,1374759000,64.72
2013-07-26,1374845400,64.7
2013-07-29,1375104600,64.47
2013-07-30,1375191000,64.60001
2013-07-31,1375277400,64.72
2013-08-01,1375363800,65.67
2013-08-02,1375450200,65.77
2013-08-05,1375709400,65.72
2013-08-06,1375795800,65.31
2013-08-07,1375882200,64.98
2013-08-08,1375968600,65.36
2013-08-09,1376055000,65.28
2013-08-12,1376314200,65.23
2013-08-13,1376400600,65.31
2013-08-14,1376487000,64.97
2013-08-15,1376573400,63.98
2013-08-16,1376659800,63.78999
2013-08-19,1376919000,63.27
2013-08-20,1377005400,63.78
2013-08-21,1377091800,63.34
2013-08-22,1377178200,64
2013-08-23,1377264600,64.22
2013-08-26,1377523800,64.00999
2013-08-27,1377610200,62.81
2013-08-28,1377696600,62.98
2013-08-29,1377783000,63.16
2013-08-30,1377869400,62.83
2013-09-03,1378215000,63.2
2013-09-04,1378301400,63.78999
2013-09-05,1378387800,63.96001
2013-09-06,1378474200,64.02
2013-09-09,1378733400,64.77
2013-09-10,1378819800,65.33
2013-09-11,1378906200,65.52
2013-09-12,1378992600,65.24001
2013-09-13,1379079000,65.45
2013-09-16,1379338200,65.91
2013-09-17,1379424600,66.22
2013-09-18,1379511000,67.03
2013-09-19,1379597400,66.87
2013-09-20,1379683800,66.09
2013-09-23,1379943000,65.75
2013-09-24,1380029400,65.75
2013-09-25,1380115800,65.58
2013-09-26,1380202200,65.8
2013-09-27,1380288600,65.39999
2013-09-30,1380547800,65.2
2013-10-01,1380634200,65.73
2013-10-02,1380720600,65.71001
2013-10-03,1380807000,65.12
2013-10-04,1380893400,65.63
2013-10-07,1381152600,65.05
2013-10-08,1381239000,64.19
2013-10-09,1381325400,64.2
2013-10-10,1381411800,65.64999
2013-10-11,1381498200,66.08
2013-10-14,1381757400,66.28999
2013-10-15,1381843800,65.7
2013-10-16,1381930200,66.63
2013-10-17,1382016600,67.2
2013-10-18,1382103000,67.50999
2013-10-21,1382362200,67.53999
2013-10-22,1382448600,68.00999
2013-10-23,1382535000,67.63
2013-10-24,1382621400,67.82001
2013-10-25,1382707800,68.16
2013-10-28,1382967000,68.17
2013-10-29,1383053400,68.62
2013-10-30,1383139800,68.12
2013-10-31,1383226200,67.99
2013-11-01,1383312600,68.2
2013-11-04,1383575400,68.56
2013-11-05,1383661800,68.3
2013-11-06,1383748200,68.43
2013-11-07,1383834600,67.46
2013-11-08,1383921000,68.33
2013-11-11,1384180200,68.435
2013-11-12,1384266600,68.24
2013-11-13,1384353000,68.895
2013-11-14,1384439400,69.26
2013-11-15,1384525800,69.55
2013-11-18,1384785000,69.17
2013-11-19,1384871400,68.86
2013-11-20,1384957800,68.67
2013-11-21,1385044200,69.265
2013-11-22,1385130600,69.55
2013-11-25,1385389800,69.4
2013-11-26,1385476200,69.46
2013-11-27,1385562600,69.61
2013-11-29,1385735400,69.5
2013-12-02,1385994600,69.35
2013-12-03,1386081000,69.11
2013-12-04,1386167400,69
2013-12-05,1386253800,68.76
2013-12-06,1386340200,69.54
2013-12-09,1386599400,69.61
2013-12-10,1386685800,69.45
2013-12-11,1386772200,68.55
2013-12-12,1386858600,68.41
2013-12-13,1386945000,68.48
2013-12-16,1387204200,68.98
2013-12-17,1387290600,68.9
2013-12-18,1387377000,69.92
2013-12-19,1387463400,69.81
2013-12-20,1387549800,70.12
2013-12-23,1387809000,70.46
2013-12-24,1387895400,70.68
2013-12-26,1388068200,70.92
2013-12-27,1388154600,70.94
2013-12-30,1388413800,71.07
2013-12-31,1388500200,71.25
2014-01-02,1388673000,70.6
2014-01-03,1388759400,70.54
2014-01-06,1389018600,70.32
2014-01-07,1389105000,70.74
2014-01-08,1389191400,70.85
2014-01-09,1389277800,70.93
2014-01-10,1389364200,71.24
2014-01-13,1389623400,70.22
2014-01-14,1389709800,71.03
2014-01-15,1389796200,71.29
2014-01-16,1389882600,71.22
2014-01-17,1389969000,70.98
2014-01-21,1390314600,71.2
2014-01-22,1390401000,71.37
2014-01-23,1390487400,70.67
2014-01-24,1390573800,69.04
2014-01-27,1390833000,68.71
2014-01-28,1390919400,69.33
2014-01-29,1391005800,68.7
2014-01-30,1391092200,69.47
2014-01-31,1391178600,69.14
2014-02-03,1391437800,67.44
2014-02-04,1391524200,68
2014-02-05,1391610600,67.88
2014-02-06,1391697000,68.86
2014-02-07,1391783400,69.71
2014-02-10,1392042600,69.83
2014-02-11,1392129000,70.54
2014-02-12,1392215400,70.63
2014-02-13,1392301800,71.07
2014-02-14,1392388200,71.43
2014-02-18,1392733800,71.69
2014-02-19,1392820200,71.37
2014-02-20,1392906600,71.88
2014-02-21,1392993000,71.92
2014-02-24,1393252200,72.3
2014-02-25,1393338600,72.24
2014-02-26,1393425000,72.33
2014-02-27,1393511400,72.63
2014-02-28,1393597800,72.83
2014-03-03,1393857000,72.32
2014-03-04,1393943400,73.4
2014-03-05,1394029800,73.36
2014-03-06,1394116200,73.55
2014-03-07,1394202600,73.55
2014-03-10,1394458200,73.38
2014-03-11,1394544600,73
2014-03-12,1394631000,73.03
2014-03-13,1394717400,72.2
2014-03-14,1394803800,72.16
2014-03-17,1395063000,72.76
2014-03-18,1395149400,73.32
2014-03-19,1395235800,72.92
2014-03-20,1395322200,73.23
2014-03-21,1395408600,72.84
2014-03-24,1395667800,72.32
2014-03-25,1395754200,72.56
2014-03-26,1395840600,72
2014-03-27,1395927000,71.86
2014-03-28,1396013400,72.33
2014-03-31,1396272600,72.99
2014-04-01,1396359000,73.6
2014-04-02,1396445400,73.89
2014-04-03,1396531800,73.8
2014-04-04,1396618200,72.96
2014-04-07,1396877400,71.99
2014-04-08,1396963800,72.38
2014-04-09,1397050200,73.08
2014-04-10,1397136600,71.55
2014-04-11,1397223000,70.74
2014-04-14,1397482200,71.366
2014-04-15,1397568600,71.82
2014-04-16,1397655000,72.56
2014-04-17,1397741400,72.69
2014-04-21,1398087000,72.88
2014-04-22,1398173400,73.21
2014-04-23,1398259800,73.15
2014-04-24,1398346200,73.25
2014-04-25,1398432600,72.58
2014-04-28,1398691800,72.56
2014-04-29,1398778200,72.88
2014-04-30,1398864600,73.27
2014-05-01,1398951000,73.3
2014-05-02,1399037400,73.25
2014-05-05,1399296600,73.35
2014-05-06,1399383000,72.73
2014-05-07,1399469400,73.17
2014-05-08,1399555800,73.07
2014-05-09,1399642200,73.18
2014-05-12,1399901400,73.99
2014-05-13,1399987800,73.96
2014-05-14,1400074200,73.53
2014-05-15,1400160600,72.9
2014-05-16,1400247000,73.2
2014-05-19,1400506200,73.47
2014-05-20,1400592600,72.83
2014-05-21,1400679000,73.36
2014-05-22,1400765400,73.58
2014-05-23,1400851800,73.96
2014-05-27,1401197400,74.39
2014-05-28,1401283800,74.31
2014-05-29,1401370200,74.75
2014-05-30,1401456600,74.85
2014-06-02,1401715800,74.98
2014-06-03,1401802200,74.96
2014-06-04,1401888600,75.19
2014-06-05,1401975000,75.7
2014-06-06,1402061400,76.1
2014-06-09,1402320600,76.21
2014-06-10,1402407000,76.07
2014-06-11,1402493400,75.8
2014-06-12,1402579800,75.36
2014-06-13,1402666200,75.617
2014-06-16,1402925400,75.75
2014-06-17,1403011800,76.1
2014-06-18,1403098200,76.67
2014-06-19,1403184600,76.78
2014-06-20,1403271000,76.73
2014-06-23,1403530200,76.66
2014-06-24,1403616600,76.11
2014-06-25,1403703000,76.47
2014-06-26,1403789400,76.48
2014-06-27,1403875800,76.68
2014-06-30,1404135000,76.71
2014-07-01,1404221400,77.11
2014-07-02,1404307800,77.06
2014-07-03,1404394200,77.5
2014-07-07,1404739800,77
2014-07-08,1404826200,76.6
2014-07-09,1404912600,76.91
2014-07-10,1404999000,76.55
2014-07-11,1405085400,76.57
2014-07-14,1405344600,76.84
2014-07-15,1405431000,76.65
2014-07-16,1405517400,76.91
2014-07-17,1405603800,75.98
2014-07-18,1405690200,76.72
2014-07-21,1405949400,76.56
2014-07-22,1406035800,76.9
2014-07-23,1406122200,76.93
2014-07-24,1406208600,77.09
2014-07-25,1406295000,76.74
2014-07-28,1406554200,76.75
2014-07-29,1406640600,76.39
2014-07-30,1406727000,76.38
2014-07-31,1406813400,74.92
2014-08-01,1406899800,74.76
2014-08-04,1407159000,75.28
2014-08-05,1407245400,74.59
2014-08-06,1407331800,74.6
2014-08-07,1407418200,74.18
2014-08-08,1407504600,75.17
2014-08-11,1407763800,75.39
2014-08-12,1407850200,75.23
2014-08-13,1407936600,75.73
2014-08-14,1408023000,76.09
2014-08-15,1408109400,76.06
2014-08-18,1408368600,76.73
2014-08-19,1408455000,77.14
2014-08-20,1408541400,77.41
2014-08-21,1408627800,77.54
2014-08-22,1408714200,77.41
2014-08-25,1408973400,77.79
2014-08-26,1409059800,77.86
2014-08-27,1409146200,77.82
2014-08-28,1409232600,77.79
2014-08-29,1409319000,78.07
2014-09-02,1409664600,78.01
2014-09-03,1409751000,78.07
2014-09-04,1409837400,77.97
2014-09-05,1409923800,78.32
2014-09-08,1410183000,78.09
2014-09-09,1410269400,77.53
2014-09-10,1410355800,77.69
2014-09-11,1410442200,77.83
2014-09-12,1410528600,77.27
2014-09-15,1410787800,77.1
2014-09-16,1410874200,77.63
2014-09-17,1410960600,77.7
2014-09-18,1411047000,77.99
2014-09-19,1411133400,77.55
2014-09-22,1411392600,76.83
2014-09-23,1411479000,76.29
2014-09-24,1411565400,76.89
2014-09-25,1411651800,75.75
2014-09-26,1411738200,76.28
2014-09-29,1411997400,76.14
2014-09-30,1412083800,75.79
2014-10-01,1412170200,74.78
2014-10-02,1412256600,74.86
2014-10-03,1412343000,75.6
2014-10-06,1412602200,75.48
2014-10-07,1412688600,74.26
2014-10-08,1412775000,75.5
2014-10-09,1412861400,73.82
2014-10-10,1412947800,72.92
2014-10-13,1413207000,71.68
2014-10-14,1413293400,72.07
2014-10-15,1413379800,71.79
2014-10-16,1413466200,72.02
2014-10-17,1413552600,72.82
2014-10-20,1413811800,73.59
2014-10-21,1413898200,75.12
2014-10-22,1413984600,74.49
2014-10-23,1414071000,75.38
2014-10-24,1414157400,75.92
2014-10-27,1414416600,75.79
2014-10-28,1414503000,76.75
2014-10-29,1414589400,76.59
2014-10-30,1414675800,77.14
2014-10-31,1414762200,78.08
2014-11-03,1415025000,78.1
2014-11-04,1415111400,77.71
2014-11-05,1415197800,78.31
2014-11-06,1415284200,78.66
2014-11-07,1415370600,78.76
2014-11-10,1415629800,78.96
2014-11-11,1415716200,78.98
2014-11-12,1415802600,78.99
2014-11-13,1415889000,78.84
2014-11-14,1415975400,78.88
2014-11-17,1416234600,78.99
2014-11-18,1416321000,79.49
2014-11-19,1416407400,79.32
2014-11-20,1416493800,79.6
2014-11-21,1416580200,80.08
2014-11-24,1416839400,80.36
2014-11-25,1416925800,80.3
2014-11-26,1417012200,80.35
2014-11-28,1417185000,80.16
2014-12-01,1417444200,79.53
2014-12-02,1417530600,79.96
2014-12-03,1417617000,80.44
2014-12-04,1417703400,80.27
2014-12-05,1417789800,80.42
2014-12-08,1418049000,79.82
2014-12-09,1418135400,79.9
2014-12-10,1418221800,78.59
2014-12-11,1418308200,78.99
2014-12-12,1418394600,77.76
2014-12-15,1418653800,77.37
2014-12-16,1418740200,76.89
2014-12-17,1418826600,78.47
2014-12-18,1418913000,80.2
2014-12-19,1418999400,80.24
2014-12-22,1419258600,80.57
2014-12-23,1419345000,80.84
2014-12-24,1419431400,80.85
2014-12-26,1419604200,81.05
2014-12-29,1419863400,81.27
2014-12-30,1419949800,80.79
2014-12-31,1420036200,80.05
2015-01-02,1420209000,80.03
2015-01-05,1420468200,78.44
2015-01-06,1420554600,77.59
2015-01-07,1420641000,78.52
2015-01-08,1420727400,79.9
2015-01-09,1420813800,79.25
2015-01-12,1421073000,78.46
2015-01-13,1421159400,78.26
2015-01-14,1421245800,77.85
2015-01-15,1421332200,77.13
2015-01-16,1421418600,78.19
2015-01-20,1421764200,78.23
2015-01-21,1421850600,78.77
2015-01-22,1421937000,79.87
2015-01-23,1422023400,79.44
2015-01-26,1422282600,79.83
2015-01-27,1422369000,79.19
2015-01-28,1422455400,77.98
2015-01-29,1422541800,78.7
2015-01-30,1422628200,77.712
2015-02-02,1422887400,78.55
2015-02-03,1422973800,80.16
2015-02-04,1423060200,79.71
2015-02-05,1423146600,80.65
2015-02-06,1423233000,80.31
2015-02-09,1423492200,80.03
2015-02-10,1423578600,80.81
2015-02-11,1423665000,80.73
2015-02-12,1423751400,81.59
2015-02-13,1423837800,81.91
2015-02-17,1424183400,82.12
2015-02-18,1424269800,82.2
2015-02-19,1424356200,82.16
2015-02-20,1424442600,82.61
2015-02-23,1424701800,82.51
2015-02-24,1424788200,82.659
2015-02-25,1424874600,82.65
2015-02-26,1424961000,82.31
2015-02-27,1425047400,82.16
2015-03-02,1425306600,82.56
2015-03-03,1425393000,82.25
2015-03-04,1425479400,81.86
2015-03-05,1425565800,82.01
2015-03-06,1425652200,80.78
2015-03-09,1425907800,80.98
2015-03-10,1425994200,79.75
2015-03-11,1426080600,79.75
2015-03-12,1426167000,80.77
2015-03-13,1426253400,80.21
2015-03-16,1426512600,81.31
2015-03-17,1426599000,81.01
2015-03-18,1426685400,82.16
2015-03-19,1426771800,81.68
2015-03-20,1426858200,82.15
2015-03-23,1427117400,82.1
2015-03-24,1427203800,81.61
2015-03-25,1427290200,80.52
2015-03-26,1427376600,80.31
2015-03-27,1427463000,80.66
2015-03-30,1427722200,81.61
2015-03-31,1427808600,81.05
2015-04-01,1427895000,80.84
2015-04-02,1427981400,81.2
2015-04-06,1428327000,81.83
2015-04-07,1428413400,81.53
2015-04-08,1428499800,81.8
2015-04-09,1428586200,82.12
2015-04-10,1428672600,82.34
2015-04-13,1428931800,81.93
2015-04-14,1429018200,82.15
2015-04-15,1429104600,82.66
2015-04-16,1429191000,82.5
2015-04-17,1429277400,81.57
2015-04-20,1429536600,82.21
2015-04-21,1429623000,82.11
2015-04-22,1429709400,82.39
2015-04-23,1429795800,82.65
2015-04-24,1429882200,82.55
2015-04-27,1430141400,82.1
2015-04-28,1430227800,82.33
2015-04-29,1430314200,81.99
2015-04-30,1430400600,81.38
2015-05-01,1430487000,82.21
2015-05-04,1430746200,82.5
2015-05-05,1430832600,81.49
2015-05-06,1430919000,81.21
2015-05-07,1431005400,81.4
2015-05-08,1431091800,82.4
2015-05-11,1431351000,82.07
2015-05-12,1431437400,81.83
2015-05-13,1431523800,81.83
2015-05-14,1431610200,82.5
2015-05-15,1431696600,82.68
2015-05-18,1431955800,82.99
2015-05-19,1432042200,82.81
2015-05-20,1432128600,82.81
2015-05-21,1432215000,83.03
2015-05-22,1432301400,82.89
2015-05-26,1432647000,81.94
2015-05-27,1432733400,82.61
2015-05-28,1432819800,82.46
2015-05-29,1432906200,81.97
2015-06-01,1433165400,82.1
2015-06-02,1433251800,82.11
2015-06-03,1433338200,82.26
2015-06-04,1433424600,81.52
2015-06-05,1433511000,81.51
2015-06-08,1433770200,80.99
2015-06-09,1433856600,80.94
2015-06-10,1433943000,81.86
2015-06-11,1434029400,82.03
2015-06-12,1434115800,81.52
2015-06-15,1434375000,81.14
2015-06-16,1434461400,81.57
2015-06-17,1434547800,81.76
2015-06-18,1434634200,82.5
2015-06-19,1434720600,81.78
2015-06-22,1434979800,82.27
2015-06-23,1435066200,82.21
2015-06-24,1435152600,81.58
2015-06-25,1435239000,81.26
2015-06-26,1435325400,81.35
2015-06-29,1435584600,79.6
2015-06-30,1435671000,79.8
2015-07-01,1435757400,80.3
2015-07-02,1435843800,80.27
2015-07-06,1436189400,79.91
2015-07-07,1436275800,80.57
2015-07-08,1436362200,79.14
2015-07-09,1436448600,79.33
2015-07-10,1436535000,80.19
2015-07-13,1436794200,81
2015-07-14,1436880600,81.24
2015-07-15,1436967000,80.96
2015-07-16,1437053400,81.46
2015-07-17,1437139800,81.05
2015-07-20,1437399000,80.89
2015-07-21,1437485400,80.59
2015-07-22,1437571800,80.61
2015-07-23,1437658200,80.23
2015-07-24,1437744600,79.34
2015-07-27,1438003800,78.86
2015-07-28,1438090200,79.85
2015-07-29,1438176600,80.52
2015-07-30,1438263000,80.56
2015-07-31,1438349400,80.57
2015-08-03,1438608600,80.26
2015-08-04,1438695000,80.17
2015-08-05,1438781400,80.45
2015-08-06,1438867800,79.91
2015-08-07,1438954200,79.77
2015-08-10,1439213400,80.9
2015-08-11,1439299800,80.23
2015-08-12,1439386200,80.37
2015-08-13,1439472600,80.24
2015-08-14,1439559000,80.56
2015-08-17,1439818200,80.97
2015-08-18,1439904600,80.8
2015-08-19,1439991000,80.18
2015-08-20,1440077400,78.52
2015-08-21,1440163800,76.38
2015-08-24,1440423000,73.33
2015-08-25,1440509400,72.27
2015-08-26,1440595800,74.64
2015-08-27,1440682200,76.56
2015-08-28,1440768600,76.73
2015-08-31,1441027800,76.17
2015-09-01,1441114200,74
2015-09-02,1441200600,75.18
2015-09-03,1441287000,75.5
2015-09-04,1441373400,74.35
2015-09-08,1441719000,76.23
2015-09-09,1441805400,75.26
2015-09-10,1441891800,75.53
2015-09-11,1441978200,75.82
2015-09-14,1442237400,75.5
2015-09-15,1442323800,76.4
2015-09-16,1442410200,77.18
2015-09-17,1442496600,77.04
2015-09-18,1442583000,75.37
2015-09-21,1442842200,75.69
2015-09-22,1442928600,74.55
2015-09-23,1443015000,74.24
2015-09-24,1443101400,73.96
2015-09-25,1443187800,74.01
2015-09-28,1443447000,71.96
2015-09-29,1443533400,72.02
2015-09-30,1443619800,73.56
2015-10-01,1443706200,73.4
2015-10-02,1443792600,74.62
2015-10-05,1444051800,76.15
2015-10-06,1444138200,75.93
2015-10-07,1444224600,76.71
2015-10-08,1444311000,77.63
2015-10-09,1444397400,77.61
2015-10-12,1444656600,77.49
2015-10-13,1444743000,76.86
2015-10-14,1444829400,76.59
2015-10-15,1444915800,77.59
2015-10-16,1445002200,77.7
2015-10-19,1445261400,77.59
2015-10-20,1445347800,77.7
2015-10-21,1445434200,77.09
2015-10-22,1445520600,78.28
2015-10-23,1445607000,78.59
2015-10-26,1445866200,78.3
2015-10-27,1445952600,77.92
2015-10-28,1446039000,78.84
2015-10-29,1446125400,78.74
2015-10-30,1446211800,78.7
2015-11-02,1446474600,79.73
2015-11-03,1446561000,79.86
2015-11-04,1446647400,79.59
2015-11-05,1446733800,79.47
2015-11-06,1446820200,79.33
2015-11-09,1447079400,78.57
2015-11-10,1447165800,78.83
2015-11-11,1447252200,78.36
2015-11-12,1447338600,77.17
2015-11-13,1447425000,76.34
2015-11-16,1447684200,77.53
2015-11-17,1447770600,77.36
2015-11-18,1447857000,78.59
2015-11-19,1447943400,78.51
2015-11-20,1448029800,78.79
2015-11-23,1448289000,78.79
2015-11-24,1448375400,79.05
2015-11-25,1448461800,79.1
2015-11-27,1448634600,79.08
2015-11-30,1448893800,78.94
2015-12-01,1448980200,79.67
2015-12-02,1449066600,78.62
2015-12-03,1449153000,77.5
2015-12-04,1449239400,78.73
2015-12-07,1449498600,78.1
2015-12-08,1449585000,77.55
2015-12-09,1449671400,77.01
2015-12-10,1449757800,77.12
2015-12-11,1449844200,75.62
2015-12-14,1450103400,75.73
2015-12-15,1450189800,76.52
2015-12-16,1450276200,77.62
2015-12-17,1450362600,76.31
2015-12-18,1450449000,74.81
2015-12-21,1450708200,75.4
2015-12-22,1450794600,76.23
2015-12-23,1450881000,77.55
2015-12-24,1450967400,77.41
2015-12-28,1451313000,77.05
2015-12-29,1451399400,77.86
2015-12-30,1451485800,77.23
2015-12-31,1451572200,76.64
2016-01-04,1451917800,75.79
2016-01-05,1452004200,75.97
2016-01-06,1452090600,74.58
2016-01-07,1452177000,72.89
2016-01-08,1452263400,72
2016-01-11,1452522600,71.77
2016-01-12,1452609000,72.11
2016-01-13,1452695400,70.3
2016-01-14,1452781800,71.26
2016-01-15,1452868200,69.9
2016-01-19,1453213800,69.69
2016-01-20,1453300200,68.95
2016-01-21,1453386600,69.58
2016-01-22,1453473000,70.95
2016-01-25,1453732200,69.6
2016-01-26,1453818600,70.88
2016-01-27,1453905000,70.34
2016-01-28,1453991400,70.39
2016-01-29,1454077800,72.38
2016-02-01,1454337000,72.35
2016-02-02,1454423400,70.85
2016-02-03,1454509800,71.54
2016-02-04,1454596200,71.95
2016-02-05,1454682600,70.73
2016-02-08,1454941800,69.24
2016-02-09,1455028200,69.03
2016-02-10,1455114600,69.07
2016-02-11,1455201000,68.09
2016-02-12,1455287400,69.57
2016-02-16,1455633000,70.96
2016-02-17,1455719400,72.27
2016-02-18,1455805800,72.12
2016-02-19,1455892200,71.9
2016-02-22,1456151400,73.16
2016-02-23,1456237800,72.29
2016-02-24,1456324200,72.72
2016-02-25,1456410600,73.53
2016-02-26,1456497000,73.66
2016-02-29,1456756200,73.1
2016-03-01,1456842600,74.79
2016-03-02,1456929000,75.33
2016-03-03,1457015400,76.02
2016-03-04,1457101800,76.41
2016-03-07,1457361000,76.78
2016-03-08,1457447400,75.52
2016-03-09,1457533800,75.92
2016-03-10,1457620200,76.03
2016-03-11,1457706600,77.46
2016-03-14,1457962200,77.35
2016-03-15,1458048600,76.91
2016-03-16,1458135000,77.64
2016-03-17,1458221400,78.36
2016-03-18,1458307800,78.32
2016-03-21,1458567000,78.34
2016-03-22,1458653400,78.28
2016-03-23,1458739800,77.48
2016-03-24,1458826200,77.39
2016-03-28,1459171800,77.5
2016-03-29,1459258200,78.29
2016-03-30,1459344600,78.53
2016-03-31,1459431000,78.53
2016-04-01,1459517400,78.84
2016-04-04,1459776600,78.33
2016-04-05,1459863000,77.45
2016-04-06,1459949400,78.27
2016-04-07,1460035800,77.29
2016-04-08,1460122200,77.63
2016-04-11,1460381400,77.54
2016-04-12,1460467800,78.38
2016-04-13,1460554200,79.37
2016-04-14,1460640600,79.21
2016-04-15,1460727000,79.19
2016-04-18,1460986200,79.76
2016-04-19,1461072600,80.11
2016-04-20,1461159000,80.26
2016-04-21,1461245400,79.72
2016-04-22,1461331800,80.22
2016-04-25,1461591000,79.88
2016-04-26,1461677400,80.44
2016-04-27,1461763800,80.96
2016-04-28,1461850200,80
2016-04-29,1461936600,79.51
2016-05-02,1462195800,79.98
2016-05-03,1462282200,79.08
2016-05-04,1462368600,78.57
2016-05-05,1462455000,78.55
2016-05-06,1462541400,78.8
2016-05-09,1462800600,78.77
2016-05-10,1462887000,79.74
2016-05-11,1462973400,78.94
2016-05-12,1463059800,78.92
2016-05-13,1463146200,78.16
2016-05-16,1463405400,78.96
2016-05-17,1463491800,78.42
2016-05-18,1463578200,78.23
2016-05-19,1463664600,78
2016-05-20,1463751000,78.58
2016-05-23,1464010200,78.53
2016-05-24,1464096600,79.54
2016-05-25,1464183000,80.16
2016-05-26,1464269400,80.1
2016-05-27,1464355800,80.56
2016-05-31,1464701400,80.59
2016-06-01,1464787800,80.76
2016-06-02,1464874200,81.11
2016-06-03,1464960600,80.83
2016-06-06,1465219800,81.38
2016-06-07,1465306200,81.68
2016-06-08,1465392600,81.91
2016-06-09,1465479000,81.7
2016-06-10,1465565400,80.61
2016-06-13,1465824600,79.89
2016-06-14,1465911000,79.64
2016-06-15,1465997400,79.65
2016-06-16,1466083800,79.74
2016-06-17,1466170200,79.69
2016-06-20,1466429400,80.35
2016-06-21,1466515800,80.4
2016-06-22,1466602200,80.32
2016-06-23,1466688600,81.49
2016-06-24,1466775000,78.18
2016-06-27,1467034200,76.14
2016-06-28,1467120600,77.63
2016-06-29,1467207000,79.12
2016-06-30,1467293400,80.35
2016-07-01,1467379800,80.6
2016-07-05,1467725400,79.63
2016-07-06,1467811800,80.11
2016-07-07,1467898200,80.1
2016-07-08,1467984600,81.6
2016-07-11,1468243800,81.92
2016-07-12,1468330200,82.89
2016-07-13,1468416600,82.84
2016-07-14,1468503000,83.19
2016-07-15,1468589400,83.14
2016-07-18,1468848600,83.29
2016-07-19,1468935000,83.07
2016-07-20,1469021400,83.48
2016-07-21,1469107800,83.17
2016-07-22,1469194200,83.7
2016-07-25,1469453400,83.51
2016-07-26,1469539800,83.88
2016-07-27,1469626200,83.44
2016-07-28,1469712600,83.6
2016-07-29,1469799000,83.68
2016-08-01,1470058200,83.37
2016-08-02,1470144600,82.52
2016-08-03,1470231000,82.99
2016-08-04,1470317400,83.04
2016-08-05,1470403800,83.73
2016-08-08,1470663000,83.79
2016-08-09,1470749400,83.66
2016-08-10,1470835800,83.44
2016-08-11,1470922200,84.06
2016-08-12,1471008600,83.98
2016-08-15,1471267800,84.38
2016-08-16,1471354200,83.9
2016-08-17,1471440600,83.96
2016-08-18,1471527000,84.41
2016-08-19,1471613400,84.44
2016-08-22,1471872600,84.34
2016-08-23,1471959000,84.71
2016-08-24,1472045400,84.12
2016-08-25,1472131800,84.11
2016-08-26,1472218200,83.85
2016-08-29,1472477400,84.32
2016-08-30,1472563800,84.19
2016-08-31,1472650200,83.81
2016-09-01,1472736600,83.79
2016-09-02,1472823000,84.21
2016-09-06,1473168600,84.35
2016-09-07,1473255000,84.59
2016-09-08,1473341400,84.45
2016-09-09,1473427800,82.17
2016-09-12,1473687000,83.33
2016-09-13,1473773400,81.93
2016-09-14,1473859800,81.81
2016-09-15,1473946200,82.63
2016-09-16,1474032600,81.97
2016-09-19,1474291800,82.16
2016-09-20,1474378200,81.96
2016-09-21,1474464600,83.07
2016-09-22,1474551000,83.72
2016-09-23,1474637400,83.3
2016-09-26,1474896600,82.66
2016-09-27,1474983000,83.03
2016-09-28,1475069400,83.61
2016-09-29,1475155800,82.91
2016-09-30,1475242200,83.59
2016-10-03,1475501400,83.24
2016-10-04,1475587800,82.73
2016-10-05,1475674200,83.22
2016-10-06,1475760600,83.26
2016-10-07,1475847000,82.81
2016-10-10,1476106200,83.18
2016-10-11,1476192600,81.94
2016-10-12,1476279000,82.05
2016-10-13,1476365400,81.75
2016-10-14,1476451800,81.69
2016-10-17,1476711000,81.41
2016-10-18,1476797400,81.97
2016-10-19,1476883800,82.37
2016-10-20,1476970200,82.21
2016-10-21,1477056600,82.16
2016-10-24,1477315800,82.42
2016-10-25,1477402200,81.95
2016-10-26,1477488600,81.91
2016-10-27,1477575000,81.43
2016-10-28,1477661400,81.42
2016-10-31,1477920600,81.55
2016-11-01,1478007000,80.88
2016-11-02,1478093400,80.3
2016-11-03,1478179800,80.04
2016-11-04,1478266200,80.05
2016-11-07,1478529000,81.78
2016-11-08,1478615400,82.09
2016-11-09,1478701800,83.06
2016-11-10,1478788200,83.67
2016-11-11,1478874600,83.67
2016-11-14,1479133800,84.37
2016-11-15,1479220200,84.99
2016-11-16,1479306600,84.62
2016-11-17,1479393000,85.07
2016-11-18,1479479400,84.87
2016-11-21,1479738600,85.54
2016-11-22,1479825000,85.8
2016-11-23,1479911400,86.01
2016-11-25,1480084200,86.32
2016-11-28,1480343400,85.74
2016-11-29,1480429800,85.8
2016-11-30,1480516200,85.82
2016-12-01,1480602600,85.56
2016-12-02,1480689000,85.58
2016-12-05,1480948200,86.22
2016-12-06,1481034600,86.66
2016-12-07,1481121000,87.9
2016-12-08,1481207400,88.26
2016-12-09,1481293800,88.51
2016-12-12,1481553000,88.05
2016-12-13,1481639400,88.42
2016-12-14,1481725800,87.5
2016-12-15,1481812200,87.81
2016-12-16,1481898600,87.42
2016-12-19,1482157800,87.55
2016-12-20,1482244200,87.84
2016-12-21,1482330600,87.64
2016-12-22,1482417000,87.29
2016-12-23,1482503400,87.47
2016-12-27,1482849000,87.76
2016-12-28,1482935400,86.86
2016-12-29,1483021800,86.89
2016-12-30,1483108200,86.64
2017-01-03,1483453800,87.33
2017-01-04,1483540200,88.18
2017-01-05,1483626600,87.94
2017-01-06,1483713000,88.18
2017-01-09,1483972200,87.7
2017-01-10,1484058600,87.78
2017-01-11,1484145000,88.01
2017-01-12,1484231400,87.87
2017-01-13,1484317800,88.05
2017-01-17,1484663400,87.82
2017-01-18,1484749800,88.08
2017-01-19,1484836200,87.64
2017-01-20,1484922600,87.97
2017-01-23,1485181800,87.71
2017-01-24,1485268200,88.58
2017-01-25,1485354600,89.25
2017-01-26,1485441000,89.01
2017-01-27,1485527400,88.74
2017-01-30,1485786600,88.24
2017-01-31,1485873000,88.38
2017-02-01,1485959400,88.16
2017-02-02,1486045800,88.35
2017-02-03,1486132200,88.96
2017-02-06,1486391400,88.72
2017-02-07,1486477800,88.63
2017-02-08,1486564200,88.82
2017-02-09,1486650600,89.37
2017-02-10,1486737000,89.87
2017-02-13,1486996200,90.27
2017-02-14,1487082600,90.51
2017-02-15,1487169000,90.95
2017-02-16,1487255400,90.72
2017-02-17,1487341800,90.9
2017-02-21,1487687400,91.54
2017-02-22,1487773800,91.32
2017-02-23,1487860200,91.16
2017-02-24,1487946600,91.41
2017-02-27,1488205800,91.62
2017-02-28,1488292200,91.15
2017-03-01,1488378600,92.27
2017-03-02,1488465000,91.67
2017-03-03,1488551400,91.66
2017-03-06,1488810600,91.25
2017-03-07,1488897000,90.84
2017-03-08,1488983400,90.63
2017-03-09,1489069800,90.55
2017-03-10,1489156200,90.91
2017-03-13,1489411800,91.09
2017-03-14,1489498200,90.66
2017-03-15,1489584600,91.65
2017-03-16,1489671000,91.44
2017-03-17,1489757400,91.06
2017-03-20,1490016600,90.8182
2017-03-21,1490103000,89.61
2017-03-22,1490189400,89.77
2017-03-23,1490275800,89.81
2017-03-24,1490362200,89.81
2017-03-27,1490621400,89.65
2017-03-28,1490707800,90.39
2017-03-29,1490794200,90.7
2017-03-30,1490880600,90.88
2017-03-31,1490967000,90.82
2017-04-03,1491226200,90.46
2017-04-04,1491312600,90.35
2017-04-05,1491399000,90.1
2017-04-06,1491485400,90.58
2017-04-07,1491571800,90.5
2017-04-10,1491831000,90.71
2017-04-11,1491917400,90.74
2017-04-12,1492003800,90.18
2017-04-13,1492090200,89.55
2017-04-17,1492435800,90.28
2017-04-18,1492522200,90.02
2017-04-19,1492608600,90.05
2017-04-20,1492695000,90.79
2017-04-21,1492781400,90.5
2017-04-24,1493040600,91.39
2017-04-25,1493127000,91.87
2017-04-26,1493213400,91.89
2017-04-27,1493299800,91.85
2017-04-28,1493386200,91.42
2017-05-01,1493645400,91.38
2017-05-02,1493731800,91.46
2017-05-03,1493818200,91.17
2017-05-04,1493904600,91.25
2017-05-05,1493991000,91.85
2017-05-08,1494250200,91.64
2017-05-09,1494336600,91.58
2017-05-10,1494423000,91.93
2017-05-11,1494509400,91.55
2017-05-12,1494595800,91.14
2017-05-15,1494855000,91.69
2017-05-16,1494941400,91.45
2017-05-17,1495027800,90.04
2017-05-18,1495114200,90.24
2017-05-19,1495200600,90.97
2017-05-22,1495459800,91.44
2017-05-23,1495546200,91.46
2017-05-24,1495632600,91.66
2017-05-25,1495719000,92.03
2017-05-26,1495805400,92.01
2017-05-30,1496151000,91.84
2017-05-31,1496237400,91.93
2017-06-01,1496323800,92.88
2017-06-02,1496410200,93.01
2017-06-05,1496669400,92.81
2017-06-06,1496755800,92.44
2017-06-07,1496842200,92.53
2017-06-08,1496928600,92.6
2017-06-09,1497015000,92.88
2017-06-12,1497274200,93
2017-06-13,1497360600,93.59
2017-06-14,1497447000,93.38
2017-06-15,1497533400,93.18
2017-06-16,1497619800,92.88
2017-06-19,1497879000,93.46
2017-06-20,1497965400,92.7
2017-06-21,1498051800,92.44
2017-06-22,1498138200,92.47
2017-06-23,1498224600,92.68
2017-06-26,1498483800,92.95
2017-06-27,1498570200,92.33
2017-06-28,1498656600,93.05
2017-06-29,1498743000,92.39
2017-06-30,1498829400,92.68
2017-07-03,1499088600,93.07
2017-07-05,1499261400,92.93
2017-07-06,1499347800,91.91
2017-07-07,1499434200,92.5
2017-07-10,1499693400,92.52
2017-07-11,1499779800,92.44
2017-07-12,1499866200,93.08
2017-07-13,1499952600,93.35
2017-07-14,1500039000,93.76
2017-07-17,1500298200,93.87
2017-07-18,1500384600,93.67
2017-07-19,1500471000,94.34
2017-07-20,1500557400,94.29
2017-07-21,1500643800,94.31
2017-07-24,1500903000,94.24
2017-07-25,1500989400,94.61
2017-07-26,1501075800,94.42
2017-07-27,1501162200,94.32
2017-07-28,1501248600,94.2
2017-07-31,1501507800,94.16
2017-08-01,1501594200,94.26
2017-08-02,1501680600,93.96
2017-08-03,1501767000,93.72
2017-08-04,1501853400,93.86
2017-08-07,1502112600,93.96
2017-08-08,1502199000,93.73
2017-08-09,1502285400,93.6
2017-08-10,1502371800,92.26
2017-08-11,1502458200,92.28
2017-08-14,1502717400,93.15
2017-08-15,1502803800,92.98
2017-08-16,1502890200,93.22
2017-08-17,1502976600,91.79
2017-08-18,1503063000,91.58
2017-08-21,1503322200,91.66
2017-08-22,1503408600,92.53
2017-08-23,1503495000,92.26
2017-08-24,1503581400,92.14
2017-08-25,1503667800,92.46
2017-08-28,1503927000,92.35
2017-08-29,1504013400,92.26
2017-08-30,1504099800,92.7
2017-08-31,1504186200,93.22
2017-09-01,1504272600,93.6
2017-09-05,1504618200,92.96
2017-09-06,1504704600,93.29
2017-09-07,1504791000,93.25
2017-09-08,1504877400,93.33
2017-09-11,1505136600,94.27
2017-09-12,1505223000,94.64
2017-09-13,1505309400,94.65
2017-09-14,1505395800,94.64
2017-09-15,1505482200,94.37
2017-09-18,1505741400,94.52
2017-09-19,1505827800,94.39
2017-09-20,1505914200,94.55
2017-09-21,1506000600,94.35
2017-09-22,1506087000,94.55
2017-09-25,1506346200,94.66
2017-09-26,1506432600,94.77
2017-09-27,1506519000,95.15
2017-09-28,1506605400,95.21
2017-09-29,1506691800,95.54
2017-10-02,1506951000,95.95
2017-10-03,1507037400,96.11
2017-10-04,1507123800,96.31
2017-10-05,1507210200,96.69
2017-10-06,1507296600,96.49
2017-10-09,1507555800,96.15
2017-10-10,1507642200,96.39
2017-10-11,1507728600,96.41
2017-10-12,1507815000,96.44
2017-10-13,1507901400,96.54
2017-10-16,1508160600,96.57
2017-10-17,1508247000,96.56
2017-10-18,1508333400,96.64
2017-10-19,1508419800,96.76
2017-10-20,1508506200,97.41
2017-10-23,1508765400,97.08
2017-10-24,1508851800,97.18
2017-10-25,1508938200,96.53
2017-10-26,1509024600,96.72
2017-10-27,1509111000,96.87
2017-10-30,1509370200,96.4
2017-10-31,1509456600,96.58
2017-11-01,1509543000,96.61
2017-11-02,1509629400,96.59
2017-11-03,1509715800,96.73
2017-11-06,1509978600,97.13
2017-11-07,1510065000,96.98
2017-11-08,1510151400,97.1
2017-11-09,1510237800,96.84
2017-11-10,1510324200,96.9
2017-11-13,1510583400,97.05
2017-11-14,1510669800,97
2017-11-15,1510756200,96.47
2017-11-16,1510842600,97.3
2017-11-17,1510929000,97.47
2017-11-20,1511188200,97.62
2017-11-21,1511274600,97.98
2017-11-22,1511361000,97.94
2017-11-24,1511533800,97.99
2017-11-27,1511793000,97.89
2017-11-28,1511879400,99.02
2017-11-29,1511965800,99.48
2017-11-30,1512052200,100.25
2017-12-01,1512138600,100.05
2017-12-04,1512397800,100.26
2017-12-05,1512484200,99.62
2017-12-06,1512570600,99.44
2017-12-07,1512657000,99.89
2017-12-08,1512743400,100.51
2017-12-11,1513002600,100.6
2017-12-12,1513089000,100.61
2017-12-13,1513175400,100.52
2017-12-14,1513261800,99.91
2017-12-15,1513348200,100.34
2017-12-18,1513607400,101.1
2017-12-19,1513693800,100.76
2017-12-20,1513780200,100.77
2017-12-21,1513866600,100.97
2017-12-22,1513953000,101.07
2017-12-26,1514298600,101.19
2017-12-27,1514385000,101.19
2017-12-28,1514471400,101.44
2017-12-29,1514557800,101.03
2018-01-02,1514903400,101.78
2018-01-03,1514989800,102.3
2018-01-04,1515076200,102.65
2018-01-05,1515162600,103.14
2018-01-08,1515421800,103.48
2018-01-09,1515508200,103.53
2018-01-10,1515594600,103.22
2018-01-11,1515681000,104.21
2018-01-12,1515767400,104.88
2018-01-16,1516113000,104.17
2018-01-17,1516199400,105.04
2018-01-18,1516285800,104.75
2018-01-19,1516372200,105.44
2018-01-22,1516631400,106.19
2018-01-23,1516717800,106.48
2018-01-24,1516804200,106.53
2018-01-25,1516890600,106.44
2018-01-26,1516977000,107.43
2018-01-29,1517236200,106.66
2018-01-30,1517322600,105.48
2018-01-31,1517409000,105.46
2018-02-01,1517495400,105.21
2018-02-02,1517581800,103.05
2018-02-05,1517841000,99.23
2018-02-06,1517927400,100.59
2018-02-07,1518013800,100.32
2018-02-08,1518100200,96.79
2018-02-09,1518186600,98.12
2018-02-12,1518445800,99.33
2018-02-13,1518532200,99.57
2018-02-14,1518618600,101.08
2018-02-15,1518705000,102.13
2018-02-16,1518791400,102.18
2018-02-20,1519137000,101.53
2018-02-21,1519223400,100.92
2018-02-22,1519309800,100.97
2018-02-23,1519396200,102.51
2018-02-26,1519655400,103.28
2018-02-27,1519741800,101.94
2018-02-28,1519828200,100.83
2018-03-01,1519914600,99.75
2018-03-02,1520001000,100.41
2018-03-05,1520260200,101.62
2018-03-06,1520346600,102.07
2018-03-07,1520433000,101.98
2018-03-08,1520519400,102.33
2018-03-09,1520605800,103.92
2018-03-12,1520861400,103.78
2018-03-13,1520947800,103.34
2018-03-14,1521034200,102.72
2018-03-15,1521120600,102.45
2018-03-16,1521207000,102.44
2018-03-19,1521466200,101.29
2018-03-20,1521552600,101.4
2018-03-21,1521639000,101.43
2018-03-22,1521725400,99.18
2018-03-23,1521811800,97.29
2018-03-26,1522071000,99.53
2018-03-27,1522157400,98.35
2018-03-28,1522243800,98.23
2018-03-29,1522330200,99.48
2018-04-02,1522675800,97.3
2018-04-03,1522762200,98.47
2018-04-04,1522848600,99.62
2018-04-05,1522935000,100.26
2018-04-06,1523021400,98.14
2018-04-09,1523280600,98.34
2018-04-10,1523367000,99.74
2018-04-11,1523453400,99.39
2018-04-12,1523539800,99.86
2018-04-13,1523626200,99.65
2018-04-16,1523885400,100.61
2018-04-17,1523971800,101.43
2018-04-18,1524058200,101.7
2018-04-19,1524144600,100.99
2018-04-20,1524231000,100.28
2018-04-23,1524490200,100.41
2018-04-24,1524576600,99.45
2018-04-25,1524663000,99.73
2018-04-26,1524749400,100.5
2018-04-27,1524835800,100.77
2018-04-30,1525095000,99.85
2018-05-01,1525181400,99.89
2018-05-02,1525267800,99.06
2018-05-03,1525354200,98.73
2018-05-04,1525440600,99.83
2018-05-07,1525699800,100
2018-05-08,1525786200,99.93
2018-05-09,1525872600,100.74
2018-05-10,1525959000,101.62
2018-05-11,1526045400,101.72
2018-05-14,1526304600,101.76
2018-05-15,1526391000,101.25
2018-05-16,1526477400,101.81
2018-05-17,1526563800,101.94
2018-05-18,1526650200,101.73
2018-05-21,1526909400,102.39
2018-05-22,1526995800,102
2018-05-23,1527082200,102.19
2018-05-24,1527168600,102.17
2018-05-25,1527255000,101.95
2018-05-29,1527600600,100.87
2018-05-30,1527687000,102.21
2018-05-31,1527773400,101.3
2018-06-01,1527859800,102.16
2018-06-04,1528119000,102.51
2018-06-05,1528205400,102.7
2018-06-06,1528291800,103.48
2018-06-07,1528378200,103.53
2018-06-08,1528464600,104.02
2018-06-11,1528723800,104.24
2018-06-12,1528810200,104.54
2018-06-13,1528896600,104.02
2018-06-14,1528983000,104.29
2018-06-15,1529069400,103.89
2018-06-18,1529328600,103.7
2018-06-19,1529415000,103.28
2018-06-20,1529501400,103.57
2018-06-21,1529587800,102.97
2018-06-22,1529674200,103.24
2018-06-25,1529933400,102.11
2018-06-26,1530019800,102.21
2018-06-27,1530106200,101.3
2018-06-28,1530192600,101.71
2018-06-29,1530279000,101.89
2018-07-02,1530538200,101.85
2018-07-03,1530624600,101.8
2018-07-05,1530797400,102.56
2018-07-06,1530883800,103.34
2018-07-09,1531143000,104.13
2018-07-10,1531229400,104.4
2018-07-11,1531315800,103.58
2018-07-12,1531402200,104.16
2018-07-13,1531488600,104.26
2018-07-16,1531747800,103.95
2018-07-17,1531834200,104.28
2018-07-18,1531920600,104.52
2018-07-19,1532007000,104.5
2018-07-20,1532093400,104.16
2018-07-23,1532352600,104.17
2018-07-24,1532439000,104.12
2018-07-25,1532525400,105.04
2018-07-26,1532611800,105.41
2018-07-27,1532698200,104.79
2018-07-30,1532957400,104.34
2018-07-31,1533043800,105.05
2018-08-01,1533130200,104.37
2018-08-02,1533216600,104.79
2018-08-03,1533303000,105.32
2018-08-06,1533562200,105.57
2018-08-07,1533648600,105.78
2018-08-08,1533735000,105.59
2018-08-09,1533821400,105.47
2018-08-10,1533907800,104.76
2018-08-13,1534167000,104.22
2018-08-14,1534253400,105.1
2018-08-15,1534339800,104.4
2018-08-16,1534426200,105.23
2018-08-17,1534512600,105.79
2018-08-20,1534771800,106.29
2018-08-21,1534858200,106.56
2018-08-22,1534944600,106.33
2018-08-23,1535031000,106.07
2018-08-24,1535117400,106.64
2018-08-27,1535376600,107.24
2018-08-28,1535463000,107.34
2018-08-29,1535549400,107.76
2018-08-30,1535635800,107.07
2018-08-31,1535722200,107.11
2018-09-04,1536067800,107.01
2018-09-05,1536154200,107.06
2018-09-06,1536240600,106.86
2018-09-07,1536327000,106.48
2018-09-10,1536586200,106.88
2018-09-11,1536672600,106.96
2018-09-12,1536759000,107.15
2018-09-13,1536845400,107.6
2018-09-14,1536931800,107.74
2018-09-17,1537191000,107.38
2018-09-18,1537277400,107.88
2018-09-19,1537363800,107.83
2018-09-20,1537450200,108.51
2018-09-21,1537536600,108.58
2018-09-24,1537795800,107.33
2018-09-25,1537882200,107.04
2018-09-26,1537968600,106.63
2018-09-27,1538055000,106.64
2018-09-28,1538141400,106.81
2018-10-01,1538400600,106.81
2018-10-02,1538487000,106.66
2018-10-03,1538573400,106.67
2018-10-04,1538659800,105.93
2018-10-05,1538746200,105.41
2018-10-08,1539005400,105.54
2018-10-09,1539091800,105.04
2018-10-10,1539178200,102.03
2018-10-11,1539264600,99.77
2018-10-12,1539351000,100.64
2018-10-15,1539610200,100.6
2018-10-16,1539696600,102.62
2018-10-17,1539783000,102.41
2018-10-18,1539869400,101.1
2018-10-19,1539955800,100.8
2018-10-22,1540215000,100.13
2018-10-23,1540301400,99.49
2018-10-24,1540387800,96.85
2018-10-25,1540474200,98.12
2018-10-26,1540560600,96.59
2018-10-29,1540819800,96.63
2018-10-30,1540906200,98.5
2018-10-31,1540992600,99.07
2018-11-01,1541079000,100.51
2018-11-02,1541165400,100.15
2018-11-05,1541428200,100.9
2018-11-06,1541514600,101.6
2018-11-07,1541601000,103.16
2018-11-08,1541687400,103.08
2018-11-09,1541773800,102.17
2018-11-12,1542033000,100.61
2018-11-13,1542119400,100.57
2018-11-14,1542205800,99.93
2018-11-15,1542292200,100.78
2018-11-16,1542378600,101.1
2018-11-19,1542637800,99.78
2018-11-20,1542724200,98.03
2018-11-21,1542810600,98.64
2018-11-23,1542983400,98.35
2018-11-26,1543242600,99.68
2018-11-27,1543329000,99.73
2018-11-28,1543415400,101.55
2018-11-29,1543501800,101.25
2018-11-30,1543588200,101.66
2018-12-03,1543847400,102.89
2018-12-04,1543933800,99.8
2018-12-06,1544106600,99.5
2018-12-07,1544193000,97.34
2018-12-10,1544452200,97.16
2018-12-11,1544538600,97.09
2018-12-12,1544625000,97.58
2018-12-13,1544711400,97.12
2018-12-14,1544797800,95.74
2018-12-17,1545057000,93.67
2018-12-18,1545143400,93.54
2018-12-19,1545229800,92.07
2018-12-20,1545316200,90.62
2018-12-21,1545402600,89.01
2018-12-24,1545661800,86.19
2018-12-26,1545834600,90.09
2018-12-27,1545921000,90.9
2018-12-28,1546007400,90.67
2018-12-31,1546266600,91.4
2019-01-02,1546439400,91.45
2019-01-03,1546525800,89.68
2019-01-04,1546612200,92.66
2019-01-07,1546871400,93.63
2019-01-08,1546957800,94.64
2019-01-09,1547044200,95.31
2019-01-10,1547130600,95.89
2019-01-11,1547217000,95.96
2019-01-14,1547476200,95.44
2019-01-15,1547562600,96.17
2019-01-16,1547649000,96.41
2019-01-17,1547735400,97.31
2019-01-18,1547821800,98.79
2019-01-22,1548167400,97.47
2019-01-23,1548253800,97.39
2019-01-24,1548340200,97.84
2019-01-25,1548426600,98.88
2019-01-28,1548685800,98.49
2019-01-29,1548772200,98.66
2019-01-30,1548858600,99.71
2019-01-31,1548945000,100.37
2019-02-01,1549031400,100.62
2019-02-04,1549290600,101.17
2019-02-05,1549377000,101.56
2019-02-06,1549463400,101.47
2019-02-07,1549549800,100.74
2019-02-08,1549636200,100.93
2019-02-11,1549895400,101.21
2019-02-12,1549981800,102.46
2019-02-13,1550068200,102.91
2019-02-14,1550154600,102.67
2019-02-15,1550241000,103.82
2019-02-19,1550586600,104.01
2019-02-20,1550673000,104.38
2019-02-21,1550759400,103.98
2019-02-22,1550845800,104.53
2019-02-25,1551105000,104.55
2019-02-26,1551191400,104.27
2019-02-27,1551277800,104.3
2019-02-28,1551364200,104.05
2019-03-01,1551450600,104.75
2019-03-04,1551709800,104.25
2019-03-05,1551796200,103.93
2019-03-06,1551882600,103.02
2019-03-07,1551969000,102.22
2019-03-08,1552055400,101.9
2019-03-11,1552311000,103.22
2019-03-12,1552397400,103.56
2019-03-13,1552483800,104.18
2019-03-14,1552570200,104.03
2019-03-15,1552656600,104.41
2019-03-18,1552915800,104.42
2019-03-19,1553002200,104.24
2019-03-20,1553088600,103.51
2019-03-21,1553175000,104.84
2019-03-22,1553261400,102.69
2019-03-25,1553520600,102.72
2019-03-26,1553607000,103.58
2019-03-27,1553693400,103.24
2019-03-28,1553779800,103.82
2019-03-29,1553866200,104.44
2019-04-01,1554125400,105.77
2019-04-02,1554211800,105.69
2019-04-03,1554298200,105.98
2019-04-04,1554384600,106.33
2019-04-05,1554471000,107.02
2019-04-08,1554730200,107.09
2019-04-09,1554816600,106.25
2019-04-10,1554903000,106.77
2019-04-11,1554989400,106.91
2019-04-12,1555075800,107.77
2019-04-15,1555335000,107.47
2019-04-16,1555421400,107.51
2019-04-17,1555507800,106.88
2019-04-18,1555594200,107.13
2019-04-22,1555939800,106.86
2019-04-23,1556026200,107.85
2019-04-24,1556112600,107.82
2019-04-25,1556199000,107.19
2019-04-26,1556285400,107.84
2019-04-29,1556544600,107.83
2019-04-30,1556631000,108.19
2019-05-01,1556717400,107.1
2019-05-02,1556803800,107.11
2019-05-03,1556890200,108.07
2019-05-06,1557149400,107.56
2019-05-07,1557235800,105.83
2019-05-08,1557322200,105.66
2019-05-09,1557408600,105.53
2019-05-10,1557495000,105.99
2019-05-13,1557754200,103.35
2019-05-14,1557840600,104.37
2019-05-15,1557927000,104.7
2019-05-16,1558013400,105.41
2019-05-17,1558099800,104.71
2019-05-20,1558359000,104.05
2019-05-21,1558445400,105.17
2019-05-22,1558531800,104.64
2019-05-23,1558618200,103.33
2019-05-24,1558704600,103.52
2019-05-28,1559050200,102.39
2019-05-29,1559136600,101.69
2019-05-30,1559223000,101.85
2019-05-31,1559309400,100.69
2019-06-03,1559568600,101.27
2019-06-04,1559655000,103.54
2019-06-05,1559741400,104.36
2019-06-06,1559827800,104.88
2019-06-07,1559914200,105.56
2019-06-10,1560173400,105.89
2019-06-11,1560259800,105.78
2019-06-12,1560346200,105.65
2019-06-13,1560432600,106.27
2019-06-14,1560519000,105.98
2019-06-17,1560778200,105.81
2019-06-18,1560864600,106.85
2019-06-19,1560951000,107.24
2019-06-20,1561037400,108.18
2019-06-21,1561123800,107.93
2019-06-24,1561383000,106.98
2019-06-25,1561469400,106.33
2019-06-26,1561555800,106.15
2019-06-27,1561642200,106.82
2019-06-28,1561728600,107.8
2019-07-01,1561987800,108.57
2019-07-02,1562074200,108.45
2019-07-03,1562160600,109.44
2019-07-05,1562333400,109.3
2019-07-08,1562592600,108.7
2019-07-09,1562679000,108.66
2019-07-10,1562765400,108.78
2019-07-11,1562851800,109
2019-07-12,1562938200,109.74
2019-07-15,1563197400,109.65
2019-07-16,1563283800,109.43
2019-07-17,1563370200,108.52
2019-07-18,1563456600,108.94
2019-07-19,1563543000,108.48
2019-07-22,1563802200,108.51
2019-07-23,1563888600,109.45
2019-07-24,1563975000,110.18
2019-07-25,1564061400,109.47
2019-07-26,1564147800,110.02
2019-07-29,1564407000,109.7
2019-07-30,1564493400,109.8
2019-07-31,1564579800,108.71
2019-08-01,1564666200,107.32
2019-08-02,1564752600,106.46
2019-08-05,1565011800,103.44
2019-08-06,1565098200,104.59
2019-08-07,1565184600,104.73
2019-08-08,1565271000,106.62
2019-08-09,1565357400,105.64
2019-08-12,1565616600,104.29
2019-08-13,1565703000,105.64
2019-08-14,1565789400,102.4
2019-08-15,1565875800,102.43
2019-08-16,1565962200,104.09
2019-08-19,1566221400,105.29
2019-08-20,1566307800,104.44
2019-08-21,1566394200,105.29
2019-08-22,1566480600,105.36
2019-08-23,1566567000,102.51
2019-08-26,1566826200,103.41
2019-08-27,1566912600,102.83
2019-08-28,1566999000,103.72
2019-08-29,1567085400,105.12
2019-08-30,1567171800,105.16
2019-09-03,1567517400,104.57
2019-09-04,1567603800,105.81
2019-09-05,1567690200,107.36
2019-09-06,1567776600,107.62
2019-09-09,1568035800,108.21
2019-09-10,1568122200,108.71
2019-09-11,1568208600,109.54
2019-09-12,1568295000,109.67
2019-09-13,1568381400,109.69
2019-09-16,1568640600,109.77
2019-09-17,1568727000,109.79
2019-09-18,1568813400,109.67
2019-09-19,1568899800,109.37
2019-09-20,1568986200,108.88
2019-09-23,1569245400,108.48
2019-09-24,1569331800,107.6
2019-09-25,1569418200,108.21
2019-09-26,1569504600,107.95
2019-09-27,1569591000,107.57
2019-09-30,1569850200,108.08
2019-10-01,1569936600,106.4
2019-10-02,1570023000,104.39
2019-10-03,1570109400,105.15
2019-10-04,1570195800,106.32
2019-10-07,1570455000,105.75
2019-10-08,1570541400,103.92
2019-10-09,1570627800,104.84
2019-10-10,1570714200,105.63
2019-10-11,1570800600,107.07
2019-10-14,1571059800,106.83
2019-10-15,1571146200,107.74
2019-10-16,1571232600,107.56
2019-10-17,1571319000,107.97
2019-10-18,1571405400,107.84
2019-10-21,1571664600,108.66
2019-10-22,1571751000,108.67
2019-10-23,1571837400,108.98
2019-10-24,1571923800,109.03
2019-10-25,1572010200,109.43
2019-10-28,1572269400,109.77
2019-10-29,1572355800,109.97
2019-10-30,1572442200,109.98
2019-10-31,1572528600,109.41
2019-11-01,1572615000,110.76
2019-11-04,1572877800,111.4
2019-11-05,1572964200,111.4
2019-11-06,1573050600,111.28
2019-11-07,1573137000,111.55
2019-11-08,1573223400,111.81
2019-11-11,1573482600,111.51
2019-11-12,1573569000,111.57
2019-11-13,1573655400,111.49
2019-11-14,1573741800,111.74
2019-11-15,1573828200,112.56
2019-11-18,1574087400,112.42
2019-11-19,1574173800,112.33
2019-11-20,1574260200,111.9
2019-11-21,1574346600,111.67
2019-11-22,1574433000,112
2019-11-25,1574692200,113.01
2019-11-26,1574778600,113.14
2019-11-27,1574865000,113.62
2019-11-29,1575037800,113.13
2019-12-02,1575297000,112.18
2019-12-03,1575383400,111.27
2019-12-04,1575469800,112.08
2019-12-05,1575556200,112.27
2019-12-06,1575642600,113.31
2019-12-09,1575901800,112.96
2019-12-10,1575988200,112.84
2019-12-11,1576074600,113.17
2019-12-12,1576161000,114.36
2019-12-13,1576247400,114.04
2019-12-16,1576506600,114.76
2019-12-17,1576593000,114.78
2019-12-18,1576679400,114.95
2019-12-19,1576765800,115.34
2019-12-20,1576852200,115.93
2019-12-23,1577111400,115.52
2019-12-24,1577197800,115.6
2019-12-26,1577370600,115.85
2019-12-27,1577457000,115.69
2019-12-30,1577716200,115.29
2019-12-31,1577802600,115.72
2020-01-02,1577975400,116.05
2020-01-03,1578061800,115.39
2020-01-06,1578321000,115.54
2020-01-07,1578407400,115.44
2020-01-08,1578493800,115.78
2020-01-09,1578580200,116.31
2020-01-10,1578666600,115.95
2020-01-13,1578925800,116.67
2020-01-14,1579012200,116.9
2020-01-15,1579098600,117.08
2020-01-16,1579185000,118.17
2020-01-17,1579271400,118.4
2020-01-21,1579617000,117.91
2020-01-22,1579703400,117.76
2020-01-23,1579789800,118.02
2020-01-24,1579876200,116.81
2020-01-27,1580135400,114.89
2020-01-28,1580221800,115.96
2020-01-29,1580308200,115.6
2020-01-30,1580394600,115.85
2020-01-31,1580481000,113.54
2020-02-03,1580740200,114.3
2020-02-04,1580826600,115.98
2020-02-05,1580913000,117.67
2020-02-06,1580999400,117.64
2020-02-07,1581085800,116.69
2020-02-10,1581345000,117.2
2020-02-11,1581431400,117.9
2020-02-12,1581517800,118.71
2020-02-13,1581604200,118.6
2020-02-14,1581690600,118.62
2020-02-18,1582036200,118.26
2020-02-19,1582122600,118.68
2020-02-20,1582209000,118.65
2020-02-21,1582295400,117.57
2020-02-24,1582554600,114.01
2020-02-25,1582641000,110.18
2020-02-26,1582727400,109.13
2020-02-27,1582813800,104.58
2020-02-28,1582900200,103.47
2020-03-02,1583159400,107.42
2020-03-03,1583245800,104.74
2020-03-04,1583332200,108.87
2020-03-05,1583418600,104.97
2020-03-06,1583505000,102.82
2020-03-09,1583760600,93.91
2020-03-10,1583847000,98.43
2020-03-11,1583933400,93.12
2020-03-12,1584019800,83.72
2020-03-13,1584106200,90.52
2020-03-16,1584365400,79.62
2020-03-17,1584451800,84.13
2020-03-18,1584538200,78.65
2020-03-19,1584624600,78.86
2020-03-20,1584711000,75.03
2020-03-23,1584970200,71.66
2020-03-24,1585056600,79.31
2020-03-25,1585143000,81.3
2020-03-26,1585229400,85.98
2020-03-27,1585315800,83.42
2020-03-30,1585575000,85.61
2020-03-31,1585661400,84.02
2020-04-01,1585747800,79.88
2020-04-02,1585834200,81.14
2020-04-03,1585920600,79.83
2020-04-06,1586179800,85.87
2020-04-07,1586266200,86.56
2020-04-08,1586352600,90.14
2020-04-09,1586439000,92.22
2020-04-13,1586784600,90.23
2020-04-14,1586871000,92.62
2020-04-15,1586957400,89.63
2020-04-16,1587043800,89.63
2020-04-17,1587130200,92.98
2020-04-20,1587389400,91.07
2020-04-21,1587475800,88.41
2020-04-22,1587562200,90.07
2020-04-23,1587648600,90.15
2020-04-24,1587735000,91.44
2020-04-27,1587994200,94.07
2020-04-28,1588080600,95.37
2020-04-29,1588167000,98.68
2020-04-30,1588253400,96.14
2020-05-01,1588339800,92.67
2020-05-04,1588599000,92.74
2020-05-05,1588685400,93.16
2020-05-06,1588771800,91.82
2020-05-07,1588858200,93.47
2020-05-08,1588944600,96.03
2020-05-11,1589203800,94.89
2020-05-12,1589290200,92.41
2020-05-13,1589376600,89.7
2020-05-14,1589463000,91.09
2020-05-15,1589549400,91.26
2020-05-18,1589808600,96.25
2020-05-19,1589895000,94.92
2020-05-20,1589981400,96.65
2020-05-21,1590067800,96.22
2020-05-22,1590154200,96.3
2020-05-26,1590499800,99.42
2020-05-27,1590586200,101.88
2020-05-28,1590672600,100.86
2020-05-29,1590759000,100.71
2020-06-01,1591018200,101.89
2020-06-02,1591104600,103.18
2020-06-03,1591191000,105.97
2020-06-04,1591277400,106.51
2020-06-05,1591363800,110.44
2020-06-08,1591623000,113.09
2020-06-09,1591709400,110.26
2020-06-10,1591795800,107.54
2020-06-11,1591882200,100.1
2020-06-12,1591968600,102.1
2020-06-15,1592227800,103.23
2020-06-16,1592314200,105.38
2020-06-17,1592400600,104.2
2020-06-18,1592487000,104.13
2020-06-19,1592573400,103.05
2020-06-22,1592832600,102.74
2020-06-23,1592919000,102.86
2020-06-24,1593005400,99.46
2020-06-25,1593091800,100.48
2020-06-26,1593178200,98.44
2020-06-29,1593437400,100.4
2020-06-30,1593523800,101.76
2020-07-01,1593610200,101.62
2020-07-02,1593696600,102.23
2020-07-06,1594042200,103.35
2020-07-07,1594128600,101.7
2020-07-08,1594215000,102
2020-07-09,1594301400,100.38
2020-07-10,1594387800,102.07
2020-07-13,1594647000,101.59
2020-07-14,1594733400,103.24
2020-07-15,1594819800,105.63
2020-07-16,1594906200,105.48
2020-07-17,1594992600,105.84
2020-07-20,1595251800,105.28
2020-07-21,1595338200,106.33
2020-07-22,1595424600,107.18
2020-07-23,1595511000,107
2020-07-24,1595597400,106.22
2020-07-27,1595856600,106.65
2020-07-28,1595943000,106
2020-07-29,1596029400,107.74
2020-07-30,1596115800,106.89
2020-07-31,1596202200,106.84
2020-08-03,1596461400,107.1
2020-08-04,1596547800,107.63
2020-08-05,1596634200,108.5
2020-08-06,1596720600,108.42
2020-08-07,1596807000,109.52
2020-08-10,1597066200,110.67
2020-08-11,1597152600,110.55
2020-08-12,1597239000,111.2
2020-08-13,1597325400,110.66
2020-08-14,1597411800,110.98
2020-08-17,1597671000,111.03
2020-08-18,1597757400,110.39
2020-08-19,1597843800,109.96
2020-08-20,1597930200,109.45
2020-08-21,1598016600,109.25
2020-08-24,1598275800,111.04
2020-08-25,1598362200,111.04
2020-08-26,1598448600,110.85
2020-08-27,1598535000,111.42
2020-08-28,1598621400,112.34
2020-08-31,1598880600,111.4
2020-09-01,1598967000,111.97
2020-09-02,1599053400,113.96
2020-09-03,1599139800,111.34
2020-09-04,1599226200,111.08
2020-09-08,1599571800,108.77
2020-09-09,1599658200,110.03
2020-09-10,1599744600,108.45
2020-09-11,1599831000,109.02
2020-09-14,1600090200,110.78
2020-09-15,1600176600,110.89
2020-09-16,1600263000,111.63
2020-09-17,1600349400,111.15
2020-09-18,1600435800,109.81
2020-09-21,1600695000,106.56
2020-09-22,1600781400,107.06
2020-09-23,1600867800,104.76
2020-09-24,1600954200,104.93
2020-09-25,1601040600,106.39
2020-09-28,1601299800,108.44
2020-09-29,1601386200,107.57
2020-09-30,1601472600,108.11
2020-10-01,1601559000,108.5
2020-10-02,1601645400,108.98
2020-10-05,1601904600,110.89
2020-10-06,1601991000,109.75
2020-10-07,1602077400,111.75
2020-10-08,1602163800,113.4
2020-10-09,1602250200,113.57
2020-10-12,1602509400,114.45
2020-10-13,1602595800,113.29
2020-10-14,1602682200,112.98
2020-10-15,1602768600,113.5
2020-10-16,1602855000,113.4
2020-10-19,1603114200,111.89
2020-10-20,1603200600,112.5
2020-10-21,1603287000,112.12
2020-10-22,1603373400,113.55
2020-10-23,1603459800,114.15
2020-10-26,1603719000,111.49
2020-10-27,1603805400,110.15
2020-10-28,1603891800,106.78
2020-10-29,1603978200,107.86
2020-10-30,1604064600,107.51
2020-11-02,1604327400,109.91
2020-11-03,1604413800,112.2
2020-11-04,1604500200,112.29
2020-11-05,1604586600,114.47
2020-11-06,1604673000,114
2020-11-09,1604932200,118.89
2020-11-10,1605018600,119.54
2020-11-11,1605105000,119.32
2020-11-12,1605191400,117.46
2020-11-13,1605277800,120.05
2020-11-16,1605537000,122.56
2020-11-17,1605623400,122.27
2020-11-18,1605709800,120.82
2020-11-19,1605796200,121.43
2020-11-20,1605882600,120.74
2020-11-23,1606141800,122.53
2020-11-24,1606228200,125.2
2020-11-25,1606314600,124.27
2020-11-27,1606487400,124.21
2020-11-30,1606746600,122.88
2020-12-01,1606833000,124.02
2020-12-02,1606919400,124.37
2020-12-03,1607005800,125.07
2020-12-04,1607092200,127.08
2020-12-07,1607351400,126.45
2020-12-08,1607437800,126.8
2020-12-09,1607524200,126.39
2020-12-10,1607610600,126.5
2020-12-11,1607697000,125.72
2020-12-14,1607956200,124.82
2020-12-15,1608042600,126.89
2020-12-16,1608129000,126.62
2020-12-17,1608215400,127.34
2020-12-18,1608301800,127.04
2020-12-21,1608561000,125.59
2020-12-22,1608647400,125.11
2020-12-23,1608733800,125.84
2020-12-24,1608820200,126.08
2020-12-28,1609165800,126.46
2020-12-29,1609252200,125.83
2020-12-30,1609338600,126.73
2020-12-31,1609425000,127.54
2021-01-04,1609770600,125.7
2021-01-05,1609857000,126.77
2021-01-06,1609943400,129.8
2021-01-07,1610029800,131.09
2021-01-08,1610116200,131.32
2021-01-11,1610375400,131.17
2021-01-12,1610461800,132.2
2021-01-13,1610548200,131.77
2021-01-14,1610634600,132.21
2021-01-15,1610721000,131.22
2021-01-19,1611066600,131.85
2021-01-20,1611153000,132.67
2021-01-21,1611239400,132
2021-01-22,1611325800,131.44
2021-01-25,1611585000,131.32
2021-01-26,1611671400,130.67
2021-01-27,1611757800,127.66
2021-01-28,1611844200,128.79
2021-01-29,1611930600,126.5
2021-02-01,1612189800,128.18
2021-02-02,1612276200,129.87
2021-02-03,1612362600,130.21
2021-02-04,1612449000,131.87
2021-02-05,1612535400,132.55
2021-02-08,1612794600,134.1
2021-02-09,1612881000,134.05
2021-02-10,1612967400,134.46
2021-02-11,1613053800,134.5
2021-02-12,1613140200,135.31
2021-02-16,1613485800,135.41
2021-02-17,1613572200,135.34
2021-02-18,1613658600,134.58
2021-02-19,1613745000,135.6
2021-02-22,1614004200,135.83
2021-02-23,1614090600,136.19
2021-02-24,1614177000,138.34
2021-02-25,1614263400,135.12
2021-02-26,1614349800,134.2
2021-03-01,1614609000,137.24
2021-03-02,1614695400,136.56
2021-03-03,1614781800,135.86
2021-03-04,1614868200,134.01
2021-03-05,1614954600,137.07
2021-03-08,1615213800,137.97
2021-03-09,1615300200,138.17
2021-03-10,1615386600,139.59
2021-03-11,1615473000,140.53
2021-03-12,1615559400,141.6
2021-03-15,1615815000,142.8
2021-03-16,1615901400,141.48
2021-03-17,1615987800,142.21
2021-03-18,1616074200,140.82
2021-03-19,1616160600,140.56
2021-03-22,1616419800,140.1
2021-03-23,1616506200,138.08
2021-03-24,1616592600,137.9
2021-03-25,1616679000,139.56
2021-03-26,1616765400,142.17
2021-03-29,1617024600,141.43
2021-03-30,1617111000,141.7
2021-03-31,1617197400,141.66
2021-04-01,1617283800,143.08
2021-04-05,1617629400,144.38
2021-04-06,1617715800,144.57
2021-04-07,1617802200,144.03
2021-04-08,1617888600,144.3
2021-04-09,1617975000,145.13
2021-04-12,1618234200,145.38
2021-04-13,1618320600,145.13
2021-04-14,1618407000,145.36
2021-04-15,1618493400,146.5
2021-04-16,1618579800,147.15
2021-04-19,1618839000,146.46
2021-04-20,1618925400,145.37
2021-04-21,1619011800,147.29
2021-04-22,1619098200,146.36
2021-04-23,1619184600,147.94
2021-04-26,1619443800,148.19
2021-04-27,1619530200,148.35
2021-04-28,1619616600,148.39
2021-04-29,1619703000,149.36
2021-04-30,1619789400,148.28
2021-05-03,1620048600,149.16
2021-05-04,1620135000,148.99
2021-05-05,1620221400,149.3
2021-05-06,1620307800,150.06
2021-05-07,1620394200,151.64
2021-05-10,1620653400,151.13
2021-05-11,1620739800,149.31
2021-05-12,1620826200,146
2021-05-13,1620912600,147.97
2021-05-14,1620999000,150.29
2021-05-17,1621258200,150.13
2021-05-18,1621344600,148.8
2021-05-19,1621431000,148.03
2021-05-20,1621517400,149.15
2021-05-21,1621603800,149.35
2021-05-24,1621863000,150.21
2021-05-25,1621949400,149.58
2021-05-26,1622035800,150.09
2021-05-27,1622122200,150.83
2021-05-28,1622208600,151.12
2021-06-01,1622554200,151.62
2021-06-02,1622640600,151.73
2021-06-03,1622727000,151.51
2021-06-04,1622813400,152.26
2021-06-07,1623072600,151.99
2021-06-08,1623159000,152.18
2021-06-09,1623245400,151.49
2021-06-10,1623331800,151.78
2021-06-11,1623418200,152.18
2021-06-14,1623677400,151.71
2021-06-15,1623763800,151.73
2021-06-16,1623850200,150.7
2021-06-17,1623936600,149.22
2021-06-18,1624023000,146.65
2021-06-21,1624282200,149.05
2021-06-22,1624368600,149.36
2021-06-23,1624455000,149.11
2021-06-24,1624541400,150.09
2021-06-25,1624627800,151.14
2021-06-28,1624887000,150.51
2021-06-29,1624973400,150.4
2021-06-30,1625059800,150.73
2021-07-01,1625146200,151.78
2021-07-02,1625232600,152.23
2021-07-06,1625578200,150.9
2021-07-07,1625664600,151.26
2021-07-08,1625751000,149.87
2021-07-09,1625837400,152
2021-07-12,1626096600,152.49
2021-07-13,1626183000,151.05
2021-07-14,1626269400,150.83
2021-07-15,1626355800,150.43
2021-07-16,1626442200,149.31
2021-07-19,1626701400,146.61
2021-07-20,1626787800,149.39
2021-07-21,1626874200,150.89
2021-07-22,1626960600,150.47
2021-07-23,1627047000,151.72
2021-07-26,1627306200,152.15
2021-07-27,1627392600,151.88
2021-07-28,1627479000,151.96
2021-07-29,1627565400,153.1
2021-07-30,1627651800,152.68
2021-08-02,1627911000,152.45
2021-08-03,1627997400,153.73
2021-08-04,1628083800,152.28
2021-08-05,1628170200,153.43
2021-08-06,1628256600,154.06
2021-08-09,1628515800,153.71
2021-08-10,1628602200,154.43
2021-08-11,1628688600,155.42
2021-08-12,1628775000,155.34
2021-08-13,1628861400,155.32
2021-08-16,1629120600,155.37
2021-08-17,1629207000,154.2
2021-08-18,1629293400,152.61
2021-08-19,1629379800,152.27
2021-08-20,1629466200,153.37
2021-08-23,1629725400,154.52
2021-08-24,1629811800,155.15
2021-08-25,1629898200,155.97
2021-08-26,1629984600,154.9
2021-08-27,1630071000,156.56
2021-08-30,1630330200,156.33
2021-08-31,1630416600,156.3
2021-09-01,1630503000,156.33
2021-09-02,1630589400,157.39
2021-09-03,1630675800,156.88
2021-09-07,1631021400,155.57
2021-09-08,1631107800,155.47
2021-09-09,1631194200,155.03
2021-09-10,1631280600,154.01
2021-09-13,1631539800,154.44
2021-09-14,1631626200,153.34
2021-09-15,1631712600,154.7
2021-09-16,1631799000,154.41
2021-09-17,1631885400,153.04
2021-09-20,1632144600,150.18
2021-09-21,1632231000,149.64
2021-09-22,1632317400,151.32
2021-09-23,1632403800,153.54
2021-09-24,1632490200,153.8
2021-09-27,1632749400,154.31
2021-09-28,1632835800,152
2021-09-29,1632922200,152.33
2021-09-30,1633008600,149.82
2021-10-01,1633095000,151.84
2021-10-04,1633354200,150.88
2021-10-05,1633440600,151.96
2021-10-06,1633527000,152.17
2021-10-07,1633613400,153.46
2021-10-08,1633699800,153.1
2021-10-11,1633959000,152.26
2021-10-12,1634045400,152.3
2021-10-13,1634131800,152.55
2021-10-14,1634218200,155.17
2021-10-15,1634304600,155.7
2021-10-18,1634563800,155.76
2021-10-19,1634650200,156.67
2021-10-20,1634736600,157.87
2021-10-21,1634823000,158.06
2021-10-22,1634909400,158.51
2021-10-25,1635168600,158.87
2021-10-26,1635255000,158.56
2021-10-27,1635341400,156.45
2021-10-28,1635427800,158.04
2021-10-29,1635514200,157.76
2021-11-01,1635773400,159.02
2021-11-02,1635859800,159.46
2021-11-03,1635946200,160.4
2021-11-04,1636032600,160.07
2021-11-05,1636119000,161.29
2021-11-08,1636381800,161.53
2021-11-09,1636468200,161.51
2021-11-10,1636554600,160.48
2021-11-11,1636641000,160.87
2021-11-12,1636727400,161.65
2021-11-15,1636986600,161.93
2021-11-16,1637073000,162.14
2021-11-17,1637159400,161.28
2021-11-18,1637245800,160.69
2021-11-19,1637332200,159.65
2021-11-22,1637591400,159.9
2021-11-23,1637677800,160.56
2021-11-24,1637764200,160.64
2021-11-26,1637937000,156.46
2021-11-29,1638196200,157.77
2021-11-30,1638282600,153.59
2021-12-01,1638369000,151.68
2021-12-02,1638455400,155.35
2021-12-03,1638541800,154.5
2021-12-06,1638801000,156.79
2021-12-07,1638887400,159.44
2021-12-08,1638973800,159.85
2021-12-09,1639060200,158.71
2021-12-10,1639146600,159.74
2021-12-13,1639405800,158.58
2021-12-14,1639492200,157.63
2021-12-15,1639578600,159.35
2021-12-16,1639665000,159.07
2021-12-17,1639751400,156.96
2021-12-20,1640010600,154.9
2021-12-21,1640097000,158.04
2021-12-22,1640183400,159.15
2021-12-23,1640269800,160.23
2021-12-27,1640615400,162.28
2021-12-28,1640701800,162.53
2021-12-29,1640788200,163.01
2021-12-30,1640874600,162.75
2021-12-31,1640961000,162.75
2022-01-03,1641220200,162.89
2022-01-04,1641306600,164.2
2022-01-05,1641393000,161.67
2022-01-06,1641479400,162.03
2022-01-07,1641565800,161.77
2022-01-10,1641825000,160.96
2022-01-11,1641911400,162.48
2022-01-12,1641997800,162.61
2022-01-13,1642084200,161.86
2022-01-14,1642170600,161.58
2022-01-18,1642516200,159.01
2022-01-19,1642602600,157.36
2022-01-20,1642689000,155.36
2022-01-21,1642775400,153.09
2022-01-24,1643034600,154.24
2022-01-25,1643121000,152.78
2022-01-26,1643207400,151.55
2022-01-27,1643293800,150.7
2022-01-28,1643380200,153.28
2022-01-31,1643639400,155.64
2022-02-01,1643725800,156.85
2022-02-02,1643812200,157.87
2022-02-03,1643898600,155.87
2022-02-04,1643985000,155.73
2022-02-07,1644244200,155.83
2022-02-08,1644330600,157.26
2022-02-09,1644417000,159.92
2022-02-10,1644503400,157.4
2022-02-11,1644589800,155.32
2022-02-14,1644849000,154.08
2022-02-15,1644935400,156.43
2022-02-16,1645021800,156.95
2022-02-17,1645108200,154.13
2022-02-18,1645194600,153.55
2022-02-22,1645540200,152.02
2022-02-23,1645626600,149.67
2022-02-24,1645713000,151.1
2022-02-25,1645799400,155.16
2022-02-28,1646058600,154.25
2022-03-01,1646145000,151.6
2022-03-02,1646231400,154.83
2022-03-03,1646317800,154.51
2022-03-04,1646404200,153.58
2022-03-07,1646663400,149.33
2022-03-08,1646749800,148.26
2022-03-09,1646836200,151.4
2022-03-10,1646922600,151.11
2022-03-11,1647009000,149.52
2022-03-14,1647264600,148.97
2022-03-15,1647351000,151.37
2022-03-16,1647437400,154.23
2022-03-17,1647523800,156.17
2022-03-18,1647610200,157.17
2022-03-21,1647869400,156.08
2022-03-22,1647955800,157.39
2022-03-23,1648042200,155.14
2022-03-24,1648128600,156.95
2022-03-25,1648215000,158.02
2022-03-28,1648474200,158.49
2022-03-29,1648560600,161.12
2022-03-30,1648647000,159.89
2022-03-31,1648733400,157.71
2022-04-01,1648819800,158.22
2022-04-04,1649079000,158.56
2022-04-05,1649165400,156.87
2022-04-06,1649251800,156.08
2022-04-07,1649338200,156.56
2022-04-08,1649424600,156.89
2022-04-11,1649683800,155.37
2022-04-12,1649770200,154.85
2022-04-13,1649856600,156.6
2022-04-14,1649943000,155.53
2022-04-18,1650288600,155.2
2022-04-19,1650375000,157.95
2022-04-20,1650461400,158.96
2022-04-21,1650547800,156.66
2022-04-22,1650634200,152.39
2022-04-25,1650893400,152.85
2022-04-26,1650979800,149.19
2022-04-27,1651066200,149.47
2022-04-28,1651152600,152.07
2022-04-29,1651239000,147.45
2022-05-02,1651498200,147.85
2022-05-03,1651584600,149.07
2022-05-04,1651671000,153.22
2022-05-05,1651757400,148.61
2022-05-06,1651843800,147.25
2022-05-09,1652103000,142.88
2022-05-10,1652189400,142.51
2022-05-11,1652275800,140.67
2022-05-12,1652362200,141.27
2022-05-13,1652448600,144.5
2022-05-16,1652707800,143.99
2022-05-17,1652794200,147.04
2022-05-18,1652880600,141.51
2022-05-19,1652967000,141.19
2022-05-20,1653053400,141.19
2022-05-23,1653312600,143.18
2022-05-24,1653399000,142.29
2022-05-25,1653485400,143.93
2022-05-26,1653571800,146.97
2022-05-27,1653658200,150.34
2022-05-31,1654003800,148.93
2022-06-01,1654090200,147.35
2022-06-02,1654176600,149.94
2022-06-03,1654263000,148.17
2022-06-06,1654522200,148.71
2022-06-07,1654608600,150.13
2022-06-08,1654695000,148.01
2022-06-09,1654781400,144.65
2022-06-10,1654867800,140.71
2022-06-13,1655127000,135.05
2022-06-14,1655213400,134.35
2022-06-15,1655299800,135.64
2022-06-16,1655386200,130.84
2022-06-17,1655472600,131.14
2022-06-21,1655818200,132.69
2022-06-22,1655904600,132.62
2022-06-23,1655991000,133.72
2022-06-24,1656077400,138.07
2022-06-27,1656336600,138
2022-06-28,1656423000,135.9
2022-06-29,1656509400,135.07
2022-06-30,1656595800,134.23
2022-07-01,1656682200,135.87
2022-07-05,1657027800,135.55
2022-07-06,1657114200,135.58
2022-07-07,1657200600,137.55
2022-07-08,1657287000,137.04
2022-07-11,1657546200,135.78
2022-07-12,1657632600,135.13
2022-07-13,1657719000,134.38
2022-07-14,1657805400,133.32
2022-07-15,1657891800,135.85
2022-07-18,1658151000,135.26
2022-07-19,1658237400,139.14
2022-07-20,1658323800,140.07
2022-07-21,1658410200,141.16
2022-07-22,1658496600,140.34
2022-07-25,1658755800,140.69
2022-07-26,1658842200,139.59
2022-07-27,1658928600,142.3
2022-07-28,1659015000,144.55
2022-07-29,1659101400,145.84
2022-08-01,1659360600,145.56
2022-08-02,1659447000,144.53
2022-08-03,1659533400,146.03
2022-08-04,1659619800,145.72
2022-08-05,1659706200,145.88
2022-08-08,1659965400,146.29
2022-08-09,1660051800,145.44
2022-08-10,1660138200,148.55
2022-08-11,1660224600,149.21
2022-08-12,1660311000,151.62
2022-08-15,1660570200,151.95
2022-08-16,1660656600,152.39
2022-08-17,1660743000,150.96
2022-08-18,1660829400,151.44
2022-08-19,1660915800,149.44
2022-08-22,1661175000,146.32
2022-08-23,1661261400,145.94
2022-08-24,1661347800,146.67
2022-08-25,1661434200,148.93
2022-08-26,1661520600,144.13
2022-08-29,1661779800,143.29
2022-08-30,1661866200,141.78
2022-08-31,1661952600,140.76
2022-09-01,1662039000,140.88
2022-09-02,1662125400,139.86
2022-09-06,1662471000,139.47
2022-09-07,1662557400,142.53
2022-09-08,1662643800,143.76
2022-09-09,1662730200,145.74
2022-09-12,1662989400,147.1
2022-09-13,1663075800,141.28
2022-09-14,1663162200,141.27
2022-09-15,1663248600,140.15
2022-09-16,1663335000,138.75
2022-09-19,1663594200,139.15
2022-09-20,1663680600,136.91
2022-09-21,1663767000,134.64
2022-09-22,1663853400,132.71
2022-09-23,1663939800,130.48
2022-09-26,1664199000,128.59
2022-09-27,1664285400,128.18
2022-09-28,1664371800,131.16
2022-09-29,1664458200,128.68
2022-09-30,1664544600,127.28
2022-10-03,1664803800,130.83
2022-10-04,1664890200,135.34
2022-10-05,1664976600,134.81
2022-10-06,1665063000,133.31
2022-10-07,1665149400,130.15
2022-10-10,1665408600,129.27
2022-10-11,1665495000,128.69
2022-10-12,1665581400,128.02
2022-10-13,1665667800,131.1
2022-10-14,1665754200,128.2
2022-10-17,1666013400,130.99
2022-10-18,1666099800,132.93
2022-10-19,1666186200,131.36
2022-10-20,1666272600,129.9
2022-10-21,1666359000,132.87
2022-10-24,1666618200,134.35
2022-10-25,1666704600,136.93
2022-10-26,1666791000,137.2
2022-10-27,1666877400,137.33
2022-10-28,1666963800,140.18
2022-10-31,1667223000,139.56
2022-11-01,1667309400,139.9
2022-11-02,1667395800,136.49
2022-11-03,1667482200,135.8
2022-11-04,1667568600,137.91
2022-11-07,1667831400,139.01
2022-11-08,1667917800,139.84
2022-11-09,1668004200,137.33
2022-11-10,1668090600,144.69
2022-11-11,1668177000,146.08
2022-11-14,1668436200,144.49
2022-11-15,1668522600,145.85
2022-11-16,1668609000,144.3
2022-11-17,1668695400,143.46
2022-11-18,1668781800,144.53
2022-11-21,1669041000,144.47
2022-11-22,1669127400,146.39
2022-11-23,1669213800,147
2022-11-25,1669386600,147.5
2022-11-28,1669645800,144.87
2022-11-29,1669732200,145.33
2022-11-30,1669818600,148.82
2022-12-01,1669905000,149.03
2022-12-02,1669991400,148.94
2022-12-05,1670250600,146.06
2022-12-06,1670337000,144.46
2022-12-07,1670423400,144.22
2022-12-08,1670509800,145.15
2022-12-09,1670596200,144.03
2022-12-12,1670855400,146.15
2022-12-13,1670941800,147.17
2022-12-14,1671028200,146.3
2022-12-15,1671114600,143.09
2022-12-16,1671201000,141.36
2022-12-19,1671460200,139.63
2022-12-20,1671546600,139.77
2022-12-21,1671633000,141.93
2022-12-22,1671719400,140.39
2022-12-23,1671805800,141.29
2022-12-27,1672151400,141.38
2022-12-28,1672237800,139.35
2022-12-29,1672324200,141.83
2022-12-30,1672410600,141.25
2023-01-03,1672756200,141.12
2023-01-04,1672842600,143.32
2023-01-05,1672929000,141.83
2023-01-06,1673015400,145.23
2023-01-09,1673274600,145.29
2023-01-10,1673361000,146.38
2023-01-11,1673447400,148.16
2023-01-12,1673533800,148.72
2023-01-13,1673620200,149.07
2023-01-17,1673965800,148.74
2023-01-18,1674052200,146.45
2023-01-19,1674138600,144.94
2023-01-20,1674225000,147.46
2023-01-23,1674484200,149.33
2023-01-24,1674570600,148.98
2023-01-25,1674657000,149.32
2023-01-26,1674743400,150.52
2023-01-27,1674829800,150.8
2023-01-30,1675089000,149.2
2023-01-31,1675175400,151.73
2023-02-01,1675261800,153.28
2023-02-02,1675348200,154.96
2023-02-03,1675434600,153.06
2023-02-06,1675693800,151.98
2023-02-07,1675780200,153.4
2023-02-08,1675866600,151.89
2023-02-09,1675953000,150.5
2023-02-10,1676039400,150.96
2023-02-13,1676298600,152.65
2023-02-14,1676385000,152.36
2023-02-15,1676471400,153.08
2023-02-16,1676557800,151.35
2023-02-17,1676644200,151.03
2023-02-21,1676989800,147.75
2023-02-22,1677076200,147.57
2023-02-23,1677162600,148.12
2023-02-24,1677249000,146.85
2023-02-27,1677508200,147.03
2023-02-28,1677594600,146.6
2023-03-01,1677681000,146.33
2023-03-02,1677767400,147.48
2023-03-03,1677853800,149.55
2023-03-06,1678113000,148.83
2023-03-07,1678199400,146.43
2023-03-08,1678285800,146.74
2023-03-09,1678372200,143.5
2023-03-10,1678458600,140.47
2023-03-13,1678714200,138.75
2023-03-14,1678800600,140.7
2023-03-15,1678887000,138.73
2023-03-16,1678973400,140.4
2023-03-17,1679059800,138.03
2023-03-20,1679319000,139.12
2023-03-21,1679405400,140.98
2023-03-22,1679491800,137.81
2023-03-23,1679578200,137.35
2023-03-24,1679664600,138.52
2023-03-27,1679923800,139.44
2023-03-28,1680010200,139.72
2023-03-29,1680096600,141.82
2023-03-30,1680183000,142.52
2023-03-31,1680269400,144.62
2023-04-03,1680528600,144.74
2023-04-04,1680615000,143.29
2023-04-05,1680701400,142.99
2023-04-06,1680787800,143.09
2023-04-10,1681133400,143.96
2023-04-11,1681219800,144.9
2023-04-12,1681306200,144.2
2023-04-13,1681392600,145.31
2023-04-14,1681479000,144.65
2023-04-17,1681738200,145.63
2023-04-18,1681824600,145.64
2023-04-19,1681911000,145.68
2023-04-20,1681997400,144.88
2023-04-21,1682083800,144.92
2023-04-24,1682343000,145.19
2023-04-25,1682429400,142.72
2023-04-26,1682515800,141.23
2023-04-27,1682602200,143.55
2023-04-28,1682688600,145.14
2023-05-01,1682947800,145.01
2023-05-02,1683034200,142.84
2023-05-03,1683120600,142.01
2023-05-04,1683207000,140.66
2023-05-05,1683293400,143.03
2023-05-08,1683552600,142.77
2023-05-09,1683639000,142.24
2023-05-10,1683725400,142.22
2023-05-11,1683811800,141.51
2023-05-12,1683898200,141.52
2023-05-15,1684157400,142.32
2023-05-16,1684243800,140.31
2023-05-17,1684330200,142.09
2023-05-18,1684416600,143.24
2023-05-19,1684503000,142.86
2023-05-22,1684762200,143.08
2023-05-23,1684848600,141.55
2023-05-24,1684935000,140.01
2023-05-25,1685021400,139.92
2023-05-26,1685107800,141.09
2023-05-30,1685453400,140.84
2023-05-31,1685539800,139.61
2023-06-01,1685626200,140.66
2023-06-02,1685712600,143.73
2023-06-05,1685971800,143.24
2023-06-06,1686058200,144.21
2023-06-07,1686144600,145.27
2023-06-08,1686231000,145.33
2023-06-09,1686317400,145.16
2023-06-12,1686576600,146.12
2023-06-13,1686663000,147.53
2023-06-14,1686749400,147.25
2023-06-15,1686835800,148.95
2023-06-16,1686922200,148.83
2023-06-20,1687267800,146.84
2023-06-21,1687354200,146.63
2023-06-22,1687440600,146.03
2023-06-23,1687527000,144.77
2023-06-26,1687786200,145.65
2023-06-27,1687872600,147.43
2023-06-28,1687959000,147.18
2023-06-29,1688045400,148.33
2023-06-30,1688131800,149.64
2023-07-03,1688391000,150.01
2023-07-05,1688563800,149.37
2023-07-06,1688650200,148.15
2023-07-07,1688736600,148.52
2023-07-10,1688995800,149.85
2023-07-11,1689082200,151.54
2023-07-12,1689168600,152.24
2023-07-13,1689255000,152.96
2023-07-14,1689341400,152.06
2023-07-17,1689600600,152.35
2023-07-18,1689687000,153.29
2023-07-19,1689773400,154.05
2023-07-20,1689859800,153.89
2023-07-21,1689946200,154.11
2023-07-24,1690205400,154.54
2023-07-25,1690291800,154.65
2023-07-26,1690378200,155
2023-07-27,1690464600,153.64
2023-07-28,1690551000,154.4
2023-07-31,1690810200,154.88
2023-08-01,1690896600,154.25
2023-08-02,1690983000,152.78
2023-08-03,1691069400,152.02
2023-08-04,1691155800,151.34
2023-08-07,1691415000,152.62
2023-08-08,1691501400,151.86
2023-08-09,1691587800,151.42
2023-08-10,1691674200,151.24
2023-08-11,1691760600,151.27
2023-08-14,1692019800,151.24
2023-08-15,1692106200,149.25
2023-08-16,1692192600,148.16
2023-08-17,1692279000,147.02
2023-08-18,1692365400,147.28
2023-08-21,1692624600,147.25
2023-08-22,1692711000,146.67
2023-08-23,1692797400,147.89
2023-08-24,1692883800,146.47
2023-08-25,1692970200,147.21
2023-08-28,1693229400,148.31
2023-08-29,1693315800,149.98
2023-08-30,1693402200,150.45
2023-08-31,1693488600,149.92
2023-09-01,1693575000,150.54
2023-09-05,1693920600,148.68
2023-09-06,1694007000,148.17
2023-09-07,1694093400,147.58
2023-09-08,1694179800,147.65
2023-09-11,1694439000,147.89
2023-09-12,1694525400,147.7
2023-09-13,1694611800,147.11
2023-09-14,1694698200,148.83
2023-09-15,1694784600,147.58
2023-09-18,1695043800,146.59
2023-09-19,1695130200,146.35
2023-09-20,1695216600,145.68
2023-09-21,1695303000,143.26
2023-09-22,1695389400,142.69
2023-09-25,1695648600,143.05
2023-09-26,1695735000,141.04
2023-09-27,1695821400,141.09
2023-09-28,1695907800,142.07
2023-09-29,1695994200,141.69
2023-10-02,1696253400,140.09
2023-10-03,1696339800,138.41
2023-10-04,1696426200,139.2
2023-10-05,1696512600,138.8
2023-10-06,1696599000,140
2023-10-09,1696858200,141
2023-10-10,1696944600,142.08
2023-10-11,1697031000,142.38
2023-10-12,1697117400,140.6
2023-10-13,1697203800,140.29
2023-10-16,1697463000,142.04
2023-10-17,1697549400,142.74
2023-10-18,1697635800,140.48
2023-10-19,1697722200,138.74
2023-10-20,1697808600,137.01
2023-10-23,1698067800,136.14
2023-10-24,1698154200,137.01
2023-10-25,1698240600,135.5
2023-10-26,1698327000,135.22
2023-10-27,1698413400,133.66
2023-10-30,1698672600,134.71
2023-10-31,1698759000,135.83
2023-11-01,1698845400,136.29
2023-11-02,1698931800,139.31
2023-11-03,1699018200,141.59
2023-11-06,1699281000,140.85
2023-11-07,1699367400,140.55
2023-11-08,1699453800,140.32
2023-11-09,1699540200,139.13
2023-11-10,1699626600,140.76
2023-11-13,1699885800,140.58
2023-11-14,1699972200,144.59
2023-11-15,1700058600,145.27
2023-11-16,1700145000,144.79
2023-11-17,1700231400,145.49
2023-11-20,1700490600,146.07
2023-11-21,1700577000,145.8
2023-11-22,1700663400,146.48
2023-11-24,1700836200,146.91
2023-11-27,1701095400,146.61
2023-11-28,1701181800,146.47
2023-11-29,1701268200,147.05
2023-11-30,1701354600,148.3
2023-12-01,1701441000,150.53
2023-12-04,1701700200,150.6
2023-12-05,1701786600,149.26
2023-12-06,1701873000,149.31
2023-12-07,1701959400,150.1
2023-12-08,1702045800,150.57
2023-12-11,1702305000,151.91
2023-12-12,1702391400,152.18
2023-12-13,1702477800,155.41
2023-12-14,1702564200,157.53
2023-12-15,1702650600,156.41
2023-12-18,1702909800,155.87
2023-12-19,1702996200,157.18
2023-12-20,1703082600,154.58
2023-12-21,1703169000,156.48
2023-12-22,1703255400,157.01
2023-12-26,1703601000,157.91
2023-12-27,1703687400,158.06
2023-12-28,1703773800,158.41
2023-12-29,1703860200,157.8
2024-01-02,1704205800,157.85
2024-01-03,1704292200,155.52
2024-01-04,1704378600,155.26
2024-01-05,1704465000,155.71
2024-01-08,1704724200,157.38
2024-01-09,1704810600,156.58
2024-01-10,1704897000,156.85
2024-01-11,1704983400,156.4
2024-01-12,1705069800,156.05
2024-01-16,1705415400,155.06
2024-01-17,1705501800,153.84
2024-01-18,1705588200,154.63
2024-01-19,1705674600,155.82
2024-01-22,1705933800,156.64
2024-01-23,1706020200,156.72
2024-01-24,1706106600,155.91
2024-01-25,1706193000,157.48
2024-01-26,1706279400,157.5
2024-01-29,1706538600,158.46
2024-01-30,1706625000,158.49
2024-01-31,1706711400,156.46
2024-02-01,1706797800,158.28
2024-02-02,1706884200,158.14
2024-02-05,1707143400,156.78
2024-02-06,1707229800,157.77
2024-02-07,1707316200,158.39
2024-02-08,1707402600,158.74
2024-02-09,1707489000,158.93
2024-02-12,1707748200,160.01
2024-02-13,1707834600,157.35
2024-02-14,1707921000,158.79
2024-02-15,1708007400,160.76
2024-02-16,1708093800,160.03
2024-02-20,1708439400,159.66
2024-02-21,1708525800,159.98
2024-02-22,1708612200,161.57
2024-02-23,1708698600,162
2024-02-26,1708957800,161.35
2024-02-27,1709044200,162.06
2024-02-28,1709130600,162.12
2024-02-29,1709217000,162.79
2024-03-01,1709303400,163.93
2024-03-04,1709562600,164.23
2024-03-05,1709649000,163.48
2024-03-06,1709735400,164.41
2024-03-07,1709821800,165.7
2024-03-08,1709908200,165.51
2024-03-11,1710163800,165.72
2024-03-12,1710250200,166.15
2024-03-13,1710336600,166.23
2024-03-14,1710423000,164.74
2024-03-15,1710509400,164.42
2024-03-18,1710768600,164.19
2024-03-19,1710855000,165.17
2024-03-20,1710941400,166.58
2024-03-21,1711027800,167.72
2024-03-22,1711114200,166.64
2024-03-25,1711373400,166.28
2024-03-26,1711459800,166.12
2024-03-27,1711546200,168.78
2024-03-28,1711632600,169.37
2024-04-01,1711978200,168.37
2024-04-02,1712064600,166.92
2024-04-03,1712151000,167.1
2024-04-04,1712237400,165.4
2024-04-05,1712323800,166.39
2024-04-08,1712583000,166.9
2024-04-09,1712669400,167.56
2024-04-10,1712755800,164.71
2024-04-11,1712842200,164.59
2024-04-12,1712928600,161.98
2024-04-15,1713187800,160.58
2024-04-16,1713274200,159.69
2024-04-17,1713360600,159.36
2024-04-18,1713447000,159.21
2024-04-19,1713533400,159.81
2024-04-22,1713792600,161.03
2024-04-23,1713879000,162.46
2024-04-24,1713965400,162.69
2024-04-25,1714051800,162.35
2024-04-26,1714138200,162.43
2024-04-29,1714397400,163.56
2024-04-30,1714483800,161.2
2024-05-01,1714570200,160.65
2024-05-02,1714656600,161.64
2024-05-03,1714743000,162.79
2024-05-06,1715002200,164.04
2024-05-07,1715088600,164.5
2024-05-08,1715175000,164.46
2024-05-09,1715261400,165.84
2024-05-10,1715347800,166.11
2024-05-13,1715607000,166.07
2024-05-14,1715693400,166.73
2024-05-15,1715779800,168.06
2024-05-16,1715866200,167.79
2024-05-17,1715952600,168.04
2024-05-20,1716211800,167.9
2024-05-21,1716298200,167.83
2024-05-22,1716384600,167.19
2024-05-23,1716471000,164.85
2024-05-24,1716557400,165.94
2024-05-28,1716903000,164.79
2024-05-29,1716989400,162.86
2024-05-30,1717075800,163.61
2024-05-31,1717162200,165.78
2024-06-03,1717421400,164.9
2024-06-04,1717507800,164.4
2024-06-05,1717594200,165.4
2024-06-06,1717680600,165.08
2024-06-07,1717767000,164.56
2024-06-10,1718026200,165
2024-06-11,1718112600,164.32
2024-06-12,1718199000,165.2
2024-06-13,1718285400,164.73
2024-06-14,1718371800,163.68
2024-06-17,1718631000,164.87
2024-06-18,1718717400,165.28
2024-06-20,1718890200,165.38
2024-06-21,1718976600,165.59
2024-06-24,1719235800,165.72
2024-06-25,1719322200,164.58
2024-06-26,1719408600,163.96
2024-06-27,1719495000,164.16
2024-06-28,1719581400,164.28
2024-07-01,1719840600,162.95
2024-07-02,1719927000,163.68
2024-07-03,1720013400,163.75
2024-07-05,1720186200,163.68
2024-07-08,1720445400,164
2024-07-09,1720531800,163.72
2024-07-10,1720618200,165.07
2024-07-11,1720704600,167.06
2024-07-12,1720791000,168.53
2024-07-15,1721050200,168.72
2024-07-16,1721136600,171.71
2024-07-17,1721223000,171.01
2024-07-18,1721309400,169.54
2024-07-19,1721395800,168.4
2024-07-22,1721655000,169.73
2024-07-23,1721741400,169.13
2024-07-24,1721827800,167.15
2024-07-25,1721914200,167.35
2024-07-26,1722000600,169.74
2024-07-29,1722259800,169.97
2024-07-30,1722346200,170.79
2024-07-31,1722432600,171.6
2024-08-01,1722519000,169.69
2024-08-02,1722605400,166.77
2024-08-05,1722864600,162.83
2024-08-06,1722951000,164.5
2024-08-07,1723037400,163.34
2024-08-08,1723123800,166.3
2024-08-09,1723210200,166.65
2024-08-12,1723469400,165.85
2024-08-13,1723555800,167.74
2024-08-14,1723642200,168.09
2024-08-15,1723728600,170.37
2024-08-16,1723815000,170.78
2024-08-19,1724074200,172.08
2024-08-20,1724160600,171.4
2024-08-21,1724247000,172.6
2024-08-22,1724333400,172.11
2024-08-23,1724419800,174.3
2024-08-26,1724679000,174.27
2024-08-27,1724765400,174.35
2024-08-28,1724851800,173.87
2024-08-29,1724938200,174.52
2024-08-30,1725024600,175.87
2024-09-03,1725370200,173.61
2024-09-04,1725456600,173.36
2024-09-05,1725543000,172.3
2024-09-06,1725629400,170.45
2024-09-09,1725888600,172.1
2024-09-10,1725975000,172.2
2024-09-11,1726061400,172.28
2024-09-12,1726147800,173.35
2024-09-13,1726234200,175.01
2024-09-16,1726493400,176.28
2024-09-17,1726579800,176.54
2024-09-18,1726666200,176.21
2024-09-19,1726752600,178.09
2024-09-20,1726839000,177.44
2024-09-23,1727098200,177.65
2024-09-24,1727184600,177.91
2024-09-25,1727271000,176.81
2024-09-26,1727357400,178.29
2024-09-27,1727443800,178.93
2024-09-30,1727703000,179.16
2024-10-01,1727789400,178.21
2024-10-02,1727875800,178.02
2024-10-03,1727962200,177.18
2024-10-04,1728048600,178.57
2024-10-07,1728307800,177.18
2024-10-08,1728394200,177.6
2024-10-09,1728480600,178.82
2024-10-10,1728567000,178.15
2024-10-11,1728653400,179.9
2024-10-14,1728912600,181.22
2024-10-15,1728999000,180.4
2024-10-16,1729085400,181.62
2024-10-17,1729171800,181.33
2024-10-18,1729258200,181.87
2024-10-21,1729517400,180.32
2024-10-22,1729603800,179.51
2024-10-23,1729690200,178.92
2024-10-24,1729776600,178.96
2024-10-25,1729863000,178.11
2024-10-28,1730122200,179.12
2024-10-29,1730208600,178.58
2024-10-30,1730295000,178.19
2024-10-31,1730381400,176.29
2024-11-01,1730467800,176.4
2024-11-04,1730730600,176.61
2024-11-05,1730817000,178.67
2024-11-06,1730903400,182.9
2024-11-07,1730989800,183.08
2024-11-08,1731076200,184.1
2024-11-11,1731335400,185.02
2024-11-12,1731421800,183.61
2024-11-13,1731508200,183.71
2024-11-14,1731594600,182.24
2024-11-15,1731681000,180.94
2024-11-18,1731940200,181.67
2024-11-19,1732026600,181.18
2024-11-20,1732113000,181.79
2024-11-21,1732199400,184.08
2024-11-22,1732285800,185.53
2024-11-25,1732545000,187.21
2024-11-26,1732631400,187.23
2024-11-27,1732717800,187.05
2024-11-29,1732890600,187.62
2024-12-02,1733149800,187.15
2024-12-03,1733236200,186.32
2024-12-04,1733322600,186.33
2024-12-05,1733409000,185.4
2024-12-06,1733495400,185.19
2024-12-09,1733754600,184.43
2024-12-10,1733841000,183.3
2024-12-11,1733927400,183.47
2024-12-12,1734013800,182.8
2024-12-13,1734100200,182.16
2024-12-16,1734359400,181.56
2024-12-17,1734445800,180.13
2024-12-18,1734532200,174.8
2024-12-19,1734618600,174.22
2024-12-20,1734705000,176.66
2024-12-23,1734964200,176.28
2024-12-24,1735050600,177.61
2024-12-26,1735223400,177.9
2024-12-27,1735309800,176.69
2024-12-30,1735569000,174.91
2024-12-31,1735655400,175.23
2025-01-02,1735828200,174.72
2025-01-03,1735914600,176.32
2025-01-06,1736173800,176.2
2025-01-07,1736260200,175.61
2025-01-08,1736346600,175.82
2025-01-10,1736519400,173.25
2025-01-13,1736778600,174.67
2025-01-14,1736865000,176.08
2025-01-15,1736951400,177.77
2025-01-16,1737037800,179.17
2025-01-17,1737124200,180.04
2025-01-21,1737469800,182.13
2025-01-22,1737556200,181.49
2025-01-23,1737642600,182.35
2025-01-24,1737729000,182.19
2025-01-27,1737988200,182.31
2025-01-28,1738074600,181.41
2025-01-29,1738161000,180.81
2025-01-30,1738247400,182.74
2025-01-31,1738333800,181.24
2025-02-03,1738593000,180.25
2025-02-04,1738679400,180.47
2025-02-05,1738765800,181.35
2025-02-06,1738852200,181.11
2025-02-07,1738938600,180.22
2025-02-10,1739197800,180.73
2025-02-11,1739284200,180.75
2025-02-12,1739370600,179.7
2025-02-13,1739457000,181.26
2025-02-14,1739543400,181.08
2025-02-18,1739889000,182.47
2025-02-19,1739975400,182.84
2025-02-20,1740061800,182.38
2025-02-21,1740148200,179.82
2025-02-24,1740407400,179.97
2025-02-25,1740493800,180.15
2025-02-26,1740580200,179.77
2025-02-27,1740666600,178.2
2025-02-28,1740753000,180.18
2025-03-03,1741012200,178.26
2025-03-04,1741098600,175.38
2025-03-05,1741185000,177.01
2025-03-06,1741271400,175.05
2025-03-07,1741357800,176.69
2025-03-10,1741613400,174.2
2025-03-11,1741699800,171.88
2025-03-12,1741786200,171.07
2025-03-13,1741872600,169.43
2025-03-14,1741959000,172.66
2025-03-17,1742218200,174.99
2025-03-18,1742304600,174.08
2025-03-19,1742391000,175.37
2025-03-20,1742477400,174.64
2025-03-21,1742563800,173.84
2025-03-24,1742823000,175.69
2025-03-25,1742909400,175.27
2025-03-26,1742995800,174.94
2025-03-27,1743082200,174.49
2025-03-28,1743168600,171.8
2025-03-31,1743427800,173.23
2025-04-01,1743514200,173.41
2025-04-02,1743600600,174.86
2025-04-03,1743687000,166.53
2025-04-04,1743773400,157.18
2025-04-07,1744032600,155.87
2025-04-08,1744119000,152.93
2025-04-09,1744205400,165.16
2025-04-10,1744291800,159.6
2025-04-11,1744378200,162.02
2025-04-14,1744637400,164.09
2025-04-15,1744723800,163.56
2025-04-16,1744810200,161.46
2025-04-17,1744896600,162.66
2025-04-21,1745242200,159.39
2025-04-22,1745328600,163.32
2025-04-23,1745415000,164.9
2025-04-24,1745501400,167.69
2025-04-25,1745587800,167.45
2025-04-28,1745847000,167.92
2025-04-29,1745933400,168.9
2025-04-30,1746019800,169.14
2025-05-01,1746106200,168.91
2025-05-02,1746192600,171.89
2025-05-05,1746451800,171.32
2025-05-06,1746538200,170.05
2025-05-07,1746624600,171.17
2025-05-08,1746711000,172.61
2025-05-09,1746797400,172.57
2025-05-12,1747056600,177.3
2025-05-13,1747143000,177.7
2025-05-14,1747229400,176.63
2025-05-15,1747315800,178.24
2025-05-16,1747402200,179.99
2025-05-19,1747661400,179.97
2025-05-20,1747747800,179.5
2025-05-21,1747834200,175.59
2025-05-22,1747920600,175.03
2025-05-23,1748007000,174.33
2025-05-27,1748352600,177.58
2025-05-28,1748439000,176.07
2025-05-29,1748525400,176.5
2025-05-30,1748611800,176.43
2025-06-02,1748871000,176.57
2025-06-03,1748957400,178.04
2025-06-04,1749043800,177.64
2025-06-05,1749130200,177.16
2025-06-06,1749216600,178.69
2025-06-09,1749475800,178.72
2025-06-10,1749562200,179.61
2025-06-11,1749648600,179.1
2025-06-12,1749735000,179.52
2025-06-13,1749821400,177.35
2025-06-16,1750080600,179.06
2025-06-17,1750167000,177.34
2025-06-18,1750253400,177.36
2025-06-20,1750426200,177.65
2025-06-23,1750685400,178.49
2025-06-24,1750771800,180.18
2025-06-25,1750858200,178.88
2025-06-26,1750944600,180.23
2025-06-27,1751031000,180.89
2025-06-30,1751290200,181.74
2025-07-01,1751376600,183.87
2025-07-02,1751463000,184.29
2025-07-03,1751549400,185.18
2025-07-07,1751895000,183.7
2025-07-08,1751981400,184.16
2025-07-09,1752067800,184.71
2025-07-10,1752154200,185.78
2025-07-11,1752240600,184.42
2025-07-14,1752499800,184.61
2025-07-15,1752586200,182.05
2025-07-16,1752672600,182.76
2025-07-17,1752759000,184.25
2025-07-18,1752845400,184.18
2025-07-21,1753104600,183.55
2025-07-22,1753191000,185.89
2025-07-23,1753277400,187.43
2025-07-24,1753363800,186.83
2025-07-25,1753450200,187.73
2025-07-28,1753709400,186.62
2025-07-29,1753795800,186.53
2025-07-30,1753882200,185.32
2025-07-31,1753968600,183.63
2025-08-01,1754055000,181.56
2025-08-04,1754314200,183.78
2025-08-05,1754400600,183.27
2025-08-06,1754487000,182.86
2025-08-07,1754573400,182.75
2025-08-08,1754659800,183.08
2025-08-11,1754919000,182.58
2025-08-12,1755005400,184.9
2025-08-13,1755091800,187.54
2025-08-14,1755178200,186.32
2025-08-15,1755264600,185.86
2025-08-18,1755523800,185.82
2025-08-19,1755610200,186.69
2025-08-20,1755696600,186.52
2025-08-21,1755783000,185.87
2025-08-22,1755869400,189.49
2025-08-25,1756128600,188.04
2025-08-26,1756215000,188.17
2025-08-27,1756301400,188.85
2025-08-28,1756387800,188.76
2025-08-29,1756474200,188.62
2025-09-02,1756819800,187.13
2025-09-03,1756906200,186.84
2025-09-04,1756992600,188.22
2025-09-05,1757079000,188.44
2025-09-08,1757338200,188.29
2025-09-09,1757424600,187.71
2025-09-10,1757511000,187.52
2025-09-11,1757597400,190.33
2025-09-12,1757683800,188.96
2025-09-15,1757943000,188.63
2025-09-16,1758029400,188.13
2025-09-17,1758115800,188.31
2025-09-18,1758202200,189.54
2025-09-19,1758288600,189.21
2025-09-22,1758547800,188.48
2025-09-23,1758634200,188.71
2025-09-24,1758720600,188.27
2025-09-25,1758807000,186.72
2025-09-26,1758893400,188.57
2025-09-29,1759152600,189.2
2025-09-30,1759239000,189.7
2025-10-01,1759325400,190.13
2025-10-02,1759411800,190.58
2025-10-03,1759498200,191.25
2025-10-06,1759757400,191.19
2025-10-07,1759843800,190.35
2025-10-08,1759930200,190.97
2025-10-09,1760016600,189.39
2025-10-10,1760103000,185.12
2025-10-13,1760362200,186.92
2025-10-14,1760448600,188.47
2025-10-15,1760535000,188.85
2025-10-16,1760621400,187.06
2025-10-17,1760707800,188.01
2025-10-20,1760967000,189.89
2025-10-21,1761053400,190.76
2025-10-22,1761139800,189.84
2025-10-23,1761226200,190.74
2025-10-24,1761312600,191.26
2025-10-27,1761571800,192.11
2025-10-28,1761658200,190.46
2025-10-29,1761744600,188.33
2025-10-30,1761831000,187.52
2025-10-31,1761917400,187.93
2025-11-03,1762180200,187.47
2025-11-04,1762266600,186.23
2025-11-05,1762353000,187.32
2025-11-06,1762439400,186
2025-11-07,1762525800,187.56
2025-11-10,1762785000,188.64
2025-11-11,1762871400,189.73
2025-11-12,1762957800,190.18
2025-11-13,1763044200,188.03
2025-11-14,1763130600,187.34
2025-11-17,1763389800,184.88
2025-11-18,1763476200,184.99
2025-11-19,1763562600,184.43
2025-11-20,1763649000,182.18
2025-11-21,1763735400,185.76
2025-11-24,1763994600,186.53
2025-11-25,1764081000,189.18
2025-11-26,1764167400,190.5
2025-11-28,1764340200,191.53
2025-12-01,1764599400,190.22
2025-12-02,1764685800,190.04
2025-12-03,1764772200,191.49
2025-12-04,1764858600,191.55
2025-12-05,1764945000,192
2025-12-08,1765204200,190.85
2025-12-09,1765290600,190.49
2025-12-10,1765377000,193.17
2025-12-11,1765463400,194.73
2025-12-12,1765549800,193.41
2025-12-15,1765809000,193.65
2025-12-16,1765895400,192.29
2025-12-17,1765981800,191.77
2025-12-18,1766068200,192.18
2025-12-19,1766154600,192.88
2025-12-22,1766413800,193.54
2025-12-23,1766500200,193.09
2025-12-24,1766586600,193.79
2025-12-26,1766759400,193.84
2025-12-29,1767018600,193.52
2025-12-30,1767105000,193.21
2025-12-31,1767191400,191.56
2026-01-02,1767364200,192.86
2026-01-05,1767623400,194.65
2026-01-06,1767709800,197
2026-01-07,1767796200,194.79
2026-01-08,1767882600,196.46
2026-01-09,1767969000,197.6
2026-01-12,1768228200,197.78
2026-01-13,1768314600,197.78
2026-01-14,1768401000,198.68
2026-01-15,1768487400,199.56
2026-01-16,1768573800,199.05
2026-01-20,1768919400,196.08
2026-01-21,1769005800,199.4
2026-01-22,1769092200,199.66
2026-01-23,1769178600,198.77
2026-01-26,1769437800,199.24
2026-01-27,1769524200,198.93
2026-01-28,1769610600,198.26
2026-01-29,1769697000,198.52
2026-01-30,1769783400,198.08
2026-02-02,1770042600,199.1
2026-02-03,1770129000,198.57
2026-02-04,1770215400,200.3
2026-02-05,1770301800,198.56
2026-02-06,1770388200,202.26
2026-02-09,1770647400,202.38
2026-02-10,1770733800,203.1
2026-02-11,1770820200,203.46
2026-02-12,1770906600,200.79
2026-02-13,1770993000,202.87
2026-02-17,1771338600,202.52
2026-02-18,1771425000,203.57
2026-02-19,1771511400,203.14
2026-02-20,1771597800,204.09
2026-02-23,1771857000,201.85
2026-02-24,1771943400,203.46
2026-02-25,1772029800,203.58
2026-02-26,1772116200,204.73
2026-02-27,1772202600,204.97
2026-03-02,1772461800,204.59
2026-03-03,1772548200,202.08
2026-03-04,1772634600,202.89
2026-03-05,1772721000,200.54
2026-03-06,1772807400,198.15
2026-03-09,1773063000,198.71
2026-03-10,1773149400,197.22
2026-03-11,1773235800,196.57
2026-03-12,1773322200,193.53
2026-03-13,1773408600,193.52
2026-03-16,1773667800,194.96
2026-03-17,1773754200,196.05
2026-03-18,1773840600,193.47
2026-03-19,1773927000,193.32
2026-03-20,1774013400,190.48
2026-03-23,1774272600,191.69
2026-03-24,1774359000,191.92
2026-03-25,1774445400,192.85
2026-03-26,1774531800,191.08
2026-03-27,1774618200,188.46
2026-03-30,1774877400,188.07
2026-03-31,1774963800,191.92
2026-04-01,1775050200,192.54
2026-04-02,1775136600,193.09
2026-04-06,1775482200,193.92
2026-04-07,1775568600,193.49
2026-04-08,1775655000,197.96
2026-04-09,1775741400,198.08
2026-04-10,1775827800,196.65
2026-04-13,1776087000,198.83
2026-04-14,1776173400,199.66
2026-04-15,1776259800,199.73
2026-04-16,1776346200,200.64
2026-04-17,1776432600,203.16
2026-04-20,1776691800,203.8
2026-04-21,1776778200,202.55
2026-04-22,1776864600,202.46
2026-04-23,1776951000,202.45
2026-04-24,1777037400,202.03
2026-04-27,1777296600,201.79
2026-04-28,1777383000,200.76
2026-04-29,1777469400,200.41
2026-04-30,1777555800,203.44
2026-05-01,1777642200,202.82
2026-05-04,1777901400,201.64
2026-05-05,1777987800,203.24
2026-05-06,1778074200,204.85
2026-05-07,1778160600,203.54
2026-05-08,1778247000,204.1
2026-05-11,1778506200,203.99
2026-05-12,1778592600,203.81
2026-05-13,1778679000,202.92
2026-05-14,1778765400,203.66
2026-05-15,1778851800,201.56
2026-05-18,1779111000,202.8
2026-05-19,1779197400,201.62
2026-05-20,1779283800,203.83
2026-05-21,1779370200,204.71
2026-05-22,1779456600,206.58
2026-05-26,1779802200,207.64
2026-05-27,1779888600,207.49
2026-05-28,1779975000,208.25
2026-05-29,1780061400,208.83
2026-06-01,1780320600,209.21
2026-06-02,1780407000,210.04
2026-06-03,1780493400,209.25
2026-06-04,1780579800,210.83
2026-06-05,1780666200,207.83
2026-06-08,1780925400,207.61
2026-06-09,1781011800,209.19
2026-06-10,1781098200,206.53
2026-06-11,1781184600,209.75
2026-06-12,1781271000,211.65
2026-06-15,1781530200,212.88
2026-06-16,1781616600,212.17
2026-06-17,1781703000,208.99
2026-06-18,1781789400,209.96
2026-06-22,1782135000,209.61
2026-06-23,1782221400,208.89
2026-06-24,1782307800,210.38
2026-06-25,1782394200,211.75
2026-06-26,1782480600,210.31
2026-06-29,1782739800,213.05
2026-06-30,1782826200,212.77
2026-07-01,1782912600,213.41
2026-07-02,1782999000,214.91
2026-07-06,1783344600,215
2026-07-07,1783431000,214.73
2026-07-08,1783517400,212.2
2026-07-09,1783603800,213.5
2026-07-10,1783690200,214.3
2026-07-13,1783949400,214.23
2026-07-14,1784035800,213.45
2026-07-15,1784122200,212.97
2026-07-16,1784208600,215.06
2026-07-17,1784295000,213.37
2026-07-20,1784554200,212.42
2026-07-21,1784640600,212.76
2026-07-22,1784727000,212.7
2026-07-23,1784813400,211.92
2026-07-24,1784899800,213.57
2026-07-27,1785159000,215.18
2026-07-28,1785245400,217.69
2026-07-29,1785331800,215.73
2026-07-30,1785418200,215.38
2026-07-31,1785504600,215.01
2026-08-03,1785763800,217.11
2026-08-04,1785850200,220.23
2026-08-05,1785936600,219.73
2026-08-06,1786023000,218.58
2026-08-07,1786109400,220.09
2026-08-10,1786368600,220.22
2026-08-11,1786455000,220.69
2026-08-12,1786541400,221.08
2026-08-13,1786627800,222.73
2026-08-14,1786714200,222.77
2026-08-17,1786973400,220.79
2026-08-18,1787059800,219.79
2026-08-19,1787146200,222.07
2026-08-20,1787232600,220.28
2026-08-21,1787319000,221.67
2026-08-24,1787578200,221.93
2026-08-25,1787664600,221.77
2026-08-26,1787751000,222.11
2026-08-27,1787837400,221.45
2026-08-28,1787923800,220.69
2026-08-31,1788183000,219.39
2026-09-01,1788269400,217.59
2026-09-02,1788355800,218.6
2026-09-03,1788442200,220.05
2026-09-04,1788528600,219
2026-09-08,1788874200,216.73
2026-09-09,1788960600,214.64
2026-09-10,1789047000,213.17
2026-09-11,1789133400,214.87
2026-09-14,1789392600,215.01
2026-09-15,1789479000,213.96
2026-09-16,1789565400,212.28
2026-09-17,1789651800,213.31
2026-09-18,1789738200,212.29
2026-09-21,1789997400,212.68
2026-09-22,1790083800,212.8
2026-09-23,1790170200,211.31
2026-09-24,1790256600,210.26
2026-09-25,1790343000,211.11
2026-09-28,1790602200,209.74
2026-09-29,1790688600,209.5
2026-09-30,1790775000,208.02
2026-10-01,1790861400,209
2026-10-02,1790947800,209.73
