date,timestamp_utc,close
2006-11-15,1163601000,25.67
2006-11-16,1163687400,25.85001
2006-11-17,1163773800,25.89
2006-11-20,1164033000,25.81
2006-11-21,1164119400,25.77
2006-11-22,1164205800,25.83
2006-11-24,1164378600,25.73
2006-11-27,1164637800,25.41
2006-11-28,1164724200,25.52
2006-11-29,1164810600,25.74001
2006-11-30,1164897000,25.61
2006-12-01,1164983400,25.53
2006-12-04,1165242600,25.89999
2006-12-05,1165329000,26.03999
2006-12-06,1165415400,26.07001
2006-12-07,1165501800,26.02
2006-12-08,1165588200,26.07001
2006-12-11,1165847400,26.12
2006-12-12,1165933800,26.06
2006-12-13,1166020200,26.05
2006-12-14,1166106600,26.14999
2006-12-15,1166193000,26.06
2006-12-18,1166452200,26.03999
2006-12-19,1166538600,26.06
2006-12-20,1166625000,26.08
2006-12-21,1166711400,26.09
2006-12-22,1166797800,26.07001
2006-12-26,1167143400,26.17
2006-12-27,1167229800,26.25999
2006-12-28,1167316200,26.25
2006-12-29,1167402600,26.12
2007-01-03,1167834600,26.287
2007-01-04,1167921000,26.33
2007-01-05,1168007400,26.14
2007-01-08,1168266600,26.17999
2007-01-09,1168353000,26.24001
2007-01-10,1168439400,26.35001
2007-01-11,1168525800,26.55
2007-01-12,1168612200,26.50999
2007-01-16,1168957800,26.53
2007-01-17,1169044200,26.61
2007-01-18,1169130600,26.57001
2007-01-19,1169217000,26.61
2007-01-22,1169476200,26.58
2007-01-23,1169562600,26.63
2007-01-24,1169649000,26.73
2007-01-25,1169735400,26.56
2007-01-26,1169821800,26.49001
2007-01-29,1170081000,26.56
2007-01-30,1170167400,26.53999
2007-01-31,1170253800,26.64999
2007-02-01,1170340200,26.75
2007-02-02,1170426600,26.8
2007-02-05,1170685800,26.71001
2007-02-06,1170772200,26.67
2007-02-07,1170858600,26.61
2007-02-08,1170945000,26.56
2007-02-09,1171031400,26.52
2007-02-12,1171290600,26.46001
2007-02-13,1171377000,26.55
2007-02-14,1171463400,26.71001
2007-02-15,1171549800,26.87
2007-02-16,1171636200,26.91
2007-02-20,1171981800,27.05
2007-02-21,1172068200,26.89999
2007-02-22,1172154600,26.8
2007-02-23,1172241000,26.82001
2007-02-26,1172500200,26.81
2007-02-27,1172586600,26.2
2007-02-28,1172673000,26.3
2007-03-01,1172759400,26.3
2007-03-02,1172845800,25.89
2007-03-05,1173105000,25.8
2007-03-06,1173191400,26
2007-03-07,1173277800,25.89999
2007-03-08,1173364200,26.14
2007-03-09,1173450600,26.22
2007-03-12,1173706200,26.25
2007-03-13,1173792600,25.75
2007-03-14,1173879000,25.8
2007-03-15,1173965400,26.13
2007-03-16,1174051800,25.92999
2007-03-19,1174311000,26.10001
2007-03-20,1174397400,26.35001
2007-03-21,1174483800,26.60001
2007-03-22,1174570200,26.73
2007-03-23,1174656600,26.78999
2007-03-26,1174915800,26.60001
2007-03-27,1175002200,26.48
2007-03-28,1175088600,26.42999
2007-03-29,1175175000,26.58
2007-03-30,1175261400,26.64999
2007-04-02,1175520600,26.72
2007-04-03,1175607000,26.89999
2007-04-04,1175693400,27.02
2007-04-05,1175779800,27.09
2007-04-09,1176125400,27.02
2007-04-10,1176211800,27.14999
2007-04-11,1176298200,26.97
2007-04-12,1176384600,27
2007-04-13,1176471000,27.09
2007-04-16,1176730200,27.14999
2007-04-17,1176816600,27.39999
2007-04-18,1176903000,27.33
2007-04-19,1176989400,27.35001
2007-04-20,1177075800,27.60001
2007-04-23,1177335000,27.53999
2007-04-24,1177421400,27.53
2007-04-25,1177507800,27.67
2007-04-26,1177594200,27.56
2007-04-27,1177680600,27.5
2007-04-30,1177939800,27.39999
2007-05-01,1178026200,27.28999
2007-05-02,1178112600,27.3
2007-05-03,1178199000,27.39999
2007-05-04,1178285400,27.39999
2007-05-07,1178544600,27.45
2007-05-08,1178631000,27.25999
2007-05-09,1178717400,27.3
2007-05-10,1178803800,27.13
2007-05-11,1178890200,27.2
2007-05-14,1179149400,27.10001
2007-05-15,1179235800,27.28
2007-05-16,1179322200,27.56
2007-05-17,1179408600,27.49001
2007-05-18,1179495000,27.69
2007-05-21,1179754200,27.48
2007-05-22,1179840600,27.53
2007-05-23,1179927000,27.45
2007-05-24,1180013400,27.33
2007-05-25,1180099800,27.5
2007-05-29,1180445400,27.60001
2007-05-30,1180531800,27.73
2007-05-31,1180618200,27.77
2007-06-01,1180704600,27.89999
2007-06-04,1180963800,28
2007-06-05,1181050200,27.83
2007-06-06,1181136600,27.64999
2007-06-07,1181223000,27.3
2007-06-08,1181309400,27.46001
2007-06-11,1181568600,27.61
2007-06-12,1181655000,27.35001
2007-06-13,1181741400,27.56
2007-06-14,1181827800,27.60001
2007-06-15,1181914200,27.49001
2007-06-18,1182173400,27.35001
2007-06-19,1182259800,27.14999
2007-06-20,1182346200,27.12
2007-06-21,1182432600,27.2
2007-06-22,1182519000,27.05
2007-06-25,1182778200,26.92999
2007-06-26,1182864600,26.86
2007-06-27,1182951000,27.07001
2007-06-28,1183037400,27.02
2007-06-29,1183123800,27.05
2007-07-02,1183383000,27.27
2007-07-03,1183469400,27.25999
2007-07-05,1183642200,27.24001
2007-07-06,1183728600,27.39999
2007-07-09,1183987800,27.39999
2007-07-10,1184074200,27.14999
2007-07-11,1184160600,27.28
2007-07-12,1184247000,27.50999
2007-07-13,1184333400,27.7
2007-07-16,1184592600,27.59
2007-07-17,1184679000,27.46001
2007-07-18,1184765400,27.47
2007-07-19,1184851800,27.56
2007-07-20,1184938200,27.39999
2007-07-23,1185197400,27.39999
2007-07-24,1185283800,27.2
2007-07-25,1185370200,27.2
2007-07-26,1185456600,26.8
2007-07-27,1185543000,26.44
2007-07-30,1185802200,26.5
2007-07-31,1185888600,26.28
2007-08-01,1185975000,26.67
2007-08-02,1186061400,26.7
2007-08-03,1186147800,26.64999
2007-08-06,1186407000,27.34
2007-08-07,1186493400,27.27
2007-08-08,1186579800,27.75
2007-08-09,1186666200,27.25
2007-08-10,1186752600,27.10001
2007-08-13,1187011800,27.02
2007-08-14,1187098200,26.59
2007-08-15,1187184600,26.45
2007-08-16,1187271000,26.52
2007-08-17,1187357400,26.64999
2007-08-20,1187616600,26.85001
2007-08-21,1187703000,26.85001
2007-08-22,1187789400,26.92
2007-08-23,1187875800,26.92999
2007-08-24,1187962200,27.12
2007-08-27,1188221400,27
2007-08-28,1188307800,26.69
2007-08-29,1188394200,26.92
2007-08-30,1188480600,26.83
2007-08-31,1188567000,26.89999
2007-09-04,1188912600,27.19
2007-09-05,1188999000,26.94
2007-09-06,1189085400,26.87
2007-09-07,1189171800,26.75
2007-09-10,1189431000,26.82001
2007-09-11,1189517400,27
2007-09-12,1189603800,27.14
2007-09-13,1189690200,27.22
2007-09-14,1189776600,27.38
2007-09-17,1190035800,27.22
2007-09-18,1190122200,27.75
2007-09-19,1190208600,27.77
2007-09-20,1190295000,27.8
2007-09-21,1190381400,27.66
2007-09-24,1190640600,27.64
2007-09-25,1190727000,27.60001
2007-09-26,1190813400,27.78999
2007-09-27,1190899800,27.89
2007-09-28,1190986200,27.98
2007-10-01,1191245400,27.89999
2007-10-02,1191331800,27.91
2007-10-03,1191418200,27.84
2007-10-04,1191504600,27.89999
2007-10-05,1191591000,28
2007-10-08,1191850200,27.82001
2007-10-09,1191936600,27.98
2007-10-10,1192023000,28.10001
2007-10-11,1192109400,28.17
2007-10-12,1192195800,28.23
2007-10-15,1192455000,28.14
2007-10-16,1192541400,28.02
2007-10-17,1192627800,28.12
2007-10-18,1192714200,28.02
2007-10-19,1192800600,27.73
2007-10-22,1193059800,27.91
2007-10-23,1193146200,28
2007-10-24,1193232600,27.92
2007-10-25,1193319000,28.14999
2007-10-26,1193405400,28.34
2007-10-29,1193664600,28.35001
2007-10-30,1193751000,28.23
2007-10-31,1193837400,28.41
2007-11-01,1193923800,27.85001
2007-11-02,1194010200,28.03
2007-11-05,1194273000,28.07001
2007-11-06,1194359400,28.25999
2007-11-07,1194445800,27.95
2007-11-08,1194532200,28.14999
2007-11-09,1194618600,27.88
2007-11-12,1194877800,27.89999
2007-11-13,1194964200,28.32001
2007-11-14,1195050600,28.46001
2007-11-15,1195137000,28.44
2007-11-16,1195223400,28.57001
2007-11-19,1195482600,28.37
2007-11-20,1195569000,28.60001
2007-11-21,1195655400,28.25
2007-11-23,1195828200,28.53999
2007-11-26,1196087400,28.25
2007-11-27,1196173800,28.55
2007-11-28,1196260200,29
2007-11-29,1196346600,29.14999
2007-11-30,1196433000,29.19
2007-12-03,1196692200,29.08
2007-12-04,1196778600,29.03999
2007-12-05,1196865000,29.16
2007-12-06,1196951400,29.14999
2007-12-07,1197037800,29.46001
2007-12-10,1197297000,29.49001
2007-12-11,1197383400,29.17
2007-12-12,1197469800,29.25
2007-12-13,1197556200,29.38
2007-12-14,1197642600,29.02
2007-12-17,1197901800,28.82001
2007-12-18,1197988200,28.69
2007-12-19,1198074600,28.92999
2007-12-20,1198161000,28.8
2007-12-21,1198247400,29.34
2007-12-24,1198506600,29.3
2007-12-26,1198679400,29.2
2007-12-27,1198765800,28.92
2007-12-28,1198852200,29.03
2007-12-31,1199111400,28.8
2008-01-02,1199284200,28.39
2008-01-03,1199370600,28.24001
2008-01-04,1199457000,28.12
2008-01-07,1199716200,28.45
2008-01-08,1199802600,28.24001
2008-01-09,1199889000,28.62
2008-01-10,1199975400,28.67
2008-01-11,1200061800,28.27
2008-01-14,1200321000,28.14999
2008-01-15,1200407400,27.85001
2008-01-16,1200493800,27.75
2008-01-17,1200580200,27.55
2008-01-18,1200666600,27.14999
2008-01-22,1201012200,26.87
2008-01-23,1201098600,27.2
2008-01-24,1201185000,27.07001
2008-01-25,1201271400,26.7
2008-01-28,1201530600,26.91
2008-01-29,1201617000,26.99001
2008-01-30,1201703400,26.8
2008-01-31,1201789800,27.2
2008-02-01,1201876200,27.47
2008-02-04,1202135400,27.3
2008-02-05,1202221800,26.92999
2008-02-06,1202308200,26.82001
2008-02-07,1202394600,27.10001
2008-02-08,1202481000,26.8
2008-02-11,1202740200,27.14
2008-02-12,1202826600,27.5
2008-02-13,1202913000,27.37
2008-02-14,1202999400,27.23
2008-02-15,1203085800,27.35001
2008-02-19,1203431400,27.78999
2008-02-20,1203517800,27.2
2008-02-21,1203604200,27.3
2008-02-22,1203690600,27.60001
2008-02-25,1203949800,27.64
2008-02-26,1204036200,27.98
2008-02-27,1204122600,27.60001
2008-02-28,1204209000,27.64999
2008-02-29,1204295400,27.13
2008-03-03,1204554600,27.39999
2008-03-04,1204641000,27.38
2008-03-05,1204727400,27.45
2008-03-06,1204813800,27.2
2008-03-07,1204900200,27.07001
2008-03-10,1205155800,26.92999
2008-03-11,1205242200,27.5
2008-03-12,1205328600,27.42999
2008-03-13,1205415000,27.42999
2008-03-14,1205501400,26.96001
2008-03-17,1205760600,26.81
2008-03-18,1205847000,27.3
2008-03-19,1205933400,27.45
2008-03-20,1206019800,27.6201
2008-03-24,1206365400,27.92999
2008-03-25,1206451800,28
2008-03-26,1206538200,27.77
2008-03-27,1206624600,27.91
2008-03-28,1206711000,27.88
2008-03-31,1206970200,27.86
2008-04-01,1207056600,28.2
2008-04-02,1207143000,28.21001
2008-04-03,1207229400,28.13
2008-04-04,1207315800,28.37
2008-04-07,1207575000,28.19
2008-04-08,1207661400,28.17999
2008-04-09,1207747800,27.89999
2008-04-10,1207834200,27.97
2008-04-11,1207920600,27.78999
2008-04-14,1208179800,27.78
2008-04-15,1208266200,27.95
2008-04-16,1208352600,28.11
2008-04-17,1208439000,28.14999
2008-04-18,1208525400,27.96001
2008-04-21,1208784600,28.03999
2008-04-22,1208871000,27.87
2008-04-23,1208957400,28.05
2008-04-24,1209043800,28.09
2008-04-25,1209130200,27.92999
2008-04-28,1209389400,28.10001
2008-04-29,1209475800,28.13
2008-04-30,1209562200,27.64999
2008-05-01,1209648600,28.14999
2008-05-02,1209735000,28.112
2008-05-05,1209994200,28.00999
2008-05-06,1210080600,28.19
2008-05-07,1210167000,27.92
2008-05-08,1210253400,28
2008-05-09,1210339800,27.84
2008-05-12,1210599000,28.14999
2008-05-13,1210685400,28.05
2008-05-14,1210771800,28.16
2008-05-15,1210858200,28.5
2008-05-16,1210944600,28.49001
2008-05-19,1211203800,28.64999
2008-05-20,1211290200,28.22
2008-05-21,1211376600,27.92999
2008-05-22,1211463000,28.23
2008-05-23,1211549400,28.08
2008-05-27,1211895000,28.16
2008-05-28,1211981400,28.2
2008-05-29,1212067800,28.31
2008-05-30,1212154200,28.49001
2008-06-02,1212413400,28.24001
2008-06-03,1212499800,28.39
2008-06-04,1212586200,28.37
2008-06-05,1212672600,28.66
2008-06-06,1212759000,27.95
2008-06-09,1213018200,28.05
2008-06-10,1213104600,28.10001
2008-06-11,1213191000,27.95
2008-06-12,1213277400,28.14
2008-06-13,1213363800,28.12
2008-06-16,1213623000,27.82001
2008-06-17,1213709400,27.73
2008-06-18,1213795800,27.42
2008-06-19,1213882200,27.50999
2008-06-20,1213968600,27.08
2008-06-23,1214227800,26.98
2008-06-24,1214314200,27.07001
2008-06-25,1214400600,27.67999
2008-06-26,1214487000,26.84
2008-06-27,1214573400,26.56
2008-06-30,1214832600,26.75
2008-07-01,1214919000,26.72
2008-07-02,1215005400,26.69
2008-07-03,1215091800,26.67
2008-07-07,1215437400,26.94
2008-07-08,1215523800,27.28999
2008-07-09,1215610200,27.02
2008-07-10,1215696600,27.22
2008-07-11,1215783000,26.92999
2008-07-14,1216042200,26.95
2008-07-15,1216128600,26.89999
2008-07-16,1216215000,27.24001
2008-07-17,1216301400,27.28999
2008-07-18,1216387800,26.83
2008-07-21,1216647000,26.77
2008-07-22,1216733400,27.24001
2008-07-23,1216819800,27.42999
2008-07-24,1216906200,27.25999
2008-07-25,1216992600,27.11
2008-07-28,1217251800,26.88
2008-07-29,1217338200,27.50999
2008-07-30,1217424600,27.83
2008-07-31,1217511000,27.39999
2008-08-01,1217597400,27.35001
2008-08-04,1217856600,27.60001
2008-08-05,1217943000,28.08
2008-08-06,1218029400,28.38
2008-08-07,1218115800,27.83
2008-08-08,1218202200,28.41
2008-08-11,1218461400,28.66
2008-08-12,1218547800,28.86
2008-08-13,1218634200,28.57001
2008-08-14,1218720600,28.7
2008-08-15,1218807000,28.98
2008-08-18,1219066200,28.86
2008-08-19,1219152600,28.47
2008-08-20,1219239000,28.48
2008-08-21,1219325400,28.17
2008-08-22,1219411800,28.67999
2008-08-25,1219671000,28.22
2008-08-26,1219757400,28.11
2008-08-27,1219843800,28.24001
2008-08-28,1219930200,28.42
2008-08-29,1220016600,28.14
2008-09-02,1220362200,28.45
2008-09-03,1220448600,28.24001
2008-09-04,1220535000,28.06
2008-09-05,1220621400,28.32001
2008-09-08,1220880600,28.92
2008-09-09,1220967000,28.77
2008-09-10,1221053400,28.97
2008-09-11,1221139800,29.09
2008-09-12,1221226200,29.14999
2008-09-15,1221485400,28.8
2008-09-16,1221571800,28.8
2008-09-17,1221658200,27.77
2008-09-18,1221744600,27.95
2008-09-19,1221831000,27.7
2008-09-22,1222090200,27.55
2008-09-23,1222176600,27.17999
2008-09-24,1222263000,27.13
2008-09-25,1222349400,27.8
2008-09-26,1222435800,27.7
2008-09-29,1222695000,26.66
2008-09-30,1222781400,27.60001
2008-10-01,1222867800,27.8
2008-10-02,1222954200,27.45
2008-10-03,1223040600,27.23
2008-10-06,1223299800,26.44
2008-10-07,1223386200,25.60001
2008-10-08,1223472600,24.89999
2008-10-09,1223559000,23.39999
2008-10-10,1223645400,23.60001
2008-10-13,1223904600,24.7
2008-10-14,1223991000,24.75
2008-10-15,1224077400,23.89999
2008-10-16,1224163800,24.13
2008-10-17,1224250200,24.31
2008-10-20,1224509400,24.50999
2008-10-21,1224595800,24.28
2008-10-22,1224682200,23.89999
2008-10-23,1224768600,24
2008-10-24,1224855000,22.8
2008-10-27,1225114200,22.22
2008-10-28,1225200600,23.75
2008-10-29,1225287000,23.28999
2008-10-30,1225373400,24.27
2008-10-31,1225459800,24.12
2008-11-03,1225722600,24.49001
2008-11-04,1225809000,24.85001
2008-11-05,1225895400,24.41
2008-11-06,1225981800,24.14999
2008-11-07,1226068200,24.25999
2008-11-10,1226327400,24.33
2008-11-11,1226413800,23.78
2008-11-12,1226500200,23.27
2008-11-13,1226586600,24.2
2008-11-14,1226673000,23.48
2008-11-17,1226932200,23.17
2008-11-18,1227018600,23.33
2008-11-19,1227105000,22.73
2008-11-20,1227191400,21.94
2008-11-21,1227277800,22.99001
2008-11-24,1227537000,23.28
2008-11-25,1227623400,23.41
2008-11-26,1227709800,23.71001
2008-11-28,1227882600,24.07001
2008-12-01,1228141800,22.74001
2008-12-02,1228228200,23.07001
2008-12-03,1228314600,23.35001
2008-12-04,1228401000,23.05
2008-12-05,1228487400,23.7
2008-12-08,1228746600,23.84
2008-12-09,1228833000,23.38
2008-12-10,1228919400,23.37
2008-12-11,1229005800,23.11
2008-12-12,1229092200,23.14
2008-12-15,1229351400,23.12
2008-12-16,1229437800,23.66
2008-12-17,1229524200,23.53999
2008-12-18,1229610600,23.62
2008-12-19,1229697000,23.23
2008-12-22,1229956200,23.28999
2008-12-23,1230042600,23.10001
2008-12-24,1230129000,23.3
2008-12-26,1230301800,23.32001
2008-12-29,1230561000,23.27
2008-12-30,1230647400,23.64
2008-12-31,1230733800,23.87
2009-01-02,1230906600,24.21001
2009-01-05,1231165800,24.31
2009-01-06,1231252200,23.95
2009-01-07,1231338600,23.71001
2009-01-08,1231425000,23.39999
2009-01-09,1231511400,23
2009-01-12,1231770600,23.00999
2009-01-13,1231857000,23.14999
2009-01-14,1231943400,22.64
2009-01-15,1232029800,22.74001
2009-01-16,1232116200,22.95
2009-01-20,1232461800,22.67999
2009-01-21,1232548200,22.78999
2009-01-22,1232634600,22.77
2009-01-23,1232721000,22.55
2009-01-26,1232980200,22.7
2009-01-27,1233066600,22.82001
2009-01-28,1233153000,23.05
2009-01-29,1233239400,22.85001
2009-01-30,1233325800,22.14999
2009-02-02,1233585000,21.96001
2009-02-03,1233671400,22.44
2009-02-04,1233757800,21.83
2009-02-05,1233844200,22.14
2009-02-06,1233930600,22.52
2009-02-09,1234189800,22.3
2009-02-10,1234276200,21.58
2009-02-11,1234362600,21.7
2009-02-12,1234449000,21.89999
2009-02-13,1234535400,21.56
2009-02-17,1234881000,21.248
2009-02-18,1234967400,21.36
2009-02-19,1235053800,21.63
2009-02-20,1235140200,21.3
2009-02-23,1235399400,20.75
2009-02-24,1235485800,21.14999
2009-02-25,1235572200,20.95
2009-02-26,1235658600,20.4872
2009-02-27,1235745000,20.36
2009-03-02,1236004200,19.97
2009-03-03,1236090600,19.73
2009-03-04,1236177000,20.11
2009-03-05,1236263400,19.64999
2009-03-06,1236349800,19.71001
2009-03-09,1236605400,19.41
2009-03-10,1236691800,19.77
2009-03-11,1236778200,19.75
2009-03-12,1236864600,20.25999
2009-03-13,1236951000,20.56
2009-03-16,1237210200,20.88
2009-03-17,1237296600,21.27
2009-03-18,1237383000,21.16
2009-03-19,1237469400,20.89
2009-03-20,1237555800,20.57001
2009-03-23,1237815000,21.47
2009-03-24,1237901400,21.37
2009-03-25,1237987800,21.58
2009-03-26,1238074200,21.82001
2009-03-27,1238160600,21.61
2009-03-30,1238419800,21.14
2009-03-31,1238506200,21.10001
2009-04-01,1238592600,21.46001
2009-04-02,1238679000,21.91
2009-04-03,1238765400,21.82001
2009-04-06,1239024600,21.88
2009-04-07,1239111000,21.48
2009-04-08,1239197400,21.66
2009-04-09,1239283800,21.67
2009-04-13,1239629400,21.61
2009-04-14,1239715800,21.31
2009-04-15,1239802200,21.69
2009-04-16,1239888600,21.98
2009-04-17,1239975000,22.09
2009-04-20,1240234200,21.66
2009-04-21,1240320600,21.88
2009-04-22,1240407000,21.59
2009-04-23,1240493400,21.59
2009-04-24,1240579800,21.5
2009-04-27,1240839000,21.63
2009-04-28,1240925400,21.73
2009-04-29,1241011800,22.09
2009-04-30,1241098200,22
2009-05-01,1241184600,22.09
2009-05-04,1241443800,22.42999
2009-05-05,1241530200,22.24001
2009-05-06,1241616600,22.38
2009-05-07,1241703000,22.47
2009-05-08,1241789400,22.75999
2009-05-11,1242048600,22.64999
2009-05-12,1242135000,22.92
2009-05-13,1242221400,22.5
2009-05-14,1242307800,22.58
2009-05-15,1242394200,22.37
2009-05-18,1242653400,22.84
2009-05-19,1242739800,22.97
2009-05-20,1242826200,23
2009-05-21,1242912600,22.78999
2009-05-22,1242999000,22.92999
2009-05-26,1243344600,23.22
2009-05-27,1243431000,22.63
2009-05-28,1243517400,22.87
2009-05-29,1243603800,23.12
2009-06-01,1243863000,23.58
2009-06-02,1243949400,23.82001
2009-06-03,1244035800,23.7
2009-06-04,1244122200,23.74001
2009-06-05,1244208600,23.62
2009-06-08,1244467800,23.71001
2009-06-09,1244554200,23.5
2009-06-10,1244640600,23.24001
2009-06-11,1244727000,23.34
2009-06-12,1244813400,23.52
2009-06-15,1245072600,22.95
2009-06-16,1245159000,22.64999
2009-06-17,1245245400,22.88
2009-06-18,1245331800,23.3
2009-06-19,1245418200,22.89
2009-06-22,1245677400,22.8
2009-06-23,1245763800,22.66
2009-06-24,1245850200,22.72
2009-06-25,1245936600,23.11
2009-06-26,1246023000,23.03
2009-06-29,1246282200,23.17
2009-06-30,1246368600,22.99001
2009-07-01,1246455000,23.38
2009-07-02,1246541400,22.89
2009-07-06,1246887000,23.36
2009-07-07,1246973400,23.07001
2009-07-08,1247059800,23.17
2009-07-09,1247146200,23
2009-07-10,1247232600,22.89
2009-07-13,1247491800,23.3
2009-07-14,1247578200,23.37
2009-07-15,1247664600,23.75
2009-07-16,1247751000,23.91
2009-07-17,1247837400,23.92999
2009-07-20,1248096600,24
2009-07-21,1248183000,23.97
2009-07-22,1248269400,23.98
2009-07-23,1248355800,24.31
2009-07-24,1248442200,24.53
2009-07-27,1248701400,24.44
2009-07-28,1248787800,24.47
2009-07-29,1248874200,24.60001
2009-07-30,1248960600,24.57001
2009-07-31,1249047000,24.52
2009-08-03,1249306200,24.55
2009-08-04,1249392600,24.59
2009-08-05,1249479000,24.42999
2009-08-06,1249565400,24.17999
2009-08-07,1249651800,24.28
2009-08-10,1249911000,24.3
2009-08-11,1249997400,24.3
2009-08-12,1250083800,24.28999
2009-08-13,1250170200,24.42999
2009-08-14,1250256600,24.39999
2009-08-17,1250515800,24.14999
2009-08-18,1250602200,24.19
2009-08-19,1250688600,24.35001
2009-08-20,1250775000,24.47
2009-08-21,1250861400,24.74001
2009-08-24,1251120600,24.75
2009-08-25,1251207000,24.78999
2009-08-26,1251293400,24.87
2009-08-27,1251379800,24.87
2009-08-28,1251466200,24.77
2009-08-31,1251725400,24.82001
2009-09-01,1251811800,24.59
2009-09-02,1251898200,24.61
2009-09-03,1251984600,24.66
2009-09-04,1252071000,24.84
2009-09-08,1252416600,25.05
2009-09-09,1252503000,25.03999
2009-09-10,1252589400,25.22
2009-09-11,1252675800,25.33
2009-09-14,1252935000,25.27
2009-09-15,1253021400,25.14
2009-09-16,1253107800,25.34
2009-09-17,1253194200,25.25
2009-09-18,1253280600,25.39999
2009-09-21,1253539800,25.32001
2009-09-22,1253626200,25.37
2009-09-23,1253712600,25.37
2009-09-24,1253799000,25.24001
2009-09-25,1253885400,25.24001
2009-09-28,1254144600,25.28999
2009-09-29,1254231000,25.41
2009-09-30,1254317400,25.46001
2009-10-01,1254403800,25.23
2009-10-02,1254490200,25.31
2009-10-05,1254749400,25.37
2009-10-06,1254835800,25.60001
2009-10-07,1254922200,25.71001
2009-10-08,1255008600,25.86
2009-10-09,1255095000,25.92
2009-10-12,1255354200,26.03
2009-10-13,1255440600,25.94
2009-10-14,1255527000,26.03
2009-10-15,1255613400,26.23
2009-10-16,1255699800,26.37
2009-10-19,1255959000,26.52
2009-10-20,1256045400,26.49001
2009-10-21,1256131800,26.285
2009-10-22,1256218200,26.33
2009-10-23,1256304600,26.07001
2009-10-26,1256563800,25.87
2009-10-27,1256650200,25.89
2009-10-28,1256736600,25.82001
2009-10-29,1256823000,26.24001
2009-10-30,1256909400,25.83
2009-11-02,1257172200,26.08
2009-11-03,1257258600,25.91
2009-11-04,1257345000,26.00999
2009-11-05,1257431400,26.13
2009-11-06,1257517800,26.2
2009-11-09,1257777000,26.63
2009-11-10,1257863400,26.62
2009-11-11,1257949800,26.7
2009-11-12,1258036200,26.53999
2009-11-13,1258122600,26.72
2009-11-16,1258381800,26.87
2009-11-17,1258468200,27
2009-11-18,1258554600,26.98
2009-11-19,1258641000,26.85001
2009-11-20,1258727400,26.89
2009-11-23,1258986600,27.12
2009-11-24,1259073000,27.17999
2009-11-25,1259159400,27.13
2009-11-27,1259332200,26.88
2009-11-30,1259591400,26.78
2009-12-01,1259677800,27.14999
2009-12-02,1259764200,27.12
2009-12-03,1259850600,26.91
2009-12-04,1259937000,27.05
2009-12-07,1260196200,27.02
2009-12-08,1260282600,26.71001
2009-12-09,1260369000,26.75999
2009-12-10,1260455400,26.85001
2009-12-11,1260541800,27
2009-12-14,1260801000,27.10001
2009-12-15,1260887400,26.99001
2009-12-16,1260973800,26.86
2009-12-17,1261060200,26.53999
2009-12-18,1261146600,26.24001
2009-12-21,1261405800,26.38
2009-12-22,1261492200,26.56
2009-12-23,1261578600,26.58
2009-12-24,1261665000,26.67999
2009-12-28,1262010600,26.73
2009-12-29,1262097000,26.78
2009-12-30,1262183400,26.73
2009-12-31,1262269800,26.47
2010-01-04,1262615400,26.67
2010-01-05,1262701800,26.67999
2010-01-06,1262788200,26.66
2010-01-07,1262874600,26.66
2010-01-08,1262961000,26.57001
2010-01-11,1263220200,26.64
2010-01-12,1263306600,26.78999
2010-01-13,1263393000,26.98
2010-01-14,1263479400,26.89999
2010-01-15,1263565800,26.77
2010-01-19,1263911400,26.92999
2010-01-20,1263997800,26.73
2010-01-21,1264084200,26.35001
2010-01-22,1264170600,26.28999
2010-01-25,1264429800,26.34
2010-01-26,1264516200,26.31
2010-01-27,1264602600,26.37
2010-01-28,1264689000,26.3
2010-01-29,1264775400,26.2
2010-02-01,1265034600,26.39999
2010-02-02,1265121000,26.78
2010-02-03,1265207400,26.59
2010-02-04,1265293800,26.05
2010-02-05,1265380200,25.98
2010-02-08,1265639400,25.95
2010-02-09,1265725800,26.25999
2010-02-10,1265812200,26.23
2010-02-11,1265898600,26.44099
2010-02-12,1265985000,26.44
2010-02-16,1266330600,26.71001
2010-02-17,1266417000,26.89999
2010-02-18,1266503400,27.06
2010-02-19,1266589800,27.12
2010-02-22,1266849000,27.12
2010-02-23,1266935400,26.97
2010-02-24,1267021800,27.14
2010-02-25,1267108200,27.16
2010-02-26,1267194600,27.03
2010-03-01,1267453800,27.22
2010-03-02,1267540200,27.32001
2010-03-03,1267626600,27.33
2010-03-04,1267713000,27.42
2010-03-05,1267799400,27.59
2010-03-08,1268058600,27.49001
2010-03-09,1268145000,27.45
2010-03-10,1268231400,27.41
2010-03-11,1268317800,27.46001
2010-03-12,1268404200,27.48
2010-03-15,1268659800,27.689
2010-03-16,1268746200,27.82001
2010-03-17,1268832600,27.94
2010-03-18,1268919000,27.97
2010-03-19,1269005400,27.77
2010-03-22,1269264600,27.91
2010-03-23,1269351000,28.13
2010-03-24,1269437400,27.92999
2010-03-25,1269523800,27.89
2010-03-26,1269610200,27.91
2010-03-29,1269869400,28.03999
2010-03-30,1269955800,28.09
2010-03-31,1270042200,27.92999
2010-04-01,1270128600,28.11
2010-04-05,1270474200,28.11
2010-04-06,1270560600,28.02
2010-04-07,1270647000,27.84
2010-04-08,1270733400,27.89
2010-04-09,1270819800,28.03999
2010-04-12,1271079000,28.13
2010-04-13,1271165400,28.03999
2010-04-14,1271251800,28.08
2010-04-15,1271338200,28.03
2010-04-16,1271424600,27.91
2010-04-19,1271683800,28.02
2010-04-20,1271770200,28.099
2010-04-21,1271856600,28.10001
2010-04-22,1271943000,28.10001
2010-04-23,1272029400,28.03
2010-04-26,1272288600,27.97
2010-04-27,1272375000,27.48
2010-04-28,1272461400,27.7
2010-04-29,1272547800,27.78999
2010-04-30,1272634200,27.63
2010-05-03,1272893400,27.78999
2010-05-04,1272979800,27.50999
2010-05-05,1273066200,27.61
2010-05-06,1273152600,26.92
2010-05-07,1273239000,26.74001
2010-05-10,1273498200,27.52
2010-05-11,1273584600,27.50999
2010-05-12,1273671000,27.7
2010-05-13,1273757400,27.53
2010-05-14,1273843800,27.27
2010-05-17,1274103000,27.56
2010-05-18,1274189400,27.39999
2010-05-19,1274275800,27.33
2010-05-20,1274362200,26.52
2010-05-21,1274448600,26.62
2010-05-24,1274707800,26.42999
2010-05-25,1274794200,26.12
2010-05-26,1274880600,25.95
2010-05-27,1274967000,26.48
2010-05-28,1275053400,26.35001
2010-06-01,1275399000,26.28999
2010-06-02,1275485400,26.74001
2010-06-03,1275571800,26.78
2010-06-04,1275658200,26.07001
2010-06-07,1275917400,25.87
2010-06-08,1276003800,26.28999
2010-06-09,1276090200,26.24001
2010-06-10,1276176600,26.69
2010-06-11,1276263000,26.47
2010-06-14,1276522200,26.62
2010-06-15,1276608600,26.89
2010-06-16,1276695000,26.71001
2010-06-17,1276781400,26.95
2010-06-18,1276867800,26.66
2010-06-21,1277127000,26.59
2010-06-22,1277213400,26.3
2010-06-23,1277299800,26.47
2010-06-24,1277386200,26.14999
2010-06-25,1277472600,25.88
2010-06-28,1277731800,26.10001
2010-06-29,1277818200,25.67999
2010-06-30,1277904600,25.5
2010-07-01,1277991000,25.55
2010-07-02,1278077400,25.45
2010-07-06,1278423000,25.60001
2010-07-07,1278509400,26.09
2010-07-08,1278595800,26.48
2010-07-09,1278682200,26.48
2010-07-12,1278941400,26.57001
2010-07-13,1279027800,26.81
2010-07-14,1279114200,26.82001
2010-07-15,1279200600,26.89999
2010-07-16,1279287000,26.52
2010-07-19,1279546200,26.57001
2010-07-20,1279632600,26.89
2010-07-21,1279719000,26.60001
2010-07-22,1279805400,26.89999
2010-07-23,1279891800,27.14999
2010-07-26,1280151000,27.28999
2010-07-27,1280237400,27.39
2010-07-28,1280323800,27.24001
2010-07-29,1280410200,26.91
2010-07-30,1280496600,26.98
2010-08-02,1280755800,27.28999
2010-08-03,1280842200,27.05
2010-08-04,1280928600,27.14999
2010-08-05,1281015000,27.03
2010-08-06,1281101400,27.09
2010-08-09,1281360600,27.23
2010-08-10,1281447000,27.28999
2010-08-11,1281533400,26.84
2010-08-12,1281619800,26.81
2010-08-13,1281706200,26.8
2010-08-16,1281965400,26.77
2010-08-17,1282051800,27.03
2010-08-18,1282138200,27.05
2010-08-19,1282224600,26.73
2010-08-20,1282311000,26.73
2010-08-23,1282570200,26.78999
2010-08-24,1282656600,26.66
2010-08-25,1282743000,26.72
2010-08-26,1282829400,26.52
2010-08-27,1282915800,26.69
2010-08-30,1283175000,26.46001
2010-08-31,1283261400,26.48
2010-09-01,1283347800,26.95
2010-09-02,1283434200,27.12
2010-09-03,1283520600,27.28999
2010-09-07,1283866200,27.17999
2010-09-08,1283952600,27.3
2010-09-09,1284039000,27.39
2010-09-10,1284125400,27.52
2010-09-13,1284384600,27.55
2010-09-14,1284471000,27.60001
2010-09-15,1284557400,27.78999
2010-09-16,1284643800,27.82001
2010-09-17,1284730200,27.55
2010-09-20,1284989400,27.85001
2010-09-21,1285075800,27.8
2010-09-22,1285162200,27.85001
2010-09-23,1285248600,27.67
2010-09-24,1285335000,28.03999
2010-09-27,1285594200,27.88
2010-09-28,1285680600,28.06
2010-09-29,1285767000,27.98
2010-09-30,1285853400,27.88
2010-10-01,1285939800,27.92999
2010-10-04,1286199000,27.8475
2010-10-05,1286285400,28.11
2010-10-06,1286371800,28.23
2010-10-07,1286458200,28.13
2010-10-08,1286544600,28.19
2010-10-11,1286803800,28.22
2010-10-12,1286890200,28.28999
2010-10-13,1286976600,28.53
2010-10-14,1287063000,28.53999
2010-10-15,1287149400,28.61
2010-10-18,1287408600,28.71001
2010-10-19,1287495000,28.36
2010-10-20,1287581400,28.61
2010-10-21,1287667800,28.71001
2010-10-22,1287754200,28.81
2010-10-25,1288013400,28.88
2010-10-26,1288099800,28.72
2010-10-27,1288186200,28.57001
2010-10-28,1288272600,28.67
2010-10-29,1288359000,28.77
2010-11-01,1288618200,28.64999
2010-11-02,1288704600,28.82001
2010-11-03,1288791000,28.91
2010-11-04,1288877400,29.25999
2010-11-05,1288963800,29.11
2010-11-08,1289226600,29.06
2010-11-09,1289313000,28.91
2010-11-10,1289399400,28.82001
2010-11-11,1289485800,28.85001
2010-11-12,1289572200,28.71001
2010-11-15,1289831400,28.72
2010-11-16,1289917800,28.39999
2010-11-17,1290004200,28.41
2010-11-18,1290090600,28.78999
2010-11-19,1290177000,28.81
2010-11-22,1290436200,28.81
2010-11-23,1290522600,28.47
2010-11-24,1290609000,28.69
2010-11-26,1290781800,28.5
2010-11-29,1291041000,28.45
2010-11-30,1291127400,28.32001
2010-12-01,1291213800,28.78
2010-12-02,1291300200,28.8
2010-12-03,1291386600,28.81
2010-12-06,1291645800,28.74001
2010-12-07,1291732200,28.89999
2010-12-08,1291818600,29.00999
2010-12-09,1291905000,29.09
2010-12-10,1291991400,29.14
2010-12-13,1292250600,29.14
2010-12-14,1292337000,29.28
2010-12-15,1292423400,29.31
2010-12-16,1292509800,29.5675
2010-12-17,1292596200,29.36
2010-12-20,1292855400,29.33
2010-12-21,1292941800,29.25999
2010-12-22,1293028200,29.3875
2010-12-23,1293114600,29.39999
2010-12-27,1293460200,29.25999
2010-12-28,1293546600,29.34
2010-12-29,1293633000,29.35001
2010-12-30,1293719400,29.3
2010-12-31,1293805800,29.31
2011-01-03,1294065000,29.35001
2011-01-04,1294151400,29.27
2011-01-05,1294237800,29.28
2011-01-06,1294324200,29.17999
2011-01-07,1294410600,29.0325
2011-01-10,1294669800,29.05251
2011-01-11,1294756200,29.03
2011-01-12,1294842600,29.27
2011-01-13,1294929000,29.33
2011-01-14,1295015400,29.33
2011-01-18,1295361000,29.3475
2011-01-19,1295447400,29.28999
2011-01-20,1295533800,29.44
2011-01-21,1295620200,29.49001
2011-01-24,1295879400,29.53999
2011-01-25,1295965800,29.63499
2011-01-26,1296052200,29.56
2011-01-27,1296138600,29.25999
2011-01-28,1296225000,28.98
2011-01-31,1296484200,28.88
2011-02-01,1296570600,29.09
2011-02-02,1296657000,28.98
2011-02-03,1296743400,29.13
2011-02-04,1296829800,29.3
2011-02-07,1297089000,29.34
2011-02-08,1297175400,29.48
2011-02-09,1297261800,29.53
2011-02-10,1297348200,29.42
2011-02-11,1297434600,29.58
2011-02-14,1297693800,29.45
2011-02-15,1297780200,29.44
2011-02-16,1297866600,29.52
2011-02-17,1297953000,29.72
2011-02-18,1298039400,29.8
2011-02-22,1298385000,29.59
2011-02-23,1298471400,29.52
2011-02-24,1298557800,29.39999
2011-02-25,1298644200,29.55
2011-02-28,1298903400,29.72
2011-03-01,1298989800,29.49001
2011-03-02,1299076200,29.41
2011-03-03,1299162600,29.71001
2011-03-04,1299249000,29.58
2011-03-07,1299508200,29.5
2011-03-08,1299594600,29.75999
2011-03-09,1299681000,29.91
2011-03-10,1299767400,29.71001
2011-03-11,1299853800,29.73
2011-03-14,1300109400,29.52
2011-03-15,1300195800,29.25999
2011-03-16,1300282200,28.8425
2011-03-17,1300368600,28.98
2011-03-18,1300455000,29.05
2011-03-21,1300714200,29.41
2011-03-22,1300800600,29.37
2011-03-23,1300887000,29.42
2011-03-24,1300973400,29.69
2011-03-25,1301059800,29.69
2011-03-28,1301319000,29.67999
2011-03-29,1301405400,29.82001
2011-03-30,1301491800,29.98
2011-03-31,1301578200,29.92
2011-04-01,1301664600,30.07001
2011-04-04,1301923800,30.13
2011-04-05,1302010200,30.16
2011-04-06,1302096600,30.3
2011-04-07,1302183000,30.34
2011-04-08,1302269400,30.25
2011-04-11,1302528600,30.41
2011-04-12,1302615000,30.50999
2011-04-13,1302701400,30.53
2011-04-14,1302787800,30.71001
2011-04-15,1302874200,30.84
2011-04-18,1303133400,30.67
2011-04-19,1303219800,30.73
2011-04-20,1303306200,30.89
2011-04-21,1303392600,30.89999
2011-04-25,1303738200,30.82001
2011-04-26,1303824600,31.03
2011-04-27,1303911000,31.23
2011-04-28,1303997400,31.42999
2011-04-29,1304083800,31.52
2011-05-02,1304343000,31.56
2011-05-03,1304429400,31.64
2011-05-04,1304515800,31.60001
2011-05-05,1304602200,31.36
2011-05-06,1304688600,31.44
2011-05-09,1304947800,31.55
2011-05-10,1305034200,31.74001
2011-05-11,1305120600,31.67999
2011-05-12,1305207000,32.14999
2011-05-13,1305293400,32.11
2011-05-16,1305552600,32.12
2011-05-17,1305639000,32.19
2011-05-18,1305725400,32.24001
2011-05-19,1305811800,32.42
2011-05-20,1305898200,32.32001
2011-05-23,1306157400,32.09801
2011-05-24,1306243800,32.07001
2011-05-25,1306330200,31.86
2011-05-26,1306416600,31.91
2011-05-27,1306503000,32.03999
2011-05-31,1306848600,32.31
2011-06-01,1306935000,31.98
2011-06-02,1307021400,31.61
2011-06-03,1307107800,31.31
2011-06-06,1307367000,31.14999
2011-06-07,1307453400,31.08
2011-06-08,1307539800,31.10001
2011-06-09,1307626200,31.27
2011-06-10,1307712600,30.91
2011-06-13,1307971800,31.05
2011-06-14,1308058200,31.38
2011-06-15,1308144600,30.91
2011-06-16,1308231000,31.16
2011-06-17,1308317400,31.13499
2011-06-20,1308576600,31.37
2011-06-21,1308663000,31.34
2011-06-22,1308749400,31.14
2011-06-23,1308835800,30.86
2011-06-24,1308922200,30.61
2011-06-27,1309181400,30.75
2011-06-28,1309267800,30.81
2011-06-29,1309354200,30.99001
2011-06-30,1309440600,31.23
2011-07-01,1309527000,31.47
2011-07-05,1309872600,31.46001
2011-07-06,1309959000,31.63
2011-07-07,1310045400,31.85001
2011-07-08,1310131800,31.74001
2011-07-11,1310391000,31.50999
2011-07-12,1310477400,31.41
2011-07-13,1310563800,31.41
2011-07-14,1310650200,31.27
2011-07-15,1310736600,31.36
2011-07-18,1310995800,31.16
2011-07-19,1311082200,31.59
2011-07-20,1311168600,31.53999
2011-07-21,1311255000,31.8
2011-07-22,1311341400,31.74001
2011-07-25,1311600600,31.45
2011-07-26,1311687000,31.37
2011-07-27,1311773400,31.03
2011-07-28,1311859800,31.02901
2011-07-29,1311946200,30.83
2011-08-01,1312205400,30.72
2011-08-02,1312291800,30.32001
2011-08-03,1312378200,30.44
2011-08-04,1312464600,29.49001
2011-08-05,1312551000,29.91
2011-08-08,1312810200,28.78
2011-08-09,1312896600,29.48
2011-08-10,1312983000,28.35001
2011-08-11,1313069400,29.19
2011-08-12,1313155800,29.53999
2011-08-15,1313415000,29.96001
2011-08-16,1313501400,30.03
2011-08-17,1313587800,30.23
2011-08-18,1313674200,29.69
2011-08-19,1313760600,29.55
2011-08-22,1314019800,29.64
2011-08-23,1314106200,30.25
2011-08-24,1314192600,30.38
2011-08-25,1314279000,29.91499
2011-08-26,1314365400,30.17
2011-08-29,1314624600,30.71001
2011-08-30,1314711000,30.78999
2011-08-31,1314797400,30.89
2011-09-01,1314883800,30.78
2011-09-02,1314970200,30.34
2011-09-06,1315315800,30.22
2011-09-07,1315402200,30.75999
2011-09-08,1315488600,30.67999
2011-09-09,1315575000,30
2011-09-12,1315834200,30.03
2011-09-13,1315920600,30.14
2011-09-14,1316007000,30.5
2011-09-15,1316093400,30.86
2011-09-16,1316179800,30.84
2011-09-19,1316439000,30.58
2011-09-20,1316525400,30.64
2011-09-21,1316611800,30.00999
2011-09-22,1316698200,29.44
2011-09-23,1316784600,29.5
2011-09-26,1317043800,30.07001
2011-09-27,1317130200,30.25
2011-09-28,1317216600,29.67999
2011-09-29,1317303000,29.97
2011-09-30,1317389400,29.66
2011-10-03,1317648600,29.23
2011-10-04,1317735000,29.50999
2011-10-05,1317821400,29.55
2011-10-06,1317907800,29.89999
2011-10-07,1317994200,30.07001
2011-10-10,1318253400,30.53999
2011-10-11,1318339800,30.48
2011-10-12,1318426200,30.72
2011-10-13,1318512600,30.63
2011-10-14,1318599000,30.87
2011-10-17,1318858200,30.66
2011-10-18,1318944600,30.89
2011-10-19,1319031000,30.8
2011-10-20,1319117400,30.97
2011-10-21,1319203800,31.47
2011-10-24,1319463000,31.25
2011-10-25,1319549400,30.88
2011-10-26,1319635800,31.19
2011-10-27,1319722200,31.59
2011-10-28,1319808600,31.50999
2011-10-31,1320067800,31.03999
2011-11-01,1320154200,30.5
2011-11-02,1320240600,30.78999
2011-11-03,1320327000,31.17
2011-11-04,1320413400,30.99001
2011-11-07,1320676200,31.25
2011-11-08,1320762600,31.56
2011-11-09,1320849000,30.82001
2011-11-10,1320935400,31.12
2011-11-11,1321021800,31.48
2011-11-14,1321281000,31.21001
2011-11-15,1321367400,31.36
2011-11-16,1321453800,31.08
2011-11-17,1321540200,30.97
2011-11-18,1321626600,31.06
2011-11-21,1321885800,30.56
2011-11-22,1321972200,30.59
2011-11-23,1322058600,30.25999
2011-11-25,1322231400,30.37
2011-11-28,1322490600,30.85001
2011-11-29,1322577000,31.17
2011-11-30,1322663400,31.89999
2011-12-01,1322749800,31.85001
2011-12-02,1322836200,31.74001
2011-12-05,1323095400,31.92999
2011-12-06,1323181800,31.97
2011-12-07,1323268200,32.05
2011-12-08,1323354600,31.67999
2011-12-09,1323441000,32.00999
2011-12-12,1323700200,31.72
2011-12-13,1323786600,31.64999
2011-12-14,1323873000,31.49001
2011-12-15,1323959400,31.81
2011-12-16,1324045800,31.49001
2011-12-19,1324305000,31.36
2011-12-20,1324391400,32.00999
2011-12-21,1324477800,32.35001
2011-12-22,1324564200,32.34
2011-12-23,1324650600,32.57001
2011-12-27,1324996200,32.63
2011-12-28,1325082600,32.47
2011-12-29,1325169000,32.64
2011-12-30,1325255400,32.49001
2012-01-03,1325601000,32.46001
2012-01-04,1325687400,32.39
2012-01-05,1325773800,32.37
2012-01-06,1325860200,32.16
2012-01-09,1326119400,32.21001
2012-01-10,1326205800,32.32001
2012-01-11,1326292200,32.17999
2012-01-12,1326378600,32.17
2012-01-13,1326465000,32.14
2012-01-17,1326810600,32.25999
2012-01-18,1326897000,32.33
2012-01-19,1326983400,32.39
2012-01-20,1327069800,32.39999
2012-01-23,1327329000,32.37
2012-01-24,1327415400,32.19
2012-01-25,1327501800,32.56
2012-01-26,1327588200,32.44
2012-01-27,1327674600,32.22
2012-01-30,1327933800,32.00999
2012-01-31,1328020200,32.03
2012-02-01,1328106600,32.25999
2012-02-02,1328193000,32.38
2012-02-03,1328279400,32.48
2012-02-06,1328538600,32.46001
2012-02-07,1328625000,32.49001
2012-02-08,1328711400,32.5
2012-02-09,1328797800,32.67999
2012-02-10,1328884200,32.61
2012-02-13,1329143400,32.75
2012-02-14,1329229800,32.83
2012-02-15,1329316200,32.82001
2012-02-16,1329402600,33.03
2012-02-17,1329489000,33.06
2012-02-21,1329834600,32.87
2012-02-22,1329921000,32.78
2012-02-23,1330007400,32.95
2012-02-24,1330093800,33.06
2012-02-27,1330353000,33.06
2012-02-28,1330439400,33.17
2012-02-29,1330525800,33.23
2012-03-01,1330612200,33.17999
2012-03-02,1330698600,33.21001
2012-03-05,1330957800,33.36
2012-03-06,1331044200,33.08
2012-03-07,1331130600,33.13
2012-03-08,1331217000,33.36
2012-03-09,1331303400,33.47
2012-03-12,1331559000,33.59
2012-03-13,1331645400,33.84
2012-03-14,1331731800,33.74001
2012-03-15,1331818200,33.8
2012-03-16,1331904600,33.60001
2012-03-19,1332163800,33.62
2012-03-20,1332250200,33.60001
2012-03-21,1332336600,33.64999
2012-03-22,1332423000,33.67999
2012-03-23,1332509400,33.75999
2012-03-26,1332768600,33.99001
2012-03-27,1332855000,33.97
2012-03-28,1332941400,33.89
2012-03-29,1333027800,33.875
2012-03-30,1333114200,34.08
2012-04-02,1333373400,34.35001
2012-04-03,1333459800,34.16
2012-04-04,1333546200,34.05
2012-04-05,1333632600,34.05
2012-04-09,1333978200,33.74001
2012-04-10,1334064600,33.44
2012-04-11,1334151000,33.605
2012-04-12,1334237400,33.63499
2012-04-13,1334323800,33.63
2012-04-16,1334583000,33.77
2012-04-17,1334669400,34.11
2012-04-18,1334755800,34.12
2012-04-19,1334842200,34
2012-04-20,1334928600,34.31
2012-04-23,1335187800,33.78
2012-04-24,1335274200,33.78999
2012-04-25,1335360600,34.00999
2012-04-26,1335447000,34.32001
2012-04-27,1335533400,34.27
2012-04-30,1335792600,34.17999
2012-05-01,1335879000,34.27
2012-05-02,1335965400,34.3
2012-05-03,1336051800,34.35001
2012-05-04,1336138200,34.08
2012-05-07,1336397400,34.13
2012-05-08,1336483800,34.05
2012-05-09,1336570200,33.88
2012-05-10,1336656600,34.12
2012-05-11,1336743000,34.03
2012-05-14,1337002200,33.89
2012-05-15,1337088600,33.85001
2012-05-16,1337175000,33.96001
2012-05-17,1337261400,33.72
2012-05-18,1337347800,33.52
2012-05-21,1337607000,33.64999
2012-05-22,1337693400,33.69
2012-05-23,1337779800,33.60001
2012-05-24,1337866200,33.92
2012-05-25,1337952600,33.89
2012-05-29,1338298200,34.13
2012-05-30,1338384600,33.85001
2012-05-31,1338471000,33.78
2012-06-01,1338557400,33.16
2012-06-04,1338816600,33.27
2012-06-05,1338903000,33.23
2012-06-06,1338989400,33.67999
2012-06-07,1339075800,33.8
2012-06-08,1339162200,34.09
2012-06-11,1339421400,33.92999
2012-06-12,1339507800,34.09
2012-06-13,1339594200,34.045
2012-06-14,1339680600,34.50999
2012-06-15,1339767000,34.33
2012-06-18,1340026200,34.42
2012-06-19,1340112600,34.39
2012-06-20,1340199000,34.21001
2012-06-21,1340285400,33.80499
2012-06-22,1340371800,33.91
2012-06-25,1340631000,33.7
2012-06-26,1340717400,33.78
2012-06-27,1340803800,33.98
2012-06-28,1340890200,34.13
2012-06-29,1340976600,34.77
2012-07-02,1341235800,34.965
2012-07-03,1341322200,35.13
2012-07-05,1341495000,35
2012-07-06,1341581400,34.96001
2012-07-09,1341840600,34.92
2012-07-10,1341927000,34.96001
2012-07-11,1342013400,34.91
2012-07-12,1342099800,34.94
2012-07-13,1342186200,35.33
2012-07-16,1342445400,35.14999
2012-07-17,1342531800,35.3
2012-07-18,1342618200,35.31
2012-07-19,1342704600,35.25999
2012-07-20,1342791000,35.045
2012-07-23,1343050200,34.74001
2012-07-24,1343136600,34.63
2012-07-25,1343223000,34.64
2012-07-26,1343309400,35.21001
2012-07-27,1343395800,35.61
2012-07-30,1343655000,35.78999
2012-07-31,1343741400,35.63
2012-08-01,1343827800,35.45
2012-08-02,1343914200,35.16
2012-08-03,1344000600,35.75
2012-08-06,1344259800,35.73
2012-08-07,1344346200,35.53999
2012-08-08,1344432600,35.78999
2012-08-09,1344519000,35.64
2012-08-10,1344605400,35.63
2012-08-13,1344864600,35.62
2012-08-14,1344951000,35.75999
2012-08-15,1345037400,35.78
2012-08-16,1345123800,35.87
2012-08-17,1345210200,35.89999
2012-08-20,1345469400,35.89999
2012-08-21,1345555800,35.67999
2012-08-22,1345642200,35.57001
2012-08-23,1345728600,35.28999
2012-08-24,1345815000,35.60001
2012-08-27,1346074200,35.64999
2012-08-28,1346160600,35.67
2012-08-29,1346247000,35.59
2012-08-30,1346333400,35.45
2012-08-31,1346419800,35.46001
2012-09-04,1346765400,35.67
2012-09-05,1346851800,35.61
2012-09-06,1346938200,36.05
2012-09-07,1347024600,35.75999
2012-09-10,1347283800,35.72
2012-09-11,1347370200,35.61
2012-09-12,1347456600,35.42
2012-09-13,1347543000,36.05
2012-09-14,1347629400,35.78
2012-09-17,1347888600,35.88
2012-09-18,1347975000,36.08
2012-09-19,1348061400,36.17999
2012-09-20,1348147800,36.38
2012-09-21,1348234200,35.96001
2012-09-24,1348493400,36.08
2012-09-25,1348579800,35.83
2012-09-26,1348666200,35.825
2012-09-27,1348752600,35.95
2012-09-28,1348839000,35.825
2012-10-01,1349098200,36.06
2012-10-02,1349184600,36.09
2012-10-03,1349271000,36.2
2012-10-04,1349357400,36.37
2012-10-05,1349443800,36.50999
2012-10-08,1349703000,36.39999
2012-10-09,1349789400,36.05
2012-10-10,1349875800,35.89999
2012-10-11,1349962200,35.82001
2012-10-12,1350048600,35.85001
2012-10-15,1350307800,36.09
2012-10-16,1350394200,36.17999
2012-10-17,1350480600,36.33501
2012-10-18,1350567000,36.14
2012-10-19,1350653400,35.71001
2012-10-22,1350912600,35.73
2012-10-23,1350999000,35.25
2012-10-24,1351085400,35.25
2012-10-25,1351171800,35.47
2012-10-26,1351258200,35.35001
2012-10-31,1351690200,35.39
2012-11-01,1351776600,35.41
2012-11-02,1351863000,35.2
2012-11-05,1352125800,35.14
2012-11-06,1352212200,35.39999
2012-11-07,1352298600,34.98019
2012-11-08,1352385000,34.60001
2012-11-09,1352471400,34.60001
2012-11-12,1352730600,34.60001
2012-11-13,1352817000,34.58
2012-11-14,1352903400,34.2
2012-11-15,1352989800,34.19
2012-11-16,1353076200,34.41
2012-11-19,1353335400,34.97
2012-11-20,1353421800,35.10001
2012-11-21,1353508200,35.14999
2012-11-23,1353681000,35.67
2012-11-26,1353940200,35.41
2012-11-27,1354026600,35.38
2012-11-28,1354113000,35.72
2012-11-29,1354199400,35.91
2012-11-30,1354285800,36.03999
2012-12-03,1354545000,35.89951
2012-12-04,1354631400,35.825
2012-12-05,1354717800,35.89
2012-12-06,1354804200,35.92999
2012-12-07,1354890600,36.17999
2012-12-10,1355149800,36.14
2012-12-11,1355236200,36.16
2012-12-12,1355322600,36.08
2012-12-13,1355409000,36.02
2012-12-14,1355495400,35.96001
2012-12-17,1355754600,36.03999
2012-12-18,1355841000,36.03
2012-12-19,1355927400,35.67
2012-12-20,1356013800,35.87
2012-12-21,1356100200,35.17
2012-12-24,1356359400,35.06
2012-12-26,1356532200,34.75999
2012-12-27,1356618600,34.82001
2012-12-28,1356705000,34.45
2012-12-31,1356964200,34.89999
2013-01-02,1357137000,35.8
2013-01-03,1357223400,35.71001
2013-01-04,1357309800,35.81
2013-01-07,1357569000,35.57001
2013-01-08,1357655400,35.47
2013-01-09,1357741800,35.55
2013-01-10,1357828200,35.75999
2013-01-11,1357914600,35.92
2013-01-14,1358173800,36.03
2013-01-15,1358260200,36.14
2013-01-16,1358346600,36.09
2013-01-17,1358433000,36.33
2013-01-18,1358519400,36.48
2013-01-22,1358865000,36.49001
2013-01-23,1358951400,36.48
2013-01-24,1359037800,36.58
2013-01-25,1359124200,36.75999
2013-01-28,1359383400,36.78999
2013-01-29,1359469800,36.99001
2013-01-30,1359556200,36.92
2013-01-31,1359642600,36.87
2013-02-01,1359729000,37.17
2013-02-04,1359988200,36.82001
2013-02-05,1360074600,37.25999
2013-02-06,1360161000,37.31
2013-02-07,1360247400,37.50999
2013-02-08,1360333800,37.48
2013-02-11,1360593000,37.48
2013-02-12,1360679400,37.44
2013-02-13,1360765800,37.48
2013-02-14,1360852200,37.558
2013-02-15,1360938600,37.61
2013-02-19,1361284200,37.99001
2013-02-20,1361370600,37.92
2013-02-21,1361457000,38.03999
2013-02-22,1361543400,38.25999
2013-02-25,1361802600,37.74001
2013-02-26,1361889000,37.83
2013-02-27,1361975400,38.11
2013-02-28,1362061800,38.09
2013-03-01,1362148200,38.22
2013-03-04,1362407400,38.50999
2013-03-05,1362493800,38.64
2013-03-06,1362580200,38.55
2013-03-07,1362666600,38.55
2013-03-08,1362753000,38.62
2013-03-11,1363008600,38.66
2013-03-12,1363095000,38.62
2013-03-13,1363181400,38.72
2013-03-14,1363267800,38.85001
2013-03-15,1363354200,38.485
2013-03-18,1363613400,38.37
2013-03-19,1363699800,38.69
2013-03-20,1363786200,39.06
2013-03-21,1363872600,38.94
2013-03-22,1363959000,39.3
2013-03-25,1364218200,39.27
2013-03-26,1364304600,39.64
2013-03-27,1364391000,39.61
2013-03-28,1364477400,39.77
2013-04-01,1364823000,39.75
2013-04-02,1364909400,40.17999
2013-04-03,1364995800,39.74001
2013-04-04,1365082200,39.95
2013-04-05,1365168600,39.66
2013-04-08,1365427800,40.11
2013-04-09,1365514200,40.07001
2013-04-10,1365600600,40.37
2013-04-11,1365687000,40.565
2013-04-12,1365773400,40.71001
2013-04-15,1366032600,40.06
2013-04-16,1366119000,40.81
2013-04-17,1366205400,40.46001
2013-04-18,1366291800,40.38
2013-04-19,1366378200,41.00999
2013-04-22,1366637400,41.11
2013-04-23,1366723800,41.42999
2013-04-24,1366810200,40.77
2013-04-25,1366896600,40.89999
2013-04-26,1366983000,40.89
2013-04-29,1367242200,41.02
2013-04-30,1367328600,40.94
2013-05-01,1367415000,40.89999
2013-05-02,1367501400,41.05
2013-05-03,1367587800,41.23
2013-05-06,1367847000,40.92999
2013-05-07,1367933400,41.2401
2013-05-08,1368019800,41.28999
2013-05-09,1368106200,41
2013-05-10,1368192600,41.16
2013-05-13,1368451800,41.23
2013-05-14,1368538200,41.72
2013-05-15,1368624600,42.13499
2013-05-16,1368711000,41.8768
2013-05-17,1368797400,41.94
2013-05-20,1369056600,41.50999
2013-05-21,1369143000,41.55
2013-05-22,1369229400,41.48
2013-05-23,1369315800,41.31
2013-05-24,1369402200,41.7
2013-05-28,1369747800,41.77
2013-05-29,1369834200,40.97
2013-05-30,1369920600,40.81
2013-05-31,1370007000,40.05
2013-06-03,1370266200,40.49001
2013-06-04,1370352600,40.5
2013-06-05,1370439000,40.00999
2013-06-06,1370525400,40.17999
2013-06-07,1370611800,40.67999
2013-06-10,1370871000,40.67999
2013-06-11,1370957400,40.58
2013-06-12,1371043800,40.38
2013-06-13,1371130200,40.8
2013-06-14,1371216600,40.7
2013-06-17,1371475800,41.06
2013-06-18,1371562200,41.21001
2013-06-19,1371648600,40.39
2013-06-20,1371735000,39.17
2013-06-21,1371821400,39.42999
2013-06-24,1372080600,39.265
2013-06-25,1372167000,39.33
2013-06-26,1372253400,39.74001
2013-06-27,1372339800,39.92
2013-06-28,1372426200,39.67
2013-07-01,1372685400,39.96001
2013-07-02,1372771800,40.00999
2013-07-03,1372858200,39.92999
2013-07-05,1373031000,40.03
2013-07-08,1373290200,40.42999
2013-07-09,1373376600,40.73
2013-07-10,1373463000,40.78
2013-07-11,1373549400,41.42
2013-07-12,1373635800,41.42999
2013-07-15,1373895000,41.49001
2013-07-16,1373981400,41.34
2013-07-17,1374067800,41.42
2013-07-18,1374154200,41.56
2013-07-19,1374240600,41.8
2013-07-22,1374499800,41.71001
2013-07-23,1374586200,41.63
2013-07-24,1374672600,41.36
2013-07-25,1374759000,41.58
2013-07-26,1374845400,41.53
2013-07-29,1375104600,41.44
2013-07-30,1375191000,41.39999
2013-07-31,1375277400,41.39
2013-08-01,1375363800,41.73
2013-08-02,1375450200,41.75
2013-08-05,1375709400,41.78
2013-08-06,1375795800,41.73
2013-08-07,1375882200,41.53
2013-08-08,1375968600,41.75
2013-08-09,1376055000,41.57001
2013-08-12,1376314200,41.45
2013-08-13,1376400600,41.48
2013-08-14,1376487000,41.19
2013-08-15,1376573400,40.53
2013-08-16,1376659800,40.28999
2013-08-19,1376919000,40.11
2013-08-20,1377005400,40.12
2013-08-21,1377091800,39.81
2013-08-22,1377178200,39.98
2013-08-23,1377264600,40.21001
2013-08-26,1377523800,39.74001
2013-08-27,1377610200,39.528
2013-08-28,1377696600,39.23
2013-08-29,1377783000,39.39
2013-08-30,1377869400,39.50999
2013-09-03,1378215000,39.48
2013-09-04,1378301400,39.72501
2013-09-05,1378387800,39.67
2013-09-06,1378474200,39.77
2013-09-09,1378733400,40.05
2013-09-10,1378819800,40.09
2013-09-11,1378906200,40.375
2013-09-12,1378992600,40.39
2013-09-13,1379079000,40.72
2013-09-16,1379338200,41.09
2013-09-17,1379424600,41.23
2013-09-18,1379511000,41.72
2013-09-19,1379597400,41.53
2013-09-20,1379683800,40.98
2013-09-23,1379943000,40.8
2013-09-24,1380029400,40.61
2013-09-25,1380115800,40.269
2013-09-26,1380202200,40.48
2013-09-27,1380288600,40.23
2013-09-30,1380547800,39.8
2013-10-01,1380634200,40.03999
2013-10-02,1380720600,39.955
2013-10-03,1380807000,39.75
2013-10-04,1380893400,39.81
2013-10-07,1381152600,39.67999
2013-10-08,1381239000,39.67999
2013-10-09,1381325400,39.71001
2013-10-10,1381411800,40.45
2013-10-11,1381498200,40.57001
2013-10-14,1381757400,40.74001
2013-10-15,1381843800,40.37
2013-10-16,1381930200,40.97
2013-10-17,1382016600,41.42999
2013-10-18,1382103000,41.49001
2013-10-21,1382362200,41.39999
2013-10-22,1382448600,41.92
2013-10-23,1382535000,42
2013-10-24,1382621400,41.92
2013-10-25,1382707800,42.02
2013-10-28,1382967000,42.57
2013-10-29,1383053400,42.94
2013-10-30,1383139800,42.57
2013-10-31,1383226200,42.345
2013-11-01,1383312600,42.51
2013-11-04,1383575400,42.55
2013-11-05,1383661800,42.63
2013-11-06,1383748200,43.09
2013-11-07,1383834600,42.46
2013-11-08,1383921000,42.67
2013-11-11,1384180200,42.535
2013-11-12,1384266600,42.61
2013-11-13,1384353000,42.97
2013-11-14,1384439400,43.28
2013-11-15,1384525800,43.33
2013-11-18,1384785000,43.195
2013-11-19,1384871400,43.04
2013-11-20,1384957800,42.86
2013-11-21,1385044200,42.935
2013-11-22,1385130600,43.16
2013-11-25,1385389800,43.09
2013-11-26,1385476200,43.05
2013-11-27,1385562600,43.08
2013-11-29,1385735400,43.01
2013-12-02,1385994600,42.78
2013-12-03,1386081000,42.99
2013-12-04,1386167400,42.89
2013-12-05,1386253800,42.5
2013-12-06,1386340200,43.08
2013-12-09,1386599400,43.23
2013-12-10,1386685800,42.86
2013-12-11,1386772200,42.93
2013-12-12,1386858600,42.34
2013-12-13,1386945000,42.27
2013-12-16,1387204200,42.26
2013-12-17,1387290600,42.06
2013-12-18,1387377000,42.76
2013-12-19,1387463400,42.68
2013-12-20,1387549800,42.55
2013-12-23,1387809000,42.51
2013-12-24,1387895400,42.57
2013-12-26,1388068200,42.74
2013-12-27,1388154600,42.84
2013-12-30,1388413800,42.95
2013-12-31,1388500200,42.98
2014-01-02,1388673000,42.45
2014-01-03,1388759400,42.37
2014-01-06,1389018600,42.21
2014-01-07,1389105000,42.44
2014-01-08,1389191400,42.12
2014-01-09,1389277800,42.34
2014-01-10,1389364200,42.4
2014-01-13,1389623400,42.16
2014-01-14,1389709800,42.38
2014-01-15,1389796200,42.39
2014-01-16,1389882600,42.4
2014-01-17,1389969000,42.07
2014-01-21,1390314600,42.23
2014-01-22,1390401000,42.23
2014-01-23,1390487400,41.86
2014-01-24,1390573800,41.48
2014-01-27,1390833000,41.31
2014-01-28,1390919400,41.63
2014-01-29,1391005800,40.9
2014-01-30,1391092200,40.96
2014-01-31,1391178600,40.76
2014-02-03,1391437800,39.88
2014-02-04,1391524200,40.09
2014-02-05,1391610600,40.12
2014-02-06,1391697000,40.55
2014-02-07,1391783400,40.93
2014-02-10,1392042600,41.09
2014-02-11,1392129000,41.57
2014-02-12,1392215400,41.39
2014-02-13,1392301800,41.6
2014-02-14,1392388200,41.84
2014-02-18,1392733800,41.6
2014-02-19,1392820200,41.51
2014-02-20,1392906600,41.69
2014-02-21,1392993000,41.6
2014-02-24,1393252200,41.75
2014-02-25,1393338600,41.91
2014-02-26,1393425000,41.87
2014-02-27,1393511400,42.06
2014-02-28,1393597800,42.35
2014-03-03,1393857000,42.12
2014-03-04,1393943400,42.69
2014-03-05,1394029800,42.55
2014-03-06,1394116200,42.54
2014-03-07,1394202600,42.66
2014-03-10,1394458200,42.7
2014-03-11,1394544600,42.68
2014-03-12,1394631000,42.77
2014-03-13,1394717400,42.56
2014-03-14,1394803800,42.58
2014-03-17,1395063000,42.83
2014-03-18,1395149400,42.92
2014-03-19,1395235800,42.59
2014-03-20,1395322200,42.74
2014-03-21,1395408600,42.5
2014-03-24,1395667800,42.46
2014-03-25,1395754200,42.77
2014-03-26,1395840600,42.67
2014-03-27,1395927000,42.64
2014-03-28,1396013400,42.75
2014-03-31,1396272600,43.06
2014-04-01,1396359000,42.99
2014-04-02,1396445400,43.04
2014-04-03,1396531800,43.09
2014-04-04,1396618200,42.95
2014-04-07,1396877400,42.99
2014-04-08,1396963800,43.21
2014-04-09,1397050200,43.4
2014-04-10,1397136600,42.97
2014-04-11,1397223000,42.75
2014-04-14,1397482200,43.09
2014-04-15,1397568600,43.2
2014-04-16,1397655000,43.62
2014-04-17,1397741400,43.63
2014-04-21,1398087000,43.65
2014-04-22,1398173400,43.63
2014-04-23,1398259800,43.56
2014-04-24,1398346200,43.73
2014-04-25,1398432600,43.79
2014-04-28,1398691800,44.29
2014-04-29,1398778200,44.1
2014-04-30,1398864600,44.24
2014-05-01,1398951000,44.2
2014-05-02,1399037400,44.2
2014-05-05,1399296600,44.1
2014-05-06,1399383000,43.82
2014-05-07,1399469400,44.24
2014-05-08,1399555800,44.3
2014-05-09,1399642200,44.51
2014-05-12,1399901400,44.55
2014-05-13,1399987800,44.64
2014-05-14,1400074200,44.4
2014-05-15,1400160600,44.01
2014-05-16,1400247000,44.28
2014-05-19,1400506200,44.19
2014-05-20,1400592600,44.03
2014-05-21,1400679000,44.28
2014-05-22,1400765400,44.21
2014-05-23,1400851800,44.28
2014-05-27,1401197400,44.4
2014-05-28,1401283800,44.34
2014-05-29,1401370200,44.69
2014-05-30,1401456600,45.04
2014-06-02,1401715800,44.93
2014-06-03,1401802200,44.77
2014-06-04,1401888600,44.93
2014-06-05,1401975000,45.11
2014-06-06,1402061400,45.23
2014-06-09,1402320600,45.16
2014-06-10,1402407000,45.16
2014-06-11,1402493400,45.04
2014-06-12,1402579800,44.72
2014-06-13,1402666200,44.71
2014-06-16,1402925400,44.88
2014-06-17,1403011800,44.88
2014-06-18,1403098200,45.41
2014-06-19,1403184600,45.67
2014-06-20,1403271000,45.22
2014-06-23,1403530200,44.97
2014-06-24,1403616600,44.81
2014-06-25,1403703000,44.74
2014-06-26,1403789400,44.58
2014-06-27,1403875800,44.655
2014-06-30,1404135000,44.62
2014-07-01,1404221400,44.72
2014-07-02,1404307800,44.84
2014-07-03,1404394200,45.09
2014-07-07,1404739800,45.16
2014-07-08,1404826200,45.07
2014-07-09,1404912600,45.27
2014-07-10,1404999000,45.2
2014-07-11,1405085400,45.26
2014-07-14,1405344600,45.42
2014-07-15,1405431000,45.02
2014-07-16,1405517400,45.03
2014-07-17,1405603800,44.75
2014-07-18,1405690200,45.2
2014-07-21,1405949400,44.99
2014-07-22,1406035800,44.91
2014-07-23,1406122200,44.85
2014-07-24,1406208600,44.97
2014-07-25,1406295000,44.79
2014-07-28,1406554200,44.56
2014-07-29,1406640600,44.36
2014-07-30,1406727000,43.89
2014-07-31,1406813400,43.1399
2014-08-01,1406899800,43.47
2014-08-04,1407159000,43.61
2014-08-05,1407245400,43.42
2014-08-06,1407331800,43.79
2014-08-07,1407418200,43.43
2014-08-08,1407504600,43.87
2014-08-11,1407763800,44.18
2014-08-12,1407850200,44.15
2014-08-13,1407936600,44.28
2014-08-14,1408023000,44.46
2014-08-15,1408109400,44.52
2014-08-18,1408368600,44.78
2014-08-19,1408455000,44.9
2014-08-20,1408541400,44.87
2014-08-21,1408627800,44.95
2014-08-22,1408714200,44.84
2014-08-25,1408973400,45.09
2014-08-26,1409059800,45.06
2014-08-27,1409146200,45.08
2014-08-28,1409232600,45.1
2014-08-29,1409319000,45.13
2014-09-02,1409664600,45.15
2014-09-03,1409751000,45.18
2014-09-04,1409837400,45.32
2014-09-05,1409923800,45.58
2014-09-08,1410183000,45.24
2014-09-09,1410269400,45.13
2014-09-10,1410355800,45.35
2014-09-11,1410442200,45.37
2014-09-12,1410528600,45.05
2014-09-15,1410787800,45.27
2014-09-16,1410874200,45.61
2014-09-17,1410960600,45.51
2014-09-18,1411047000,45.6
2014-09-19,1411133400,45.43
2014-09-22,1411392600,45.35
2014-09-23,1411479000,44.95
2014-09-24,1411565400,45.53
2014-09-25,1411651800,44.93
2014-09-26,1411738200,45.1
2014-09-29,1411997400,45.09
2014-09-30,1412083800,45.11
2014-10-01,1412170200,44.825
2014-10-02,1412256600,44.91
2014-10-03,1412343000,45.44
2014-10-06,1412602200,45.46
2014-10-07,1412688600,45.19
2014-10-08,1412775000,45.85
2014-10-09,1412861400,45.39
2014-10-10,1412947800,45.61
2014-10-13,1413207000,44.98
2014-10-14,1413293400,44.96
2014-10-15,1413379800,44.42
2014-10-16,1413466200,44.09
2014-10-17,1413552600,44.63
2014-10-20,1413811800,45.27
2014-10-21,1413898200,45.46
2014-10-22,1413984600,45.56
2014-10-23,1414071000,45.53
2014-10-24,1414157400,45.91
2014-10-27,1414416600,46.02
2014-10-28,1414503000,46.2
2014-10-29,1414589400,46.12
2014-10-30,1414675800,46.41
2014-10-31,1414762200,46.71
2014-11-03,1415025000,46.89
2014-11-04,1415111400,47.14
2014-11-05,1415197800,47.47
2014-11-06,1415284200,47.57
2014-11-07,1415370600,47.74
2014-11-10,1415629800,47.95
2014-11-11,1415716200,47.86
2014-11-12,1415802600,47.86
2014-11-13,1415889000,48.03
2014-11-14,1415975400,47.76
2014-11-17,1416234600,48.08
2014-11-18,1416321000,48.26
2014-11-19,1416407400,48.46
2014-11-20,1416493800,48.25
2014-11-21,1416580200,48.45
2014-11-24,1416839400,48.42
2014-11-25,1416925800,48.46
2014-11-26,1417012200,48.68
2014-11-28,1417185000,49.3
2014-12-01,1417444200,48.975
2014-12-02,1417530600,49.15
2014-12-03,1417617000,48.8
2014-12-04,1417703400,48.76
2014-12-05,1417789800,48.85
2014-12-08,1418049000,48.75
2014-12-09,1418135400,48.59
2014-12-10,1418221800,48.13
2014-12-11,1418308200,48.53
2014-12-12,1418394600,47.91
2014-12-15,1418653800,47.59
2014-12-16,1418740200,47.41
2014-12-17,1418826600,48.1
2014-12-18,1418913000,49.02
2014-12-19,1418999400,48.62
2014-12-22,1419258600,49.09
2014-12-23,1419345000,49.43
2014-12-24,1419431400,49.38
2014-12-26,1419604200,49.46
2014-12-29,1419863400,49.31
2014-12-30,1419949800,49.09
2014-12-31,1420036200,48.49
2015-01-02,1420209000,48.35
2015-01-05,1420468200,48.01
2015-01-06,1420554600,47.95
2015-01-07,1420641000,48.77
2015-01-08,1420727400,49.51
2015-01-09,1420813800,49.11
2015-01-12,1421073000,48.96
2015-01-13,1421159400,48.95
2015-01-14,1421245800,48.8
2015-01-15,1421332200,48.88
2015-01-16,1421418600,49.27
2015-01-20,1421764200,49.47
2015-01-21,1421850600,49.71
2015-01-22,1421937000,50.21
2015-01-23,1422023400,49.65
2015-01-26,1422282600,49.65
2015-01-27,1422369000,49.08
2015-01-28,1422455400,48.51
2015-01-29,1422541800,48.9
2015-01-30,1422628200,48.02
2015-02-02,1422887400,48.59
2015-02-03,1422973800,49.02
2015-02-04,1423060200,49.04
2015-02-05,1423146600,49.29
2015-02-06,1423233000,49.07
2015-02-09,1423492200,48.7
2015-02-10,1423578600,49.27
2015-02-11,1423665000,49.5
2015-02-12,1423751400,49.73
2015-02-13,1423837800,49.5
2015-02-17,1424183400,49.51
2015-02-18,1424269800,49.78
2015-02-19,1424356200,49.46
2015-02-20,1424442600,49.6
2015-02-23,1424701800,49.74
2015-02-24,1424788200,49.91
2015-02-25,1424874600,49.74
2015-02-26,1424961000,49.81
2015-02-27,1425047400,50.01
2015-03-02,1425306600,50.1
2015-03-03,1425393000,49.91
2015-03-04,1425479400,49.56
2015-03-05,1425565800,49.73
2015-03-06,1425652200,48.76
2015-03-09,1425907800,49.03
2015-03-10,1425994200,48.33
2015-03-11,1426080600,47.96
2015-03-12,1426167000,48.66
2015-03-13,1426253400,48.28
2015-03-16,1426512600,48.87
2015-03-17,1426599000,48.52
2015-03-18,1426685400,48.85
2015-03-19,1426771800,48.63
2015-03-20,1426858200,48.94
2015-03-23,1427117400,49.02
2015-03-24,1427203800,48.74
2015-03-25,1427290200,48.62
2015-03-26,1427376600,48.41
2015-03-27,1427463000,48.71
2015-03-30,1427722200,49.2
2015-03-31,1427808600,48.74
2015-04-01,1427895000,48.8
2015-04-02,1427981400,49.13
2015-04-06,1428327000,49.52
2015-04-07,1428413400,49.29
2015-04-08,1428499800,49.37
2015-04-09,1428586200,49.51
2015-04-10,1428672600,49.6
2015-04-13,1428931800,49.37
2015-04-14,1429018200,49.48
2015-04-15,1429104600,49.34
2015-04-16,1429191000,49.52
2015-04-17,1429277400,49.06
2015-04-20,1429536600,49.23
2015-04-21,1429623000,49.32
2015-04-22,1429709400,49.35
2015-04-23,1429795800,49.18
2015-04-24,1429882200,49.19
2015-04-27,1430141400,48.92
2015-04-28,1430227800,48.97
2015-04-29,1430314200,48.53
2015-04-30,1430400600,48.37
2015-05-01,1430487000,48.81
2015-05-04,1430746200,48.88
2015-05-05,1430832600,48.49
2015-05-06,1430919000,48.64
2015-05-07,1431005400,48.76
2015-05-08,1431091800,49.17
2015-05-11,1431351000,48.97
2015-05-12,1431437400,48.86
2015-05-13,1431523800,48.84
2015-05-14,1431610200,49.59
2015-05-15,1431696600,49.75
2015-05-18,1431955800,49.59
2015-05-19,1432042200,49.46
2015-05-20,1432128600,49.35
2015-05-21,1432215000,49.46
2015-05-22,1432301400,49.25
2015-05-26,1432647000,48.86
2015-05-27,1432733400,49.17
2015-05-28,1432819800,49.1
2015-05-29,1432906200,48.79
2015-06-01,1433165400,48.79
2015-06-02,1433251800,48.66
2015-06-03,1433338200,48.63
2015-06-04,1433424600,48.28
2015-06-05,1433511000,47.59
2015-06-08,1433770200,47.57
2015-06-09,1433856600,47.8
2015-06-10,1433943000,48.27
2015-06-11,1434029400,48.25
2015-06-12,1434115800,48.06
2015-06-15,1434375000,47.71
2015-06-16,1434461400,48.23
2015-06-17,1434547800,48.49
2015-06-18,1434634200,49.03
2015-06-19,1434720600,48.66
2015-06-22,1434979800,48.85
2015-06-23,1435066200,48.64
2015-06-24,1435152600,48.42
2015-06-25,1435239000,48.33
2015-06-26,1435325400,48.43
2015-06-29,1435584600,47.68
2015-06-30,1435671000,47.6
2015-07-01,1435757400,48.21
2015-07-02,1435843800,48.17
2015-07-06,1436189400,48.13
2015-07-07,1436275800,49.12
2015-07-08,1436362200,48.57
2015-07-09,1436448600,48.61
2015-07-10,1436535000,49.18
2015-07-13,1436794200,49.64
2015-07-14,1436880600,49.72
2015-07-15,1436967000,49.59
2015-07-16,1437053400,50.1
2015-07-17,1437139800,50.07
2015-07-20,1437399000,50.16
2015-07-21,1437485400,50.04
2015-07-22,1437571800,50.15
2015-07-23,1437658200,49.96
2015-07-24,1437744600,49.68
2015-07-27,1438003800,49.65
2015-07-28,1438090200,50.21
2015-07-29,1438176600,50.38
2015-07-30,1438263000,50.21
2015-07-31,1438349400,50.31
2015-08-03,1438608600,50.38
2015-08-04,1438695000,50.38
2015-08-05,1438781400,50.82
2015-08-06,1438867800,50.44
2015-08-07,1438954200,50.16
2015-08-10,1439213400,50.35
2015-08-11,1439299800,50.17
2015-08-12,1439386200,50.2
2015-08-13,1439472600,50
2015-08-14,1439559000,50.16
2015-08-17,1439818200,50.21
2015-08-18,1439904600,49.96
2015-08-19,1439991000,49.5
2015-08-20,1440077400,49.05
2015-08-21,1440163800,47.71
2015-08-24,1440423000,46.05
2015-08-25,1440509400,45.7
2015-08-26,1440595800,47.05
2015-08-27,1440682200,47.74
2015-08-28,1440768600,47.64
2015-08-31,1441027800,47.31
2015-09-01,1441114200,46.34
2015-09-02,1441200600,46.97
2015-09-03,1441287000,47.29
2015-09-04,1441373400,46.52
2015-09-08,1441719000,47.49
2015-09-09,1441805400,46.71
2015-09-10,1441891800,46.79
2015-09-11,1441978200,47.1
2015-09-14,1442237400,46.95
2015-09-15,1442323800,47.51
2015-09-16,1442410200,48.05
2015-09-17,1442496600,48.05
2015-09-18,1442583000,47.19
2015-09-21,1442842200,47.54
2015-09-22,1442928600,47.02
2015-09-23,1443015000,47.1
2015-09-24,1443101400,47.18
2015-09-25,1443187800,47.48
2015-09-28,1443447000,46.78
2015-09-29,1443533400,46.76
2015-09-30,1443619800,47.19
2015-10-01,1443706200,47.19
2015-10-02,1443792600,47.84
2015-10-05,1444051800,48.66
2015-10-06,1444138200,48.33
2015-10-07,1444224600,48.77
2015-10-08,1444311000,49.35
2015-10-09,1444397400,49.46
2015-10-12,1444656600,49.59
2015-10-13,1444743000,49.29
2015-10-14,1444829400,48.72
2015-10-15,1444915800,49.16
2015-10-16,1445002200,49.63
2015-10-19,1445261400,49.85
2015-10-20,1445347800,49.82
2015-10-21,1445434200,49.83
2015-10-22,1445520600,50.82
2015-10-23,1445607000,50.74
2015-10-26,1445866200,50.64
2015-10-27,1445952600,50.71
2015-10-28,1446039000,50.42
2015-10-29,1446125400,50.44
2015-10-30,1446211800,49.88
2015-11-02,1446474600,50.18
2015-11-03,1446561000,49.94
2015-11-04,1446647400,49.73
2015-11-05,1446733800,49.72
2015-11-06,1446820200,49.18
2015-11-09,1447079400,48.85
2015-11-10,1447165800,48.98
2015-11-11,1447252200,48.91
2015-11-12,1447338600,48.25
2015-11-13,1447425000,47.83
2015-11-16,1447684200,48.65
2015-11-17,1447770600,48.63
2015-11-18,1447857000,49.3
2015-11-19,1447943400,49.429
2015-11-20,1448029800,49.08
2015-11-23,1448289000,49.51
2015-11-24,1448375400,49.64
2015-11-25,1448461800,49.77
2015-11-27,1448634600,49.96
2015-11-30,1448893800,49.42
2015-12-01,1448980200,49.84
2015-12-02,1449066600,49.59
2015-12-03,1449153000,49.33
2015-12-04,1449239400,50.44
2015-12-07,1449498600,50.58
2015-12-08,1449585000,50.45
2015-12-09,1449671400,49.97
2015-12-10,1449757800,50.03
2015-12-11,1449844200,49.48
2015-12-14,1450103400,49.97
2015-12-15,1450189800,50.29
2015-12-16,1450276200,51.26
2015-12-17,1450362600,50.6
2015-12-18,1450449000,49.34
2015-12-21,1450708200,49.9
2015-12-22,1450794600,50.55
2015-12-23,1450881000,50.92
2015-12-24,1450967400,50.87
2015-12-28,1451313000,50.8
2015-12-29,1451399400,51.24
2015-12-30,1451485800,51.06
2015-12-31,1451572200,50.49
2016-01-04,1451917800,49.85
2016-01-05,1452004200,50.17
2016-01-06,1452090600,50
2016-01-07,1452177000,49.4
2016-01-08,1452263400,49.02
2016-01-11,1452522600,49.48
2016-01-12,1452609000,49.75
2016-01-13,1452695400,48.84
2016-01-14,1452781800,49.07
2016-01-15,1452868200,48.3
2016-01-19,1453213800,48.88
2016-01-20,1453300200,48.27
2016-01-21,1453386600,48.46
2016-01-22,1453473000,49.29
2016-01-25,1453732200,48.85
2016-01-26,1453818600,49.29
2016-01-27,1453905000,49.25
2016-01-28,1453991400,49.75
2016-01-29,1454077800,50.76
2016-02-01,1454337000,50.93
2016-02-02,1454423400,50.28
2016-02-03,1454509800,50.17
2016-02-04,1454596200,49.71
2016-02-05,1454682600,49.63
2016-02-08,1454941800,49.5
2016-02-09,1455028200,49.83
2016-02-10,1455114600,49.77
2016-02-11,1455201000,49.37
2016-02-12,1455287400,50.07
2016-02-16,1455633000,50.47
2016-02-17,1455719400,50.99
2016-02-18,1455805800,50.76
2016-02-19,1455892200,50.84
2016-02-22,1456151400,51.09
2016-02-23,1456237800,51.08
2016-02-24,1456324200,51.24
2016-02-25,1456410600,51.82
2016-02-26,1456497000,51.09
2016-02-29,1456756200,50.92
2016-03-01,1456842600,51.41
2016-03-02,1456929000,51.56
2016-03-03,1457015400,51.82
2016-03-04,1457101800,52.04
2016-03-07,1457361000,51.72
2016-03-08,1457447400,51.87
2016-03-09,1457533800,52.26
2016-03-10,1457620200,52.28
2016-03-11,1457706600,52.45
2016-03-14,1457962200,52.42
2016-03-15,1458048600,52.55
2016-03-16,1458135000,52.67
2016-03-17,1458221400,52.99
2016-03-18,1458307800,52.65
2016-03-21,1458567000,52.68
2016-03-22,1458653400,52.37
2016-03-23,1458739800,52.38
2016-03-24,1458826200,52.32
2016-03-28,1459171800,52.6
2016-03-29,1459258200,52.99
2016-03-30,1459344600,53.34
2016-03-31,1459431000,53.06
2016-04-01,1459517400,53.62
2016-04-04,1459776600,53.64
2016-04-05,1459863000,53.28
2016-04-06,1459949400,53.7
2016-04-07,1460035800,53.12
2016-04-08,1460122200,53.41
2016-04-11,1460381400,53.03
2016-04-12,1460467800,53.36
2016-04-13,1460554200,52.95
2016-04-14,1460640600,52.71
2016-04-15,1460727000,53.035
2016-04-18,1460986200,53.34
2016-04-19,1461072600,53.31
2016-04-20,1461159000,52.59
2016-04-21,1461245400,51.77
2016-04-22,1461331800,51.96
2016-04-25,1461591000,52.32
2016-04-26,1461677400,52.11
2016-04-27,1461763800,52.36
2016-04-28,1461850200,52.41
2016-04-29,1461936600,52.3
2016-05-02,1462195800,52.9
2016-05-03,1462282200,52.8
2016-05-04,1462368600,52.96
2016-05-05,1462455000,52.97
2016-05-06,1462541400,53.24
2016-05-09,1462800600,53.53
2016-05-10,1462887000,54.06
2016-05-11,1462973400,53.63
2016-05-12,1463059800,53.92
2016-05-13,1463146200,53.24
2016-05-16,1463405400,53.58
2016-05-17,1463491800,52.53
2016-05-18,1463578200,51.92
2016-05-19,1463664600,52.43
2016-05-20,1463751000,52.16
2016-05-23,1464010200,52.21
2016-05-24,1464096600,52.65
2016-05-25,1464183000,52.73
2016-05-26,1464269400,52.94
2016-05-27,1464355800,53
2016-05-31,1464701400,52.66
2016-06-01,1464787800,53.2
2016-06-02,1464874200,53.22
2016-06-03,1464960600,53.56
2016-06-06,1465219800,53.62
2016-06-07,1465306200,53.56
2016-06-08,1465392600,53.88
2016-06-09,1465479000,54.09
2016-06-10,1465565400,54.13
2016-06-13,1465824600,53.68
2016-06-14,1465911000,53.89
2016-06-15,1465997400,53.73
2016-06-16,1466083800,54.01
2016-06-17,1466170200,53.47
2016-06-20,1466429400,53.64
2016-06-21,1466515800,53.78
2016-06-22,1466602200,53.81
2016-06-23,1466688600,54.14
2016-06-24,1466775000,53.1
2016-06-27,1467034200,52.985
2016-06-28,1467120600,53.32
2016-06-29,1467207000,53.94
2016-06-30,1467293400,55.15
2016-07-01,1467379800,54.89
2016-07-05,1467725400,55.2
2016-07-06,1467811800,55.25
2016-07-07,1467898200,55.1408
2016-07-08,1467984600,55.69
2016-07-11,1468243800,55.7
2016-07-12,1468330200,55.4
2016-07-13,1468416600,55.71
2016-07-14,1468503000,55.7
2016-07-15,1468589400,55.7
2016-07-18,1468848600,55.64
2016-07-19,1468935000,55.6
2016-07-20,1469021400,55.4
2016-07-21,1469107800,55.24
2016-07-22,1469194200,55.5
2016-07-25,1469453400,55.44
2016-07-26,1469539800,55.01
2016-07-27,1469626200,54.19
2016-07-28,1469712600,54.43
2016-07-29,1469799000,54.7
2016-08-01,1470058200,54.76
2016-08-02,1470144600,54.68
2016-08-03,1470231000,54.38
2016-08-04,1470317400,54.5
2016-08-05,1470403800,54.59
2016-08-08,1470663000,54.53
2016-08-09,1470749400,54.7
2016-08-10,1470835800,54.9
2016-08-11,1470922200,54.9
2016-08-12,1471008600,55.09
2016-08-15,1471267800,54.95
2016-08-16,1471354200,54.71
2016-08-17,1471440600,54.86
2016-08-18,1471527000,55.05
2016-08-19,1471613400,54.92
2016-08-22,1471872600,55
2016-08-23,1471959000,54.89
2016-08-24,1472045400,54.8
2016-08-25,1472131800,54.59
2016-08-26,1472218200,54.31
2016-08-29,1472477400,54.63
2016-08-30,1472563800,54.31
2016-08-31,1472650200,54.38
2016-09-01,1472736600,54.4
2016-09-02,1472823000,54.82
2016-09-06,1473168600,54.9392
2016-09-07,1473255000,54.46
2016-09-08,1473341400,54.16
2016-09-09,1473427800,52.69
2016-09-12,1473687000,53.68
2016-09-13,1473773400,53.02
2016-09-14,1473859800,52.86
2016-09-15,1473946200,53.29
2016-09-16,1474032600,52.79
2016-09-19,1474291800,52.68
2016-09-20,1474378200,52.82
2016-09-21,1474464600,53.11
2016-09-22,1474551000,53.58
2016-09-23,1474637400,53.34
2016-09-26,1474896600,52.89
2016-09-27,1474983000,53.11
2016-09-28,1475069400,53.2
2016-09-29,1475155800,52.68
2016-09-30,1475242200,53.21
2016-10-03,1475501400,52.87
2016-10-04,1475587800,52.42
2016-10-05,1475674200,52.37
2016-10-06,1475760600,52.47
2016-10-07,1475847000,52.33
2016-10-10,1476106200,52.33
2016-10-11,1476192600,52.06
2016-10-12,1476279000,52.35
2016-10-13,1476365400,52.36
2016-10-14,1476451800,52.37
2016-10-17,1476711000,52.12
2016-10-18,1476797400,52.28
2016-10-19,1476883800,51.98
2016-10-20,1476970200,51.95
2016-10-21,1477056600,52.23
2016-10-24,1477315800,52.57
2016-10-25,1477402200,52.76
2016-10-26,1477488600,52.69
2016-10-27,1477575000,52.45
2016-10-28,1477661400,52.67
2016-10-31,1477920600,52.8
2016-11-01,1478007000,52.57
2016-11-02,1478093400,52.44
2016-11-03,1478179800,52.08
2016-11-04,1478266200,51.61
2016-11-07,1478529000,52.48
2016-11-08,1478615400,52.7
2016-11-09,1478701800,51.98
2016-11-10,1478788200,50.59
2016-11-11,1478874600,50.54
2016-11-14,1479133800,50.45
2016-11-15,1479220200,50.76
2016-11-16,1479306600,50.77
2016-11-17,1479393000,50.68
2016-11-18,1479479400,50.5
2016-11-21,1479738600,50.84
2016-11-22,1479825000,51.1
2016-11-23,1479911400,50.82
2016-11-25,1480084200,51.22
2016-11-28,1480343400,51.33
2016-11-29,1480429800,51.4
2016-11-30,1480516200,50.58
2016-12-01,1480602600,50.25
2016-12-02,1480689000,50.57
2016-12-05,1480948200,50.63
2016-12-06,1481034600,50.78
2016-12-07,1481121000,51.51
2016-12-08,1481207400,51.3
2016-12-09,1481293800,52.04
2016-12-12,1481553000,52.25
2016-12-13,1481639400,52.49
2016-12-14,1481725800,51.92
2016-12-15,1481812200,52.14
2016-12-16,1481898600,52.05
2016-12-19,1482157800,52.15
2016-12-20,1482244200,52.05
2016-12-21,1482330600,52.04
2016-12-22,1482417000,51.96
2016-12-23,1482503400,52.06
2016-12-27,1482849000,52.05
2016-12-28,1482935400,51.73
2016-12-29,1483021800,51.97
2016-12-30,1483108200,51.71
2017-01-03,1483453800,51.9
2017-01-04,1483540200,51.9
2017-01-05,1483626600,52.07
2017-01-06,1483713000,52.12
2017-01-09,1483972200,51.7
2017-01-10,1484058600,51.44
2017-01-11,1484145000,51.54
2017-01-12,1484231400,51.49
2017-01-13,1484317800,51.52
2017-01-17,1484663400,52.25
2017-01-18,1484749800,52.43
2017-01-19,1484836200,52.24
2017-01-20,1484922600,52.58
2017-01-23,1485181800,52.56
2017-01-24,1485268200,52.91
2017-01-25,1485354600,52.9
2017-01-26,1485441000,52.67
2017-01-27,1485527400,52.38
2017-01-30,1485786600,52.34
2017-01-31,1485873000,52.59
2017-02-01,1485959400,52.18
2017-02-02,1486045800,52.66
2017-02-03,1486132200,53
2017-02-06,1486391400,52.71
2017-02-07,1486477800,53.14
2017-02-08,1486564200,53.36
2017-02-09,1486650600,53.58
2017-02-10,1486737000,53.62
2017-02-13,1486996200,53.62
2017-02-14,1487082600,53.63
2017-02-15,1487169000,54.12
2017-02-16,1487255400,54.19
2017-02-17,1487341800,54.46
2017-02-21,1487687400,54.95
2017-02-22,1487773800,54.96
2017-02-23,1487860200,55.09
2017-02-24,1487946600,55.28
2017-02-27,1488205800,55.03
2017-02-28,1488292200,55.1
2017-03-01,1488378600,55.36
2017-03-02,1488465000,55.35
2017-03-03,1488551400,55.14
2017-03-06,1488810600,54.9
2017-03-07,1488897000,54.83
2017-03-08,1488983400,54.71
2017-03-09,1489069800,54.8
2017-03-10,1489156200,55.05
2017-03-13,1489411800,55.09
2017-03-14,1489498200,54.93
2017-03-15,1489584600,55.34
2017-03-16,1489671000,55.42
2017-03-17,1489757400,54.98
2017-03-20,1490016600,55.0771
2017-03-21,1490103000,55.04
2017-03-22,1490189400,54.93
2017-03-23,1490275800,54.81
2017-03-24,1490362200,54.7
2017-03-27,1490621400,54.65
2017-03-28,1490707800,54.75
2017-03-29,1490794200,54.85
2017-03-30,1490880600,54.74
2017-03-31,1490967000,54.58
2017-04-03,1491226200,54.49
2017-04-04,1491312600,54.65
2017-04-05,1491399000,54.55
2017-04-06,1491485400,54.55
2017-04-07,1491571800,54.7
2017-04-10,1491831000,54.86
2017-04-11,1491917400,54.88
2017-04-12,1492003800,55.09
2017-04-13,1492090200,54.84
2017-04-17,1492435800,55.23
2017-04-18,1492522200,55.48
2017-04-19,1492608600,55.27
2017-04-20,1492695000,55.16
2017-04-21,1492781400,55
2017-04-24,1493040600,55.5
2017-04-25,1493127000,55.72
2017-04-26,1493213400,55.27
2017-04-27,1493299800,55.2
2017-04-28,1493386200,55.18
2017-05-01,1493645400,54.97
2017-05-02,1493731800,54.6
2017-05-03,1493818200,54.65
2017-05-04,1493904600,55.07
2017-05-05,1493991000,55.22
2017-05-08,1494250200,55.2
2017-05-09,1494336600,55
2017-05-10,1494423000,55.04
2017-05-11,1494509400,55.12
2017-05-12,1494595800,54.96
2017-05-15,1494855000,55.14
2017-05-16,1494941400,55.09
2017-05-17,1495027800,55.01
2017-05-18,1495114200,55.05
2017-05-19,1495200600,55.35
2017-05-22,1495459800,55.66
2017-05-23,1495546200,55.72
2017-05-24,1495632600,55.94
2017-05-25,1495719000,56.29
2017-05-26,1495805400,56.5
2017-05-30,1496151000,56.48
2017-05-31,1496237400,56.64
2017-06-01,1496323800,57.1
2017-06-02,1496410200,57.27
2017-06-05,1496669400,57.33
2017-06-06,1496755800,57.19
2017-06-07,1496842200,57.17
2017-06-08,1496928600,56.74
2017-06-09,1497015000,56.67
2017-06-12,1497274200,56.66
2017-06-13,1497360600,56.75
2017-06-14,1497447000,57.11
2017-06-15,1497533400,56.98
2017-06-16,1497619800,55.95
2017-06-19,1497879000,56.22
2017-06-20,1497965400,56
2017-06-21,1498051800,55.84
2017-06-22,1498138200,55.47
2017-06-23,1498224600,55.49
2017-06-26,1498483800,55.71
2017-06-27,1498570200,55.23
2017-06-28,1498656600,55.43
2017-06-29,1498743000,54.84
2017-06-30,1498829400,54.94
2017-07-03,1499088600,54.89
2017-07-05,1499261400,54.85
2017-07-06,1499347800,54.54
2017-07-07,1499434200,54.51
2017-07-10,1499693400,54.13
2017-07-11,1499779800,53.98
2017-07-12,1499866200,54.28
2017-07-13,1499952600,54.29
2017-07-14,1500039000,54.72
2017-07-17,1500298200,54.78
2017-07-18,1500384600,54.78
2017-07-19,1500471000,54.98
2017-07-20,1500557400,54.99
2017-07-21,1500643800,55.08
2017-07-24,1500903000,54.9
2017-07-25,1500989400,55.28
2017-07-26,1501075800,55.27
2017-07-27,1501162200,55.81
2017-07-28,1501248600,55.34
2017-07-31,1501507800,55.32
2017-08-01,1501594200,55.26
2017-08-02,1501680600,55.22
2017-08-03,1501767000,55.17
2017-08-04,1501853400,55.02
2017-08-07,1502112600,55.43
2017-08-08,1502199000,55.22
2017-08-09,1502285400,55.31
2017-08-10,1502371800,55.08
2017-08-11,1502458200,55.12
2017-08-14,1502717400,55.39
2017-08-15,1502803800,55.67
2017-08-16,1502890200,55.86
2017-08-17,1502976600,55.35
2017-08-18,1503063000,55.2
2017-08-21,1503322200,55.4
2017-08-22,1503408600,55.41
2017-08-23,1503495000,55.25
2017-08-24,1503581400,54.49
2017-08-25,1503667800,54.67
2017-08-28,1503927000,54.51
2017-08-29,1504013400,54.7
2017-08-30,1504099800,54.69
2017-08-31,1504186200,54.71
2017-09-01,1504272600,54.97
2017-09-05,1504618200,55.05
2017-09-06,1504704600,55.28
2017-09-07,1504791000,55.36
2017-09-08,1504877400,55.09
2017-09-11,1505136600,55.43
2017-09-12,1505223000,55.55
2017-09-13,1505309400,55.58
2017-09-14,1505395800,55.47
2017-09-15,1505482200,55.22
2017-09-18,1505741400,55.3
2017-09-19,1505827800,55.13
2017-09-20,1505914200,54.6
2017-09-21,1506000600,54.08
2017-09-22,1506087000,53.92
2017-09-25,1506346200,54.31
2017-09-26,1506432600,54.44
2017-09-27,1506519000,54.02
2017-09-28,1506605400,54.02
2017-09-29,1506691800,53.98
2017-10-02,1506951000,53.88
2017-10-03,1507037400,53.94
2017-10-04,1507123800,54.11
2017-10-05,1507210200,54.35
2017-10-06,1507296600,53.81
2017-10-09,1507555800,53.66
2017-10-10,1507642200,54.13
2017-10-11,1507728600,54.24
2017-10-12,1507815000,54.47
2017-10-13,1507901400,54.57
2017-10-16,1508160600,54.59
2017-10-17,1508247000,54.39
2017-10-18,1508333400,54.32
2017-10-19,1508419800,54.03
2017-10-20,1508506200,53.9
2017-10-23,1508765400,53.86
2017-10-24,1508851800,53.67
2017-10-25,1508938200,53.52
2017-10-26,1509024600,53.56
2017-10-27,1509111000,53.1
2017-10-30,1509370200,52.65
2017-10-31,1509456600,53.09
2017-11-01,1509543000,53.26
2017-11-02,1509629400,53.13
2017-11-03,1509715800,53.14
2017-11-06,1509978600,52.57
2017-11-07,1510065000,53.16
2017-11-08,1510151400,53.74
2017-11-09,1510237800,53.73
2017-11-10,1510324200,54.28
2017-11-13,1510583400,54.59
2017-11-14,1510669800,54.78
2017-11-15,1510756200,54.2
2017-11-16,1510842600,54.95
2017-11-17,1510929000,54.76
2017-11-20,1511188200,54.7
2017-11-21,1511274600,54.88
2017-11-22,1511361000,54.81
2017-11-24,1511533800,54.77
2017-11-27,1511793000,54.8
2017-11-28,1511879400,55.25
2017-11-29,1511965800,55.54
2017-11-30,1512052200,56.05
2017-12-01,1512138600,56.19
2017-12-04,1512397800,56.72
2017-12-05,1512484200,56.63
2017-12-06,1512570600,56.99
2017-12-07,1512657000,56.44
2017-12-08,1512743400,56.59
2017-12-11,1513002600,56.58
2017-12-12,1513089000,56.59
2017-12-13,1513175400,56.91
2017-12-14,1513261800,56.66
2017-12-15,1513348200,56.88
2017-12-18,1513607400,56.85
2017-12-19,1513693800,56.92
2017-12-20,1513780200,56.82
2017-12-21,1513866600,56.78
2017-12-22,1513953000,56.87
2017-12-26,1514298600,57
2017-12-27,1514385000,56.99
2017-12-28,1514471400,56.9
2017-12-29,1514557800,56.89
2018-01-02,1514903400,56.54
2018-01-03,1514989800,56.52
2018-01-04,1515076200,56.68
2018-01-05,1515162600,56.93
2018-01-08,1515421800,57.07
2018-01-09,1515508200,56.99
2018-01-10,1515594600,56.71
2018-01-11,1515681000,56.63
2018-01-12,1515767400,56.65
2018-01-16,1516113000,56.91
2018-01-17,1516199400,57.56
2018-01-18,1516285800,57.39
2018-01-19,1516372200,58.03
2018-01-22,1516631400,58.47
2018-01-23,1516717800,58.28
2018-01-24,1516804200,58.4
2018-01-25,1516890600,58.43
2018-01-26,1516977000,58.71
2018-01-29,1517236200,58.48
2018-01-30,1517322600,58.09
2018-01-31,1517409000,57.82
2018-02-01,1517495400,57.57
2018-02-02,1517581800,56.47
2018-02-05,1517841000,54.42
2018-02-06,1517927400,55.02
2018-02-07,1518013800,54.78
2018-02-08,1518100200,53.6
2018-02-09,1518186600,53.71
2018-02-12,1518445800,54.26
2018-02-13,1518532200,54.51
2018-02-14,1518618600,54.48
2018-02-15,1518705000,55.38
2018-02-16,1518791400,55.6
2018-02-20,1519137000,54.34
2018-02-21,1519223400,53.69
2018-02-22,1519309800,53.83
2018-02-23,1519396200,54.35
2018-02-26,1519655400,54.69
2018-02-27,1519741800,53.97
2018-02-28,1519828200,53.41
2018-03-01,1519914600,53.29
2018-03-02,1520001000,53.74
2018-03-05,1520260200,54.21
2018-03-06,1520346600,54.25
2018-03-07,1520433000,53.76
2018-03-08,1520519400,54.25
2018-03-09,1520605800,54.6
2018-03-12,1520861400,54.5
2018-03-13,1520947800,54.46
2018-03-14,1521034200,53.91
2018-03-15,1521120600,53.53
2018-03-16,1521207000,53.25
2018-03-19,1521466200,52.73
2018-03-20,1521552600,52.58
2018-03-21,1521639000,51.93
2018-03-22,1521725400,51.5
2018-03-23,1521811800,50.86
2018-03-26,1522071000,51.59
2018-03-27,1522157400,51.56
2018-03-28,1522243800,52.27
2018-03-29,1522330200,52.63
2018-04-02,1522675800,51.34
2018-04-03,1522762200,52.02
2018-04-04,1522848600,52.83
2018-04-05,1522935000,52.96
2018-04-06,1523021400,52.42
2018-04-09,1523280600,52.39
2018-04-10,1523367000,52.51
2018-04-11,1523453400,52.41
2018-04-12,1523539800,52.33
2018-04-13,1523626200,52.59
2018-04-16,1523885400,53.16
2018-04-17,1523971800,53.28
2018-04-18,1524058200,52.88
2018-04-19,1524144600,51.35
2018-04-20,1524231000,50.49
2018-04-23,1524490200,50.43
2018-04-24,1524576600,50.11
2018-04-25,1524663000,50.2
2018-04-26,1524749400,50.5
2018-04-27,1524835800,50.77
2018-04-30,1525095000,50.45
2018-05-01,1525181400,50.01
2018-05-02,1525267800,49.03
2018-05-03,1525354200,48.98
2018-05-04,1525440600,49.69
2018-05-07,1525699800,49.38
2018-05-08,1525786200,49.18
2018-05-09,1525872600,49.25
2018-05-10,1525959000,49.54
2018-05-11,1526045400,49.54
2018-05-14,1526304600,49.52
2018-05-15,1526391000,49.33
2018-05-16,1526477400,49.68
2018-05-17,1526563800,49.85
2018-05-18,1526650200,49.54
2018-05-21,1526909400,49.75
2018-05-22,1526995800,49.66
2018-05-23,1527082200,49.84
2018-05-24,1527168600,49.8
2018-05-25,1527255000,49.88
2018-05-29,1527600600,49.77
2018-05-30,1527687000,50.47
2018-05-31,1527773400,49.66
2018-06-01,1527859800,49.66
2018-06-04,1528119000,50.07
2018-06-05,1528205400,49.84
2018-06-06,1528291800,49.9
2018-06-07,1528378200,50.21
2018-06-08,1528464600,50.83
2018-06-11,1528723800,51.25
2018-06-12,1528810200,51.35
2018-06-13,1528896600,51.19
2018-06-14,1528983000,51.28
2018-06-15,1529069400,51.54
2018-06-18,1529328600,50.79
2018-06-19,1529415000,51.06
2018-06-20,1529501400,51.11
2018-06-21,1529587800,51.21
2018-06-22,1529674200,51.63
2018-06-25,1529933400,51.89
2018-06-26,1530019800,51.67
2018-06-27,1530106200,51.56
2018-06-28,1530192600,51.56
2018-06-29,1530279000,51.53
2018-07-02,1530538200,51.23
2018-07-03,1530624600,51.35
2018-07-05,1530797400,52.06
2018-07-06,1530883800,52.22
2018-07-09,1531143000,52.02
2018-07-10,1531229400,52.64
2018-07-11,1531315800,52.47
2018-07-12,1531402200,52.4
2018-07-13,1531488600,52.74
2018-07-16,1531747800,52.49
2018-07-17,1531834200,52.94
2018-07-18,1531920600,52.51
2018-07-19,1532007000,52.54
2018-07-20,1532093400,52.86
2018-07-23,1532352600,52.53
2018-07-24,1532439000,52.63
2018-07-25,1532525400,53.03
2018-07-26,1532611800,53.31
2018-07-27,1532698200,53.38
2018-07-30,1532957400,53.32
2018-07-31,1533043800,53.57
2018-08-01,1533130200,53.12
2018-08-02,1533216600,53.66
2018-08-03,1533303000,54.29
2018-08-06,1533562200,54.34
2018-08-07,1533648600,54.01
2018-08-08,1533735000,53.6
2018-08-09,1533821400,53.44
2018-08-10,1533907800,53.24
2018-08-13,1534167000,53.24
2018-08-14,1534253400,53.61
2018-08-15,1534339800,53.83
2018-08-16,1534426200,54.6
2018-08-17,1534512600,55.02
2018-08-20,1534771800,54.99
2018-08-21,1534858200,54.6
2018-08-22,1534944600,54.26
2018-08-23,1535031000,54.13
2018-08-24,1535117400,54.06
2018-08-27,1535376600,54.09
2018-08-28,1535463000,53.91
2018-08-29,1535549400,53.97
2018-08-30,1535635800,53.8
2018-08-31,1535722200,53.78
2018-09-04,1536067800,53.71
2018-09-05,1536154200,54.33
2018-09-06,1536240600,54.48
2018-09-07,1536327000,54.37
2018-09-10,1536586200,54.56
2018-09-11,1536672600,54.36
2018-09-12,1536759000,54.99
2018-09-13,1536845400,54.91
2018-09-14,1536931800,54.76
2018-09-17,1537191000,54.96
2018-09-18,1537277400,54.73
2018-09-19,1537363800,54.63
2018-09-20,1537450200,55.32
2018-09-21,1537536600,55.02
2018-09-24,1537795800,54.18
2018-09-25,1537882200,53.86
2018-09-26,1537968600,53.92
2018-09-27,1538055000,53.85
2018-09-28,1538141400,53.93
2018-10-01,1538400600,53.89
2018-10-02,1538487000,54.2
2018-10-03,1538573400,53.62
2018-10-04,1538659800,53.49
2018-10-05,1538746200,53.44
2018-10-08,1539005400,54.18
2018-10-09,1539091800,54.06
2018-10-10,1539178200,53.41
2018-10-11,1539264600,52.09
2018-10-12,1539351000,52.38
2018-10-15,1539610200,52.7
2018-10-16,1539696600,53.29
2018-10-17,1539783000,53.54
2018-10-18,1539869400,53.47
2018-10-19,1539955800,54.69
2018-10-22,1540215000,54.28
2018-10-23,1540301400,54.52
2018-10-24,1540387800,54.75
2018-10-25,1540474200,54.88
2018-10-26,1540560600,53.83
2018-10-29,1540819800,54.45
2018-10-30,1540906200,55.53
2018-10-31,1540992600,55.01
2018-11-01,1541079000,55.4
2018-11-02,1541165400,55.11
2018-11-05,1541428200,55.8
2018-11-06,1541514600,56.14
2018-11-07,1541601000,56.46
2018-11-08,1541687400,56.49
2018-11-09,1541773800,56.82
2018-11-12,1542033000,56.52
2018-11-13,1542119400,56.39
2018-11-14,1542205800,56.01
2018-11-15,1542292200,55.92
2018-11-16,1542378600,56.06
2018-11-19,1542637800,55.97
2018-11-20,1542724200,55.04
2018-11-21,1542810600,54.6
2018-11-23,1542983400,54.79
2018-11-26,1543242600,54.86
2018-11-27,1543329000,55.35
2018-11-28,1543415400,55.81
2018-11-29,1543501800,55.9
2018-11-30,1543588200,56.26
2018-12-03,1543847400,56.31
2018-12-04,1543933800,55.36
2018-12-06,1544106600,55.42
2018-12-07,1544193000,54.72
2018-12-10,1544452200,54.72
2018-12-11,1544538600,55.17
2018-12-12,1544625000,55.1
2018-12-13,1544711400,55.44
2018-12-14,1544797800,54.5
2018-12-17,1545057000,53.24
2018-12-18,1545143400,52.61
2018-12-19,1545229800,52.1
2018-12-20,1545316200,51.17
2018-12-21,1545402600,50.18
2018-12-24,1545661800,48.73
2018-12-26,1545834600,50.09
2018-12-27,1545921000,50.57
2018-12-28,1546007400,50.57
2018-12-31,1546266600,50.78
2019-01-02,1546439400,50.48
2019-01-03,1546525800,50.19
2019-01-04,1546612200,51.26
2019-01-07,1546871400,51.19
2019-01-08,1546957800,51.66
2019-01-09,1547044200,51.18
2019-01-10,1547130600,51.48
2019-01-11,1547217000,51.63
2019-01-14,1547476200,51.38
2019-01-15,1547562600,51.89
2019-01-16,1547649000,51.61
2019-01-17,1547735400,51.83
2019-01-18,1547821800,52.45
2019-01-22,1548167400,51.97
2019-01-23,1548253800,52.59
2019-01-24,1548340200,51.94
2019-01-25,1548426600,51.73
2019-01-28,1548685800,51.95
2019-01-29,1548772200,52.07
2019-01-30,1548858600,52.42
2019-01-31,1548945000,53.39
2019-02-01,1549031400,53.22
2019-02-04,1549290600,53.56
2019-02-05,1549377000,53.57
2019-02-06,1549463400,53.58
2019-02-07,1549549800,53.54
2019-02-08,1549636200,53.79
2019-02-11,1549895400,53.93
2019-02-12,1549981800,54.35
2019-02-13,1550068200,54.45
2019-02-14,1550154600,53.84
2019-02-15,1550241000,54.35
2019-02-19,1550586600,54.63
2019-02-20,1550673000,54.53
2019-02-21,1550759400,54.69
2019-02-22,1550845800,54.43
2019-02-25,1551105000,54.13
2019-02-26,1551191400,54.16
2019-02-27,1551277800,54.08
2019-02-28,1551364200,54.34
2019-03-01,1551450600,54.24
2019-03-04,1551709800,54.15
2019-03-05,1551796200,54.11
2019-03-06,1551882600,54.03
2019-03-07,1551969000,53.68
2019-03-08,1552055400,53.71
2019-03-11,1552311000,54.41
2019-03-12,1552397400,54.43
2019-03-13,1552483800,54.74
2019-03-14,1552570200,54.69
2019-03-15,1552656600,54.7
2019-03-18,1552915800,54.78
2019-03-19,1553002200,54.74
2019-03-20,1553088600,54.51
2019-03-21,1553175000,55.15
2019-03-22,1553261400,55.08
2019-03-25,1553520600,55.19
2019-03-26,1553607000,55.66
2019-03-27,1553693400,55.47
2019-03-28,1553779800,55.74
2019-03-29,1553866200,56.11
2019-04-01,1554125400,55.92
2019-04-02,1554211800,55.46
2019-04-03,1554298200,55.19
2019-04-04,1554384600,55.4
2019-04-05,1554471000,55.59
2019-04-08,1554730200,55.82
2019-04-09,1554816600,55.75
2019-04-10,1554903000,55.91
2019-04-11,1554989400,56.02
2019-04-12,1555075800,56.2
2019-04-15,1555335000,56.53
2019-04-16,1555421400,56.54
2019-04-17,1555507800,56.82
2019-04-18,1555594200,56.87
2019-04-22,1555939800,56.89
2019-04-23,1556026200,56.71
2019-04-24,1556112600,56.83
2019-04-25,1556199000,56.47
2019-04-26,1556285400,56.98
2019-04-29,1556544600,57.05
2019-04-30,1556631000,57.71
2019-05-01,1556717400,57
2019-05-02,1556803800,56.98
2019-05-03,1556890200,57.41
2019-05-06,1557149400,57.32
2019-05-07,1557235800,56.75
2019-05-08,1557322200,56.74
2019-05-09,1557408600,56.62
2019-05-10,1557495000,57.31
2019-05-13,1557754200,56.77
2019-05-14,1557840600,57.04
2019-05-15,1557927000,57.49
2019-05-16,1558013400,57.94
2019-05-17,1558099800,57.75
2019-05-20,1558359000,57.61
2019-05-21,1558445400,57.49
2019-05-22,1558531800,57.75
2019-05-23,1558618200,57.73
2019-05-24,1558704600,57.52
2019-05-28,1559050200,56.58
2019-05-29,1559136600,56.17
2019-05-30,1559223000,56.41
2019-05-31,1559309400,55.61
2019-06-03,1559568600,56.31
2019-06-04,1559655000,56.82
2019-06-05,1559741400,57.47
2019-06-06,1559827800,58.07
2019-06-07,1559914200,58.63
2019-06-10,1560173400,58.65
2019-06-11,1560259800,58.84
2019-06-12,1560346200,58.93
2019-06-13,1560432600,59.06
2019-06-14,1560519000,59.09
2019-06-17,1560778200,58.92
2019-06-18,1560864600,58.6
2019-06-19,1560951000,58.84
2019-06-20,1561037400,59.36
2019-06-21,1561123800,58.72
2019-06-24,1561383000,58.87
2019-06-25,1561469400,58.84
2019-06-26,1561555800,58
2019-06-27,1561642200,58.11
2019-06-28,1561728600,58.07
2019-07-01,1561987800,58.42
2019-07-02,1562074200,58.93
2019-07-03,1562160600,59.66
2019-07-05,1562333400,59.4
2019-07-08,1562592600,59.48
2019-07-09,1562679000,59.13
2019-07-10,1562765400,59.51
2019-07-11,1562851800,59.66
2019-07-12,1562938200,59.83
2019-07-15,1563197400,59.97
2019-07-16,1563283800,59.99
2019-07-17,1563370200,59.92
2019-07-18,1563456600,60.32
2019-07-19,1563543000,59.94
2019-07-22,1563802200,59.59
2019-07-23,1563888600,60.02
2019-07-24,1563975000,59.62
2019-07-25,1564061400,59.7
2019-07-26,1564147800,60.37
2019-07-29,1564407000,60.48
2019-07-30,1564493400,60.66
2019-07-31,1564579800,59.43
2019-08-01,1564666200,59.22
2019-08-02,1564752600,59.23
2019-08-05,1565011800,57.69
2019-08-06,1565098200,58.21
2019-08-07,1565184600,58.89
2019-08-08,1565271000,59.65
2019-08-09,1565357400,59.32
2019-08-12,1565616600,58.92
2019-08-13,1565703000,59.59
2019-08-14,1565789400,58.65
2019-08-15,1565875800,59.53
2019-08-16,1565962200,60.21
2019-08-19,1566221400,60.81
2019-08-20,1566307800,60.15
2019-08-21,1566394200,60.31
2019-08-22,1566480600,60.63
2019-08-23,1566567000,59.62
2019-08-26,1566826200,60.36
2019-08-27,1566912600,60.19
2019-08-28,1566999000,60.77
2019-08-29,1567085400,60.8
2019-08-30,1567171800,60.72
2019-09-03,1567517400,61.07
2019-09-04,1567603800,61.62
2019-09-05,1567690200,61.24
2019-09-06,1567776600,61.44
2019-09-09,1568035800,61.3
2019-09-10,1568122200,60.92
2019-09-11,1568208600,61.14
2019-09-12,1568295000,61.39
2019-09-13,1568381400,61.04
2019-09-16,1568640600,60.45
2019-09-17,1568727000,60.78
2019-09-18,1568813400,60.88
2019-09-19,1568899800,60.87
2019-09-20,1568986200,60.32
2019-09-23,1569245400,60.56
2019-09-24,1569331800,60.81
2019-09-25,1569418200,60.85
2019-09-26,1569504600,61.19
2019-09-27,1569591000,61.12
2019-09-30,1569850200,61.42
2019-10-01,1569936600,61.26
2019-10-02,1570023000,60.03
2019-10-03,1570109400,60.45
2019-10-04,1570195800,61.4
2019-10-07,1570455000,60.9
2019-10-08,1570541400,60.32
2019-10-09,1570627800,60.78
2019-10-10,1570714200,60.9
2019-10-11,1570800600,60.84
2019-10-14,1571059800,60.54
2019-10-15,1571146200,60.28
2019-10-16,1571232600,60.34
2019-10-17,1571319000,60.62
2019-10-18,1571405400,60.74
2019-10-21,1571664600,60.94
2019-10-22,1571751000,60.96
2019-10-23,1571837400,61.24
2019-10-24,1571923800,61.45
2019-10-25,1572010200,61.09
2019-10-28,1572269400,60.97
2019-10-29,1572355800,60.97
2019-10-30,1572442200,61.25
2019-10-31,1572528600,61.16
2019-11-01,1572615000,61.15
2019-11-04,1572877800,60.56
2019-11-05,1572964200,60.76
2019-11-06,1573050600,61.01
2019-11-07,1573137000,60.8
2019-11-08,1573223400,60.76
2019-11-11,1573482600,60.67
2019-11-12,1573569000,60.87
2019-11-13,1573655400,61.33
2019-11-14,1573741800,61.31
2019-11-15,1573828200,61.33
2019-11-18,1574087400,61.65
2019-11-19,1574173800,61.57
2019-11-20,1574260200,61.71
2019-11-21,1574346600,61.4
2019-11-22,1574433000,61.3
2019-11-25,1574692200,61.37
2019-11-26,1574778600,61.87
2019-11-27,1574865000,62.02
2019-11-29,1575037800,62
2019-12-02,1575297000,62.14
2019-12-03,1575383400,62.04
2019-12-04,1575469800,62.45
2019-12-05,1575556200,62.43
2019-12-06,1575642600,62.67
2019-12-09,1575901800,62.72
2019-12-10,1575988200,62.52
2019-12-11,1576074600,62.61
2019-12-12,1576161000,62.56
2019-12-13,1576247400,62.78
2019-12-16,1576506600,63
2019-12-17,1576593000,62.9
2019-12-18,1576679400,62.8
2019-12-19,1576765800,63.14
2019-12-20,1576852200,63.1
2019-12-23,1577111400,62.83
2019-12-24,1577197800,62.91
2019-12-26,1577370600,62.97
2019-12-27,1577457000,63.25
2019-12-30,1577716200,62.92
2019-12-31,1577802600,62.98
2020-01-02,1577975400,62.48
2020-01-03,1578061800,62.38
2020-01-06,1578321000,62.51
2020-01-07,1578407400,62.03
2020-01-08,1578493800,62.26
2020-01-09,1578580200,62.7
2020-01-10,1578666600,62.66
2020-01-13,1578925800,63.07
2020-01-14,1579012200,63.09
2020-01-15,1579098600,63.54
2020-01-16,1579185000,63.71
2020-01-17,1579271400,63.82
2020-01-21,1579617000,64.04
2020-01-22,1579703400,64.09
2020-01-23,1579789800,64.03
2020-01-24,1579876200,63.59
2020-01-27,1580135400,63.39
2020-01-28,1580221800,63.47
2020-01-29,1580308200,63.15
2020-01-30,1580394600,63.9
2020-01-31,1580481000,63.18
2020-02-03,1580740200,63.18
2020-02-04,1580826600,63.56
2020-02-05,1580913000,64.07
2020-02-06,1580999400,64.18
2020-02-07,1581085800,64.26
2020-02-10,1581345000,64.53
2020-02-11,1581431400,64.29
2020-02-12,1581517800,64.26
2020-02-13,1581604200,64.64
2020-02-14,1581690600,64.79
2020-02-18,1582036200,64.56
2020-02-19,1582122600,64.49
2020-02-20,1582209000,64.54
2020-02-21,1582295400,64.65
2020-02-24,1582554600,63.16
2020-02-25,1582641000,62.02
2020-02-26,1582727400,61.67
2020-02-27,1582813800,59.16
2020-02-28,1582900200,57.99
2020-03-02,1583159400,61.09
2020-03-03,1583245800,60.26
2020-03-04,1583332200,63.22
2020-03-05,1583418600,62.03
2020-03-06,1583505000,61.54
2020-03-09,1583760600,58.86
2020-03-10,1583847000,60.55
2020-03-11,1583933400,57.58
2020-03-12,1584019800,52.17
2020-03-13,1584106200,56.61
2020-03-16,1584365400,52.77
2020-03-17,1584451800,57.22
2020-03-18,1584538200,55.75
2020-03-19,1584624600,53.89
2020-03-20,1584711000,50.4
2020-03-23,1584970200,48.63
2020-03-24,1585056600,51.11
2020-03-25,1585143000,50.97
2020-03-26,1585229400,53.76
2020-03-27,1585315800,53.51
2020-03-30,1585575000,55.6
2020-03-31,1585661400,54.47
2020-04-01,1585747800,53.55
2020-04-02,1585834200,54.92
2020-04-03,1585920600,55.35
2020-04-06,1586179800,57.41
2020-04-07,1586266200,56.75
2020-04-08,1586352600,57.59
2020-04-09,1586439000,58.13
2020-04-13,1586784600,57.7
2020-04-14,1586871000,60.15
2020-04-15,1586957400,59.2
2020-04-16,1587043800,59.59
2020-04-17,1587130200,60.5
2020-04-20,1587389400,59.31
2020-04-21,1587475800,58.05
2020-04-22,1587562200,58.61
2020-04-23,1587648600,58.09
2020-04-24,1587735000,58.71
2020-04-27,1587994200,58.88
2020-04-28,1588080600,59.21
2020-04-29,1588167000,58.96
2020-04-30,1588253400,58.26
2020-05-01,1588339800,57.62
2020-05-04,1588599000,57.59
2020-05-05,1588685400,57.64
2020-05-06,1588771800,57.01
2020-05-07,1588858200,56.85
2020-05-08,1588944600,58.12
2020-05-11,1589203800,58.04
2020-05-12,1589290200,57.55
2020-05-13,1589376600,57.03
2020-05-14,1589463000,56.89
2020-05-15,1589549400,57.39
2020-05-18,1589808600,58.3
2020-05-19,1589895000,57.23
2020-05-20,1589981400,57.91
2020-05-21,1590067800,57.27
2020-05-22,1590154200,57.47
2020-05-26,1590499800,57.78
2020-05-27,1590586200,58.65
2020-05-28,1590672600,59.17
2020-05-29,1590759000,59.23
2020-06-01,1591018200,59.64
2020-06-02,1591104600,59.8
2020-06-03,1591191000,59.88
2020-06-04,1591277400,59.59
2020-06-05,1591363800,60.42
2020-06-08,1591623000,61.07
2020-06-09,1591709400,60.57
2020-06-10,1591795800,60.4
2020-06-11,1591882200,58.11
2020-06-12,1591968600,58.12
2020-06-15,1592227800,58.79
2020-06-16,1592314200,59.71
2020-06-17,1592400600,59.62
2020-06-18,1592487000,59.93
2020-06-19,1592573400,59.62
2020-06-22,1592832600,58.99
2020-06-23,1592919000,58.9
2020-06-24,1593005400,57.91
2020-06-25,1593091800,58.32
2020-06-26,1593178200,57.13
2020-06-29,1593437400,58.21
2020-06-30,1593523800,58.64
2020-07-01,1593610200,58.69
2020-07-02,1593696600,58.99
2020-07-06,1594042200,59.28
2020-07-07,1594128600,59.82
2020-07-08,1594215000,59.67
2020-07-09,1594301400,59.2
2020-07-10,1594387800,60.29
2020-07-13,1594647000,60.2
2020-07-14,1594733400,61.08
2020-07-15,1594819800,61.13
2020-07-16,1594906200,61.26
2020-07-17,1594992600,61.59
2020-07-20,1595251800,60.97
2020-07-21,1595338200,61.5
2020-07-22,1595424600,61.99
2020-07-23,1595511000,62.21
2020-07-24,1595597400,62.13
2020-07-27,1595856600,62.44
2020-07-28,1595943000,62.67
2020-07-29,1596029400,62.76
2020-07-30,1596115800,62.76
2020-07-31,1596202200,62.7
2020-08-03,1596461400,62.53
2020-08-04,1596547800,63.31
2020-08-05,1596634200,63.18
2020-08-06,1596720600,63.17
2020-08-07,1596807000,63.51
2020-08-10,1597066200,63.84
2020-08-11,1597152600,63.4
2020-08-12,1597239000,64.22
2020-08-13,1597325400,64.17
2020-08-14,1597411800,64.16
2020-08-17,1597671000,64.52
2020-08-18,1597757400,64.78
2020-08-19,1597843800,64.27
2020-08-20,1597930200,64.14
2020-08-21,1598016600,64.3
2020-08-24,1598275800,64.85
2020-08-25,1598362200,64.71
2020-08-26,1598448600,64.79
2020-08-27,1598535000,65.19
2020-08-28,1598621400,65.77
2020-08-31,1598880600,65.58
2020-09-01,1598967000,65.65
2020-09-02,1599053400,66.84
2020-09-03,1599139800,65.69
2020-09-04,1599226200,65.54
2020-09-08,1599571800,64.16
2020-09-09,1599658200,65.09
2020-09-10,1599744600,64.29
2020-09-11,1599831000,64.65
2020-09-14,1600090200,65.07
2020-09-15,1600176600,64.98
2020-09-16,1600263000,64.69
2020-09-17,1600349400,64.28
2020-09-18,1600435800,63.69
2020-09-21,1600695000,62.83
2020-09-22,1600781400,63.2
2020-09-23,1600867800,62.25
2020-09-24,1600954200,62.71
2020-09-25,1601040600,63.04
2020-09-28,1601299800,63.75
2020-09-29,1601386200,63.33
2020-09-30,1601472600,64.1
2020-10-01,1601559000,64.46
2020-10-02,1601645400,64.1
2020-10-05,1601904600,64.53
2020-10-06,1601991000,64.11
2020-10-07,1602077400,64.8
2020-10-08,1602163800,65.23
2020-10-09,1602250200,65.74
2020-10-12,1602509400,66.5
2020-10-13,1602595800,66.45
2020-10-14,1602682200,66.11
2020-10-15,1602768600,66.15
2020-10-16,1602855000,66.17
2020-10-19,1603114200,65.31
2020-10-20,1603200600,65.24
2020-10-21,1603287000,65.3
2020-10-22,1603373400,65.27
2020-10-23,1603459800,65.39
2020-10-26,1603719000,64.55
2020-10-27,1603805400,64.38
2020-10-28,1603891800,62.5
2020-10-29,1603978200,62.48
2020-10-30,1604064600,62.26
2020-11-02,1604327400,63.25
2020-11-03,1604413800,64.29
2020-11-04,1604500200,64.32
2020-11-05,1604586600,64.79
2020-11-06,1604673000,65.09
2020-11-09,1604932200,64.94
2020-11-10,1605018600,66.22
2020-11-11,1605105000,66.79
2020-11-12,1605191400,66.61
2020-11-13,1605277800,67.53
2020-11-16,1605537000,68.15
2020-11-17,1605623400,67.67
2020-11-18,1605709800,66.74
2020-11-19,1605796200,66.92
2020-11-20,1605882600,66.5
2020-11-23,1606141800,66.52
2020-11-24,1606228200,66.97
2020-11-25,1606314600,66.93
2020-11-27,1606487400,66.92
2020-11-30,1606746600,66.91
2020-12-01,1606833000,67.5
2020-12-02,1606919400,66.94
2020-12-03,1607005800,67.11
2020-12-04,1607092200,67.63
2020-12-07,1607351400,67.37
2020-12-08,1607437800,67.74
2020-12-09,1607524200,67.47
2020-12-10,1607610600,67.17
2020-12-11,1607697000,67.32
2020-12-14,1607956200,67.06
2020-12-15,1608042600,67.22
2020-12-16,1608129000,67.35
2020-12-17,1608215400,67.78
2020-12-18,1608301800,67.93
2020-12-21,1608561000,66.64
2020-12-22,1608647400,66.17
2020-12-23,1608733800,66.39
2020-12-24,1608820200,66.72
2020-12-28,1609165800,67.25
2020-12-29,1609252200,67.05
2020-12-30,1609338600,66.98
2020-12-31,1609425000,67.45
2021-01-04,1609770600,66.72
2021-01-05,1609857000,66.72
2021-01-06,1609943400,66.77
2021-01-07,1610029800,66.57
2021-01-08,1610116200,66.9
2021-01-11,1610375400,66.33
2021-01-12,1610461800,66.11
2021-01-13,1610548200,66.21
2021-01-14,1610634600,65.86
2021-01-15,1610721000,65.63
2021-01-19,1611066600,65.34
2021-01-20,1611153000,65.46
2021-01-21,1611239400,65.24
2021-01-22,1611325800,65.07
2021-01-25,1611585000,65.72
2021-01-26,1611671400,66.31
2021-01-27,1611757800,65.19
2021-01-28,1611844200,65.44
2021-01-29,1611930600,64.09
2021-02-01,1612189800,64.15
2021-02-02,1612276200,64.58
2021-02-03,1612362600,64.68
2021-02-04,1612449000,65.15
2021-02-05,1612535400,65.76
2021-02-08,1612794600,66.01
2021-02-09,1612881000,65.95
2021-02-10,1612967400,65.88
2021-02-11,1613053800,65.59
2021-02-12,1613140200,65.69
2021-02-16,1613485800,65.57
2021-02-17,1613572200,65.81
2021-02-18,1613658600,65.77
2021-02-19,1613745000,64.94
2021-02-22,1614004200,65
2021-02-23,1614090600,65.09
2021-02-24,1614177000,65.05
2021-02-25,1614263400,64.34
2021-02-26,1614349800,63.3
2021-03-01,1614609000,63.94
2021-03-02,1614695400,63.83
2021-03-03,1614781800,63.53
2021-03-04,1614868200,63.3
2021-03-05,1614954600,64.7
2021-03-08,1615213800,64.98
2021-03-09,1615300200,64.92
2021-03-10,1615386600,65.77
2021-03-11,1615473000,65.61
2021-03-12,1615559400,66.15
2021-03-15,1615815000,66.44
2021-03-16,1615901400,66.52
2021-03-17,1615987800,66.42
2021-03-18,1616074200,66.15
2021-03-19,1616160600,66.38
2021-03-22,1616419800,66.72
2021-03-23,1616506200,67
2021-03-24,1616592600,66.74
2021-03-25,1616679000,67.39
2021-03-26,1616765400,68.58
2021-03-29,1617024600,69.27
2021-03-30,1617111000,68.53
2021-03-31,1617197400,68.31
2021-04-01,1617283800,67.98
2021-04-05,1617629400,68.85
2021-04-06,1617715800,69.14
2021-04-07,1617802200,68.97
2021-04-08,1617888600,69.04
2021-04-09,1617975000,68.92
2021-04-12,1618234200,69.29
2021-04-13,1618320600,68.92
2021-04-14,1618407000,68.86
2021-04-15,1618493400,69.41
2021-04-16,1618579800,69.81
2021-04-19,1618839000,69.54
2021-04-20,1618925400,69.92
2021-04-21,1619011800,70.27
2021-04-22,1619098200,69.75
2021-04-23,1619184600,69.57
2021-04-26,1619443800,68.79
2021-04-27,1619530200,68.74
2021-04-28,1619616600,68.79
2021-04-29,1619703000,69.52
2021-04-30,1619789400,69.58
2021-05-03,1620048600,70.15
2021-05-04,1620135000,69.79
2021-05-05,1620221400,69.74
2021-05-06,1620307800,70.64
2021-05-07,1620394200,70.64
2021-05-10,1620653400,71.18
2021-05-11,1620739800,70.56
2021-05-12,1620826200,69.62
2021-05-13,1620912600,70.6
2021-05-14,1620999000,70.91
2021-05-17,1621258200,70.81
2021-05-18,1621344600,70.59
2021-05-19,1621431000,70.36
2021-05-20,1621517400,71.01
2021-05-21,1621603800,71.02
2021-05-24,1621863000,71.23
2021-05-25,1621949400,71.25
2021-05-26,1622035800,71.1
2021-05-27,1622122200,70.66
2021-05-28,1622208600,70.81
2021-06-01,1622554200,70.57
2021-06-02,1622640600,70.83
2021-06-03,1622727000,71.27
2021-06-04,1622813400,71.52
2021-06-07,1623072600,71.4
2021-06-08,1623159000,70.8
2021-06-09,1623245400,70.46
2021-06-10,1623331800,70.9
2021-06-11,1623418200,70.94
2021-06-14,1623677400,70.9
2021-06-15,1623763800,70.73
2021-06-16,1623850200,69.79
2021-06-17,1623936600,70.04
2021-06-18,1624023000,68.8
2021-06-21,1624282200,69.14
2021-06-22,1624368600,69.24
2021-06-23,1624455000,68.81
2021-06-24,1624541400,69.15
2021-06-25,1624627800,69.68
2021-06-28,1624887000,69.74
2021-06-29,1624973400,69.43
2021-06-30,1625059800,69.97
2021-07-01,1625146200,69.76
2021-07-02,1625232600,69.93
2021-07-06,1625578200,69.64
2021-07-07,1625664600,70.01
2021-07-08,1625751000,69.75
2021-07-09,1625837400,70.15
2021-07-12,1626096600,70.04
2021-07-13,1626183000,70.02
2021-07-14,1626269400,70.64
2021-07-15,1626355800,70.93
2021-07-16,1626442200,71.04
2021-07-19,1626701400,70.83
2021-07-20,1626787800,70.85
2021-07-21,1626874200,70.67
2021-07-22,1626960600,70.55
2021-07-23,1627047000,71.4
2021-07-26,1627306200,71.52
2021-07-27,1627392600,71.67
2021-07-28,1627479000,71.04
2021-07-29,1627565400,71.39
2021-07-30,1627651800,71.51
2021-08-02,1627911000,71.21
2021-08-03,1627997400,71.53
2021-08-04,1628083800,70.6
2021-08-05,1628170200,70.94
2021-08-06,1628256600,70.94
2021-08-09,1628515800,71.2
2021-08-10,1628602200,71.71
2021-08-11,1628688600,71.95
2021-08-12,1628775000,71.91
2021-08-13,1628861400,72.51
2021-08-16,1629120600,72.93
2021-08-17,1629207000,72.97
2021-08-18,1629293400,72.06
2021-08-19,1629379800,72.64
2021-08-20,1629466200,72.76
2021-08-23,1629725400,72.53
2021-08-24,1629811800,71.98
2021-08-25,1629898200,71.86
2021-08-26,1629984600,71.53
2021-08-27,1630071000,71.78
2021-08-30,1630330200,72.1
2021-08-31,1630416600,72.26
2021-09-01,1630503000,72.64
2021-09-02,1630589400,72.92
2021-09-03,1630675800,72.83
2021-09-07,1631021400,71.99
2021-09-08,1631107800,72.61
2021-09-09,1631194200,72.19
2021-09-10,1631280600,71.88
2021-09-13,1631539800,72.06
2021-09-14,1631626200,71.73
2021-09-15,1631712600,71.99
2021-09-16,1631799000,71.75
2021-09-17,1631885400,71.36
2021-09-20,1632144600,70.21
2021-09-21,1632231000,70.13
2021-09-22,1632317400,70.33
2021-09-23,1632403800,70.59
2021-09-24,1632490200,70.62
2021-09-27,1632749400,70.3
2021-09-28,1632835800,69.47
2021-09-29,1632922200,70.1
2021-09-30,1633008600,68.84
2021-10-01,1633095000,69.02
2021-10-04,1633354200,68.8
2021-10-05,1633440600,69.15
2021-10-06,1633527000,69.82
2021-10-07,1633613400,70.13
2021-10-08,1633699800,70.05
2021-10-11,1633959000,70.03
2021-10-12,1634045400,70.06
2021-10-13,1634131800,70.19
2021-10-14,1634218200,70.98
2021-10-15,1634304600,70.81
2021-10-18,1634563800,70.39
2021-10-19,1634650200,70.42
2021-10-20,1634736600,70.83
2021-10-21,1634823000,70.74
2021-10-22,1634909400,71.29
2021-10-25,1635168600,71.24
2021-10-26,1635255000,71.49
2021-10-27,1635341400,71.07
2021-10-28,1635427800,71.32
2021-10-29,1635514200,71.25
2021-11-01,1635773400,71.36
2021-11-02,1635859800,71.84
2021-11-03,1635946200,72.51
2021-11-04,1636032600,72.58
2021-11-05,1636119000,73
2021-11-08,1636381800,72.42
2021-11-09,1636468200,72.67
2021-11-10,1636554600,72.89
2021-11-11,1636641000,72.84
2021-11-12,1636727400,72.84
2021-11-15,1636986600,73.19
2021-11-16,1637073000,72.73
2021-11-17,1637159400,72.57
2021-11-18,1637245800,72.31
2021-11-19,1637332200,72.05
2021-11-22,1637591400,72.62
2021-11-23,1637677800,73.1
2021-11-24,1637764200,72.88
2021-11-26,1637937000,71.96
2021-11-29,1638196200,72.14
2021-11-30,1638282600,70.29
2021-12-01,1638369000,69.95
2021-12-02,1638455400,70.69
2021-12-03,1638541800,71.57
2021-12-06,1638801000,72.83
2021-12-07,1638887400,72.99
2021-12-08,1638973800,72.76
2021-12-09,1639060200,72.96
2021-12-10,1639146600,74.19
2021-12-13,1639405800,75.16
2021-12-14,1639492200,75.21
2021-12-15,1639578600,75.97
2021-12-16,1639665000,76.51
2021-12-17,1639751400,75.2
2021-12-20,1640010600,74.71
2021-12-21,1640097000,74.61
2021-12-22,1640183400,75.08
2021-12-23,1640269800,75.25
2021-12-27,1640615400,76.05
2021-12-28,1640701800,76.48
2021-12-29,1640788200,76.83
2021-12-30,1640874600,76.59
2021-12-31,1640961000,77.11
2022-01-03,1641220200,77.1
2022-01-04,1641306600,77.62
2022-01-05,1641393000,77.55
2022-01-06,1641479400,77.34
2022-01-07,1641565800,77.42
2022-01-10,1641825000,76.81
2022-01-11,1641911400,76.72
2022-01-12,1641997800,76.75
2022-01-13,1642084200,76.89
2022-01-14,1642170600,77.03
2022-01-18,1642516200,75.92
2022-01-19,1642602600,76.4
2022-01-20,1642689000,75.9
2022-01-21,1642775400,75.96
2022-01-24,1643034600,75.71
2022-01-25,1643121000,74.87
2022-01-26,1643207400,74.3
2022-01-27,1643293800,74.8
2022-01-28,1643380200,75.68
2022-01-31,1643639400,75.97
2022-02-01,1643725800,75.9
2022-02-02,1643812200,76.81
2022-02-03,1643898600,76.83
2022-02-04,1643985000,75.89
2022-02-07,1644244200,76.03
2022-02-08,1644330600,76.32
2022-02-09,1644417000,76.34
2022-02-10,1644503400,75.52
2022-02-11,1644589800,75.25
2022-02-14,1644849000,75.04
2022-02-15,1644935400,75.17
2022-02-16,1645021800,75.31
2022-02-17,1645108200,75.89
2022-02-18,1645194600,76.03
2022-02-22,1645540200,75.44
2022-02-23,1645626600,74.83
2022-02-24,1645713000,73.54
2022-02-25,1645799400,75.91
2022-02-28,1646058600,74.9
2022-03-01,1646145000,74.46
2022-03-02,1646231400,75.25
2022-03-03,1646317800,75.86
2022-03-04,1646404200,75.87
2022-03-07,1646663400,74.49
2022-03-08,1646749800,72.48
2022-03-09,1646836200,72.97
2022-03-10,1646922600,72.28
2022-03-11,1647009000,71.44
2022-03-14,1647264600,71.82
2022-03-15,1647351000,73.43
2022-03-16,1647437400,73.51
2022-03-17,1647523800,74.02
2022-03-18,1647610200,74.19
2022-03-21,1647869400,73.95
2022-03-22,1647955800,74.5
2022-03-23,1648042200,73.9
2022-03-24,1648128600,74.42
2022-03-25,1648215000,75.04
2022-03-28,1648474200,75.35
2022-03-29,1648560600,76.02
2022-03-30,1648647000,76.07
2022-03-31,1648733400,75.89
2022-04-01,1648819800,76.65
2022-04-04,1649079000,76.41
2022-04-05,1649165400,76.48
2022-04-06,1649251800,77.45
2022-04-07,1649338200,78.39
2022-04-08,1649424600,78.72
2022-04-11,1649683800,78.4
2022-04-12,1649770200,78.42
2022-04-13,1649856600,78.86
2022-04-14,1649943000,78.84
2022-04-18,1650288600,78.19
2022-04-19,1650375000,79.38
2022-04-20,1650461400,80.57
2022-04-21,1650547800,80.5
2022-04-22,1650634200,79.24
2022-04-25,1650893400,79.59
2022-04-26,1650979800,78.36
2022-04-27,1651066200,78.65
2022-04-28,1651152600,79.81
2022-04-29,1651239000,77.64
2022-05-02,1651498200,76.62
2022-05-03,1651584600,76.4
2022-05-04,1651671000,78.12
2022-05-05,1651757400,76.64
2022-05-06,1651843800,76.72
2022-05-09,1652103000,76.69
2022-05-10,1652189400,76.16
2022-05-11,1652275800,75.83
2022-05-12,1652362200,75.81
2022-05-13,1652448600,76.95
2022-05-16,1652707800,77.3
2022-05-17,1652794200,76.77
2022-05-18,1652880600,71.83
2022-05-19,1652967000,70.55
2022-05-20,1653053400,70.7
2022-05-23,1653312600,72.16
2022-05-24,1653399000,73.34
2022-05-25,1653485400,73.36
2022-05-26,1653571800,74.14
2022-05-27,1653658200,75
2022-05-31,1654003800,74.47
2022-06-01,1654090200,73.5
2022-06-02,1654176600,74.57
2022-06-03,1654263000,73.82
2022-06-06,1654522200,73.85
2022-06-07,1654608600,74.24
2022-06-08,1654695000,73.33
2022-06-09,1654781400,72.23
2022-06-10,1654867800,71.92
2022-06-13,1655127000,70.37
2022-06-14,1655213400,69.54
2022-06-15,1655299800,69.61
2022-06-16,1655386200,69.08
2022-06-17,1655472600,68.83
2022-06-21,1655818200,70.14
2022-06-22,1655904600,70.09
2022-06-23,1655991000,71.45
2022-06-24,1656077400,72.85
2022-06-27,1656336600,72.65
2022-06-28,1656423000,71.68
2022-06-29,1656509400,72.13
2022-06-30,1656595800,72.18
2022-07-01,1656682200,73.22
2022-07-05,1657027800,72.75
2022-07-06,1657114200,72.96
2022-07-07,1657200600,73.03
2022-07-08,1657287000,72.9
2022-07-11,1657546200,72.8
2022-07-12,1657632600,72.59
2022-07-13,1657719000,72.64
2022-07-14,1657805400,72.7
2022-07-15,1657891800,72.94
2022-07-18,1658151000,72.23
2022-07-19,1658237400,72.99
2022-07-20,1658323800,72.5
2022-07-21,1658410200,72.72
2022-07-22,1658496600,73.2
2022-07-25,1658755800,73.56
2022-07-26,1658842200,73.39
2022-07-27,1658928600,73.89
2022-07-28,1659015000,75.07
2022-07-29,1659101400,74.49
2022-08-01,1659360600,75.42
2022-08-02,1659447000,74.82
2022-08-03,1659533400,75.31
2022-08-04,1659619800,74.81
2022-08-05,1659706200,74.64
2022-08-08,1659965400,74.6
2022-08-09,1660051800,74.49
2022-08-10,1660138200,75.04
2022-08-11,1660224600,74.86
2022-08-12,1660311000,75.51
2022-08-15,1660570200,76.26
2022-08-16,1660656600,77.12
2022-08-17,1660743000,76.9
2022-08-18,1660829400,77.16
2022-08-19,1660915800,76.91
2022-08-22,1661175000,76.13
2022-08-23,1661261400,75.8
2022-08-24,1661347800,75.99
2022-08-25,1661434200,76.34
2022-08-26,1661520600,74.45
2022-08-29,1661779800,74.33
2022-08-30,1661866200,73.56
2022-08-31,1661952600,73.11
2022-09-01,1662039000,73.52
2022-09-02,1662125400,72.56
2022-09-06,1662471000,72.15
2022-09-07,1662557400,73.45
2022-09-08,1662643800,73.26
2022-09-09,1662730200,73.98
2022-09-12,1662989400,74.27
2022-09-13,1663075800,71.79
2022-09-14,1663162200,71.76
2022-09-15,1663248600,71.16
2022-09-16,1663335000,71.33
2022-09-19,1663594200,71.34
2022-09-20,1663680600,70.95
2022-09-21,1663767000,70.68
2022-09-22,1663853400,70.58
2022-09-23,1663939800,69.38
2022-09-26,1664199000,69.43
2022-09-27,1664285400,68.23
2022-09-28,1664371800,69.05
2022-09-29,1664458200,67.91
2022-09-30,1664544600,66.73
2022-10-03,1664803800,67.88
2022-10-04,1664890200,68.91
2022-10-05,1664976600,68.51
2022-10-06,1665063000,67.51
2022-10-07,1665149400,66.5
2022-10-10,1665408600,66.74
2022-10-11,1665495000,67.29
2022-10-12,1665581400,67.65
2022-10-13,1665667800,68.77
2022-10-14,1665754200,67.53
2022-10-17,1666013400,68.26
2022-10-18,1666099800,69.15
2022-10-19,1666186200,68.83
2022-10-20,1666272600,67.87
2022-10-21,1666359000,68.91
2022-10-24,1666618200,70.15
2022-10-25,1666704600,71.07
2022-10-26,1666791000,71.54
2022-10-27,1666877400,71.6
2022-10-28,1666963800,73.17
2022-10-31,1667223000,72.74
2022-11-01,1667309400,72.51
2022-11-02,1667395800,71.25
2022-11-03,1667482200,71.01
2022-11-04,1667568600,71.85
2022-11-07,1667831400,72.49
2022-11-08,1667917800,72.7
2022-11-09,1668004200,71.91
2022-11-10,1668090600,73.6
2022-11-11,1668177000,73.52
2022-11-14,1668436200,72.94
2022-11-15,1668522600,73.55
2022-11-16,1668609000,73.91
2022-11-17,1668695400,73.89
2022-11-18,1668781800,74.68
2022-11-21,1669041000,75.39
2022-11-22,1669127400,75.94
2022-11-23,1669213800,76.2
2022-11-25,1669386600,76.25
2022-11-28,1669645800,75.96
2022-11-29,1669732200,75.67
2022-11-30,1669818600,77.19
2022-12-01,1669905000,76.84
2022-12-02,1669991400,77.19
2022-12-05,1670250600,76.22
2022-12-06,1670337000,75.75
2022-12-07,1670423400,76.07
2022-12-08,1670509800,76.48
2022-12-09,1670596200,75.89
2022-12-12,1670855400,76.69
2022-12-13,1670941800,76.58
2022-12-14,1671028200,76.53
2022-12-15,1671114600,75.23
2022-12-16,1671201000,74.86
2022-12-19,1671460200,74.28
2022-12-20,1671546600,74.22
2022-12-21,1671633000,74.96
2022-12-22,1671719400,74.79
2022-12-23,1671805800,75.18
2022-12-27,1672151400,75.54
2022-12-28,1672237800,74.6
2022-12-29,1672324200,74.92
2022-12-30,1672410600,74.55
2023-01-03,1672756200,74.27
2023-01-04,1672842600,74.56
2023-01-05,1672929000,73.81
2023-01-06,1673015400,75.78
2023-01-09,1673274600,75.04
2023-01-10,1673361000,74.94
2023-01-11,1673447400,74.98
2023-01-12,1673533800,74.39
2023-01-13,1673620200,74.74
2023-01-17,1673965800,74.79
2023-01-18,1674052200,72.75
2023-01-19,1674138600,72.06
2023-01-20,1674225000,72.62
2023-01-23,1674484200,72.85
2023-01-24,1674570600,73.15
2023-01-25,1674657000,73.33
2023-01-26,1674743400,73.07
2023-01-27,1674829800,72.86
2023-01-30,1675089000,72.95
2023-01-31,1675175400,73.74
2023-02-01,1675261800,74.33
2023-02-02,1675348200,73.69
2023-02-03,1675434600,73.4
2023-02-06,1675693800,73.49
2023-02-07,1675780200,73.18
2023-02-08,1675866600,72.62
2023-02-09,1675953000,72.3
2023-02-10,1676039400,72.97
2023-02-13,1676298600,73.8
2023-02-14,1676385000,73.13
2023-02-15,1676471400,73.27
2023-02-16,1676557800,72.74
2023-02-17,1676644200,73.68
2023-02-21,1676989800,73.4
2023-02-22,1677076200,73.29
2023-02-23,1677162600,73.2
2023-02-24,1677249000,72.71
2023-02-27,1677508200,72.63
2023-02-28,1677594600,72.03
2023-03-01,1677681000,71.5
2023-03-02,1677767400,72.48
2023-03-03,1677853800,72.54
2023-03-06,1678113000,72.73
2023-03-07,1678199400,72.01
2023-03-08,1678285800,72.13
2023-03-09,1678372200,71.46
2023-03-10,1678458600,71.11
2023-03-13,1678714200,71.47
2023-03-14,1678800600,72.12
2023-03-15,1678887000,72.59
2023-03-16,1678973400,72.64
2023-03-17,1679059800,72.11
2023-03-20,1679319000,72.76
2023-03-21,1679405400,72.7
2023-03-22,1679491800,72.03
2023-03-23,1679578200,71.75
2023-03-24,1679664600,72.97
2023-03-27,1679923800,73.36
2023-03-28,1680010200,73.49
2023-03-29,1680096600,73.9
2023-03-30,1680183000,74.11
2023-03-31,1680269400,74.71
2023-04-03,1680528600,75.1
2023-04-04,1680615000,74.95
2023-04-05,1680701400,75.3
2023-04-06,1680787800,75.36
2023-04-10,1681133400,75.36
2023-04-11,1681219800,75.58
2023-04-12,1681306200,75.24
2023-04-13,1681392600,75.66
2023-04-14,1681479000,75.18
2023-04-17,1681738200,75.66
2023-04-18,1681824600,75.89
2023-04-19,1681911000,75.84
2023-04-20,1681997400,76.02
2023-04-21,1682083800,76.57
2023-04-24,1682343000,76.88
2023-04-25,1682429400,76.78
2023-04-26,1682515800,76.18
2023-04-27,1682602200,77.03
2023-04-28,1682688600,77.44
2023-05-01,1682947800,77.5
2023-05-02,1683034200,77.29
2023-05-03,1683120600,76.66
2023-05-04,1683207000,76.47
2023-05-05,1683293400,77.18
2023-05-08,1683552600,76.95
2023-05-09,1683639000,76.71
2023-05-10,1683725400,76.59
2023-05-11,1683811800,76.82
2023-05-12,1683898200,77.12
2023-05-15,1684157400,76.93
2023-05-16,1684243800,76.28
2023-05-17,1684330200,76.24
2023-05-18,1684416600,75.87
2023-05-19,1684503000,75.92
2023-05-22,1684762200,74.77
2023-05-23,1684848600,74.22
2023-05-24,1684935000,73.74
2023-05-25,1685021400,73.18
2023-05-26,1685107800,73.43
2023-05-30,1685453400,72.59
2023-05-31,1685539800,72.67
2023-06-01,1685626200,72.61
2023-06-02,1685712600,73.61
2023-06-05,1685971800,73.34
2023-06-06,1686058200,72.97
2023-06-07,1686144600,72.73
2023-06-08,1686231000,73.23
2023-06-09,1686317400,73.11
2023-06-12,1686576600,73.09
2023-06-13,1686663000,73.39
2023-06-14,1686749400,73.84
2023-06-15,1686835800,74.58
2023-06-16,1686922200,74.67
2023-06-20,1687267800,73.58
2023-06-21,1687354200,73.84
2023-06-22,1687440600,74.27
2023-06-23,1687527000,73.78
2023-06-26,1687786200,73.88
2023-06-27,1687872600,74.1
2023-06-28,1687959000,73.6
2023-06-29,1688045400,73.53
2023-06-30,1688131800,74.17
2023-07-03,1688391000,74.75
2023-07-05,1688563800,74.62
2023-07-06,1688650200,74.43
2023-07-07,1688736600,73.46
2023-07-10,1688995800,73.44
2023-07-11,1689082200,73.55
2023-07-12,1689168600,73.72
2023-07-13,1689255000,74.03
2023-07-14,1689341400,74.28
2023-07-17,1689600600,74.06
2023-07-18,1689687000,73.98
2023-07-19,1689773400,74.73
2023-07-20,1689859800,75.37
2023-07-21,1689946200,75.63
2023-07-24,1690205400,75.92
2023-07-25,1690291800,75.9
2023-07-26,1690378200,75.99
2023-07-27,1690464600,75.32
2023-07-28,1690551000,76.1
2023-07-31,1690810200,75.75
2023-08-01,1690896600,75.34
2023-08-02,1690983000,75.61
2023-08-03,1691069400,75.4
2023-08-04,1691155800,74.65
2023-08-07,1691415000,75.26
2023-08-08,1691501400,74.72
2023-08-09,1691587800,74.83
2023-08-10,1691674200,74.68
2023-08-11,1691760600,74.8
2023-08-14,1692019800,74.43
2023-08-15,1692106200,73.63
2023-08-16,1692192600,73.46
2023-08-17,1692279000,72.75
2023-08-18,1692365400,73.02
2023-08-21,1692624600,72.53
2023-08-22,1692711000,72.12
2023-08-23,1692797400,72.6
2023-08-24,1692883800,72.02
2023-08-25,1692970200,72.42
2023-08-28,1693229400,72.75
2023-08-29,1693315800,73.01
2023-08-30,1693402200,73.13
2023-08-31,1693488600,72.76
2023-09-01,1693575000,72.14
2023-09-05,1693920600,71.52
2023-09-06,1694007000,71.44
2023-09-07,1694093400,71.61
2023-09-08,1694179800,71.7
2023-09-11,1694439000,72.32
2023-09-12,1694525400,71.7
2023-09-13,1694611800,71.92
2023-09-14,1694698200,72.65
2023-09-15,1694784600,72.05
2023-09-18,1695043800,71.54
2023-09-19,1695130200,71.37
2023-09-20,1695216600,71.44
2023-09-21,1695303000,70.52
2023-09-22,1695389400,70.14
2023-09-25,1695648600,69.89
2023-09-26,1695735000,69.37
2023-09-27,1695821400,68.8
2023-09-28,1695907800,69.01
2023-09-29,1695994200,68.81
2023-10-02,1696253400,68.34
2023-10-03,1696339800,67.85
2023-10-04,1696426200,68.39
2023-10-05,1696512600,67.04
2023-10-06,1696599000,66.67
2023-10-09,1696858200,66.73
2023-10-10,1696944600,67.41
2023-10-11,1697031000,66.95
2023-10-12,1697117400,66.22
2023-10-13,1697203800,66.8
2023-10-16,1697463000,67.49
2023-10-17,1697549400,67.78
2023-10-18,1697635800,68.03
2023-10-19,1697722200,67.53
2023-10-20,1697808600,67.27
2023-10-23,1698067800,67.14
2023-10-24,1698154200,67.71
2023-10-25,1698240600,67.94
2023-10-26,1698327000,67.5
2023-10-27,1698413400,66.58
2023-10-30,1698672600,67.62
2023-10-31,1698759000,67.86
2023-11-01,1698845400,67.79
2023-11-02,1698931800,68.67
2023-11-03,1699018200,68.75
2023-11-06,1699281000,68.86
2023-11-07,1699367400,69.03
2023-11-08,1699453800,68.76
2023-11-09,1699540200,68.48
2023-11-10,1699626600,68.96
2023-11-13,1699885800,69.18
2023-11-14,1699972200,69.89
2023-11-15,1700058600,70.45
2023-11-16,1700145000,69.58
2023-11-17,1700231400,69.49
2023-11-20,1700490600,69.44
2023-11-21,1700577000,69.65
2023-11-22,1700663400,70.15
2023-11-24,1700836200,70.41
2023-11-27,1701095400,70.21
2023-11-28,1701181800,70.53
2023-11-29,1701268200,69.96
2023-11-30,1701354600,70.66
2023-12-01,1701441000,70.95
2023-12-04,1701700200,71.04
2023-12-05,1701786600,70.48
2023-12-06,1701873000,70.3
2023-12-07,1701959400,70.6
2023-12-08,1702045800,70.11
2023-12-11,1702305000,70.78
2023-12-12,1702391400,71.01
2023-12-13,1702477800,72.3
2023-12-14,1702564200,71.24
2023-12-15,1702650600,71.24
2023-12-18,1702909800,71.44
2023-12-19,1702996200,71.58
2023-12-20,1703082600,70.19
2023-12-21,1703169000,70.68
2023-12-22,1703255400,71.22
2023-12-26,1703601000,71.52
2023-12-27,1703687400,71.85
2023-12-28,1703773800,71.88
2023-12-29,1703860200,72.03
2024-01-02,1704205800,72.84
2024-01-03,1704292200,72.27
2024-01-04,1704378600,72.17
2024-01-05,1704465000,72.01
2024-01-08,1704724200,72.54
2024-01-09,1704810600,72.73
2024-01-10,1704897000,72.58
2024-01-11,1704983400,72.57
2024-01-12,1705069800,72.8
2024-01-16,1705415400,72.4
2024-01-17,1705501800,72.35
2024-01-18,1705588200,72.26
2024-01-19,1705674600,72.05
2024-01-22,1705933800,71.7
2024-01-23,1706020200,72.48
2024-01-24,1706106600,71.59
2024-01-25,1706193000,72.28
2024-01-26,1706279400,72.63
2024-01-29,1706538600,73.05
2024-01-30,1706625000,73.46
2024-01-31,1706711400,72.92
2024-02-01,1706797800,74.41
2024-02-02,1706884200,74.17
2024-02-05,1707143400,73.71
2024-02-06,1707229800,73.88
2024-02-07,1707316200,73.81
2024-02-08,1707402600,73.79
2024-02-09,1707489000,73.11
2024-02-12,1707748200,73.63
2024-02-13,1707834600,72.84
2024-02-14,1707921000,72.7
2024-02-15,1708007400,73.17
2024-02-16,1708093800,73.28
2024-02-20,1708439400,74.05
2024-02-21,1708525800,74.32
2024-02-22,1708612200,74.55
2024-02-23,1708698600,74.78
2024-02-26,1708957800,74.48
2024-02-27,1709044200,74.49
2024-02-28,1709130600,74.57
2024-02-29,1709217000,74.45
2024-03-01,1709303400,74.46
2024-03-04,1709562600,74.52
2024-03-05,1709649000,74.7
2024-03-06,1709735400,75.33
2024-03-07,1709821800,75.76
2024-03-08,1709908200,75.16
2024-03-11,1710163800,75.57
2024-03-12,1710250200,75.96
2024-03-13,1710336600,76.15
2024-03-14,1710423000,75.56
2024-03-15,1710509400,75.53
2024-03-18,1710768600,75.46
2024-03-19,1710855000,75.74
2024-03-20,1710941400,75.97
2024-03-21,1711027800,76.01
2024-03-22,1711114200,75.64
2024-03-25,1711373400,75.43
2024-03-26,1711459800,75.47
2024-03-27,1711546200,76.26
2024-03-28,1711632600,76.36
2024-04-01,1711978200,75.75
2024-04-02,1712064600,75.36
2024-04-03,1712151000,74.53
2024-04-04,1712237400,74.21
2024-04-05,1712323800,74.33
2024-04-08,1712583000,74.22
2024-04-09,1712669400,74.58
2024-04-10,1712755800,74.31
2024-04-11,1712842200,74.13
2024-04-12,1712928600,73.38
2024-04-15,1713187800,73.08
2024-04-16,1713274200,73.11
2024-04-17,1713360600,73.38
2024-04-18,1713447000,73.72
2024-04-19,1713533400,74.44
2024-04-22,1713792600,75.15
2024-04-23,1713879000,75.36
2024-04-24,1713965400,75.93
2024-04-25,1714051800,75.75
2024-04-26,1714138200,75.59
2024-04-29,1714397400,75.83
2024-04-30,1714483800,75.5
2024-05-01,1714570200,75.02
2024-05-02,1714656600,75.65
2024-05-03,1714743000,75.88
2024-05-06,1715002200,75.92
2024-05-07,1715088600,76.75
2024-05-08,1715175000,76.52
2024-05-09,1715261400,77.18
2024-05-10,1715347800,77.62
2024-05-13,1715607000,77.4
2024-05-14,1715693400,77.25
2024-05-15,1715779800,77.3
2024-05-16,1715866200,78.4
2024-05-17,1715952600,78.21
2024-05-20,1716211800,77.67
2024-05-21,1716298200,78.13
2024-05-22,1716384600,77.82
2024-05-23,1716471000,76.9
2024-05-24,1716557400,77.1
2024-05-28,1716903000,76.5
2024-05-29,1716989400,75.95
2024-05-30,1717075800,76.15
2024-05-31,1717162200,77.34
2024-06-03,1717421400,77.31
2024-06-04,1717507800,77.98
2024-06-05,1717594200,77.81
2024-06-06,1717680600,78.05
2024-06-07,1717767000,77.66
2024-06-10,1718026200,77.6
2024-06-11,1718112600,77.56
2024-06-12,1718199000,76.71
2024-06-13,1718285400,76.81
2024-06-14,1718371800,76.95
2024-06-17,1718631000,77.68
2024-06-18,1718717400,77.78
2024-06-20,1718890200,77.61
2024-06-21,1718976600,77.67
2024-06-24,1719235800,77.91
2024-06-25,1719322200,77.41
2024-06-26,1719408600,77.25
2024-06-27,1719495000,76.92
2024-06-28,1719581400,76.58
2024-07-01,1719840600,76.04
2024-07-02,1719927000,76.57
2024-07-03,1720013400,76.44
2024-07-05,1720186200,77.38
2024-07-08,1720445400,77.26
2024-07-09,1720531800,77.06
2024-07-10,1720618200,77.4
2024-07-11,1720704600,77.11
2024-07-12,1720791000,77.45
2024-07-15,1721050200,77
2024-07-16,1721136600,77.74
2024-07-17,1721223000,78.74
2024-07-18,1721309400,78.35
2024-07-19,1721395800,78.09
2024-07-22,1721655000,78.14
2024-07-23,1721741400,77.86
2024-07-24,1721827800,77.79
2024-07-25,1721914200,77.7
2024-07-26,1722000600,78.49
2024-07-29,1722259800,78.52
2024-07-30,1722346200,77.99
2024-07-31,1722432600,77.85
2024-08-01,1722519000,78.57
2024-08-02,1722605400,79.26
2024-08-05,1722864600,77.7
2024-08-06,1722951000,78.24
2024-08-07,1723037400,78.32
2024-08-08,1723123800,79.03
2024-08-09,1723210200,79.15
2024-08-12,1723469400,78.75
2024-08-13,1723555800,79.11
2024-08-14,1723642200,79.47
2024-08-15,1723728600,80.29
2024-08-16,1723815000,80.51
2024-08-19,1724074200,80.78
2024-08-20,1724160600,81.18
2024-08-21,1724247000,81.73
2024-08-22,1724333400,81.61
2024-08-23,1724419800,81.84
2024-08-26,1724679000,82.42
2024-08-27,1724765400,82.62
2024-08-28,1724851800,82.27
2024-08-29,1724938200,81.86
2024-08-30,1725024600,82.51
2024-09-03,1725370200,83.09
2024-09-04,1725456600,83.48
2024-09-05,1725543000,83.16
2024-09-06,1725629400,82.99
2024-09-09,1725888600,83.63
2024-09-10,1725975000,83.61
2024-09-11,1726061400,82.83
2024-09-12,1726147800,83.34
2024-09-13,1726234200,83.93
2024-09-16,1726493400,84.26
2024-09-17,1726579800,83.46
2024-09-18,1726666200,83.14
2024-09-19,1726752600,82.65
2024-09-20,1726839000,83.05
2024-09-23,1727098200,83.09
2024-09-24,1727184600,82.89
2024-09-25,1727271000,82.68
2024-09-26,1727357400,82.87
2024-09-27,1727443800,83.02
2024-09-30,1727703000,83
2024-10-01,1727789400,82.72
2024-10-02,1727875800,82.02
2024-10-03,1727962200,81.2
2024-10-04,1728048600,81.47
2024-10-07,1728307800,80.66
2024-10-08,1728394200,81.06
2024-10-09,1728480600,81.55
2024-10-10,1728567000,81.19
2024-10-11,1728653400,81.64
2024-10-14,1728912600,81.97
2024-10-15,1728999000,82.49
2024-10-16,1729085400,82.43
2024-10-17,1729171800,82.06
2024-10-18,1729258200,82.24
2024-10-21,1729517400,81.55
2024-10-22,1729603800,82.01
2024-10-23,1729690200,81.85
2024-10-24,1729776600,81.74
2024-10-25,1729863000,81.06
2024-10-28,1730122200,81.21
2024-10-29,1730208600,80.41
2024-10-30,1730295000,80.28
2024-10-31,1730381400,80.12
2024-11-01,1730467800,80.15
2024-11-04,1730730600,80.37
2024-11-05,1730817000,80.88
2024-11-06,1730903400,79.56
2024-11-07,1730989800,79.85
2024-11-08,1731076200,80.82
2024-11-11,1731335400,80.54
2024-11-12,1731421800,80.63
2024-11-13,1731508200,80.87
2024-11-14,1731594600,80.67
2024-11-15,1731681000,79.96
2024-11-18,1731940200,80.52
2024-11-19,1732026600,80.63
2024-11-20,1732113000,80.22
2024-11-21,1732199400,81.09
2024-11-22,1732285800,81.84
2024-11-25,1732545000,82.29
2024-11-26,1732631400,82.63
2024-11-27,1732717800,82.8
2024-11-29,1732890600,83.22
2024-12-02,1733149800,83.12
2024-12-03,1733236200,82.69
2024-12-04,1733322600,82.46
2024-12-05,1733409000,82.79
2024-12-06,1733495400,82.38
2024-12-09,1733754600,82.25
2024-12-10,1733841000,82.64
2024-12-11,1733927400,82.01
2024-12-12,1734013800,82.25
2024-12-13,1734100200,82.04
2024-12-16,1734359400,81.61
2024-12-17,1734445800,81.47
2024-12-18,1734532200,80.23
2024-12-19,1734618600,79.66
2024-12-20,1734705000,79.94
2024-12-23,1734964200,78.92
2024-12-24,1735050600,79.44
2024-12-26,1735223400,79.69
2024-12-27,1735309800,79.3
2024-12-30,1735569000,78.37
2024-12-31,1735655400,78.61
2025-01-02,1735828200,78.37
2025-01-03,1735914600,78.33
2025-01-06,1736173800,77.51
2025-01-07,1736260200,77.24
2025-01-08,1736346600,77.38
2025-01-10,1736519400,76.34
2025-01-13,1736778600,76.47
2025-01-14,1736865000,76.49
2025-01-15,1736951400,76.23
2025-01-16,1737037800,76.8
2025-01-17,1737124200,77.24
2025-01-21,1737469800,77.6
2025-01-22,1737556200,77.22
2025-01-23,1737642600,77.5
2025-01-24,1737729000,77.9
2025-01-27,1737988200,80.01
2025-01-28,1738074600,78.76
2025-01-29,1738161000,78.95
2025-01-30,1738247400,79.73
2025-01-31,1738333800,78.98
2025-02-03,1738593000,79.29
2025-02-04,1738679400,78.62
2025-02-05,1738765800,79.11
2025-02-06,1738852200,79.47
2025-02-07,1738938600,79.35
2025-02-10,1739197800,79.84
2025-02-11,1739284200,80.61
2025-02-12,1739370600,80.55
2025-02-13,1739457000,81.42
2025-02-14,1739543400,80.61
2025-02-18,1739889000,80.9
2025-02-19,1739975400,81.55
2025-02-20,1740061800,81.23
2025-02-21,1740148200,82.18
2025-02-24,1740407400,82.43
2025-02-25,1740493800,83.6
2025-02-26,1740580200,82
2025-02-27,1740666600,81.99
2025-02-28,1740753000,83.08
2025-03-03,1741012200,83.52
2025-03-04,1741098600,82.1
2025-03-05,1741185000,82.44
2025-03-06,1741271400,82.59
2025-03-07,1741357800,82.86
2025-03-10,1741613400,82.68
2025-03-11,1741699800,81.47
2025-03-12,1741786200,79.7
2025-03-13,1741872600,79.33
2025-03-14,1741959000,79.51
2025-03-17,1742218200,80.67
2025-03-18,1742304600,79.75
2025-03-19,1742391000,79.75
2025-03-20,1742477400,79.36
2025-03-21,1742563800,79.33
2025-03-24,1742823000,79.4
2025-03-25,1742909400,78.68
2025-03-26,1742995800,79.9
2025-03-27,1743082200,80.81
2025-03-28,1743168600,80.41
2025-03-31,1743427800,81.67
2025-04-01,1743514200,81.79
2025-04-02,1743600600,81.55
2025-04-03,1743687000,82.02
2025-04-04,1743773400,78.46
2025-04-07,1744032600,77.55
2025-04-08,1744119000,76.35
2025-04-09,1744205400,79.31
2025-04-10,1744291800,79.35
2025-04-11,1744378200,80.35
2025-04-14,1744637400,81.72
2025-04-15,1744723800,81.03
2025-04-16,1744810200,80.16
2025-04-17,1744896600,81.87
2025-04-21,1745242200,81.09
2025-04-22,1745328600,82.24
2025-04-23,1745415000,81.77
2025-04-24,1745501400,81.05
2025-04-25,1745587800,80.84
2025-04-28,1745847000,80.57
2025-04-29,1745933400,81.24
2025-04-30,1746019800,81.83
2025-05-01,1746106200,81.12
2025-05-02,1746192600,81.56
2025-05-05,1746451800,81.49
2025-05-06,1746538200,81.35
2025-05-07,1746624600,81.48
2025-05-08,1746711000,81.38
2025-05-09,1746797400,80.91
2025-05-12,1747056600,81.03
2025-05-13,1747143000,79.94
2025-05-14,1747229400,79.51
2025-05-15,1747315800,81.14
2025-05-16,1747402200,82.07
2025-05-19,1747661400,82.31
2025-05-20,1747747800,82.6
2025-05-21,1747834200,81.64
2025-05-22,1747920600,81.3
2025-05-23,1748007000,81.6
2025-05-27,1748352600,82.34
2025-05-28,1748439000,81.78
2025-05-29,1748525400,82.11
2025-05-30,1748611800,82.83
2025-06-02,1748871000,82.88
2025-06-03,1748957400,82.8
2025-06-04,1749043800,82.22
2025-06-05,1749130200,81.43
2025-06-06,1749216600,81.69
2025-06-09,1749475800,81.58
2025-06-10,1749562200,81.76
2025-06-11,1749648600,81.48
2025-06-12,1749735000,81.96
2025-06-13,1749821400,80.96
2025-06-16,1750080600,81.22
2025-06-17,1750167000,80.53
2025-06-18,1750253400,80.43
2025-06-20,1750426200,81.02
2025-06-23,1750685400,81.4
2025-06-24,1750771800,81.33
2025-06-25,1750858200,80.24
2025-06-26,1750944600,80.17
2025-06-27,1751031000,80.55
2025-06-30,1751290200,80.97
2025-07-01,1751376600,81.98
2025-07-02,1751463000,82.22
2025-07-03,1751549400,82.18
2025-07-07,1751895000,82.11
2025-07-08,1751981400,81.35
2025-07-09,1752067800,80.82
2025-07-10,1752154200,81.11
2025-07-11,1752240600,80.81
2025-07-14,1752499800,80.88
2025-07-15,1752586200,80.07
2025-07-16,1752672600,80.35
2025-07-17,1752759000,81.11
2025-07-18,1752845400,80.89
2025-07-21,1753104600,80.88
2025-07-22,1753191000,81.62
2025-07-23,1753277400,81.65
2025-07-24,1753363800,81.36
2025-07-25,1753450200,81.5
2025-07-28,1753709400,80.66
2025-07-29,1753795800,81.19
2025-07-30,1753882200,80.47
2025-07-31,1753968600,79.78
2025-08-01,1754055000,80.16
2025-08-04,1754314200,80.55
2025-08-05,1754400600,80.47
2025-08-06,1754487000,81.62
2025-08-07,1754573400,82.24
2025-08-08,1754659800,82.48
2025-08-11,1754919000,82.41
2025-08-12,1755005400,82.63
2025-08-13,1755091800,82.63
2025-08-14,1755178200,81.89
2025-08-15,1755264600,82.02
2025-08-18,1755523800,81.91
2025-08-19,1755610200,82.75
2025-08-20,1755696600,83.22
2025-08-21,1755783000,82.47
2025-08-22,1755869400,82.47
2025-08-25,1756128600,81.06
2025-08-26,1756215000,80.53
2025-08-27,1756301400,80.77
2025-08-28,1756387800,80.26
2025-08-29,1756474200,80.78
2025-09-02,1756819800,80.65
2025-09-03,1756906200,80.59
2025-09-04,1756992600,80.64
2025-09-05,1757079000,80.87
2025-09-08,1757338200,80.57
2025-09-09,1757424600,80.73
2025-09-10,1757511000,79.94
2025-09-11,1757597400,80.59
2025-09-12,1757683800,80.32
2025-09-15,1757943000,79.4
2025-09-16,1758029400,79.76
2025-09-17,1758115800,80.24
2025-09-18,1758202200,79.54
2025-09-19,1758288600,79.38
2025-09-22,1758547800,77.96
2025-09-23,1758634200,78.35
2025-09-24,1758720600,78.52
2025-09-25,1758807000,77.77
2025-09-26,1758893400,77.96
2025-09-29,1759152600,78.11
2025-09-30,1759239000,78.37
2025-10-01,1759325400,78.25
2025-10-02,1759411800,77.94
2025-10-03,1759498200,78.03
2025-10-06,1759757400,77.46
2025-10-07,1759843800,78.18
2025-10-08,1759930200,77.79
2025-10-09,1760016600,78.04
2025-10-10,1760103000,78.1
2025-10-13,1760362200,77.84
2025-10-14,1760448600,79.09
2025-10-15,1760535000,79.23
2025-10-16,1760621400,78.68
2025-10-17,1760707800,79.73
2025-10-20,1760967000,79.66
2025-10-21,1761053400,79.29
2025-10-22,1761139800,79.74
2025-10-23,1761226200,79.35
2025-10-24,1761312600,79.09
2025-10-27,1761571800,79.22
2025-10-28,1761658200,78.43
2025-10-29,1761744600,76.58
2025-10-30,1761831000,76.5
2025-10-31,1761917400,76.28
2025-11-03,1762180200,75.68
2025-11-04,1762266600,75.99
2025-11-05,1762353000,75.94
2025-11-06,1762439400,75.6
2025-11-07,1762525800,76.71
2025-11-10,1762785000,76.43
2025-11-11,1762871400,77.43
2025-11-12,1762957800,77.32
2025-11-13,1763044200,77.32
2025-11-14,1763130600,77.26
2025-11-17,1763389800,76.77
2025-11-18,1763476200,77.1
2025-11-19,1763562600,76.51
2025-11-20,1763649000,77.06
2025-11-21,1763735400,77.9
2025-11-24,1763994600,77
2025-11-25,1764081000,78.06
2025-11-26,1764167400,78.91
2025-11-28,1764340200,79.37
2025-12-01,1764599400,79.29
2025-12-02,1764685800,78.77
2025-12-03,1764772200,78.83
2025-12-04,1764858600,78.45
2025-12-05,1764945000,78.46
2025-12-08,1765204200,77.81
2025-12-09,1765290600,77.99
2025-12-10,1765377000,78.22
2025-12-11,1765463400,78.8
2025-12-12,1765549800,79.42
2025-12-15,1765809000,79.64
2025-12-16,1765895400,79.28
2025-12-17,1765981800,79.65
2025-12-18,1766068200,79.19
2025-12-19,1766154600,78.78
2025-12-22,1766413800,77.88
2025-12-23,1766500200,77.51
2025-12-24,1766586600,78.12
2025-12-26,1766759400,78.23
2025-12-29,1767018600,78.28
2025-12-30,1767105000,78.15
2025-12-31,1767191400,77.68
2026-01-02,1767364200,77.69
2026-01-05,1767623400,77.35
2026-01-06,1767709800,77.47
2026-01-07,1767796200,76.62
2026-01-08,1767882600,78.44
2026-01-09,1767969000,79.25
2026-01-12,1768228200,80.18
2026-01-13,1768314600,81.11
2026-01-14,1768401000,82.23
2026-01-15,1768487400,82.37
2026-01-16,1768573800,82.11
2026-01-20,1768919400,82.36
2026-01-21,1769005800,82.44
2026-01-22,1769092200,82.27
2026-01-23,1769178600,82.91
2026-01-26,1769437800,82.78
2026-01-27,1769524200,83.16
2026-01-28,1769610600,82.32
2026-01-29,1769697000,82.13
2026-01-30,1769783400,83.51
2026-02-02,1770042600,84.5
2026-02-03,1770129000,85.87
2026-02-04,1770215400,86.99
2026-02-05,1770301800,86.92
2026-02-06,1770388200,87.94
2026-02-09,1770647400,87.43
2026-02-10,1770733800,87.15
2026-02-11,1770820200,88.4
2026-02-12,1770906600,89.21
2026-02-13,1770993000,89.51
2026-02-17,1771338600,88.2
2026-02-18,1771425000,88.04
2026-02-19,1771511400,87.67
2026-02-20,1771597800,87.89
2026-02-23,1771857000,88.97
2026-02-24,1771943400,89.74
2026-02-25,1772029800,89.01
2026-02-26,1772116200,88.86
2026-02-27,1772202600,90.01
2026-03-02,1772461800,88.71
2026-03-03,1772548200,87.74
2026-03-04,1772634600,87.16
2026-03-05,1772721000,85.41
2026-03-06,1772807400,85.78
2026-03-09,1773063000,85.97
2026-03-10,1773149400,85.72
2026-03-11,1773235800,84.59
2026-03-12,1773322200,84.25
2026-03-13,1773408600,84.74
2026-03-16,1773667800,84.98
2026-03-17,1773754200,84.7
2026-03-18,1773840600,82.64
2026-03-19,1773927000,81.97
2026-03-20,1774013400,81.29
2026-03-23,1774272600,81.18
2026-03-24,1774359000,81.11
2026-03-25,1774445400,81.51
2026-03-26,1774531800,81.14
2026-03-27,1774618200,81.78
2026-03-30,1774877400,81.88
2026-03-31,1774963800,81.98
2026-04-01,1775050200,81.46
2026-04-02,1775136600,81.89
2026-04-06,1775482200,82.66
2026-04-07,1775568600,81.26
2026-04-08,1775655000,82.78
2026-04-09,1775741400,83.45
2026-04-10,1775827800,82.37
2026-04-13,1776087000,81.55
2026-04-14,1776173400,81.47
2026-04-15,1776259800,81.06
2026-04-16,1776346200,81.43
2026-04-17,1776432600,82.46
2026-04-20,1776691800,82.39
2026-04-21,1776778200,81.84
2026-04-22,1776864600,82.11
2026-04-23,1776951000,83.48
2026-04-24,1777037400,83.23
2026-04-27,1777296600,82.34
2026-04-28,1777383000,83.08
2026-04-29,1777469400,82.92
2026-04-30,1777555800,84.31
2026-05-01,1777642200,84.17
2026-05-04,1777901400,83.54
2026-05-05,1777987800,84.06
2026-05-06,1778074200,84.24
2026-05-07,1778160600,83.98
2026-05-08,1778247000,84.18
2026-05-11,1778506200,83.37
2026-05-12,1778592600,84.44
2026-05-13,1778679000,84.72
2026-05-14,1778765400,84.98
2026-05-15,1778851800,84.64
2026-05-18,1779111000,85.9
2026-05-19,1779197400,86.09
2026-05-20,1779283800,85.52
2026-05-21,1779370200,84.66
2026-05-22,1779456600,84.8
2026-05-26,1779802200,83.63
2026-05-27,1779888600,84.58
2026-05-28,1779975000,84.43
2026-05-29,1780061400,82.91
2026-06-01,1780320600,82.03
2026-06-02,1780407000,81.83
2026-06-03,1780493400,82.16
2026-06-04,1780579800,82.04
2026-06-05,1780666200,83.44
2026-06-08,1780925400,83.07
2026-06-09,1781011800,84.1
2026-06-10,1781098200,85.49
2026-06-11,1781184600,85.27
2026-06-12,1781271000,85.82
2026-06-15,1781530200,85.48
2026-06-16,1781616600,85.59
2026-06-17,1781703000,83.68
2026-06-18,1781789400,83.3
2026-06-22,1782135000,82.18
2026-06-23,1782221400,83.72
2026-06-24,1782307800,84.44
2026-06-25,1782394200,83.94
2026-06-26,1782480600,84.71
2026-06-29,1782739800,84.37
2026-06-30,1782826200,83.07
2026-07-01,1782912600,83.3
2026-07-02,1782999000,84.99
2026-07-06,1783344600,84.1
2026-07-07,1783431000,84.86
2026-07-08,1783517400,84.39
2026-07-09,1783603800,83.2
2026-07-10,1783690200,84.12
2026-07-13,1783949400,84.59
2026-07-14,1784035800,83.42
2026-07-15,1784122200,83.47
2026-07-16,1784208600,85.81
2026-07-17,1784295000,85.19
2026-07-20,1784554200,84.86
2026-07-21,1784640600,84.06
2026-07-22,1784727000,84.38
2026-07-23,1784813400,83.21
2026-07-24,1784899800,84.13
2026-07-27,1785159000,85.36
2026-07-28,1785245400,87.06
2026-07-29,1785331800,87.36
2026-07-30,1785418200,85.47
2026-07-31,1785504600,85.05
2026-08-03,1785763800,84.86
2026-08-04,1785850200,85.37
2026-08-05,1785936600,85.33
2026-08-06,1786023000,85.11
2026-08-07,1786109400,85.12
2026-08-10,1786368600,84.95
2026-08-11,1786455000,84.69
2026-08-12,1786541400,85.08
2026-08-13,1786627800,86
2026-08-14,1786714200,86.09
2026-08-17,1786973400,84.68
2026-08-18,1787059800,85.58
2026-08-19,1787146200,86.54
2026-08-20,1787232600,85.32
2026-08-21,1787319000,85.99
2026-08-24,1787578200,87.45
2026-08-25,1787664600,86.52
2026-08-26,1787751000,86.27
2026-08-27,1787837400,85.08
2026-08-28,1787923800,85.45
2026-08-31,1788183000,84.98
2026-09-01,1788269400,85.25
2026-09-02,1788355800,85.53
2026-09-03,1788442200,85.26
2026-09-04,1788528600,84.58
2026-09-08,1788874200,84.02
2026-09-09,1788960600,83.05
2026-09-10,1789047000,83.09
2026-09-11,1789133400,83.38
2026-09-14,1789392600,84.42
2026-09-15,1789479000,83.73
2026-09-16,1789565400,83.33
2026-09-17,1789651800,83.49
2026-09-18,1789738200,82.8
2026-09-21,1789997400,81.92
2026-09-22,1790083800,82.73
2026-09-23,1790170200,82.43
2026-09-24,1790256600,81.7
2026-09-25,1790343000,82.06
2026-09-28,1790602200,82.28
2026-09-29,1790688600,81.85
2026-09-30,1790775000,80.6
2026-10-01,1790861400,80.33
2026-10-02,1790947800,80.53
