date,timestamp_utc,close
2006-11-15,1163601000,24.84
2006-11-16,1163687400,24.22
2006-11-17,1163773800,24.52
2006-11-20,1164033000,24.42999
2006-11-21,1164119400,24.66
2006-11-22,1164205800,24.75
2006-11-24,1164378600,25.09
2006-11-27,1164637800,25.16
2006-11-28,1164724200,25.23
2006-11-29,1164810600,25.55
2006-11-30,1164897000,25.78
2006-12-01,1164983400,25.77
2006-12-04,1165242600,25.64999
2006-12-05,1165329000,25.73
2006-12-06,1165415400,25.39
2006-12-07,1165501800,25.3
2006-12-08,1165588200,25.10001
2006-12-11,1165847400,25.14
2006-12-12,1165933800,25.10001
2006-12-13,1166020200,25.11
2006-12-14,1166106600,25.39999
2006-12-15,1166193000,25.52
2006-12-18,1166452200,24.47
2006-12-19,1166538600,24.75999
2006-12-20,1166625000,24.81
2006-12-21,1166711400,24.56
2006-12-22,1166797800,24.75
2006-12-26,1167143400,24.37
2006-12-27,1167229800,24.3
2006-12-28,1167316200,24.48
2006-12-29,1167402600,24.58
2007-01-03,1167834600,23.7999
2007-01-04,1167921000,23.17999
2007-01-05,1168007400,23.2
2007-01-08,1168266600,23.22
2007-01-09,1168353000,23.02
2007-01-10,1168439400,22.67999
2007-01-11,1168525800,22.64999
2007-01-12,1168612200,23.17999
2007-01-16,1168957800,22.64999
2007-01-17,1169044200,22.85001
2007-01-18,1169130600,22.61
2007-01-19,1169217000,22.95
2007-01-22,1169476200,22.97
2007-01-23,1169562600,23.7
2007-01-24,1169649000,23.5
2007-01-25,1169735400,23.28999
2007-01-26,1169821800,23.58
2007-01-29,1170081000,23.10001
2007-01-30,1170167400,23.74001
2007-01-31,1170253800,23.99001
2007-02-01,1170340200,23.89999
2007-02-02,1170426600,24.21001
2007-02-05,1170685800,24.129
2007-02-06,1170772200,24.0101
2007-02-07,1170858600,23.72
2007-02-08,1170945000,24.27
2007-02-09,1171031400,24.42
2007-02-12,1171290600,23.96001
2007-02-13,1171377000,24.39999
2007-02-14,1171463400,24.07001
2007-02-15,1171549800,24.07001
2007-02-16,1171636200,24.49001
2007-02-20,1171981800,24.22
2007-02-21,1172068200,24.74001
2007-02-22,1172154600,25.08
2007-02-23,1172241000,25.24001
2007-02-26,1172500200,25.31
2007-02-27,1172586600,24.83
2007-02-28,1172673000,25.28999
2007-03-01,1172759400,25.03
2007-03-02,1172845800,24.8
2007-03-05,1173105000,24.42999
2007-03-06,1173191400,24.66
2007-03-07,1173277800,25
2007-03-08,1173364200,25.03999
2007-03-09,1173450600,24.71001
2007-03-12,1173706200,24.48
2007-03-13,1173792600,24.28999
2007-03-14,1173879000,24.34
2007-03-15,1173965400,24.19
2007-03-16,1174051800,24.25
2007-03-19,1174311000,24.37
2007-03-20,1174397400,24.39999
2007-03-21,1174483800,24.44
2007-03-22,1174570200,24.84
2007-03-23,1174656600,24.85001
2007-03-26,1174915800,24.96001
2007-03-27,1175002200,25.03
2007-03-28,1175088600,25.27
2007-03-29,1175175000,25.75999
2007-03-30,1175261400,25.37759
2007-04-02,1175520600,25.13
2007-04-03,1175607000,25.03
2007-04-04,1175693400,25.31
2007-04-05,1175779800,25.36
2007-04-09,1176125400,25.10001
2007-04-10,1176211800,25.45
2007-04-11,1176298200,25.41
2007-04-12,1176384600,25.56
2007-04-13,1176471000,25.7
2007-04-16,1176730200,25.5
2007-04-17,1176816600,25.24001
2007-04-18,1176903000,25.25
2007-04-19,1176989400,25.17999
2007-04-20,1177075800,25.53
2007-04-23,1177335000,25.7
2007-04-24,1177421400,25.35001
2007-04-25,1177507800,25.85001
2007-04-26,1177594200,25.67
2007-04-27,1177680600,25.8
2007-04-30,1177939800,25.57001
2007-05-01,1178026200,25.62
2007-05-02,1178112600,25.42
2007-05-03,1178199000,25.53999
2007-05-04,1178285400,25.49001
2007-05-07,1178544600,25.37
2007-05-08,1178631000,25.21001
2007-05-09,1178717400,25.08
2007-05-10,1178803800,24.98
2007-05-11,1178890200,25.35001
2007-05-14,1179149400,25.25999
2007-05-15,1179235800,25.50999
2007-05-16,1179322200,25.25999
2007-05-17,1179408600,25.47
2007-05-18,1179495000,25.42999
2007-05-21,1179754200,25.67999
2007-05-22,1179840600,25.31
2007-05-23,1179927000,25.42999
2007-05-24,1180013400,25.28999
2007-05-25,1180099800,25.60001
2007-05-29,1180445400,25.03999
2007-05-30,1180531800,25.28
2007-05-31,1180618200,25.50999
2007-06-01,1180704600,25.7
2007-06-04,1180963800,25.92999
2007-06-05,1181050200,25.83
2007-06-06,1181136600,25.82001
2007-06-07,1181223000,25.95
2007-06-08,1181309400,25.49001
2007-06-11,1181568600,25.98
2007-06-12,1181655000,25.91
2007-06-13,1181741400,26.24001
2007-06-14,1181827800,26.49001
2007-06-15,1181914200,26.64999
2007-06-18,1182173400,26.64999
2007-06-19,1182259800,26.39
2007-06-20,1182346200,26.42
2007-06-21,1182432600,26.3
2007-06-22,1182519000,26.24001
2007-06-25,1182778200,26.14
2007-06-26,1182864600,25.84
2007-06-27,1182951000,25.8
2007-06-28,1183037400,25.72
2007-06-29,1183123800,25.7
2007-07-02,1183383000,25.86
2007-07-03,1183469400,25.89
2007-07-05,1183642200,26.13
2007-07-06,1183728600,26.35001
2007-07-09,1183987800,26.28999
2007-07-10,1184074200,26.48
2007-07-11,1184160600,26.53999
2007-07-12,1184247000,26.61
2007-07-13,1184333400,26.64999
2007-07-16,1184592600,26.17999
2007-07-17,1184679000,26.02
2007-07-18,1184765400,26.32001
2007-07-19,1184851800,26.41
2007-07-20,1184938200,26.39999
2007-07-23,1185197400,26.28
2007-07-24,1185283800,26.08
2007-07-25,1185370200,26.31
2007-07-26,1185456600,26.03
2007-07-27,1185543000,26.28
2007-07-30,1185802200,25.98
2007-07-31,1185888600,26.19
2007-08-01,1185975000,26.14999
2007-08-02,1186061400,26.19
2007-08-03,1186147800,25.89999
2007-08-06,1186407000,25.53999
2007-08-07,1186493400,25.67999
2007-08-08,1186579800,25.64
2007-08-09,1186666200,25.44
2007-08-10,1186752600,25.53
2007-08-13,1187011800,25.35001
2007-08-14,1187098200,25.43381
2007-08-15,1187184600,25.62
2007-08-16,1187271000,25.17999
2007-08-17,1187357400,25.16
2007-08-20,1187616600,25.23
2007-08-21,1187703000,25.19
2007-08-22,1187789400,25.25
2007-08-23,1187875800,25.33
2007-08-24,1187962200,25.63
2007-08-27,1188221400,25.66
2007-08-28,1188307800,25.39
2007-08-29,1188394200,25.63
2007-08-30,1188480600,25.67999
2007-08-31,1188567000,25.69
2007-09-04,1188912600,25.98
2007-09-05,1188999000,26.03
2007-09-06,1189085400,25.92999
2007-09-07,1189171800,26.10001
2007-09-10,1189431000,26.28
2007-09-11,1189517400,26.34
2007-09-12,1189603800,26.62
2007-09-13,1189690200,26.42
2007-09-14,1189776600,26.44
2007-09-17,1190035800,26.75
2007-09-18,1190122200,26.85001
2007-09-19,1190208600,27.08
2007-09-20,1190295000,27.5
2007-09-21,1190381400,27.69
2007-09-24,1190640600,27.64
2007-09-25,1190727000,27.44
2007-09-26,1190813400,27.48
2007-09-27,1190899800,28.2
2007-09-28,1190986200,28.11
2007-10-01,1191245400,27.82001
2007-10-02,1191331800,27.25999
2007-10-03,1191418200,27.28999
2007-10-04,1191504600,27.67
2007-10-05,1191591000,27.75
2007-10-08,1191850200,27.17
2007-10-09,1191936600,27.36
2007-10-10,1192023000,27.67999
2007-10-11,1192109400,27.99001
2007-10-12,1192195800,28.12
2007-10-15,1192455000,28.60001
2007-10-16,1192541400,28.63
2007-10-17,1192627800,28.48
2007-10-18,1192714200,28.99001
2007-10-19,1192800600,28.90781
2007-10-22,1193059800,28.83
2007-10-23,1193146200,28.63
2007-10-24,1193232600,28.73
2007-10-25,1193319000,29.39999
2007-10-26,1193405400,29.85001
2007-10-29,1193664600,30.34
2007-10-30,1193751000,29.66
2007-10-31,1193837400,30.5
2007-11-01,1193923800,30.11
2007-11-02,1194010200,30.75999
2007-11-05,1194273000,30.56
2007-11-06,1194359400,31.36
2007-11-07,1194445800,31.2
2007-11-08,1194532200,31.12
2007-11-09,1194618600,31.11
2007-11-12,1194877800,30.42999
2007-11-13,1194964200,29.85001
2007-11-14,1195050600,30.52
2007-11-15,1195137000,30.22
2007-11-16,1195223400,30.32001
2007-11-19,1195482600,30.55
2007-11-20,1195569000,31.31
2007-11-21,1195655400,31.35001
2007-11-23,1195828200,31.64
2007-11-26,1196087400,31.25
2007-11-27,1196173800,31
2007-11-28,1196260200,30.62
2007-11-29,1196346600,30.69
2007-11-30,1196433000,30.31
2007-12-03,1196692200,30.53
2007-12-04,1196778600,30.67
2007-12-05,1196865000,30.44
2007-12-06,1196951400,30.99001
2007-12-07,1197037800,30.89
2007-12-10,1197297000,30.87
2007-12-11,1197383400,31.14
2007-12-12,1197469800,31.99001
2007-12-13,1197556200,31.64999
2007-12-14,1197642600,31.42999
2007-12-17,1197901800,30.52
2007-12-18,1197988200,30.39
2007-12-19,1198074600,30.67999
2007-12-20,1198161000,30.55
2007-12-21,1198247400,30.91
2007-12-24,1198506600,31.14
2007-12-26,1198679400,31.50999
2007-12-27,1198765800,31.62
2007-12-28,1198852200,31.52
2007-12-31,1199111400,31.56
2008-01-02,1199284200,32.42999
2008-01-03,1199370600,32.67999
2008-01-04,1199457000,32.49001
2008-01-07,1199716200,31.89999
2008-01-08,1199802600,32.19
2008-01-09,1199889000,31.87
2008-01-10,1199975400,31.72
2008-01-11,1200061800,32.00999
2008-01-14,1200321000,32.41
2008-01-15,1200407400,32.00999
2008-01-16,1200493800,31.71001
2008-01-17,1200580200,31.3
2008-01-18,1200666600,31.42
2008-01-22,1201012200,31.31
2008-01-23,1201098600,30.72
2008-01-24,1201185000,31.48
2008-01-25,1201271400,32.17999
2008-01-28,1201530600,32.33
2008-01-29,1201617000,32.60001
2008-01-30,1201703400,32.32001
2008-01-31,1201789800,32.48
2008-02-01,1201876200,31.91
2008-02-04,1202135400,32.47
2008-02-05,1202221800,32.2
2008-02-06,1202308200,32.05
2008-02-07,1202394600,32.44
2008-02-08,1202481000,33.41
2008-02-11,1202740200,33.63
2008-02-12,1202826600,32.95
2008-02-13,1202913000,33.22
2008-02-14,1202999400,33.89
2008-02-15,1203085800,33.73
2008-02-19,1203431400,34.83
2008-02-20,1203517800,35.00999
2008-02-21,1203604200,34.82001
2008-02-22,1203690600,35.3
2008-02-25,1203949800,35.64
2008-02-26,1204036200,36.39999
2008-02-27,1204122600,36.35001
2008-02-28,1204209000,36.7
2008-02-29,1204295400,36.10001
2008-03-03,1204554600,36.63
2008-03-04,1204641000,36.5
2008-03-05,1204727400,37.3
2008-03-06,1204813800,37.58
2008-03-07,1204900200,37.2
2008-03-10,1205155800,37.89999
2008-03-11,1205242200,38.49001
2008-03-12,1205328600,38.91
2008-03-13,1205415000,38.95
2008-03-14,1205501400,38.89999
2008-03-17,1205760600,37.34
2008-03-18,1205847000,38.17
2008-03-19,1205933400,36.52
2008-03-20,1206019800,35.05
2008-03-24,1206365400,35.69
2008-03-25,1206451800,36.05
2008-03-26,1206538200,37.13
2008-03-27,1206624600,37.53999
2008-03-28,1206711000,36.64999
2008-03-31,1206970200,35.77
2008-04-01,1207056600,35.57001
2008-04-02,1207143000,36.63
2008-04-03,1207229400,36.83
2008-04-04,1207315800,37.09
2008-04-07,1207575000,37.49001
2008-04-08,1207661400,37.64
2008-04-09,1207747800,38.27
2008-04-10,1207834200,38.10001
2008-04-11,1207920600,37.95
2008-04-14,1208179800,38.21001
2008-04-15,1208266200,38.67
2008-04-16,1208352600,39.03999
2008-04-17,1208439000,38.86
2008-04-18,1208525400,38.88
2008-04-21,1208784600,38.92999
2008-04-22,1208871000,39.17
2008-04-23,1208957400,38.8
2008-04-24,1209043800,38.14999
2008-04-25,1209130200,38.85001
2008-04-28,1209389400,38.94
2008-04-29,1209475800,38
2008-04-30,1209562200,37.92999
2008-05-01,1209648600,37.05
2008-05-02,1209735000,37.99001
2008-05-05,1209994200,38.78
2008-05-06,1210080600,39.28999
2008-05-07,1210167000,39.36
2008-05-08,1210253400,40
2008-05-09,1210339800,40.62
2008-05-12,1210599000,39.92999
2008-05-13,1210685400,40.14999
2008-05-14,1210771800,39.5
2008-05-15,1210858200,39.95
2008-05-16,1210944600,40.53
2008-05-19,1211203800,40.59
2008-05-20,1211290200,41.14999
2008-05-21,1211376600,42.35001
2008-05-22,1211463000,41.74001
2008-05-23,1211549400,41.82001
2008-05-27,1211895000,41.14999
2008-05-28,1211981400,41.41
2008-05-29,1212067800,40.28
2008-05-30,1212154200,40.55
2008-06-02,1212413400,41.09
2008-06-03,1212499800,40.12
2008-06-04,1212586200,39.52
2008-06-05,1212672600,41.02
2008-06-06,1212759000,42.07001
2008-06-09,1213018200,42.5
2008-06-10,1213104600,42.33
2008-06-11,1213191000,43.89
2008-06-12,1213277400,43.88
2008-06-13,1213363800,43.60001
2008-06-16,1213623000,43.56
2008-06-17,1213709400,44
2008-06-18,1213795800,44.60001
2008-06-19,1213882200,43.56
2008-06-20,1213968600,43.86
2008-06-23,1214227800,44.17
2008-06-24,1214314200,44.17999
2008-06-25,1214400600,44.00999
2008-06-26,1214487000,45.47
2008-06-27,1214573400,45.59
2008-06-30,1214832600,44.78
2008-07-01,1214919000,45.57001
2008-07-02,1215005400,46.44
2008-07-03,1215091800,46.42
2008-07-07,1215437400,45.78999
2008-07-08,1215523800,44.13
2008-07-09,1215610200,44.10001
2008-07-10,1215696600,45.3
2008-07-11,1215783000,45.92999
2008-07-14,1216042200,45.95
2008-07-15,1216128600,44.49001
2008-07-16,1216215000,43.81
2008-07-17,1216301400,42.78
2008-07-18,1216387800,42.05
2008-07-21,1216647000,42.56
2008-07-22,1216733400,41.63
2008-07-23,1216819800,40.69
2008-07-24,1216906200,40.72
2008-07-25,1216992600,40.21001
2008-07-28,1217251800,40.41
2008-07-29,1217338200,39.95
2008-07-30,1217424600,40.74001
2008-07-31,1217511000,40.39999
2008-08-01,1217597400,39.95
2008-08-04,1217856600,38.63
2008-08-05,1217943000,38.36
2008-08-06,1218029400,37.95
2008-08-07,1218115800,38.16
2008-08-08,1218202200,37.09
2008-08-11,1218461400,37.05
2008-08-12,1218547800,36.73
2008-08-13,1218634200,37.96001
2008-08-14,1218720600,37.63
2008-08-15,1218807000,37.12
2008-08-18,1219066200,37.33
2008-08-19,1219152600,37.91
2008-08-20,1219239000,38.21001
2008-08-21,1219325400,39.85001
2008-08-22,1219411800,38.5
2008-08-25,1219671000,38.28
2008-08-26,1219757400,38.3
2008-08-27,1219843800,38.66
2008-08-28,1219930200,37.89999
2008-08-29,1220016600,37.75999
2008-09-02,1220362200,36.78
2008-09-03,1220448600,36.57001
2008-09-04,1220535000,36.05
2008-09-05,1220621400,35.69
2008-09-08,1220880600,35.61
2008-09-09,1220967000,34.31
2008-09-10,1221053400,34.36
2008-09-11,1221139800,34.07001
2008-09-12,1221226200,34.3
2008-09-15,1221485400,32.95
2008-09-16,1221571800,32.28
2008-09-17,1221658200,33.25
2008-09-18,1221744600,33.31
2008-09-19,1221831000,34.41
2008-09-22,1222090200,35.60001
2008-09-23,1222176600,35.25
2008-09-24,1222263000,34.96001
2008-09-25,1222349400,35.57001
2008-09-26,1222435800,35.14999
2008-09-29,1222695000,32.97
2008-09-30,1222781400,33.89
2008-10-01,1222867800,33.10001
2008-10-02,1222954200,31.27
2008-10-03,1223040600,30.53999
2008-10-06,1223299800,29.24001
2008-10-07,1223386200,29.60001
2008-10-08,1223472600,30.03
2008-10-09,1223559000,28.63
2008-10-10,1223645400,27.36
2008-10-13,1223904600,28.88
2008-10-14,1223991000,28.35001
2008-10-15,1224077400,27.06
2008-10-16,1224163800,26.55
2008-10-17,1224250200,26.85001
2008-10-20,1224509400,27.39
2008-10-21,1224595800,26.41
2008-10-22,1224682200,25.16
2008-10-23,1224768600,25.25999
2008-10-24,1224855000,24.25
2008-10-27,1225114200,24.07001
2008-10-28,1225200600,24.73
2008-10-29,1225287000,26.19
2008-10-30,1225373400,25.11
2008-10-31,1225459800,25.39
2008-11-03,1225722600,25.11
2008-11-04,1225809000,26.25
2008-11-05,1225895400,25.57001
2008-11-06,1225981800,24.45
2008-11-07,1226068200,24.48
2008-11-10,1226327400,24.64
2008-11-11,1226413800,24.17
2008-11-12,1226500200,23.46001
2008-11-13,1226586600,23.89999
2008-11-14,1226673000,23.75
2008-11-17,1226932200,23.21001
2008-11-18,1227018600,22.86
2008-11-19,1227105000,22.60001
2008-11-20,1227191400,21.45
2008-11-21,1227277800,21.82001
2008-11-24,1227537000,23.32001
2008-11-25,1227623400,22.53999
2008-11-26,1227709800,23.25999
2008-11-28,1227882600,22.25
2008-12-01,1228141800,21.56
2008-12-02,1228228200,21.57001
2008-12-03,1228314600,21.32001
2008-12-04,1228401000,20.2
2008-12-05,1228487400,19.7
2008-12-08,1228746600,20.61
2008-12-09,1228833000,20.16
2008-12-10,1228919400,20.77
2008-12-11,1229005800,21.42999
2008-12-12,1229092200,21.89999
2008-12-15,1229351400,20.95
2008-12-16,1229437800,21.25
2008-12-17,1229524200,20.96001
2008-12-18,1229610600,20.64
2008-12-19,1229697000,20.5
2008-12-22,1229956200,19.9212
2008-12-23,1230042600,20
2008-12-24,1230129000,19.69
2008-12-26,1230301800,20
2008-12-29,1230561000,20.22
2008-12-30,1230647400,20.34
2008-12-31,1230733800,21.19
2009-01-02,1230906600,21.92999
2009-01-05,1231165800,22.16
2009-01-06,1231252200,22.74001
2009-01-07,1231338600,21.58
2009-01-08,1231425000,21.66
2009-01-09,1231511400,21.41
2009-01-12,1231770600,20.44
2009-01-13,1231857000,20.78
2009-01-14,1231943400,20.49001
2009-01-15,1232029800,20.47
2009-01-16,1232116200,20.56
2009-01-20,1232461800,19.92
2009-01-21,1232548200,20
2009-01-22,1232634600,19.74001
2009-01-23,1232721000,20.66
2009-01-26,1232980200,20.7
2009-01-27,1233066600,20.14
2009-01-28,1233153000,20.62
2009-01-29,1233239400,20.37
2009-01-30,1233325800,20.25
2009-02-02,1233585000,19.86
2009-02-03,1233671400,19.63
2009-02-04,1233757800,19.74001
2009-02-05,1233844200,20.17999
2009-02-06,1233930600,20.33009
2009-02-09,1234189800,20.22
2009-02-10,1234276200,19.96001
2009-02-11,1234362600,19.84
2009-02-12,1234449000,19.87
2009-02-13,1234535400,19.50999
2009-02-17,1234881000,18.42
2009-02-18,1234967400,18.31
2009-02-19,1235053800,18.7592
2009-02-20,1235140200,18.55
2009-02-23,1235399400,18.37
2009-02-24,1235485800,18.72
2009-02-25,1235572200,18.94
2009-02-26,1235658600,19.34
2009-02-27,1235745000,19.11
2009-03-02,1236004200,18.14999
2009-03-03,1236090600,18.27
2009-03-04,1236177000,18.91
2009-03-05,1236263400,18.75
2009-03-06,1236349800,19.2
2009-03-09,1236605400,19.09
2009-03-10,1236691800,19.03999
2009-03-11,1236778200,18.44
2009-03-12,1236864600,19.3
2009-03-13,1236951000,19.13
2009-03-16,1237210200,19.55
2009-03-17,1237296600,19.97
2009-03-18,1237383000,20.22
2009-03-19,1237469400,20.64
2009-03-20,1237555800,20.92
2009-03-23,1237815000,21.36
2009-03-24,1237901400,21.00999
2009-03-25,1237987800,20.69
2009-03-26,1238074200,21.05
2009-03-27,1238160600,20.66
2009-03-30,1238419800,19.91
2009-03-31,1238506200,20
2009-04-01,1238592600,19.95
2009-04-02,1238679000,20.72
2009-04-03,1238765400,21.03999
2009-04-06,1239024600,20.77901
2009-04-07,1239111000,20.41
2009-04-08,1239197400,20.56
2009-04-09,1239283800,20.86
2009-04-13,1239629400,20.95
2009-04-14,1239715800,20.57001
2009-04-15,1239802200,20.44
2009-04-16,1239888600,20.35001
2009-04-17,1239975000,20.2
2009-04-20,1240234200,19.44
2009-04-21,1240320600,19.50999
2009-04-22,1240407000,19.53999
2009-04-23,1240493400,19.8
2009-04-24,1240579800,20.10001
2009-04-27,1240839000,19.60001
2009-04-28,1240925400,19.46001
2009-04-29,1241011800,19.91
2009-04-30,1241098200,19.98
2009-05-01,1241184600,20.58
2009-05-04,1241443800,20.9799
2009-05-05,1241530200,20.67999
2009-05-06,1241616600,21.23
2009-05-07,1241703000,21.27
2009-05-08,1241789400,21.8
2009-05-11,1242048600,21.62
2009-05-12,1242135000,21.84
2009-05-13,1242221400,21.59
2009-05-14,1242307800,21.73
2009-05-15,1242394200,21.17999
2009-05-18,1242653400,21.74001
2009-05-19,1242739800,21.74001
2009-05-20,1242826200,22.09
2009-05-21,1242912600,21.91
2009-05-22,1242999000,22.23
2009-05-26,1243344600,22.28
2009-05-27,1243431000,22.38
2009-05-28,1243517400,22.78999
2009-05-29,1243603800,23.23
2009-06-01,1243863000,23.87
2009-06-02,1243949400,23.97
2009-06-03,1244035800,23.17
2009-06-04,1244122200,24.02
2009-06-05,1244208600,23.89
2009-06-08,1244467800,23.83
2009-06-09,1244554200,24.06
2009-06-10,1244640600,23.97
2009-06-11,1244727000,24.19
2009-06-12,1244813400,23.85001
2009-06-15,1245072600,23.39
2009-06-16,1245159000,23.3
2009-06-17,1245245400,23.37
2009-06-18,1245331800,23.39999
2009-06-19,1245418200,23.2
2009-06-22,1245677400,22.42
2009-06-23,1245763800,22.81
2009-06-24,1245850200,22.8
2009-06-25,1245936600,23
2009-06-26,1246023000,22.81
2009-06-29,1246282200,23.03
2009-06-30,1246368600,22.62
2009-07-01,1246455000,22.53
2009-07-02,1246541400,22.03
2009-07-06,1246887000,21.37
2009-07-07,1246973400,21.03
2009-07-08,1247059800,20.77
2009-07-09,1247146200,20.89999
2009-07-10,1247232600,20.74001
2009-07-13,1247491800,20.85001
2009-07-14,1247578200,20.85001
2009-07-15,1247664600,21.39999
2009-07-16,1247751000,21.45
2009-07-17,1247837400,21.77
2009-07-20,1248096600,22.13
2009-07-21,1248183000,22.05
2009-07-22,1248269400,22.17
2009-07-23,1248355800,22.63
2009-07-24,1248442200,22.64999
2009-07-27,1248701400,22.74001
2009-07-28,1248787800,22.49001
2009-07-29,1248874200,21.91
2009-07-30,1248960600,22.59
2009-07-31,1249047000,23.03999
2009-08-03,1249306200,23.69
2009-08-04,1249392600,23.7
2009-08-05,1249479000,23.95
2009-08-06,1249565400,23.39999
2009-08-07,1249651800,23.28999
2009-08-10,1249911000,23.28
2009-08-11,1249997400,22.92999
2009-08-12,1250083800,23.05
2009-08-13,1250170200,23.36
2009-08-14,1250256600,22.7
2009-08-17,1250515800,22.36
2009-08-18,1250602200,22.8
2009-08-19,1250688600,22.96001
2009-08-20,1250775000,22.77
2009-08-21,1250861400,22.94
2009-08-24,1251120600,22.98
2009-08-25,1251207000,22.64999
2009-08-26,1251293400,22.59
2009-08-27,1251379800,22.78
2009-08-28,1251466200,22.73
2009-08-31,1251725400,22.11
2009-09-01,1251811800,21.77
2009-09-02,1251898200,21.82001
2009-09-03,1251984600,21.71001
2009-09-04,1252071000,21.62
2009-09-08,1252416600,22.02
2009-09-09,1252503000,22.11
2009-09-10,1252589400,22.23
2009-09-11,1252675800,21.94
2009-09-14,1252935000,21.82001
2009-09-15,1253021400,22.33
2009-09-16,1253107800,22.62
2009-09-17,1253194200,22.63
2009-09-18,1253280600,22.4325
2009-09-21,1253539800,21.94
2009-09-22,1253626200,22.3
2009-09-23,1253712600,21.8
2009-09-24,1253799000,21.52
2009-09-25,1253885400,21.35001
2009-09-28,1254144600,21.53999
2009-09-29,1254231000,21.46001
2009-09-30,1254317400,22.06
2009-10-01,1254403800,21.9214
2009-10-02,1254490200,21.7
2009-10-05,1254749400,22.39999
2009-10-06,1254835800,22.13
2009-10-07,1254922200,22.17
2009-10-08,1255008600,22.61
2009-10-09,1255095000,22.7
2009-10-12,1255354200,23.16
2009-10-13,1255440600,23.42
2009-10-14,1255527000,23.60001
2009-10-15,1255613400,23.84
2009-10-16,1255699800,23.89999
2009-10-19,1255959000,24.24001
2009-10-20,1256045400,24.09
2009-10-21,1256131800,24.60001
2009-10-22,1256218200,24.8
2009-10-23,1256304600,24.71001
2009-10-26,1256563800,24.25999
2009-10-27,1256650200,24.09
2009-10-28,1256736600,23.47
2009-10-29,1256823000,24.2
2009-10-30,1256909400,23.58501
2009-11-02,1257172200,24
2009-11-03,1257258600,24.34
2009-11-04,1257345000,24.32001
2009-11-05,1257431400,24.19
2009-11-06,1257517800,23.75999
2009-11-09,1257777000,24.14999
2009-11-10,1257863400,24.03
2009-11-11,1257949800,24.19
2009-11-12,1258036200,23.83
2009-11-13,1258122600,23.81
2009-11-16,1258381800,24.5
2009-11-17,1258468200,24.62
2009-11-18,1258554600,24.64
2009-11-19,1258641000,24.28999
2009-11-20,1258727400,24.25999
2009-11-23,1258986600,24.37
2009-11-24,1259073000,24.09
2009-11-25,1259159400,24.67
2009-11-27,1259332200,24.39
2009-11-30,1259591400,24.66
2009-12-01,1259677800,24.84
2009-12-02,1259764200,24.67
2009-12-03,1259850600,24.64999
2009-12-04,1259937000,24.45
2009-12-07,1260196200,24.23
2009-12-08,1260282600,23.99001
2009-12-09,1260369000,23.69
2009-12-10,1260455400,23.56
2009-12-11,1260541800,23.67999
2009-12-14,1260801000,23.81
2009-12-15,1260887400,23.7
2009-12-16,1260973800,24.11
2009-12-17,1261060200,23.74001
2009-12-18,1261146600,23.84
2009-12-21,1261405800,23.61
2009-12-22,1261492200,23.78
2009-12-23,1261578600,24.2
2009-12-24,1261665000,24.34
2009-12-28,1262010600,24.77
2009-12-29,1262097000,24.72
2009-12-30,1262183400,24.69
2009-12-31,1262269800,24.62
2010-01-04,1262615400,25.24001
2010-01-05,1262701800,25.27
2010-01-06,1262788200,25.72
2010-01-07,1262874600,25.39999
2010-01-08,1262961000,25.38
2010-01-11,1263220200,25.3
2010-01-12,1263306600,24.75999
2010-01-13,1263393000,24.78
2010-01-14,1263479400,24.64999
2010-01-15,1263565800,24.37
2010-01-19,1263911400,24.53
2010-01-20,1263997800,24.07001
2010-01-21,1264084200,23.77
2010-01-22,1264170600,23.52
2010-01-25,1264429800,23.63
2010-01-26,1264516200,23.37
2010-01-27,1264602600,23.03
2010-01-28,1264689000,22.95
2010-01-29,1264775400,22.69
2010-02-01,1265034600,23.24001
2010-02-02,1265121000,23.74001
2010-02-03,1265207400,23.45
2010-02-04,1265293800,22.67
2010-02-05,1265380200,22.38
2010-02-08,1265639400,22.39
2010-02-09,1265725800,22.78999
2010-02-10,1265812200,22.88
2010-02-11,1265898600,23.14999
2010-02-12,1265985000,23.02
2010-02-16,1266330600,23.72
2010-02-17,1266417000,23.60001
2010-02-18,1266503400,23.81
2010-02-19,1266589800,23.95
2010-02-22,1266849000,23.82001
2010-02-23,1266935400,23.42999
2010-02-24,1267021800,23.62
2010-02-25,1267108200,23.22
2010-02-26,1267194600,23.63
2010-03-01,1267453800,23.39
2010-03-02,1267540200,23.64
2010-03-03,1267626600,23.87
2010-03-04,1267713000,23.66
2010-03-05,1267799400,23.94
2010-03-08,1268058600,23.91
2010-03-09,1268145000,23.64999
2010-03-10,1268231400,23.72
2010-03-11,1268317800,23.66
2010-03-12,1268404200,23.52
2010-03-15,1268659800,23.24001
2010-03-16,1268746200,23.55
2010-03-17,1268832600,23.75999
2010-03-18,1268919000,23.71001
2010-03-19,1269005400,23.42
2010-03-22,1269264600,23.42
2010-03-23,1269351000,23.32001
2010-03-24,1269437400,23.06
2010-03-25,1269523800,22.92999
2010-03-26,1269610200,22.97
2010-03-29,1269869400,23.49001
2010-03-30,1269955800,23.53999
2010-03-31,1270042200,23.52
2010-04-01,1270128600,23.98
2010-04-05,1270474200,24.36
2010-04-06,1270560600,24.34
2010-04-07,1270647000,24.25
2010-04-08,1270733400,24.21001
2010-04-09,1270819800,24.25999
2010-04-12,1271079000,24.24001
2010-04-13,1271165400,24.33
2010-04-14,1271251800,24.61
2010-04-15,1271338200,24.7
2010-04-16,1271424600,24.25
2010-04-19,1271683800,23.94
2010-04-20,1271770200,24.13
2010-04-21,1271856600,24.25
2010-04-22,1271943000,24.31
2010-04-23,1272029400,24.47
2010-04-26,1272288600,24.35001
2010-04-27,1272375000,23.98
2010-04-28,1272461400,24.06
2010-04-29,1272547800,24.25
2010-04-30,1272634200,24.44
2010-05-03,1272893400,24.56
2010-05-04,1272979800,23.89999
2010-05-05,1273066200,23.36
2010-05-06,1273152600,22.8999
2010-05-07,1273239000,22.78
2010-05-10,1273498200,23.22
2010-05-11,1273584600,23.17999
2010-05-12,1273671000,23.37
2010-05-13,1273757400,23.17
2010-05-14,1273843800,22.58
2010-05-17,1274103000,21.94
2010-05-18,1274189400,21.91
2010-05-19,1274275800,21.71001
2010-05-20,1274362200,21.25999
2010-05-21,1274448600,21.48
2010-05-24,1274707800,21.46001
2010-05-25,1274794200,21.28999
2010-05-26,1274880600,21.52
2010-05-27,1274967000,22.14999
2010-05-28,1275053400,21.96001
2010-06-01,1275399000,21.55
2010-06-02,1275485400,21.81
2010-06-03,1275571800,21.92999
2010-06-04,1275658200,21.25
2010-06-07,1275917400,21.28999
2010-06-08,1276003800,21.46001
2010-06-09,1276090200,21.56
2010-06-10,1276176600,21.92
2010-06-11,1276263000,21.95
2010-06-14,1276522200,22.00999
2010-06-15,1276608600,22.38
2010-06-16,1276695000,22.42999
2010-06-17,1276781400,22.44
2010-06-18,1276867800,22.39999
2010-06-21,1277127000,22.31
2010-06-22,1277213400,22.25999
2010-06-23,1277299800,21.89
2010-06-24,1277386200,21.94
2010-06-25,1277472600,22.34
2010-06-28,1277731800,22.10001
2010-06-29,1277818200,21.49001
2010-06-30,1277904600,21.57001
2010-07-01,1277991000,21.24001
2010-07-02,1278077400,21.2
2010-07-06,1278423000,21.25999
2010-07-07,1278509400,21.74001
2010-07-08,1278595800,21.94
2010-07-09,1278682200,21.98
2010-07-12,1278941400,21.73
2010-07-13,1279027800,22.08
2010-07-14,1279114200,22.03999
2010-07-15,1279200600,22.25
2010-07-16,1279287000,21.97
2010-07-19,1279546200,21.95
2010-07-20,1279632600,22.13
2010-07-21,1279719000,22.07001
2010-07-22,1279805400,22.50999
2010-07-23,1279891800,22.44
2010-07-26,1280151000,22.42
2010-07-27,1280237400,22.17999
2010-07-28,1280323800,22.27
2010-07-29,1280410200,22.59
2010-07-30,1280496600,22.89
2010-08-02,1280755800,23.33
2010-08-03,1280842200,23.41
2010-08-04,1280928600,23.61
2010-08-05,1281015000,23.5
2010-08-06,1281101400,23.28999
2010-08-09,1281360600,23.37
2010-08-10,1281447000,23.12
2010-08-11,1281533400,22.60001
2010-08-12,1281619800,22.42999
2010-08-13,1281706200,22.41
2010-08-16,1281965400,22.34
2010-08-17,1282051800,22.66
2010-08-18,1282138200,22.57001
2010-08-19,1282224600,22.34
2010-08-20,1282311000,22.2
2010-08-23,1282570200,22.05
2010-08-24,1282656600,21.8
2010-08-25,1282743000,21.91
2010-08-26,1282829400,22.16
2010-08-27,1282915800,22.53999
2010-08-30,1283175000,22.5
2010-08-31,1283261400,22.2
2010-09-01,1283347800,22.64
2010-09-02,1283434200,22.8
2010-09-03,1283520600,22.92
2010-09-07,1283866200,23.03999
2010-09-08,1283952600,23.09
2010-09-09,1284039000,22.96001
2010-09-10,1284125400,23.2
2010-09-13,1284384600,23.37
2010-09-14,1284471000,23.44
2010-09-15,1284557400,23.39999
2010-09-16,1284643800,23.28
2010-09-17,1284730200,23.36
2010-09-20,1284989400,23.55
2010-09-21,1285075800,23.3
2010-09-22,1285162200,23.44
2010-09-23,1285248600,23.46001
2010-09-24,1285335000,23.82001
2010-09-27,1285594200,23.66
2010-09-28,1285680600,23.66
2010-09-29,1285767000,23.97
2010-09-30,1285853400,24.11
2010-10-01,1285939800,24.16
2010-10-04,1286199000,24.08
2010-10-05,1286285400,24.57001
2010-10-06,1286371800,24.58
2010-10-07,1286458200,24.33
2010-10-08,1286544600,25.14
2010-10-11,1286803800,25.02
2010-10-12,1286890200,25.14
2010-10-13,1286976600,25.25999
2010-10-14,1287063000,25.22
2010-10-15,1287149400,24.94
2010-10-18,1287408600,25.19
2010-10-19,1287495000,24.45
2010-10-20,1287581400,25.03
2010-10-21,1287667800,24.72
2010-10-22,1287754200,24.925
2010-10-25,1288013400,25.06
2010-10-26,1288099800,25.19
2010-10-27,1288186200,25.11
2010-10-28,1288272600,25.24001
2010-10-29,1288359000,25.17999
2010-11-01,1288618200,25.34
2010-11-02,1288704600,25.57001
2010-11-03,1288791000,25.69
2010-11-04,1288877400,26.3
2010-11-05,1288963800,26.41
2010-11-08,1289226600,26.48
2010-11-09,1289313000,26.3
2010-11-10,1289399400,26.58
2010-11-11,1289485800,26.36
2010-11-12,1289572200,25.25999
2010-11-15,1289831400,25.3
2010-11-16,1289917800,24.55
2010-11-17,1290004200,24.36
2010-11-18,1290090600,25.02
2010-11-19,1290177000,24.66
2010-11-22,1290436200,24.74001
2010-11-23,1290522600,24.675
2010-11-24,1290609000,25.14
2010-11-26,1290781800,25.07001
2010-11-29,1291041000,25.31
2010-11-30,1291127400,25.07001
2010-12-01,1291213800,25.81
2010-12-02,1291300200,26.03
2010-12-03,1291386600,26.36
2010-12-06,1291645800,26.33
2010-12-07,1291732200,26.14999
2010-12-08,1291818600,26.35001
2010-12-09,1291905000,26.28
2010-12-10,1291991400,26.24001
2010-12-13,1292250600,26.5
2010-12-14,1292337000,26.42999
2010-12-15,1292423400,26.36
2010-12-16,1292509800,26.27
2010-12-17,1292596200,26.47
2010-12-20,1292855400,26.71001
2010-12-21,1292941800,26.88
2010-12-22,1293028200,27.0175
2010-12-23,1293114600,27.12
2010-12-27,1293460200,27.07001
2010-12-28,1293546600,27.36
2010-12-29,1293633000,27.37
2010-12-30,1293719400,27.03999
2010-12-31,1293805800,27.55
2011-01-03,1294065000,27.67
2011-01-04,1294151400,27.3
2011-01-05,1294237800,27.59
2011-01-06,1294324200,27.22
2011-01-07,1294410600,27.12
2011-01-10,1294669800,27.44
2011-01-11,1294756200,27.745
2011-01-12,1294842600,27.92751
2011-01-13,1294929000,27.89
2011-01-14,1295015400,28.02251
2011-01-18,1295361000,27.99001
2011-01-19,1295447400,27.96001
2011-01-20,1295533800,27.67999
2011-01-21,1295620200,27.96001
2011-01-24,1295879400,27.72
2011-01-25,1295965800,27.36749
2011-01-26,1296052200,27.98
2011-01-27,1296138600,27.74001
2011-01-28,1296225000,28.09
2011-01-31,1296484200,28.53
2011-02-01,1296570600,28.74001
2011-02-02,1296657000,29.02
2011-02-03,1296743400,28.83
2011-02-04,1296829800,28.67
2011-02-07,1297089000,28.59
2011-02-08,1297175400,28.78
2011-02-09,1297261800,28.92
2011-02-10,1297348200,28.75
2011-02-11,1297434600,28.64999
2011-02-14,1297693800,28.78999
2011-02-15,1297780200,28.42
2011-02-16,1297866600,28.63
2011-02-17,1297953000,28.72
2011-02-18,1298039400,28.69
2011-02-22,1298385000,28.64999
2011-02-23,1298471400,29.28999
2011-02-24,1298557800,29.03
2011-02-25,1298644200,29.67
2011-02-28,1298903400,29.72
2011-03-01,1298989800,30.1675
2011-03-02,1299076200,30.28999
2011-03-03,1299162600,30.28
2011-03-04,1299249000,30.42999
2011-03-07,1299508200,30.28999
2011-03-08,1299594600,30.03
2011-03-09,1299681000,30.14999
2011-03-10,1299767400,29.66
2011-03-11,1299853800,29.49001
2011-03-14,1300109400,29.57001
2011-03-15,1300195800,28.49001
2011-03-16,1300282200,28.66
2011-03-17,1300368600,29.55
2011-03-18,1300455000,29.72
2011-03-21,1300714200,29.86
2011-03-22,1300800600,30.08
2011-03-23,1300887000,30.14
2011-03-24,1300973400,30.24001
2011-03-25,1301059800,30.32001
2011-03-28,1301319000,29.91
2011-03-29,1301405400,30.08
2011-03-30,1301491800,30.03999
2011-03-31,1301578200,30.50999
2011-04-01,1301664600,30.72
2011-04-04,1301923800,31
2011-04-05,1302010200,31.03
2011-04-06,1302096600,31.12
2011-04-07,1302183000,31.17999
2011-04-08,1302269400,31.92
2011-04-11,1302528600,31.33
2011-04-12,1302615000,30.69
2011-04-13,1302701400,30.92999
2011-04-14,1302787800,31.00999
2011-04-15,1302874200,31.17
2011-04-18,1303133400,30.979
2011-04-19,1303219800,30.99001
2011-04-20,1303306200,31.48
2011-04-21,1303392600,31.71001
2011-04-25,1303738200,31.62
2011-04-26,1303824600,31.61
2011-04-27,1303911000,31.8
2011-04-28,1303997400,31.57001
2011-04-29,1304083800,31.89999
2011-05-02,1304343000,31.58
2011-05-03,1304429400,31.25
2011-05-04,1304515800,30.75
2011-05-05,1304602200,28.69
2011-05-06,1304688600,28.60001
2011-05-09,1304947800,29.64999
2011-05-10,1305034200,29.92
2011-05-11,1305120600,28.96001
2011-05-12,1305207000,28.99001
2011-05-13,1305293400,29.03999
2011-05-16,1305552600,28.66
2011-05-17,1305639000,28.73
2011-05-18,1305725400,29.31
2011-05-19,1305811800,29.08
2011-05-20,1305898200,29.35001
2011-05-23,1306157400,28.88
2011-05-24,1306243800,29.27
2011-05-25,1306330200,29.8
2011-05-26,1306416600,29.91
2011-05-27,1306503000,30.08
2011-05-31,1306848600,30.25
2011-06-01,1306935000,29.87
2011-06-02,1307021400,30.13
2011-06-03,1307107800,30.245
2011-06-06,1307367000,29.89999
2011-06-07,1307453400,30.17999
2011-06-08,1307539800,30.42999
2011-06-09,1307626200,30.60001
2011-06-10,1307712600,30.28
2011-06-13,1307971800,30.08
2011-06-14,1308058200,30.28999
2011-06-15,1308144600,29.48
2011-06-16,1308231000,29.36
2011-06-17,1308317400,29.23
2011-06-20,1308576600,29.07001
2011-06-21,1308663000,29.09
2011-06-22,1308749400,29.22
2011-06-23,1308835800,28.60001
2011-06-24,1308922200,28.25999
2011-06-27,1309181400,28.25
2011-06-28,1309267800,28.75
2011-06-29,1309354200,29.27
2011-06-30,1309440600,28.96001
2011-07-01,1309527000,29
2011-07-05,1309872600,29.39
2011-07-06,1309959000,29.38
2011-07-07,1310045400,30
2011-07-08,1310131800,29.97
2011-07-11,1310391000,29.74001
2011-07-12,1310477400,30
2011-07-13,1310563800,30.41
2011-07-14,1310650200,30.24001
2011-07-15,1310736600,30.50999
2011-07-18,1310995800,30.34
2011-07-19,1311082200,30.55
2011-07-20,1311168600,30.64999
2011-07-21,1311255000,30.5
2011-07-22,1311341400,30.75
2011-07-25,1311600600,30.60001
2011-07-26,1311687000,30.84
2011-07-27,1311773400,30.63
2011-07-28,1311859800,30.53
2011-07-29,1311946200,30.28
2011-08-01,1312205400,30.28
2011-08-02,1312291800,30.28
2011-08-03,1312378200,29.83
2011-08-04,1312464600,28.7
2011-08-05,1312551000,28.82001
2011-08-08,1312810200,27.75
2011-08-09,1312896600,28.02
2011-08-10,1312983000,28.14
2011-08-11,1313069400,28.75
2011-08-12,1313155800,28.71001
2011-08-15,1313415000,29.06
2011-08-16,1313501400,29.06
2011-08-17,1313587800,29.31
2011-08-18,1313674200,28.59
2011-08-19,1313760600,29.10001
2011-08-22,1314019800,29.14999
2011-08-23,1314106200,29.45
2011-08-24,1314192600,29.14999
2011-08-25,1314279000,29.28
2011-08-26,1314365400,29.605
2011-08-29,1314624600,29.705
2011-08-30,1314711000,30.11
2011-08-31,1314797400,30.16
2011-09-01,1314883800,29.95
2011-09-02,1314970200,29.78999
2011-09-06,1315315800,29.69
2011-09-07,1315402200,29.96001
2011-09-08,1315488600,29.75999
2011-09-09,1315575000,29.28999
2011-09-12,1315834200,29.22
2011-09-13,1315920600,29.13
2011-09-14,1316007000,28.99001
2011-09-15,1316093400,29.11
2011-09-16,1316179800,28.98
2011-09-19,1316439000,28.49001
2011-09-20,1316525400,28.44
2011-09-21,1316611800,28.02
2011-09-22,1316698200,27.03
2011-09-23,1316784600,26.55
2011-09-26,1317043800,26.64
2011-09-27,1317130200,27.09
2011-09-28,1317216600,26.36
2011-09-29,1317303000,26.67
2011-09-30,1317389400,25.75
2011-10-03,1317648600,25.62
2011-10-04,1317735000,25.57001
2011-10-05,1317821400,25.92999
2011-10-06,1317907800,26.47
2011-10-07,1317994200,26.35001
2011-10-10,1318253400,26.94
2011-10-11,1318339800,27.14
2011-10-12,1318426200,27.19
2011-10-13,1318512600,27.25
2011-10-14,1318599000,27.87
2011-10-17,1318858200,27.47
2011-10-18,1318944600,27.62
2011-10-19,1319031000,27.08
2011-10-20,1319117400,27.03999
2011-10-21,1319203800,27.17999
2011-10-24,1319463000,27.61
2011-10-25,1319549400,27.7
2011-10-26,1319635800,27.53999
2011-10-27,1319722200,28.27
2011-10-28,1319808600,28.14999
2011-10-31,1320067800,27.72
2011-11-01,1320154200,27.39
2011-11-02,1320240600,27.56
2011-11-03,1320327000,27.897
2011-11-04,1320413400,27.99001
2011-11-07,1320676200,28.39999
2011-11-08,1320762600,28.53999
2011-11-09,1320849000,27.91
2011-11-10,1320935400,27.88
2011-11-11,1321021800,28.14999
2011-11-14,1321281000,27.85001
2011-11-15,1321367400,28.05
2011-11-16,1321453800,27.98
2011-11-17,1321540200,27.33
2011-11-18,1321626600,27.28999
2011-11-21,1321885800,27.09
2011-11-22,1321972200,27.27
2011-11-23,1322058600,26.86
2011-11-25,1322231400,26.64
2011-11-28,1322490600,26.97
2011-11-29,1322577000,27.32001
2011-11-30,1322663400,27.64
2011-12-01,1322749800,27.535
2011-12-02,1322836200,27.78
2011-12-05,1323095400,27.63
2011-12-06,1323181800,27.78
2011-12-07,1323268200,27.53999
2011-12-08,1323354600,27.19
2011-12-09,1323441000,27.28999
2011-12-12,1323700200,26.94
2011-12-13,1323786600,27.05
2011-12-14,1323873000,26.09
2011-12-15,1323959400,25.96001
2011-12-16,1324045800,26.17
2011-12-19,1324305000,26.05
2011-12-20,1324391400,26.64999
2011-12-21,1324477800,26.84
2011-12-22,1324564200,26.87
2011-12-23,1324650600,27
2011-12-27,1324996200,27.12
2011-12-28,1325082600,26.8
2011-12-29,1325169000,26.88
2011-12-30,1325255400,26.84
2012-01-03,1325601000,27.64
2012-01-04,1325687400,27.85001
2012-01-05,1325773800,27.47
2012-01-06,1325860200,27.59
2012-01-09,1326119400,27.62
2012-01-10,1326205800,27.82001
2012-01-11,1326292200,27.74001
2012-01-12,1326378600,27.35001
2012-01-13,1326465000,27.28999
2012-01-17,1326810600,27.48
2012-01-18,1326897000,27.49001
2012-01-19,1326983400,27.61
2012-01-20,1327069800,27.41
2012-01-23,1327329000,27.73
2012-01-24,1327415400,27.78
2012-01-25,1327501800,28.00999
2012-01-26,1327588200,28.09
2012-01-27,1327674600,28.19
2012-01-30,1327933800,27.89999
2012-01-31,1328020200,27.83
2012-02-01,1328106600,27.92
2012-02-02,1328193000,27.99001
2012-02-03,1328279400,28.32001
2012-02-06,1328538600,28.46001
2012-02-07,1328625000,28.44
2012-02-08,1328711400,28.57001
2012-02-09,1328797800,28.72
2012-02-10,1328884200,28.45
2012-02-13,1329143400,28.52
2012-02-14,1329229800,28.50999
2012-02-15,1329316200,28.61
2012-02-16,1329402600,28.74001
2012-02-17,1329489000,28.69
2012-02-21,1329834600,29.14
2012-02-22,1329921000,29.41
2012-02-23,1330007400,29.5
2012-02-24,1330093800,29.67999
2012-02-27,1330353000,29.44
2012-02-28,1330439400,29.42999
2012-02-29,1330525800,29.32001
2012-03-01,1330612200,29.78
2012-03-02,1330698600,29.48
2012-03-05,1330957800,29.34
2012-03-06,1331044200,28.86
2012-03-07,1331130600,28.99001
2012-03-08,1331217000,29.23
2012-03-09,1331303400,29.31
2012-03-12,1331559000,29.27
2012-03-13,1331645400,29.39999
2012-03-14,1331731800,29.2
2012-03-15,1331818200,29.22
2012-03-16,1331904600,29.58
2012-03-19,1332163800,29.53
2012-03-20,1332250200,29.17
2012-03-21,1332336600,29.10001
2012-03-22,1332423000,28.87
2012-03-23,1332509400,29.14999
2012-03-26,1332768600,29.28
2012-03-27,1332855000,29.16
2012-03-28,1332941400,28.88
2012-03-29,1333027800,28.48
2012-03-30,1333114200,28.8
2012-04-02,1333373400,29.17
2012-04-03,1333459800,29.03999
2012-04-04,1333546200,28.59
2012-04-05,1333632600,28.7
2012-04-09,1333978200,28.57001
2012-04-10,1334064600,28.19
2012-04-11,1334151000,28.25999
2012-04-12,1334237400,28.63
2012-04-13,1334323800,28.34
2012-04-16,1334583000,28.06
2012-04-17,1334669400,28.19
2012-04-18,1334755800,27.92
2012-04-19,1334842200,27.92999
2012-04-20,1334928600,28.03999
2012-04-23,1335187800,27.99001
2012-04-24,1335274200,27.99001
2012-04-25,1335360600,28.14999
2012-04-26,1335447000,28.21001
2012-04-27,1335533400,28.3
2012-04-30,1335792600,28.41
2012-05-01,1335879000,28.41
2012-05-02,1335965400,28.03999
2012-05-03,1336051800,27.73
2012-05-04,1336138200,27.24001
2012-05-07,1336397400,27.17999
2012-05-08,1336483800,27.077
2012-05-09,1336570200,26.87
2012-05-10,1336656600,26.88
2012-05-11,1336743000,26.67999
2012-05-14,1337002200,26.33
2012-05-15,1337088600,26.38
2012-05-16,1337175000,26.35001
2012-05-17,1337261400,26.28999
2012-05-18,1337347800,26.27
2012-05-21,1337607000,26.62
2012-05-22,1337693400,26.24001
2012-05-23,1337779800,25.95
2012-05-24,1337866200,25.96001
2012-05-25,1337952600,26.05
2012-05-29,1338298200,25.94
2012-05-30,1338384600,25.46001
2012-05-31,1338471000,25.24001
2012-06-01,1338557400,24.72
2012-06-04,1338816600,24.86
2012-06-05,1338903000,24.77
2012-06-06,1338989400,25.23
2012-06-07,1339075800,25.06
2012-06-08,1339162200,25.14
2012-06-11,1339421400,24.67999
2012-06-12,1339507800,24.80009
2012-06-13,1339594200,24.61
2012-06-14,1339680600,24.89999
2012-06-15,1339767000,24.86
2012-06-18,1340026200,24.88
2012-06-19,1340112600,25.09
2012-06-20,1340199000,24.67999
2012-06-21,1340285400,24.14999
2012-06-22,1340371800,24.39
2012-06-25,1340631000,24.64
2012-06-26,1340717400,24.81
2012-06-27,1340803800,24.95
2012-06-28,1340890200,24.67999
2012-06-29,1340976600,25.75
2012-07-02,1341235800,25.7
2012-07-03,1341322200,26.42
2012-07-05,1341495000,26.52
2012-07-06,1341581400,25.91
2012-07-09,1341840600,26.37
2012-07-10,1341927000,26.03
2012-07-11,1342013400,26.32001
2012-07-12,1342099800,26.38
2012-07-13,1342186200,26.7
2012-07-16,1342445400,27.03
2012-07-17,1342531800,27.06
2012-07-18,1342618200,27.3
2012-07-19,1342704600,27.63
2012-07-20,1342791000,27.63
2012-07-23,1343050200,27.05
2012-07-24,1343136600,26.89
2012-07-25,1343223000,27.09
2012-07-26,1343309400,27.14
2012-07-27,1343395800,27.42
2012-07-30,1343655000,27.58
2012-07-31,1343741400,27.25
2012-08-01,1343827800,27.28999
2012-08-02,1343914200,27.06
2012-08-03,1344000600,27.52
2012-08-06,1344259800,27.67999
2012-08-07,1344346200,27.89
2012-08-08,1344432600,27.97
2012-08-09,1344519000,28.2
2012-08-10,1344605400,28.05
2012-08-13,1344864600,27.83
2012-08-14,1344951000,27.86
2012-08-15,1345037400,28.10001
2012-08-16,1345123800,28.21001
2012-08-17,1345210200,28.25
2012-08-20,1345469400,28.38
2012-08-21,1345555800,28.64
2012-08-22,1345642200,28.78999
2012-08-23,1345728600,28.64999
2012-08-24,1345815000,28.52
2012-08-27,1346074200,28.39
2012-08-28,1346160600,28.41
2012-08-29,1346247000,28.46001
2012-08-30,1346333400,28.49001
2012-08-31,1346419800,28.78999
2012-09-04,1346765400,28.8
2012-09-05,1346851800,28.66
2012-09-06,1346938200,28.64999
2012-09-07,1347024600,28.97
2012-09-10,1347283800,29.00999
2012-09-11,1347370200,29.07001
2012-09-12,1347456600,29.22
2012-09-13,1347543000,29.42
2012-09-14,1347629400,29.73
2012-09-17,1347888600,28.91
2012-09-18,1347975000,28.7
2012-09-19,1348061400,28.28
2012-09-20,1348147800,28.44
2012-09-21,1348234200,28.63
2012-09-24,1348493400,28.33
2012-09-25,1348579800,28.36
2012-09-26,1348666200,28.16
2012-09-27,1348752600,28.50999
2012-09-28,1348839000,28.67999
2012-10-01,1349098200,28.72
2012-10-02,1349184600,28.57001
2012-10-03,1349271000,28.08
2012-10-04,1349357400,28.69
2012-10-05,1349443800,28.53999
2012-10-08,1349703000,28.46001
2012-10-09,1349789400,28.67
2012-10-10,1349875800,28.62
2012-10-11,1349962200,28.95
2012-10-12,1350048600,28.55
2012-10-15,1350307800,28.41
2012-10-16,1350394200,28.42999
2012-10-17,1350480600,28.44
2012-10-18,1350567000,28.42999
2012-10-19,1350653400,28.0023
2012-10-22,1350912600,27.87
2012-10-23,1350999000,27.53
2012-10-24,1351085400,27.45
2012-10-25,1351171800,27.52
2012-10-26,1351258200,27.58
2012-10-31,1351690200,27.56
2012-11-01,1351776600,27.61
2012-11-02,1351863000,27.14
2012-11-05,1352125800,27.37
2012-11-06,1352212200,27.8618
2012-11-07,1352298600,27.34
2012-11-08,1352385000,27.38
2012-11-09,1352471400,27.60001
2012-11-12,1352730600,27.47
2012-11-13,1352817000,27.42
2012-11-14,1352903400,27.5
2012-11-15,1352989800,27.39
2012-11-16,1353076200,27.50999
2012-11-19,1353335400,28.03
2012-11-20,1353421800,27.84
2012-11-21,1353508200,27.96001
2012-11-23,1353681000,28.06
2012-11-26,1353940200,28.02
2012-11-27,1354026600,27.98
2012-11-28,1354113000,27.89
2012-11-29,1354199400,28.08
2012-11-30,1354285800,28.10001
2012-12-03,1354545000,28.17
2012-12-04,1354631400,27.92
2012-12-05,1354717800,27.89
2012-12-06,1354804200,27.64
2012-12-07,1354890600,27.61
2012-12-10,1355149800,27.5497
2012-12-11,1355236200,27.5
2012-12-12,1355322600,27.63
2012-12-13,1355409000,27.38
2012-12-14,1355495400,27.55
2012-12-17,1355754600,27.53
2012-12-18,1355841000,27.60001
2012-12-19,1355927400,27.7
2012-12-20,1356013800,27.57001
2012-12-21,1356100200,27.52
2012-12-24,1356359400,27.42999
2012-12-26,1356532200,27.71001
2012-12-27,1356618600,27.71001
2012-12-28,1356705000,27.63
2012-12-31,1356964200,27.78
2013-01-02,1357137000,27.88
2013-01-03,1357223400,27.64999
2013-01-04,1357309800,27.53
2013-01-07,1357569000,27.58
2013-01-08,1357655400,27.64999
2013-01-09,1357741800,27.61
2013-01-10,1357828200,27.71001
2013-01-11,1357914600,27.59
2013-01-14,1358173800,27.77
2013-01-15,1358260200,27.64999
2013-01-16,1358346600,27.67999
2013-01-17,1358433000,27.8
2013-01-18,1358519400,27.98
2013-01-22,1358865000,28.06
2013-01-23,1358951400,28.09
2013-01-24,1359037800,28.07001
2013-01-25,1359124200,28.00999
2013-01-28,1359383400,28
2013-01-29,1359469800,28.16
2013-01-30,1359556200,28.48
2013-01-31,1359642600,28.47
2013-02-01,1359729000,28.58
2013-02-04,1359988200,28.48
2013-02-05,1360074600,28.59
2013-02-06,1360161000,28.55
2013-02-07,1360247400,28.44
2013-02-08,1360333800,28.55
2013-02-11,1360593000,28.45
2013-02-12,1360679400,28.5
2013-02-13,1360765800,28.50999
2013-02-14,1360852200,28.47
2013-02-15,1360938600,28.35001
2013-02-19,1361284200,28.24001
2013-02-20,1361370600,27.92
2013-02-21,1361457000,27.60001
2013-02-22,1361543400,27.60001
2013-02-25,1361802600,27.47
2013-02-26,1361889000,27.42
2013-02-27,1361975400,27.25
2013-02-28,1362061800,27.13
2013-03-01,1362148200,26.94
2013-03-04,1362407400,26.84
2013-03-05,1362493800,27.09
2013-03-06,1362580200,26.94
2013-03-07,1362666600,27.12
2013-03-08,1362753000,27.2
2013-03-11,1363008600,27.22
2013-03-12,1363095000,27.28
2013-03-13,1363181400,27.14
2013-03-14,1363267800,27.34
2013-03-15,1363354200,27.39999
2013-03-18,1363613400,27.24001
2013-03-19,1363699800,27.03999
2013-03-20,1363786200,27.23
2013-03-21,1363872600,27.11
2013-03-22,1363959000,27.16
2013-03-25,1364218200,27.17999
2013-03-26,1364304600,27.42999
2013-03-27,1364391000,27.57001
2013-03-28,1364477400,27.31
2013-04-01,1364823000,27.31
2013-04-02,1364909400,27.17999
2013-04-03,1364995800,26.72
2013-04-04,1365082200,26.69
2013-04-05,1365168600,26.67
2013-04-08,1365427800,26.75
2013-04-09,1365514200,26.92
2013-04-10,1365600600,26.86
2013-04-11,1365687000,26.75
2013-04-12,1365773400,26.42
2013-04-15,1366032600,25.63
2013-04-16,1366119000,25.89999
2013-04-17,1366205400,25.52
2013-04-18,1366291800,25.78999
2013-04-19,1366378200,25.73
2013-04-22,1366637400,25.81
2013-04-23,1366723800,25.64999
2013-04-24,1366810200,25.92999
2013-04-25,1366896600,26.27
2013-04-26,1366983000,26.12
2013-04-29,1367242200,26.47
2013-04-30,1367328600,26.27
2013-05-01,1367415000,25.8
2013-05-02,1367501400,26.13
2013-05-03,1367587800,26.42
2013-05-06,1367847000,26.45
2013-05-07,1367933400,26.36
2013-05-08,1368019800,26.48
2013-05-09,1368106200,26.47
2013-05-10,1368192600,26.35001
2013-05-13,1368451800,26.23
2013-05-14,1368538200,26.14
2013-05-15,1368624600,26.08
2013-05-16,1368711000,26.05
2013-05-17,1368797400,26.17999
2013-05-20,1369056600,26.35001
2013-05-21,1369143000,26.2
2013-05-22,1369229400,26.08
2013-05-23,1369315800,26.2
2013-05-24,1369402200,26.10001
2013-05-28,1369747800,26.34
2013-05-29,1369834200,26.17
2013-05-30,1369920600,26.17
2013-05-31,1370007000,25.86
2013-06-03,1370266200,26.17999
2013-06-04,1370352600,26.28
2013-06-05,1370439000,26.16
2013-06-06,1370525400,26.25999
2013-06-07,1370611800,26.32001
2013-06-10,1370871000,26.22
2013-06-11,1370957400,25.99001
2013-06-12,1371043800,26.02
2013-06-13,1371130200,26.19
2013-06-14,1371216600,26.3
2013-06-17,1371475800,26.36
2013-06-18,1371562200,26.41
2013-06-19,1371648600,26.45
2013-06-20,1371735000,25.59
2013-06-21,1371821400,25.42999
2013-06-24,1372080600,25.32001
2013-06-25,1372167000,25.34
2013-06-26,1372253400,25.27
2013-06-27,1372339800,25.25999
2013-06-28,1372426200,25.13
2013-07-01,1372685400,25.28999
2013-07-02,1372771800,25.39
2013-07-03,1372858200,25.62
2013-07-05,1373031000,25.56
2013-07-08,1373290200,25.69
2013-07-09,1373376600,25.85001
2013-07-10,1373463000,25.92999
2013-07-11,1373549400,26.06
2013-07-12,1373635800,26.16
2013-07-15,1373895000,26.09
2013-07-16,1373981400,26.12
2013-07-17,1374067800,26.10001
2013-07-18,1374154200,26.21001
2013-07-19,1374240600,26.23
2013-07-22,1374499800,26.21001
2013-07-23,1374586200,26.25
2013-07-24,1374672600,26.03999
2013-07-25,1374759000,26.00999
2013-07-26,1374845400,25.85001
2013-07-29,1375104600,25.84
2013-07-30,1375191000,25.75
2013-07-31,1375277400,25.92999
2013-08-01,1375363800,25.99001
2013-08-02,1375450200,25.89
2013-08-05,1375709400,25.75999
2013-08-06,1375795800,25.55
2013-08-07,1375882200,25.38
2013-08-08,1375968600,25.50999
2013-08-09,1376055000,25.69
2013-08-12,1376314200,26
2013-08-13,1376400600,25.99001
2013-08-14,1376487000,26.2
2013-08-15,1376573400,26.45
2013-08-16,1376659800,26.46001
2013-08-19,1376919000,26.42999
2013-08-20,1377005400,26.38
2013-08-21,1377091800,26.35001
2013-08-22,1377178200,26.36
2013-08-23,1377264600,26.57001
2013-08-26,1377523800,26.72
2013-08-27,1377610200,26.98
2013-08-28,1377696600,27.02
2013-08-29,1377783000,26.74001
2013-08-30,1377869400,26.66
2013-09-03,1378215000,26.8
2013-09-04,1378301400,26.57001
2013-09-05,1378387800,26.50999
2013-09-06,1378474200,26.66
2013-09-09,1378733400,26.49001
2013-09-10,1378819800,26.25
2013-09-11,1378906200,26.28999
2013-09-12,1378992600,26.42
2013-09-13,1379079000,26.34
2013-09-16,1379338200,26.00999
2013-09-17,1379424600,25.74001
2013-09-18,1379511000,26.3
2013-09-19,1379597400,26.2
2013-09-20,1379683800,25.96001
2013-09-23,1379943000,25.77
2013-09-24,1380029400,25.75999
2013-09-25,1380115800,25.8
2013-09-26,1380202200,26
2013-09-27,1380288600,25.87
2013-09-30,1380547800,25.75999
2013-10-01,1380634200,25.59
2013-10-02,1380720600,25.84
2013-10-03,1380807000,25.8
2013-10-04,1380893400,25.88
2013-10-07,1381152600,26.06
2013-10-08,1381239000,26.14999
2013-10-09,1381325400,25.96001
2013-10-10,1381411800,26.28999
2013-10-11,1381498200,26.14999
2013-10-14,1381757400,26.14
2013-10-15,1381843800,26.05
2013-10-16,1381930200,26.25
2013-10-17,1382016600,26.11
2013-10-18,1382103000,26.25999
2013-10-21,1382362200,26.2
2013-10-22,1382448600,26.17
2013-10-23,1382535000,25.77
2013-10-24,1382621400,25.77499
2013-10-25,1382707800,25.86
2013-10-28,1382967000,25.96
2013-10-29,1383053400,25.89
2013-10-30,1383139800,25.97
2013-10-31,1383226200,25.75
2013-11-01,1383312600,25.43
2013-11-04,1383575400,25.32
2013-11-05,1383661800,25.25
2013-11-06,1383748200,25.27
2013-11-07,1383834600,25.09
2013-11-08,1383921000,25.23
2013-11-11,1384180200,25.34
2013-11-12,1384266600,25.17
2013-11-13,1384353000,25.28
2013-11-14,1384439400,25.39
2013-11-15,1384525800,25.35
2013-11-18,1384785000,25.18
2013-11-19,1384871400,25.14
2013-11-20,1384957800,25.16
2013-11-21,1385044200,25.48
2013-11-22,1385130600,25.56
2013-11-25,1385389800,25.53
2013-11-26,1385476200,25.52
2013-11-27,1385562600,25.52
2013-11-29,1385735400,25.51
2013-12-02,1385994600,25.48
2013-12-03,1386081000,25.63
2013-12-04,1386167400,25.68
2013-12-05,1386253800,25.65
2013-12-06,1386340200,25.74
2013-12-09,1386599400,25.65
2013-12-10,1386685800,25.73
2013-12-11,1386772200,25.73
2013-12-12,1386858600,25.49
2013-12-13,1386945000,25.39
2013-12-16,1387204200,25.47
2013-12-17,1387290600,25.35
2013-12-18,1387377000,25.4
2013-12-19,1387463400,25.46
2013-12-20,1387549800,25.66
2013-12-23,1387809000,25.66
2013-12-24,1387895400,25.74
2013-12-26,1388068200,25.78
2013-12-27,1388154600,25.85
2013-12-30,1388413800,25.7
2013-12-31,1388500200,25.66
2014-01-02,1388673000,25.29
2014-01-03,1388759400,25.13
2014-01-06,1389018600,25.16
2014-01-07,1389105000,25.14
2014-01-08,1389191400,24.9
2014-01-09,1389277800,24.7
2014-01-10,1389364200,24.86
2014-01-13,1389623400,24.85
2014-01-14,1389709800,24.85
2014-01-15,1389796200,24.92
2014-01-16,1389882600,24.88
2014-01-17,1389969000,24.91
2014-01-21,1390314600,24.97
2014-01-22,1390401000,25.09
2014-01-23,1390487400,25.07
2014-01-24,1390573800,25.08
2014-01-27,1390833000,24.91
2014-01-28,1390919400,25.03
2014-01-29,1391005800,25.01
2014-01-30,1391092200,24.91
2014-01-31,1391178600,24.88
2014-02-03,1391437800,24.88
2014-02-04,1391524200,25.07
2014-02-05,1391610600,25.12
2014-02-06,1391697000,25.22
2014-02-07,1391783400,25.51
2014-02-10,1392042600,25.37
2014-02-11,1392129000,25.5
2014-02-12,1392215400,25.55
2014-02-13,1392301800,25.69
2014-02-14,1392388200,25.78
2014-02-18,1392733800,26.15
2014-02-19,1392820200,26.22
2014-02-20,1392906600,26.27
2014-02-21,1392993000,26.2
2014-02-24,1393252200,26.31
2014-02-25,1393338600,26.19
2014-02-26,1393425000,26.12
2014-02-27,1393511400,26.04
2014-02-28,1393597800,26.13
2014-03-03,1393857000,26.49
2014-03-04,1393943400,26.39
2014-03-05,1394029800,26.17
2014-03-06,1394116200,26.41
2014-03-07,1394202600,26.29
2014-03-10,1394458200,26.07
2014-03-11,1394544600,26.08
2014-03-12,1394631000,26.01
2014-03-13,1394717400,25.89
2014-03-14,1394803800,26.03
2014-03-17,1395063000,25.74
2014-03-18,1395149400,25.87
2014-03-19,1395235800,25.86
2014-03-20,1395322200,25.74
2014-03-21,1395408600,25.76
2014-03-24,1395667800,25.75
2014-03-25,1395754200,25.92
2014-03-26,1395840600,25.9
2014-03-27,1395927000,26.13
2014-03-28,1396013400,26.14
2014-03-31,1396272600,26.12
2014-04-01,1396359000,25.8
2014-04-02,1396445400,25.74
2014-04-03,1396531800,25.95
2014-04-04,1396618200,26.07
2014-04-07,1396877400,26.01
2014-04-08,1396963800,26.31
2014-04-09,1397050200,26.38
2014-04-10,1397136600,26.39
2014-04-11,1397223000,26.27
2014-04-14,1397482200,26.51
2014-04-15,1397568600,26.53
2014-04-16,1397655000,26.58
2014-04-17,1397741400,26.64
2014-04-21,1398087000,26.55
2014-04-22,1398173400,26.54
2014-04-23,1398259800,26.52
2014-04-24,1398346200,26.68
2014-04-25,1398432600,26.57
2014-04-28,1398691800,26.48
2014-04-29,1398778200,26.55
2014-04-30,1398864600,26.41
2014-05-01,1398951000,26.21
2014-05-02,1399037400,26.28
2014-05-05,1399296600,26.22
2014-05-06,1399383000,26.24
2014-05-07,1399469400,26.31
2014-05-08,1399555800,26.23
2014-05-09,1399642200,26.1
2014-05-12,1399901400,26.16
2014-05-13,1399987800,26.28
2014-05-14,1400074200,26.4
2014-05-15,1400160600,26.24
2014-05-16,1400247000,26.27
2014-05-19,1400506200,26.25
2014-05-20,1400592600,26.3
2014-05-21,1400679000,26.35
2014-05-22,1400765400,26.37
2014-05-23,1400851800,26.43
2014-05-27,1401197400,26.21
2014-05-28,1401283800,26.22
2014-05-29,1401370200,26.23
2014-05-30,1401456600,26.03
2014-06-02,1401715800,26
2014-06-03,1401802200,25.98
2014-06-04,1401888600,25.91
2014-06-05,1401975000,25.94
2014-06-06,1402061400,26.05
2014-06-09,1402320600,26.16
2014-06-10,1402407000,26.09
2014-06-11,1402493400,26.02
2014-06-12,1402579800,26.39
2014-06-13,1402666200,26.39
2014-06-16,1402925400,26.47
2014-06-17,1403011800,26.5
2014-06-18,1403098200,26.61
2014-06-19,1403184600,26.87
2014-06-20,1403271000,26.92
2014-06-23,1403530200,26.82
2014-06-24,1403616600,26.86
2014-06-25,1403703000,26.9
2014-06-26,1403789400,26.79
2014-06-27,1403875800,26.74
2014-06-30,1404135000,26.58
2014-07-01,1404221400,26.5
2014-07-02,1404307800,26.45
2014-07-03,1404394200,26.4
2014-07-07,1404739800,26.19
2014-07-08,1404826200,26.12
2014-07-09,1404912600,25.94
2014-07-10,1404999000,25.98
2014-07-11,1405085400,25.75
2014-07-14,1405344600,25.85
2014-07-15,1405431000,25.61
2014-07-16,1405517400,25.65
2014-07-17,1405603800,25.71
2014-07-18,1405690200,25.54
2014-07-21,1405949400,25.66
2014-07-22,1406035800,25.55
2014-07-23,1406122200,25.62
2014-07-24,1406208600,25.59
2014-07-25,1406295000,25.69
2014-07-28,1406554200,25.64
2014-07-29,1406640600,25.56
2014-07-30,1406727000,25.45
2014-07-31,1406813400,25.32
2014-08-01,1406899800,25.12
2014-08-04,1407159000,25.31
2014-08-05,1407245400,25.19
2014-08-06,1407331800,25.35
2014-08-07,1407418200,25.4
2014-08-08,1407504600,25.28
2014-08-11,1407763800,25.32
2014-08-12,1407850200,25.16
2014-08-13,1407936600,25.14
2014-08-14,1408023000,24.84
2014-08-15,1408109400,24.94
2014-08-18,1408368600,24.73
2014-08-19,1408455000,24.78
2014-08-20,1408541400,24.85
2014-08-21,1408627800,24.91
2014-08-22,1408714200,24.87
2014-08-25,1408973400,24.91
2014-08-26,1409059800,24.92
2014-08-27,1409146200,24.96
2014-08-28,1409232600,24.98
2014-08-29,1409319000,25.03
2014-09-02,1409664600,24.67
2014-09-03,1409751000,24.77
2014-09-04,1409837400,24.67
2014-09-05,1409923800,24.63
2014-09-08,1410183000,24.51
2014-09-09,1410269400,24.31
2014-09-10,1410355800,24.14
2014-09-11,1410442200,24.02
2014-09-12,1410528600,23.83
2014-09-15,1410787800,23.86
2014-09-16,1410874200,24.08
2014-09-17,1410960600,23.98
2014-09-18,1411047000,23.75
2014-09-19,1411133400,23.68
2014-09-22,1411392600,23.48
2014-09-23,1411479000,23.48
2014-09-24,1411565400,23.58
2014-09-25,1411651800,23.53
2014-09-26,1411738200,23.49
2014-09-29,1411997400,23.63
2014-09-30,1412083800,23.22
2014-10-01,1412170200,23.14
2014-10-02,1412256600,23.05
2014-10-03,1412343000,22.83
2014-10-06,1412602200,23.12
2014-10-07,1412688600,23.03
2014-10-08,1412775000,22.94
2014-10-09,1412861400,22.67
2014-10-10,1412947800,22.59
2014-10-13,1413207000,22.59
2014-10-14,1413293400,22.25
2014-10-15,1413379800,21.97
2014-10-16,1413466200,22.19
2014-10-17,1413552600,22.27
2014-10-20,1413811800,22.11
2014-10-21,1413898200,22.29
2014-10-22,1413984600,22.04
2014-10-23,1414071000,22.3
2014-10-24,1414157400,22.16
2014-10-27,1414416600,22.1
2014-10-28,1414503000,22.28
2014-10-29,1414589400,22.54
2014-10-30,1414675800,22.35
2014-10-31,1414762200,22.32
2014-11-03,1415025000,22.12
2014-11-04,1415111400,21.8
2014-11-05,1415197800,21.86
2014-11-06,1415284200,21.88
2014-11-07,1415370600,21.98
2014-11-10,1415629800,21.77
2014-11-11,1415716200,21.88
2014-11-12,1415802600,21.81
2014-11-13,1415889000,21.41
2014-11-14,1415975400,21.64
2014-11-17,1416234600,21.55
2014-11-18,1416321000,21.44
2014-11-19,1416407400,21.33
2014-11-20,1416493800,21.51
2014-11-21,1416580200,21.74
2014-11-24,1416839400,21.55
2014-11-25,1416925800,21.45
2014-11-26,1417012200,21.4
2014-11-28,1417185000,20.42
2014-12-01,1417444200,20.84
2014-12-02,1417530600,20.4
2014-12-03,1417617000,20.28
2014-12-04,1417703400,20.22
2014-12-05,1417789800,20.17
2014-12-08,1418049000,19.82
2014-12-09,1418135400,19.96
2014-12-10,1418221800,19.65
2014-12-11,1418308200,19.47
2014-12-12,1418394600,19.31
2014-12-15,1418653800,19
2014-12-16,1418740200,18.89
2014-12-17,1418826600,19
2014-12-18,1418913000,18.94
2014-12-19,1418999400,19.22
2014-12-22,1419258600,18.87
2014-12-23,1419345000,19.06
2014-12-24,1419431400,18.81
2014-12-26,1419604200,18.79
2014-12-29,1419863400,18.61
2014-12-30,1419949800,18.59
2014-12-31,1420036200,18.45
2015-01-02,1420209000,18.23
2015-01-05,1420468200,17.97
2015-01-06,1420554600,17.8
2015-01-07,1420641000,17.69
2015-01-08,1420727400,17.76
2015-01-09,1420813800,17.73
2015-01-12,1421073000,17.34
2015-01-13,1421159400,17.27
2015-01-14,1421245800,17.46
2015-01-15,1421332200,17.22
2015-01-16,1421418600,17.55
2015-01-20,1421764200,17.31
2015-01-21,1421850600,17.42
2015-01-22,1421937000,17.4
2015-01-23,1422023400,17.29
2015-01-26,1422282600,17.23
2015-01-27,1422369000,17.32
2015-01-28,1422455400,17.07
2015-01-29,1422541800,16.99
2015-01-30,1422628200,17.4
2015-02-02,1422887400,17.64
2015-02-03,1422973800,18.13
2015-02-04,1423060200,17.73
2015-02-05,1423146600,17.97
2015-02-06,1423233000,18.02
2015-02-09,1423492200,18.2
2015-02-10,1423578600,17.97
2015-02-11,1423665000,17.83
2015-02-12,1423751400,18.1
2015-02-13,1423837800,18.3
2015-02-17,1424183400,18.31
2015-02-18,1424269800,18.09
2015-02-19,1424356200,18.03
2015-02-20,1424442600,17.96
2015-02-23,1424701800,17.84
2015-02-24,1424788200,17.85
2015-02-25,1424874600,18.12
2015-02-26,1424961000,17.97
2015-02-27,1425047400,18.17
2015-03-02,1425306600,17.91
2015-03-03,1425393000,18.02
2015-03-04,1425479400,17.86
2015-03-05,1425565800,17.79
2015-03-06,1425652200,17.57
2015-03-09,1425907800,17.52
2015-03-10,1425994200,17.29
2015-03-11,1426080600,17.38
2015-03-12,1426167000,17.3
2015-03-13,1426253400,16.95
2015-03-16,1426512600,16.93
2015-03-17,1426599000,16.81
2015-03-18,1426685400,17.27
2015-03-19,1426771800,16.98
2015-03-20,1426858200,17.21
2015-03-23,1427117400,17.41
2015-03-24,1427203800,17.27
2015-03-25,1427290200,17.32
2015-03-26,1427376600,17.53
2015-03-27,1427463000,17.18
2015-03-30,1427722200,17.27
2015-03-31,1427808600,17.07
2015-04-01,1427895000,17.38
2015-04-02,1427981400,17.29
2015-04-06,1428327000,17.51
2015-04-07,1428413400,17.6
2015-04-08,1428499800,17.26
2015-04-09,1428586200,17.26
2015-04-10,1428672600,17.44
2015-04-13,1428931800,17.36
2015-04-14,1429018200,17.44
2015-04-15,1429104600,17.79
2015-04-16,1429191000,17.98
2015-04-17,1429277400,17.94
2015-04-20,1429536600,17.86
2015-04-21,1429623000,17.73
2015-04-22,1429709400,17.79
2015-04-23,1429795800,18.01
2015-04-24,1429882200,18
2015-04-27,1430141400,18
2015-04-28,1430227800,18.03
2015-04-29,1430314200,18.15
2015-04-30,1430400600,18.29
2015-05-01,1430487000,18.27
2015-05-04,1430746200,18.26
2015-05-05,1430832600,18.41
2015-05-06,1430919000,18.41
2015-05-07,1431005400,18.12
2015-05-08,1431091800,18.22
2015-05-11,1431351000,18.14
2015-05-12,1431437400,18.33
2015-05-13,1431523800,18.35
2015-05-14,1431610200,18.46
2015-05-15,1431696600,18.45
2015-05-18,1431955800,18.4
2015-05-19,1432042200,18.01
2015-05-20,1432128600,17.97
2015-05-21,1432215000,18.19
2015-05-22,1432301400,17.99
2015-05-26,1432647000,17.64
2015-05-27,1432733400,17.4
2015-05-28,1432819800,17.49
2015-05-29,1432906200,17.71
2015-06-01,1433165400,17.67
2015-06-02,1433251800,17.88
2015-06-03,1433338200,17.65
2015-06-04,1433424600,17.49
2015-06-05,1433511000,17.57
2015-06-08,1433770200,17.58
2015-06-09,1433856600,17.86
2015-06-10,1433943000,17.93
2015-06-11,1434029400,17.77
2015-06-12,1434115800,17.59
2015-06-15,1434375000,17.51
2015-06-16,1434461400,17.56
2015-06-17,1434547800,17.61
2015-06-18,1434634200,17.61
2015-06-19,1434720600,17.45
2015-06-22,1434979800,17.51
2015-06-23,1435066200,17.72
2015-06-24,1435152600,17.6
2015-06-25,1435239000,17.62
2015-06-26,1435325400,17.7
2015-06-29,1435584600,17.62
2015-06-30,1435671000,18
2015-07-01,1435757400,17.78
2015-07-02,1435843800,17.75
2015-07-06,1436189400,17.17
2015-07-07,1436275800,17.07
2015-07-08,1436362200,16.99
2015-07-09,1436448600,17.19
2015-07-10,1436535000,17.27
2015-07-13,1436794200,17.28
2015-07-14,1436880600,17.22
2015-07-15,1436967000,17.02
2015-07-16,1437053400,16.94
2015-07-17,1437139800,16.85
2015-07-20,1437399000,16.58
2015-07-21,1437485400,16.65
2015-07-22,1437571800,16.41
2015-07-23,1437658200,16.27
2015-07-24,1437744600,16.14
2015-07-27,1438003800,15.83
2015-07-28,1438090200,15.96
2015-07-29,1438176600,16.01
2015-07-30,1438263000,15.95
2015-07-31,1438349400,15.73
2015-08-03,1438608600,15.47
2015-08-04,1438695000,15.56
2015-08-05,1438781400,15.5
2015-08-06,1438867800,15.49
2015-08-07,1438954200,15.43
2015-08-10,1439213400,15.76
2015-08-11,1439299800,15.55
2015-08-12,1439386200,15.5
2015-08-13,1439472600,15.43
2015-08-14,1439559000,15.33
2015-08-17,1439818200,15.27
2015-08-18,1439904600,15.19
2015-08-19,1439991000,15.02
2015-08-20,1440077400,15.06
2015-08-21,1440163800,14.81
2015-08-24,1440423000,14.44
2015-08-25,1440509400,14.5
2015-08-26,1440595800,14.41
2015-08-27,1440682200,14.93
2015-08-28,1440768600,15.32
2015-08-31,1441027800,15.69
2015-09-01,1441114200,15.17
2015-09-02,1441200600,15.3
2015-09-03,1441287000,15.4
2015-09-04,1441373400,15.21
2015-09-08,1441719000,15.32
2015-09-09,1441805400,15.12
2015-09-10,1441891800,15.25
2015-09-11,1441978200,15.23
2015-09-14,1442237400,15.04
2015-09-15,1442323800,15.09
2015-09-16,1442410200,15.34
2015-09-17,1442496600,15.24
2015-09-18,1442583000,15.01
2015-09-21,1442842200,15.18
2015-09-22,1442928600,15.09
2015-09-23,1443015000,14.97
2015-09-24,1443101400,15.06
2015-09-25,1443187800,15.15
2015-09-28,1443447000,14.94
2015-09-29,1443533400,15.04
2015-09-30,1443619800,15.15
2015-10-01,1443706200,15.05
2015-10-02,1443792600,15.15
2015-10-05,1444051800,15.35
2015-10-06,1444138200,15.65
2015-10-07,1444224600,15.62
2015-10-08,1444311000,15.69
2015-10-09,1444397400,15.76
2015-10-12,1444656600,15.51
2015-10-13,1444743000,15.41
2015-10-14,1444829400,15.45
2015-10-15,1444915800,15.41
2015-10-16,1445002200,15.42
2015-10-19,1445261400,15.14
2015-10-20,1445347800,15.17
2015-10-21,1445434200,15.04
2015-10-22,1445520600,15.09
2015-10-23,1445607000,15
2015-10-26,1445866200,14.96
2015-10-27,1445952600,14.89
2015-10-28,1446039000,15.14
2015-10-29,1446125400,15.05
2015-10-30,1446211800,15.2
2015-11-02,1446474600,15.12
2015-11-03,1446561000,15.39
2015-11-04,1446647400,15.13
2015-11-05,1446733800,15.01
2015-11-06,1446820200,14.92
2015-11-09,1447079400,14.79
2015-11-10,1447165800,14.76
2015-11-11,1447252200,14.61
2015-11-12,1447338600,14.4
2015-11-13,1447425000,14.29
2015-11-16,1447684200,14.36
2015-11-17,1447770600,14.14
2015-11-18,1447857000,14.2
2015-11-19,1447943400,14.2
2015-11-20,1448029800,14.18
2015-11-23,1448289000,14.29
2015-11-24,1448375400,14.52
2015-11-25,1448461800,14.5
2015-11-27,1448634600,14.28
2015-11-30,1448893800,14.19
2015-12-01,1448980200,14.35
2015-12-02,1449066600,14.05
2015-12-03,1449153000,14.21
2015-12-04,1449239400,14.19
2015-12-07,1449498600,13.78
2015-12-08,1449585000,13.71
2015-12-09,1449671400,13.72
2015-12-10,1449757800,13.67
2015-12-11,1449844200,13.53
2015-12-14,1450103400,13.44
2015-12-15,1450189800,13.41
2015-12-16,1450276200,13.35
2015-12-17,1450362600,13.21
2015-12-18,1450449000,13.27
2015-12-21,1450708200,13.21
2015-12-22,1450794600,13.15
2015-12-23,1450881000,13.39
2015-12-24,1450967400,13.39
2015-12-28,1451313000,13.2
2015-12-29,1451399400,13.42
2015-12-30,1451485800,13.29
2015-12-31,1451572200,13.36
2016-01-04,1451917800,13.26
2016-01-05,1452004200,13.13
2016-01-06,1452090600,12.92
2016-01-07,1452177000,12.86
2016-01-08,1452263400,12.8
2016-01-11,1452522600,12.45
2016-01-12,1452609000,12.37
2016-01-13,1452695400,12.3
2016-01-14,1452781800,12.33
2016-01-15,1452868200,12.065
2016-01-19,1453213800,11.97
2016-01-20,1453300200,11.88
2016-01-21,1453386600,12.04
2016-01-22,1453473000,12.4
2016-01-25,1453732200,12.13
2016-01-26,1453818600,12.37
2016-01-27,1453905000,12.52
2016-01-28,1453991400,12.66
2016-01-29,1454077800,12.78
2016-02-01,1454337000,12.54
2016-02-02,1454423400,12.32
2016-02-03,1454509800,12.63
2016-02-04,1454596200,12.61
2016-02-05,1454682600,12.53
2016-02-08,1454941800,12.47
2016-02-09,1455028200,12.15
2016-02-10,1455114600,12.17
2016-02-11,1455201000,12.32
2016-02-12,1455287400,12.5
2016-02-16,1455633000,12.36
2016-02-17,1455719400,12.62
2016-02-18,1455805800,12.55
2016-02-19,1455892200,12.44
2016-02-22,1456151400,12.63
2016-02-23,1456237800,12.46
2016-02-24,1456324200,12.62
2016-02-25,1456410600,12.61
2016-02-26,1456497000,12.59
2016-02-29,1456756200,12.75
2016-03-01,1456842600,12.76
2016-03-02,1456929000,12.83
2016-03-03,1457015400,12.9
2016-03-04,1457101800,13.15
2016-03-07,1457361000,13.39
2016-03-08,1457447400,13.21
2016-03-09,1457533800,13.41
2016-03-10,1457620200,13.39
2016-03-11,1457706600,13.44
2016-03-14,1457962200,13.32
2016-03-15,1458048600,13.21
2016-03-16,1458135000,13.44
2016-03-17,1458221400,13.59
2016-03-18,1458307800,13.58
2016-03-21,1458567000,13.62
2016-03-22,1458653400,13.72
2016-03-23,1458739800,13.43
2016-03-24,1458826200,13.35
2016-03-28,1459171800,13.39
2016-03-29,1459258200,13.36
2016-03-30,1459344600,13.31
2016-03-31,1459431000,13.29
2016-04-01,1459517400,13.06
2016-04-04,1459776600,12.88
2016-04-05,1459863000,12.85
2016-04-06,1459949400,12.99
2016-04-07,1460035800,12.95
2016-04-08,1460122200,13.26
2016-04-11,1460381400,13.36
2016-04-12,1460467800,13.65
2016-04-13,1460554200,13.72
2016-04-14,1460640600,13.61
2016-04-15,1460727000,13.56
2016-04-18,1460986200,13.62
2016-04-19,1461072600,13.91
2016-04-20,1461159000,14.18
2016-04-21,1461245400,14.12
2016-04-22,1461331800,14.06
2016-04-25,1461591000,14.05
2016-04-26,1461677400,14.23
2016-04-27,1461763800,14.36
2016-04-28,1461850200,14.44
2016-04-29,1461936600,14.58
2016-05-02,1462195800,14.38
2016-05-03,1462282200,14.16
2016-05-04,1462368600,14.17
2016-05-05,1462455000,14.03
2016-05-06,1462541400,14.12
2016-05-09,1462800600,13.81
2016-05-10,1462887000,14.15
2016-05-11,1462973400,14.48
2016-05-12,1463059800,14.5
2016-05-13,1463146200,14.48
2016-05-16,1463405400,14.64
2016-05-17,1463491800,14.75
2016-05-18,1463578200,14.64
2016-05-19,1463664600,14.6
2016-05-20,1463751000,14.66
2016-05-23,1464010200,14.58
2016-05-24,1464096600,14.58
2016-05-25,1464183000,14.75
2016-05-26,1464269400,14.74
2016-05-27,1464355800,14.8
2016-05-31,1464701400,14.71
2016-06-01,1464787800,14.86
2016-06-02,1464874200,14.89
2016-06-03,1464960600,14.99
2016-06-06,1465219800,15.17
2016-06-07,1465306200,15.32
2016-06-08,1465392600,15.58
2016-06-09,1465479000,15.55
2016-06-10,1465565400,15.36
2016-06-13,1465824600,15.36
2016-06-14,1465911000,15.26
2016-06-15,1465997400,15.18
2016-06-16,1466083800,14.92
2016-06-17,1466170200,15.27
2016-06-20,1466429400,15.41
2016-06-21,1466515800,15.29
2016-06-22,1466602200,15.2
2016-06-23,1466688600,15.32
2016-06-24,1466775000,15.01
2016-06-27,1467034200,14.98
2016-06-28,1467120600,15.22
2016-06-29,1467207000,15.44
2016-06-30,1467293400,15.35
2016-07-01,1467379800,15.54
2016-07-05,1467725400,15.1
2016-07-06,1467811800,15.16
2016-07-07,1467898200,14.73
2016-07-08,1467984600,14.88
2016-07-11,1468243800,14.82
2016-07-12,1468330200,15.1
2016-07-13,1468416600,14.91
2016-07-14,1468503000,14.97
2016-07-15,1468589400,14.93
2016-07-18,1468848600,14.86
2016-07-19,1468935000,14.77
2016-07-20,1469021400,14.67
2016-07-21,1469107800,14.59
2016-07-22,1469194200,14.56
2016-07-25,1469453400,14.4
2016-07-26,1469539800,14.34
2016-07-27,1469626200,14.2
2016-07-28,1469712600,14.16
2016-07-29,1469799000,14.28
2016-08-01,1470058200,14.03
2016-08-02,1470144600,14.01
2016-08-03,1470231000,14.24
2016-08-04,1470317400,14.3
2016-08-05,1470403800,14.36
2016-08-08,1470663000,14.44
2016-08-09,1470749400,14.4
2016-08-10,1470835800,14.23
2016-08-11,1470922200,14.45
2016-08-12,1471008600,14.56
2016-08-15,1471267800,14.8
2016-08-16,1471354200,14.92
2016-08-17,1471440600,14.98
2016-08-18,1471527000,15.17
2016-08-19,1471613400,15.12
2016-08-22,1471872600,14.98
2016-08-23,1471959000,15.04
2016-08-24,1472045400,14.86
2016-08-25,1472131800,14.92
2016-08-26,1472218200,14.87
2016-08-29,1472477400,14.81
2016-08-30,1472563800,14.67
2016-08-31,1472650200,14.39
2016-09-01,1472736600,14.23
2016-09-02,1472823000,14.39
2016-09-06,1473168600,14.49
2016-09-07,1473255000,14.62
2016-09-08,1473341400,14.88
2016-09-09,1473427800,14.65
2016-09-12,1473687000,14.65
2016-09-13,1473773400,14.46
2016-09-14,1473859800,14.35
2016-09-15,1473946200,14.42
2016-09-16,1474032600,14.44
2016-09-19,1474291800,14.43
2016-09-20,1474378200,14.48
2016-09-21,1474464600,14.66
2016-09-22,1474551000,14.74
2016-09-23,1474637400,14.57
2016-09-26,1474896600,14.67
2016-09-27,1474983000,14.53
2016-09-28,1475069400,14.87
2016-09-29,1475155800,14.96
2016-09-30,1475242200,15.01
2016-10-03,1475501400,15.14
2016-10-04,1475587800,15.1
2016-10-05,1475674200,15.19
2016-10-06,1475760600,15.22
2016-10-07,1475847000,15.18
2016-10-10,1476106200,15.35
2016-10-11,1476192600,15.26
2016-10-12,1476279000,15.15
2016-10-13,1476365400,15.25
2016-10-14,1476451800,15.26
2016-10-17,1476711000,15.28
2016-10-18,1476797400,15.31
2016-10-19,1476883800,15.41
2016-10-20,1476970200,15.27
2016-10-21,1477056600,15.33
2016-10-24,1477315800,15.34
2016-10-25,1477402200,15.27
2016-10-26,1477488600,15.17
2016-10-27,1477575000,15.26
2016-10-28,1477661400,15.16
2016-10-31,1477920600,14.96
2016-11-01,1478007000,15.03
2016-11-02,1478093400,14.85
2016-11-03,1478179800,14.8
2016-11-04,1478266200,14.7
2016-11-07,1478529000,14.76
2016-11-08,1478615400,14.74
2016-11-09,1478701800,14.81
2016-11-10,1478788200,14.69
2016-11-11,1478874600,14.41
2016-11-14,1479133800,14.38
2016-11-15,1479220200,14.7
2016-11-16,1479306600,14.52
2016-11-17,1479393000,14.55
2016-11-18,1479479400,14.67
2016-11-21,1479738600,15.08
2016-11-22,1479825000,15.06
2016-11-23,1479911400,15.12
2016-11-25,1480084200,15.01
2016-11-28,1480343400,15.06
2016-11-29,1480429800,14.76
2016-11-30,1480516200,15.21
2016-12-01,1480602600,15.49
2016-12-02,1480689000,15.6
2016-12-05,1480948200,15.68
2016-12-06,1481034600,15.61
2016-12-07,1481121000,15.49
2016-12-08,1481207400,15.52
2016-12-09,1481293800,15.6
2016-12-12,1481553000,15.7
2016-12-13,1481639400,15.74
2016-12-14,1481725800,15.59
2016-12-15,1481812200,15.57
2016-12-16,1481898600,15.64
2016-12-19,1482157800,15.55
2016-12-20,1482244200,15.62
2016-12-21,1482330600,15.53
2016-12-22,1482417000,15.51
2016-12-23,1482503400,15.54
2016-12-27,1482849000,15.78
2016-12-28,1482935400,15.79
2016-12-29,1483021800,15.81
2016-12-30,1483108200,15.84
2017-01-03,1483453800,15.65
2017-01-04,1483540200,15.77
2017-01-05,1483626600,15.85
2017-01-06,1483713000,15.83
2017-01-09,1483972200,15.59
2017-01-10,1484058600,15.52
2017-01-11,1484145000,15.69
2017-01-12,1484231400,15.92
2017-01-13,1484317800,15.89
2017-01-17,1484663400,15.88
2017-01-18,1484749800,15.74
2017-01-19,1484836200,15.69
2017-01-20,1484922600,15.87
2017-01-23,1485181800,15.87
2017-01-24,1485268200,15.91
2017-01-25,1485354600,15.81
2017-01-26,1485441000,15.88
2017-01-27,1485527400,15.75
2017-01-30,1485786600,15.66
2017-01-31,1485873000,15.75
2017-02-01,1485959400,15.92
2017-02-02,1486045800,15.92
2017-02-03,1486132200,15.91
2017-02-06,1486391400,15.81
2017-02-07,1486477800,15.74
2017-02-08,1486564200,15.8
2017-02-09,1486650600,15.88
2017-02-10,1486737000,16.05
2017-02-13,1486996200,15.87
2017-02-14,1487082600,15.89
2017-02-15,1487169000,15.91
2017-02-16,1487255400,15.81
2017-02-17,1487341800,15.78
2017-02-21,1487687400,15.76
2017-02-22,1487773800,15.68
2017-02-23,1487860200,15.73
2017-02-24,1487946600,15.7
2017-02-27,1488205800,15.66
2017-02-28,1488292200,15.72
2017-03-01,1488378600,15.79
2017-03-02,1488465000,15.54
2017-03-03,1488551400,15.62
2017-03-06,1488810600,15.6
2017-03-07,1488897000,15.53
2017-03-08,1488983400,15.18
2017-03-09,1489069800,15.05
2017-03-10,1489156200,14.91
2017-03-13,1489411800,14.89
2017-03-14,1489498200,14.83
2017-03-15,1489584600,14.96
2017-03-16,1489671000,14.94
2017-03-17,1489757400,14.99
2017-03-20,1490016600,14.9817
2017-03-21,1490103000,14.9
2017-03-22,1490189400,14.89
2017-03-23,1490275800,14.86
2017-03-24,1490362200,14.91
2017-03-27,1490621400,14.89
2017-03-28,1490707800,14.98
2017-03-29,1490794200,15.12
2017-03-30,1490880600,15.18
2017-03-31,1490967000,15.21
2017-04-03,1491226200,15.15
2017-04-04,1491312600,15.3
2017-04-05,1491399000,15.33
2017-04-06,1491485400,15.37
2017-04-07,1491571800,15.41
2017-04-10,1491831000,15.53
2017-04-11,1491917400,15.56
2017-04-12,1492003800,15.56
2017-04-13,1492090200,15.61
2017-04-17,1492435800,15.52
2017-04-18,1492522200,15.46
2017-04-19,1492608600,15.19
2017-04-20,1492695000,15.13
2017-04-21,1492781400,14.98
2017-04-24,1493040600,14.93
2017-04-25,1493127000,15
2017-04-26,1493213400,14.92
2017-04-27,1493299800,14.84
2017-04-28,1493386200,14.8
2017-05-01,1493645400,14.83
2017-05-02,1493731800,14.67
2017-05-03,1493818200,14.61
2017-05-04,1493904600,14.26
2017-05-05,1493991000,14.46
2017-05-08,1494250200,14.4
2017-05-09,1494336600,14.33
2017-05-10,1494423000,14.56
2017-05-11,1494509400,14.62
2017-05-12,1494595800,14.62
2017-05-15,1494855000,14.7
2017-05-16,1494941400,14.72
2017-05-17,1495027800,14.82
2017-05-18,1495114200,14.78
2017-05-19,1495200600,15.07
2017-05-22,1495459800,15.17
2017-05-23,1495546200,15.12
2017-05-24,1495632600,15.09
2017-05-25,1495719000,14.76
2017-05-26,1495805400,14.87
2017-05-30,1496151000,14.75
2017-05-31,1496237400,14.59
2017-06-01,1496323800,14.49
2017-06-02,1496410200,14.42
2017-06-05,1496669400,14.34
2017-06-06,1496755800,14.44
2017-06-07,1496842200,14.24
2017-06-08,1496928600,14.24
2017-06-09,1497015000,14.32
2017-06-12,1497274200,14.19
2017-06-13,1497360600,14.25
2017-06-14,1497447000,14
2017-06-15,1497533400,14.06
2017-06-16,1497619800,14.12
2017-06-19,1497879000,14.03
2017-06-20,1497965400,13.89
2017-06-21,1498051800,13.74
2017-06-22,1498138200,13.76
2017-06-23,1498224600,13.82
2017-06-26,1498483800,13.85
2017-06-27,1498570200,14.01
2017-06-28,1498656600,14.1
2017-06-29,1498743000,14.16
2017-06-30,1498829400,14.45
2017-07-03,1499088600,14.6
2017-07-05,1499261400,14.38
2017-07-06,1499347800,14.39
2017-07-07,1499434200,14.25
2017-07-10,1499693400,14.31
2017-07-11,1499779800,14.45
2017-07-12,1499866200,14.38
2017-07-13,1499952600,14.37
2017-07-14,1500039000,14.53
2017-07-17,1500298200,14.48
2017-07-18,1500384600,14.54
2017-07-19,1500471000,14.67
2017-07-20,1500557400,14.65
2017-07-21,1500643800,14.45
2017-07-24,1500903000,14.48
2017-07-25,1500989400,14.64
2017-07-26,1501075800,14.78
2017-07-27,1501162200,14.87
2017-07-28,1501248600,14.95
2017-07-31,1501507800,15.04
2017-08-01,1501594200,14.87
2017-08-02,1501680600,14.9
2017-08-03,1501767000,14.79
2017-08-04,1501853400,14.82
2017-08-07,1502112600,14.85
2017-08-08,1502199000,14.86
2017-08-09,1502285400,14.96
2017-08-10,1502371800,14.73
2017-08-11,1502458200,14.78
2017-08-14,1502717400,14.65
2017-08-15,1502803800,14.58
2017-08-16,1502890200,14.54
2017-08-17,1502976600,14.58
2017-08-18,1503063000,14.84
2017-08-21,1503322200,14.66
2017-08-22,1503408600,14.7
2017-08-23,1503495000,14.83
2017-08-24,1503581400,14.82
2017-08-25,1503667800,14.79
2017-08-28,1503927000,14.8
2017-08-29,1504013400,14.8
2017-08-30,1504099800,14.69
2017-08-31,1504186200,15.1
2017-09-01,1504272600,15.12
2017-09-05,1504618200,15.15
2017-09-06,1504704600,15.3
2017-09-07,1504791000,15.29
2017-09-08,1504877400,15.12
2017-09-11,1505136600,15.15
2017-09-12,1505223000,15.19
2017-09-13,1505309400,15.26
2017-09-14,1505395800,15.27
2017-09-15,1505482200,15.34
2017-09-18,1505741400,15.32
2017-09-19,1505827800,15.29
2017-09-20,1505914200,15.42
2017-09-21,1506000600,15.36
2017-09-22,1506087000,15.42
2017-09-25,1506346200,15.68
2017-09-26,1506432600,15.54
2017-09-27,1506519000,15.48
2017-09-28,1506605400,15.48
2017-09-29,1506691800,15.4
2017-10-02,1506951000,15.27
2017-10-03,1507037400,15.28
2017-10-04,1507123800,15.3
2017-10-05,1507210200,15.47
2017-10-06,1507296600,15.23
2017-10-09,1507555800,15.24
2017-10-10,1507642200,15.42
2017-10-11,1507728600,15.45
2017-10-12,1507815000,15.43
2017-10-13,1507901400,15.58
2017-10-16,1508160600,15.62
2017-10-17,1508247000,15.6
2017-10-18,1508333400,15.59
2017-10-19,1508419800,15.52
2017-10-20,1508506200,15.6
2017-10-23,1508765400,15.6
2017-10-24,1508851800,15.76
2017-10-25,1508938200,15.78
2017-10-26,1509024600,15.85
2017-10-27,1509111000,15.93
2017-10-30,1509370200,15.97
2017-10-31,1509456600,16.01
2017-11-01,1509543000,16.02
2017-11-02,1509629400,16.12
2017-11-03,1509715800,16.22
2017-11-06,1509978600,16.53
2017-11-07,1510065000,16.43
2017-11-08,1510151400,16.4
2017-11-09,1510237800,16.43
2017-11-10,1510324200,16.4
2017-11-13,1510583400,16.35
2017-11-14,1510669800,16.13
2017-11-15,1510756200,16.11
2017-11-16,1510842600,16.06
2017-11-17,1510929000,16.32
2017-11-20,1511188200,16.19
2017-11-21,1511274600,16.3
2017-11-22,1511361000,16.39
2017-11-24,1511533800,16.44
2017-11-27,1511793000,16.41
2017-11-28,1511879400,16.34
2017-11-29,1511965800,16.23
2017-11-30,1512052200,16.16
2017-12-01,1512138600,16.3
2017-12-04,1512397800,16.1
2017-12-05,1512484200,16.1
2017-12-06,1512570600,15.83
2017-12-07,1512657000,15.88
2017-12-08,1512743400,15.96
2017-12-11,1513002600,16
2017-12-12,1513089000,15.86
2017-12-13,1513175400,15.79
2017-12-14,1513261800,15.84
2017-12-15,1513348200,15.84
2017-12-18,1513607400,15.91
2017-12-19,1513693800,16.03
2017-12-20,1513780200,16.12
2017-12-21,1513866600,16.13
2017-12-22,1513953000,16.2
2017-12-26,1514298600,16.44
2017-12-27,1514385000,16.48
2017-12-28,1514471400,16.56
2017-12-29,1514557800,16.61
2018-01-02,1514903400,16.69
2018-01-03,1514989800,16.79
2018-01-04,1515076200,16.77
2018-01-05,1515162600,16.71
2018-01-08,1515421800,16.7
2018-01-09,1515508200,16.81
2018-01-10,1515594600,16.87
2018-01-11,1515681000,16.86
2018-01-12,1515767400,16.97
2018-01-16,1516113000,16.89
2018-01-17,1516199400,16.91
2018-01-18,1516285800,16.91
2018-01-19,1516372200,16.88
2018-01-22,1516631400,16.92
2018-01-23,1516717800,17.04
2018-01-24,1516804200,17.22
2018-01-25,1516890600,17.12
2018-01-26,1516977000,17.25
2018-01-29,1517236200,17.2
2018-01-30,1517322600,17.08
2018-01-31,1517409000,17.1
2018-02-01,1517495400,17.27
2018-02-02,1517581800,16.99
2018-02-05,1517841000,16.83
2018-02-06,1517927400,16.73
2018-02-07,1518013800,16.54
2018-02-08,1518100200,16.37
2018-02-09,1518186600,16.13
2018-02-12,1518445800,16.23
2018-02-13,1518532200,16.26
2018-02-14,1518618600,16.51
2018-02-15,1518705000,16.54
2018-02-16,1518791400,16.57
2018-02-20,1519137000,16.62
2018-02-21,1519223400,16.6
2018-02-22,1519309800,16.75
2018-02-23,1519396200,16.86
2018-02-26,1519655400,16.95
2018-02-27,1519741800,16.78
2018-02-28,1519828200,16.6
2018-03-01,1519914600,16.63
2018-03-02,1520001000,16.63
2018-03-05,1520260200,16.73
2018-03-06,1520346600,16.79
2018-03-07,1520433000,16.61
2018-03-08,1520519400,16.51
2018-03-09,1520605800,16.67
2018-03-12,1520861400,16.64
2018-03-13,1520947800,16.59
2018-03-14,1521034200,16.59
2018-03-15,1521120600,16.58
2018-03-16,1521207000,16.64
2018-03-19,1521466200,16.53
2018-03-20,1521552600,16.64
2018-03-21,1521639000,16.94
2018-03-22,1521725400,16.81
2018-03-23,1521811800,16.96
2018-03-26,1522071000,16.97
2018-03-27,1522157400,16.9
2018-03-28,1522243800,16.83
2018-03-29,1522330200,16.98
2018-04-02,1522675800,16.75
2018-04-03,1522762200,16.84
2018-04-04,1522848600,16.77
2018-04-05,1522935000,16.85
2018-04-06,1523021400,16.73
2018-04-09,1523280600,16.94
2018-04-10,1523367000,17.23
2018-04-11,1523453400,17.36
2018-04-12,1523539800,17.29
2018-04-13,1523626200,17.3
2018-04-16,1523885400,17.24
2018-04-17,1523971800,17.25
2018-04-18,1524058200,17.57
2018-04-19,1524144600,17.5
2018-04-20,1524231000,17.47
2018-04-23,1524490200,17.46
2018-04-24,1524576600,17.37
2018-04-25,1524663000,17.4
2018-04-26,1524749400,17.49
2018-04-27,1524835800,17.48
2018-04-30,1525095000,17.56
2018-05-01,1525181400,17.46
2018-05-02,1525267800,17.46
2018-05-03,1525354200,17.57
2018-05-04,1525440600,17.69
2018-05-07,1525699800,17.68
2018-05-08,1525786200,17.73
2018-05-09,1525872600,17.89
2018-05-10,1525959000,17.98
2018-05-11,1526045400,17.87
2018-05-14,1526304600,18
2018-05-15,1526391000,18.02
2018-05-16,1526477400,18.12
2018-05-17,1526563800,18.14
2018-05-18,1526650200,18.15
2018-05-21,1526909400,18.29
2018-05-22,1526995800,18.31
2018-05-23,1527082200,18.41
2018-05-24,1527168600,18.29
2018-05-25,1527255000,18.02
2018-05-29,1527600600,17.85
2018-05-30,1527687000,18.08
2018-05-31,1527773400,18.03
2018-06-01,1527859800,17.91
2018-06-04,1528119000,17.7
2018-06-05,1528205400,17.73
2018-06-06,1528291800,17.79
2018-06-07,1528378200,17.86
2018-06-08,1528464600,17.85
2018-06-11,1528723800,17.84
2018-06-12,1528810200,17.83
2018-06-13,1528896600,17.9
2018-06-14,1528983000,17.7
2018-06-15,1529069400,17.27
2018-06-18,1529328600,17.42
2018-06-19,1529415000,17.24
2018-06-20,1529501400,17.22
2018-06-21,1529587800,17.09
2018-06-22,1529674200,17.43
2018-06-25,1529933400,17.23
2018-06-26,1530019800,17.4
2018-06-27,1530106200,17.49
2018-06-28,1530192600,17.48
2018-06-29,1530279000,17.68
2018-07-02,1530538200,17.31
2018-07-03,1530624600,17.29
2018-07-05,1530797400,17.39
2018-07-06,1530883800,17.47
2018-07-09,1531143000,17.56
2018-07-10,1531229400,17.52
2018-07-11,1531315800,16.91
2018-07-12,1531402200,17
2018-07-13,1531488600,17.03
2018-07-16,1531747800,16.67
2018-07-17,1531834200,16.69
2018-07-18,1531920600,16.84
2018-07-19,1532007000,16.82
2018-07-20,1532093400,16.94
2018-07-23,1532352600,17
2018-07-24,1532439000,17.09
2018-07-25,1532525400,17.32
2018-07-26,1532611800,17.32
2018-07-27,1532698200,17.25
2018-07-30,1532957400,17.35
2018-07-31,1533043800,17.25
2018-08-01,1533130200,17
2018-08-02,1533216600,17.1
2018-08-03,1533303000,17.16
2018-08-06,1533562200,17.19
2018-08-07,1533648600,17.32
2018-08-08,1533735000,17.11
2018-08-09,1533821400,17.04
2018-08-10,1533907800,17.04
2018-08-13,1534167000,16.95
2018-08-14,1534253400,16.98
2018-08-15,1534339800,16.61
2018-08-16,1534426200,16.74
2018-08-17,1534512600,16.81
2018-08-20,1534771800,16.84
2018-08-21,1534858200,16.87
2018-08-22,1534944600,17.11
2018-08-23,1535031000,17.08
2018-08-24,1535117400,17.21
2018-08-27,1535376600,17.27
2018-08-28,1535463000,17.2
2018-08-29,1535549400,17.39
2018-08-30,1535635800,17.36
2018-08-31,1535722200,17.38
2018-09-04,1536067800,17.28
2018-09-05,1536154200,17.21
2018-09-06,1536240600,17.11
2018-09-07,1536327000,17.15
2018-09-10,1536586200,17.21
2018-09-11,1536672600,17.38
2018-09-12,1536759000,17.5
2018-09-13,1536845400,17.31
2018-09-14,1536931800,17.2
2018-09-17,1537191000,17.18
2018-09-18,1537277400,17.34
2018-09-19,1537363800,17.45
2018-09-20,1537450200,17.45
2018-09-21,1537536600,17.49
2018-09-24,1537795800,17.75
2018-09-25,1537882200,17.79
2018-09-26,1537968600,17.71
2018-09-27,1538055000,17.79
2018-09-28,1538141400,17.97
2018-10-01,1538400600,18.31
2018-10-02,1538487000,18.37
2018-10-03,1538573400,18.54
2018-10-04,1538659800,18.34
2018-10-05,1538746200,18.3
2018-10-08,1539005400,18.25
2018-10-09,1539091800,18.38
2018-10-10,1539178200,18.02
2018-10-11,1539264600,17.75
2018-10-12,1539351000,17.89
2018-10-15,1539610200,17.93
2018-10-16,1539696600,18.01
2018-10-17,1539783000,17.85
2018-10-18,1539869400,17.65
2018-10-19,1539955800,17.75
2018-10-22,1540215000,17.77
2018-10-23,1540301400,17.38
2018-10-24,1540387800,17.26
2018-10-25,1540474200,17.33
2018-10-26,1540560600,17.46
2018-10-29,1540819800,17.28
2018-10-30,1540906200,17.19
2018-10-31,1540992600,16.96
2018-11-01,1541079000,16.84
2018-11-02,1541165400,16.8
2018-11-05,1541428200,16.79
2018-11-06,1541514600,16.72
2018-11-07,1541601000,16.68
2018-11-08,1541687400,16.58
2018-11-09,1541773800,16.4
2018-11-12,1542033000,16.36
2018-11-13,1542119400,15.91
2018-11-14,1542205800,16.05
2018-11-15,1542292200,16.02
2018-11-16,1542378600,16.12
2018-11-19,1542637800,16.12
2018-11-20,1542724200,15.63
2018-11-21,1542810600,15.76
2018-11-23,1542983400,15.3
2018-11-26,1543242600,15.37
2018-11-27,1543329000,15.31
2018-11-28,1543415400,15.26
2018-11-29,1543501800,15.36
2018-11-30,1543588200,15.29
2018-12-03,1543847400,15.64
2018-12-04,1543933800,15.65
2018-12-06,1544106600,15.52
2018-12-07,1544193000,15.7
2018-12-10,1544452200,15.45
2018-12-11,1544538600,15.54
2018-12-12,1544625000,15.49
2018-12-13,1544711400,15.69
2018-12-14,1544797800,15.45
2018-12-17,1545057000,15.27
2018-12-18,1545143400,14.95
2018-12-19,1545229800,15.01
2018-12-20,1545316200,14.87
2018-12-21,1545402600,14.74
2018-12-24,1545661800,14.39
2018-12-26,1545834600,14.71
2018-12-27,1545921000,14.57
2018-12-28,1546007400,14.45
2018-12-31,1546266600,14.49
2019-01-02,1546439400,14.53
2019-01-03,1546525800,14.65
2019-01-04,1546612200,14.85
2019-01-07,1546871400,14.96
2019-01-08,1546957800,15.11
2019-01-09,1547044200,15.41
2019-01-10,1547130600,15.37
2019-01-11,1547217000,15.32
2019-01-14,1547476200,15.19
2019-01-15,1547562600,15.31
2019-01-16,1547649000,15.39
2019-01-17,1547735400,15.4
2019-01-18,1547821800,15.56
2019-01-22,1548167400,15.45
2019-01-23,1548253800,15.43
2019-01-24,1548340200,15.47
2019-01-25,1548426600,15.55
2019-01-28,1548685800,15.34
2019-01-29,1548772200,15.49
2019-01-30,1548858600,15.6
2019-01-31,1548945000,15.52
2019-02-01,1549031400,15.66
2019-02-04,1549290600,15.67
2019-02-05,1549377000,15.6
2019-02-06,1549463400,15.62
2019-02-07,1549549800,15.47
2019-02-08,1549636200,15.49
2019-02-11,1549895400,15.4
2019-02-12,1549981800,15.49
2019-02-13,1550068200,15.58
2019-02-14,1550154600,15.62
2019-02-15,1550241000,15.91
2019-02-19,1550586600,15.95
2019-02-20,1550673000,16
2019-02-21,1550759400,16.05
2019-02-22,1550845800,16.09
2019-02-25,1551105000,15.85
2019-02-26,1551191400,15.92
2019-02-27,1551277800,16
2019-02-28,1551364200,15.96
2019-03-01,1551450600,15.78
2019-03-04,1551709800,15.83
2019-03-05,1551796200,15.91
2019-03-06,1551882600,15.82
2019-03-07,1551969000,15.78
2019-03-08,1552055400,15.77
2019-03-11,1552311000,15.79
2019-03-12,1552397400,15.89
2019-03-13,1552483800,15.99
2019-03-14,1552570200,15.92
2019-03-15,1552656600,15.92
2019-03-18,1552915800,16
2019-03-19,1553002200,16.04
2019-03-20,1553088600,16.16
2019-03-21,1553175000,16.08
2019-03-22,1553261400,15.94
2019-03-25,1553520600,16
2019-03-26,1553607000,16.03
2019-03-27,1553693400,15.94
2019-03-28,1553779800,15.89
2019-03-29,1553866200,15.9
2019-04-01,1554125400,16.05
2019-04-02,1554211800,16.09
2019-04-03,1554298200,16.11
2019-04-04,1554384600,16.12
2019-04-05,1554471000,16.17
2019-04-08,1554730200,16.23
2019-04-09,1554816600,16.2
2019-04-10,1554903000,16.34
2019-04-11,1554989400,16.26
2019-04-12,1555075800,16.31
2019-04-15,1555335000,16.28
2019-04-16,1555421400,16.22
2019-04-17,1555507800,16.16
2019-04-18,1555594200,16.21
2019-04-22,1555939800,16.29
2019-04-23,1556026200,16.31
2019-04-24,1556112600,16.25
2019-04-25,1556199000,16.22
2019-04-26,1556285400,16.03
2019-04-29,1556544600,16.04
2019-04-30,1556631000,16.09
2019-05-01,1556717400,16.04
2019-05-02,1556803800,15.86
2019-05-03,1556890200,15.87
2019-05-06,1557149400,15.92
2019-05-07,1557235800,15.72
2019-05-08,1557322200,15.74
2019-05-09,1557408600,15.66
2019-05-10,1557495000,15.69
2019-05-13,1557754200,15.61
2019-05-14,1557840600,15.82
2019-05-15,1557927000,15.96
2019-05-16,1558013400,16.05
2019-05-17,1558099800,15.9
2019-05-20,1558359000,15.97
2019-05-21,1558445400,15.98
2019-05-22,1558531800,15.75
2019-05-23,1558618200,15.42
2019-05-24,1558704600,15.63
2019-05-28,1559050200,15.76
2019-05-29,1559136600,15.7
2019-05-30,1559223000,15.54
2019-05-31,1559309400,15.13
2019-06-03,1559568600,15.08
2019-06-04,1559655000,15.17
2019-06-05,1559741400,14.86
2019-06-06,1559827800,15.12
2019-06-07,1559914200,15.17
2019-06-10,1560173400,15.13
2019-06-11,1560259800,15.23
2019-06-12,1560346200,15.02
2019-06-13,1560432600,15.21
2019-06-14,1560519000,15.27
2019-06-17,1560778200,15.2
2019-06-18,1560864600,15.38
2019-06-19,1560951000,15.35
2019-06-20,1561037400,15.66
2019-06-21,1561123800,15.7
2019-06-24,1561383000,15.77
2019-06-25,1561469400,15.82
2019-06-26,1561555800,15.9
2019-06-27,1561642200,15.9
2019-06-28,1561728600,15.73
2019-07-01,1561987800,15.72
2019-07-02,1562074200,15.46
2019-07-03,1562160600,15.61
2019-07-05,1562333400,15.64
2019-07-08,1562592600,15.62
2019-07-09,1562679000,15.67
2019-07-10,1562765400,16.01
2019-07-11,1562851800,16.02
2019-07-12,1562938200,16.06
2019-07-15,1563197400,15.89
2019-07-16,1563283800,15.72
2019-07-17,1563370200,15.58
2019-07-18,1563456600,15.47
2019-07-19,1563543000,15.56
2019-07-22,1563802200,15.51
2019-07-23,1563888600,15.61
2019-07-24,1563975000,15.54
2019-07-25,1564061400,15.48
2019-07-26,1564147800,15.5
2019-07-29,1564407000,15.56
2019-07-30,1564493400,15.65
2019-07-31,1564579800,15.55
2019-08-01,1564666200,15.12
2019-08-02,1564752600,15.14
2019-08-05,1565011800,15.01
2019-08-06,1565098200,14.93
2019-08-07,1565184600,14.74
2019-08-08,1565271000,14.82
2019-08-09,1565357400,14.95
2019-08-12,1565616600,14.84
2019-08-13,1565703000,15.19
2019-08-14,1565789400,14.96
2019-08-15,1565875800,14.84
2019-08-16,1565962200,14.83
2019-08-19,1566221400,14.9
2019-08-20,1566307800,14.94
2019-08-21,1566394200,14.99
2019-08-22,1566480600,14.92
2019-08-23,1566567000,14.81
2019-08-26,1566826200,14.8
2019-08-27,1566912600,14.9
2019-08-28,1566999000,15.03
2019-08-29,1567085400,15.07
2019-08-30,1567171800,14.83
2019-09-03,1567517400,14.75
2019-09-04,1567603800,15.1
2019-09-05,1567690200,15.08
2019-09-06,1567776600,15.12
2019-09-09,1568035800,15.26
2019-09-10,1568122200,15.28
2019-09-11,1568208600,15.17
2019-09-12,1568295000,15.11
2019-09-13,1568381400,15.11
2019-09-16,1568640600,15.78
2019-09-17,1568727000,15.48
2019-09-18,1568813400,15.38
2019-09-19,1568899800,15.46
2019-09-20,1568986200,15.48
2019-09-23,1569245400,15.52
2019-09-24,1569331800,15.34
2019-09-25,1569418200,15.25
2019-09-26,1569504600,15.25
2019-09-27,1569591000,15.19
2019-09-30,1569850200,15.04
2019-10-01,1569936600,15.03
2019-10-02,1570023000,14.9
2019-10-03,1570109400,14.88
2019-10-04,1570195800,15
2019-10-07,1570455000,14.98
2019-10-08,1570541400,14.97
2019-10-09,1570627800,15.01
2019-10-10,1570714200,15.11
2019-10-11,1570800600,15.29
2019-10-14,1571059800,15.22
2019-10-15,1571146200,15.18
2019-10-16,1571232600,15.2
2019-10-17,1571319000,15.26
2019-10-18,1571405400,15.25
2019-10-21,1571664600,15.23
2019-10-22,1571751000,15.25
2019-10-23,1571837400,15.44
2019-10-24,1571923800,15.52
2019-10-25,1572010200,15.61
2019-10-28,1572269400,15.55
2019-10-29,1572355800,15.52
2019-10-30,1572442200,15.42
2019-10-31,1572528600,15.33
2019-11-01,1572615000,15.61
2019-11-04,1572877800,15.71
2019-11-05,1572964200,15.75
2019-11-06,1573050600,15.58
2019-11-07,1573137000,15.57
2019-11-08,1573223400,15.61
2019-11-11,1573482600,15.51
2019-11-12,1573569000,15.52
2019-11-13,1573655400,15.55
2019-11-14,1573741800,15.5
2019-11-15,1573828200,15.58
2019-11-18,1574087400,15.42
2019-11-19,1574173800,15.28
2019-11-20,1574260200,15.48
2019-11-21,1574346600,15.62
2019-11-22,1574433000,15.61
2019-11-25,1574692200,15.61
2019-11-26,1574778600,15.7
2019-11-27,1574865000,15.62
2019-11-29,1575037800,15.31
2019-12-02,1575297000,15.29
2019-12-03,1575383400,15.3
2019-12-04,1575469800,15.54
2019-12-05,1575556200,15.57
2019-12-06,1575642600,15.67
2019-12-09,1575901800,15.65
2019-12-10,1575988200,15.72
2019-12-11,1576074600,15.65
2019-12-12,1576161000,15.79
2019-12-13,1576247400,15.87
2019-12-16,1576506600,15.98
2019-12-17,1576593000,16.05
2019-12-18,1576679400,16.06
2019-12-19,1576765800,16.13
2019-12-20,1576852200,16.11
2019-12-23,1577111400,15.86
2019-12-24,1577197800,15.93
2019-12-26,1577370600,16.05
2019-12-27,1577457000,16.08
2019-12-30,1577716200,16.05
2019-12-31,1577802600,15.95
2020-01-02,1577975400,15.97
2020-01-03,1578061800,16.16
2020-01-06,1578321000,16.19
2020-01-07,1578407400,16.18
2020-01-08,1578493800,15.94
2020-01-09,1578580200,15.87
2020-01-10,1578666600,15.87
2020-01-13,1578925800,15.75
2020-01-14,1579012200,15.82
2020-01-15,1579098600,15.74
2020-01-16,1579185000,15.72
2020-01-17,1579271400,15.77
2020-01-21,1579617000,15.68
2020-01-22,1579703400,15.47
2020-01-23,1579789800,15.34
2020-01-24,1579876200,15.11
2020-01-27,1580135400,14.83
2020-01-28,1580221800,14.9
2020-01-29,1580308200,14.83
2020-01-30,1580394600,14.7
2020-01-31,1580481000,14.58
2020-02-03,1580740200,14.31
2020-02-04,1580826600,14.33
2020-02-05,1580913000,14.55
2020-02-06,1580999400,14.61
2020-02-07,1581085800,14.53
2020-02-10,1581345000,14.4
2020-02-11,1581431400,14.45
2020-02-12,1581517800,14.65
2020-02-13,1581604200,14.66
2020-02-14,1581690600,14.65
2020-02-18,1582036200,14.76
2020-02-19,1582122600,14.9
2020-02-20,1582209000,14.84
2020-02-21,1582295400,14.78
2020-02-24,1582554600,14.5
2020-02-25,1582641000,14.23
2020-02-26,1582727400,14.09
2020-02-27,1582813800,13.85
2020-02-28,1582900200,13.61
2020-03-02,1583159400,13.92
2020-03-03,1583245800,13.95
2020-03-04,1583332200,13.96
2020-03-05,1583418600,13.81
2020-03-06,1583505000,13.36
2020-03-09,1583760600,12.32
2020-03-10,1583847000,12.71
2020-03-11,1583933400,12.48
2020-03-12,1584019800,11.98
2020-03-13,1584106200,12.11
2020-03-16,1584365400,11.38
2020-03-17,1584451800,11.2
2020-03-18,1584538200,10.83
2020-03-19,1584624600,11.06
2020-03-20,1584711000,10.94
2020-03-23,1584970200,11.07
2020-03-24,1585056600,11.31
2020-03-25,1585143000,11.5
2020-03-26,1585229400,11.46
2020-03-27,1585315800,11.42
2020-03-30,1585575000,11.39
2020-03-31,1585661400,11.25
2020-04-01,1585747800,10.93
2020-04-02,1585834200,11.14
2020-04-03,1585920600,11.42
2020-04-06,1586179800,11.48
2020-04-07,1586266200,11.56
2020-04-08,1586352600,11.53
2020-04-09,1586439000,11.56
2020-04-13,1586784600,11.76
2020-04-14,1586871000,11.66
2020-04-15,1586957400,11.42
2020-04-16,1587043800,11.39
2020-04-17,1587130200,11.44
2020-04-20,1587389400,11.25
2020-04-21,1587475800,10.72
2020-04-22,1587562200,10.87
2020-04-23,1587648600,10.84
2020-04-24,1587735000,10.7
2020-04-27,1587994200,10.5
2020-04-28,1588080600,10.51
2020-04-29,1588167000,10.7
2020-04-30,1588253400,10.9
2020-05-01,1588339800,10.76
2020-05-04,1588599000,10.89
2020-05-05,1588685400,11.17
2020-05-06,1588771800,10.95
2020-05-07,1588858200,11.02
2020-05-08,1588944600,11.25
2020-05-11,1589203800,11.1
2020-05-12,1589290200,11.01
2020-05-13,1589376600,10.9
2020-05-14,1589463000,11.09
2020-05-15,1589549400,11.2
2020-05-18,1589808600,11.52
2020-05-19,1589895000,11.49
2020-05-20,1589981400,11.69
2020-05-21,1590067800,11.64
2020-05-22,1590154200,11.55
2020-05-26,1590499800,11.67
2020-05-27,1590586200,11.52
2020-05-28,1590672600,11.58
2020-05-29,1590759000,11.78
2020-06-01,1591018200,11.85
2020-06-02,1591104600,11.98
2020-06-03,1591191000,11.98
2020-06-04,1591277400,12.08
2020-06-05,1591363800,12.32
2020-06-08,1591623000,12.24
2020-06-09,1591709400,12.28
2020-06-10,1591795800,12.36
2020-06-11,1591882200,11.96
2020-06-12,1591968600,12.01
2020-06-15,1592227800,12.12
2020-06-16,1592314200,12.22
2020-06-17,1592400600,12.16
2020-06-18,1592487000,12.23
2020-06-19,1592573400,12.33
2020-06-22,1592832600,12.46
2020-06-23,1592919000,12.4
2020-06-24,1593005400,12.09
2020-06-25,1593091800,12.2
2020-06-26,1593178200,12.05
2020-06-29,1593437400,12.25
2020-06-30,1593523800,12.31
2020-07-01,1593610200,12.41
2020-07-02,1593696600,12.46
2020-07-06,1594042200,12.56
2020-07-07,1594128600,12.57
2020-07-08,1594215000,12.73
2020-07-09,1594301400,12.58
2020-07-10,1594387800,12.66
2020-07-13,1594647000,12.53
2020-07-14,1594733400,12.59
2020-07-15,1594819800,12.74
2020-07-16,1594906200,12.64
2020-07-17,1594992600,12.66
2020-07-20,1595251800,12.65
2020-07-21,1595338200,12.83
2020-07-22,1595424600,12.91
2020-07-23,1595511000,12.88
2020-07-24,1595597400,12.9
2020-07-27,1595856600,13.02
2020-07-28,1595943000,12.95
2020-07-29,1596029400,13.02
2020-07-30,1596115800,12.87
2020-07-31,1596202200,12.94
2020-08-03,1596461400,13.07
2020-08-04,1596547800,13.14
2020-08-05,1596634200,13.25
2020-08-06,1596720600,13.35
2020-08-07,1596807000,13.17
2020-08-10,1597066200,13.24
2020-08-11,1597152600,13.03
2020-08-12,1597239000,13.17
2020-08-13,1597325400,13.24
2020-08-14,1597411800,13.24
2020-08-17,1597671000,13.46
2020-08-18,1597757400,13.49
2020-08-19,1597843800,13.45
2020-08-20,1597930200,13.43
2020-08-21,1598016600,13.3
2020-08-24,1598275800,13.37
2020-08-25,1598362200,13.48
2020-08-26,1598448600,13.51
2020-08-27,1598535000,13.46
2020-08-28,1598621400,13.55
2020-08-31,1598880600,13.54
2020-09-01,1598967000,13.56
2020-09-02,1599053400,13.38
2020-09-03,1599139800,13.26
2020-09-04,1599226200,13.14
2020-09-08,1599571800,12.82
2020-09-09,1599658200,12.94
2020-09-10,1599744600,12.81
2020-09-11,1599831000,12.9
2020-09-14,1600090200,12.91
2020-09-15,1600176600,12.98
2020-09-16,1600263000,13.22
2020-09-17,1600349400,13.37
2020-09-18,1600435800,13.43
2020-09-21,1600695000,13.1
2020-09-22,1600781400,13.04
2020-09-23,1600867800,12.89
2020-09-24,1600954200,12.95
2020-09-25,1601040600,12.95
2020-09-28,1601299800,13.06
2020-09-29,1601386200,12.91
2020-09-30,1601472600,13.06
2020-10-01,1601559000,12.9
2020-10-02,1601645400,12.74
2020-10-05,1601904600,13.07
2020-10-06,1601991000,13.12
2020-10-07,1602077400,13.17
2020-10-08,1602163800,13.3
2020-10-09,1602250200,13.34
2020-10-12,1602509400,13.2
2020-10-13,1602595800,13.23
2020-10-14,1602682200,13.32
2020-10-15,1602768600,13.36
2020-10-16,1602855000,13.27
2020-10-19,1603114200,13.28
2020-10-20,1603200600,13.43
2020-10-21,1603287000,13.32
2020-10-22,1603373400,13.36
2020-10-23,1603459800,13.26
2020-10-26,1603719000,13.07
2020-10-27,1603805400,13.16
2020-10-28,1603891800,12.81
2020-10-29,1603978200,12.65
2020-10-30,1604064600,12.65
2020-11-02,1604327400,12.88
2020-11-03,1604413800,12.96
2020-11-04,1604500200,13.1
2020-11-05,1604586600,13.16
2020-11-06,1604673000,13.11
2020-11-09,1604932200,13.27
2020-11-10,1605018600,13.53
2020-11-11,1605105000,13.52
2020-11-12,1605191400,13.41
2020-11-13,1605277800,13.35
2020-11-16,1605537000,13.47
2020-11-17,1605623400,13.51
2020-11-18,1605709800,13.53
2020-11-19,1605796200,13.53
2020-11-20,1605882600,13.6
2020-11-23,1606141800,13.64
2020-11-24,1606228200,13.93
2020-11-25,1606314600,14.05
2020-11-27,1606487400,14.02
2020-11-30,1606746600,13.94
2020-12-01,1606833000,13.9
2020-12-02,1606919400,13.96
2020-12-03,1607005800,13.98
2020-12-04,1607092200,14.04
2020-12-07,1607351400,14.04
2020-12-08,1607437800,14.06
2020-12-09,1607524200,14.07
2020-12-10,1607610600,14.28
2020-12-11,1607697000,14.24
2020-12-14,1607956200,14.28
2020-12-15,1608042600,14.39
2020-12-16,1608129000,14.47
2020-12-17,1608215400,14.64
2020-12-18,1608301800,14.69
2020-12-21,1608561000,14.54
2020-12-22,1608647400,14.38
2020-12-23,1608733800,14.56
2020-12-24,1608820200,14.6
2020-12-28,1609165800,14.51
2020-12-29,1609252200,14.55
2020-12-30,1609338600,14.64
2020-12-31,1609425000,14.7
2021-01-04,1609770600,14.62
2021-01-05,1609857000,15.03
2021-01-06,1609943400,15.05
2021-01-07,1610029800,15.12
2021-01-08,1610116200,15.24
2021-01-11,1610375400,15.13
2021-01-12,1610461800,15.42
2021-01-13,1610548200,15.38
2021-01-14,1610634600,15.52
2021-01-15,1610721000,15.3
2021-01-19,1611066600,15.35
2021-01-20,1611153000,15.36
2021-01-21,1611239400,15.35
2021-01-22,1611325800,15.09
2021-01-25,1611585000,15.25
2021-01-26,1611671400,15.28
2021-01-27,1611757800,15.24
2021-01-28,1611844200,15.17
2021-01-29,1611930600,15.19
2021-02-01,1612189800,15.48
2021-02-02,1612276200,15.6
2021-02-03,1612362600,15.71
2021-02-04,1612449000,15.79
2021-02-05,1612535400,15.87
2021-02-08,1612794600,16.12
2021-02-09,1612881000,16.18
2021-02-10,1612967400,16.15
2021-02-11,1613053800,16.12
2021-02-12,1613140200,16.32
2021-02-16,1613485800,16.54
2021-02-17,1613572200,16.59
2021-02-18,1613658600,16.53
2021-02-19,1613745000,16.52
2021-02-22,1614004200,16.89
2021-02-23,1614090600,16.97
2021-02-24,1614177000,17.23
2021-02-25,1614263400,17.09
2021-02-26,1614349800,16.73
2021-03-01,1614609000,16.59
2021-03-02,1614695400,16.66
2021-03-03,1614781800,16.76
2021-03-04,1614868200,17.02
2021-03-05,1614954600,17.37
2021-03-08,1615213800,17.13
2021-03-09,1615300200,17.13
2021-03-10,1615386600,17.24
2021-03-11,1615473000,17.5
2021-03-12,1615559400,17.42
2021-03-15,1615815000,17.36
2021-03-16,1615901400,17.29
2021-03-17,1615987800,17.29
2021-03-18,1616074200,16.47
2021-03-19,1616160600,16.83
2021-03-22,1616419800,16.8
2021-03-23,1616506200,16.33
2021-03-24,1616592600,16.76
2021-03-25,1616679000,16.38
2021-03-26,1616765400,16.77
2021-03-29,1617024600,16.79
2021-03-30,1617111000,16.52
2021-03-31,1617197400,16.61
2021-04-01,1617283800,16.89
2021-04-05,1617629400,16.64
2021-04-06,1617715800,16.7
2021-04-07,1617802200,16.75
2021-04-08,1617888600,16.84
2021-04-09,1617975000,16.78
2021-04-12,1618234200,16.79
2021-04-13,1618320600,16.97
2021-04-14,1618407000,17.36
2021-04-15,1618493400,17.47
2021-04-16,1618579800,17.44
2021-04-19,1618839000,17.46
2021-04-20,1618925400,17.43
2021-04-21,1619011800,17.36
2021-04-22,1619098200,17.5
2021-04-23,1619184600,17.64
2021-04-26,1619443800,17.76
2021-04-27,1619530200,17.91
2021-04-28,1619616600,17.94
2021-04-29,1619703000,18.06
2021-04-30,1619789400,17.91
2021-05-03,1620048600,18.11
2021-05-04,1620135000,18.39
2021-05-05,1620221400,18.46
2021-05-06,1620307800,18.55
2021-05-07,1620394200,18.73
2021-05-10,1620653400,18.6
2021-05-11,1620739800,18.8
2021-05-12,1620826200,18.78
2021-05-13,1620912600,18.26
2021-05-14,1620999000,18.41
2021-05-17,1621258200,18.64
2021-05-18,1621344600,18.55
2021-05-19,1621431000,18.17
2021-05-20,1621517400,17.98
2021-05-21,1621603800,18.15
2021-05-24,1621863000,18.4
2021-05-25,1621949400,18.34
2021-05-26,1622035800,18.37
2021-05-27,1622122200,18.66
2021-05-28,1622208600,18.6
2021-06-01,1622554200,18.93
2021-06-02,1622640600,19.03
2021-06-03,1622727000,18.87
2021-06-04,1622813400,19.08
2021-06-07,1623072600,19.11
2021-06-08,1623159000,19.3
2021-06-09,1623245400,19.21
2021-06-10,1623331800,19.28
2021-06-11,1623418200,19.22
2021-06-14,1623677400,19.11
2021-06-15,1623763800,19.03
2021-06-16,1623850200,18.92
2021-06-17,1623936600,18.43
2021-06-18,1624023000,18.62
2021-06-21,1624282200,18.85
2021-06-22,1624368600,18.88
2021-06-23,1624455000,19
2021-06-24,1624541400,19.07
2021-06-25,1624627800,18.99
2021-06-28,1624887000,18.98
2021-06-29,1624973400,19.07
2021-06-30,1625059800,19.25
2021-07-01,1625146200,19.32
2021-07-02,1625232600,19.5
2021-07-06,1625578200,18.97
2021-07-07,1625664600,18.74
2021-07-08,1625751000,18.9
2021-07-09,1625837400,19.12
2021-07-12,1626096600,19.15
2021-07-13,1626183000,19.31
2021-07-14,1626269400,19.12
2021-07-15,1626355800,19.02
2021-07-16,1626442200,19.02
2021-07-19,1626701400,18.26
2021-07-20,1626787800,18.53
2021-07-21,1626874200,18.9
2021-07-22,1626960600,19.05
2021-07-23,1627047000,19.15
2021-07-26,1627306200,19.29
2021-07-27,1627392600,19.18
2021-07-28,1627479000,19.27
2021-07-29,1627565400,19.61
2021-07-30,1627651800,19.5
2021-08-02,1627911000,19.29
2021-08-03,1627997400,19.2
2021-08-04,1628083800,18.89
2021-08-05,1628170200,19.17
2021-08-06,1628256600,19.01
2021-08-09,1628515800,18.74
2021-08-10,1628602200,19.08
2021-08-11,1628688600,19.25
2021-08-12,1628775000,19.18
2021-08-13,1628861400,19.07
2021-08-16,1629120600,19.02
2021-08-17,1629207000,18.81
2021-08-18,1629293400,18.59
2021-08-19,1629379800,18.33
2021-08-20,1629466200,17.9
2021-08-23,1629725400,18.55
2021-08-24,1629811800,18.94
2021-08-25,1629898200,19.11
2021-08-26,1629984600,18.96
2021-08-27,1630071000,19.2
2021-08-30,1630330200,19.27
2021-08-31,1630416600,19.18
2021-09-01,1630503000,19.09
2021-09-02,1630589400,19.31
2021-09-03,1630675800,19.33
2021-09-07,1631021400,19.11
2021-09-08,1631107800,19.25
2021-09-09,1631194200,19.11
2021-09-10,1631280600,19.36
2021-09-13,1631539800,19.51
2021-09-14,1631626200,19.5
2021-09-15,1631712600,19.82
2021-09-16,1631799000,19.68
2021-09-17,1631885400,19.52
2021-09-20,1632144600,19.29
2021-09-21,1632231000,19.31
2021-09-22,1632317400,19.53
2021-09-23,1632403800,19.83
2021-09-24,1632490200,19.92
2021-09-27,1632749400,20.19
2021-09-28,1632835800,20.03
2021-09-29,1632922200,20.05
2021-09-30,1633008600,20.18
2021-10-01,1633095000,20.45
2021-10-04,1633354200,20.78
2021-10-05,1633440600,21.04
2021-10-06,1633527000,20.69
2021-10-07,1633613400,20.95
2021-10-08,1633699800,21.02
2021-10-11,1633959000,21.16
2021-10-12,1634045400,21.16
2021-10-13,1634131800,21.28
2021-10-14,1634218200,21.5
2021-10-15,1634304600,21.68
2021-10-18,1634563800,21.55
2021-10-19,1634650200,21.6
2021-10-20,1634736600,21.84
2021-10-21,1634823000,21.51
2021-10-22,1634909400,21.61
2021-10-25,1635168600,21.72
2021-10-26,1635255000,21.75
2021-10-27,1635341400,21.35
2021-10-28,1635427800,21.46
2021-10-29,1635514200,21.35
2021-11-01,1635773400,21.51
2021-11-02,1635859800,21.57
2021-11-03,1635946200,21.02
2021-11-04,1636032600,20.89
2021-11-05,1636119000,21.18
2021-11-08,1636381800,21.31
2021-11-09,1636468200,21.48
2021-11-10,1636554600,21.21
2021-11-11,1636641000,21.36
2021-11-12,1636727400,21.33
2021-11-15,1636986600,21.34
2021-11-16,1637073000,21.31
2021-11-17,1637159400,21.12
2021-11-18,1637245800,21.19
2021-11-19,1637332200,20.85
2021-11-22,1637591400,21
2021-11-23,1637677800,21.38
2021-11-24,1637764200,21.3
2021-11-26,1637937000,20.03
2021-11-29,1638196200,20.03
2021-11-30,1638282600,19.48
2021-12-01,1638369000,19.31
2021-12-02,1638455400,19.48
2021-12-03,1638541800,19.5
2021-12-06,1638801000,19.84
2021-12-07,1638887400,20.14
2021-12-08,1638973800,20.41
2021-12-09,1639060200,20.1
2021-12-10,1639146600,20.33
2021-12-13,1639405800,20.23
2021-12-14,1639492200,20.05
2021-12-15,1639578600,20.15
2021-12-16,1639665000,20.27
2021-12-17,1639751400,20.03
2021-12-20,1640010600,19.89
2021-12-21,1640097000,20.31
2021-12-22,1640183400,20.55
2021-12-23,1640269800,20.66
2021-12-27,1640615400,20.92
2021-12-28,1640701800,20.88
2021-12-29,1640788200,20.98
2021-12-30,1640874600,20.88
2021-12-31,1640961000,20.78
2022-01-03,1641220200,20.86
2022-01-04,1641306600,21.11
2022-01-05,1641393000,21.02
2022-01-06,1641479400,21.2
2022-01-07,1641565800,21.24
2022-01-10,1641825000,21.15
2022-01-11,1641911400,21.56
2022-01-12,1641997800,21.73
2022-01-13,1642084200,21.5
2022-01-14,1642170600,21.78
2022-01-18,1642516200,21.95
2022-01-19,1642602600,22.07
2022-01-20,1642689000,21.99
2022-01-21,1642775400,22.01
2022-01-24,1643034600,21.96
2022-01-25,1643121000,22.16
2022-01-26,1643207400,22.21
2022-01-27,1643293800,22.32
2022-01-28,1643380200,22.34
2022-01-31,1643639400,22.42
2022-02-01,1643725800,22.51
2022-02-02,1643812200,22.6
2022-02-03,1643898600,22.65
2022-02-04,1643985000,22.83
2022-02-07,1644244200,22.88
2022-02-08,1644330600,22.68
2022-02-09,1644417000,22.91
2022-02-10,1644503400,22.79
2022-02-11,1644589800,23.13
2022-02-14,1644849000,23.25
2022-02-15,1644935400,22.87
2022-02-16,1645021800,22.9
2022-02-17,1645108200,23.09
2022-02-18,1645194600,23.18
2022-02-22,1645540200,23.51
2022-02-23,1645626600,23.73
2022-02-24,1645713000,23.83
2022-02-25,1645799400,23.47
2022-02-28,1646058600,23.87
2022-03-01,1646145000,24.83
2022-03-02,1646231400,25.64
2022-03-03,1646317800,25.92
2022-03-04,1646404200,27.01
2022-03-07,1646663400,27.6
2022-03-08,1646749800,28.07
2022-03-09,1646836200,25.84
2022-03-10,1646922600,25.53
2022-03-11,1647009000,25.97
2022-03-14,1647264600,25.21
2022-03-15,1647351000,24.59
2022-03-16,1647437400,24.38
2022-03-17,1647523800,25.55
2022-03-18,1647610200,25.67
2022-03-21,1647869400,26.63
2022-03-22,1647955800,26.57
2022-03-23,1648042200,27.23
2022-03-24,1648128600,26.96
2022-03-25,1648215000,27.16
2022-03-28,1648474200,25.98
2022-03-29,1648560600,26.08
2022-03-30,1648647000,26.55
2022-03-31,1648733400,26.06
2022-04-01,1648819800,26.23
2022-04-04,1649079000,26.73
2022-04-05,1649165400,26.51
2022-04-06,1649251800,26.3
2022-04-07,1649338200,26.39
2022-04-08,1649424600,26.72
2022-04-11,1649683800,26.5
2022-04-12,1649770200,27.29
2022-04-13,1649856600,27.89
2022-04-14,1649943000,28.1
2022-04-18,1650288600,28.42
2022-04-19,1650375000,27.69
2022-04-20,1650461400,27.72
2022-04-21,1650547800,27.68
2022-04-22,1650634200,27.15
2022-04-25,1650893400,26.95
2022-04-26,1650979800,27.32
2022-04-27,1651066200,27.51
2022-04-28,1651152600,27.74
2022-04-29,1651239000,27.53
2022-05-02,1651498200,27.95
2022-05-03,1651584600,27.56
2022-05-04,1651671000,28.42
2022-05-05,1651757400,28.27
2022-05-06,1651843800,28.3
2022-05-09,1652103000,27.02
2022-05-10,1652189400,26.86
2022-05-11,1652275800,27.52
2022-05-12,1652362200,27.65
2022-05-13,1652448600,28.03
2022-05-16,1652707800,28.49
2022-05-17,1652794200,28.18
2022-05-18,1652880600,27.57
2022-05-19,1652967000,27.92
2022-05-20,1653053400,27.96
2022-05-23,1653312600,28.17
2022-05-24,1653399000,28.15
2022-05-25,1653485400,28.35
2022-05-26,1653571800,28.66
2022-05-27,1653658200,29
2022-05-31,1654003800,28.8
2022-06-01,1654090200,28.94
2022-06-02,1654176600,29.6
2022-06-03,1654263000,29.88
2022-06-06,1654522200,30.01
2022-06-07,1654608600,30.21
2022-06-08,1654695000,30.48
2022-06-09,1654781400,30.53
2022-06-10,1654867800,30.23
2022-06-13,1655127000,29.89
2022-06-14,1655213400,29.56
2022-06-15,1655299800,29.58
2022-06-16,1655386200,29.71
2022-06-17,1655472600,28.65
2022-06-21,1655818200,28.58
2022-06-22,1655904600,28.07
2022-06-23,1655991000,27.44
2022-06-24,1656077400,27.7
2022-06-27,1656336600,27.64
2022-06-28,1656423000,27.97
2022-06-29,1656509400,27.49
2022-06-30,1656595800,26.64
2022-07-01,1656682200,26.77
2022-07-05,1657027800,24.97
2022-07-06,1657114200,24.6
2022-07-07,1657200600,25.62
2022-07-08,1657287000,26.07
2022-07-11,1657546200,26.02
2022-07-12,1657632600,24.84
2022-07-13,1657719000,24.98
2022-07-14,1657805400,24.75
2022-07-15,1657891800,25.07
2022-07-18,1658151000,25.54
2022-07-19,1658237400,25.64
2022-07-20,1658323800,25.62
2022-07-21,1658410200,25.19
2022-07-22,1658496600,24.89
2022-07-25,1658755800,25.34
2022-07-26,1658842200,25.39
2022-07-27,1658928600,25.97
2022-07-28,1659015000,25.99
2022-07-29,1659101400,26.11
2022-08-01,1659360600,25.58
2022-08-02,1659447000,25.45
2022-08-03,1659533400,25.23
2022-08-04,1659619800,24.96
2022-08-05,1659706200,24.87
2022-08-08,1659965400,25.17
2022-08-09,1660051800,25.38
2022-08-10,1660138200,25.73
2022-08-11,1660224600,26.23
2022-08-12,1660311000,26.09
2022-08-15,1660570200,25.77
2022-08-16,1660656600,25.48
2022-08-17,1660743000,25.58
2022-08-18,1660829400,25.97
2022-08-19,1660915800,25.96
2022-08-22,1661175000,26.19
2022-08-23,1661261400,26.62
2022-08-24,1661347800,26.9
2022-08-25,1661434200,26.52
2022-08-26,1661520600,26.63
2022-08-29,1661779800,27.02
2022-08-30,1661866200,26.27
2022-08-31,1661952600,25.72
2022-09-01,1662039000,25.17
2022-09-02,1662125400,25.34
2022-09-06,1662471000,25.19
2022-09-07,1662557400,24.59
2022-09-08,1662643800,24.69
2022-09-09,1662730200,25.39
2022-09-12,1662989400,25.74
2022-09-13,1663075800,25.61
2022-09-14,1663162200,25.72
2022-09-15,1663248600,24.97
2022-09-16,1663335000,24.88
2022-09-19,1663594200,24.96
2022-09-20,1663680600,24.93
2022-09-21,1663767000,24.78
2022-09-22,1663853400,24.85
2022-09-23,1663939800,24.01
2022-09-26,1664199000,23.45
2022-09-27,1664285400,23.7
2022-09-28,1664371800,24.36
2022-09-29,1664458200,24.21
2022-09-30,1664544600,23.91
2022-10-03,1664803800,24.45
2022-10-04,1664890200,25.11
2022-10-05,1664976600,25.56
2022-10-06,1665063000,25.72
2022-10-07,1665149400,25.99
2022-10-10,1665408600,25.7
2022-10-11,1665495000,25.33
2022-10-12,1665581400,25.33
2022-10-13,1665667800,25.68
2022-10-14,1665754200,25.17
2022-10-17,1666013400,25.11
2022-10-18,1666099800,24.84
2022-10-19,1666186200,24.83
2022-10-20,1666272600,24.85
2022-10-21,1666359000,24.88
2022-10-24,1666618200,24.95
2022-10-25,1666704600,25.09
2022-10-26,1666791000,25.56
2022-10-27,1666877400,25.6
2022-10-28,1666963800,25.3
2022-10-31,1667223000,25.12
2022-11-01,1667309400,25.5
2022-11-02,1667395800,25.73
2022-11-03,1667482200,25.71
2022-11-04,1667568600,26.58
2022-11-07,1667831400,26.35
2022-11-08,1667917800,26.03
2022-11-09,1668004200,25.43
2022-11-10,1668090600,25.66
2022-11-11,1668177000,26.15
2022-11-14,1668436200,25.76
2022-11-15,1668522600,26.06
2022-11-16,1668609000,25.77
2022-11-17,1668695400,25.34
2022-11-18,1668781800,25.16
2022-11-21,1669041000,25.07
2022-11-22,1669127400,25.33
2022-11-23,1669213800,24.98
2022-11-25,1669386600,24.76
2022-11-28,1669645800,24.61
2022-11-29,1669732200,24.93
2022-11-30,1669818600,25.49
2022-12-01,1669905000,25.36
2022-12-02,1669991400,25.09
2022-12-05,1670250600,24.44
2022-12-06,1670337000,24.05
2022-12-07,1670423400,23.93
2022-12-08,1670509800,23.89
2022-12-09,1670596200,23.92
2022-12-12,1670855400,24.18
2022-12-13,1670941800,24.58
2022-12-14,1671028200,24.77
2022-12-15,1671114600,24.47
2022-12-16,1671201000,24.16
2022-12-19,1671460200,23.97
2022-12-20,1671546600,24.08
2022-12-21,1671633000,24.39
2022-12-22,1671719400,24.08
2022-12-23,1671805800,24.52
2022-12-27,1672151400,24.74
2022-12-28,1672237800,24.46
2022-12-29,1672324200,24.43
2022-12-30,1672410600,24.65
2023-01-03,1672756200,24.06
2023-01-04,1672842600,23.63
2023-01-05,1672929000,23.51
2023-01-06,1673015400,23.64
2023-01-09,1673274600,23.92
2023-01-10,1673361000,23.92
2023-01-11,1673447400,24.35
2023-01-12,1673533800,24.55
2023-01-13,1673620200,24.79
2023-01-17,1673965800,24.96
2023-01-18,1674052200,24.69
2023-01-19,1674138600,24.94
2023-01-20,1674225000,25.09
2023-01-23,1674484200,25.15
2023-01-24,1674570600,25.01
2023-01-25,1674657000,24.94
2023-01-26,1674743400,25.05
2023-01-27,1674829800,24.77
2023-01-30,1675089000,24.45
2023-01-31,1675175400,24.87
2023-02-01,1675261800,24.4
2023-02-02,1675348200,24.22
2023-02-03,1675434600,23.61
2023-02-06,1675693800,23.68
2023-02-07,1675780200,24.13
2023-02-08,1675866600,24.18
2023-02-09,1675953000,23.99
2023-02-10,1676039400,24.33
2023-02-13,1676298600,24.28
2023-02-14,1676385000,24.36
2023-02-15,1676471400,24.1
2023-02-16,1676557800,24.03
2023-02-17,1676644200,23.85
2023-02-21,1676989800,23.88
2023-02-22,1677076200,23.57
2023-02-23,1677162600,23.75
2023-02-24,1677249000,23.67
2023-02-27,1677508200,23.69
2023-02-28,1677594600,23.76
2023-03-01,1677681000,24.17
2023-03-02,1677767400,24.08
2023-03-03,1677853800,24.46
2023-03-06,1678113000,24.34
2023-03-07,1678199400,23.84
2023-03-08,1678285800,23.71
2023-03-09,1678372200,23.42
2023-03-10,1678458600,23.67
2023-03-13,1678714200,23.52
2023-03-14,1678800600,23.22
2023-03-15,1678887000,22.68
2023-03-16,1678973400,22.75
2023-03-17,1679059800,22.68
2023-03-20,1679319000,22.77
2023-03-21,1679405400,22.85
2023-03-22,1679491800,22.91
2023-03-23,1679578200,22.85
2023-03-24,1679664600,22.96
2023-03-27,1679923800,23.39
2023-03-28,1680010200,23.5
2023-03-29,1680096600,23.35
2023-03-30,1680183000,23.52
2023-03-31,1680269400,23.74
2023-04-03,1680528600,24.13
2023-04-04,1680615000,24.1
2023-04-05,1680701400,24.19
2023-04-06,1680787800,24.12
2023-04-10,1681133400,24.12
2023-04-11,1681219800,24.25
2023-04-12,1681306200,24.44
2023-04-13,1681392600,24.44
2023-04-14,1681479000,24.47
2023-04-17,1681738200,24.37
2023-04-18,1681824600,24.42
2023-04-19,1681911000,24.08
2023-04-20,1681997400,23.87
2023-04-21,1682083800,23.82
2023-04-24,1682343000,24.01
2023-04-25,1682429400,23.67
2023-04-26,1682515800,23.31
2023-04-27,1682602200,23.34
2023-04-28,1682688600,23.56
2023-05-01,1682947800,23.36
2023-05-02,1683034200,22.83
2023-05-03,1683120600,22.54
2023-05-04,1683207000,22.63
2023-05-05,1683293400,23.14
2023-05-08,1683552600,23.25
2023-05-09,1683639000,23.32
2023-05-10,1683725400,23.25
2023-05-11,1683811800,22.85
2023-05-12,1683898200,22.67
2023-05-15,1684157400,22.93
2023-05-16,1684243800,22.68
2023-05-17,1684330200,22.95
2023-05-18,1684416600,22.74
2023-05-19,1684503000,22.71
2023-05-22,1684762200,22.73
2023-05-23,1684848600,22.82
2023-05-24,1684935000,22.83
2023-05-25,1685021400,22.47
2023-05-26,1685107800,22.83
2023-05-30,1685453400,22.3
2023-05-31,1685539800,22.05
2023-06-01,1685626200,22.41
2023-06-02,1685712600,22.7
2023-06-05,1685971800,22.64
2023-06-06,1686058200,22.67
2023-06-07,1686144600,22.76
2023-06-08,1686231000,22.8
2023-06-09,1686317400,22.66
2023-06-12,1686576600,22.35
2023-06-13,1686663000,22.65
2023-06-14,1686749400,22.7
2023-06-15,1686835800,23.18
2023-06-16,1686922200,23.47
2023-06-20,1687267800,23.26
2023-06-21,1687354200,23.6
2023-06-22,1687440600,23.16
2023-06-23,1687527000,22.91
2023-06-26,1687786200,22.94
2023-06-27,1687872600,22.57
2023-06-28,1687959000,22.5
2023-06-29,1688045400,22.51
2023-06-30,1688131800,22.7
2023-07-03,1688391000,22.7
2023-07-05,1688563800,22.84
2023-07-06,1688650200,22.79
2023-07-07,1688736600,22.98
2023-07-10,1688995800,23.03
2023-07-11,1689082200,23.3
2023-07-12,1689168600,23.47
2023-07-13,1689255000,23.8
2023-07-14,1689341400,23.64
2023-07-17,1689600600,23.45
2023-07-18,1689687000,23.76
2023-07-19,1689773400,23.89
2023-07-20,1689859800,23.96
2023-07-21,1689946200,24.09
2023-07-24,1690205400,24.52
2023-07-25,1690291800,24.61
2023-07-26,1690378200,24.49
2023-07-27,1690464600,24.43
2023-07-28,1690551000,24.58
2023-07-31,1690810200,24.68
2023-08-01,1690896600,24.55
2023-08-02,1690983000,24.18
2023-08-03,1691069400,24.41
2023-08-04,1691155800,24.45
2023-08-07,1691415000,24.46
2023-08-08,1691501400,24.43
2023-08-09,1691587800,24.6
2023-08-10,1691674200,24.47
2023-08-11,1691760600,24.43
2023-08-14,1692019800,24.31
2023-08-15,1692106200,24.02
2023-08-16,1692192600,23.92
2023-08-17,1692279000,23.98
2023-08-18,1692365400,24.15
2023-08-21,1692624600,24.09
2023-08-22,1692711000,24.1
2023-08-23,1692797400,24.15
2023-08-24,1692883800,24.17
2023-08-25,1692970200,24.41
2023-08-28,1693229400,24.37
2023-08-29,1693315800,24.46
2023-08-30,1693402200,24.49
2023-08-31,1693488600,24.59
2023-09-01,1693575000,24.88
2023-09-05,1693920600,25
2023-09-06,1694007000,25.06
2023-09-07,1694093400,25.01
2023-09-08,1694179800,25.06
2023-09-11,1694439000,25.21
2023-09-12,1694525400,25.3
2023-09-13,1694611800,25.38
2023-09-14,1694698200,25.59
2023-09-15,1694784600,25.53
2023-09-18,1695043800,25.52
2023-09-19,1695130200,25.54
2023-09-20,1695216600,25.33
2023-09-21,1695303000,25.25
2023-09-22,1695389400,25.27
2023-09-25,1695648600,25.15
2023-09-26,1695735000,25.12
2023-09-27,1695821400,25.26
2023-09-28,1695907800,25.23
2023-09-29,1695994200,24.96
2023-10-02,1696253400,24.77
2023-10-03,1696339800,24.66
2023-10-04,1696426200,23.97
2023-10-05,1696512600,23.83
2023-10-06,1696599000,23.92
2023-10-09,1696858200,24.42
2023-10-10,1696944600,24.36
2023-10-11,1697031000,24.22
2023-10-12,1697117400,24.21
2023-10-13,1697203800,24.85
2023-10-16,1697463000,24.77
2023-10-17,1697549400,24.84
2023-10-18,1697635800,25.06
2023-10-19,1697722200,25.32
2023-10-20,1697808600,25.13
2023-10-23,1698067800,24.97
2023-10-24,1698154200,24.7
2023-10-25,1698240600,24.88
2023-10-26,1698327000,24.67
2023-10-27,1698413400,25
2023-10-30,1698672600,24.6
2023-10-31,1698759000,24.51
2023-11-01,1698845400,24.55
2023-11-02,1698931800,24.81
2023-11-03,1699018200,24.68
2023-11-06,1699281000,24.78
2023-11-07,1699367400,24.25
2023-11-08,1699453800,23.98
2023-11-09,1699540200,23.92
2023-11-10,1699626600,24.04
2023-11-13,1699885800,24.39
2023-11-14,1699972200,24.35
2023-11-15,1700058600,24.19
2023-11-16,1700145000,23.61
2023-11-17,1700231400,23.95
2023-11-20,1700490600,24.25
2023-11-21,1700577000,24.39
2023-11-22,1700663400,24.18
2023-11-24,1700836200,24.02
2023-11-27,1701095400,23.86
2023-11-28,1701181800,24.15
2023-11-29,1701268200,24.32
2023-11-30,1701354600,23.91
2023-12-01,1701441000,23.8
2023-12-04,1701700200,23.64
2023-12-05,1701786600,23.43
2023-12-06,1701873000,22.86
2023-12-07,1701959400,22.9
2023-12-08,1702045800,23
2023-12-11,1702305000,22.92
2023-12-12,1702391400,22.57
2023-12-13,1702477800,22.83
2023-12-14,1702564200,23.21
2023-12-15,1702650600,23.25
2023-12-18,1702909800,22.32
2023-12-19,1702996200,22.49
2023-12-20,1703082600,22.23
2023-12-21,1703169000,22.27
2023-12-22,1703255400,22.23
2023-12-26,1703601000,22.45
2023-12-27,1703687400,22.35
2023-12-28,1703773800,22.16
2023-12-29,1703860200,22.04
2024-01-02,1704205800,21.86
2024-01-03,1704292200,22.14
2024-01-04,1704378600,22.02
2024-01-05,1704465000,22.13
2024-01-08,1704724200,21.81
2024-01-09,1704810600,21.97
2024-01-10,1704897000,21.82
2024-01-11,1704983400,21.98
2024-01-12,1705069800,22.06
2024-01-16,1705415400,21.87
2024-01-17,1705501800,21.84
2024-01-18,1705588200,21.98
2024-01-19,1705674600,21.94
2024-01-22,1705933800,22.03
2024-01-23,1706020200,22.15
2024-01-24,1706106600,22.34
2024-01-25,1706193000,22.51
2024-01-26,1706279400,22.61
2024-01-29,1706538600,22.42
2024-01-30,1706625000,22.57
2024-01-31,1706711400,22.33
2024-02-01,1706797800,22.06
2024-02-02,1706884200,21.81
2024-02-05,1707143400,21.9
2024-02-06,1707229800,21.98
2024-02-07,1707316200,22.08
2024-02-08,1707402600,22.2
2024-02-09,1707489000,22.26
2024-02-12,1707748200,22.27
2024-02-13,1707834600,22.14
2024-02-14,1707921000,21.93
2024-02-15,1708007400,21.98
2024-02-16,1708093800,22.03
2024-02-20,1708439400,21.91
2024-02-21,1708525800,22
2024-02-22,1708612200,22.06
2024-02-23,1708698600,21.74
2024-02-26,1708957800,21.94
2024-02-27,1709044200,22.11
2024-02-28,1709130600,22.02
2024-02-29,1709217000,21.99
2024-03-01,1709303400,22.1
2024-03-04,1709562600,22.17
2024-03-05,1709649000,22
2024-03-06,1709735400,22.18
2024-03-07,1709821800,22.24
2024-03-08,1709908200,22.17
2024-03-11,1710163800,22.36
2024-03-12,1710250200,22.3
2024-03-13,1710336600,22.61
2024-03-14,1710423000,22.68
2024-03-15,1710509400,22.76
2024-03-18,1710768600,22.97
2024-03-19,1710855000,22.96
2024-03-20,1710941400,22.9
2024-03-21,1711027800,22.87
2024-03-22,1711114200,22.71
2024-03-25,1711373400,22.9
2024-03-26,1711459800,22.72
2024-03-27,1711546200,22.7
2024-03-28,1711632600,22.97
2024-04-01,1711978200,23.08
2024-04-02,1712064600,23.29
2024-04-03,1712151000,23.57
2024-04-04,1712237400,23.63
2024-04-05,1712323800,23.75
2024-04-08,1712583000,23.74
2024-04-09,1712669400,23.61
2024-04-10,1712755800,23.73
2024-04-11,1712842200,23.69
2024-04-12,1712928600,23.72
2024-04-15,1713187800,23.75
2024-04-16,1713274200,23.71
2024-04-17,1713360600,23.34
2024-04-18,1713447000,23.33
2024-04-19,1713533400,23.44
2024-04-22,1713792600,23.44
2024-04-23,1713879000,23.54
2024-04-24,1713965400,23.51
2024-04-25,1714051800,23.64
2024-04-26,1714138200,23.66
2024-04-29,1714397400,23.64
2024-04-30,1714483800,23.34
2024-05-01,1714570200,23
2024-05-02,1714656600,23.08
2024-05-03,1714743000,23.11
2024-05-06,1715002200,23.37
2024-05-07,1715088600,23.35
2024-05-08,1715175000,23.23
2024-05-09,1715261400,23.32
2024-05-10,1715347800,23.28
2024-05-13,1715607000,23.43
2024-05-14,1715693400,23.33
2024-05-15,1715779800,23.41
2024-05-16,1715866200,23.47
2024-05-17,1715952600,23.71
2024-05-20,1716211800,23.92
2024-05-21,1716298200,23.82
2024-05-22,1716384600,23.48
2024-05-23,1716471000,23.36
2024-05-24,1716557400,23.52
2024-05-28,1716903000,23.94
2024-05-29,1716989400,23.69
2024-05-30,1717075800,23.38
2024-05-31,1717162200,23.27
2024-06-03,1717421400,22.94
2024-06-04,1717507800,22.71
2024-06-05,1717594200,22.79
2024-06-06,1717680600,23.09
2024-06-07,1717767000,22.76
2024-06-10,1718026200,23.09
2024-06-11,1718112600,23.06
2024-06-12,1718199000,23.14
2024-06-13,1718285400,23.16
2024-06-14,1718371800,23.07
2024-06-17,1718631000,23.15
2024-06-18,1718717400,23.34
2024-06-20,1718890200,23.39
2024-06-21,1718976600,23.2
2024-06-24,1719235800,23.39
2024-06-25,1719322200,23.17
2024-06-26,1719408600,23.21
2024-06-27,1719495000,23.33
2024-06-28,1719581400,23.23
2024-07-01,1719840600,23.53
2024-07-02,1719927000,23.56
2024-07-03,1720013400,23.69
2024-07-05,1720186200,23.78
2024-07-08,1720445400,23.46
2024-07-09,1720531800,23.3
2024-07-10,1720618200,23.3
2024-07-11,1720704600,23.38
2024-07-12,1720791000,23.29
2024-07-15,1721050200,23.12
2024-07-16,1721136600,23.06
2024-07-17,1721223000,23.06
2024-07-18,1721309400,22.89
2024-07-19,1721395800,22.58
2024-07-22,1721655000,22.64
2024-07-23,1721741400,22.43
2024-07-24,1721827800,22.42
2024-07-25,1721914200,22.47
2024-07-26,1722000600,22.24
2024-07-29,1722259800,22.14
2024-07-30,1722346200,22.07
2024-07-31,1722432600,22.58
2024-08-01,1722519000,22.31
2024-08-02,1722605400,21.9
2024-08-05,1722864600,21.86
2024-08-06,1722951000,21.68
2024-08-07,1723037400,21.88
2024-08-08,1723123800,22.08
2024-08-09,1723210200,22.21
2024-08-12,1723469400,22.52
2024-08-13,1723555800,22.31
2024-08-14,1723642200,22.17
2024-08-15,1723728600,22.35
2024-08-16,1723815000,22.21
2024-08-19,1724074200,22.09
2024-08-20,1724160600,22
2024-08-21,1724247000,21.89
2024-08-22,1724333400,21.87
2024-08-23,1724419800,22.26
2024-08-26,1724679000,22.49
2024-08-27,1724765400,22.38
2024-08-28,1724851800,22.11
2024-08-29,1724938200,22.36
2024-08-30,1725024600,22.11
2024-09-03,1725370200,21.67
2024-09-04,1725456600,21.51
2024-09-05,1725543000,21.56
2024-09-06,1725629400,21.27
2024-09-09,1725888600,21.33
2024-09-10,1725975000,21.02
2024-09-11,1726061400,21.21
2024-09-12,1726147800,21.62
2024-09-13,1726234200,21.66
2024-09-16,1726493400,21.82
2024-09-17,1726579800,21.97
2024-09-18,1726666200,21.83
2024-09-19,1726752600,22.22
2024-09-20,1726839000,22.22
2024-09-23,1727098200,22.23
2024-09-24,1727184600,22.6
2024-09-25,1727271000,22.41
2024-09-26,1727357400,22.21
2024-09-27,1727443800,22.32
2024-09-30,1727703000,22.27
2024-10-01,1727789400,22.66
2024-10-02,1727875800,22.85
2024-10-03,1727962200,23.18
2024-10-04,1728048600,23.24
2024-10-07,1728307800,23.56
2024-10-08,1728394200,23.01
2024-10-09,1728480600,22.81
2024-10-10,1728567000,23.26
2024-10-11,1728653400,23.28
2024-10-14,1728912600,22.92
2024-10-15,1728999000,22.48
2024-10-16,1729085400,22.42
2024-10-17,1729171800,22.45
2024-10-18,1729258200,22.33
2024-10-21,1729517400,22.4
2024-10-22,1729603800,22.79
2024-10-23,1729690200,22.66
2024-10-24,1729776600,22.65
2024-10-25,1729863000,22.81
2024-10-28,1730122200,22.2
2024-10-29,1730208600,22.16
2024-10-30,1730295000,22.44
2024-10-31,1730381400,22.59
2024-11-01,1730467800,22.35
2024-11-04,1730730600,22.73
2024-11-05,1730817000,22.87
2024-11-06,1730903400,22.62
2024-11-07,1730989800,22.85
2024-11-08,1731076200,22.5
2024-11-11,1731335400,22.14
2024-11-12,1731421800,22.02
2024-11-13,1731508200,21.95
2024-11-14,1731594600,21.93
2024-11-15,1731681000,21.82
2024-11-18,1731940200,22.32
2024-11-19,1732026600,22.39
2024-11-20,1732113000,22.38
2024-11-21,1732199400,22.54
2024-11-22,1732285800,22.56
2024-11-25,1732545000,22.24
2024-11-26,1732631400,22.24
2024-11-27,1732717800,22.12
2024-11-29,1732890600,22.14
2024-12-02,1733149800,21.98
2024-12-03,1733236200,22.23
2024-12-04,1733322600,22.11
2024-12-05,1733409000,22.08
2024-12-06,1733495400,21.91
2024-12-09,1733754600,22.12
2024-12-10,1733841000,22.17
2024-12-11,1733927400,22.45
2024-12-12,1734013800,22.36
2024-12-13,1734100200,22.35
2024-12-16,1734359400,22.23
2024-12-17,1734445800,22.08
2024-12-18,1734532200,21.88
2024-12-19,1734618600,21.88
2024-12-20,1734705000,22.02
2024-12-23,1734964200,20.92
2024-12-24,1735050600,21.04
2024-12-26,1735223400,20.98
2024-12-27,1735309800,21.08
2024-12-30,1735569000,21.27
2024-12-31,1735655400,21.38
2025-01-02,1735828200,21.59
2025-01-03,1735914600,21.48
2025-01-06,1736173800,21.52
2025-01-07,1736260200,21.62
2025-01-08,1736346600,21.58
2025-01-10,1736519400,22.16
2025-01-13,1736778600,22.32
2025-01-14,1736865000,22.31
2025-01-15,1736951400,22.67
2025-01-16,1737037800,22.57
2025-01-17,1737124200,22.47
2025-01-21,1737469800,22.36
2025-01-22,1737556200,22.34
2025-01-23,1737642600,22.26
2025-01-24,1737729000,22.27
2025-01-27,1737988200,21.93
2025-01-28,1738074600,21.95
2025-01-29,1738161000,21.99
2025-01-30,1738247400,22.01
2025-01-31,1738333800,21.97
2025-02-03,1738593000,22.14
2025-02-04,1738679400,22.2
2025-02-05,1738765800,22.06
2025-02-06,1738852200,22.07
2025-02-07,1738938600,22.08
2025-02-10,1739197800,22.4
2025-02-11,1739284200,22.57
2025-02-12,1739370600,22.32
2025-02-13,1739457000,22.43
2025-02-14,1739543400,22.44
2025-02-18,1739889000,22.77
2025-02-19,1739975400,22.95
2025-02-20,1740061800,22.98
2025-02-21,1740148200,22.66
2025-02-24,1740407400,22.58
2025-02-25,1740493800,22.33
2025-02-26,1740580200,22.14
2025-02-27,1740666600,22.17
2025-02-28,1740753000,22
2025-03-03,1741012200,21.86
2025-03-04,1741098600,21.93
2025-03-05,1741185000,21.87
2025-03-06,1741271400,21.76
2025-03-07,1741357800,21.95
2025-03-10,1741613400,21.81
2025-03-11,1741699800,21.93
2025-03-12,1741786200,21.93
2025-03-13,1741872600,21.85
2025-03-14,1741959000,21.97
2025-03-17,1742218200,22.12
2025-03-18,1742304600,22.07
2025-03-19,1742391000,22.21
2025-03-20,1742477400,22.25
2025-03-21,1742563800,22.12
2025-03-24,1742823000,22.2
2025-03-25,1742909400,22.23
2025-03-26,1742995800,22.2
2025-03-27,1743082200,22.26
2025-03-28,1743168600,22.19
2025-03-31,1743427800,22.5
2025-04-01,1743514200,22.51
2025-04-02,1743600600,22.65
2025-04-03,1743687000,21.74
2025-04-04,1743773400,20.95
2025-04-07,1744032600,20.62
2025-04-08,1744119000,20.16
2025-04-09,1744205400,20.89
2025-04-10,1744291800,20.63
2025-04-11,1744378200,20.93
2025-04-14,1744637400,20.94
2025-04-15,1744723800,20.89
2025-04-16,1744810200,21.15
2025-04-17,1744896600,21.37
2025-04-21,1745242200,21.19
2025-04-22,1745328600,21.29
2025-04-23,1745415000,21.13
2025-04-24,1745501400,21.32
2025-04-25,1745587800,21.35
2025-04-28,1745847000,21.23
2025-04-29,1745933400,20.96
2025-04-30,1746019800,20.57
2025-05-01,1746106200,20.67
2025-05-02,1746192600,20.76
2025-05-05,1746451800,20.64
2025-05-06,1746538200,20.95
2025-05-07,1746624600,20.69
2025-05-08,1746711000,20.96
2025-05-09,1746797400,21.12
2025-05-12,1747056600,21.26
2025-05-13,1747143000,21.59
2025-05-14,1747229400,21.48
2025-05-15,1747315800,21.27
2025-05-16,1747402200,21.19
2025-05-19,1747661400,21.16
2025-05-20,1747747800,21.43
2025-05-21,1747834200,21.4
2025-05-22,1747920600,21.29
2025-05-23,1748007000,21.41
2025-05-27,1748352600,21.22
2025-05-28,1748439000,21.15
2025-05-29,1748525400,21.04
2025-05-30,1748611800,20.88
2025-06-02,1748871000,21.32
2025-06-03,1748957400,21.46
2025-06-04,1749043800,21.38
2025-06-05,1749130200,21.48
2025-06-06,1749216600,21.65
2025-06-09,1749475800,21.67
2025-06-10,1749562200,21.62
2025-06-11,1749648600,21.97
2025-06-12,1749735000,21.97
2025-06-13,1749821400,22.65
2025-06-16,1750080600,22.6
2025-06-17,1750167000,23.08
2025-06-18,1750253400,23.14
2025-06-20,1750426200,23.26
2025-06-23,1750685400,22.4
2025-06-24,1750771800,21.86
2025-06-25,1750858200,21.83
2025-06-26,1750944600,21.91
2025-06-27,1751031000,21.8
2025-06-30,1751290200,21.81
2025-07-01,1751376600,21.93
2025-07-02,1751463000,22.29
2025-07-03,1751549400,22.28
2025-07-07,1751895000,22.26
2025-07-08,1751981400,22.33
2025-07-09,1752067800,22.29
2025-07-10,1752154200,22.22
2025-07-11,1752240600,22.51
2025-07-14,1752499800,22.32
2025-07-15,1752586200,22.28
2025-07-16,1752672600,22.31
2025-07-17,1752759000,22.49
2025-07-18,1752845400,22.53
2025-07-21,1753104600,22.48
2025-07-22,1753191000,22.44
2025-07-23,1753277400,22.38
2025-07-24,1753363800,22.4
2025-07-25,1753450200,22.17
2025-07-28,1753709400,22.4
2025-07-29,1753795800,22.69
2025-07-30,1753882200,22.64
2025-07-31,1753968600,22.45
2025-08-01,1754055000,22.09
2025-08-04,1754314200,22.01
2025-08-05,1754400600,21.82
2025-08-06,1754487000,21.77
2025-08-07,1754573400,21.84
2025-08-08,1754659800,21.84
2025-08-11,1754919000,21.87
2025-08-12,1755005400,21.78
2025-08-13,1755091800,21.75
2025-08-14,1755178200,21.84
2025-08-15,1755264600,21.77
2025-08-18,1755523800,21.79
2025-08-19,1755610200,21.62
2025-08-20,1755696600,21.86
2025-08-21,1755783000,21.99
2025-08-22,1755869400,22.08
2025-08-25,1756128600,22.19
2025-08-26,1756215000,22.02
2025-08-27,1756301400,22.04
2025-08-28,1756387800,22.18
2025-08-29,1756474200,22.21
2025-09-02,1756819800,22.57
2025-09-03,1756906200,22.37
2025-09-04,1756992600,22.21
2025-09-05,1757079000,22.03
2025-09-08,1757338200,22.18
2025-09-09,1757424600,22.24
2025-09-10,1757511000,22.39
2025-09-11,1757597400,22.22
2025-09-12,1757683800,22.35
2025-09-15,1757943000,22.55
2025-09-16,1758029400,22.78
2025-09-17,1758115800,22.54
2025-09-18,1758202200,22.44
2025-09-19,1758288600,22.26
2025-09-22,1758547800,22.26
2025-09-23,1758634200,22.49
2025-09-24,1758720600,22.64
2025-09-25,1758807000,22.8
2025-09-26,1758893400,22.81
2025-09-29,1759152600,22.62
2025-09-30,1759239000,22.53
2025-10-01,1759325400,22.49
2025-10-02,1759411800,22.34
2025-10-03,1759498200,22.41
2025-10-06,1759757400,22.64
2025-10-07,1759843800,22.73
2025-10-08,1759930200,22.76
2025-10-09,1760016600,22.55
2025-10-10,1760103000,22.07
2025-10-13,1760362200,22.35
2025-10-14,1760448600,22.1
2025-10-15,1760535000,22.18
2025-10-16,1760621400,22.14
2025-10-17,1760707800,22.12
2025-10-20,1760967000,22.34
2025-10-21,1761053400,22.11
2025-10-22,1761139800,22.46
2025-10-23,1761226200,22.84
2025-10-24,1761312600,22.85
2025-10-27,1761571800,22.8
2025-10-28,1761658200,22.59
2025-10-29,1761744600,22.71
2025-10-30,1761831000,22.72
2025-10-31,1761917400,22.88
2025-11-03,1762180200,23.05
2025-11-04,1762266600,22.89
2025-11-05,1762353000,22.82
2025-11-06,1762439400,22.85
2025-11-07,1762525800,22.9
2025-11-10,1762785000,23.15
2025-11-11,1762871400,23.3
2025-11-12,1762957800,23.04
2025-11-13,1763044200,22.92
2025-11-14,1763130600,22.97
2025-11-17,1763389800,22.94
2025-11-18,1763476200,23.13
2025-11-19,1763562600,22.9
2025-11-20,1763649000,22.68
2025-11-21,1763735400,22.53
2025-11-24,1763994600,22.64
2025-11-25,1764081000,22.52
2025-11-26,1764167400,22.76
2025-11-28,1764340200,23.06
2025-12-01,1764599400,23.12
2025-12-02,1764685800,23.02
2025-12-03,1764772200,23.13
2025-12-04,1764858600,23.19
2025-12-05,1764945000,23.33
2025-12-08,1765204200,23.04
2025-12-09,1765290600,22.99
2025-12-10,1765377000,23.13
2025-12-11,1765463400,23.11
2025-12-12,1765549800,22.92
2025-12-15,1765809000,22.81
2025-12-16,1765895400,22.58
2025-12-17,1765981800,22.85
2025-12-18,1766068200,22.69
2025-12-19,1766154600,22.85
2025-12-22,1766413800,22.39
2025-12-23,1766500200,22.64
2025-12-24,1766586600,22.63
2025-12-26,1766759400,22.7
2025-12-29,1767018600,22.49
2025-12-30,1767105000,22.64
2025-12-31,1767191400,22.36
2026-01-02,1767364200,22.39
2026-01-05,1767623400,22.81
2026-01-06,1767709800,22.8
2026-01-07,1767796200,22.59
2026-01-08,1767882600,22.88
2026-01-09,1767969000,22.9
2026-01-12,1768228200,23.19
2026-01-13,1768314600,23.37
2026-01-14,1768401000,23.39
2026-01-15,1768487400,23.2
2026-01-16,1768573800,23.16
2026-01-20,1768919400,23.48
2026-01-21,1769005800,23.75
2026-01-22,1769092200,23.74
2026-01-23,1769178600,24.18
2026-01-26,1769437800,24.29
2026-01-27,1769524200,24.62
2026-01-28,1769610600,24.94
2026-01-29,1769697000,25.3
2026-01-30,1769783400,24.43
2026-02-02,1770042600,23.54
2026-02-03,1770129000,24.15
2026-02-04,1770215400,24.19
2026-02-05,1770301800,23.76
2026-02-06,1770388200,24.01
2026-02-09,1770647400,24.25
2026-02-10,1770733800,24.14
2026-02-11,1770820200,24.37
2026-02-12,1770906600,23.8
2026-02-13,1770993000,23.88
2026-02-17,1771338600,23.59
2026-02-18,1771425000,24.21
2026-02-19,1771511400,24.43
2026-02-20,1771597800,24.6
2026-02-23,1771857000,24.75
2026-02-24,1771943400,24.72
2026-02-25,1772029800,24.75
2026-02-26,1772116200,24.76
2026-02-27,1772202600,25.1
2026-03-02,1772461800,25.81
2026-03-03,1772548200,25.91
2026-03-04,1772634600,26.14
2026-03-05,1772721000,26.52
2026-03-06,1772807400,27.51
2026-03-09,1773063000,27.14
2026-03-10,1773149400,27.6
2026-03-11,1773235800,28.13
2026-03-12,1773322200,28.86
2026-03-13,1773408600,28.71
2026-03-16,1773667800,28.31
2026-03-17,1773754200,28.76
2026-03-18,1773840600,29.27
2026-03-19,1773927000,28.84
2026-03-20,1774013400,28.94
2026-03-23,1774272600,27.75
2026-03-24,1774359000,28.24
2026-03-25,1774445400,28.17
2026-03-26,1774531800,28.44
2026-03-27,1774618200,29.1
2026-03-30,1774877400,29.26
2026-03-31,1774963800,28.95
2026-04-01,1775050200,28.68
2026-04-02,1775136600,29.33
2026-04-06,1775482200,29.48
2026-04-07,1775568600,29.37
2026-04-08,1775655000,28.56
2026-04-09,1775741400,28.71
2026-04-10,1775827800,28.5
2026-04-13,1776087000,28.96
2026-04-14,1776173400,28.84
2026-04-15,1776259800,28.89
2026-04-16,1776346200,29.11
2026-04-17,1776432600,28.29
2026-04-20,1776691800,28.67
2026-04-21,1776778200,29.21
2026-04-22,1776864600,29.51
2026-04-23,1776951000,29.89
2026-04-24,1777037400,29.86
2026-04-27,1777296600,30.09
2026-04-28,1777383000,30.34
2026-04-29,1777469400,31.08
2026-04-30,1777555800,31.1
2026-05-01,1777642200,30.81
2026-05-04,1777901400,31.33
2026-05-05,1777987800,31.2
2026-05-06,1778074200,30.21
2026-05-07,1778160600,30.25
2026-05-08,1778247000,30.3
2026-05-11,1778506200,31.06
2026-05-12,1778592600,31.69
2026-05-13,1778679000,31.37
2026-05-14,1778765400,31.15
2026-05-15,1778851800,31.19
2026-05-18,1779111000,31.38
2026-05-19,1779197400,31.61
2026-05-20,1779283800,30.88
2026-05-21,1779370200,30.7
2026-05-22,1779456600,30.54
2026-05-26,1779802200,30.03
2026-05-27,1779888600,29.49
2026-05-28,1779975000,29.72
2026-05-29,1780061400,29.48
2026-06-01,1780320600,29.99
2026-06-02,1780407000,30.12
2026-06-03,1780493400,30.29
2026-06-04,1780579800,29.88
2026-06-05,1780666200,29.23
2026-06-08,1780925400,29.47
2026-06-09,1781011800,29.07
2026-06-10,1781098200,29.17
2026-06-11,1781184600,28.85
2026-06-12,1781271000,28.55
2026-06-15,1781530200,28.22
2026-06-16,1781616600,27.9
2026-06-17,1781703000,27.71
2026-06-18,1781789400,27.63
2026-06-22,1782135000,27.41
2026-06-23,1782221400,27.12
2026-06-24,1782307800,26.45
2026-06-25,1782394200,26.93
2026-06-26,1782480600,26.57
2026-06-29,1782739800,26.56
2026-06-30,1782826200,26.66
2026-07-01,1782912600,26.45
2026-07-02,1782999000,26.57
2026-07-06,1783344600,27
2026-07-07,1783431000,27.35
2026-07-08,1783517400,27.8
2026-07-09,1783603800,27.58
2026-07-10,1783690200,27.52
2026-07-13,1783949400,28.33
2026-07-14,1784035800,28.63
2026-07-15,1784122200,28.79
2026-07-16,1784208600,28.46
2026-07-17,1784295000,28.98
2026-07-20,1784554200,29.14
2026-07-21,1784640600,29.57
2026-07-22,1784727000,29.86
2026-07-23,1784813400,30.31
2026-07-24,1784899800,30.1
2026-07-27,1785159000,29.01
2026-07-28,1785245400,28.6
2026-07-29,1785331800,29.42
2026-07-30,1785418200,29.32
2026-07-31,1785504600,29.45
2026-08-03,1785763800,28.88
2026-08-04,1785850200,28.31
2026-08-05,1785936600,28.48
2026-08-06,1786023000,28.86
2026-08-07,1786109400,28.91
2026-08-10,1786368600,29.93
2026-08-11,1786455000,29.97
2026-08-12,1786541400,30.11
2026-08-13,1786627800,29.78
2026-08-14,1786714200,30
2026-08-17,1786973400,30.56
2026-08-18,1787059800,30.48
2026-08-19,1787146200,30.76
2026-08-20,1787232600,31.11
2026-08-21,1787319000,31.26
2026-08-24,1787578200,30.94
2026-08-25,1787664600,30.43
2026-08-26,1787751000,30.5
2026-08-27,1787837400,30.86
2026-08-28,1787923800,30.79
2026-08-31,1788183000,31.3
2026-09-01,1788269400,31.93
2026-09-02,1788355800,31.93
2026-09-03,1788442200,31.96
2026-09-04,1788528600,31.9
2026-09-08,1788874200,32.4
2026-09-09,1788960600,32.85
2026-09-10,1789047000,33.62
2026-09-11,1789133400,33.16
2026-09-14,1789392600,33.15
2026-09-15,1789479000,33.68
2026-09-16,1789565400,33.16
2026-09-17,1789651800,33.05
2026-09-18,1789738200,32.93
2026-09-21,1789997400,32.58
2026-09-22,1790083800,32.44
2026-09-23,1790170200,32.88
2026-09-24,1790256600,33.18
2026-09-25,1790343000,32.62
2026-09-28,1790602200,32.49
2026-09-29,1790688600,32
2026-09-30,1790775000,32.32
2026-10-01,1790861400,32.75
2026-10-02,1790947800,32.54
