date,timestamp_utc,close
2006-11-15,1163601000,17.935
2006-11-16,1163687400,18
2006-11-17,1163773800,18.019995
2006-11-20,1164033000,17.96
2006-11-21,1164119400,17.99
2006-11-22,1164205800,18.03
2006-11-24,1164378600,18.1
2006-11-27,1164637800,17.9
2006-11-28,1164724200,18.03
2006-11-29,1164810600,18.254995
2006-11-30,1164897000,18.370005
2006-12-01,1164983400,18.36
2006-12-04,1165242600,18.504995
2006-12-05,1165329000,18.550005
2006-12-06,1165415400,18.46
2006-12-07,1165501800,18.44
2006-12-08,1165588200,18.385
2006-12-11,1165847400,18.485
2006-12-12,1165933800,18.555
2006-12-13,1166020200,18.625
2006-12-14,1166106600,18.655
2006-12-15,1166193000,18.47
2006-12-18,1166452200,18.339995
2006-12-19,1166538600,18.42
2006-12-20,1166625000,18.36
2006-12-21,1166711400,18.35
2006-12-22,1166797800,18.285005
2006-12-26,1167143400,18.375
2006-12-27,1167229800,18.475
2006-12-28,1167316200,18.365
2006-12-29,1167402600,18.36
2007-01-03,1167834600,18.410005
2007-01-04,1167921000,18.385
2007-01-05,1168007400,18.055
2007-01-08,1168266600,18.045
2007-01-09,1168353000,18.06
2007-01-10,1168439400,18.065
2007-01-11,1168525800,18.085
2007-01-12,1168612200,17.935
2007-01-16,1168957800,17.99
2007-01-17,1169044200,18.03
2007-01-18,1169130600,18.019995
2007-01-19,1169217000,18.025
2007-01-22,1169476200,18.019995
2007-01-23,1169562600,18.125
2007-01-24,1169649000,18.185
2007-01-25,1169735400,18.17
2007-01-26,1169821800,18.125
2007-01-29,1170081000,18.185
2007-01-30,1170167400,18.24
2007-01-31,1170253800,18.295
2007-02-01,1170340200,18.449995
2007-02-02,1170426600,18.550005
2007-02-05,1170685800,18.75
2007-02-06,1170772200,18.85
2007-02-07,1170858600,18.92
2007-02-08,1170945000,18.955
2007-02-09,1171031400,19.019995
2007-02-12,1171290600,18.949995
2007-02-13,1171377000,19.115
2007-02-14,1171463400,19.25
2007-02-15,1171549800,19.085
2007-02-16,1171636200,19.120005
2007-02-20,1171981800,19.17
2007-02-21,1172068200,19.089995
2007-02-22,1172154600,19.115
2007-02-23,1172241000,19.335
2007-02-26,1172500200,19.795
2007-02-27,1172586600,19.074995
2007-02-28,1172673000,19.225
2007-03-01,1172759400,19.324995
2007-03-02,1172845800,19.025
2007-03-05,1173105000,18.785005
2007-03-06,1173191400,19.065
2007-03-07,1173277800,19.025
2007-03-08,1173364200,19.125
2007-03-09,1173450600,19.1
2007-03-12,1173706200,19.315
2007-03-13,1173792600,19.03
2007-03-14,1173879000,19.125
2007-03-15,1173965400,19.370005
2007-03-16,1174051800,19.199995
2007-03-19,1174311000,19.339995
2007-03-20,1174397400,19.620005
2007-03-21,1174483800,19.85
2007-03-22,1174570200,19.83
2007-03-23,1174656600,19.925005
2007-03-26,1174915800,20.01
2007-03-27,1175002200,19.980005
2007-03-28,1175088600,19.94
2007-03-29,1175175000,20.055
2007-03-30,1175261400,19.85
2007-04-02,1175520600,20.324995
2007-04-03,1175607000,20.35
2007-04-04,1175693400,20.26
2007-04-05,1175779800,20.35
2007-04-09,1176125400,20.5
2007-04-10,1176211800,20.504995
2007-04-11,1176298200,20.455
2007-04-12,1176384600,20.365
2007-04-13,1176471000,20.36
2007-04-16,1176730200,20.480005
2007-04-17,1176816600,20.574995
2007-04-18,1176903000,20.725
2007-04-19,1176989400,20.625
2007-04-20,1177075800,20.785005
2007-04-23,1177335000,20.94
2007-04-24,1177421400,21.089995
2007-04-25,1177507800,21.15
2007-04-26,1177594200,21.08
2007-04-27,1177680600,20.905
2007-04-30,1177939800,20.824995
2007-05-01,1178026200,20.995005
2007-05-02,1178112600,21.11
2007-05-03,1178199000,21.085
2007-05-04,1178285400,21.045
2007-05-07,1178544600,21.295
2007-05-08,1178631000,21.199995
2007-05-09,1178717400,21.214995
2007-05-10,1178803800,21
2007-05-11,1178890200,21.1
2007-05-14,1179149400,21.185
2007-05-15,1179235800,21.300005
2007-05-16,1179322200,21.35
2007-05-17,1179408600,21.300005
2007-05-18,1179495000,21.415
2007-05-21,1179754200,21.385
2007-05-22,1179840600,21.345
2007-05-23,1179927000,21.01
2007-05-24,1180013400,20.54
2007-05-25,1180099800,20.550005
2007-05-29,1180445400,20.61
2007-05-30,1180531800,20.865
2007-05-31,1180618200,20.92
2007-06-01,1180704600,20.805
2007-06-04,1180963800,20.725
2007-06-05,1181050200,20.449995
2007-06-06,1181136600,20.125
2007-06-07,1181223000,19.5
2007-06-08,1181309400,19.64
2007-06-11,1181568600,19.9
2007-06-12,1181655000,19.574995
2007-06-13,1181741400,19.964995
2007-06-14,1181827800,20.089995
2007-06-15,1181914200,20.22
2007-06-18,1182173400,20
2007-06-19,1182259800,20.129995
2007-06-20,1182346200,19.605005
2007-06-21,1182432600,19.730005
2007-06-22,1182519000,19.355005
2007-06-25,1182778200,19.46
2007-06-26,1182864600,19.355005
2007-06-27,1182951000,19.64
2007-06-28,1183037400,19.635
2007-06-29,1183123800,19.79
2007-07-02,1183383000,20.074995
2007-07-03,1183469400,20.074995
2007-07-05,1183642200,20.035005
2007-07-06,1183728600,19.93
2007-07-09,1183987800,19.96
2007-07-10,1184074200,19.775
2007-07-11,1184160600,19.824995
2007-07-12,1184247000,20.074995
2007-07-13,1184333400,20.375
2007-07-16,1184592600,20.08
2007-07-17,1184679000,20.1
2007-07-18,1184765400,20.25
2007-07-19,1184851800,20.574995
2007-07-20,1184938200,20.35
2007-07-23,1185197400,20.370005
2007-07-24,1185283800,19.76
2007-07-25,1185370200,19.800005
2007-07-26,1185456600,19.35
2007-07-27,1185543000,18.775
2007-07-30,1185802200,19.035005
2007-07-31,1185888600,19
2007-08-01,1185975000,19.43
2007-08-02,1186061400,19.64
2007-08-03,1186147800,18.975
2007-08-06,1186407000,19.57
2007-08-07,1186493400,19.925005
2007-08-08,1186579800,20.214995
2007-08-09,1186666200,19.85
2007-08-10,1186752600,19.504995
2007-08-13,1187011800,19.605005
2007-08-14,1187098200,19.275
2007-08-15,1187184600,19.015
2007-08-16,1187271000,19.15
2007-08-17,1187357400,19.315
2007-08-20,1187616600,19.42
2007-08-21,1187703000,19.4
2007-08-22,1187789400,19.625
2007-08-23,1187875800,19.685
2007-08-24,1187962200,19.805
2007-08-27,1188221400,19.300005
2007-08-28,1188307800,19
2007-08-29,1188394200,19.375
2007-08-30,1188480600,19.339995
2007-08-31,1188567000,19.300005
2007-09-04,1188912600,19.675005
2007-09-05,1188999000,19.625
2007-09-06,1189085400,19.65
2007-09-07,1189171800,19.504995
2007-09-10,1189431000,19.519995
2007-09-11,1189517400,19.65
2007-09-12,1189603800,19.815
2007-09-13,1189690200,19.855005
2007-09-14,1189776600,19.85
2007-09-17,1190035800,19.865
2007-09-18,1190122200,20.324995
2007-09-19,1190208600,20.550005
2007-09-20,1190295000,20.269995
2007-09-21,1190381400,20.160005
2007-09-24,1190640600,20.235
2007-09-25,1190727000,20.26
2007-09-26,1190813400,20.36
2007-09-27,1190899800,20.214995
2007-09-28,1190986200,19.9
2007-10-01,1191245400,20.17
2007-10-02,1191331800,20.245005
2007-10-03,1191418200,20.18
2007-10-04,1191504600,20.29
2007-10-05,1191591000,20.449995
2007-10-08,1191850200,20.42
2007-10-09,1191936600,20.644995
2007-10-10,1192023000,20.49
2007-10-11,1192109400,20.699995
2007-10-12,1192195800,20.644995
2007-10-15,1192455000,20.495005
2007-10-16,1192541400,20.445
2007-10-17,1192627800,20.5
2007-10-18,1192714200,20.32
2007-10-19,1192800600,19.870005
2007-10-22,1193059800,20.01
2007-10-23,1193146200,20.019995
2007-10-24,1193232600,20
2007-10-25,1193319000,20.49
2007-10-26,1193405400,20.769995
2007-10-29,1193664600,20.955
2007-10-30,1193751000,20.980005
2007-10-31,1193837400,21.225
2007-11-01,1193923800,20.79
2007-11-02,1194010200,20.96
2007-11-05,1194273000,21.19
2007-11-06,1194359400,21.21
2007-11-07,1194445800,20.725
2007-11-08,1194532200,21.129995
2007-11-09,1194618600,20.964995
2007-11-12,1194877800,20.6
2007-11-13,1194964200,20.775
2007-11-14,1195050600,20.65
2007-11-15,1195137000,20.835
2007-11-16,1195223400,20.839995
2007-11-19,1195482600,20.9
2007-11-20,1195569000,21.155
2007-11-21,1195655400,20.980005
2007-11-23,1195828200,20.96
2007-11-26,1196087400,20.925005
2007-11-27,1196173800,21.004995
2007-11-28,1196260200,21.370005
2007-11-29,1196346600,21.225
2007-11-30,1196433000,21.365
2007-12-03,1196692200,21.574995
2007-12-04,1196778600,21.730005
2007-12-05,1196865000,22.105005
2007-12-06,1196951400,21.975
2007-12-07,1197037800,22.089995
2007-12-10,1197297000,22.19
2007-12-11,1197383400,21.675005
2007-12-12,1197469800,21.68
2007-12-13,1197556200,22
2007-12-14,1197642600,21.589995
2007-12-17,1197901800,21.39
2007-12-18,1197988200,21.58
2007-12-19,1198074600,21.525
2007-12-20,1198161000,21.620005
2007-12-21,1198247400,21.5
2007-12-24,1198506600,21.605005
2007-12-26,1198679400,21.495005
2007-12-27,1198765800,21.305
2007-12-28,1198852200,21.46
2007-12-31,1199111400,21.165
2008-01-02,1199284200,21.045
2008-01-03,1199370600,21.015
2008-01-04,1199457000,21.175005
2008-01-07,1199716200,21.615
2008-01-08,1199802600,21.620005
2008-01-09,1199889000,21.855005
2008-01-10,1199975400,21.72
2008-01-11,1200061800,21.714995
2008-01-14,1200321000,21.745005
2008-01-15,1200407400,21.515
2008-01-16,1200493800,21.129995
2008-01-17,1200580200,20.315
2008-01-18,1200666600,20.015
2008-01-22,1201012200,19.324995
2008-01-23,1201098600,19.839995
2008-01-24,1201185000,19.300005
2008-01-25,1201271400,19.089995
2008-01-28,1201530600,19.39
2008-01-29,1201617000,19.455
2008-01-30,1201703400,19.355005
2008-01-31,1201789800,19.61
2008-02-01,1201876200,20.120005
2008-02-04,1202135400,20.410005
2008-02-05,1202221800,19.795
2008-02-06,1202308200,19.76
2008-02-07,1202394600,19.655
2008-02-08,1202481000,19.5
2008-02-11,1202740200,19.660005
2008-02-12,1202826600,19.995005
2008-02-13,1202913000,19.9
2008-02-14,1202999400,19.65
2008-02-15,1203085800,19.925005
2008-02-19,1203431400,19.765
2008-02-20,1203517800,19.805
2008-02-21,1203604200,19.370005
2008-02-22,1203690600,19.71
2008-02-25,1203949800,19.730005
2008-02-26,1204036200,19.985
2008-02-27,1204122600,19.504995
2008-02-28,1204209000,19.375
2008-02-29,1204295400,18.805
2008-03-03,1204554600,19.089995
2008-03-04,1204641000,19.42
2008-03-05,1204727400,19.365
2008-03-06,1204813800,18.97
2008-03-07,1204900200,18.85
2008-03-10,1205155800,18.824995
2008-03-11,1205242200,19.15
2008-03-12,1205328600,19.15
2008-03-13,1205415000,19.089995
2008-03-14,1205501400,18.949995
2008-03-17,1205760600,18.96
2008-03-18,1205847000,19.295
2008-03-19,1205933400,18.915
2008-03-20,1206019800,18.725
2008-03-24,1206365400,18.785005
2008-03-25,1206451800,18.730005
2008-03-26,1206538200,18.800005
2008-03-27,1206624600,18.99
2008-03-28,1206711000,18.815
2008-03-31,1206970200,18.97
2008-04-01,1207056600,19.46
2008-04-02,1207143000,19.71
2008-04-03,1207229400,19.605005
2008-04-04,1207315800,19.585
2008-04-07,1207575000,19.67
2008-04-08,1207661400,19.800005
2008-04-09,1207747800,19.75
2008-04-10,1207834200,19.61
2008-04-11,1207920600,19.635
2008-04-14,1208179800,19.605005
2008-04-15,1208266200,19.82
2008-04-16,1208352600,20.235
2008-04-17,1208439000,20.275
2008-04-18,1208525400,20.339995
2008-04-21,1208784600,20.155
2008-04-22,1208871000,20.095
2008-04-23,1208957400,20.125
2008-04-24,1209043800,20.105005
2008-04-25,1209130200,20.17
2008-04-28,1209389400,19.975
2008-04-29,1209475800,20.07
2008-04-30,1209562200,19.94
2008-05-01,1209648600,20.175005
2008-05-02,1209735000,20.51
2008-05-05,1209994200,20.214995
2008-05-06,1210080600,20.21
2008-05-07,1210167000,19.905
2008-05-08,1210253400,19.955
2008-05-09,1210339800,20.019995
2008-05-12,1210599000,20.214995
2008-05-13,1210685400,20.185
2008-05-14,1210771800,20.26
2008-05-15,1210858200,20.24
2008-05-16,1210944600,20.39
2008-05-19,1211203800,20.620005
2008-05-20,1211290200,20.76
2008-05-21,1211376600,20.655
2008-05-22,1211463000,20.775
2008-05-23,1211549400,20.455
2008-05-27,1211895000,20.56
2008-05-28,1211981400,20.574995
2008-05-29,1212067800,20.795
2008-05-30,1212154200,20.655
2008-06-02,1212413400,20.504995
2008-06-03,1212499800,20.324995
2008-06-04,1212586200,20.57
2008-06-05,1212672600,20.815
2008-06-06,1212759000,20.269995
2008-06-09,1213018200,20.585
2008-06-10,1213104600,20.565
2008-06-11,1213191000,20.545
2008-06-12,1213277400,20.46
2008-06-13,1213363800,20.644995
2008-06-16,1213623000,20.665
2008-06-17,1213709400,20.78
2008-06-18,1213795800,20.699995
2008-06-19,1213882200,20.725
2008-06-20,1213968600,20.335
2008-06-23,1214227800,20.58
2008-06-24,1214314200,20.410005
2008-06-25,1214400600,20.65
2008-06-26,1214487000,20.035005
2008-06-27,1214573400,19.865
2008-06-30,1214832600,20.35
2008-07-01,1214919000,20.455
2008-07-02,1215005400,20.4
2008-07-03,1215091800,20.19
2008-07-07,1215437400,19.99
2008-07-08,1215523800,20.095
2008-07-09,1215610200,20.335
2008-07-10,1215696600,20.385
2008-07-11,1215783000,20.230005
2008-07-14,1216042200,20.089995
2008-07-15,1216128600,19.949995
2008-07-16,1216215000,19.555
2008-07-17,1216301400,19.245005
2008-07-18,1216387800,19.265
2008-07-21,1216647000,19.605005
2008-07-22,1216733400,19.54
2008-07-23,1216819800,19.065
2008-07-24,1216906200,19.035005
2008-07-25,1216992600,18.805
2008-07-28,1217251800,18.85
2008-07-29,1217338200,18.875
2008-07-30,1217424600,19.245005
2008-07-31,1217511000,19.04
2008-08-01,1217597400,18.495005
2008-08-04,1217856600,18.295
2008-08-05,1217943000,18.445
2008-08-06,1218029400,18.545
2008-08-07,1218115800,18.53
2008-08-08,1218202200,18.585
2008-08-11,1218461400,18.79
2008-08-12,1218547800,18.57
2008-08-13,1218634200,18.57
2008-08-14,1218720600,18.410005
2008-08-15,1218807000,18.475
2008-08-18,1219066200,18.5
2008-08-19,1219152600,18.6
2008-08-20,1219239000,18.67
2008-08-21,1219325400,18.85
2008-08-22,1219411800,18.925005
2008-08-25,1219671000,18.725
2008-08-26,1219757400,18.93
2008-08-27,1219843800,19.065
2008-08-28,1219930200,19.095
2008-08-29,1220016600,18.83
2008-09-02,1220362200,18.6
2008-09-03,1220448600,18.305
2008-09-04,1220535000,18.074995
2008-09-05,1220621400,17.695
2008-09-08,1220880600,18.14
2008-09-09,1220967000,17.57
2008-09-10,1221053400,17.765
2008-09-11,1221139800,17.905
2008-09-12,1221226200,18.24
2008-09-15,1221485400,17.605005
2008-09-16,1221571800,17.339995
2008-09-17,1221658200,16.5
2008-09-18,1221744600,17.105005
2008-09-19,1221831000,17.5
2008-09-22,1222090200,17.065
2008-09-23,1222176600,16.769995
2008-09-24,1222263000,16.925005
2008-09-25,1222349400,17.26
2008-09-26,1222435800,17.265
2008-09-29,1222695000,16.36
2008-09-30,1222781400,16.615
2008-10-01,1222867800,16.545
2008-10-02,1222954200,16.305
2008-10-03,1223040600,16.06
2008-10-06,1223299800,15.275
2008-10-07,1223386200,14.65
2008-10-08,1223472600,14.394995
2008-10-09,1223559000,13.425005
2008-10-10,1223645400,12.879995
2008-10-13,1223904600,14.435
2008-10-14,1223991000,14.315
2008-10-15,1224077400,13.25
2008-10-16,1224163800,13.635
2008-10-17,1224250200,13.705
2008-10-20,1224509400,14.86
2008-10-21,1224595800,14.39
2008-10-22,1224682200,13.78
2008-10-23,1224768600,14.11
2008-10-24,1224855000,13.735
2008-10-27,1225114200,13.199995
2008-10-28,1225200600,14.53
2008-10-29,1225287000,14.065
2008-10-30,1225373400,14.85
2008-10-31,1225459800,14.455
2008-11-03,1225722600,14.605005
2008-11-04,1225809000,14.879995
2008-11-05,1225895400,14.605005
2008-11-06,1225981800,13.92
2008-11-07,1226068200,14.53
2008-11-10,1226327400,14.18
2008-11-11,1226413800,14.18
2008-11-12,1226500200,13.71
2008-11-13,1226586600,14.75
2008-11-14,1226673000,14.4
2008-11-17,1226932200,14.375
2008-11-18,1227018600,14.22
2008-11-19,1227105000,13.915
2008-11-20,1227191400,13.105005
2008-11-21,1227277800,14.415
2008-11-24,1227537000,14.56
2008-11-25,1227623400,14.85
2008-11-26,1227709800,14.800005
2008-11-28,1227882600,15.06
2008-12-01,1228141800,14.06
2008-12-02,1228228200,14.425005
2008-12-03,1228314600,14.675005
2008-12-04,1228401000,14.144995
2008-12-05,1228487400,14.235
2008-12-08,1228746600,14.464995
2008-12-09,1228833000,14.26
2008-12-10,1228919400,14.475
2008-12-11,1229005800,14.36
2008-12-12,1229092200,14.449995
2008-12-15,1229351400,14.225
2008-12-16,1229437800,14.71
2008-12-17,1229524200,14.265
2008-12-18,1229610600,14.385
2008-12-19,1229697000,14.29
2008-12-22,1229956200,14.1
2008-12-23,1230042600,13.938795
2008-12-24,1230129000,14.01
2008-12-26,1230301800,14.04
2008-12-29,1230561000,14.07
2008-12-30,1230647400,14.285005
2008-12-31,1230733800,14.515
2009-01-02,1230906600,14.855005
2009-01-05,1231165800,15.065
2009-01-06,1231252200,14.85
2009-01-07,1231338600,14.730005
2009-01-08,1231425000,14.655
2009-01-09,1231511400,14.54
2009-01-12,1231770600,14.545
2009-01-13,1231857000,14.269995
2009-01-14,1231943400,14.095
2009-01-15,1232029800,14.17
2009-01-16,1232116200,14.449995
2009-01-20,1232461800,14.199995
2009-01-21,1232548200,14.36
2009-01-22,1232634600,14.355005
2009-01-23,1232721000,14.385
2009-01-26,1232980200,14.730005
2009-01-27,1233066600,14.800005
2009-01-28,1233153000,14.894995
2009-01-29,1233239400,14.785005
2009-01-30,1233325800,14.49
2009-02-02,1233585000,14.57
2009-02-03,1233671400,14.635
2009-02-04,1233757800,14.745005
2009-02-05,1233844200,14.85
2009-02-06,1233930600,14.945
2009-02-09,1234189800,14.862
2009-02-10,1234276200,14.44
2009-02-11,1234362600,14.394995
2009-02-12,1234449000,14.269995
2009-02-13,1234535400,14.185
2009-02-17,1234881000,13.57
2009-02-18,1234967400,13.365
2009-02-19,1235053800,13.424005
2009-02-20,1235140200,13.120005
2009-02-23,1235399400,12.805
2009-02-24,1235485800,13.175005
2009-02-25,1235572200,13.089995
2009-02-26,1235658600,12.875
2009-02-27,1235745000,12.675005
2009-03-02,1236004200,12.275
2009-03-03,1236090600,11.835
2009-03-04,1236177000,11.945
2009-03-05,1236263400,11.605005
2009-03-06,1236349800,11.589995
2009-03-09,1236605400,11.370005
2009-03-10,1236691800,11.519995
2009-03-11,1236778200,11.5
2009-03-12,1236864600,11.65
2009-03-13,1236951000,11.81
2009-03-16,1237210200,12.129995
2009-03-17,1237296600,12.32
2009-03-18,1237383000,12.72
2009-03-19,1237469400,12.905
2009-03-20,1237555800,12.675005
2009-03-23,1237815000,13.165
2009-03-24,1237901400,12.879995
2009-03-25,1237987800,12.875
2009-03-26,1238074200,13.03
2009-03-27,1238160600,12.9
2009-03-30,1238419800,12.644995
2009-03-31,1238506200,12.775
2009-04-01,1238592600,12.824995
2009-04-02,1238679000,12.99
2009-04-03,1238765400,13.074995
2009-04-06,1239024600,12.964995
2009-04-07,1239111000,12.905
2009-04-08,1239197400,13.03
2009-04-09,1239283800,13.035005
2009-04-13,1239629400,12.865
2009-04-14,1239715800,12.699995
2009-04-15,1239802200,12.82
2009-04-16,1239888600,12.910005
2009-04-17,1239975000,12.89
2009-04-20,1240234200,12.745005
2009-04-21,1240320600,12.792
2009-04-22,1240407000,12.655
2009-04-23,1240493400,12.699995
2009-04-24,1240579800,12.68
2009-04-27,1240839000,12.769995
2009-04-28,1240925400,12.82
2009-04-29,1241011800,12.915
2009-04-30,1241098200,12.925005
2009-05-01,1241184600,13.265
2009-05-04,1241443800,13.464995
2009-05-05,1241530200,13.44
2009-05-06,1241616600,13.36
2009-05-07,1241703000,13.43
2009-05-08,1241789400,13.625
2009-05-11,1242048600,13.565
2009-05-12,1242135000,13.660005
2009-05-13,1242221400,13.295
2009-05-14,1242307800,13.285005
2009-05-15,1242394200,12.97
2009-05-18,1242653400,12.97
2009-05-19,1242739800,13.205
2009-05-20,1242826200,12.964995
2009-05-21,1242912600,12.81
2009-05-22,1242999000,12.915
2009-05-26,1243344600,13.29
2009-05-27,1243431000,13.019995
2009-05-28,1243517400,13.29
2009-05-29,1243603800,13.385
2009-06-01,1243863000,13.815
2009-06-02,1243949400,13.65
2009-06-03,1244035800,13.42
2009-06-04,1244122200,13.545
2009-06-05,1244208600,13.56
2009-06-08,1244467800,13.475
2009-06-09,1244554200,13.44
2009-06-10,1244640600,13.65
2009-06-11,1244727000,13.915
2009-06-12,1244813400,14.089995
2009-06-15,1245072600,13.805
2009-06-16,1245159000,13.71
2009-06-17,1245245400,13.75
2009-06-18,1245331800,14.06
2009-06-19,1245418200,13.735
2009-06-22,1245677400,13.695
2009-06-23,1245763800,13.574995
2009-06-24,1245850200,13.69
2009-06-25,1245936600,13.92
2009-06-26,1246023000,13.870005
2009-06-29,1246282200,14.050005
2009-06-30,1246368600,13.945
2009-07-01,1246455000,14.125
2009-07-02,1246541400,13.72
2009-07-06,1246887000,13.800005
2009-07-07,1246973400,13.525
2009-07-08,1247059800,13.464995
2009-07-09,1247146200,13.47
2009-07-10,1247232600,13.455
2009-07-13,1247491800,13.69
2009-07-14,1247578200,13.795
2009-07-15,1247664600,14.07
2009-07-16,1247751000,14.074995
2009-07-17,1247837400,14.01
2009-07-20,1248096600,14.115
2009-07-21,1248183000,14.254995
2009-07-22,1248269400,14.18
2009-07-23,1248355800,14.550005
2009-07-24,1248442200,14.78
2009-07-27,1248701400,14.745005
2009-07-28,1248787800,14.504995
2009-07-29,1248874200,14.435
2009-07-30,1248960600,14.655
2009-07-31,1249047000,14.47
2009-08-03,1249306200,14.615
2009-08-04,1249392600,14.4
2009-08-05,1249479000,14.300005
2009-08-06,1249565400,14.324995
2009-08-07,1249651800,14.46
2009-08-10,1249911000,14.49
2009-08-11,1249997400,14.5
2009-08-12,1250083800,14.57
2009-08-13,1250170200,14.519995
2009-08-14,1250256600,14.519995
2009-08-17,1250515800,14.32
2009-08-18,1250602200,14.35
2009-08-19,1250688600,14.455
2009-08-20,1250775000,14.574995
2009-08-21,1250861400,14.86
2009-08-24,1251120600,14.885
2009-08-25,1251207000,14.79
2009-08-26,1251293400,14.775
2009-08-27,1251379800,14.775
2009-08-28,1251466200,14.74
2009-08-31,1251725400,14.615
2009-09-01,1251811800,14.5
2009-09-02,1251898200,14.4
2009-09-03,1251984600,14.39
2009-09-04,1252071000,14.46
2009-09-08,1252416600,14.495005
2009-09-09,1252503000,14.475
2009-09-10,1252589400,14.475
2009-09-11,1252675800,14.47
2009-09-14,1252935000,14.68
2009-09-15,1253021400,14.79
2009-09-16,1253107800,15.025
2009-09-17,1253194200,14.925005
2009-09-18,1253280600,14.839995
2009-09-21,1253539800,14.769995
2009-09-22,1253626200,14.730005
2009-09-23,1253712600,14.68
2009-09-24,1253799000,14.64
2009-09-25,1253885400,14.6
2009-09-28,1254144600,14.725
2009-09-29,1254231000,14.754995
2009-09-30,1254317400,14.665
2009-10-01,1254403800,14.415
2009-10-02,1254490200,14.26
2009-10-05,1254749400,14.415
2009-10-06,1254835800,14.525
2009-10-07,1254922200,14.535005
2009-10-08,1255008600,14.535005
2009-10-09,1255095000,14.625
2009-10-12,1255354200,14.775
2009-10-13,1255440600,14.67
2009-10-14,1255527000,14.68
2009-10-15,1255613400,14.795
2009-10-16,1255699800,14.845
2009-10-19,1255959000,15.055
2009-10-20,1256045400,14.905
2009-10-21,1256131800,14.925005
2009-10-22,1256218200,14.96
2009-10-23,1256304600,14.714995
2009-10-26,1256563800,14.519995
2009-10-27,1256650200,14.485
2009-10-28,1256736600,14.339995
2009-10-29,1256823000,14.464995
2009-10-30,1256909400,14.195
2009-11-02,1257172200,14.17
2009-11-03,1257258600,14.14
2009-11-04,1257345000,14.235
2009-11-05,1257431400,14.475
2009-11-06,1257517800,14.46
2009-11-09,1257777000,14.72
2009-11-10,1257863400,14.79
2009-11-11,1257949800,14.754995
2009-11-12,1258036200,14.550005
2009-11-13,1258122600,14.68
2009-11-16,1258381800,14.885
2009-11-17,1258468200,14.805
2009-11-18,1258554600,14.74
2009-11-19,1258641000,14.56
2009-11-20,1258727400,14.625
2009-11-23,1258986600,14.81
2009-11-24,1259073000,14.839995
2009-11-25,1259159400,15.01
2009-11-27,1259332200,14.754995
2009-11-30,1259591400,14.879995
2009-12-01,1259677800,15.160005
2009-12-02,1259764200,15.365
2009-12-03,1259850600,15.415
2009-12-04,1259937000,15.32
2009-12-07,1260196200,15.455
2009-12-08,1260282600,15.39
2009-12-09,1260369000,15.445
2009-12-10,1260455400,15.64
2009-12-11,1260541800,15.910005
2009-12-14,1260801000,15.985
2009-12-15,1260887400,15.885
2009-12-16,1260973800,15.815
2009-12-17,1261060200,15.725
2009-12-18,1261146600,15.675005
2009-12-21,1261405800,15.72
2009-12-22,1261492200,15.589995
2009-12-23,1261578600,15.625
2009-12-24,1261665000,15.74
2009-12-28,1262010600,15.75
2009-12-29,1262097000,15.74
2009-12-30,1262183400,15.735
2009-12-31,1262269800,15.51
2010-01-04,1262615400,15.54
2010-01-05,1262701800,15.355005
2010-01-06,1262788200,15.445
2010-01-07,1262874600,15.375
2010-01-08,1262961000,15.36
2010-01-11,1263220200,15.519995
2010-01-12,1263306600,15.455
2010-01-13,1263393000,15.625
2010-01-14,1263479400,15.555
2010-01-15,1263565800,15.455
2010-01-19,1263911400,15.635
2010-01-20,1263997800,15.47
2010-01-21,1264084200,15.245005
2010-01-22,1264170600,14.910005
2010-01-25,1264429800,15.01
2010-01-26,1264516200,15.07
2010-01-27,1264602600,14.97
2010-01-28,1264689000,14.855005
2010-01-29,1264775400,14.765
2010-02-01,1265034600,14.86
2010-02-02,1265121000,14.980005
2010-02-03,1265207400,14.875
2010-02-04,1265293800,14.485
2010-02-05,1265380200,14.46
2010-02-08,1265639400,14.295
2010-02-09,1265725800,14.44
2010-02-10,1265812200,14.375
2010-02-11,1265898600,14.46
2010-02-12,1265985000,14.405
2010-02-16,1266330600,14.655
2010-02-17,1266417000,14.595
2010-02-18,1266503400,14.675005
2010-02-19,1266589800,14.879995
2010-02-22,1266849000,14.800005
2010-02-23,1266935400,14.699995
2010-02-24,1267021800,14.714995
2010-02-25,1267108200,14.685
2010-02-26,1267194600,14.57
2010-03-01,1267453800,14.78
2010-03-02,1267540200,14.824995
2010-03-03,1267626600,14.800005
2010-03-04,1267713000,14.83
2010-03-05,1267799400,14.980005
2010-03-08,1268058600,14.980005
2010-03-09,1268145000,14.96
2010-03-10,1268231400,14.964995
2010-03-11,1268317800,15.015
2010-03-12,1268404200,14.92
2010-03-15,1268659800,14.975
2010-03-16,1268746200,15.15
2010-03-17,1268832600,15.199995
2010-03-18,1268919000,15.129995
2010-03-19,1269005400,14.980005
2010-03-22,1269264600,14.879995
2010-03-23,1269351000,14.94
2010-03-24,1269437400,14.785005
2010-03-25,1269523800,14.69
2010-03-26,1269610200,14.725
2010-03-29,1269869400,14.905
2010-03-30,1269955800,14.865
2010-03-31,1270042200,14.83
2010-04-01,1270128600,15.035005
2010-04-05,1270474200,15.125
2010-04-06,1270560600,15.25
2010-04-07,1270647000,15.1
2010-04-08,1270733400,15.01
2010-04-09,1270819800,15.120005
2010-04-12,1271079000,15.160005
2010-04-13,1271165400,15.08
2010-04-14,1271251800,15.095
2010-04-15,1271338200,15.089995
2010-04-16,1271424600,14.915
2010-04-19,1271683800,14.93
2010-04-20,1271770200,15.120005
2010-04-21,1271856600,15.135
2010-04-22,1271943000,15.185
2010-04-23,1272029400,15.305
2010-04-26,1272288600,15.25
2010-04-27,1272375000,14.99
2010-04-28,1272461400,15.144995
2010-04-29,1272547800,15.160005
2010-04-30,1272634200,15.22
2010-05-03,1272893400,15.415
2010-05-04,1272979800,15.15
2010-05-05,1273066200,15.045
2010-05-06,1273152600,14.629995
2010-05-07,1273239000,14.550005
2010-05-10,1273498200,15
2010-05-11,1273584600,15.03
2010-05-12,1273671000,15.155
2010-05-13,1273757400,15.089995
2010-05-14,1273843800,14.964995
2010-05-17,1274103000,14.980005
2010-05-18,1274189400,14.835
2010-05-19,1274275800,14.685
2010-05-20,1274362200,14.245005
2010-05-21,1274448600,14.31
2010-05-24,1274707800,14.175005
2010-05-25,1274794200,14.1
2010-05-26,1274880600,14.095
2010-05-27,1274967000,14.365
2010-05-28,1275053400,14.379995
2010-06-01,1275399000,14.045
2010-06-02,1275485400,14.339995
2010-06-03,1275571800,14.49
2010-06-04,1275658200,14.058745
2010-06-07,1275917400,14.144995
2010-06-08,1276003800,14.33
2010-06-09,1276090200,14.25
2010-06-10,1276176600,14.6
2010-06-11,1276263000,14.61
2010-06-14,1276522200,14.695
2010-06-15,1276608600,14.980005
2010-06-16,1276695000,15.074995
2010-06-17,1276781400,15.185
2010-06-18,1276867800,15.04
2010-06-21,1277127000,14.935
2010-06-22,1277213400,14.565
2010-06-23,1277299800,14.435
2010-06-24,1277386200,14.355005
2010-06-25,1277472600,14.42
2010-06-28,1277731800,14.515
2010-06-29,1277818200,14.22
2010-06-30,1277904600,14.129995
2010-07-01,1277991000,14.065
2010-07-02,1278077400,14.08
2010-07-06,1278423000,14.245005
2010-07-07,1278509400,14.685
2010-07-08,1278595800,14.800005
2010-07-09,1278682200,14.9
2010-07-12,1278941400,14.949995
2010-07-13,1279027800,15
2010-07-14,1279114200,15.004995
2010-07-15,1279200600,15.105005
2010-07-16,1279287000,14.845
2010-07-19,1279546200,15.074995
2010-07-20,1279632600,15.21
2010-07-21,1279719000,14.975
2010-07-22,1279805400,15.214995
2010-07-23,1279891800,15.24
2010-07-26,1280151000,15.35
2010-07-27,1280237400,15.574995
2010-07-28,1280323800,15.5
2010-07-29,1280410200,15.26
2010-07-30,1280496600,15.185
2010-08-02,1280755800,15.5
2010-08-03,1280842200,15.425005
2010-08-04,1280928600,15.49
2010-08-05,1281015000,15.464995
2010-08-06,1281101400,15.495005
2010-08-09,1281360600,15.550005
2010-08-10,1281447000,15.64
2010-08-11,1281533400,15.324995
2010-08-12,1281619800,15.295
2010-08-13,1281706200,15.35
2010-08-16,1281965400,15.35
2010-08-17,1282051800,15.5
2010-08-18,1282138200,15.415
2010-08-19,1282224600,15.195
2010-08-20,1282311000,15.235
2010-08-23,1282570200,15.335
2010-08-24,1282656600,15.36125
2010-08-25,1282743000,15.35
2010-08-26,1282829400,15.28
2010-08-27,1282915800,15.57
2010-08-30,1283175000,15.335
2010-08-31,1283261400,15.405
2010-09-01,1283347800,15.74
2010-09-02,1283434200,15.74
2010-09-03,1283520600,15.81
2010-09-07,1283866200,15.730005
2010-09-08,1283952600,15.655
2010-09-09,1284039000,15.81
2010-09-10,1284125400,15.72
2010-09-13,1284384600,15.775
2010-09-14,1284471000,15.754995
2010-09-15,1284557400,15.665
2010-09-16,1284643800,15.61
2010-09-17,1284730200,15.425005
2010-09-20,1284989400,15.629995
2010-09-21,1285075800,15.550005
2010-09-22,1285162200,15.660005
2010-09-23,1285248600,15.480005
2010-09-24,1285335000,15.730005
2010-09-27,1285594200,15.76
2010-09-28,1285680600,15.769995
2010-09-29,1285767000,15.74
2010-09-30,1285853400,15.69
2010-10-01,1285939800,15.775
2010-10-04,1286199000,15.745005
2010-10-05,1286285400,15.92
2010-10-06,1286371800,15.845
2010-10-07,1286458200,15.875
2010-10-08,1286544600,15.925005
2010-10-11,1286803800,15.93
2010-10-12,1286890200,15.865
2010-10-13,1286976600,15.925005
2010-10-14,1287063000,15.9
2010-10-15,1287149400,15.9475
2010-10-18,1287408600,15.949995
2010-10-19,1287495000,15.980005
2010-10-20,1287581400,16.11
2010-10-21,1287667800,16.04
2010-10-22,1287754200,15.935
2010-10-25,1288013400,15.9
2010-10-26,1288099800,15.86
2010-10-27,1288186200,15.795
2010-10-28,1288272600,15.835
2010-10-29,1288359000,15.86
2010-11-01,1288618200,15.705
2010-11-02,1288704600,15.89
2010-11-03,1288791000,15.86
2010-11-04,1288877400,16.03
2010-11-05,1288963800,16.025
2010-11-08,1289226600,15.935
2010-11-09,1289313000,15.879995
2010-11-10,1289399400,15.81
2010-11-11,1289485800,15.800005
2010-11-12,1289572200,15.67
2010-11-15,1289831400,15.722505
2010-11-16,1289917800,15.54
2010-11-17,1290004200,15.5325
2010-11-18,1290090600,15.625
2010-11-19,1290177000,15.565
2010-11-22,1290436200,15.61
2010-11-23,1290522600,15.44
2010-11-24,1290609000,15.5325
2010-11-26,1290781800,15.43
2010-11-29,1291041000,15.4
2010-11-30,1291127400,15.379995
2010-12-01,1291213800,15.56
2010-12-02,1291300200,15.605005
2010-12-03,1291386600,15.637495
2010-12-06,1291645800,15.595
2010-12-07,1291732200,15.49
2010-12-08,1291818600,15.435
2010-12-09,1291905000,15.5
2010-12-10,1291991400,15.56
2010-12-13,1292250600,15.6325
2010-12-14,1292337000,15.675005
2010-12-15,1292423400,15.54
2010-12-16,1292509800,15.67875
2010-12-17,1292596200,15.574995
2010-12-20,1292855400,15.595
2010-12-21,1292941800,15.6
2010-12-22,1293028200,15.67
2010-12-23,1293114600,15.68
2010-12-27,1293460200,15.69
2010-12-28,1293546600,15.745005
2010-12-29,1293633000,15.69
2010-12-30,1293719400,15.665
2010-12-31,1293805800,15.67
2011-01-03,1294065000,15.746245
2011-01-04,1294151400,15.817495
2011-01-05,1294237800,15.72
2011-01-06,1294324200,15.735
2011-01-07,1294410600,15.79125
2011-01-10,1294669800,15.705
2011-01-11,1294756200,15.7275
2011-01-12,1294842600,15.81
2011-01-13,1294929000,15.79625
2011-01-14,1295015400,15.870005
2011-01-18,1295361000,15.9075
2011-01-19,1295447400,15.870005
2011-01-20,1295533800,15.99
2011-01-21,1295620200,15.975
2011-01-24,1295879400,16.065
2011-01-25,1295965800,16.04125
2011-01-26,1296052200,15.980005
2011-01-27,1296138600,16.04
2011-01-28,1296225000,15.824995
2011-01-31,1296484200,15.86
2011-02-01,1296570600,16.019995
2011-02-02,1296657000,15.932505
2011-02-03,1296743400,15.9975
2011-02-04,1296829800,15.9
2011-02-07,1297089000,16.0025
2011-02-08,1297175400,16.00125
2011-02-09,1297261800,16
2011-02-10,1297348200,16.03
2011-02-11,1297434600,16
2011-02-14,1297693800,15.885
2011-02-15,1297780200,15.935
2011-02-16,1297866600,15.9
2011-02-17,1297953000,15.93
2011-02-18,1298039400,15.955
2011-02-22,1298385000,15.885
2011-02-23,1298471400,15.85
2011-02-24,1298557800,15.78875
2011-02-25,1298644200,15.8775
2011-02-28,1298903400,16.055
2011-03-01,1298989800,15.8925
2011-03-02,1299076200,15.92
2011-03-03,1299162600,16.1
2011-03-04,1299249000,16.0025
2011-03-07,1299508200,16.065
2011-03-08,1299594600,16.245005
2011-03-09,1299681000,16.410005
2011-03-10,1299767400,16.223745
2011-03-11,1299853800,16.26
2011-03-14,1300109400,16.045
2011-03-15,1300195800,15.74
2011-03-16,1300282200,15.4925
2011-03-17,1300368600,15.515
2011-03-18,1300455000,15.44
2011-03-21,1300714200,15.620005
2011-03-22,1300800600,15.6425
2011-03-23,1300887000,15.635
2011-03-24,1300973400,15.699995
2011-03-25,1301059800,15.695
2011-03-28,1301319000,15.64
2011-03-29,1301405400,15.792505
2011-03-30,1301491800,15.975
2011-03-31,1301578200,15.935
2011-04-01,1301664600,16.06
2011-04-04,1301923800,16.050005
2011-04-05,1302010200,15.985
2011-04-06,1302096600,16.1
2011-04-07,1302183000,16.035005
2011-04-08,1302269400,15.99
2011-04-11,1302528600,15.78
2011-04-12,1302615000,15.74
2011-04-13,1302701400,15.78
2011-04-14,1302787800,15.875
2011-04-15,1302874200,16.050005
2011-04-18,1303133400,15.910005
2011-04-19,1303219800,15.915
2011-04-20,1303306200,16.120005
2011-04-21,1303392600,16.120005
2011-04-25,1303738200,16.14
2011-04-26,1303824600,16.269995
2011-04-27,1303911000,16.4
2011-04-28,1303997400,16.545
2011-04-29,1304083800,16.58
2011-05-02,1304343000,16.585
2011-05-03,1304429400,16.69
2011-05-04,1304515800,16.67
2011-05-05,1304602200,16.550005
2011-05-06,1304688600,16.644995
2011-05-09,1304947800,16.68
2011-05-10,1305034200,16.92
2011-05-11,1305120600,16.865
2011-05-12,1305207000,17.035005
2011-05-13,1305293400,16.955
2011-05-16,1305552600,16.975
2011-05-17,1305639000,17.1
2011-05-18,1305725400,17.045
2011-05-19,1305811800,17.085
2011-05-20,1305898200,17.065
2011-05-23,1306157400,16.865
2011-05-24,1306243800,16.85
2011-05-25,1306330200,16.815
2011-05-26,1306416600,16.81
2011-05-27,1306503000,16.81
2011-05-31,1306848600,16.935
2011-06-01,1306935000,16.76
2011-06-02,1307021400,16.71
2011-06-03,1307107800,16.595
2011-06-06,1307367000,16.5195
2011-06-07,1307453400,16.54
2011-06-08,1307539800,16.58
2011-06-09,1307626200,16.595
2011-06-10,1307712600,16.485
2011-06-13,1307971800,16.56
2011-06-14,1308058200,16.625
2011-06-15,1308144600,16.42
2011-06-16,1308231000,16.550005
2011-06-17,1308317400,16.495005
2011-06-20,1308576600,16.589995
2011-06-21,1308663000,16.6
2011-06-22,1308749400,16.49
2011-06-23,1308835800,16.35
2011-06-24,1308922200,16.4
2011-06-27,1309181400,16.519995
2011-06-28,1309267800,16.595
2011-06-29,1309354200,16.705
2011-06-30,1309440600,16.74
2011-07-01,1309527000,16.94
2011-07-05,1309872600,16.839995
2011-07-06,1309959000,16.875
2011-07-07,1310045400,16.945
2011-07-08,1310131800,16.879995
2011-07-11,1310391000,16.699995
2011-07-12,1310477400,16.775
2011-07-13,1310563800,16.730005
2011-07-14,1310650200,16.655
2011-07-15,1310736600,16.68
2011-07-18,1310995800,16.519995
2011-07-19,1311082200,16.665
2011-07-20,1311168600,16.765
2011-07-21,1311255000,17.015
2011-07-22,1311341400,16.910005
2011-07-25,1311600600,16.97
2011-07-26,1311687000,16.910005
2011-07-27,1311773400,16.86
2011-07-28,1311859800,16.754995
2011-07-29,1311946200,16.585
2011-08-01,1312205400,16.635
2011-08-02,1312291800,16.35
2011-08-03,1312378200,16.35
2011-08-04,1312464600,15.815
2011-08-05,1312551000,15.945
2011-08-08,1312810200,15.1
2011-08-09,1312896600,15.595
2011-08-10,1312983000,15.300005
2011-08-11,1313069400,15.945
2011-08-12,1313155800,15.85
2011-08-15,1313415000,16.39
2011-08-16,1313501400,16.370005
2011-08-17,1313587800,16.49
2011-08-18,1313674200,16.295
2011-08-19,1313760600,16.195
2011-08-22,1314019800,16.155
2011-08-23,1314106200,16.445
2011-08-24,1314192600,16.800005
2011-08-25,1314279000,16.525
2011-08-26,1314365400,16.5
2011-08-29,1314624600,16.8275
2011-08-30,1314711000,16.835
2011-08-31,1314797400,16.945
2011-09-01,1314883800,16.835
2011-09-02,1314970200,16.644995
2011-09-06,1315315800,16.565
2011-09-07,1315402200,16.75
2011-09-08,1315488600,16.74
2011-09-09,1315575000,16.4
2011-09-12,1315834200,16.535005
2011-09-13,1315920600,16.644995
2011-09-14,1316007000,16.76
2011-09-15,1316093400,16.97
2011-09-16,1316179800,16.99
2011-09-19,1316439000,16.894995
2011-09-20,1316525400,17.14
2011-09-21,1316611800,16.824995
2011-09-22,1316698200,16.54
2011-09-23,1316784600,16.705
2011-09-26,1317043800,16.839995
2011-09-27,1317130200,16.9
2011-09-28,1317216600,16.730005
2011-09-29,1317303000,17
2011-09-30,1317389400,16.81
2011-10-03,1317648600,16.410005
2011-10-04,1317735000,16.33
2011-10-05,1317821400,16.339995
2011-10-06,1317907800,16.629995
2011-10-07,1317994200,16.699995
2011-10-10,1318253400,17.025
2011-10-11,1318339800,16.870005
2011-10-12,1318426200,16.83
2011-10-13,1318512600,16.83
2011-10-14,1318599000,16.99
2011-10-17,1318858200,16.92
2011-10-18,1318944600,17.04
2011-10-19,1319031000,17.055
2011-10-20,1319117400,17.15
2011-10-21,1319203800,17.44
2011-10-24,1319463000,17.365
2011-10-25,1319549400,17.17
2011-10-26,1319635800,17.24
2011-10-27,1319722200,17.65
2011-10-28,1319808600,17.504995
2011-10-31,1320067800,17.425005
2011-11-01,1320154200,17.06
2011-11-02,1320240600,17.36
2011-11-03,1320327000,17.57
2011-11-04,1320413400,17.49
2011-11-07,1320676200,17.585
2011-11-08,1320762600,17.699995
2011-11-09,1320849000,17.315
2011-11-10,1320935400,17.43
2011-11-11,1321021800,17.68
2011-11-14,1321281000,17.47
2011-11-15,1321367400,17.5
2011-11-16,1321453800,17.29
2011-11-17,1321540200,17.199995
2011-11-18,1321626600,17.32
2011-11-21,1321885800,17.105005
2011-11-22,1321972200,16.894995
2011-11-23,1322058600,16.629995
2011-11-25,1322231400,16.714995
2011-11-28,1322490600,16.925005
2011-11-29,1322577000,17.11
2011-11-30,1322663400,17.605005
2011-12-01,1322749800,17.555
2011-12-02,1322836200,17.375
2011-12-05,1323095400,17.51
2011-12-06,1323181800,17.56
2011-12-07,1323268200,17.535005
2011-12-08,1323354600,17.28
2011-12-09,1323441000,17.5
2011-12-12,1323700200,17.35
2011-12-13,1323786600,17.415
2011-12-14,1323873000,17.305
2011-12-15,1323959400,17.515
2011-12-16,1324045800,17.269995
2011-12-19,1324305000,17.14
2011-12-20,1324391400,17.504995
2011-12-21,1324477800,17.765
2011-12-22,1324564200,17.785005
2011-12-23,1324650600,17.9
2011-12-27,1324996200,18.045
2011-12-28,1325082600,17.980005
2011-12-29,1325169000,18.120005
2011-12-30,1325255400,17.99
2012-01-03,1325601000,17.67
2012-01-04,1325687400,17.57
2012-01-05,1325773800,17.605005
2012-01-06,1325860200,17.51
2012-01-09,1326119400,17.535005
2012-01-10,1326205800,17.56
2012-01-11,1326292200,17.480005
2012-01-12,1326378600,17.455
2012-01-13,1326465000,17.445
2012-01-17,1326810600,17.43
2012-01-18,1326897000,17.425005
2012-01-19,1326983400,17.28
2012-01-20,1327069800,17.305
2012-01-23,1327329000,17.375
2012-01-24,1327415400,17.235
2012-01-25,1327501800,17.519995
2012-01-26,1327588200,17.58
2012-01-27,1327674600,17.365
2012-01-30,1327933800,17.254995
2012-01-31,1328020200,17.339995
2012-02-01,1328106600,17.4
2012-02-02,1328193000,17.370005
2012-02-03,1328279400,17.415
2012-02-06,1328538600,17.339995
2012-02-07,1328625000,17.464995
2012-02-08,1328711400,17.485
2012-02-09,1328797800,17.435
2012-02-10,1328884200,17.4
2012-02-13,1329143400,17.379995
2012-02-14,1329229800,17.385
2012-02-15,1329316200,17.35
2012-02-16,1329402600,17.535005
2012-02-17,1329489000,17.525
2012-02-21,1329834600,17.46
2012-02-22,1329921000,17.480005
2012-02-23,1330007400,17.464995
2012-02-24,1330093800,17.54
2012-02-27,1330353000,17.535005
2012-02-28,1330439400,17.449995
2012-02-29,1330525800,17.445
2012-03-01,1330612200,17.49
2012-03-02,1330698600,17.480005
2012-03-05,1330957800,17.519995
2012-03-06,1331044200,17.449995
2012-03-07,1331130600,17.46
2012-03-08,1331217000,17.515
2012-03-09,1331303400,17.585
2012-03-12,1331559000,17.785005
2012-03-13,1331645400,17.845
2012-03-14,1331731800,17.58
2012-03-15,1331818200,17.565
2012-03-16,1331904600,17.39
2012-03-19,1332163800,17.269995
2012-03-20,1332250200,17.29
2012-03-21,1332336600,17.254995
2012-03-22,1332423000,17.295
2012-03-23,1332509400,17.300005
2012-03-26,1332768600,17.42
2012-03-27,1332855000,17.5025
2012-03-28,1332941400,17.36
2012-03-29,1333027800,17.4275
2012-03-30,1333114200,17.5225
2012-04-02,1333373400,17.61
2012-04-03,1333459800,17.6
2012-04-04,1333546200,17.574995
2012-04-05,1333632600,17.445
2012-04-09,1333978200,17.356455
2012-04-10,1334064600,17.129995
2012-04-11,1334151000,17.17
2012-04-12,1334237400,17.222505
2012-04-13,1334323800,17.165
2012-04-16,1334583000,17.3275
2012-04-17,1334669400,17.415
2012-04-18,1334755800,17.39
2012-04-19,1334842200,17.339995
2012-04-20,1334928600,17.51
2012-04-23,1335187800,17.435
2012-04-24,1335274200,17.555
2012-04-25,1335360600,17.644995
2012-04-26,1335447000,17.745005
2012-04-27,1335533400,17.805
2012-04-30,1335792600,17.83
2012-05-01,1335879000,17.92
2012-05-02,1335965400,17.815
2012-05-03,1336051800,17.76
2012-05-04,1336138200,17.785005
2012-05-07,1336397400,17.75
2012-05-08,1336483800,17.78
2012-05-09,1336570200,17.79
2012-05-10,1336656600,17.955
2012-05-11,1336743000,17.964995
2012-05-14,1337002200,17.945
2012-05-15,1337088600,17.82
2012-05-16,1337175000,17.845
2012-05-17,1337261400,17.745005
2012-05-18,1337347800,17.71
2012-05-21,1337607000,17.730005
2012-05-22,1337693400,17.855005
2012-05-23,1337779800,17.76
2012-05-24,1337866200,17.83
2012-05-25,1337952600,17.89
2012-05-29,1338298200,17.945
2012-05-30,1338384600,17.835
2012-05-31,1338471000,17.93
2012-06-01,1338557400,17.855005
2012-06-04,1338816600,17.915
2012-06-05,1338903000,17.980005
2012-06-06,1338989400,18.230005
2012-06-07,1339075800,18.370005
2012-06-08,1339162200,18.410005
2012-06-11,1339421400,18.394995
2012-06-12,1339507800,18.415045
2012-06-13,1339594200,18.42
2012-06-14,1339680600,18.545
2012-06-15,1339767000,18.464995
2012-06-18,1340026200,18.535005
2012-06-19,1340112600,18.495005
2012-06-20,1340199000,18.315
2012-06-21,1340285400,18.125
2012-06-22,1340371800,18.129995
2012-06-25,1340631000,18.095
2012-06-26,1340717400,18.120005
2012-06-27,1340803800,18.324995
2012-06-28,1340890200,18.39
2012-06-29,1340976600,18.495005
2012-07-02,1341235800,18.61
2012-07-03,1341322200,18.565
2012-07-05,1341495000,18.455
2012-07-06,1341581400,18.415
2012-07-09,1341840600,18.355005
2012-07-10,1341927000,18.385
2012-07-11,1342013400,18.480005
2012-07-12,1342099800,18.504995
2012-07-13,1342186200,18.67
2012-07-16,1342445400,18.660005
2012-07-17,1342531800,18.699995
2012-07-18,1342618200,18.76
2012-07-19,1342704600,18.795
2012-07-20,1342791000,18.835
2012-07-23,1343050200,18.71
2012-07-24,1343136600,18.545
2012-07-25,1343223000,18.535005
2012-07-26,1343309400,18.824995
2012-07-27,1343395800,19.045
2012-07-30,1343655000,19.115
2012-07-31,1343741400,18.96
2012-08-01,1343827800,18.815
2012-08-02,1343914200,18.71
2012-08-03,1344000600,18.93
2012-08-06,1344259800,18.885
2012-08-07,1344346200,18.69
2012-08-08,1344432600,18.714995
2012-08-09,1344519000,18.714995
2012-08-10,1344605400,18.769995
2012-08-13,1344864600,18.75
2012-08-14,1344951000,18.730005
2012-08-15,1345037400,18.64
2012-08-16,1345123800,18.595
2012-08-17,1345210200,18.545
2012-08-20,1345469400,18.58
2012-08-21,1345555800,18.445
2012-08-22,1345642200,18.415
2012-08-23,1345728600,18.225
2012-08-24,1345815000,18.31
2012-08-27,1346074200,18.35
2012-08-28,1346160600,18.315
2012-08-29,1346247000,18.285005
2012-08-30,1346333400,18.195
2012-08-31,1346419800,18.175005
2012-09-04,1346765400,18.2425
2012-09-05,1346851800,18.165
2012-09-06,1346938200,18.370005
2012-09-07,1347024600,18.31
2012-09-10,1347283800,18.29
2012-09-11,1347370200,18.245005
2012-09-12,1347456600,18.14
2012-09-13,1347543000,18.394995
2012-09-14,1347629400,18.269995
2012-09-17,1347888600,18.155
2012-09-18,1347975000,18.1
2012-09-19,1348061400,18.120005
2012-09-20,1348147800,18.195
2012-09-21,1348234200,18.012495
2012-09-24,1348493400,18.185
2012-09-25,1348579800,18.144995
2012-09-26,1348666200,18.185
2012-09-27,1348752600,18.112505
2012-09-28,1348839000,18.195
2012-10-01,1349098200,18.11
2012-10-02,1349184600,18.205
2012-10-03,1349271000,18.295
2012-10-04,1349357400,18.4
2012-10-05,1349443800,18.370005
2012-10-08,1349703000,18.4
2012-10-09,1349789400,18.365
2012-10-10,1349875800,18.335
2012-10-11,1349962200,18.355005
2012-10-12,1350048600,18.25
2012-10-15,1350307800,18.324995
2012-10-16,1350394200,18.394995
2012-10-17,1350480600,18.620695
2012-10-18,1350567000,18.705
2012-10-19,1350653400,18.555
2012-10-22,1350912600,18.504995
2012-10-23,1350999000,18.335
2012-10-24,1351085400,18.199995
2012-10-25,1351171800,18.29
2012-10-26,1351258200,18.29
2012-10-31,1351690200,18.4476
2012-11-01,1351776600,18.254995
2012-11-02,1351863000,18.129995
2012-11-05,1352125800,17.835
2012-11-06,1352212200,17.845
2012-11-07,1352298600,17.47
2012-11-08,1352385000,17.441
2012-11-09,1352471400,17.335
2012-11-12,1352730600,17.19
2012-11-13,1352817000,17.254995
2012-11-14,1352903400,17.1325
2012-11-15,1352989800,17.035005
2012-11-16,1353076200,17.18
2012-11-19,1353335400,17.195
2012-11-20,1353421800,17.165
2012-11-21,1353508200,17.089995
2012-11-23,1353681000,17.045
2012-11-26,1353940200,17.26
2012-11-27,1354026600,17.305
2012-11-28,1354113000,17.375
2012-11-29,1354199400,17.475
2012-11-30,1354285800,17.660005
2012-12-03,1354545000,17.550005
2012-12-04,1354631400,17.46
2012-12-05,1354717800,17.725
2012-12-06,1354804200,17.714995
2012-12-07,1354890600,17.7275
2012-12-10,1355149800,17.735
2012-12-11,1355236200,17.775
2012-12-12,1355322600,17.745005
2012-12-13,1355409000,17.675005
2012-12-14,1355495400,17.605005
2012-12-17,1355754600,17.875
2012-12-18,1355841000,18
2012-12-19,1355927400,17.865
2012-12-20,1356013800,17.920305
2012-12-21,1356100200,17.655
2012-12-24,1356359400,17.58
2012-12-26,1356532200,17.43
2012-12-27,1356618600,17.4
2012-12-28,1356705000,17.225
2012-12-31,1356964200,17.46025
2013-01-02,1357137000,17.78
2013-01-03,1357223400,17.78
2013-01-04,1357309800,17.870005
2013-01-07,1357569000,17.695
2013-01-08,1357655400,17.64
2013-01-09,1357741800,17.605005
2013-01-10,1357828200,17.68
2013-01-11,1357914600,17.699995
2013-01-14,1358173800,17.665
2013-01-15,1358260200,17.714995
2013-01-16,1358346600,17.629995
2013-01-17,1358433000,17.699995
2013-01-18,1358519400,17.839995
2013-01-22,1358865000,17.99
2013-01-23,1358951400,17.945
2013-01-24,1359037800,18.025
2013-01-25,1359124200,18.115
2013-01-28,1359383400,18.105005
2013-01-29,1359469800,18.230005
2013-01-30,1359556200,18.245005
2013-01-31,1359642600,18.29
2013-02-01,1359729000,18.339995
2013-02-04,1359988200,18.214995
2013-02-05,1360074600,18.265
2013-02-06,1360161000,18.32
2013-02-07,1360247400,18.345
2013-02-08,1360333800,18.345
2013-02-11,1360593000,18.39
2013-02-12,1360679400,18.47
2013-02-13,1360765800,18.47
2013-02-14,1360852200,18.32
2013-02-15,1360938600,18.36
2013-02-19,1361284200,18.519995
2013-02-20,1361370600,18.485
2013-02-21,1361457000,18.405
2013-02-22,1361543400,18.589995
2013-02-25,1361802600,18.425005
2013-02-26,1361889000,18.480005
2013-02-27,1361975400,18.65
2013-02-28,1362061800,18.714995
2013-03-01,1362148200,18.75
2013-03-04,1362407400,18.94
2013-03-05,1362493800,19.04
2013-03-06,1362580200,19.03
2013-03-07,1362666600,18.945
2013-03-08,1362753000,18.985
2013-03-11,1363008600,19.03
2013-03-12,1363095000,18.980005
2013-03-13,1363181400,19.065
2013-03-14,1363267800,19.103995
2013-03-15,1363354200,19.065
2013-03-18,1363613400,18.96
2013-03-19,1363699800,19.01
2013-03-20,1363786200,19.15
2013-03-21,1363872600,19.055
2013-03-22,1363959000,19.085
2013-03-25,1364218200,19.045
2013-03-26,1364304600,19.225
2013-03-27,1364391000,19.315
2013-03-28,1364477400,19.550005
2013-04-01,1364823000,19.504995
2013-04-02,1364909400,19.57
2013-04-03,1364995800,19.515
2013-04-04,1365082200,19.699995
2013-04-05,1365168600,19.785005
2013-04-08,1365427800,19.935
2013-04-09,1365514200,19.875
2013-04-10,1365600600,20.035005
2013-04-11,1365687000,20.08
2013-04-12,1365773400,20.165
2013-04-15,1366032600,19.875
2013-04-16,1366119000,20.115
2013-04-17,1366205400,20
2013-04-18,1366291800,20.065
2013-04-19,1366378200,20.365
2013-04-22,1366637400,20.339995
2013-04-23,1366723800,20.39
2013-04-24,1366810200,20.455
2013-04-25,1366896600,20.46
2013-04-26,1366983000,20.49
2013-04-29,1367242200,20.660005
2013-04-30,1367328600,20.714995
2013-05-01,1367415000,20.51
2013-05-02,1367501400,20.485
2013-05-03,1367587800,20.445
2013-05-06,1367847000,20.160005
2013-05-07,1367933400,20.355005
2013-05-08,1368019800,20.175005
2013-05-09,1368106200,19.870005
2013-05-10,1368192600,19.915
2013-05-13,1368451800,19.81
2013-05-14,1368538200,19.945
2013-05-15,1368624600,20.135
2013-05-16,1368711000,19.97
2013-05-17,1368797400,20.160005
2013-05-20,1369056600,20.06
2013-05-21,1369143000,20.1
2013-05-22,1369229400,19.76
2013-05-23,1369315800,19.625
2013-05-24,1369402200,19.415
2013-05-28,1369747800,19.19
2013-05-29,1369834200,18.905
2013-05-30,1369920600,18.955
2013-05-31,1370007000,18.839995
2013-06-03,1370266200,18.879995
2013-06-04,1370352600,18.815
2013-06-05,1370439000,18.65
2013-06-06,1370525400,18.870005
2013-06-07,1370611800,18.985
2013-06-10,1370871000,18.980005
2013-06-11,1370957400,18.855005
2013-06-12,1371043800,18.67
2013-06-13,1371130200,18.972505
2013-06-14,1371216600,19
2013-06-17,1371475800,19.06
2013-06-18,1371562200,19.19
2013-06-19,1371648600,18.75
2013-06-20,1371735000,18.22
2013-06-21,1371821400,18.269995
2013-06-24,1372080600,18.254995
2013-06-25,1372167000,18.495005
2013-06-26,1372253400,18.730005
2013-06-27,1372339800,18.769995
2013-06-28,1372426200,18.815
2013-07-01,1372685400,18.58
2013-07-02,1372771800,18.574995
2013-07-03,1372858200,18.504095
2013-07-05,1373031000,18.449995
2013-07-08,1373290200,18.714995
2013-07-09,1373376600,18.85
2013-07-10,1373463000,18.955
2013-07-11,1373549400,19.26
2013-07-12,1373635800,19.32
2013-07-15,1373895000,19.635
2013-07-16,1373981400,19.527495
2013-07-17,1374067800,19.519995
2013-07-18,1374154200,19.69
2013-07-19,1374240600,19.695
2013-07-22,1374499800,19.675005
2013-07-23,1374586200,19.725
2013-07-24,1374672600,19.425005
2013-07-25,1374759000,19.605005
2013-07-26,1374845400,19.675005
2013-07-29,1375104600,19.71
2013-07-30,1375191000,19.775
2013-07-31,1375277400,19.629995
2013-08-01,1375363800,19.795
2013-08-02,1375450200,19.769995
2013-08-05,1375709400,19.64
2013-08-06,1375795800,19.54
2013-08-07,1375882200,19.629995
2013-08-08,1375968600,19.705
2013-08-09,1376055000,19.57
2013-08-12,1376314200,19.464995
2013-08-13,1376400600,19.36
2013-08-14,1376487000,19.235
2013-08-15,1376573400,18.99
2013-08-16,1376659800,18.769995
2013-08-19,1376919000,18.61
2013-08-20,1377005400,18.785005
2013-08-21,1377091800,18.57
2013-08-22,1377178200,18.675005
2013-08-23,1377264600,18.83
2013-08-26,1377523800,18.69
2013-08-27,1377610200,18.68
2013-08-28,1377696600,18.745005
2013-08-29,1377783000,18.635
2013-08-30,1377869400,18.65
2013-09-03,1378215000,18.435
2013-09-04,1378301400,18.435
2013-09-05,1378387800,18.36
2013-09-06,1378474200,18.49
2013-09-09,1378733400,18.555
2013-09-10,1378819800,18.699995
2013-09-11,1378906200,18.5175
2013-09-12,1378992600,18.464995
2013-09-13,1379079000,18.605005
2013-09-16,1379338200,18.655
2013-09-17,1379424600,18.765
2013-09-18,1379511000,19.324995
2013-09-19,1379597400,19.234495
2013-09-20,1379683800,18.765
2013-09-23,1379943000,18.9925
2013-09-24,1380029400,18.9795
2013-09-25,1380115800,18.85
2013-09-26,1380202200,18.824995
2013-09-27,1380288600,18.705
2013-09-30,1380547800,18.6845
2013-10-01,1380634200,18.74
2013-10-02,1380720600,18.76
2013-10-03,1380807000,18.54
2013-10-04,1380893400,18.574995
2013-10-07,1381152600,18.485
2013-10-08,1381239000,18.615
2013-10-09,1381325400,18.69
2013-10-10,1381411800,18.97
2013-10-11,1381498200,19.057505
2013-10-14,1381757400,18.955
2013-10-15,1381843800,18.69
2013-10-16,1381930200,18.86
2013-10-17,1382016600,19.165
2013-10-18,1382103000,19.214995
2013-10-21,1382362200,19.175005
2013-10-22,1382448600,19.42
2013-10-23,1382535000,19.435
2013-10-24,1382621400,19.394995
2013-10-25,1382707800,19.6
2013-10-28,1382967000,19.56
2013-10-29,1383053400,19.5875
2013-10-30,1383139800,19.46
2013-10-31,1383226200,19.39
2013-11-01,1383312600,19.53
2013-11-04,1383575400,19.5705
2013-11-05,1383661800,19.43
2013-11-06,1383748200,19.695
2013-11-07,1383834600,19.51
2013-11-08,1383921000,19.475
2013-11-11,1384180200,19.47
2013-11-12,1384266600,19.305
2013-11-13,1384353000,19.4
2013-11-14,1384439400,19.57
2013-11-15,1384525800,19.6825
2013-11-18,1384785000,19.66
2013-11-19,1384871400,19.515
2013-11-20,1384957800,19.3
2013-11-21,1385044200,19.345
2013-11-22,1385130600,19.33
2013-11-25,1385389800,19.255
2013-11-26,1385476200,19.065
2013-11-27,1385562600,19.025
2013-11-29,1385735400,19.015
2013-12-02,1385994600,18.935
2013-12-03,1386081000,19.03
2013-12-04,1386167400,19.115
2013-12-05,1386253800,18.96
2013-12-06,1386340200,19.22
2013-12-09,1386599400,19.105
2013-12-10,1386685800,18.915
2013-12-11,1386772200,18.76
2013-12-12,1386858600,18.785
2013-12-13,1386945000,18.755
2013-12-16,1387204200,18.855
2013-12-17,1387290600,18.82
2013-12-18,1387377000,19.07
2013-12-19,1387463400,18.93
2013-12-20,1387549800,18.915
2013-12-23,1387809000,18.84
2013-12-24,1387895400,18.915
2013-12-26,1388068200,18.83
2013-12-27,1388154600,18.905
2013-12-30,1388413800,18.95
2013-12-31,1388500200,18.985
2014-01-02,1388673000,18.695
2014-01-03,1388759400,18.635
2014-01-06,1389018600,18.665
2014-01-07,1389105000,18.83
2014-01-08,1389191400,18.73
2014-01-09,1389277800,18.84
2014-01-10,1389364200,19.11
2014-01-13,1389623400,18.915
2014-01-14,1389709800,18.94
2014-01-15,1389796200,18.905
2014-01-16,1389882600,19.035
2014-01-17,1389969000,19.03
2014-01-21,1390314600,19.24
2014-01-22,1390401000,19.26
2014-01-23,1390487400,19.205
2014-01-24,1390573800,18.99
2014-01-27,1390833000,19.035
2014-01-28,1390919400,19.105
2014-01-29,1391005800,19.095
2014-01-30,1391092200,19.39
2014-01-31,1391178600,19.55
2014-02-03,1391437800,19.395
2014-02-04,1391524200,19.28
2014-02-05,1391610600,19.195
2014-02-06,1391697000,19.335
2014-02-07,1391783400,19.44
2014-02-10,1392042600,19.585
2014-02-11,1392129000,19.77
2014-02-12,1392215400,19.795
2014-02-13,1392301800,20.01
2014-02-14,1392388200,20.14
2014-02-18,1392733800,20.21
2014-02-19,1392820200,20.095
2014-02-20,1392906600,20.25
2014-02-21,1392993000,20.275
2014-02-24,1393252200,20.225
2014-02-25,1393338600,20.2
2014-02-26,1393425000,20.135
2014-02-27,1393511400,20.085
2014-02-28,1393597800,20.225
2014-03-03,1393857000,20.025
2014-03-04,1393943400,20.17
2014-03-05,1394029800,20.035
2014-03-06,1394116200,19.935
2014-03-07,1394202600,19.995
2014-03-10,1394458200,19.945
2014-03-11,1394544600,19.89
2014-03-12,1394631000,20.14
2014-03-13,1394717400,20.35
2014-03-14,1394803800,20.445
2014-03-17,1395063000,20.58
2014-03-18,1395149400,20.55
2014-03-19,1395235800,20.225
2014-03-20,1395322200,20.27
2014-03-21,1395408600,20.255
2014-03-24,1395667800,20.31
2014-03-25,1395754200,20.395
2014-03-26,1395840600,20.31
2014-03-27,1395927000,20.475
2014-03-28,1396013400,20.505
2014-03-31,1396272600,20.73
2014-04-01,1396359000,20.585
2014-04-02,1396445400,20.555
2014-04-03,1396531800,20.62
2014-04-04,1396618200,20.73
2014-04-07,1396877400,20.695
2014-04-08,1396963800,20.99
2014-04-09,1397050200,20.945
2014-04-10,1397136600,20.865
2014-04-11,1397223000,20.845
2014-04-14,1397482200,20.97
2014-04-15,1397568600,21.26
2014-04-16,1397655000,21.415
2014-04-17,1397741400,21.15
2014-04-21,1398087000,21.125
2014-04-22,1398173400,21.155
2014-04-23,1398259800,21.165
2014-04-24,1398346200,21.31
2014-04-25,1398432600,21.555
2014-04-28,1398691800,21.66
2014-04-29,1398778200,21.57
2014-04-30,1398864600,21.605
2014-05-01,1398951000,21.695
2014-05-02,1399037400,21.25
2014-05-05,1399296600,21.44
2014-05-06,1399383000,21.335
2014-05-07,1399469400,21.68
2014-05-08,1399555800,21.445
2014-05-09,1399642200,21.13
2014-05-12,1399901400,20.935
2014-05-13,1399987800,20.985
2014-05-14,1400074200,21.09
2014-05-15,1400160600,21.005
2014-05-16,1400247000,21.07
2014-05-19,1400506200,20.745
2014-05-20,1400592600,20.745
2014-05-21,1400679000,20.76
2014-05-22,1400765400,20.93
2014-05-23,1400851800,20.88
2014-05-27,1401197400,21.045
2014-05-28,1401283800,21.17
2014-05-29,1401370200,21.23
2014-05-30,1401456600,21.37
2014-06-02,1401715800,21.365
2014-06-03,1401802200,21.445
2014-06-04,1401888600,21.435
2014-06-05,1401975000,21.615
2014-06-06,1402061400,21.54
2014-06-09,1402320600,21.395
2014-06-10,1402407000,21.345
2014-06-11,1402493400,21.075
2014-06-12,1402579800,21.14
2014-06-13,1402666200,21.275
2014-06-16,1402925400,21.42
2014-06-17,1403011800,21.39
2014-06-18,1403098200,21.875
2014-06-19,1403184600,22.055
2014-06-20,1403271000,21.735
2014-06-23,1403530200,21.66
2014-06-24,1403616600,21.725
2014-06-25,1403703000,21.805
2014-06-26,1403789400,21.87
2014-06-27,1403875800,21.955
2014-06-30,1404135000,22.13
2014-07-01,1404221400,21.91
2014-07-02,1404307800,21.485
2014-07-03,1404394200,21.25
2014-07-07,1404739800,21.35
2014-07-08,1404826200,21.495
2014-07-09,1404912600,21.435
2014-07-10,1404999000,21.58
2014-07-11,1405085400,21.415
2014-07-14,1405344600,21.17
2014-07-15,1405431000,21.28
2014-07-16,1405517400,21.35
2014-07-17,1405603800,21.155
2014-07-18,1405690200,21.37
2014-07-21,1405949400,21.35
2014-07-22,1406035800,21.305
2014-07-23,1406122200,21.325
2014-07-24,1406208600,21.39
2014-07-25,1406295000,21.22
2014-07-28,1406554200,21.515
2014-07-29,1406640600,21.315
2014-07-30,1406727000,20.955
2014-07-31,1406813400,20.625
2014-08-01,1406899800,20.705
2014-08-04,1407159000,20.5925
2014-08-05,1407245400,20.345
2014-08-06,1407331800,20.085
2014-08-07,1407418200,20.315
2014-08-08,1407504600,20.72
2014-08-11,1407763800,20.645
2014-08-12,1407850200,20.63
2014-08-13,1407936600,20.725
2014-08-14,1408023000,20.905
2014-08-15,1408109400,20.985
2014-08-18,1408368600,20.93
2014-08-19,1408455000,21.195
2014-08-20,1408541400,21.24
2014-08-21,1408627800,21.29
2014-08-22,1408714200,21.225
2014-08-25,1408973400,21.37
2014-08-26,1409059800,21.115
2014-08-27,1409146200,21.345
2014-08-28,1409232600,21.5
2014-08-29,1409319000,21.64
2014-09-02,1409664600,21.445
2014-09-03,1409751000,21.55
2014-09-04,1409837400,21.54
2014-09-05,1409923800,21.81
2014-09-08,1410183000,21.68
2014-09-09,1410269400,21.43
2014-09-10,1410355800,21.335
2014-09-11,1410442200,21.515
2014-09-12,1410528600,21.13
2014-09-15,1410787800,21.195
2014-09-16,1410874200,21.465
2014-09-17,1410960600,21.425
2014-09-18,1411047000,21.27
2014-09-19,1411133400,21.27
2014-09-22,1411392600,21.11
2014-09-23,1411479000,21.05
2014-09-24,1411565400,20.975
2014-09-25,1411651800,20.85
2014-09-26,1411738200,20.88
2014-09-29,1411997400,21.015
2014-09-30,1412083800,21.045
2014-10-01,1412170200,21.165
2014-10-02,1412256600,21.135
2014-10-03,1412343000,21.27
2014-10-06,1412602200,21.27
2014-10-07,1412688600,21.24
2014-10-08,1412775000,21.72
2014-10-09,1412861400,21.365
2014-10-10,1412947800,21.465
2014-10-13,1413207000,21.445
2014-10-14,1413293400,21.64
2014-10-15,1413379800,21.355
2014-10-16,1413466200,21.375
2014-10-17,1413552600,21.5
2014-10-20,1413811800,21.8
2014-10-21,1413898200,21.875
2014-10-22,1413984600,22.01
2014-10-23,1414071000,22.05
2014-10-24,1414157400,22.265
2014-10-27,1414416600,22.215
2014-10-28,1414503000,22.37
2014-10-29,1414589400,22.24
2014-10-30,1414675800,22.73
2014-10-31,1414762200,22.735
2014-11-03,1415025000,22.885
2014-11-04,1415111400,22.765
2014-11-05,1415197800,23.28
2014-11-06,1415284200,22.885
2014-11-07,1415370600,23.125
2014-11-10,1415629800,23.24
2014-11-11,1415716200,23.155
2014-11-12,1415802600,22.75
2014-11-13,1415889000,22.565
2014-11-14,1415975400,22.47
2014-11-17,1416234600,22.765
2014-11-18,1416321000,22.83
2014-11-19,1416407400,22.81
2014-11-20,1416493800,22.76
2014-11-21,1416580200,22.85
2014-11-24,1416839400,22.66
2014-11-25,1416925800,22.66
2014-11-26,1417012200,22.76
2014-11-28,1417185000,23
2014-12-01,1417444200,23.045
2014-12-02,1417530600,23.2
2014-12-03,1417617000,23.135
2014-12-04,1417703400,23.115
2014-12-05,1417789800,22.935
2014-12-08,1418049000,23.12
2014-12-09,1418135400,23.235
2014-12-10,1418221800,22.945
2014-12-11,1418308200,23.175
2014-12-12,1418394600,22.955
2014-12-15,1418653800,22.76
2014-12-16,1418740200,22.74
2014-12-17,1418826600,23.145
2014-12-18,1418913000,23.6
2014-12-19,1418999400,23.43
2014-12-22,1419258600,23.49
2014-12-23,1419345000,23.55
2014-12-24,1419431400,23.985
2014-12-26,1419604200,24.275
2014-12-29,1419863400,24.555
2014-12-30,1419949800,24.045
2014-12-31,1420036200,23.61
2015-01-02,1420209000,23.72
2015-01-05,1420468200,23.43
2015-01-06,1420554600,23.445
2015-01-07,1420641000,23.675
2015-01-08,1420727400,23.84
2015-01-09,1420813800,23.69
2015-01-12,1421073000,23.635
2015-01-13,1421159400,23.7
2015-01-14,1421245800,23.905
2015-01-15,1421332200,24.095
2015-01-16,1421418600,24.31
2015-01-20,1421764200,24.37
2015-01-21,1421850600,24.605
2015-01-22,1421937000,24.5
2015-01-23,1422023400,24.57
2015-01-26,1422282600,24.555
2015-01-27,1422369000,24.59
2015-01-28,1422455400,24.38
2015-01-29,1422541800,24.705
2015-01-30,1422628200,24.16
2015-02-02,1422887400,24.265
2015-02-03,1422973800,24.355
2015-02-04,1423060200,24.06
2015-02-05,1423146600,24.28
2015-02-06,1423233000,23.28
2015-02-09,1423492200,23.075
2015-02-10,1423578600,23.55
2015-02-11,1423665000,23.04
2015-02-12,1423751400,22.935
2015-02-13,1423837800,22.585
2015-02-17,1424183400,22.565
2015-02-18,1424269800,23.1
2015-02-19,1424356200,22.84
2015-02-20,1424442600,22.845
2015-02-23,1424701800,23
2015-02-24,1424788200,23.17
2015-02-25,1424874600,22.79
2015-02-26,1424961000,22.64
2015-02-27,1425047400,22.615
2015-03-02,1425306600,22.18
2015-03-03,1425393000,22.315
2015-03-04,1425479400,22.19
2015-03-05,1425565800,22.365
2015-03-06,1425652200,21.695
2015-03-09,1425907800,21.735
2015-03-10,1425994200,21.695
2015-03-11,1426080600,21.555
2015-03-12,1426167000,21.965
2015-03-13,1426253400,21.74
2015-03-16,1426512600,22.115
2015-03-17,1426599000,22.08
2015-03-18,1426685400,22.675
2015-03-19,1426771800,22.465
2015-03-20,1426858200,22.49
2015-03-23,1427117400,22.505
2015-03-24,1427203800,22.255
2015-03-25,1427290200,21.995
2015-03-26,1427376600,21.81
2015-03-27,1427463000,21.94
2015-03-30,1427722200,22.21
2015-03-31,1427808600,22.215
2015-04-01,1427895000,22.235
2015-04-02,1427981400,22.275
2015-04-06,1428327000,22.585
2015-04-07,1428413400,22.325
2015-04-08,1428499800,22.26
2015-04-09,1428586200,22.165
2015-04-10,1428672600,22.33
2015-04-13,1428931800,22.11
2015-04-14,1429018200,22.22
2015-04-15,1429104600,22.275
2015-04-16,1429191000,22.13
2015-04-17,1429277400,22.05
2015-04-20,1429536600,22.38
2015-04-21,1429623000,22.18
2015-04-22,1429709400,22.225
2015-04-23,1429795800,22.35
2015-04-24,1429882200,22.575
2015-04-27,1430141400,22.305
2015-04-28,1430227800,22.465
2015-04-29,1430314200,22.37
2015-04-30,1430400600,22.11
2015-05-01,1430487000,22.235
2015-05-04,1430746200,22.4
2015-05-05,1430832600,21.9
2015-05-06,1430919000,21.78
2015-05-07,1431005400,21.86
2015-05-08,1431091800,22.015
2015-05-11,1431351000,21.865
2015-05-12,1431437400,21.84
2015-05-13,1431523800,21.625
2015-05-14,1431610200,21.875
2015-05-15,1431696600,22.16
2015-05-18,1431955800,22.245
2015-05-19,1432042200,22.295
2015-05-20,1432128600,22.33
2015-05-21,1432215000,22.32
2015-05-22,1432301400,22.285
2015-05-26,1432647000,22.145
2015-05-27,1432733400,22.235
2015-05-28,1432819800,22.285
2015-05-29,1432906200,22.25
2015-06-01,1433165400,22.28
2015-06-02,1433251800,21.985
2015-06-03,1433338200,21.66
2015-06-04,1433424600,21.63
2015-06-05,1433511000,21.36
2015-06-08,1433770200,21.235
2015-06-09,1433856600,21.185
2015-06-10,1433943000,21.29
2015-06-11,1434029400,21.46
2015-06-12,1434115800,21.27
2015-06-15,1434375000,21.235
2015-06-16,1434461400,21.335
2015-06-17,1434547800,21.515
2015-06-18,1434634200,21.8
2015-06-19,1434720600,21.395
2015-06-22,1434979800,21.365
2015-06-23,1435066200,21.075
2015-06-24,1435152600,20.91
2015-06-25,1435239000,20.77
2015-06-26,1435325400,20.895
2015-06-29,1435584600,20.785
2015-06-30,1435671000,20.73
2015-07-01,1435757400,20.855
2015-07-02,1435843800,21.115
2015-07-06,1436189400,21.2
2015-07-07,1436275800,21.725
2015-07-08,1436362200,21.61
2015-07-09,1436448600,21.37
2015-07-10,1436535000,21.485
2015-07-13,1436794200,21.495
2015-07-14,1436880600,21.465
2015-07-15,1436967000,21.57
2015-07-16,1437053400,21.89
2015-07-17,1437139800,21.675
2015-07-20,1437399000,21.565
2015-07-21,1437485400,21.37
2015-07-22,1437571800,21.465
2015-07-23,1437658200,21.145
2015-07-24,1437744600,21.165
2015-07-27,1438003800,21.435
2015-07-28,1438090200,21.535
2015-07-29,1438176600,21.615
2015-07-30,1438263000,21.775
2015-07-31,1438349400,21.995
2015-08-03,1438608600,22.11
2015-08-04,1438695000,21.755
2015-08-05,1438781400,21.81
2015-08-06,1438867800,21.925
2015-08-07,1438954200,22.195
2015-08-10,1439213400,22.105
2015-08-11,1439299800,22.215
2015-08-12,1439386200,22.61
2015-08-13,1439472600,22.615
2015-08-14,1439559000,22.785
2015-08-17,1439818200,22.895
2015-08-18,1439904600,22.84
2015-08-19,1439991000,22.935
2015-08-20,1440077400,22.8
2015-08-21,1440163800,22.525
2015-08-24,1440423000,21.685
2015-08-25,1440509400,21.015
2015-08-26,1440595800,21.39
2015-08-27,1440682200,21.64
2015-08-28,1440768600,21.575
2015-08-31,1441027800,21.23
2015-09-01,1441114200,20.655
2015-09-02,1441200600,20.67
2015-09-03,1441287000,20.765
2015-09-04,1441373400,20.48
2015-09-08,1441719000,20.915
2015-09-09,1441805400,20.655
2015-09-10,1441891800,20.62
2015-09-11,1441978200,20.775
2015-09-14,1442237400,20.825
2015-09-15,1442323800,20.935
2015-09-16,1442410200,21.145
2015-09-17,1442496600,21.435
2015-09-18,1442583000,21.115
2015-09-21,1442842200,21.2
2015-09-22,1442928600,20.935
2015-09-23,1443015000,20.99
2015-09-24,1443101400,21.16
2015-09-25,1443187800,21.365
2015-09-28,1443447000,21.26
2015-09-29,1443533400,21.265
2015-09-30,1443619800,21.645
2015-10-01,1443706200,21.39
2015-10-02,1443792600,21.675
2015-10-05,1444051800,21.955
2015-10-06,1444138200,21.805
2015-10-07,1444224600,21.73
2015-10-08,1444311000,22
2015-10-09,1444397400,21.895
2015-10-12,1444656600,22.09
2015-10-13,1444743000,22.04
2015-10-14,1444829400,22.035
2015-10-15,1444915800,22.36
2015-10-16,1445002200,22.39
2015-10-19,1445261400,22.405
2015-10-20,1445347800,22.48
2015-10-21,1445434200,22.435
2015-10-22,1445520600,22.695
2015-10-23,1445607000,22.295
2015-10-26,1445866200,22.215
2015-10-27,1445952600,22.135
2015-10-28,1446039000,21.9
2015-10-29,1446125400,21.775
2015-10-30,1446211800,21.875
2015-11-02,1446474600,21.9
2015-11-03,1446561000,21.965
2015-11-04,1446647400,22.08
2015-11-05,1446733800,21.89
2015-11-06,1446820200,21.125
2015-11-09,1447079400,21.18
2015-11-10,1447165800,21.37
2015-11-11,1447252200,21.555
2015-11-12,1447338600,21.35
2015-11-13,1447425000,21.27
2015-11-16,1447684200,21.63
2015-11-17,1447770600,21.24
2015-11-18,1447857000,21.375
2015-11-19,1447943400,21.605
2015-11-20,1448029800,21.695
2015-11-23,1448289000,21.495
2015-11-24,1448375400,21.465
2015-11-25,1448461800,21.335
2015-11-27,1448634600,21.375
2015-11-30,1448893800,21.41
2015-12-01,1448980200,21.58
2015-12-02,1449066600,21.1
2015-12-03,1449153000,20.94
2015-12-04,1449239400,21.235
2015-12-07,1449498600,21.33
2015-12-08,1449585000,21.3
2015-12-09,1449671400,21.305
2015-12-10,1449757800,20.9525
2015-12-11,1449844200,20.895
2015-12-14,1450103400,21
2015-12-15,1450189800,21.165
2015-12-16,1450276200,21.7
2015-12-17,1450362600,21.745
2015-12-18,1450449000,21.255
2015-12-21,1450708200,21.24
2015-12-22,1450794600,21.42
2015-12-23,1450881000,21.75
2015-12-24,1450967400,21.735
2015-12-28,1451313000,21.775
2015-12-29,1451399400,21.895
2015-12-30,1451485800,21.875
2015-12-31,1451572200,21.64
2016-01-04,1451917800,21.595
2016-01-05,1452004200,21.75
2016-01-06,1452090600,21.71
2016-01-07,1452177000,21.565
2016-01-08,1452263400,21.555
2016-01-11,1452522600,21.67
2016-01-12,1452609000,21.585
2016-01-13,1452695400,21.575
2016-01-14,1452781800,21.9
2016-01-15,1452868200,21.705
2016-01-19,1453213800,22.03
2016-01-20,1453300200,21.535
2016-01-21,1453386600,21.515
2016-01-22,1453473000,21.9
2016-01-25,1453732200,21.715
2016-01-26,1453818600,21.865
2016-01-27,1453905000,21.915
2016-01-28,1453991400,22.265
2016-01-29,1454077800,22.71
2016-02-01,1454337000,22.925
2016-02-02,1454423400,23.025
2016-02-03,1454509800,23.31
2016-02-04,1454596200,23.21
2016-02-05,1454682600,23.285
2016-02-08,1454941800,23.205
2016-02-09,1455028200,23.285
2016-02-10,1455114600,23.26
2016-02-11,1455201000,22.85
2016-02-12,1455287400,22.78
2016-02-16,1455633000,22.925
2016-02-17,1455719400,22.88
2016-02-18,1455805800,23.255
2016-02-19,1455892200,23.1
2016-02-22,1456151400,23.37
2016-02-23,1456237800,23.39
2016-02-24,1456324200,23.5
2016-02-25,1456410600,23.74
2016-02-26,1456497000,23.085
2016-02-29,1456756200,23.15
2016-03-01,1456842600,23.035
2016-03-02,1456929000,23.155
2016-03-03,1457015400,23.295
2016-03-04,1457101800,23.555
2016-03-07,1457361000,23.685
2016-03-08,1457447400,23.92
2016-03-09,1457533800,24.03
2016-03-10,1457620200,24.0496
2016-03-11,1457706600,24.075
2016-03-14,1457962200,24.105
2016-03-15,1458048600,24.15
2016-03-16,1458135000,24.52
2016-03-17,1458221400,24.655
2016-03-18,1458307800,24.315
2016-03-21,1458567000,24.29
2016-03-22,1458653400,24.21
2016-03-23,1458739800,24.39
2016-03-24,1458826200,24.455
2016-03-28,1459171800,24.365
2016-03-29,1459258200,24.725
2016-03-30,1459344600,24.665
2016-03-31,1459431000,24.81
2016-04-01,1459517400,24.905
2016-04-04,1459776600,24.8
2016-04-05,1459863000,24.335
2016-04-06,1459949400,24.305
2016-04-07,1460035800,24.295
2016-04-08,1460122200,24.425
2016-04-11,1460381400,24.32
2016-04-12,1460467800,24.49
2016-04-13,1460554200,24.34
2016-04-14,1460640600,24.31
2016-04-15,1460727000,24.445
2016-04-18,1460986200,24.5396
2016-04-19,1461072600,24.58
2016-04-20,1461159000,23.965
2016-04-21,1461245400,23.465
2016-04-22,1461331800,23.6746
2016-04-25,1461591000,23.72
2016-04-26,1461677400,23.755
2016-04-27,1461763800,24.1
2016-04-28,1461850200,24.065
2016-04-29,1461936600,24.21
2016-05-02,1462195800,24.405
2016-05-03,1462282200,24.385
2016-05-04,1462368600,24.67
2016-05-05,1462455000,24.575
2016-05-06,1462541400,24.415
2016-05-09,1462800600,24.555
2016-05-10,1462887000,24.58
2016-05-11,1462973400,24.67
2016-05-12,1463059800,24.815
2016-05-13,1463146200,24.695
2016-05-16,1463405400,24.725
2016-05-17,1463491800,24.3054
2016-05-18,1463578200,23.85
2016-05-19,1463664600,24.09
2016-05-20,1463751000,24.145
2016-05-23,1464010200,23.93
2016-05-24,1464096600,24.17
2016-05-25,1464183000,24.1
2016-05-26,1464269400,24.3725
2016-05-27,1464355800,24.415
2016-05-31,1464701400,24.575
2016-06-01,1464787800,24.64
2016-06-02,1464874200,24.65
2016-06-03,1464960600,25.04
2016-06-06,1465219800,25.005
2016-06-07,1465306200,24.985
2016-06-08,1465392600,25.135
2016-06-09,1465479000,25.35
2016-06-10,1465565400,25.285
2016-06-13,1465824600,25.255
2016-06-14,1465911000,25.39
2016-06-15,1465997400,25.23
2016-06-16,1466083800,25.39
2016-06-17,1466170200,25.275
2016-06-20,1466429400,25.18
2016-06-21,1466515800,25.215
2016-06-22,1466602200,25.095
2016-06-23,1466688600,25.165
2016-06-24,1466775000,25.305
2016-06-27,1467034200,25.515
2016-06-28,1467120600,25.61
2016-06-29,1467207000,25.68
2016-06-30,1467293400,26.235
2016-07-01,1467379800,26.24
2016-07-05,1467725400,26.435
2016-07-06,1467811800,26.49
2016-07-07,1467898200,26
2016-07-08,1467984600,26.27
2016-07-11,1468243800,26.25
2016-07-12,1468330200,25.89
2016-07-13,1468416600,26.095
2016-07-14,1468503000,25.925
2016-07-15,1468589400,26
2016-07-18,1468848600,26.075
2016-07-19,1468935000,26.03
2016-07-20,1469021400,25.88
2016-07-21,1469107800,26.035
2016-07-22,1469194200,26.38
2016-07-25,1469453400,26.335
2016-07-26,1469539800,26.105
2016-07-27,1469626200,25.805
2016-07-28,1469712600,25.905
2016-07-29,1469799000,26.06
2016-08-01,1470058200,26.075
2016-08-02,1470144600,25.905
2016-08-03,1470231000,25.75
2016-08-04,1470317400,25.735
2016-08-05,1470403800,25.365
2016-08-08,1470663000,25.355
2016-08-09,1470749400,25.35
2016-08-10,1470835800,25.355
2016-08-11,1470922200,25.415
2016-08-12,1471008600,25.45
2016-08-15,1471267800,25.06
2016-08-16,1471354200,24.765
2016-08-17,1471440600,25.135
2016-08-18,1471527000,25.445
2016-08-19,1471613400,25.135
2016-08-22,1471872600,25.2
2016-08-23,1471959000,25.09
2016-08-24,1472045400,25.08
2016-08-25,1472131800,25.095
2016-08-26,1472218200,24.575
2016-08-29,1472477400,24.775
2016-08-30,1472563800,24.515
2016-08-31,1472650200,24.615
2016-09-01,1472736600,24.49
2016-09-02,1472823000,24.815
2016-09-06,1473168600,25.085
2016-09-07,1473255000,25.09
2016-09-08,1473341400,25.175
2016-09-09,1473427800,24.23
2016-09-12,1473687000,24.66
2016-09-13,1473773400,24.32
2016-09-14,1473859800,24.415
2016-09-15,1473946200,24.6
2016-09-16,1474032600,24.63
2016-09-19,1474291800,24.875
2016-09-20,1474378200,24.83
2016-09-21,1474464600,25.335
2016-09-22,1474551000,25.49
2016-09-23,1474637400,25.47
2016-09-26,1474896600,25.405
2016-09-27,1474983000,25.075
2016-09-28,1475069400,25.04
2016-09-29,1475155800,24.665
2016-09-30,1475242200,24.495
2016-10-03,1475501400,24.15
2016-10-04,1475587800,23.645
2016-10-05,1475674200,23.595
2016-10-06,1475760600,23.59
2016-10-07,1475847000,23.56
2016-10-10,1476106200,23.755
2016-10-11,1476192600,23.485
2016-10-12,1476279000,23.715
2016-10-13,1476365400,24.01
2016-10-14,1476451800,23.875
2016-10-17,1476711000,24.005
2016-10-18,1476797400,24.21
2016-10-19,1476883800,24.155
2016-10-20,1476970200,24.14
2016-10-21,1477056600,24
2016-10-24,1477315800,24.09
2016-10-25,1477402200,24.24
2016-10-26,1477488600,24.3
2016-10-27,1477575000,24.155
2016-10-28,1477661400,24.23
2016-10-31,1477920600,24.715
2016-11-01,1478007000,24.265
2016-11-02,1478093400,23.96
2016-11-03,1478179800,24.05
2016-11-04,1478266200,23.975
2016-11-07,1478529000,24.395
2016-11-08,1478615400,24.585
2016-11-09,1478701800,23.68
2016-11-10,1478788200,23.11
2016-11-11,1478874600,23.015
2016-11-14,1479133800,23
2016-11-15,1479220200,23.37
2016-11-16,1479306600,23.21
2016-11-17,1479393000,23.215
2016-11-18,1479479400,23.145
2016-11-21,1479738600,23.39
2016-11-22,1479825000,23.48
2016-11-23,1479911400,23.245
2016-11-25,1480084200,23.58
2016-11-28,1480343400,24.035
2016-11-29,1480429800,24.135
2016-11-30,1480516200,23.375
2016-12-01,1480602600,23.19
2016-12-02,1480689000,23.4
2016-12-05,1480948200,23.43
2016-12-06,1481034600,23.385
2016-12-07,1481121000,23.69
2016-12-08,1481207400,23.73
2016-12-09,1481293800,23.98
2016-12-12,1481553000,24.23
2016-12-13,1481639400,24.48
2016-12-14,1481725800,23.975
2016-12-15,1481812200,24.145
2016-12-16,1481898600,24.205
2016-12-19,1482157800,24.295
2016-12-20,1482244200,24.325
2016-12-21,1482330600,24.225
2016-12-22,1482417000,24.31
2016-12-23,1482503400,24.305
2016-12-27,1482849000,24.325
2016-12-28,1482935400,24.095
2016-12-29,1483021800,24.42
2016-12-30,1483108200,24.285
2017-01-03,1483453800,24.225
2017-01-04,1483540200,24.315
2017-01-05,1483626600,24.34
2017-01-06,1483713000,24.415
2017-01-09,1483972200,24.095
2017-01-10,1484058600,24.02
2017-01-11,1484145000,24.27
2017-01-12,1484231400,24.29
2017-01-13,1484317800,24.255
2017-01-17,1484663400,24.52
2017-01-18,1484749800,24.49
2017-01-19,1484836200,24.275
2017-01-20,1484922600,24.32
2017-01-23,1485181800,24.195
2017-01-24,1485268200,24.19
2017-01-25,1485354600,24.19
2017-01-26,1485441000,24.2
2017-01-27,1485527400,24.195
2017-01-30,1485786600,24.215
2017-01-31,1485873000,24.59
2017-02-01,1485959400,24.165
2017-02-02,1486045800,24.42
2017-02-03,1486132200,24.45
2017-02-06,1486391400,24.4
2017-02-07,1486477800,24.46
2017-02-08,1486564200,24.7
2017-02-09,1486650600,24.49
2017-02-10,1486737000,24.645
2017-02-13,1486996200,24.765
2017-02-14,1487082600,24.585
2017-02-15,1487169000,24.525
2017-02-16,1487255400,24.77
2017-02-17,1487341800,24.785
2017-02-21,1487687400,25.045
2017-02-22,1487773800,25.15
2017-02-23,1487860200,25.41
2017-02-24,1487946600,25.795
2017-02-27,1488205800,25.65
2017-02-28,1488292200,25.885
2017-03-01,1488378600,25.655
2017-03-02,1488465000,25.84
2017-03-03,1488551400,25.76
2017-03-06,1488810600,25.71
2017-03-07,1488897000,25.695
2017-03-08,1488983400,25.325
2017-03-09,1489069800,25.27
2017-03-10,1489156200,25.48
2017-03-13,1489411800,25.555
2017-03-14,1489498200,25.53
2017-03-15,1489584600,25.94
2017-03-16,1489671000,25.655
2017-03-17,1489757400,25.615
2017-03-20,1490016600,25.4519
2017-03-21,1490103000,25.805
2017-03-22,1490189400,25.93
2017-03-23,1490275800,25.85
2017-03-24,1490362200,25.945
2017-03-27,1490621400,25.845
2017-03-28,1490707800,25.825
2017-03-29,1490794200,25.755
2017-03-30,1490880600,25.555
2017-03-31,1490967000,25.655
2017-04-03,1491226200,25.65
2017-04-04,1491312600,25.73
2017-04-05,1491399000,25.875
2017-04-06,1491485400,25.81
2017-04-07,1491571800,25.7
2017-04-10,1491831000,25.745
2017-04-11,1491917400,25.735
2017-04-12,1492003800,25.925
2017-04-13,1492090200,25.84
2017-04-17,1492435800,25.955
2017-04-18,1492522200,26.015
2017-04-19,1492608600,25.835
2017-04-20,1492695000,25.735
2017-04-21,1492781400,25.865
2017-04-24,1493040600,26
2017-04-25,1493127000,25.965
2017-04-26,1493213400,25.885
2017-04-27,1493299800,25.975
2017-04-28,1493386200,25.85
2017-05-01,1493645400,25.695
2017-05-02,1493731800,25.725
2017-05-03,1493818200,25.635
2017-05-04,1493904600,25.725
2017-05-05,1493991000,25.865
2017-05-08,1494250200,25.855
2017-05-09,1494336600,25.665
2017-05-10,1494423000,25.705
2017-05-11,1494509400,25.74
2017-05-12,1494595800,25.865
2017-05-15,1494855000,25.975
2017-05-16,1494941400,25.785
2017-05-17,1495027800,25.85
2017-05-18,1495114200,25.94
2017-05-19,1495200600,26.04
2017-05-22,1495459800,26.265
2017-05-23,1495546200,26.335
2017-05-24,1495632600,26.485
2017-05-25,1495719000,26.7
2017-05-26,1495805400,26.7
2017-05-30,1496151000,26.785
2017-05-31,1496237400,26.92
2017-06-01,1496323800,27.11
2017-06-02,1496410200,27.14
2017-06-05,1496669400,27.055
2017-06-06,1496755800,26.995
2017-06-07,1496842200,27.085
2017-06-08,1496928600,26.86
2017-06-09,1497015000,26.835
2017-06-12,1497274200,26.785
2017-06-13,1497360600,26.85
2017-06-14,1497447000,26.995
2017-06-15,1497533400,27.15
2017-06-16,1497619800,27.055
2017-06-19,1497879000,26.965
2017-06-20,1497965400,26.98
2017-06-21,1498051800,26.82
2017-06-22,1498138200,26.695
2017-06-23,1498224600,26.605
2017-06-26,1498483800,26.785
2017-06-27,1498570200,26.485
2017-06-28,1498656600,26.23
2017-06-29,1498743000,26.02
2017-06-30,1498829400,25.98
2017-07-03,1499088600,25.86
2017-07-05,1499261400,25.735
2017-07-06,1499347800,25.725
2017-07-07,1499434200,25.745
2017-07-10,1499693400,25.725
2017-07-11,1499779800,25.71
2017-07-12,1499866200,25.93
2017-07-13,1499952600,25.84
2017-07-14,1500039000,25.96
2017-07-17,1500298200,26.08
2017-07-18,1500384600,26.155
2017-07-19,1500471000,26.265
2017-07-20,1500557400,26.455
2017-07-21,1500643800,26.645
2017-07-24,1500903000,26.395
2017-07-25,1500989400,26.245
2017-07-26,1501075800,26.495
2017-07-27,1501162200,26.56
2017-07-28,1501248600,26.52
2017-07-31,1501507800,26.61
2017-08-01,1501594200,26.76
2017-08-02,1501680600,26.875
2017-08-03,1501767000,27.01
2017-08-04,1501853400,26.89
2017-08-07,1502112600,26.975
2017-08-08,1502199000,27.085
2017-08-09,1502285400,26.945
2017-08-10,1502371800,27.03
2017-08-11,1502458200,26.87
2017-08-14,1502717400,27.025
2017-08-15,1502803800,27.175
2017-08-16,1502890200,27.285
2017-08-17,1502976600,27.09
2017-08-18,1503063000,27.25
2017-08-21,1503322200,27.35
2017-08-22,1503408600,27.41
2017-08-23,1503495000,27.5
2017-08-24,1503581400,27.48
2017-08-25,1503667800,27.57
2017-08-28,1503927000,27.62
2017-08-29,1504013400,27.56
2017-08-30,1504099800,27.48
2017-08-31,1504186200,27.485
2017-09-01,1504272600,27.4
2017-09-05,1504618200,27.47
2017-09-06,1504704600,27.345
2017-09-07,1504791000,27.55
2017-09-08,1504877400,27.68
2017-09-11,1505136600,27.915
2017-09-12,1505223000,27.45
2017-09-13,1505309400,27.315
2017-09-14,1505395800,27.545
2017-09-15,1505482200,27.375
2017-09-18,1505741400,27.095
2017-09-19,1505827800,27.04
2017-09-20,1505914200,26.84
2017-09-21,1506000600,26.835
2017-09-22,1506087000,26.615
2017-09-25,1506346200,26.86
2017-09-26,1506432600,26.81
2017-09-27,1506519000,26.45
2017-09-28,1506605400,26.545
2017-09-29,1506691800,26.525
2017-10-02,1506951000,26.57
2017-10-03,1507037400,26.495
2017-10-04,1507123800,26.76
2017-10-05,1507210200,26.735
2017-10-06,1507296600,26.715
2017-10-09,1507555800,26.75
2017-10-10,1507642200,27.01
2017-10-11,1507728600,27.125
2017-10-12,1507815000,27.265
2017-10-13,1507901400,27.075
2017-10-16,1508160600,27.015
2017-10-17,1508247000,27.175
2017-10-18,1508333400,27.125
2017-10-19,1508419800,27.41
2017-10-20,1508506200,27.43
2017-10-23,1508765400,27.445
2017-10-24,1508851800,27.47
2017-10-25,1508938200,27.35
2017-10-26,1509024600,27.355
2017-10-27,1509111000,27.525
2017-10-30,1509370200,27.53
2017-10-31,1509456600,27.56
2017-11-01,1509543000,27.405
2017-11-02,1509629400,27.505
2017-11-03,1509715800,27.605
2017-11-06,1509978600,27.5
2017-11-07,1510065000,27.83
2017-11-08,1510151400,27.85
2017-11-09,1510237800,27.885
2017-11-10,1510324200,27.755
2017-11-13,1510583400,28.085
2017-11-14,1510669800,28.435
2017-11-15,1510756200,28.19
2017-11-16,1510842600,28.1
2017-11-17,1510929000,27.905
2017-11-20,1511188200,27.82
2017-11-21,1511274600,27.895
2017-11-22,1511361000,27.895
2017-11-24,1511533800,27.94
2017-11-27,1511793000,28.06
2017-11-28,1511879400,28.19
2017-11-29,1511965800,28.205
2017-11-30,1512052200,28.3
2017-12-01,1512138600,28.205
2017-12-04,1512397800,28.045
2017-12-05,1512484200,27.69
2017-12-06,1512570600,27.795
2017-12-07,1512657000,27.845
2017-12-08,1512743400,27.935
2017-12-11,1513002600,28.105
2017-12-12,1513089000,27.625
2017-12-13,1513175400,27.7
2017-12-14,1513261800,27.665
2017-12-15,1513348200,27.51
2017-12-18,1513607400,27.205
2017-12-19,1513693800,26.71
2017-12-20,1513780200,26.5
2017-12-21,1513866600,26.185
2017-12-22,1513953000,26.225
2017-12-26,1514298600,26.07
2017-12-27,1514385000,26.18
2017-12-28,1514471400,26.325
2017-12-29,1514557800,26.34
2018-01-02,1514903400,26.095
2018-01-03,1514989800,25.89
2018-01-04,1515076200,25.675
2018-01-05,1515162600,25.665
2018-01-08,1515421800,25.905
2018-01-09,1515508200,25.65
2018-01-10,1515594600,25.37
2018-01-11,1515681000,25.275
2018-01-12,1515767400,25.13
2018-01-16,1516113000,25.075
2018-01-17,1516199400,25.23
2018-01-18,1516285800,25.07
2018-01-19,1516372200,24.995
2018-01-22,1516631400,25.03
2018-01-23,1516717800,25.27
2018-01-24,1516804200,25.115
2018-01-25,1516890600,25.505
2018-01-26,1516977000,25.52
2018-01-29,1517236200,25.195
2018-01-30,1517322600,25.24
2018-01-31,1517409000,25.52
2018-02-01,1517495400,25.12
2018-02-02,1517581800,24.94
2018-02-05,1517841000,24.53
2018-02-06,1517927400,24.165
2018-02-07,1518013800,24.05
2018-02-08,1518100200,23.78
2018-02-09,1518186600,24.28
2018-02-12,1518445800,24.465
2018-02-13,1518532200,24.575
2018-02-14,1518618600,24.3
2018-02-15,1518705000,24.84
2018-02-16,1518791400,25.06
2018-02-20,1519137000,24.735
2018-02-21,1519223400,24.41
2018-02-22,1519309800,24.535
2018-02-23,1519396200,25.175
2018-02-26,1519655400,25.1
2018-02-27,1519741800,24.7
2018-02-28,1519828200,24.53
2018-03-01,1519914600,24.535
2018-03-02,1520001000,24.47
2018-03-05,1520260200,24.97
2018-03-06,1520346600,24.635
2018-03-07,1520433000,24.45
2018-03-08,1520519400,24.63
2018-03-09,1520605800,24.7
2018-03-12,1520861400,24.805
2018-03-13,1520947800,24.86
2018-03-14,1521034200,25.115
2018-03-15,1521120600,25.1
2018-03-16,1521207000,25.125
2018-03-19,1521466200,24.97
2018-03-20,1521552600,24.855
2018-03-21,1521639000,24.77
2018-03-22,1521725400,24.88
2018-03-23,1521811800,24.53
2018-03-26,1522071000,24.785
2018-03-27,1522157400,25.14
2018-03-28,1522243800,25.13
2018-03-29,1522330200,25.265
2018-04-02,1522675800,25.07
2018-04-03,1522762200,25.155
2018-04-04,1522848600,25.21
2018-04-05,1522935000,25.41
2018-04-06,1523021400,25.21
2018-04-09,1523280600,25.26
2018-04-10,1523367000,25.065
2018-04-11,1523453400,25.03
2018-04-12,1523539800,24.7
2018-04-13,1523626200,24.895
2018-04-16,1523885400,25.235
2018-04-17,1523971800,25.49
2018-04-18,1524058200,25.395
2018-04-19,1524144600,25.38
2018-04-20,1524231000,25.15
2018-04-23,1524490200,25.165
2018-04-24,1524576600,25.335
2018-04-25,1524663000,25.34
2018-04-26,1524749400,25.595
2018-04-27,1524835800,25.855
2018-04-30,1525095000,25.78
2018-05-01,1525181400,25.7
2018-05-02,1525267800,25.675
2018-05-03,1525354200,25.64
2018-05-04,1525440600,25.755
2018-05-07,1525699800,25.62
2018-05-08,1525786200,24.98
2018-05-09,1525872600,24.805
2018-05-10,1525959000,25.155
2018-05-11,1526045400,25.19
2018-05-14,1526304600,25.095
2018-05-15,1526391000,24.885
2018-05-16,1526477400,24.69
2018-05-17,1526563800,24.49
2018-05-18,1526650200,24.495
2018-05-21,1526909400,24.62
2018-05-22,1526995800,24.71
2018-05-23,1527082200,24.935
2018-05-24,1527168600,25.14
2018-05-25,1527255000,25.25
2018-05-29,1527600600,25.25
2018-05-30,1527687000,25.455
2018-05-31,1527773400,25.495
2018-06-01,1527859800,25.105
2018-06-04,1528119000,24.905
2018-06-05,1528205400,24.775
2018-06-06,1528291800,24.185
2018-06-07,1528378200,24.355
2018-06-08,1528464600,24.345
2018-06-11,1528723800,24.295
2018-06-12,1528810200,24.575
2018-06-13,1528896600,24.51
2018-06-14,1528983000,24.815
2018-06-15,1529069400,24.77
2018-06-18,1529328600,24.85
2018-06-19,1529415000,25.095
2018-06-20,1529501400,25.115
2018-06-21,1529587800,25.2
2018-06-22,1529674200,25.375
2018-06-25,1529933400,25.795
2018-06-26,1530019800,25.825
2018-06-27,1530106200,25.95
2018-06-28,1530192600,25.94
2018-06-29,1530279000,25.98
2018-07-02,1530538200,26.165
2018-07-03,1530624600,26.24
2018-07-05,1530797400,26.38
2018-07-06,1530883800,26.585
2018-07-09,1531143000,25.765
2018-07-10,1531229400,26.01
2018-07-11,1531315800,26.245
2018-07-12,1531402200,26.265
2018-07-13,1531488600,26.27
2018-07-16,1531747800,26.245
2018-07-17,1531834200,26.225
2018-07-18,1531920600,26.09
2018-07-19,1532007000,26.33
2018-07-20,1532093400,26.145
2018-07-23,1532352600,25.96
2018-07-24,1532439000,26.05
2018-07-25,1532525400,26.125
2018-07-26,1532611800,26.405
2018-07-27,1532698200,26.32
2018-07-30,1532957400,26.16
2018-07-31,1533043800,26.395
2018-08-01,1533130200,26.225
2018-08-02,1533216600,26.355
2018-08-03,1533303000,26.65
2018-08-06,1533562200,26.67
2018-08-07,1533648600,26.63
2018-08-08,1533735000,26.49
2018-08-09,1533821400,26.61
2018-08-10,1533907800,26.495
2018-08-13,1534167000,26.53
2018-08-14,1534253400,26.585
2018-08-15,1534339800,26.83
2018-08-16,1534426200,27.12
2018-08-17,1534512600,27.26
2018-08-20,1534771800,27.165
2018-08-21,1534858200,26.97
2018-08-22,1534944600,26.77
2018-08-23,1535031000,26.75
2018-08-24,1535117400,26.865
2018-08-27,1535376600,26.7
2018-08-28,1535463000,26.645
2018-08-29,1535549400,26.84
2018-08-30,1535635800,26.85
2018-08-31,1535722200,26.735
2018-09-04,1536067800,26.855
2018-09-05,1536154200,27.23
2018-09-06,1536240600,27.385
2018-09-07,1536327000,27.05
2018-09-10,1536586200,27.185
2018-09-11,1536672600,27.115
2018-09-12,1536759000,27.09
2018-09-13,1536845400,27.295
2018-09-14,1536931800,27.15
2018-09-17,1537191000,27.24
2018-09-18,1537277400,27.19
2018-09-19,1537363800,26.6
2018-09-20,1537450200,26.655
2018-09-21,1537536600,26.53
2018-09-24,1537795800,26.295
2018-09-25,1537882200,25.935
2018-09-26,1537968600,25.68
2018-09-27,1538055000,25.945
2018-09-28,1538141400,26.325
2018-10-01,1538400600,26.235
2018-10-02,1538487000,26.59
2018-10-03,1538573400,26.27
2018-10-04,1538659800,26.41
2018-10-05,1538746200,26.815
2018-10-08,1539005400,27.04
2018-10-09,1539091800,27.15
2018-10-10,1539178200,27
2018-10-11,1539264600,26.505
2018-10-12,1539351000,26.475
2018-10-15,1539610200,26.6
2018-10-16,1539696600,26.875
2018-10-17,1539783000,26.825
2018-10-18,1539869400,26.865
2018-10-19,1539955800,27.285
2018-10-22,1540215000,27.11
2018-10-23,1540301400,26.96
2018-10-24,1540387800,27.615
2018-10-25,1540474200,27.185
2018-10-26,1540560600,26.685
2018-10-29,1540819800,27.06
2018-10-30,1540906200,27.165
2018-10-31,1540992600,26.845
2018-11-01,1541079000,26.725
2018-11-02,1541165400,26.575
2018-11-05,1541428200,26.95
2018-11-06,1541514600,27.13
2018-11-07,1541601000,27.44
2018-11-08,1541687400,27.395
2018-11-09,1541773800,27.435
2018-11-12,1542033000,27.42
2018-11-13,1542119400,27.535
2018-11-14,1542205800,27.25
2018-11-15,1542292200,27.025
2018-11-16,1542378600,27.44
2018-11-19,1542637800,27.56
2018-11-20,1542724200,27.445
2018-11-21,1542810600,27.04
2018-11-23,1542983400,27.055
2018-11-26,1543242600,27.215
2018-11-27,1543329000,27.42
2018-11-28,1543415400,27.4
2018-11-29,1543501800,27.39
2018-11-30,1543588200,27.795
2018-12-03,1543847400,28.075
2018-12-04,1543933800,28.095
2018-12-06,1544106600,28.125
2018-12-07,1544193000,28.23
2018-12-10,1544452200,28.285
2018-12-11,1544538600,28.4
2018-12-12,1544625000,28.22
2018-12-13,1544711400,28.465
2018-12-14,1544797800,28.41
2018-12-17,1545057000,27.495
2018-12-18,1545143400,27.31
2018-12-19,1545229800,27.265
2018-12-20,1545316200,27.25
2018-12-21,1545402600,26.905
2018-12-24,1545661800,25.78
2018-12-26,1545834600,26.13
2018-12-27,1545921000,26.35
2018-12-28,1546007400,26.415
2018-12-31,1546266600,26.46
2019-01-02,1546439400,26.005
2019-01-03,1546525800,26
2019-01-04,1546612200,26.385
2019-01-07,1546871400,26.205
2019-01-08,1546957800,26.53
2019-01-09,1547044200,26.37
2019-01-10,1547130600,26.715
2019-01-11,1547217000,26.615
2019-01-14,1547476200,26.015
2019-01-15,1547562600,26.335
2019-01-16,1547649000,26.43
2019-01-17,1547735400,26.54
2019-01-18,1547821800,26.57
2019-01-22,1548167400,26.62
2019-01-23,1548253800,26.89
2019-01-24,1548340200,27.03
2019-01-25,1548426600,26.66
2019-01-28,1548685800,26.535
2019-01-29,1548772200,26.61
2019-01-30,1548858600,26.815
2019-01-31,1548945000,27.38
2019-02-01,1549031400,27.275
2019-02-04,1549290600,27.32
2019-02-05,1549377000,27.375
2019-02-06,1549463400,27.36
2019-02-07,1549549800,27.72
2019-02-08,1549636200,27.84
2019-02-11,1549895400,27.83
2019-02-12,1549981800,27.895
2019-02-13,1550068200,27.815
2019-02-14,1550154600,27.77
2019-02-15,1550241000,27.855
2019-02-19,1550586600,28.02
2019-02-20,1550673000,28.145
2019-02-21,1550759400,28.35
2019-02-22,1550845800,28.525
2019-02-25,1551105000,28.34
2019-02-26,1551191400,28.305
2019-02-27,1551277800,28.34
2019-02-28,1551364200,28.505
2019-03-01,1551450600,28.565
2019-03-04,1551709800,28.615
2019-03-05,1551796200,28.58
2019-03-06,1551882600,28.58
2019-03-07,1551969000,28.675
2019-03-08,1552055400,28.775
2019-03-11,1552311000,28.98
2019-03-12,1552397400,29.18
2019-03-13,1552483800,29.21
2019-03-14,1552570200,29.205
2019-03-15,1552656600,29.095
2019-03-18,1552915800,28.985
2019-03-19,1553002200,28.655
2019-03-20,1553088600,28.73
2019-03-21,1553175000,29.035
2019-03-22,1553261400,29.245
2019-03-25,1553520600,29.27
2019-03-26,1553607000,29.48
2019-03-27,1553693400,29.275
2019-03-28,1553779800,28.93
2019-03-29,1553866200,29.085
2019-04-01,1554125400,28.885
2019-04-02,1554211800,28.925
2019-04-03,1554298200,28.88
2019-04-04,1554384600,28.78
2019-04-05,1554471000,29.05
2019-04-08,1554730200,28.845
2019-04-09,1554816600,28.915
2019-04-10,1554903000,28.825
2019-04-11,1554989400,28.97
2019-04-12,1555075800,29.105
2019-04-15,1555335000,29.1
2019-04-16,1555421400,28.74
2019-04-17,1555507800,28.63
2019-04-18,1555594200,28.645
2019-04-22,1555939800,28.62
2019-04-23,1556026200,28.7
2019-04-24,1556112600,28.885
2019-04-25,1556199000,29.005
2019-04-26,1556285400,29.05
2019-04-29,1556544600,28.88
2019-04-30,1556631000,29.355
2019-05-01,1556717400,29.055
2019-05-02,1556803800,28.99
2019-05-03,1556890200,29.15
2019-05-06,1557149400,28.99
2019-05-07,1557235800,28.9
2019-05-08,1557322200,28.505
2019-05-09,1557408600,28.47
2019-05-10,1557495000,28.98
2019-05-13,1557754200,29.29
2019-05-14,1557840600,29.095
2019-05-15,1557927000,29.045
2019-05-16,1558013400,29.24
2019-05-17,1558099800,29.39
2019-05-20,1558359000,29.43
2019-05-21,1558445400,29.485
2019-05-22,1558531800,29.705
2019-05-23,1558618200,29.96
2019-05-24,1558704600,29.915
2019-05-28,1559050200,29.425
2019-05-29,1559136600,29.035
2019-05-30,1559223000,28.99
2019-05-31,1559309400,29.125
2019-06-03,1559568600,29.415
2019-06-04,1559655000,29.44
2019-06-05,1559741400,30.07
2019-06-06,1559827800,30.255
2019-06-07,1559914200,30.03
2019-06-10,1560173400,29.825
2019-06-11,1560259800,29.645
2019-06-12,1560346200,30.03
2019-06-13,1560432600,30.09
2019-06-14,1560519000,30.405
2019-06-17,1560778200,30.32
2019-06-18,1560864600,30.195
2019-06-19,1560951000,30.425
2019-06-20,1561037400,30.62
2019-06-21,1561123800,30.495
2019-06-24,1561383000,30.505
2019-06-25,1561469400,30.32
2019-06-26,1561555800,29.66
2019-06-27,1561642200,29.7
2019-06-28,1561728600,29.815
2019-07-01,1561987800,29.74
2019-07-02,1562074200,30.145
2019-07-03,1562160600,30.355
2019-07-05,1562333400,30.34
2019-07-08,1562592600,30.385
2019-07-09,1562679000,30.425
2019-07-10,1562765400,30.495
2019-07-11,1562851800,30.505
2019-07-12,1562938200,30.305
2019-07-15,1563197400,30.425
2019-07-16,1563283800,30.25
2019-07-17,1563370200,30.365
2019-07-18,1563456600,30.63
2019-07-19,1563543000,30.185
2019-07-22,1563802200,30.12
2019-07-23,1563888600,29.93
2019-07-24,1563975000,29.955
2019-07-25,1564061400,29.88
2019-07-26,1564147800,29.99
2019-07-29,1564407000,30.145
2019-07-30,1564493400,29.915
2019-07-31,1564579800,29.775
2019-08-01,1564666200,30.08
2019-08-02,1564752600,30.075
2019-08-05,1565011800,29.645
2019-08-06,1565098200,30.015
2019-08-07,1565184600,30.09
2019-08-08,1565271000,30.4
2019-08-09,1565357400,30.435
2019-08-12,1565616600,30.375
2019-08-13,1565703000,30.395
2019-08-14,1565789400,30.145
2019-08-15,1565875800,30.535
2019-08-16,1565962200,30.69
2019-08-19,1566221400,30.885
2019-08-20,1566307800,30.835
2019-08-21,1566394200,31.04
2019-08-22,1566480600,31.07
2019-08-23,1566567000,30.74
2019-08-26,1566826200,31.095
2019-08-27,1566912600,31.15
2019-08-28,1566999000,31.065
2019-08-29,1567085400,31.28
2019-08-30,1567171800,31.29
2019-09-03,1567517400,31.845
2019-09-04,1567603800,31.875
2019-09-05,1567690200,31.53
2019-09-06,1567776600,31.405
2019-09-09,1568035800,31.25
2019-09-10,1568122200,31.29
2019-09-11,1568208600,31.6
2019-09-12,1568295000,31.67
2019-09-13,1568381400,31.47
2019-09-16,1568640600,31.495
2019-09-17,1568727000,31.77
2019-09-18,1568813400,31.905
2019-09-19,1568899800,32.055
2019-09-20,1568986200,31.935
2019-09-23,1569245400,31.94
2019-09-24,1569331800,32.315
2019-09-25,1569418200,32.295
2019-09-26,1569504600,32.465
2019-09-27,1569591000,32.35
2019-09-30,1569850200,32.37
2019-10-01,1569936600,32.295
2019-10-02,1570023000,31.865
2019-10-03,1570109400,31.94
2019-10-04,1570195800,32.385
2019-10-07,1570455000,32.26
2019-10-08,1570541400,31.96
2019-10-09,1570627800,32.115
2019-10-10,1570714200,32.08
2019-10-11,1570800600,31.96
2019-10-14,1571059800,31.755
2019-10-15,1571146200,31.655
2019-10-16,1571232600,31.725
2019-10-17,1571319000,31.805
2019-10-18,1571405400,31.91
2019-10-21,1571664600,32.035
2019-10-22,1571751000,32.17
2019-10-23,1571837400,32.3
2019-10-24,1571923800,32.41
2019-10-25,1572010200,32.08
2019-10-28,1572269400,31.64
2019-10-29,1572355800,31.67
2019-10-30,1572442200,31.95
2019-10-31,1572528600,32.125
2019-11-01,1572615000,32.045
2019-11-04,1572877800,31.635
2019-11-05,1572964200,31.31
2019-11-06,1573050600,31.43
2019-11-07,1573137000,31.005
2019-11-08,1573223400,30.875
2019-11-11,1573482600,30.685
2019-11-12,1573569000,30.76
2019-11-13,1573655400,31.215
2019-11-14,1573741800,31.325
2019-11-15,1573828200,31.425
2019-11-18,1574087400,31.49
2019-11-19,1574173800,31.41
2019-11-20,1574260200,31.6
2019-11-21,1574346600,31.49
2019-11-22,1574433000,31.5
2019-11-25,1574692200,31.395
2019-11-26,1574778600,31.5
2019-11-27,1574865000,31.555
2019-11-29,1575037800,31.525
2019-12-02,1575297000,31.32
2019-12-03,1575383400,31.405
2019-12-04,1575469800,31.645
2019-12-05,1575556200,31.7
2019-12-06,1575642600,31.605
2019-12-09,1575901800,31.495
2019-12-10,1575988200,31.49
2019-12-11,1576074600,31.575
2019-12-12,1576161000,31.44
2019-12-13,1576247400,31.685
2019-12-16,1576506600,32.08
2019-12-17,1576593000,32.185
2019-12-18,1576679400,32.315
2019-12-19,1576765800,32.325
2019-12-20,1576852200,32.295
2019-12-23,1577111400,31.995
2019-12-24,1577197800,32.04
2019-12-26,1577370600,32.095
2019-12-27,1577457000,32.19
2019-12-30,1577716200,32.185
2019-12-31,1577802600,32.31
2020-01-02,1577975400,31.905
2020-01-03,1578061800,31.97
2020-01-06,1578321000,32
2020-01-07,1578407400,31.955
2020-01-08,1578493800,31.94
2020-01-09,1578580200,32.115
2020-01-10,1578666600,32.2
2020-01-13,1578925800,32.395
2020-01-14,1579012200,32.49
2020-01-15,1579098600,32.945
2020-01-16,1579185000,33.15
2020-01-17,1579271400,33.38
2020-01-21,1579617000,33.685
2020-01-22,1579703400,33.79
2020-01-23,1579789800,34.09
2020-01-24,1579876200,34.18
2020-01-27,1580135400,34.095
2020-01-28,1580221800,34.235
2020-01-29,1580308200,34.325
2020-01-30,1580394600,34.645
2020-01-31,1580481000,34.49
2020-02-03,1580740200,34.6
2020-02-04,1580826600,34.255
2020-02-05,1580913000,34.395
2020-02-06,1580999400,34.405
2020-02-07,1581085800,34.295
2020-02-10,1581345000,34.425
2020-02-11,1581431400,34.55
2020-02-12,1581517800,34.575
2020-02-13,1581604200,34.96
2020-02-14,1581690600,35.195
2020-02-18,1582036200,35.49
2020-02-19,1582122600,35.105
2020-02-20,1582209000,35.23
2020-02-21,1582295400,35.165
2020-02-24,1582554600,34.755
2020-02-25,1582641000,34.025
2020-02-26,1582727400,33.68
2020-02-27,1582813800,32.165
2020-02-28,1582900200,31.09
2020-03-02,1583159400,32.92
2020-03-03,1583245800,32.515
2020-03-04,1583332200,34.36
2020-03-05,1583418600,33.83
2020-03-06,1583505000,33.555
2020-03-09,1583760600,31.73
2020-03-10,1583847000,32.025
2020-03-11,1583933400,30.415
2020-03-12,1584019800,27.345
2020-03-13,1584106200,28.835
2020-03-16,1584365400,25.56
2020-03-17,1584451800,28.83
2020-03-18,1584538200,27.575
2020-03-19,1584624600,25.97
2020-03-20,1584711000,23.91
2020-03-23,1584970200,22.465
2020-03-24,1585056600,24.88
2020-03-25,1585143000,25.515
2020-03-26,1585229400,27.69
2020-03-27,1585315800,27.84
2020-03-30,1585575000,28.87
2020-03-31,1585661400,27.705
2020-04-01,1585747800,26.04
2020-04-02,1585834200,26.855
2020-04-03,1585920600,25.895
2020-04-06,1586179800,27.895
2020-04-07,1586266200,27.545
2020-04-08,1586352600,29.045
2020-04-09,1586439000,30.415
2020-04-13,1586784600,29.45
2020-04-14,1586871000,30.315
2020-04-15,1586957400,29.315
2020-04-16,1587043800,29.32
2020-04-17,1587130200,30.265
2020-04-20,1587389400,29.12
2020-04-21,1587475800,28.64
2020-04-22,1587562200,29.475
2020-04-23,1587648600,28.98
2020-04-24,1587735000,29.16
2020-04-27,1587994200,29.465
2020-04-28,1588080600,29.575
2020-04-29,1588167000,29.305
2020-04-30,1588253400,28.63
2020-05-01,1588339800,27.94
2020-05-04,1588599000,28.15
2020-05-05,1588685400,28.38
2020-05-06,1588771800,27.415
2020-05-07,1588858200,27.525
2020-05-08,1588944600,28.08
2020-05-11,1589203800,27.96
2020-05-12,1589290200,27.715
2020-05-13,1589376600,27.48
2020-05-14,1589463000,27.775
2020-05-15,1589549400,27.405
2020-05-18,1589808600,28.53
2020-05-19,1589895000,28.06
2020-05-20,1589981400,28.215
2020-05-21,1590067800,27.93
2020-05-22,1590154200,28.24
2020-05-26,1590499800,28.425
2020-05-27,1590586200,28.765
2020-05-28,1590672600,29.615
2020-05-29,1590759000,29.845
2020-06-01,1591018200,30.2
2020-06-02,1591104600,30.395
2020-06-03,1591191000,30.76
2020-06-04,1591277400,30.21
2020-06-05,1591363800,30.595
2020-06-08,1591623000,31.415
2020-06-09,1591709400,30.785
2020-06-10,1591795800,30.605
2020-06-11,1591882200,29.41
2020-06-12,1591968600,29.335
2020-06-15,1592227800,29.535
2020-06-16,1592314200,29.67
2020-06-17,1592400600,29.58
2020-06-18,1592487000,29.575
2020-06-19,1592573400,28.745
2020-06-22,1592832600,28.785
2020-06-23,1592919000,28.495
2020-06-24,1593005400,28.235
2020-06-25,1593091800,27.885
2020-06-26,1593178200,27.59
2020-06-29,1593437400,28.11
2020-06-30,1593523800,28.215
2020-07-01,1593610200,28.875
2020-07-02,1593696600,28.95
2020-07-06,1594042200,28.595
2020-07-07,1594128600,28.48
2020-07-08,1594215000,28.735
2020-07-09,1594301400,28.35
2020-07-10,1594387800,28.885
2020-07-13,1594647000,28.915
2020-07-14,1594733400,29.185
2020-07-15,1594819800,29.07
2020-07-16,1594906200,29.44
2020-07-17,1594992600,30.105
2020-07-20,1595251800,29.71
2020-07-21,1595338200,29.845
2020-07-22,1595424600,30.305
2020-07-23,1595511000,30.34
2020-07-24,1595597400,30.14
2020-07-27,1595856600,29.775
2020-07-28,1595943000,30.225
2020-07-29,1596029400,30.365
2020-07-30,1596115800,30.365
2020-07-31,1596202200,30.415
2020-08-03,1596461400,30.085
2020-08-04,1596547800,30.415
2020-08-05,1596634200,30.025
2020-08-06,1596720600,30.2
2020-08-07,1596807000,30.745
2020-08-10,1597066200,30.735
2020-08-11,1597152600,30.07
2020-08-12,1597239000,30.505
2020-08-13,1597325400,30.455
2020-08-14,1597411800,30.19
2020-08-17,1597671000,30.15
2020-08-18,1597757400,30.015
2020-08-19,1597843800,29.925
2020-08-20,1597930200,29.66
2020-08-21,1598016600,29.71
2020-08-24,1598275800,29.97
2020-08-25,1598362200,29.685
2020-08-26,1598448600,29.355
2020-08-27,1598535000,29.45
2020-08-28,1598621400,29.535
2020-08-31,1598880600,29.625
2020-09-01,1598967000,29.285
2020-09-02,1599053400,30.195
2020-09-03,1599139800,29.855
2020-09-04,1599226200,29.685
2020-09-08,1599571800,29.52
2020-09-09,1599658200,29.91
2020-09-10,1599744600,29.395
2020-09-11,1599831000,29.465
2020-09-14,1600090200,29.87
2020-09-15,1600176600,30.07
2020-09-16,1600263000,30.03
2020-09-17,1600349400,29.785
2020-09-18,1600435800,29.26
2020-09-21,1600695000,28.83
2020-09-22,1600781400,29.01
2020-09-23,1600867800,28.565
2020-09-24,1600954200,28.885
2020-09-25,1601040600,29.36
2020-09-28,1601299800,29.435
2020-09-29,1601386200,29.425
2020-09-30,1601472600,29.69
2020-10-01,1601559000,29.99
2020-10-02,1601645400,30.345
2020-10-05,1601904600,30.725
2020-10-06,1601991000,30.985
2020-10-07,1602077400,31.175
2020-10-08,1602163800,31.745
2020-10-09,1602250200,31.74
2020-10-12,1602509400,31.94
2020-10-13,1602595800,31.72
2020-10-14,1602682200,31.68
2020-10-15,1602768600,31.66
2020-10-16,1602855000,32
2020-10-19,1603114200,31.73
2020-10-20,1603200600,31.92
2020-10-21,1603287000,31.835
2020-10-22,1603373400,32.285
2020-10-23,1603459800,32.375
2020-10-26,1603719000,32.365
2020-10-27,1603805400,32.34
2020-10-28,1603891800,31.4
2020-10-29,1603978200,31.485
2020-10-30,1604064600,31.19
2020-11-02,1604327400,31.875
2020-11-03,1604413800,32.335
2020-11-04,1604500200,31.85
2020-11-05,1604586600,32.135
2020-11-06,1604673000,32.065
2020-11-09,1604932200,32.66
2020-11-10,1605018600,33.13
2020-11-11,1605105000,33.255
2020-11-12,1605191400,32.72
2020-11-13,1605277800,33.045
2020-11-16,1605537000,33.38
2020-11-17,1605623400,32.725
2020-11-18,1605709800,32.085
2020-11-19,1605796200,31.765
2020-11-20,1605882600,31.77
2020-11-23,1606141800,31.775
2020-11-24,1606228200,32.115
2020-11-25,1606314600,32.2
2020-11-27,1606487400,31.88
2020-11-30,1606746600,31.42
2020-12-01,1606833000,31.64
2020-12-02,1606919400,31.85
2020-12-03,1607005800,31.52
2020-12-04,1607092200,31.205
2020-12-07,1607351400,31.38
2020-12-08,1607437800,31.285
2020-12-09,1607524200,31.23
2020-12-10,1607610600,31.07
2020-12-11,1607697000,31.12
2020-12-14,1607956200,30.96
2020-12-15,1608042600,31.57
2020-12-16,1608129000,31.205
2020-12-17,1608215400,31.415
2020-12-18,1608301800,31.145
2020-12-21,1608561000,30.51
2020-12-22,1608647400,30.45
2020-12-23,1608733800,30.39
2020-12-24,1608820200,30.605
2020-12-28,1609165800,30.74
2020-12-29,1609252200,30.735
2020-12-30,1609338600,30.89
2020-12-31,1609425000,31.35
2021-01-04,1609770600,30.56
2021-01-05,1609857000,30.555
2021-01-06,1609943400,31.315
2021-01-07,1610029800,30.905
2021-01-08,1610116200,31.165
2021-01-11,1610375400,30.875
2021-01-12,1610461800,30.71
2021-01-13,1610548200,31.31
2021-01-14,1610634600,31.19
2021-01-15,1610721000,31.495
2021-01-19,1611066600,31.375
2021-01-20,1611153000,31.56
2021-01-21,1611239400,31.375
2021-01-22,1611325800,31.42
2021-01-25,1611585000,32.05
2021-01-26,1611671400,31.73
2021-01-27,1611757800,30.875
2021-01-28,1611844200,31.245
2021-01-29,1611930600,31.075
2021-02-01,1612189800,31.225
2021-02-02,1612276200,31.48
2021-02-03,1612362600,31.38
2021-02-04,1612449000,31.625
2021-02-05,1612535400,31.795
2021-02-08,1612794600,31.55
2021-02-09,1612881000,31.595
2021-02-10,1612967400,31.72
2021-02-11,1613053800,31.54
2021-02-12,1613140200,31.31
2021-02-16,1613485800,30.96
2021-02-17,1613572200,30.985
2021-02-18,1613658600,31.17
2021-02-19,1613745000,30.705
2021-02-22,1614004200,30.105
2021-02-23,1614090600,30.355
2021-02-24,1614177000,30
2021-02-25,1614263400,29.73
2021-02-26,1614349800,29.18
2021-03-01,1614609000,29.825
2021-03-02,1614695400,29.735
2021-03-03,1614781800,29.385
2021-03-04,1614868200,29.36
2021-03-05,1614954600,29.84
2021-03-08,1615213800,30.26
2021-03-09,1615300200,30.66
2021-03-10,1615386600,30.87
2021-03-11,1615473000,30.79
2021-03-12,1615559400,31.205
2021-03-15,1615815000,31.605
2021-03-16,1615901400,31.645
2021-03-17,1615987800,31.13
2021-03-18,1616074200,31.015
2021-03-19,1616160600,31.1
2021-03-22,1616419800,30.825
2021-03-23,1616506200,31.285
2021-03-24,1616592600,31.295
2021-03-25,1616679000,31.63
2021-03-26,1616765400,31.735
2021-03-29,1617024600,32.075
2021-03-30,1617111000,31.785
2021-03-31,1617197400,32.02
2021-04-01,1617283800,31.99
2021-04-05,1617629400,32.34
2021-04-06,1617715800,32.51
2021-04-07,1617802200,32.47
2021-04-08,1617888600,32.445
2021-04-09,1617975000,32.41
2021-04-12,1618234200,32.44
2021-04-13,1618320600,32.825
2021-04-14,1618407000,32.97
2021-04-15,1618493400,33.335
2021-04-16,1618579800,33.605
2021-04-19,1618839000,33.435
2021-04-20,1618925400,33.86
2021-04-21,1619011800,33.575
2021-04-22,1619098200,33.335
2021-04-23,1619184600,33.29
2021-04-26,1619443800,33.1
2021-04-27,1619530200,32.845
2021-04-28,1619616600,32.8
2021-04-29,1619703000,33.1
2021-04-30,1619789400,33.36
2021-05-03,1620048600,33.355
2021-05-04,1620135000,33.23
2021-05-05,1620221400,32.67
2021-05-06,1620307800,32.92
2021-05-07,1620394200,33.02
2021-05-10,1620653400,33.355
2021-05-11,1620739800,32.945
2021-05-12,1620826200,32.175
2021-05-13,1620912600,32.795
2021-05-14,1620999000,32.955
2021-05-17,1621258200,32.685
2021-05-18,1621344600,32.68
2021-05-19,1621431000,32.625
2021-05-20,1621517400,32.91
2021-05-21,1621603800,33.08
2021-05-24,1621863000,33.02
2021-05-25,1621949400,32.62
2021-05-26,1622035800,32.625
2021-05-27,1622122200,32.405
2021-05-28,1622208600,32.58
2021-06-01,1622554200,32.38
2021-06-02,1622640600,32.55
2021-06-03,1622727000,32.745
2021-06-04,1622813400,32.695
2021-06-07,1623072600,32.755
2021-06-08,1623159000,32.475
2021-06-09,1623245400,32.765
2021-06-10,1623331800,32.98
2021-06-11,1623418200,33.055
2021-06-14,1623677400,33.125
2021-06-15,1623763800,33.225
2021-06-16,1623850200,32.725
2021-06-17,1623936600,32.905
2021-06-18,1624023000,32.05
2021-06-21,1624282200,32.215
2021-06-22,1624368600,32.02
2021-06-23,1624455000,31.68
2021-06-24,1624541400,31.65
2021-06-25,1624627800,31.99
2021-06-28,1624887000,32.195
2021-06-29,1624973400,31.675
2021-06-30,1625059800,31.615
2021-07-01,1625146200,31.96
2021-07-02,1625232600,32.01
2021-07-06,1625578200,32.145
2021-07-07,1625664600,32.355
2021-07-08,1625751000,32.26
2021-07-09,1625837400,32.3
2021-07-12,1626096600,32.405
2021-07-13,1626183000,32.16
2021-07-14,1626269400,32.44
2021-07-15,1626355800,32.805
2021-07-16,1626442200,33.135
2021-07-19,1626701400,32.61
2021-07-20,1626787800,32.75
2021-07-21,1626874200,32.39
2021-07-22,1626960600,32.44
2021-07-23,1627047000,32.855
2021-07-26,1627306200,32.865
2021-07-27,1627392600,33.43
2021-07-28,1627479000,33.175
2021-07-29,1627565400,33.265
2021-07-30,1627651800,32.985
2021-08-02,1627911000,33.24
2021-08-03,1627997400,33.43
2021-08-04,1628083800,33.38
2021-08-05,1628170200,33.745
2021-08-06,1628256600,33.725
2021-08-09,1628515800,33.715
2021-08-10,1628602200,33.75
2021-08-11,1628688600,34.065
2021-08-12,1628775000,34.1
2021-08-13,1628861400,34.34
2021-08-16,1629120600,34.55
2021-08-17,1629207000,34.57
2021-08-18,1629293400,34.395
2021-08-19,1629379800,34.535
2021-08-20,1629466200,34.965
2021-08-23,1629725400,34.515
2021-08-24,1629811800,34.29
2021-08-25,1629898200,34.355
2021-08-26,1629984600,34.27
2021-08-27,1630071000,34.26
2021-08-30,1630330200,34.31
2021-08-31,1630416600,34.27
2021-09-01,1630503000,34.72
2021-09-02,1630589400,35.035
2021-09-03,1630675800,34.745
2021-09-07,1631021400,34.285
2021-09-08,1631107800,34.9
2021-09-09,1631194200,34.71
2021-09-10,1631280600,34.225
2021-09-13,1631539800,34.165
2021-09-14,1631626200,34.05
2021-09-15,1631712600,34.005
2021-09-16,1631799000,33.72
2021-09-17,1631885400,33.2
2021-09-20,1632144600,32.89
2021-09-21,1632231000,32.8
2021-09-22,1632317400,32.78
2021-09-23,1632403800,32.605
2021-09-24,1632490200,32.57
2021-09-27,1632749400,32.185
2021-09-28,1632835800,31.78
2021-09-29,1632922200,32.195
2021-09-30,1633008600,31.94
2021-10-01,1633095000,31.94
2021-10-04,1633354200,32.38
2021-10-05,1633440600,32.3
2021-10-06,1633527000,32.8
2021-10-07,1633613400,32.625
2021-10-08,1633699800,32.385
2021-10-11,1633959000,31.945
2021-10-12,1634045400,32.16
2021-10-13,1634131800,32.535
2021-10-14,1634218200,32.935
2021-10-15,1634304600,32.84
2021-10-18,1634563800,32.525
2021-10-19,1634650200,32.935
2021-10-20,1634736600,33.455
2021-10-21,1634823000,33.455
2021-10-22,1634909400,33.625
2021-10-25,1635168600,33.48
2021-10-26,1635255000,33.66
2021-10-27,1635341400,33.435
2021-10-28,1635427800,33.655
2021-10-29,1635514200,33.455
2021-11-01,1635773400,33.575
2021-11-02,1635859800,33.605
2021-11-03,1635946200,33.48
2021-11-04,1636032600,33.295
2021-11-05,1636119000,33.61
2021-11-08,1636381800,33.11
2021-11-09,1636468200,33.28
2021-11-10,1636554600,33.55
2021-11-11,1636641000,33.345
2021-11-12,1636727400,33.325
2021-11-15,1636986600,33.765
2021-11-16,1637073000,33.605
2021-11-17,1637159400,33.635
2021-11-18,1637245800,33.46
2021-11-19,1637332200,33.65
2021-11-22,1637591400,33.855
2021-11-23,1637677800,33.89
2021-11-24,1637764200,33.91
2021-11-26,1637937000,33.38
2021-11-29,1638196200,33.875
2021-11-30,1638282600,32.885
2021-12-01,1638369000,32.945
2021-12-02,1638455400,33.365
2021-12-03,1638541800,33.7
2021-12-06,1638801000,34.215
2021-12-07,1638887400,34.47
2021-12-08,1638973800,34.435
2021-12-09,1639060200,34.39
2021-12-10,1639146600,34.575
2021-12-13,1639405800,35
2021-12-14,1639492200,34.79
2021-12-15,1639578600,35.36
2021-12-16,1639665000,35.54
2021-12-17,1639751400,35.005
2021-12-20,1640010600,34.765
2021-12-21,1640097000,34.715
2021-12-22,1640183400,34.865
2021-12-23,1640269800,34.86
2021-12-27,1640615400,35.03
2021-12-28,1640701800,35.345
2021-12-29,1640788200,35.535
2021-12-30,1640874600,35.665
2021-12-31,1640961000,35.79
2022-01-03,1641220200,35.435
2022-01-04,1641306600,35.325
2022-01-05,1641393000,35.305
2022-01-06,1641479400,34.94
2022-01-07,1641565800,35.205
2022-01-10,1641825000,34.975
2022-01-11,1641911400,34.66
2022-01-12,1641997800,34.77
2022-01-13,1642084200,34.94
2022-01-14,1642170600,34.7
2022-01-18,1642516200,34.285
2022-01-19,1642602600,34.44
2022-01-20,1642689000,34.485
2022-01-21,1642775400,34.42
2022-01-24,1643034600,34.09
2022-01-25,1643121000,33.555
2022-01-26,1643207400,33.28
2022-01-27,1643293800,33.575
2022-01-28,1643380200,33.98
2022-01-31,1643639400,34.625
2022-02-01,1643725800,34.165
2022-02-02,1643812200,34.67
2022-02-03,1643898600,34.515
2022-02-04,1643985000,34.24
2022-02-07,1644244200,34.19
2022-02-08,1644330600,34.215
2022-02-09,1644417000,34.365
2022-02-10,1644503400,33.495
2022-02-11,1644589800,33.515
2022-02-14,1644849000,33.23
2022-02-15,1644935400,33.075
2022-02-16,1645021800,33.15
2022-02-17,1645108200,33.17
2022-02-18,1645194600,33.11
2022-02-22,1645540200,33.075
2022-02-23,1645626600,32.515
2022-02-24,1645713000,32.775
2022-02-25,1645799400,33.79
2022-02-28,1646058600,33.965
2022-03-01,1646145000,33.67
2022-03-02,1646231400,34.08
2022-03-03,1646317800,34.68
2022-03-04,1646404200,35.445
2022-03-07,1646663400,35.905
2022-03-08,1646749800,35.35
2022-03-09,1646836200,35.1
2022-03-10,1646922600,35.335
2022-03-11,1647009000,35.215
2022-03-14,1647264600,35.175
2022-03-15,1647351000,35.625
2022-03-16,1647437400,35.56
2022-03-17,1647523800,35.71
2022-03-18,1647610200,35.405
2022-03-21,1647869400,35.405
2022-03-22,1647955800,35.455
2022-03-23,1648042200,35.505
2022-03-24,1648128600,35.87
2022-03-25,1648215000,36.39
2022-03-28,1648474200,36.625
2022-03-29,1648560600,36.965
2022-03-30,1648647000,37.27
2022-03-31,1648733400,37.23
2022-04-01,1648819800,37.75
2022-04-04,1649079000,37.46
2022-04-05,1649165400,37.695
2022-04-06,1649251800,38.445
2022-04-07,1649338200,38.35
2022-04-08,1649424600,38.48
2022-04-11,1649683800,37.955
2022-04-12,1649770200,38.1
2022-04-13,1649856600,38.025
2022-04-14,1649943000,38.045
2022-04-18,1650288600,37.84
2022-04-19,1650375000,38.085
2022-04-20,1650461400,38.395
2022-04-21,1650547800,37.76
2022-04-22,1650634200,37.125
2022-04-25,1650893400,36.87
2022-04-26,1650979800,36.5
2022-04-27,1651066200,36.325
2022-04-28,1651152600,36.73
2022-04-29,1651239000,35.63
2022-05-02,1651498200,35.265
2022-05-03,1651584600,35.4
2022-05-04,1651671000,36.19
2022-05-05,1651757400,35.82
2022-05-06,1651843800,36.105
2022-05-09,1652103000,35.835
2022-05-10,1652189400,35.4
2022-05-11,1652275800,35.655
2022-05-12,1652362200,35.295
2022-05-13,1652448600,35.715
2022-05-16,1652707800,35.825
2022-05-17,1652794200,36.195
2022-05-18,1652880600,35.845
2022-05-19,1652967000,35.77
2022-05-20,1653053400,35.87
2022-05-23,1653312600,36.3
2022-05-24,1653399000,37.025
2022-05-25,1653485400,37
2022-05-26,1653571800,37.105
2022-05-27,1653658200,37.685
2022-05-31,1654003800,37.165
2022-06-01,1654090200,37.105
2022-06-02,1654176600,37.355
2022-06-03,1654263000,37.175
2022-06-06,1654522200,37.34
2022-06-07,1654608600,37.565
2022-06-08,1654695000,36.83
2022-06-09,1654781400,35.945
2022-06-10,1654867800,35.67
2022-06-13,1655127000,34.03
2022-06-14,1655213400,33.17
2022-06-15,1655299800,33.385
2022-06-16,1655386200,32.74
2022-06-17,1655472600,32.435
2022-06-21,1655818200,32.79
2022-06-22,1655904600,33.135
2022-06-23,1655991000,33.915
2022-06-24,1656077400,34.505
2022-06-27,1656336600,34.785
2022-06-28,1656423000,34.655
2022-06-29,1656509400,34.68
2022-06-30,1656595800,35.065
2022-07-01,1656682200,35.925
2022-07-05,1657027800,34.7
2022-07-06,1657114200,35.06
2022-07-07,1657200600,35.025
2022-07-08,1657287000,34.91
2022-07-11,1657546200,35.13
2022-07-12,1657632600,34.96
2022-07-13,1657719000,34.815
2022-07-14,1657805400,34.815
2022-07-15,1657891800,34.88
2022-07-18,1658151000,34.395
2022-07-19,1658237400,34.615
2022-07-20,1658323800,34.155
2022-07-21,1658410200,34.245
2022-07-22,1658496600,34.715
2022-07-25,1658755800,35.15
2022-07-26,1658842200,35.36
2022-07-27,1658928600,35.39
2022-07-28,1659015000,36.66
2022-07-29,1659101400,36.975
2022-08-01,1659360600,37.015
2022-08-02,1659447000,36.94
2022-08-03,1659533400,37.17
2022-08-04,1659619800,37.25
2022-08-05,1659706200,37.115
2022-08-08,1659965400,37.17
2022-08-09,1660051800,37.585
2022-08-10,1660138200,37.75
2022-08-11,1660224600,37.745
2022-08-12,1660311000,38.36
2022-08-15,1660570200,38.68
2022-08-16,1660656600,38.79
2022-08-17,1660743000,38.725
2022-08-18,1660829400,38.87
2022-08-19,1660915800,38.85
2022-08-22,1661175000,38.32
2022-08-23,1661261400,38.09
2022-08-24,1661347800,38.21
2022-08-25,1661434200,38.445
2022-08-26,1661520600,37.855
2022-08-29,1661779800,37.97
2022-08-30,1661866200,37.415
2022-08-31,1661952600,37.17
2022-09-01,1662039000,37.705
2022-09-02,1662125400,37.3
2022-09-06,1662471000,37.395
2022-09-07,1662557400,38.565
2022-09-08,1662643800,38.535
2022-09-09,1662730200,38.69
2022-09-12,1662989400,39.06
2022-09-13,1663075800,38.02
2022-09-14,1663162200,38.33
2022-09-15,1663248600,37.375
2022-09-16,1663335000,37.235
2022-09-19,1663594200,37.48
2022-09-20,1663680600,36.935
2022-09-21,1663767000,36.43
2022-09-22,1663853400,36.3
2022-09-23,1663939800,35.88
2022-09-26,1664199000,35.015
2022-09-27,1664285400,34.425
2022-09-28,1664371800,34.795
2022-09-29,1664458200,33.4
2022-09-30,1664544600,32.755
2022-10-03,1664803800,33.715
2022-10-04,1664890200,34.43
2022-10-05,1664976600,33.665
2022-10-06,1665063000,32.555
2022-10-07,1665149400,31.88
2022-10-10,1665408600,31.935
2022-10-11,1665495000,31.82
2022-10-12,1665581400,30.76
2022-10-13,1665667800,31.53
2022-10-14,1665754200,31.075
2022-10-17,1666013400,31.725
2022-10-18,1666099800,32.305
2022-10-19,1666186200,31.885
2022-10-20,1666272600,31.08
2022-10-21,1666359000,31.655
2022-10-24,1666618200,31.92
2022-10-25,1666704600,32.56
2022-10-26,1666791000,32.545
2022-10-27,1666877400,32.805
2022-10-28,1666963800,33.705
2022-10-31,1667223000,33.39
2022-11-01,1667309400,33.52
2022-11-02,1667395800,33.195
2022-11-03,1667482200,33.34
2022-11-04,1667568600,33.545
2022-11-07,1667831400,32.905
2022-11-08,1667917800,33.135
2022-11-09,1668004200,32.875
2022-11-10,1668090600,34.425
2022-11-11,1668177000,34.04
2022-11-14,1668436200,33.635
2022-11-15,1668522600,34.005
2022-11-16,1668609000,34.31
2022-11-17,1668695400,33.71
2022-11-18,1668781800,34.425
2022-11-21,1669041000,34.58
2022-11-22,1669127400,34.875
2022-11-23,1669213800,35.265
2022-11-25,1669386600,35.47
2022-11-28,1669645800,35.105
2022-11-29,1669732200,34.845
2022-11-30,1669818600,35.715
2022-12-01,1669905000,35.685
2022-12-02,1669991400,35.515
2022-12-05,1670250600,35.315
2022-12-06,1670337000,35.535
2022-12-07,1670423400,35.37
2022-12-08,1670509800,35.6
2022-12-09,1670596200,35.415
2022-12-12,1670855400,36.225
2022-12-13,1670941800,36.335
2022-12-14,1671028200,36.29
2022-12-15,1671114600,35.85
2022-12-16,1671201000,35.24
2022-12-19,1671460200,34.815
2022-12-20,1671546600,34.825
2022-12-21,1671633000,35.31
2022-12-22,1671719400,35.095
2022-12-23,1671805800,35.455
2022-12-27,1672151400,35.675
2022-12-28,1672237800,35.335
2022-12-29,1672324200,35.59
2022-12-30,1672410600,35.25
2023-01-03,1672756200,35.25
2023-01-04,1672842600,35.57
2023-01-05,1672929000,34.8
2023-01-06,1673015400,35.5
2023-01-09,1673274600,35.74
2023-01-10,1673361000,35.75
2023-01-11,1673447400,36.04
2023-01-12,1673533800,35.795
2023-01-13,1673620200,35.665
2023-01-17,1673965800,35.615
2023-01-18,1674052200,34.76
2023-01-19,1674138600,34.41
2023-01-20,1674225000,34.615
2023-01-23,1674484200,34.625
2023-01-24,1674570600,34.8
2023-01-25,1674657000,34.33
2023-01-26,1674743400,34.445
2023-01-27,1674829800,34.445
2023-01-30,1675089000,34.29
2023-01-31,1675175400,34.545
2023-02-01,1675261800,34.605
2023-02-02,1675348200,34.68
2023-02-03,1675434600,33.955
2023-02-06,1675693800,34.245
2023-02-07,1675780200,34.23
2023-02-08,1675866600,33.655
2023-02-09,1675953000,33.195
2023-02-10,1676039400,33.855
2023-02-13,1676298600,34.06
2023-02-14,1676385000,33.915
2023-02-15,1676471400,34.135
2023-02-16,1676557800,33.875
2023-02-17,1676644200,34.24
2023-02-21,1676989800,33.6
2023-02-22,1677076200,33.47
2023-02-23,1677162600,33.295
2023-02-24,1677249000,33.305
2023-02-27,1677508200,33.08
2023-02-28,1677594600,32.5
2023-03-01,1677681000,31.965
2023-03-02,1677767400,32.57
2023-03-03,1677853800,33.125
2023-03-06,1678113000,33.285
2023-03-07,1678199400,32.74
2023-03-08,1678285800,32.99
2023-03-09,1678372200,32.725
2023-03-10,1678458600,32.21
2023-03-13,1678714200,32.705
2023-03-14,1678800600,33.135
2023-03-15,1678887000,33.585
2023-03-16,1678973400,33.81
2023-03-17,1679059800,33.485
2023-03-20,1679319000,33.5
2023-03-21,1679405400,32.825
2023-03-22,1679491800,32.18
2023-03-23,1679578200,31.85
2023-03-24,1679664600,32.845
2023-03-27,1679923800,32.885
2023-03-28,1680010200,32.975
2023-03-29,1680096600,33.455
2023-03-30,1680183000,33.6
2023-03-31,1680269400,33.845
2023-04-03,1680528600,33.615
2023-04-04,1680615000,33.785
2023-04-05,1680701400,34.66
2023-04-06,1680787800,34.905
2023-04-10,1681133400,34.835
2023-04-11,1681219800,34.865
2023-04-12,1681306200,34.83
2023-04-13,1681392600,34.835
2023-04-14,1681479000,34.445
2023-04-17,1681738200,34.635
2023-04-18,1681824600,34.455
2023-04-19,1681911000,34.72
2023-04-20,1681997400,34.71
2023-04-21,1682083800,34.81
2023-04-24,1682343000,34.985
2023-04-25,1682429400,34.95
2023-04-26,1682515800,34.13
2023-04-27,1682602200,34.54
2023-04-28,1682688600,34.49
2023-05-01,1682947800,34.55
2023-05-02,1683034200,34.13
2023-05-03,1683120600,34.035
2023-05-04,1683207000,34.295
2023-05-05,1683293400,34.515
2023-05-08,1683552600,34.41
2023-05-09,1683639000,34.365
2023-05-10,1683725400,34.68
2023-05-11,1683811800,34.325
2023-05-12,1683898200,34.515
2023-05-15,1684157400,34.08
2023-05-16,1684243800,33.325
2023-05-17,1684330200,33.205
2023-05-18,1684416600,33.105
2023-05-19,1684503000,33.055
2023-05-22,1684762200,33.065
2023-05-23,1684848600,32.95
2023-05-24,1684935000,32.735
2023-05-25,1685021400,32.295
2023-05-26,1685107800,32.295
2023-05-30,1685453400,32.17
2023-05-31,1685539800,32.465
2023-06-01,1685626200,32.225
2023-06-02,1685712600,32.56
2023-06-05,1685971800,32.715
2023-06-06,1686058200,32.69
2023-06-07,1686144600,33.245
2023-06-08,1686231000,33.39
2023-06-09,1686317400,33.195
2023-06-12,1686576600,33.135
2023-06-13,1686663000,33.13
2023-06-14,1686749400,33.11
2023-06-15,1686835800,33.47
2023-06-16,1686922200,33.65
2023-06-20,1687267800,32.99
2023-06-21,1687354200,33.255
2023-06-22,1687440600,33
2023-06-23,1687527000,32.515
2023-06-26,1687786200,32.835
2023-06-27,1687872600,32.845
2023-06-28,1687959000,32.36
2023-06-29,1688045400,32.36
2023-06-30,1688131800,32.72
2023-07-03,1688391000,32.965
2023-07-05,1688563800,33.34
2023-07-06,1688650200,32.935
2023-07-07,1688736600,32.695
2023-07-10,1688995800,32.555
2023-07-11,1689082200,32.96
2023-07-12,1689168600,33.44
2023-07-13,1689255000,33.555
2023-07-14,1689341400,33.425
2023-07-17,1689600600,33.04
2023-07-18,1689687000,32.785
2023-07-19,1689773400,33.12
2023-07-20,1689859800,33.725
2023-07-21,1689946200,34.23
2023-07-24,1690205400,34.14
2023-07-25,1690291800,34.2
2023-07-26,1690378200,34.2
2023-07-27,1690464600,33.595
2023-07-28,1690551000,33.52
2023-07-31,1690810200,33.535
2023-08-01,1690896600,33.125
2023-08-02,1690983000,33.125
2023-08-03,1691069400,32.37
2023-08-04,1691155800,31.995
2023-08-07,1691415000,31.99
2023-08-08,1691501400,32.14
2023-08-09,1691587800,32.21
2023-08-10,1691674200,32.11
2023-08-11,1691760600,32.285
2023-08-14,1692019800,32.03
2023-08-15,1692106200,31.51
2023-08-16,1692192600,31.65
2023-08-17,1692279000,31.58
2023-08-18,1692365400,31.745
2023-08-21,1692624600,31.545
2023-08-22,1692711000,31.635
2023-08-23,1692797400,31.76
2023-08-24,1692883800,31.575
2023-08-25,1692970200,31.815
2023-08-28,1693229400,31.81
2023-08-29,1693315800,31.93
2023-08-30,1693402200,31.785
2023-08-31,1693488600,31.48
2023-09-01,1693575000,31.32
2023-09-05,1693920600,30.84
2023-09-06,1694007000,30.91
2023-09-07,1694093400,31.315
2023-09-08,1694179800,31.59
2023-09-11,1694439000,31.72
2023-09-12,1694525400,31.76
2023-09-13,1694611800,32.14
2023-09-14,1694698200,32.61
2023-09-15,1694784600,32.47
2023-09-18,1695043800,32.185
2023-09-19,1695130200,32.01
2023-09-20,1695216600,32.04
2023-09-21,1695303000,31.705
2023-09-22,1695389400,31.645
2023-09-25,1695648600,31.6
2023-09-26,1695735000,30.655
2023-09-27,1695821400,30.065
2023-09-28,1695907800,29.415
2023-09-29,1695994200,29.465
2023-10-02,1696253400,28.095
2023-10-03,1696339800,28.42
2023-10-04,1696426200,28.39
2023-10-05,1696512600,28.225
2023-10-06,1696599000,28.625
2023-10-09,1696858200,28.91
2023-10-10,1696944600,29.305
2023-10-11,1697031000,29.78
2023-10-12,1697117400,29.32
2023-10-13,1697203800,29.65
2023-10-16,1697463000,29.955
2023-10-17,1697549400,29.875
2023-10-18,1697635800,29.615
2023-10-19,1697722200,29.32
2023-10-20,1697808600,29.015
2023-10-23,1698067800,28.77
2023-10-24,1698154200,29.51
2023-10-25,1698240600,29.675
2023-10-26,1698327000,29.93
2023-10-27,1698413400,29.365
2023-10-30,1698672600,29.59
2023-10-31,1698759000,29.845
2023-11-01,1698845400,30.185
2023-11-02,1698931800,30.75
2023-11-03,1699018200,30.93
2023-11-06,1699281000,30.85
2023-11-07,1699367400,30.625
2023-11-08,1699453800,30.4
2023-11-09,1699540200,30
2023-11-10,1699626600,30.16
2023-11-13,1699885800,29.8
2023-11-14,1699972200,30.99
2023-11-15,1700058600,30.895
2023-11-16,1700145000,31.06
2023-11-17,1700231400,31.145
2023-11-20,1700490600,31.05
2023-11-21,1700577000,31.115
2023-11-22,1700663400,31.265
2023-11-24,1700836200,31.345
2023-11-27,1701095400,31.395
2023-11-28,1701181800,31.495
2023-11-29,1701268200,31.245
2023-11-30,1701354600,31.38
2023-12-01,1701441000,31.765
2023-12-04,1701700200,31.64
2023-12-05,1701786600,31.415
2023-12-06,1701873000,31.835
2023-12-07,1701959400,31.765
2023-12-08,1702045800,31.705
2023-12-11,1702305000,31.91
2023-12-12,1702391400,31.78
2023-12-13,1702477800,32.98
2023-12-14,1702564200,32.55
2023-12-15,1702650600,31.985
2023-12-18,1702909800,31.615
2023-12-19,1702996200,31.795
2023-12-20,1703082600,31.15
2023-12-21,1703169000,31.205
2023-12-22,1703255400,31.31
2023-12-26,1703601000,31.5
2023-12-27,1703687400,31.48
2023-12-28,1703773800,31.705
2023-12-29,1703860200,31.665
2024-01-02,1704205800,32.125
2024-01-03,1704292200,32.245
2024-01-04,1704378600,32.145
2024-01-05,1704465000,32.265
2024-01-08,1704724200,32.5
2024-01-09,1704810600,32.235
2024-01-10,1704897000,32.23
2024-01-11,1704983400,31.48
2024-01-12,1705069800,31.66
2024-01-16,1705415400,31.315
2024-01-17,1705501800,30.86
2024-01-18,1705588200,30.53
2024-01-19,1705674600,30.49
2024-01-22,1705933800,30.335
2024-01-23,1706020200,30.39
2024-01-24,1706106600,29.975
2024-01-25,1706193000,30.515
2024-01-26,1706279400,30.605
2024-01-29,1706538600,30.8
2024-01-30,1706625000,30.79
2024-01-31,1706711400,30.725
2024-02-01,1706797800,31.31
2024-02-02,1706884200,30.745
2024-02-05,1707143400,30.105
2024-02-06,1707229800,30.215
2024-02-07,1707316200,30.235
2024-02-08,1707402600,30.02
2024-02-09,1707489000,30.135
2024-02-12,1707748200,30.485
2024-02-13,1707834600,29.98
2024-02-14,1707921000,30.145
2024-02-15,1708007400,30.65
2024-02-16,1708093800,30.615
2024-02-20,1708439400,30.595
2024-02-21,1708525800,31
2024-02-22,1708612200,30.76
2024-02-23,1708698600,30.98
2024-02-26,1708957800,30.37
2024-02-27,1709044200,30.945
2024-02-28,1709130600,31.04
2024-02-29,1709217000,31.05
2024-03-01,1709303400,30.86
2024-03-04,1709562600,31.38
2024-03-05,1709649000,31.29
2024-03-06,1709735400,31.59
2024-03-07,1709821800,31.795
2024-03-08,1709908200,31.875
2024-03-11,1710163800,32.035
2024-03-12,1710250200,31.725
2024-03-13,1710336600,31.94
2024-03-14,1710423000,31.685
2024-03-15,1710509400,31.73
2024-03-18,1710768600,31.615
2024-03-19,1710855000,31.895
2024-03-20,1710941400,31.935
2024-03-21,1711027800,31.885
2024-03-22,1711114200,31.93
2024-03-25,1711373400,32.08
2024-03-26,1711459800,31.715
2024-03-27,1711546200,32.6
2024-03-28,1711632600,32.825
2024-04-01,1711978200,32.625
2024-04-02,1712064600,32.68
2024-04-03,1712151000,32.55
2024-04-04,1712237400,32.485
2024-04-05,1712323800,32.58
2024-04-08,1712583000,32.795
2024-04-09,1712669400,32.975
2024-04-10,1712755800,32.41
2024-04-11,1712842200,32.345
2024-04-12,1712928600,32.1
2024-04-15,1713187800,31.805
2024-04-16,1713274200,31.385
2024-04-17,1713360600,32.04
2024-04-18,1713447000,32.22
2024-04-19,1713533400,32.715
2024-04-22,1713792600,33.015
2024-04-23,1713879000,33.17
2024-04-24,1713965400,33.37
2024-04-25,1714051800,33.46
2024-04-26,1714138200,33.095
2024-04-29,1714397400,33.545
2024-04-30,1714483800,33.37
2024-05-01,1714570200,33.755
2024-05-02,1714656600,33.935
2024-05-03,1714743000,34.205
2024-05-06,1715002200,34.38
2024-05-07,1715088600,34.77
2024-05-08,1715175000,35.135
2024-05-09,1715261400,35.67
2024-05-10,1715347800,35.635
2024-05-13,1715607000,35.635
2024-05-14,1715693400,35.73
2024-05-15,1715779800,36.265
2024-05-16,1715866200,36.14
2024-05-17,1715952600,36.17
2024-05-20,1716211800,36.11
2024-05-21,1716298200,36.435
2024-05-22,1716384600,36.005
2024-05-23,1716471000,35.395
2024-05-24,1716557400,35.75
2024-05-28,1716903000,35.715
2024-05-29,1716989400,35.255
2024-05-30,1717075800,35.73
2024-05-31,1717162200,36.36
2024-06-03,1717421400,35.945
2024-06-04,1717507800,35.93
2024-06-05,1717594200,35.725
2024-06-06,1717680600,35.355
2024-06-07,1717767000,34.97
2024-06-10,1718026200,35.42
2024-06-11,1718112600,35.205
2024-06-12,1718199000,34.975
2024-06-13,1718285400,35.055
2024-06-14,1718371800,34.97
2024-06-17,1718631000,34.585
2024-06-18,1718717400,34.6
2024-06-20,1718890200,34.9
2024-06-21,1718976600,34.695
2024-06-24,1719235800,34.87
2024-06-25,1719322200,34.54
2024-06-26,1719408600,34.395
2024-06-27,1719495000,34.455
2024-06-28,1719581400,34.07
2024-07-01,1719840600,33.835
2024-07-02,1719927000,34.01
2024-07-03,1720013400,34.215
2024-07-05,1720186200,34.275
2024-07-08,1720445400,34.31
2024-07-09,1720531800,34.41
2024-07-10,1720618200,34.735
2024-07-11,1720704600,35.37
2024-07-12,1720791000,35.63
2024-07-15,1721050200,34.765
2024-07-16,1721136600,35.035
2024-07-17,1721223000,35.055
2024-07-18,1721309400,35.025
2024-07-19,1721395800,35.065
2024-07-22,1721655000,35.36
2024-07-23,1721741400,35.14
2024-07-24,1721827800,35.535
2024-07-25,1721914200,35.24
2024-07-26,1722000600,35.585
2024-07-29,1722259800,35.745
2024-07-30,1722346200,35.93
2024-07-31,1722432600,36.395
2024-08-01,1722519000,37.05
2024-08-02,1722605400,37.11
2024-08-05,1722864600,36.13
2024-08-06,1722951000,36.435
2024-08-07,1723037400,36.64
2024-08-08,1723123800,36.68
2024-08-09,1723210200,36.805
2024-08-12,1723469400,36.87
2024-08-13,1723555800,37.085
2024-08-14,1723642200,37.06
2024-08-15,1723728600,37.055
2024-08-16,1723815000,37.22
2024-08-19,1724074200,37.465
2024-08-20,1724160600,37.385
2024-08-21,1724247000,37.65
2024-08-22,1724333400,37.605
2024-08-23,1724419800,37.71
2024-08-26,1724679000,37.955
2024-08-27,1724765400,37.655
2024-08-28,1724851800,37.655
2024-08-29,1724938200,37.86
2024-08-30,1725024600,38.145
2024-09-03,1725370200,38.09
2024-09-04,1725456600,38.415
2024-09-05,1725543000,38.32
2024-09-06,1725629400,37.955
2024-09-09,1725888600,38.34
2024-09-10,1725975000,38.52
2024-09-11,1726061400,38.64
2024-09-12,1726147800,38.725
2024-09-13,1726234200,39.27
2024-09-16,1726493400,39.57
2024-09-17,1726579800,39.54
2024-09-18,1726666200,39.24
2024-09-19,1726752600,39.01
2024-09-20,1726839000,40.04
2024-09-23,1727098200,40.165
2024-09-24,1727184600,39.88
2024-09-25,1727271000,40.09
2024-09-26,1727357400,39.815
2024-09-27,1727443800,40.21
2024-09-30,1727703000,40.39
2024-10-01,1727789400,40.715
2024-10-02,1727875800,40.735
2024-10-03,1727962200,40.72
2024-10-04,1728048600,40.655
2024-10-07,1728307800,39.72
2024-10-08,1728394200,39.74
2024-10-09,1728480600,39.4
2024-10-10,1728567000,39.28
2024-10-11,1728653400,39.625
2024-10-14,1728912600,40.125
2024-10-15,1728999000,40.305
2024-10-16,1729085400,41.105
2024-10-17,1729171800,40.74
2024-10-18,1729258200,40.975
2024-10-21,1729517400,40.815
2024-10-22,1729603800,40.67
2024-10-23,1729690200,41.06
2024-10-24,1729776600,40.795
2024-10-25,1729863000,40.19
2024-10-28,1730122200,40.505
2024-10-29,1730208600,39.64
2024-10-30,1730295000,39.545
2024-10-31,1730381400,39.955
2024-11-01,1730467800,39.065
2024-11-04,1730730600,38.6
2024-11-05,1730817000,39.18
2024-11-06,1730903400,38.775
2024-11-07,1730989800,38.845
2024-11-08,1731076200,39.59
2024-11-11,1731335400,39.7
2024-11-12,1731421800,39.245
2024-11-13,1731508200,39.175
2024-11-14,1731594600,39.04
2024-11-15,1731681000,39.625
2024-11-18,1731940200,39.97
2024-11-19,1732026600,40.225
2024-11-20,1732113000,40.245
2024-11-21,1732199400,40.945
2024-11-22,1732285800,40.725
2024-11-25,1732545000,40.8
2024-11-26,1732631400,41.45
2024-11-27,1732717800,41.45
2024-11-29,1732890600,41.465
2024-12-02,1733149800,40.575
2024-12-03,1733236200,40.225
2024-12-04,1733322600,40.22
2024-12-05,1733409000,40.345
2024-12-06,1733495400,39.845
2024-12-09,1733754600,39.345
2024-12-10,1733841000,39.06
2024-12-11,1733927400,38.815
2024-12-12,1734013800,38.795
2024-12-13,1734100200,38.82
2024-12-16,1734359400,38.51
2024-12-17,1734445800,38.35
2024-12-18,1734532200,37.445
2024-12-19,1734618600,37.615
2024-12-20,1734705000,38.215
2024-12-23,1734964200,38.03
2024-12-24,1735050600,38.24
2024-12-26,1735223400,38.15
2024-12-27,1735309800,38.04
2024-12-30,1735569000,37.88
2024-12-31,1735655400,37.845
2025-01-02,1735828200,38.135
2025-01-03,1735914600,38.54
2025-01-06,1736173800,38.11
2025-01-07,1736260200,38.015
2025-01-08,1736346600,38.005
2025-01-10,1736519400,37.79
2025-01-13,1736778600,37.35
2025-01-14,1736865000,37.84
2025-01-15,1736951400,38.395
2025-01-16,1737037800,39.365
2025-01-17,1737124200,39.42
2025-01-21,1737469800,40.025
2025-01-22,1737556200,39.16
2025-01-23,1737642600,39.345
2025-01-24,1737729000,39.745
2025-01-27,1737988200,38.825
2025-01-28,1738074600,38.29
2025-01-29,1738161000,38.37
2025-01-30,1738247400,39.17
2025-01-31,1738333800,38.94
2025-02-03,1738593000,39.15
2025-02-04,1738679400,38.805
2025-02-05,1738765800,39.195
2025-02-06,1738852200,39.15
2025-02-07,1738938600,39.07
2025-02-10,1739197800,39.495
2025-02-11,1739284200,39.695
2025-02-12,1739370600,39.625
2025-02-13,1739457000,39.715
2025-02-14,1739543400,39.55
2025-02-18,1739889000,39.92
2025-02-19,1739975400,40.13
2025-02-20,1740061800,40.125
2025-02-21,1740148200,40.135
2025-02-24,1740407400,39.935
2025-02-25,1740493800,39.735
2025-02-26,1740580200,39.9
2025-02-27,1740666600,39.015
2025-02-28,1740753000,39.61
2025-03-03,1741012200,39.665
2025-03-04,1741098600,39.02
2025-03-05,1741185000,38.745
2025-03-06,1741271400,37.94
2025-03-07,1741357800,38.645
2025-03-10,1741613400,39.07
2025-03-11,1741699800,38.705
2025-03-12,1741786200,38.585
2025-03-13,1741872600,38.68
2025-03-14,1741959000,39.435
2025-03-17,1742218200,39.6
2025-03-18,1742304600,39.325
2025-03-19,1742391000,39.47
2025-03-20,1742477400,39.63
2025-03-21,1742563800,39.375
2025-03-24,1742823000,39.085
2025-03-25,1742909400,38.46
2025-03-26,1742995800,38.715
2025-03-27,1743082200,38.705
2025-03-28,1743168600,38.99
2025-03-31,1743427800,39.425
2025-04-01,1743514200,39.525
2025-04-02,1743600600,39.71
2025-04-03,1743687000,39.46
2025-04-04,1743773400,37.265
2025-04-07,1744032600,36.695
2025-04-08,1744119000,36.545
2025-04-09,1744205400,37.985
2025-04-10,1744291800,37.7
2025-04-11,1744378200,38.16
2025-04-14,1744637400,38.845
2025-04-15,1744723800,38.84
2025-04-16,1744810200,38.49
2025-04-17,1744896600,38.885
2025-04-21,1745242200,37.965
2025-04-22,1745328600,39
2025-04-23,1745415000,39.165
2025-04-24,1745501400,39.225
2025-04-25,1745587800,39.105
2025-04-28,1745847000,39.345
2025-04-29,1745933400,39.65
2025-04-30,1746019800,39.45
2025-05-01,1746106200,39.565
2025-05-02,1746192600,39.875
2025-05-05,1746451800,39.775
2025-05-06,1746538200,40.26
2025-05-07,1746624600,40.375
2025-05-08,1746711000,40.05
2025-05-09,1746797400,40.12
2025-05-12,1747056600,39.88
2025-05-13,1747143000,39.825
2025-05-14,1747229400,39.65
2025-05-15,1747315800,40.495
2025-05-16,1747402200,41.09
2025-05-19,1747661400,41.265
2025-05-20,1747747800,41.385
2025-05-21,1747834200,40.63
2025-05-22,1747920600,40.05
2025-05-23,1748007000,40.53
2025-05-27,1748352600,40.835
2025-05-28,1748439000,40.265
2025-05-29,1748525400,40.545
2025-05-30,1748611800,40.96
2025-06-02,1748871000,41.09
2025-06-03,1748957400,41.2
2025-06-04,1749043800,40.48
2025-06-05,1749130200,40.415
2025-06-06,1749216600,40.595
2025-06-09,1749475800,40.335
2025-06-10,1749562200,40.43
2025-06-11,1749648600,40.455
2025-06-12,1749735000,40.945
2025-06-13,1749821400,40.71
2025-06-16,1750080600,40.51
2025-06-17,1750167000,40.175
2025-06-18,1750253400,40.28
2025-06-20,1750426200,40.39
2025-06-23,1750685400,40.62
2025-06-24,1750771800,40.795
2025-06-25,1750858200,40.25
2025-06-26,1750944600,40.585
2025-06-27,1751031000,40.665
2025-06-30,1751290200,40.83
2025-07-01,1751376600,40.97
2025-07-02,1751463000,40.615
2025-07-03,1751549400,40.92
2025-07-07,1751895000,41.005
2025-07-08,1751981400,40.57
2025-07-09,1752067800,40.95
2025-07-10,1752154200,41.285
2025-07-11,1752240600,41.225
2025-07-14,1752499800,41.39
2025-07-15,1752586200,40.995
2025-07-16,1752672600,41.015
2025-07-17,1752759000,41.185
2025-07-18,1752845400,41.875
2025-07-21,1753104600,42.01
2025-07-22,1753191000,42.525
2025-07-23,1753277400,42.205
2025-07-24,1753363800,42.15
2025-07-25,1753450200,42.26
2025-07-28,1753709400,41.81
2025-07-29,1753795800,42.29
2025-07-30,1753882200,42.605
2025-07-31,1753968600,42.835
2025-08-01,1754055000,42.9
2025-08-04,1754314200,43.66
2025-08-05,1754400600,43.195
2025-08-06,1754487000,42.81
2025-08-07,1754573400,43.275
2025-08-08,1754659800,43.09
2025-08-11,1754919000,42.955
2025-08-12,1755005400,43.14
2025-08-13,1755091800,43.235
2025-08-14,1755178200,42.935
2025-08-15,1755264600,42.81
2025-08-18,1755523800,42.625
2025-08-19,1755610200,43.04
2025-08-20,1755696600,43.085
2025-08-21,1755783000,42.79
2025-08-22,1755869400,43.02
2025-08-25,1756128600,42.535
2025-08-26,1756215000,42.63
2025-08-27,1756301400,42.64
2025-08-28,1756387800,42.315
2025-08-29,1756474200,42.16
2025-09-02,1756819800,42.02
2025-09-03,1756906200,41.915
2025-09-04,1756992600,41.865
2025-09-05,1757079000,41.735
2025-09-08,1757338200,41.31
2025-09-09,1757424600,41.595
2025-09-10,1757511000,42.31
2025-09-11,1757597400,42.535
2025-09-12,1757683800,42.75
2025-09-15,1757943000,42.85
2025-09-16,1758029400,42.07
2025-09-17,1758115800,42.175
2025-09-18,1758202200,42.205
2025-09-19,1758288600,42.475
2025-09-22,1758547800,42.6
2025-09-23,1758634200,42.82
2025-09-24,1758720600,43.125
2025-09-25,1758807000,42.71
2025-09-26,1758893400,43.405
2025-09-29,1759152600,43.53
2025-09-30,1759239000,43.605
2025-10-01,1759325400,44.025
2025-10-02,1759411800,43.945
2025-10-03,1759498200,44.455
2025-10-06,1759757400,44.885
2025-10-07,1759843800,45.09
2025-10-08,1759930200,45.4
2025-10-09,1760016600,45.285
2025-10-10,1760103000,45.1
2025-10-13,1760362200,45.445
2025-10-14,1760448600,45.85
2025-10-15,1760535000,46.45
2025-10-16,1760621400,45.945
2025-10-17,1760707800,45.785
2025-10-20,1760967000,45.77
2025-10-21,1761053400,45.305
2025-10-22,1761139800,45.2
2025-10-23,1761226200,45.165
2025-10-24,1761312600,45.695
2025-10-27,1761571800,45.82
2025-10-28,1761658200,45.065
2025-10-29,1761744600,45.05
2025-10-30,1761831000,44.86
2025-10-31,1761917400,44.55
2025-11-03,1762180200,44.575
2025-11-04,1762266600,44.415
2025-11-05,1762353000,44.425
2025-11-06,1762439400,44.23
2025-11-07,1762525800,44.845
2025-11-10,1762785000,44.83
2025-11-11,1762871400,44.855
2025-11-12,1762957800,44.96
2025-11-13,1763044200,44.34
2025-11-14,1763130600,44.38
2025-11-17,1763389800,44.78
2025-11-18,1763476200,44.61
2025-11-19,1763562600,44.235
2025-11-20,1763649000,44.01
2025-11-21,1763735400,44.075
2025-11-24,1763994600,44.575
2025-11-25,1764081000,44.405
2025-11-26,1764167400,44.995
2025-11-28,1764340200,45.315
2025-12-01,1764599400,44.255
2025-12-02,1764685800,43.94
2025-12-03,1764772200,43.8
2025-12-04,1764858600,43.71
2025-12-05,1764945000,43.3
2025-12-08,1765204200,42.72
2025-12-09,1765290600,42.75
2025-12-10,1765377000,42.73
2025-12-11,1765463400,43.04
2025-12-12,1765549800,42.83
2025-12-15,1765809000,43.22
2025-12-16,1765895400,43.04
2025-12-17,1765981800,42.76
2025-12-18,1766068200,43.18
2025-12-19,1766154600,42.63
2025-12-22,1766413800,42.47
2025-12-23,1766500200,42.62
2025-12-24,1766586600,42.81
2025-12-26,1766759400,42.78
2025-12-29,1767018600,42.86
2025-12-30,1767105000,42.96
2025-12-31,1767191400,42.69
2026-01-02,1767364200,43.18
2026-01-05,1767623400,42.7
2026-01-06,1767709800,42.91
2026-01-07,1767796200,41.87
2026-01-08,1767882600,41.99
2026-01-09,1767969000,42.51
2026-01-12,1768228200,42.58
2026-01-13,1768314600,42.85
2026-01-14,1768401000,43.17
2026-01-15,1768487400,43.61
2026-01-16,1768573800,43.39
2026-01-20,1768919400,42.96
2026-01-21,1769005800,43.02
2026-01-22,1769092200,42.71
2026-01-23,1769178600,42.56
2026-01-26,1769437800,42.87
2026-01-27,1769524200,43.43
2026-01-28,1769610600,43.33
2026-01-29,1769697000,43.33
2026-01-30,1769783400,43.25
2026-02-02,1770042600,42.62
2026-02-03,1770129000,43.24
2026-02-04,1770215400,43.08
2026-02-05,1770301800,43.1
2026-02-06,1770388200,43.35
2026-02-09,1770647400,43.48
2026-02-10,1770733800,44.2
2026-02-11,1770820200,44.59
2026-02-12,1770906600,45.25
2026-02-13,1770993000,46.5
2026-02-17,1771338600,46.38
2026-02-18,1771425000,45.61
2026-02-19,1771511400,46.11
2026-02-20,1771597800,46.33
2026-02-23,1771857000,46.68
2026-02-24,1771943400,47.2
2026-02-25,1772029800,47.36
2026-02-26,1772116200,47.18
2026-02-27,1772202600,47.73
2026-03-02,1772461800,47.37
2026-03-03,1772548200,47.07
2026-03-04,1772634600,47.27
2026-03-05,1772721000,46.9
2026-03-06,1772807400,46.74
2026-03-09,1773063000,46.85
2026-03-10,1773149400,46.56
2026-03-11,1773235800,46.17
2026-03-12,1773322200,46.5
2026-03-13,1773408600,46.96
2026-03-16,1773667800,47.26
2026-03-17,1773754200,47.13
2026-03-18,1773840600,46.73
2026-03-19,1773927000,46.54
2026-03-20,1774013400,44.65
2026-03-23,1774272600,44.78
2026-03-24,1774359000,45.09
2026-03-25,1774445400,45.25
2026-03-26,1774531800,45.33
2026-03-27,1774618200,45.59
2026-03-30,1774877400,45.92
2026-03-31,1774963800,45.89
2026-04-01,1775050200,46.11
2026-04-02,1775136600,46.34
2026-04-06,1775482200,46.17
2026-04-07,1775568600,46.27
2026-04-08,1775655000,46.78
2026-04-09,1775741400,47.15
2026-04-10,1775827800,46.96
2026-04-13,1776087000,46.39
2026-04-14,1776173400,46.47
2026-04-15,1776259800,46.02
2026-04-16,1776346200,46.35
2026-04-17,1776432600,46.16
2026-04-20,1776691800,45.75
2026-04-21,1776778200,44.95
2026-04-22,1776864600,44.87
2026-04-23,1776951000,46.09
2026-04-24,1777037400,46.18
2026-04-27,1777296600,46.19
2026-04-28,1777383000,46.25
2026-04-29,1777469400,45.68
2026-04-30,1777555800,46.85
2026-05-01,1777642200,46.55
2026-05-04,1777901400,46.37
2026-05-05,1777987800,46.37
2026-05-06,1778074200,45.71
2026-05-07,1778160600,45.12
2026-05-08,1778247000,44.72
2026-05-11,1778506200,45.14
2026-05-12,1778592600,45.19
2026-05-13,1778679000,44.67
2026-05-14,1778765400,44.9
2026-05-15,1778851800,43.87
2026-05-18,1779111000,43.94
2026-05-19,1779197400,44.34
2026-05-20,1779283800,44.51
2026-05-21,1779370200,45
2026-05-22,1779456600,45.35
2026-05-26,1779802200,45.33
2026-05-27,1779888600,45.14
2026-05-28,1779975000,44.63
2026-05-29,1780061400,44.42
2026-06-01,1780320600,43.1
2026-06-02,1780407000,43.9
2026-06-03,1780493400,43.71
2026-06-04,1780579800,43.94
2026-06-05,1780666200,44.35
2026-06-08,1780925400,43.52
2026-06-09,1781011800,43.98
2026-06-10,1781098200,44
2026-06-11,1781184600,44.05
2026-06-12,1781271000,44.53
2026-06-15,1781530200,44.74
2026-06-16,1781616600,45.06
2026-06-17,1781703000,44.46
2026-06-18,1781789400,44.76
2026-06-22,1782135000,44.72
2026-06-23,1782221400,45.07
2026-06-24,1782307800,45.54
2026-06-25,1782394200,45.85
2026-06-26,1782480600,46.2
2026-06-29,1782739800,46.02
2026-06-30,1782826200,45.34
2026-07-01,1782912600,44.77
2026-07-02,1782999000,45.76
2026-07-06,1783344600,45.3
2026-07-07,1783431000,45.7
2026-07-08,1783517400,45.36
2026-07-09,1783603800,45.13
2026-07-10,1783690200,45.41
2026-07-13,1783949400,45.72
2026-07-14,1784035800,45.69
2026-07-15,1784122200,45.22
2026-07-16,1784208600,45.47
2026-07-17,1784295000,45.17
2026-07-20,1784554200,44.94
2026-07-21,1784640600,44.92
2026-07-22,1784727000,45.93
2026-07-23,1784813400,46.19
2026-07-24,1784899800,46.29
2026-07-27,1785159000,45.68
2026-07-28,1785245400,45.52
2026-07-29,1785331800,44.91
2026-07-30,1785418200,44.66
2026-07-31,1785504600,44.35
2026-08-03,1785763800,44.36
2026-08-04,1785850200,44.11
2026-08-05,1785936600,43.66
2026-08-06,1786023000,43.38
2026-08-07,1786109400,43.61
2026-08-10,1786368600,43.13
2026-08-11,1786455000,43.63
2026-08-12,1786541400,43.84
2026-08-13,1786627800,44.04
2026-08-14,1786714200,44.31
2026-08-17,1786973400,44.18
2026-08-18,1787059800,44.02
2026-08-19,1787146200,44.02
2026-08-20,1787232600,43.77
2026-08-21,1787319000,42.77
2026-08-24,1787578200,43.22
2026-08-25,1787664600,43.31
2026-08-26,1787751000,43.51
2026-08-27,1787837400,43.18
2026-08-28,1787923800,42.73
2026-08-31,1788183000,42.23
2026-09-01,1788269400,42.56
2026-09-02,1788355800,42.67
2026-09-03,1788442200,43.03
2026-09-04,1788528600,43.08
2026-09-08,1788874200,43.45
2026-09-09,1788960600,42.94
2026-09-10,1789047000,42.52
2026-09-11,1789133400,42.39
2026-09-14,1789392600,41.82
2026-09-15,1789479000,41.32
2026-09-16,1789565400,41.32
2026-09-17,1789651800,41.69
2026-09-18,1789738200,41.1
2026-09-21,1789997400,40.66
2026-09-22,1790083800,40.53
2026-09-23,1790170200,39.75
2026-09-24,1790256600,39.36
2026-09-25,1790343000,39.51
2026-09-28,1790602200,39.25
2026-09-29,1790688600,39.71
2026-09-30,1790775000,39.44
2026-10-01,1790861400,39.68
2026-10-02,1790947800,39.83
