date,timestamp_utc,close
2006-11-15,1163601000,18.964995
2006-11-16,1163687400,19.089995
2006-11-17,1163773800,19.055
2006-11-20,1164033000,18.980005
2006-11-21,1164119400,19.035005
2006-11-22,1164205800,19.074995
2006-11-24,1164378600,18.975
2006-11-27,1164637800,18.699995
2006-11-28,1164724200,18.69
2006-11-29,1164810600,18.82
2006-11-30,1164897000,18.839995
2006-12-01,1164983400,18.815
2006-12-04,1165242600,19.015
2006-12-05,1165329000,19.175005
2006-12-06,1165415400,19.160005
2006-12-07,1165501800,19.07
2006-12-08,1165588200,19.11
2006-12-11,1165847400,19.18
2006-12-12,1165933800,19.074995
2006-12-13,1166020200,19.175005
2006-12-14,1166106600,19.375
2006-12-15,1166193000,19.225
2006-12-18,1166452200,19.21
2006-12-19,1166538600,19.22
2006-12-20,1166625000,19.214995
2006-12-21,1166711400,19.129995
2006-12-22,1166797800,19.115
2006-12-26,1167143400,19.175005
2006-12-27,1167229800,19.300005
2006-12-28,1167316200,19.28
2006-12-29,1167402600,19.18
2007-01-03,1167834600,19.26
2007-01-04,1167921000,19.254995
2007-01-05,1168007400,19.125
2007-01-08,1168266600,19.155
2007-01-09,1168353000,19.26
2007-01-10,1168439400,19.36
2007-01-11,1168525800,19.574995
2007-01-12,1168612200,19.629995
2007-01-16,1168957800,19.699995
2007-01-17,1169044200,19.699995
2007-01-18,1169130600,19.81
2007-01-19,1169217000,19.805
2007-01-22,1169476200,19.68
2007-01-23,1169562600,19.75
2007-01-24,1169649000,19.824995
2007-01-25,1169735400,19.51
2007-01-26,1169821800,19.415
2007-01-29,1170081000,19.464995
2007-01-30,1170167400,19.519995
2007-01-31,1170253800,19.730005
2007-02-01,1170340200,19.800005
2007-02-02,1170426600,19.855005
2007-02-05,1170685800,19.79
2007-02-06,1170772200,19.86
2007-02-07,1170858600,19.955
2007-02-08,1170945000,19.915
2007-02-09,1171031400,19.730005
2007-02-12,1171290600,19.635
2007-02-13,1171377000,19.81
2007-02-14,1171463400,19.910005
2007-02-15,1171549800,19.975
2007-02-16,1171636200,19.949995
2007-02-20,1171981800,20.095
2007-02-21,1172068200,20.015
2007-02-22,1172154600,19.97
2007-02-23,1172241000,19.925005
2007-02-26,1172500200,19.754995
2007-02-27,1172586600,19.074995
2007-02-28,1172673000,19.115
2007-03-01,1172759400,19.03
2007-03-02,1172845800,18.89
2007-03-05,1173105000,18.64
2007-03-06,1173191400,18.96
2007-03-07,1173277800,18.94
2007-03-08,1173364200,19.089995
2007-03-09,1173450600,19.129995
2007-03-12,1173706200,19.105005
2007-03-13,1173792600,18.754995
2007-03-14,1173879000,18.72
2007-03-15,1173965400,18.76
2007-03-16,1174051800,18.660005
2007-03-19,1174311000,18.935
2007-03-20,1174397400,19.074995
2007-03-21,1174483800,19.375
2007-03-22,1174570200,19.32
2007-03-23,1174656600,19.33
2007-03-26,1174915800,19.235
2007-03-27,1175002200,19.115
2007-03-28,1175088600,18.9
2007-03-29,1175175000,18.964995
2007-03-30,1175261400,19.015
2007-04-02,1175520600,19.08
2007-04-03,1175607000,19.324995
2007-04-04,1175693400,19.269995
2007-04-05,1175779800,19.425005
2007-04-09,1176125400,19.410005
2007-04-10,1176211800,19.449995
2007-04-11,1176298200,19.300005
2007-04-12,1176384600,19.435
2007-04-13,1176471000,19.449995
2007-04-16,1176730200,19.644995
2007-04-17,1176816600,19.725
2007-04-18,1176903000,19.71
2007-04-19,1176989400,19.555
2007-04-20,1177075800,19.785005
2007-04-23,1177335000,19.745005
2007-04-24,1177421400,19.675005
2007-04-25,1177507800,19.875
2007-04-26,1177594200,19.845
2007-04-27,1177680600,19.714995
2007-04-30,1177939800,19.464995
2007-05-01,1178026200,19.519995
2007-05-02,1178112600,19.745005
2007-05-03,1178199000,19.705
2007-05-04,1178285400,19.75
2007-05-07,1178544600,19.75
2007-05-08,1178631000,19.665
2007-05-09,1178717400,19.785005
2007-05-10,1178803800,19.57
2007-05-11,1178890200,19.65
2007-05-14,1179149400,19.65
2007-05-15,1179235800,19.58
2007-05-16,1179322200,19.65
2007-05-17,1179408600,19.68
2007-05-18,1179495000,19.86
2007-05-21,1179754200,19.935
2007-05-22,1179840600,19.915
2007-05-23,1179927000,19.925005
2007-05-24,1180013400,19.765
2007-05-25,1180099800,19.835
2007-05-29,1180445400,19.82
2007-05-30,1180531800,20
2007-05-31,1180618200,20.050005
2007-06-01,1180704600,20.165
2007-06-04,1180963800,20.205
2007-06-05,1181050200,20.085
2007-06-06,1181136600,19.83
2007-06-07,1181223000,19.46
2007-06-08,1181309400,19.71
2007-06-11,1181568600,19.644995
2007-06-12,1181655000,19.485
2007-06-13,1181741400,19.71
2007-06-14,1181827800,19.85
2007-06-15,1181914200,19.915
2007-06-18,1182173400,19.83
2007-06-19,1182259800,19.894995
2007-06-20,1182346200,19.86
2007-06-21,1182432600,19.824995
2007-06-22,1182519000,19.695
2007-06-25,1182778200,19.615
2007-06-26,1182864600,19.480005
2007-06-27,1182951000,19.68
2007-06-28,1183037400,19.64
2007-06-29,1183123800,19.665
2007-07-02,1183383000,19.769995
2007-07-03,1183469400,19.800005
2007-07-05,1183642200,19.905
2007-07-06,1183728600,20.085
2007-07-09,1183987800,20.01
2007-07-10,1184074200,19.655
2007-07-11,1184160600,19.769995
2007-07-12,1184247000,19.925005
2007-07-13,1184333400,20.025
2007-07-16,1184592600,19.945
2007-07-17,1184679000,19.964995
2007-07-18,1184765400,19.94
2007-07-19,1184851800,19.985
2007-07-20,1184938200,19.730005
2007-07-23,1185197400,19.76
2007-07-24,1185283800,19.449995
2007-07-25,1185370200,19.385
2007-07-26,1185456600,18.815
2007-07-27,1185543000,18.519995
2007-07-30,1185802200,18.785005
2007-07-31,1185888600,18.5
2007-08-01,1185975000,18.525
2007-08-02,1186061400,18.76
2007-08-03,1186147800,18.185
2007-08-06,1186407000,18.475
2007-08-07,1186493400,18.58
2007-08-08,1186579800,18.79
2007-08-09,1186666200,18.26
2007-08-10,1186752600,18.18
2007-08-13,1187011800,18.28
2007-08-14,1187098200,17.815
2007-08-15,1187184600,17.625
2007-08-16,1187271000,17.65
2007-08-17,1187357400,17.775
2007-08-20,1187616600,17.870005
2007-08-21,1187703000,17.99
2007-08-22,1187789400,18.230005
2007-08-23,1187875800,18.160005
2007-08-24,1187962200,18.525
2007-08-27,1188221400,18.269995
2007-08-28,1188307800,17.83
2007-08-29,1188394200,18.39
2007-08-30,1188480600,18.315
2007-08-31,1188567000,18.615
2007-09-04,1188912600,18.64
2007-09-05,1188999000,18.345
2007-09-06,1189085400,18.39
2007-09-07,1189171800,17.949995
2007-09-10,1189431000,17.855005
2007-09-11,1189517400,18.055
2007-09-12,1189603800,18.065
2007-09-13,1189690200,18.315
2007-09-14,1189776600,18.435
2007-09-17,1190035800,18.21
2007-09-18,1190122200,18.92
2007-09-19,1190208600,18.955
2007-09-20,1190295000,18.58
2007-09-21,1190381400,18.550005
2007-09-24,1190640600,18.394995
2007-09-25,1190727000,18.155
2007-09-26,1190813400,18.415
2007-09-27,1190899800,18.324995
2007-09-28,1190986200,18.415
2007-10-01,1191245400,18.655
2007-10-02,1191331800,18.65
2007-10-03,1191418200,18.754995
2007-10-04,1191504600,18.660005
2007-10-05,1191591000,19.074995
2007-10-08,1191850200,18.949995
2007-10-09,1191936600,18.980005
2007-10-10,1192023000,18.9
2007-10-11,1192109400,18.815
2007-10-12,1192195800,18.910005
2007-10-15,1192455000,18.61
2007-10-16,1192541400,18.550005
2007-10-17,1192627800,18.57
2007-10-18,1192714200,18.4
2007-10-19,1192800600,17.99
2007-10-22,1193059800,18.15
2007-10-23,1193146200,18.235
2007-10-24,1193232600,18.175005
2007-10-25,1193319000,18.065
2007-10-26,1193405400,18.275
2007-10-29,1193664600,18.324995
2007-10-30,1193751000,18.269995
2007-10-31,1193837400,18.324995
2007-11-01,1193923800,17.86
2007-11-02,1194010200,17.85
2007-11-05,1194273000,17.61
2007-11-06,1194359400,17.765
2007-11-07,1194445800,17.4
2007-11-08,1194532200,17.35
2007-11-09,1194618600,16.955
2007-11-12,1194877800,16.980005
2007-11-13,1194964200,17.449995
2007-11-14,1195050600,17.175005
2007-11-15,1195137000,17.01
2007-11-16,1195223400,17.004995
2007-11-19,1195482600,16.629995
2007-11-20,1195569000,16.644995
2007-11-21,1195655400,16.485
2007-11-23,1195828200,16.775
2007-11-26,1196087400,16.339995
2007-11-27,1196173800,16.6
2007-11-28,1196260200,17.245005
2007-11-29,1196346600,17.074995
2007-11-30,1196433000,17.324995
2007-12-03,1196692200,17.235
2007-12-04,1196778600,17.18
2007-12-05,1196865000,17.155
2007-12-06,1196951400,17.305
2007-12-07,1197037800,17.449995
2007-12-10,1197297000,17.46
2007-12-11,1197383400,16.9
2007-12-12,1197469800,16.955
2007-12-13,1197556200,16.845
2007-12-14,1197642600,16.625
2007-12-17,1197901800,16.47
2007-12-18,1197988200,16.625
2007-12-19,1198074600,16.475
2007-12-20,1198161000,16.555
2007-12-21,1198247400,16.47
2007-12-24,1198506600,16.775
2007-12-26,1198679400,16.72
2007-12-27,1198765800,16.485
2007-12-28,1198852200,16.410005
2007-12-31,1199111400,16.35
2008-01-02,1199284200,16.1
2008-01-03,1199370600,15.92
2008-01-04,1199457000,15.42
2008-01-07,1199716200,15.475
2008-01-08,1199802600,15.175005
2008-01-09,1199889000,15.285005
2008-01-10,1199975400,15.5
2008-01-11,1200061800,15.129995
2008-01-14,1200321000,15.275
2008-01-15,1200407400,14.995005
2008-01-16,1200493800,15.08
2008-01-17,1200580200,14.83
2008-01-18,1200666600,14.76
2008-01-22,1201012200,15.050005
2008-01-23,1201098600,15.6
2008-01-24,1201185000,15.754995
2008-01-25,1201271400,15.43
2008-01-28,1201530600,15.685
2008-01-29,1201617000,15.735
2008-01-30,1201703400,15.635
2008-01-31,1201789800,16.29
2008-02-01,1201876200,16.435
2008-02-04,1202135400,16.199995
2008-02-05,1202221800,15.745005
2008-02-06,1202308200,15.574995
2008-02-07,1202394600,15.875
2008-02-08,1202481000,15.785005
2008-02-11,1202740200,15.949995
2008-02-12,1202826600,15.980005
2008-02-13,1202913000,16.185
2008-02-14,1202999400,16.03
2008-02-15,1203085800,16.115
2008-02-19,1203431400,15.93
2008-02-20,1203517800,16.15
2008-02-21,1203604200,15.765
2008-02-22,1203690600,16.11
2008-02-25,1203949800,16.324995
2008-02-26,1204036200,16.485
2008-02-27,1204122600,16.449995
2008-02-28,1204209000,16.06
2008-02-29,1204295400,15.660005
2008-03-03,1204554600,15.625
2008-03-04,1204641000,15.6
2008-03-05,1204727400,15.605005
2008-03-06,1204813800,15.225
2008-03-07,1204900200,15.08
2008-03-10,1205155800,14.905
2008-03-11,1205242200,15.31
2008-03-12,1205328600,15.225
2008-03-13,1205415000,15.24
2008-03-14,1205501400,15.02005
2008-03-17,1205760600,14.82
2008-03-18,1205847000,15.405
2008-03-19,1205933400,15.199995
2008-03-20,1206019800,15.625
2008-03-24,1206365400,16.144995
2008-03-25,1206451800,16.015
2008-03-26,1206538200,15.714995
2008-03-27,1206624600,15.565
2008-03-28,1206711000,15.265
2008-03-31,1206970200,15.36
2008-04-01,1207056600,16.050005
2008-04-02,1207143000,16.050005
2008-04-03,1207229400,16.1
2008-04-04,1207315800,16.025
2008-04-07,1207575000,15.964995
2008-04-08,1207661400,15.93
2008-04-09,1207747800,15.58
2008-04-10,1207834200,15.745005
2008-04-11,1207920600,15.455
2008-04-14,1208179800,15.345
2008-04-15,1208266200,15.324995
2008-04-16,1208352600,15.665
2008-04-17,1208439000,15.735
2008-04-18,1208525400,16.035005
2008-04-21,1208784600,16.035005
2008-04-22,1208871000,15.805
2008-04-23,1208957400,15.800005
2008-04-24,1209043800,16.019995
2008-04-25,1209130200,16.18
2008-04-28,1209389400,16.160005
2008-04-29,1209475800,16.29
2008-04-30,1209562200,15.725
2008-05-01,1209648600,16.629995
2008-05-02,1209735000,16.595
2008-05-05,1209994200,16.410005
2008-05-06,1210080600,16.480005
2008-05-07,1210167000,16.17
2008-05-08,1210253400,16.195
2008-05-09,1210339800,16.1
2008-05-12,1210599000,16.43
2008-05-13,1210685400,16.49
2008-05-14,1210771800,16.675005
2008-05-15,1210858200,16.835
2008-05-16,1210944600,16.72
2008-05-19,1211203800,16.725
2008-05-20,1211290200,16.464995
2008-05-21,1211376600,16.115
2008-05-22,1211463000,16.045
2008-05-23,1211549400,15.85
2008-05-27,1211895000,15.97
2008-05-28,1211981400,15.97
2008-05-29,1212067800,16.28
2008-05-30,1212154200,16.155
2008-06-02,1212413400,15.995005
2008-06-03,1212499800,16.015
2008-06-04,1212586200,16.11
2008-06-05,1212672600,16.32
2008-06-06,1212759000,15.629995
2008-06-09,1213018200,15.620005
2008-06-10,1213104600,15.68
2008-06-11,1213191000,15.35
2008-06-12,1213277400,15.475
2008-06-13,1213363800,15.86
2008-06-16,1213623000,15.81
2008-06-17,1213709400,15.65
2008-06-18,1213795800,15.305
2008-06-19,1213882200,15.5
2008-06-20,1213968600,14.99
2008-06-23,1214227800,14.730005
2008-06-24,1214314200,14.79
2008-06-25,1214400600,14.9
2008-06-26,1214487000,14.550005
2008-06-27,1214573400,14.305
2008-06-30,1214832600,14.24
2008-07-01,1214919000,14.06
2008-07-02,1215005400,13.905
2008-07-03,1215091800,14.025
2008-07-07,1215437400,13.865
2008-07-08,1215523800,14.225
2008-07-09,1215610200,13.925005
2008-07-10,1215696600,13.68
2008-07-11,1215783000,13.394995
2008-07-14,1216042200,13.324995
2008-07-15,1216128600,13.324995
2008-07-16,1216215000,13.86
2008-07-17,1216301400,13.925005
2008-07-18,1216387800,14.355005
2008-07-21,1216647000,14.1
2008-07-22,1216733400,14.475
2008-07-23,1216819800,14.754995
2008-07-24,1216906200,14.44
2008-07-25,1216992600,14.214995
2008-07-28,1217251800,13.879995
2008-07-29,1217338200,14.375
2008-07-30,1217424600,14.36
2008-07-31,1217511000,14.265
2008-08-01,1217597400,14.125
2008-08-04,1217856600,14.230005
2008-08-05,1217943000,14.865
2008-08-06,1218029400,14.79
2008-08-07,1218115800,14.5
2008-08-08,1218202200,15.19
2008-08-11,1218461400,15.655
2008-08-12,1218547800,15.449995
2008-08-13,1218634200,15.199995
2008-08-14,1218720600,15.43
2008-08-15,1218807000,15.61
2008-08-18,1219066200,15.345
2008-08-19,1219152600,15.06
2008-08-20,1219239000,14.875
2008-08-21,1219325400,14.995005
2008-08-22,1219411800,15.345
2008-08-25,1219671000,14.915
2008-08-26,1219757400,15.03
2008-08-27,1219843800,15.074995
2008-08-28,1219930200,15.425005
2008-08-29,1220016600,15.25
2008-09-02,1220362200,15.550005
2008-09-03,1220448600,15.629995
2008-09-04,1220535000,15.11
2008-09-05,1220621400,15.14
2008-09-08,1220880600,15.824995
2008-09-09,1220967000,15.525
2008-09-10,1221053400,15.365
2008-09-11,1221139800,15.6
2008-09-12,1221226200,15.6
2008-09-15,1221485400,15.074995
2008-09-16,1221571800,15.175005
2008-09-17,1221658200,14.574995
2008-09-18,1221744600,14.949995
2008-09-19,1221831000,15.1
2008-09-22,1222090200,14.480005
2008-09-23,1222176600,14.275
2008-09-24,1222263000,14.225
2008-09-25,1222349400,14.480005
2008-09-26,1222435800,14.625
2008-09-29,1222695000,13.65
2008-09-30,1222781400,13.949995
2008-10-01,1222867800,13.949995
2008-10-02,1222954200,13.445
2008-10-03,1223040600,12.975
2008-10-06,1223299800,12.61
2008-10-07,1223386200,11.800005
2008-10-08,1223472600,11.57
2008-10-09,1223559000,10.835
2008-10-10,1223645400,11.065
2008-10-13,1223904600,11.5
2008-10-14,1223991000,11.57
2008-10-15,1224077400,10.225
2008-10-16,1224163800,10.9
2008-10-17,1224250200,11.120005
2008-10-20,1224509400,11.18
2008-10-21,1224595800,11.055
2008-10-22,1224682200,10.300005
2008-10-23,1224768600,10.300005
2008-10-24,1224855000,9.71
2008-10-27,1225114200,9.565
2008-10-28,1225200600,10.5
2008-10-29,1225287000,10.714995
2008-10-30,1225373400,11.04
2008-10-31,1225459800,11.49
2008-11-03,1225722600,11.160005
2008-11-04,1225809000,11.6
2008-11-05,1225895400,10.96
2008-11-06,1225981800,10.379995
2008-11-07,1226068200,10.56
2008-11-10,1226327400,10.315
2008-11-11,1226413800,9.955
2008-11-12,1226500200,9.35
2008-11-13,1226586600,10.08
2008-11-14,1226673000,9.589995
2008-11-17,1226932200,9.315
2008-11-18,1227018600,9.269995
2008-11-19,1227105000,8.675005
2008-11-20,1227191400,8.165
2008-11-21,1227277800,8.725
2008-11-24,1227537000,9.410005
2008-11-25,1227623400,9.53
2008-11-26,1227709800,10.089995
2008-11-28,1227882600,10.245005
2008-12-01,1228141800,9.35
2008-12-02,1228228200,9.785005
2008-12-03,1228314600,10.135
2008-12-04,1228401000,10.245005
2008-12-05,1228487400,10.545
2008-12-08,1228746600,10.94
2008-12-09,1228833000,10.72
2008-12-10,1228919400,10.97
2008-12-11,1229005800,10.504995
2008-12-12,1229092200,10.47
2008-12-15,1229351400,10.435
2008-12-16,1229437800,10.99
2008-12-17,1229524200,11.050005
2008-12-18,1229610600,10.74
2008-12-19,1229697000,10.615
2008-12-22,1229956200,10.33
2008-12-23,1230042600,10.22
2008-12-24,1230129000,10.295
2008-12-26,1230301800,10.410005
2008-12-29,1230561000,10.21
2008-12-30,1230647400,10.595
2008-12-31,1230733800,10.785005
2009-01-02,1230906600,11.324995
2009-01-05,1231165800,11.275
2009-01-06,1231252200,11.464995
2009-01-07,1231338600,11.01
2009-01-08,1231425000,11.074995
2009-01-09,1231511400,10.735
2009-01-12,1231770600,10.480005
2009-01-13,1231857000,10.345
2009-01-14,1231943400,9.94
2009-01-15,1232029800,10.185
2009-01-16,1232116200,10.305
2009-01-20,1232461800,9.699995
2009-01-21,1232548200,9.995005
2009-01-22,1232634600,9.870005
2009-01-23,1232721000,9.839995
2009-01-26,1232980200,9.910005
2009-01-27,1233066600,9.879995
2009-01-28,1233153000,10.300005
2009-01-29,1233239400,9.885
2009-01-30,1233325800,9.64
2009-02-02,1233585000,9.550005
2009-02-03,1233671400,9.82
2009-02-04,1233757800,9.605005
2009-02-05,1233844200,9.785005
2009-02-06,1233930600,10.065
2009-02-09,1234189800,10.035005
2009-02-10,1234276200,9.56
2009-02-11,1234362600,9.635
2009-02-12,1234449000,9.65
2009-02-13,1234535400,9.495005
2009-02-17,1234881000,9.135
2009-02-18,1234967400,9.074995
2009-02-19,1235053800,8.980005
2009-02-20,1235140200,8.92
2009-02-23,1235399400,8.72
2009-02-24,1235485800,9.1
2009-02-25,1235572200,9.015
2009-02-26,1235658600,8.824995
2009-02-27,1235745000,8.765
2009-03-02,1236004200,8.435
2009-03-03,1236090600,8.370005
2009-03-04,1236177000,8.555
2009-03-05,1236263400,8.155
2009-03-06,1236349800,8.160005
2009-03-09,1236605400,8.055
2009-03-10,1236691800,8.550005
2009-03-11,1236778200,8.685
2009-03-12,1236864600,9.004995
2009-03-13,1236951000,9.11
2009-03-16,1237210200,8.894995
2009-03-17,1237296600,9.324995
2009-03-18,1237383000,9.620005
2009-03-19,1237469400,9.515
2009-03-20,1237555800,9.275
2009-03-23,1237815000,9.93
2009-03-24,1237901400,9.800005
2009-03-25,1237987800,9.870005
2009-03-26,1238074200,10.324995
2009-03-27,1238160600,10.050005
2009-03-30,1238419800,9.75
2009-03-31,1238506200,9.824995
2009-04-01,1238592600,10.004995
2009-04-02,1238679000,10.555
2009-04-03,1238765400,10.695
2009-04-06,1239024600,10.545
2009-04-07,1239111000,10.235
2009-04-08,1239197400,10.525
2009-04-09,1239283800,10.955
2009-04-13,1239629400,10.96
2009-04-14,1239715800,10.714995
2009-04-15,1239802200,10.75
2009-04-16,1239888600,11.125
2009-04-17,1239975000,11.26
2009-04-20,1240234200,10.83
2009-04-21,1240320600,11.01
2009-04-22,1240407000,11.120005
2009-04-23,1240493400,11.120005
2009-04-24,1240579800,11.394995
2009-04-27,1240839000,11.245005
2009-04-28,1240925400,11.245005
2009-04-29,1241011800,11.449995
2009-04-30,1241098200,11.644995
2009-05-01,1241184600,11.589995
2009-05-04,1241443800,11.964995
2009-05-05,1241530200,11.96
2009-05-06,1241616600,12.085
2009-05-07,1241703000,11.82
2009-05-08,1241789400,11.995005
2009-05-11,1242048600,11.785005
2009-05-12,1242135000,11.535005
2009-05-13,1242221400,11.129995
2009-05-14,1242307800,11.144995
2009-05-15,1242394200,11.065
2009-05-18,1242653400,11.61
2009-05-19,1242739800,11.565
2009-05-20,1242826200,11.44
2009-05-21,1242912600,11.17
2009-05-22,1242999000,11.29
2009-05-26,1243344600,11.67
2009-05-27,1243431000,11.415
2009-05-28,1243517400,11.370005
2009-05-29,1243603800,11.56
2009-06-01,1243863000,12.115
2009-06-02,1243949400,12.214995
2009-06-03,1244035800,12.055
2009-06-04,1244122200,12.08
2009-06-05,1244208600,12.004995
2009-06-08,1244467800,12.115
2009-06-09,1244554200,12.185
2009-06-10,1244640600,12.004995
2009-06-11,1244727000,11.945
2009-06-12,1244813400,11.93
2009-06-15,1245072600,11.69
2009-06-16,1245159000,11.394995
2009-06-17,1245245400,11.555
2009-06-18,1245331800,11.519995
2009-06-19,1245418200,11.565
2009-06-22,1245677400,11.22
2009-06-23,1245763800,11.105005
2009-06-24,1245850200,11.17
2009-06-25,1245936600,11.56
2009-06-26,1246023000,11.480005
2009-06-29,1246282200,11.625
2009-06-30,1246368600,11.54
2009-07-01,1246455000,11.615
2009-07-02,1246541400,11.144995
2009-07-06,1246887000,11.199995
2009-07-07,1246973400,10.9
2009-07-08,1247059800,10.9905
2009-07-09,1247146200,11.07
2009-07-10,1247232600,11.050005
2009-07-13,1247491800,11.230005
2009-07-14,1247578200,11.405
2009-07-15,1247664600,11.72
2009-07-16,1247751000,11.865
2009-07-17,1247837400,11.885
2009-07-20,1248096600,12.135
2009-07-21,1248183000,12.135
2009-07-22,1248269400,12.22
2009-07-23,1248355800,12.504995
2009-07-24,1248442200,12.495005
2009-07-27,1248701400,12.545
2009-07-28,1248787800,12.504995
2009-07-29,1248874200,12.44
2009-07-30,1248960600,12.635
2009-07-31,1249047000,12.635
2009-08-03,1249306200,12.894995
2009-08-04,1249392600,12.949995
2009-08-05,1249479000,12.839995
2009-08-06,1249565400,12.83
2009-08-07,1249651800,13.25
2009-08-10,1249911000,13.129995
2009-08-11,1249997400,12.99
2009-08-12,1250083800,13.085
2009-08-13,1250170200,13.120005
2009-08-14,1250256600,12.94
2009-08-17,1250515800,12.53
2009-08-18,1250602200,12.67
2009-08-19,1250688600,12.800005
2009-08-20,1250775000,12.894995
2009-08-21,1250861400,13.160005
2009-08-24,1251120600,13.065
2009-08-25,1251207000,13.199995
2009-08-26,1251293400,13.275
2009-08-27,1251379800,13.300005
2009-08-28,1251466200,13.305
2009-08-31,1251725400,13.08
2009-09-01,1251811800,12.845
2009-09-02,1251898200,12.78
2009-09-03,1251984600,12.915
2009-09-04,1252071000,13.15
2009-09-08,1252416600,13.265
2009-09-09,1252503000,13.405
2009-09-10,1252589400,13.585
2009-09-11,1252675800,13.54
2009-09-14,1252935000,13.585
2009-09-15,1253021400,13.65
2009-09-16,1253107800,13.910005
2009-09-17,1253194200,13.894995
2009-09-18,1253280600,13.9
2009-09-21,1253539800,13.845
2009-09-22,1253626200,13.9
2009-09-23,1253712600,13.699995
2009-09-24,1253799000,13.57
2009-09-25,1253885400,13.49
2009-09-28,1254144600,13.745005
2009-09-29,1254231000,13.81
2009-09-30,1254317400,13.735
2009-10-01,1254403800,13.435
2009-10-02,1254490200,13.265
2009-10-05,1254749400,13.47
2009-10-06,1254835800,13.675005
2009-10-07,1254922200,13.685
2009-10-08,1255008600,13.905
2009-10-09,1255095000,13.9
2009-10-12,1255354200,13.97
2009-10-13,1255440600,13.995005
2009-10-14,1255527000,14.17
2009-10-15,1255613400,14.19
2009-10-16,1255699800,14.165
2009-10-19,1255959000,14.324995
2009-10-20,1256045400,14.18
2009-10-21,1256131800,13.995005
2009-10-22,1256218200,14.18
2009-10-23,1256304600,14.125
2009-10-26,1256563800,14.04
2009-10-27,1256650200,13.800005
2009-10-28,1256736600,13.410005
2009-10-29,1256823000,13.769995
2009-10-30,1256909400,13.410005
2009-11-02,1257172200,13.54
2009-11-03,1257258600,13.550005
2009-11-04,1257345000,13.555
2009-11-05,1257431400,13.925005
2009-11-06,1257517800,14.050005
2009-11-09,1257777000,14.355005
2009-11-10,1257863400,14.405
2009-11-11,1257949800,14.42
2009-11-12,1258036200,14.26
2009-11-13,1258122600,14.51
2009-11-16,1258381800,14.745005
2009-11-17,1258468200,14.625
2009-11-18,1258554600,14.585
2009-11-19,1258641000,14.42
2009-11-20,1258727400,14.345
2009-11-23,1258986600,14.47
2009-11-24,1259073000,14.455
2009-11-25,1259159400,14.595
2009-11-27,1259332200,14.31
2009-11-30,1259591400,14.31
2009-12-01,1259677800,14.535005
2009-12-02,1259764200,14.58
2009-12-03,1259850600,14.480005
2009-12-04,1259937000,14.574995
2009-12-07,1260196200,14.620005
2009-12-08,1260282600,14.51
2009-12-09,1260369000,14.51
2009-12-10,1260455400,14.735
2009-12-11,1260541800,14.879995
2009-12-14,1260801000,14.995005
2009-12-15,1260887400,14.975
2009-12-16,1260973800,14.99
2009-12-17,1261060200,14.81
2009-12-18,1261146600,14.805
2009-12-21,1261405800,14.995005
2009-12-22,1261492200,14.985
2009-12-23,1261578600,15.08
2009-12-24,1261665000,15.089995
2009-12-28,1262010600,15.08
2009-12-29,1262097000,15.129995
2009-12-30,1262183400,15.025
2009-12-31,1262269800,14.885
2010-01-04,1262615400,15
2010-01-05,1262701800,15.055
2010-01-06,1262788200,15.074995
2010-01-07,1262874600,15.199995
2010-01-08,1262961000,15.195
2010-01-11,1263220200,15.165
2010-01-12,1263306600,14.97
2010-01-13,1263393000,15.14
2010-01-14,1263479400,15.14
2010-01-15,1263565800,14.99
2010-01-19,1263911400,15.19
2010-01-20,1263997800,14.985
2010-01-21,1264084200,14.795
2010-01-22,1264170600,14.51
2010-01-25,1264429800,14.585
2010-01-26,1264516200,14.605005
2010-01-27,1264602600,14.629995
2010-01-28,1264689000,14.545
2010-01-29,1264775400,14.455
2010-02-01,1265034600,14.64
2010-02-02,1265121000,14.845
2010-02-03,1265207400,14.855005
2010-02-04,1265293800,14.425005
2010-02-05,1265380200,14.385
2010-02-08,1265639400,14.295
2010-02-09,1265725800,14.515
2010-02-10,1265812200,14.455
2010-02-11,1265898600,14.625
2010-02-12,1265985000,14.625
2010-02-16,1266330600,14.86
2010-02-17,1266417000,14.980005
2010-02-18,1266503400,15.074995
2010-02-19,1266589800,15.11
2010-02-22,1266849000,15.105005
2010-02-23,1266935400,15.015
2010-02-24,1267021800,15.21
2010-02-25,1267108200,15.235
2010-02-26,1267194600,15.26
2010-03-01,1267453800,15.5
2010-03-02,1267540200,15.42
2010-03-03,1267626600,15.464995
2010-03-04,1267713000,15.605005
2010-03-05,1267799400,15.894995
2010-03-08,1268058600,15.935
2010-03-09,1268145000,15.910005
2010-03-10,1268231400,15.945
2010-03-11,1268317800,16.06
2010-03-12,1268404200,16.105005
2010-03-15,1268659800,16.085
2010-03-16,1268746200,16.205
2010-03-17,1268832600,16.285005
2010-03-18,1268919000,16.28
2010-03-19,1269005400,16.199995
2010-03-22,1269264600,16.370005
2010-03-23,1269351000,16.435
2010-03-24,1269437400,16.370005
2010-03-25,1269523800,16.464995
2010-03-26,1269610200,16.53
2010-03-29,1269869400,16.555
2010-03-30,1269955800,16.54
2010-03-31,1270042200,16.42
2010-04-01,1270128600,16.535005
2010-04-05,1270474200,16.735
2010-04-06,1270560600,16.76
2010-04-07,1270647000,16.699995
2010-04-08,1270733400,16.86
2010-04-09,1270819800,16.985
2010-04-12,1271079000,16.985
2010-04-13,1271165400,17.074995
2010-04-14,1271251800,17.339995
2010-04-15,1271338200,17.415
2010-04-16,1271424600,17.185
2010-04-19,1271683800,17.214995
2010-04-20,1271770200,17.425005
2010-04-21,1271856600,17.504995
2010-04-22,1271943000,17.82
2010-04-23,1272029400,17.835
2010-04-26,1272288600,17.975
2010-04-27,1272375000,17.455
2010-04-28,1272461400,17.394995
2010-04-29,1272547800,17.78
2010-04-30,1272634200,17.410005
2010-05-03,1272893400,17.76
2010-05-04,1272979800,17.24125
2010-05-05,1273066200,16.995005
2010-05-06,1273152600,16.39
2010-05-07,1273239000,16.089995
2010-05-10,1273498200,16.93
2010-05-11,1273584600,16.925005
2010-05-12,1273671000,17.17
2010-05-13,1273757400,16.785005
2010-05-14,1273843800,16.504995
2010-05-17,1274103000,16.629995
2010-05-18,1274189400,16.32
2010-05-19,1274275800,16.22
2010-05-20,1274362200,15.589995
2010-05-21,1274448600,15.865
2010-05-24,1274707800,15.754995
2010-05-25,1274794200,15.915
2010-05-26,1274880600,15.865
2010-05-27,1274967000,16.435
2010-05-28,1275053400,16.185
2010-06-01,1275399000,15.94
2010-06-02,1275485400,16.339995
2010-06-03,1275571800,16.394995
2010-06-04,1275658200,15.76
2010-06-07,1275917400,15.46
2010-06-08,1276003800,15.589995
2010-06-09,1276090200,15.61
2010-06-10,1276176600,16.14
2010-06-11,1276263000,16.125
2010-06-14,1276522200,16.17
2010-06-15,1276608600,16.555
2010-06-16,1276695000,16.44
2010-06-17,1276781400,16.339995
2010-06-18,1276867800,16.235
2010-06-21,1277127000,16.105005
2010-06-22,1277213400,15.745005
2010-06-23,1277299800,15.735
2010-06-24,1277386200,15.36
2010-06-25,1277472600,15.405
2010-06-28,1277731800,15.29
2010-06-29,1277818200,14.745005
2010-06-30,1277904600,14.565
2010-07-01,1277991000,14.685
2010-07-02,1278077400,14.519995
2010-07-06,1278423000,14.519995
2010-07-07,1278509400,14.93
2010-07-08,1278595800,15.06
2010-07-09,1278682200,15.205
2010-07-12,1278941400,15.225
2010-07-13,1279027800,15.605005
2010-07-14,1279114200,15.504995
2010-07-15,1279200600,15.555
2010-07-16,1279287000,15.01
2010-07-19,1279546200,15.155
2010-07-20,1279632600,15.370005
2010-07-21,1279719000,15.095
2010-07-22,1279805400,15.550005
2010-07-23,1279891800,15.775
2010-07-26,1280151000,16.01
2010-07-27,1280237400,15.805
2010-07-28,1280323800,15.695
2010-07-29,1280410200,15.615
2010-07-30,1280496600,15.72
2010-08-02,1280755800,16.055
2010-08-03,1280842200,15.81
2010-08-04,1280928600,16.074995
2010-08-05,1281015000,16.125
2010-08-06,1281101400,16.015
2010-08-09,1281360600,16.17
2010-08-10,1281447000,16.03
2010-08-11,1281533400,15.61
2010-08-12,1281619800,15.550005
2010-08-13,1281706200,15.375
2010-08-16,1281965400,15.370005
2010-08-17,1282051800,15.620005
2010-08-18,1282138200,15.765
2010-08-19,1282224600,15.46
2010-08-20,1282311000,15.449995
2010-08-23,1282570200,15.31
2010-08-24,1282656600,15.050005
2010-08-25,1282743000,15.205
2010-08-26,1282829400,15.1
2010-08-27,1282915800,15.345
2010-08-30,1283175000,15.074995
2010-08-31,1283261400,15.095
2010-09-01,1283347800,15.615
2010-09-02,1283434200,15.905
2010-09-03,1283520600,16.14
2010-09-07,1283866200,15.879995
2010-09-08,1283952600,15.995005
2010-09-09,1284039000,16.01
2010-09-10,1284125400,16.144995
2010-09-13,1284384600,16.339995
2010-09-14,1284471000,16.355005
2010-09-15,1284557400,16.385
2010-09-16,1284643800,16.385
2010-09-17,1284730200,16.375
2010-09-20,1284989400,16.69
2010-09-21,1285075800,16.620005
2010-09-22,1285162200,16.51
2010-09-23,1285248600,16.425005
2010-09-24,1285335000,16.85
2010-09-27,1285594200,16.74
2010-09-28,1285680600,16.870005
2010-09-29,1285767000,16.75
2010-09-30,1285853400,16.705
2010-10-01,1285939800,16.725
2010-10-04,1286199000,16.69
2010-10-05,1286285400,17.04
2010-10-06,1286371800,16.925005
2010-10-07,1286458200,17.004995
2010-10-08,1286544600,17.18
2010-10-11,1286803800,17.185
2010-10-12,1286890200,17.225
2010-10-13,1286976600,17.25
2010-10-14,1287063000,17.230005
2010-10-15,1287149400,17.355005
2010-10-18,1287408600,17.379995
2010-10-19,1287495000,17.065
2010-10-20,1287581400,17.285005
2010-10-21,1287667800,17.385
2010-10-22,1287754200,17.480005
2010-10-25,1288013400,17.589995
2010-10-26,1288099800,17.665
2010-10-27,1288186200,17.555
2010-10-28,1288272600,17.635
2010-10-29,1288359000,17.629995
2010-11-01,1288618200,17.595
2010-11-02,1288704600,17.795
2010-11-03,1288791000,17.885
2010-11-04,1288877400,18.165
2010-11-05,1288963800,18.254995
2010-11-08,1289226600,18.225
2010-11-09,1289313000,18.06
2010-11-10,1289399400,18.22
2010-11-11,1289485800,18.195
2010-11-12,1289572200,18.004995
2010-11-15,1289831400,17.97
2010-11-16,1289917800,17.725
2010-11-17,1290004200,17.879995
2010-11-18,1290090600,18.035005
2010-11-19,1290177000,18.120005
2010-11-22,1290436200,18.205
2010-11-23,1290522600,17.935
2010-11-24,1290609000,18.305
2010-11-26,1290781800,18.199995
2010-11-29,1291041000,18.115
2010-11-30,1291127400,18.074995
2010-12-01,1291213800,18.46
2010-12-02,1291300200,18.699995
2010-12-03,1291386600,18.71
2010-12-06,1291645800,18.730005
2010-12-07,1291732200,18.74
2010-12-08,1291818600,18.69
2010-12-09,1291905000,18.714995
2010-12-10,1291991400,18.78
2010-12-13,1292250600,18.69
2010-12-14,1292337000,18.685
2010-12-15,1292423400,18.625
2010-12-16,1292509800,18.76
2010-12-17,1292596200,18.68
2010-12-20,1292855400,18.79
2010-12-21,1292941800,18.870005
2010-12-22,1293028200,18.894995
2010-12-23,1293114600,18.815
2010-12-27,1293460200,18.76
2010-12-28,1293546600,18.72
2010-12-29,1293633000,18.78
2010-12-30,1293719400,18.745005
2010-12-31,1293805800,18.705
2011-01-03,1294065000,18.925005
2011-01-04,1294151400,18.82
2011-01-05,1294237800,18.975
2011-01-06,1294324200,18.86
2011-01-07,1294410600,18.85
2011-01-10,1294669800,18.835
2011-01-11,1294756200,18.83
2011-01-12,1294842600,18.875
2011-01-13,1294929000,18.845
2011-01-14,1295015400,18.96
2011-01-18,1295361000,19.015
2011-01-19,1295447400,18.824995
2011-01-20,1295533800,18.865
2011-01-21,1295620200,18.910005
2011-01-24,1295879400,18.985
2011-01-25,1295965800,18.995005
2011-01-26,1296052200,19.025
2011-01-27,1296138600,19.175005
2011-01-28,1296225000,18.550005
2011-01-31,1296484200,18.589995
2011-02-01,1296570600,18.81
2011-02-02,1296657000,18.754995
2011-02-03,1296743400,18.975
2011-02-04,1296829800,19.105005
2011-02-07,1297089000,19.206
2011-02-08,1297175400,19.435
2011-02-09,1297261800,19.565
2011-02-10,1297348200,19.589995
2011-02-11,1297434600,19.79
2011-02-14,1297693800,19.71
2011-02-15,1297780200,19.735
2011-02-16,1297866600,19.894995
2011-02-17,1297953000,19.9
2011-02-18,1298039400,20.004995
2011-02-22,1298385000,19.525
2011-02-23,1298471400,19.24
2011-02-24,1298557800,19.355005
2011-02-25,1298644200,19.55625
2011-02-28,1298903400,19.705
2011-03-01,1298989800,19.33
2011-03-02,1299076200,19.405
2011-03-03,1299162600,19.75
2011-03-04,1299249000,19.605005
2011-03-07,1299508200,19.410005
2011-03-08,1299594600,19.565
2011-03-09,1299681000,19.61
2011-03-10,1299767400,19.385
2011-03-11,1299853800,19.504995
2011-03-14,1300109400,19.265
2011-03-15,1300195800,19.105005
2011-03-16,1300282200,18.78
2011-03-17,1300368600,18.865
2011-03-18,1300455000,18.79
2011-03-21,1300714200,19.08
2011-03-22,1300800600,18.93
2011-03-23,1300887000,19.095
2011-03-24,1300973400,19.375
2011-03-25,1301059800,19.410005
2011-03-28,1301319000,19.20875
2011-03-29,1301405400,19.385
2011-03-30,1301491800,19.595
2011-03-31,1301578200,19.525
2011-04-01,1301664600,19.65
2011-04-04,1301923800,19.695
2011-04-05,1302010200,19.76
2011-04-06,1302096600,19.725
2011-04-07,1302183000,19.644995
2011-04-08,1302269400,19.53
2011-04-11,1302528600,19.535005
2011-04-12,1302615000,19.51
2011-04-13,1302701400,19.574995
2011-04-14,1302787800,19.53
2011-04-15,1302874200,19.625
2011-04-18,1303133400,19.449995
2011-04-19,1303219800,19.495005
2011-04-20,1303306200,19.845
2011-04-21,1303392600,19.955
2011-04-25,1303738200,19.935
2011-04-26,1303824600,19.97
2011-04-27,1303911000,20.21
2011-04-28,1303997400,20.29
2011-04-29,1304083800,20.275
2011-05-02,1304343000,20.345
2011-05-03,1304429400,20.230005
2011-05-04,1304515800,20.185
2011-05-05,1304602200,20.129995
2011-05-06,1304688600,20.144995
2011-05-09,1304947800,20.17
2011-05-10,1305034200,20.43
2011-05-11,1305120600,20.235
2011-05-12,1305207000,20.435
2011-05-13,1305293400,20.28
2011-05-16,1305552600,20.01
2011-05-17,1305639000,20.03
2011-05-18,1305725400,20.265
2011-05-19,1305811800,20.33
2011-05-20,1305898200,20.135
2011-05-23,1306157400,19.945
2011-05-24,1306243800,19.845
2011-05-25,1306330200,19.85
2011-05-26,1306416600,20.03
2011-05-27,1306503000,20.08
2011-05-31,1306848600,20.22
2011-06-01,1306935000,19.76
2011-06-02,1307021400,19.714995
2011-06-03,1307107800,19.46
2011-06-06,1307367000,19.254995
2011-06-07,1307453400,19.275
2011-06-08,1307539800,19.125
2011-06-09,1307626200,19.285005
2011-06-10,1307712600,18.93
2011-06-13,1307971800,18.905
2011-06-14,1308058200,19.24
2011-06-15,1308144600,18.945
2011-06-16,1308231000,18.9
2011-06-17,1308317400,18.975
2011-06-20,1308576600,19.129995
2011-06-21,1308663000,19.519995
2011-06-22,1308749400,19.370005
2011-06-23,1308835800,19.44
2011-06-24,1308922200,19.25
2011-06-27,1309181400,19.485
2011-06-28,1309267800,19.855005
2011-06-29,1309354200,19.945
2011-06-30,1309440600,20.105005
2011-07-01,1309527000,20.51
2011-07-05,1309872600,20.6
2011-07-06,1309959000,20.525
2011-07-07,1310045400,20.81
2011-07-08,1310131800,20.685
2011-07-11,1310391000,20.285005
2011-07-12,1310477400,20.185
2011-07-13,1310563800,20.29
2011-07-14,1310650200,20.135
2011-07-15,1310736600,20.144995
2011-07-18,1310995800,19.949995
2011-07-19,1311082200,20.335
2011-07-20,1311168600,20.230005
2011-07-21,1311255000,20.464995
2011-07-22,1311341400,20.545
2011-07-25,1311600600,20.410005
2011-07-26,1311687000,20.375
2011-07-27,1311773400,20.019995
2011-07-28,1311859800,19.92
2011-07-29,1311946200,19.824995
2011-08-01,1312205400,19.72
2011-08-02,1312291800,18.975
2011-08-03,1312378200,19.115
2011-08-04,1312464600,18.185
2011-08-05,1312551000,18.17
2011-08-08,1312810200,17.03
2011-08-09,1312896600,17.82
2011-08-10,1312983000,17.06
2011-08-11,1313069400,17.815
2011-08-12,1313155800,18.035005
2011-08-15,1313415000,18.300005
2011-08-16,1313501400,18.199995
2011-08-17,1313587800,18.175005
2011-08-18,1313674200,17.275
2011-08-19,1313760600,17.025
2011-08-22,1314019800,17.074995
2011-08-23,1314106200,17.735
2011-08-24,1314192600,18.050005
2011-08-25,1314279000,17.69
2011-08-26,1314365400,18.06
2011-08-29,1314624600,18.585
2011-08-30,1314711000,18.67
2011-08-31,1314797400,18.785005
2011-09-01,1314883800,18.555
2011-09-02,1314970200,18.03
2011-09-06,1315315800,17.975
2011-09-07,1315402200,18.44
2011-09-08,1315488600,18.19
2011-09-09,1315575000,17.71
2011-09-12,1315834200,17.92
2011-09-13,1315920600,18.129995
2011-09-14,1316007000,18.43
2011-09-15,1316093400,18.74
2011-09-16,1316179800,18.885
2011-09-19,1316439000,18.85
2011-09-20,1316525400,18.75
2011-09-21,1316611800,18.144995
2011-09-22,1316698200,17.6
2011-09-23,1316784600,17.865
2011-09-26,1317043800,18.285005
2011-09-27,1317130200,18.410005
2011-09-28,1317216600,18.095
2011-09-29,1317303000,17.945
2011-09-30,1317389400,17.43
2011-10-03,1317648600,16.92
2011-10-04,1317735000,17.455
2011-10-05,1317821400,17.775
2011-10-06,1317907800,18.19
2011-10-07,1317994200,18.175005
2011-10-10,1318253400,18.79
2011-10-11,1318339800,18.870005
2011-10-12,1318426200,19.04
2011-10-13,1318512600,19.025
2011-10-14,1318599000,19.335
2011-10-17,1318858200,18.94
2011-10-18,1318944600,19.324995
2011-10-19,1319031000,19.035005
2011-10-20,1319117400,19.129995
2011-10-21,1319203800,19.660005
2011-10-24,1319463000,19.949995
2011-10-25,1319549400,19.515
2011-10-26,1319635800,19.44
2011-10-27,1319722200,19.97
2011-10-28,1319808600,19.815
2011-10-31,1320067800,19.51
2011-11-01,1320154200,19.089995
2011-11-02,1320240600,19.285005
2011-11-03,1320327000,19.535005
2011-11-04,1320413400,19.46
2011-11-07,1320676200,19.585
2011-11-08,1320762600,19.775
2011-11-09,1320849000,19.07
2011-11-10,1320935400,19.25
2011-11-11,1321021800,19.735
2011-11-14,1321281000,19.589995
2011-11-15,1321367400,19.660005
2011-11-16,1321453800,19.29
2011-11-17,1321540200,18.949995
2011-11-18,1321626600,18.94
2011-11-21,1321885800,18.644995
2011-11-22,1321972200,18.635
2011-11-23,1322058600,18.265
2011-11-25,1322231400,18.165
2011-11-28,1322490600,18.72
2011-11-29,1322577000,18.785005
2011-11-30,1322663400,19.370005
2011-12-01,1322749800,19.385
2011-12-02,1322836200,19.535005
2011-12-05,1323095400,19.714995
2011-12-06,1323181800,19.65
2011-12-07,1323268200,19.775
2011-12-08,1323354600,19.355005
2011-12-09,1323441000,19.675005
2011-12-12,1323700200,19.615
2011-12-13,1323786600,19.230005
2011-12-14,1323873000,19.03
2011-12-15,1323959400,19.06
2011-12-16,1324045800,18.949995
2011-12-19,1324305000,18.74
2011-12-20,1324391400,19.254995
2011-12-21,1324477800,19.32
2011-12-22,1324564200,19.375
2011-12-23,1324650600,19.589995
2011-12-27,1324996200,19.65
2011-12-28,1325082600,19.435
2011-12-29,1325169000,19.635
2011-12-30,1325255400,19.51
2012-01-03,1325601000,19.675005
2012-01-04,1325687400,19.83
2012-01-05,1325773800,19.995005
2012-01-06,1325860200,20.025
2012-01-09,1326119400,19.995005
2012-01-10,1326205800,20.125
2012-01-11,1326292200,20.155
2012-01-12,1326378600,20.214995
2012-01-13,1326465000,20.19
2012-01-17,1326810600,20.245005
2012-01-18,1326897000,20.57
2012-01-19,1326983400,20.75
2012-01-20,1327069800,20.58
2012-01-23,1327329000,20.565
2012-01-24,1327415400,20.625
2012-01-25,1327501800,20.775
2012-01-26,1327588200,20.74
2012-01-27,1327674600,20.725
2012-01-30,1327933800,20.665
2012-01-31,1328020200,20.660005
2012-02-01,1328106600,20.730005
2012-02-02,1328193000,20.705
2012-02-03,1328279400,21.129995
2012-02-06,1328538600,21.085
2012-02-07,1328625000,21.185
2012-02-08,1328711400,21.235
2012-02-09,1328797800,21.269995
2012-02-10,1328884200,21.155
2012-02-13,1329143400,21.324995
2012-02-14,1329229800,21.300005
2012-02-15,1329316200,21.205
2012-02-16,1329402600,21.295
2012-02-17,1329489000,21.480005
2012-02-21,1329834600,21.405
2012-02-22,1329921000,21.35
2012-02-23,1330007400,21.455
2012-02-24,1330093800,21.43
2012-02-27,1330353000,21.555
2012-02-28,1330439400,21.675005
2012-02-29,1330525800,21.595
2012-03-01,1330612200,21.775
2012-03-02,1330698600,21.76
2012-03-05,1330957800,21.74
2012-03-06,1331044200,21.4
2012-03-07,1331130600,21.644995
2012-03-08,1331217000,21.865
2012-03-09,1331303400,21.99
2012-03-12,1331559000,21.93
2012-03-13,1331645400,22.269995
2012-03-14,1331731800,22.24
2012-03-15,1331818200,22.315
2012-03-16,1331904600,22.175005
2012-03-19,1332163800,22.29
2012-03-20,1332250200,22.3275
2012-03-21,1332336600,22.355005
2012-03-22,1332423000,22.300005
2012-03-23,1332509400,22.324995
2012-03-26,1332768600,22.68
2012-03-27,1332855000,22.644995
2012-03-28,1332941400,22.449995
2012-03-29,1333027800,22.445
2012-03-30,1333114200,22.545
2012-04-02,1333373400,22.605005
2012-04-03,1333459800,22.56
2012-04-04,1333546200,22.35
2012-04-05,1333632600,22.504995
2012-04-09,1333978200,22.300005
2012-04-10,1334064600,21.754995
2012-04-11,1334151000,22.055
2012-04-12,1334237400,22.335
2012-04-13,1334323800,22.275
2012-04-16,1334583000,22.195
2012-04-17,1334669400,22.464995
2012-04-18,1334755800,22.464995
2012-04-19,1334842200,22.285005
2012-04-20,1334928600,22.32
2012-04-23,1335187800,22.08
2012-04-24,1335274200,22.004995
2012-04-25,1335360600,22.375
2012-04-26,1335447000,22.655
2012-04-27,1335533400,22.935
2012-04-30,1335792600,22.805
2012-05-01,1335879000,22.955
2012-05-02,1335965400,23.08
2012-05-03,1336051800,22.9
2012-05-04,1336138200,22.455
2012-05-07,1336397400,22.445
2012-05-08,1336483800,22.175005
2012-05-09,1336570200,22.089995
2012-05-10,1336656600,22.165
2012-05-11,1336743000,22.120005
2012-05-14,1337002200,21.807505
2012-05-15,1337088600,21.775
2012-05-16,1337175000,21.74
2012-05-17,1337261400,21.165
2012-05-18,1337347800,21.004995
2012-05-21,1337607000,21.375
2012-05-22,1337693400,21.46
2012-05-23,1337779800,21.574995
2012-05-24,1337866200,21.675005
2012-05-25,1337952600,21.64
2012-05-29,1338298200,21.94
2012-05-30,1338384600,21.595
2012-05-31,1338471000,21.550005
2012-06-01,1338557400,20.870005
2012-06-04,1338816600,20.945
2012-06-05,1338903000,21.057505
2012-06-06,1338989400,21.515
2012-06-07,1339075800,21.515
2012-06-08,1339162200,21.705
2012-06-11,1339421400,21.375
2012-06-12,1339507800,21.605005
2012-06-13,1339594200,21.29
2012-06-14,1339680600,21.574995
2012-06-15,1339767000,21.71
2012-06-18,1340026200,21.865
2012-06-19,1340112600,22.065
2012-06-20,1340199000,22.04
2012-06-21,1340285400,21.557505
2012-06-22,1340371800,21.655
2012-06-25,1340631000,21.32
2012-06-26,1340717400,21.585
2012-06-27,1340803800,21.555
2012-06-28,1340890200,21.435
2012-06-29,1340976600,21.89
2012-07-02,1341235800,21.955
2012-07-03,1341322200,21.935
2012-07-05,1341495000,21.99
2012-07-06,1341581400,21.885
2012-07-09,1341840600,21.765
2012-07-10,1341927000,21.635
2012-07-11,1342013400,21.51
2012-07-12,1342099800,21.46
2012-07-13,1342186200,21.81
2012-07-16,1342445400,21.67
2012-07-17,1342531800,21.885
2012-07-18,1342618200,22
2012-07-19,1342704600,22.144995
2012-07-20,1342791000,21.875
2012-07-23,1343050200,21.555
2012-07-24,1343136600,21.410005
2012-07-25,1343223000,21.365
2012-07-26,1343309400,21.71
2012-07-27,1343395800,22.14
2012-07-30,1343655000,22.055
2012-07-31,1343741400,21.769995
2012-08-01,1343827800,21.68
2012-08-02,1343914200,21.735
2012-08-03,1344000600,22.165
2012-08-06,1344259800,22.245005
2012-08-07,1344346200,22.455
2012-08-08,1344432600,22.345
2012-08-09,1344519000,22.33
2012-08-10,1344605400,22.31
2012-08-13,1344864600,22.32
2012-08-14,1344951000,22.375
2012-08-15,1345037400,22.445
2012-08-16,1345123800,22.629995
2012-08-17,1345210200,22.714995
2012-08-20,1345469400,22.620005
2012-08-21,1345555800,22.589995
2012-08-22,1345642200,22.655
2012-08-23,1345728600,22.5
2012-08-24,1345815000,22.685
2012-08-27,1346074200,22.65
2012-08-28,1346160600,22.695
2012-08-29,1346247000,22.805
2012-08-30,1346333400,22.68
2012-08-31,1346419800,22.775
2012-09-04,1346765400,22.72
2012-09-05,1346851800,22.754995
2012-09-06,1346938200,23.262495
2012-09-07,1347024600,23.39
2012-09-10,1347283800,23.355005
2012-09-11,1347370200,23.345
2012-09-12,1347456600,23.46
2012-09-13,1347543000,23.76
2012-09-14,1347629400,23.855005
2012-09-17,1347888600,23.765
2012-09-18,1347975000,23.65
2012-09-19,1348061400,23.894995
2012-09-20,1348147800,23.865
2012-09-21,1348234200,23.765
2012-09-24,1348493400,23.6975
2012-09-25,1348579800,23.42
2012-09-26,1348666200,23.26
2012-09-27,1348752600,23.495005
2012-09-28,1348839000,23.394995
2012-10-01,1349098200,23.379995
2012-10-02,1349184600,23.335
2012-10-03,1349271000,23.519995
2012-10-04,1349357400,23.735
2012-10-05,1349443800,23.805
2012-10-08,1349703000,23.76
2012-10-09,1349789400,23.379995
2012-10-10,1349875800,23.235
2012-10-11,1349962200,23.129995
2012-10-12,1350048600,23.125
2012-10-15,1350307800,23.355005
2012-10-16,1350394200,23.565
2012-10-17,1350480600,23.699995
2012-10-18,1350567000,23.714995
2012-10-19,1350653400,23.29
2012-10-22,1350912600,23.214995
2012-10-23,1350999000,23.03
2012-10-24,1351085400,22.94
2012-10-25,1351171800,22.885
2012-10-26,1351258200,22.96
2012-10-31,1351690200,23.03585
2012-11-01,1351776600,23.300005
2012-11-02,1351863000,23.285555
2012-11-05,1352125800,23.345
2012-11-06,1352212200,23.47
2012-11-07,1352298600,23.195
2012-11-08,1352385000,22.82
2012-11-09,1352471400,22.71
2012-11-12,1352730600,22.730005
2012-11-13,1352817000,22.795
2012-11-14,1352903400,22.455
2012-11-15,1352989800,22.44
2012-11-16,1353076200,22.59065
2012-11-19,1353335400,23.074995
2012-11-20,1353421800,23.19
2012-11-21,1353508200,23.269995
2012-11-23,1353681000,23.58
2012-11-26,1353940200,23.47
2012-11-27,1354026600,23.375
2012-11-28,1354113000,23.68
2012-11-29,1354199400,23.745005
2012-11-30,1354285800,23.765
2012-12-03,1354545000,23.64
2012-12-04,1354631400,23.54
2012-12-05,1354717800,23.47
2012-12-06,1354804200,23.620005
2012-12-07,1354890600,23.71
2012-12-10,1355149800,23.574995
2012-12-11,1355236200,23.65
2012-12-12,1355322600,23.68
2012-12-13,1355409000,23.525
2012-12-14,1355495400,23.425005
2012-12-17,1355754600,23.845
2012-12-18,1355841000,24.125
2012-12-19,1355927400,23.955
2012-12-20,1356013800,24.004995
2012-12-21,1356100200,23.64
2012-12-24,1356359400,23.660005
2012-12-26,1356532200,23.415
2012-12-27,1356618600,23.445
2012-12-28,1356705000,23.254995
2012-12-31,1356964200,23.71955
2013-01-02,1357137000,24.214995
2013-01-03,1357223400,24.275
2013-01-04,1357309800,24.36435
2013-01-07,1357569000,24.305
2013-01-08,1357655400,24.2349
2013-01-09,1357741800,24.275
2013-01-10,1357828200,24.415
2013-01-11,1357914600,24.435
2013-01-14,1358173800,24.495005
2013-01-15,1358260200,24.675005
2013-01-16,1358346600,24.620005
2013-01-17,1358433000,24.879995
2013-01-18,1358519400,24.910005
2013-01-22,1358865000,24.975
2013-01-23,1358951400,24.995005
2013-01-24,1359037800,25.185
2013-01-25,1359124200,25.449995
2013-01-28,1359383400,25.33
2013-01-29,1359469800,25.230005
2013-01-30,1359556200,25.185
2013-01-31,1359642600,25.065
2013-02-01,1359729000,25.21
2013-02-04,1359988200,24.9
2013-02-05,1360074600,25.165
2013-02-06,1360161000,25.22
2013-02-07,1360247400,25.165
2013-02-08,1360333800,25.36
2013-02-11,1360593000,25.275
2013-02-12,1360679400,25.375
2013-02-13,1360765800,25.43
2013-02-14,1360852200,25.439005
2013-02-15,1360938600,25.47
2013-02-19,1361284200,25.565
2013-02-20,1361370600,25.175005
2013-02-21,1361457000,24.964995
2013-02-22,1361543400,25.105005
2013-02-25,1361802600,24.714995
2013-02-26,1361889000,24.96
2013-02-27,1361975400,25.339995
2013-02-28,1362061800,25.464995
2013-03-01,1362148200,25.525
2013-03-04,1362407400,25.75
2013-03-05,1362493800,26.01
2013-03-06,1362580200,25.99
2013-03-07,1362666600,26.035005
2013-03-08,1362753000,26.31
2013-03-11,1363008600,26.375
2013-03-12,1363095000,26.300005
2013-03-13,1363181400,26.445
2013-03-14,1363267800,26.475
2013-03-15,1363354200,26.2955
2013-03-18,1363613400,26.095
2013-03-19,1363699800,25.910005
2013-03-20,1363786200,26.21
2013-03-21,1363872600,25.99
2013-03-22,1363959000,26.31
2013-03-25,1364218200,26.265
2013-03-26,1364304600,26.394995
2013-03-27,1364391000,26.405
2013-03-28,1364477400,26.5
2013-04-01,1364823000,26.300005
2013-04-02,1364909400,26.519995
2013-04-03,1364995800,26.275
2013-04-04,1365082200,26.425005
2013-04-05,1365168600,26.295
2013-04-08,1365427800,26.595
2013-04-09,1365514200,26.525
2013-04-10,1365600600,26.835
2013-04-11,1365687000,27.06
2013-04-12,1365773400,27.205
2013-04-15,1366032600,26.49
2013-04-16,1366119000,26.870005
2013-04-17,1366205400,26.595
2013-04-18,1366291800,26.305
2013-04-19,1366378200,26.620005
2013-04-22,1366637400,26.735
2013-04-23,1366723800,27.004995
2013-04-24,1366810200,27.025
2013-04-25,1366896600,27.254995
2013-04-26,1366983000,27.135
2013-04-29,1367242200,27.230005
2013-04-30,1367328600,27.305
2013-05-01,1367415000,27.160005
2013-05-02,1367501400,27.425005
2013-05-03,1367587800,27.769995
2013-05-06,1367847000,27.86
2013-05-07,1367933400,28.095
2013-05-08,1368019800,28.115
2013-05-09,1368106200,28.165
2013-05-10,1368192600,28.385
2013-05-13,1368451800,28.39
2013-05-14,1368538200,28.68
2013-05-15,1368624600,28.835
2013-05-16,1368711000,28.5
2013-05-17,1368797400,28.775
2013-05-20,1369056600,28.69
2013-05-21,1369143000,28.82
2013-05-22,1369229400,28.545
2013-05-23,1369315800,28.485
2013-05-24,1369402200,28.4
2013-05-28,1369747800,28.675005
2013-05-29,1369834200,28.379995
2013-05-30,1369920600,28.379995
2013-05-31,1370007000,28.06
2013-06-03,1370266200,28.185
2013-06-04,1370352600,28.085
2013-06-05,1370439000,27.620005
2013-06-06,1370525400,27.910005
2013-06-07,1370611800,28.42
2013-06-10,1370871000,28.335
2013-06-11,1370957400,28.055
2013-06-12,1371043800,27.745005
2013-06-13,1371130200,28.265
2013-06-14,1371216600,28.175005
2013-06-17,1371475800,28.33
2013-06-18,1371562200,28.620005
2013-06-19,1371648600,28.295
2013-06-20,1371735000,27.555
2013-06-21,1371821400,27.5225
2013-06-24,1372080600,27.269995
2013-06-25,1372167000,27.515
2013-06-26,1372253400,27.86
2013-06-27,1372339800,28.1
2013-06-28,1372426200,28.199995
2013-07-01,1372685400,28.394995
2013-07-02,1372771800,28.445
2013-07-03,1372858200,28.574995
2013-07-05,1373031000,28.885
2013-07-08,1373290200,29.155
2013-07-09,1373376600,29.269995
2013-07-10,1373463000,29.300005
2013-07-11,1373549400,29.72
2013-07-12,1373635800,29.86
2013-07-15,1373895000,29.785005
2013-07-16,1373981400,29.625
2013-07-17,1374067800,29.64
2013-07-18,1374154200,29.81
2013-07-19,1374240600,29.785005
2013-07-22,1374499800,29.765
2013-07-23,1374586200,29.725
2013-07-24,1374672600,29.625
2013-07-25,1374759000,29.665
2013-07-26,1374845400,29.76
2013-07-29,1375104600,29.605005
2013-07-30,1375191000,29.53
2013-07-31,1375277400,29.685
2013-08-01,1375363800,30.144995
2013-08-02,1375450200,30.36
2013-08-05,1375709400,30.295
2013-08-06,1375795800,30.17
2013-08-07,1375882200,29.905
2013-08-08,1375968600,30.105005
2013-08-09,1376055000,30.04
2013-08-12,1376314200,30
2013-08-13,1376400600,30
2013-08-14,1376487000,29.67
2013-08-15,1376573400,29.15
2013-08-16,1376659800,29.045
2013-08-19,1376919000,28.92
2013-08-20,1377005400,29.214995
2013-08-21,1377091800,28.964995
2013-08-22,1377178200,29.254995
2013-08-23,1377264600,29.26
2013-08-26,1377523800,29.199995
2013-08-27,1377610200,28.725
2013-08-28,1377696600,28.879995
2013-08-29,1377783000,29.019995
2013-08-30,1377869400,28.839995
2013-09-03,1378215000,29.045
2013-09-04,1378301400,29.35
2013-09-05,1378387800,29.36
2013-09-06,1378474200,29.324995
2013-09-09,1378733400,29.585
2013-09-10,1378819800,29.8725
2013-09-11,1378906200,30.089995
2013-09-12,1378992600,30.019995
2013-09-13,1379079000,30.105005
2013-09-16,1379338200,30.24
2013-09-17,1379424600,30.415
2013-09-18,1379511000,30.765
2013-09-19,1379597400,30.754995
2013-09-20,1379683800,30.480005
2013-09-23,1379943000,30.245005
2013-09-24,1380029400,30.324995
2013-09-25,1380115800,30.14
2013-09-26,1380202200,30.425005
2013-09-27,1380288600,30.43
2013-09-30,1380547800,30.315
2013-10-01,1380634200,30.56
2013-10-02,1380720600,30.550005
2013-10-03,1380807000,30.205
2013-10-04,1380893400,30.49
2013-10-07,1381152600,30.06
2013-10-08,1381239000,29.585
2013-10-09,1381325400,29.449995
2013-10-10,1381411800,30.135
2013-10-11,1381498200,30.394995
2013-10-14,1381757400,30.519995
2013-10-15,1381843800,30.230005
2013-10-16,1381930200,30.605005
2013-10-17,1382016600,30.83
2013-10-18,1382103000,31.019995
2013-10-21,1382362200,31.1
2013-10-22,1382448600,31.31
2013-10-23,1382535000,31.11
2013-10-24,1382621400,31.42
2013-10-25,1382707800,31.655
2013-10-28,1382967000,31.595
2013-10-29,1383053400,31.78
2013-10-30,1383139800,31.625
2013-10-31,1383226200,31.705
2013-11-01,1383312600,31.78
2013-11-04,1383575400,31.89
2013-11-05,1383661800,31.89
2013-11-06,1383748200,31.81
2013-11-07,1383834600,31.15
2013-11-08,1383921000,31.645
2013-11-11,1384180200,31.695
2013-11-12,1384266600,31.64
2013-11-13,1384353000,32.14
2013-11-14,1384439400,32.365
2013-11-15,1384525800,32.475
2013-11-18,1384785000,32.22
2013-11-19,1384871400,32.08
2013-11-20,1384957800,31.915
2013-11-21,1385044200,32.245
2013-11-22,1385130600,32.425
2013-11-25,1385389800,32.455
2013-11-26,1385476200,32.645
2013-11-27,1385562600,32.77
2013-11-29,1385735400,32.8
2013-12-02,1385994600,32.645
2013-12-03,1386081000,32.335
2013-12-04,1386167400,32.26
2013-12-05,1386253800,32.295
2013-12-06,1386340200,32.565
2013-12-09,1386599400,32.54
2013-12-10,1386685800,32.56
2013-12-11,1386772200,32.26
2013-12-12,1386858600,32.16
2013-12-13,1386945000,32.24
2013-12-16,1387204200,32.45
2013-12-17,1387290600,32.365
2013-12-18,1387377000,32.845
2013-12-19,1387463400,32.825
2013-12-20,1387549800,32.83
2013-12-23,1387809000,32.975
2013-12-24,1387895400,33.045
2013-12-26,1388068200,33.29
2013-12-27,1388154600,33.135
2013-12-30,1388413800,33.285
2013-12-31,1388500200,33.415
2014-01-02,1388673000,33.26
2014-01-03,1388759400,33.17
2014-01-06,1389018600,32.965
2014-01-07,1389105000,33.165
2014-01-08,1389191400,33.075
2014-01-09,1389277800,33.07
2014-01-10,1389364200,33.17
2014-01-13,1389623400,32.505
2014-01-14,1389709800,32.785
2014-01-15,1389796200,32.865
2014-01-16,1389882600,32.69
2014-01-17,1389969000,32.545
2014-01-21,1390314600,32.515
2014-01-22,1390401000,32.6
2014-01-23,1390487400,32.37
2014-01-24,1390573800,31.75
2014-01-27,1390833000,31.625
2014-01-28,1390919400,31.845
2014-01-29,1391005800,31.335
2014-01-30,1391092200,31.86
2014-01-31,1391178600,31.41
2014-02-03,1391437800,30.585
2014-02-04,1391524200,30.96
2014-02-05,1391610600,31
2014-02-06,1391697000,31.655
2014-02-07,1391783400,32.045
2014-02-10,1392042600,32.025
2014-02-11,1392129000,32.26
2014-02-12,1392215400,32.29
2014-02-13,1392301800,32.39
2014-02-14,1392388200,32.585
2014-02-18,1392733800,32.625
2014-02-19,1392820200,32.36
2014-02-20,1392906600,32.535
2014-02-21,1392993000,32.6
2014-02-24,1393252200,32.735
2014-02-25,1393338600,32.965
2014-02-26,1393425000,33.15
2014-02-27,1393511400,33.285
2014-02-28,1393597800,33.42
2014-03-03,1393857000,33.105
2014-03-04,1393943400,33.52
2014-03-05,1394029800,33.66
2014-03-06,1394116200,33.745
2014-03-07,1394202600,33.695
2014-03-10,1394458200,33.605
2014-03-11,1394544600,33.41
2014-03-12,1394631000,33.36
2014-03-13,1394717400,32.955
2014-03-14,1394803800,32.925
2014-03-17,1395063000,33.145
2014-03-18,1395149400,33.29
2014-03-19,1395235800,33.07
2014-03-20,1395322200,33.155
2014-03-21,1395408600,32.84
2014-03-24,1395667800,32.51
2014-03-25,1395754200,32.315
2014-03-26,1395840600,32.055
2014-03-27,1395927000,31.9
2014-03-28,1396013400,32.14
2014-03-31,1396272600,32.36
2014-04-01,1396359000,32.81
2014-04-02,1396445400,33.03
2014-04-03,1396531800,32.87
2014-04-04,1396618200,32.325
2014-04-07,1396877400,31.695
2014-04-08,1396963800,32.015
2014-04-09,1397050200,32.36
2014-04-10,1397136600,31.555
2014-04-11,1397223000,31.12
2014-04-14,1397482200,31.365
2014-04-15,1397568600,31.405
2014-04-16,1397655000,31.845
2014-04-17,1397741400,31.885
2014-04-21,1398087000,31.97
2014-04-22,1398173400,32.245
2014-04-23,1398259800,32.095
2014-04-24,1398346200,32.27
2014-04-25,1398432600,31.72
2014-04-28,1398691800,31.64
2014-04-29,1398778200,31.785
2014-04-30,1398864600,31.92
2014-05-01,1398951000,32.045
2014-05-02,1399037400,32.125
2014-05-05,1399296600,32.155
2014-05-06,1399383000,31.695
2014-05-07,1399469400,31.655
2014-05-08,1399555800,31.745
2014-05-09,1399642200,31.92
2014-05-12,1399901400,32.32
2014-05-13,1399987800,32.23
2014-05-14,1400074200,31.87
2014-05-15,1400160600,31.64
2014-05-16,1400247000,31.875
2014-05-19,1400506200,32.02
2014-05-20,1400592600,31.73
2014-05-21,1400679000,32.115
2014-05-22,1400765400,32.285
2014-05-23,1400851800,32.54
2014-05-27,1401197400,32.71
2014-05-28,1401283800,32.675
2014-05-29,1401370200,32.81
2014-05-30,1401456600,32.84
2014-06-02,1401715800,32.95
2014-06-03,1401802200,32.89
2014-06-04,1401888600,33.05
2014-06-05,1401975000,33.265
2014-06-06,1402061400,33.46
2014-06-09,1402320600,33.47
2014-06-10,1402407000,33.405
2014-06-11,1402493400,33.305
2014-06-12,1402579800,32.88
2014-06-13,1402666200,32.895
2014-06-16,1402925400,32.97
2014-06-17,1403011800,33.1
2014-06-18,1403098200,33.35
2014-06-19,1403184600,33.27
2014-06-20,1403271000,33.04
2014-06-23,1403530200,33.08
2014-06-24,1403616600,33
2014-06-25,1403703000,33.28
2014-06-26,1403789400,33.305
2014-06-27,1403875800,33.385
2014-06-30,1404135000,33.37
2014-07-01,1404221400,33.725
2014-07-02,1404307800,33.775
2014-07-03,1404394200,34.035
2014-07-07,1404739800,33.825
2014-07-08,1404826200,33.495
2014-07-09,1404912600,33.9
2014-07-10,1404999000,33.585
2014-07-11,1405085400,33.695
2014-07-14,1405344600,33.79
2014-07-15,1405431000,33.675
2014-07-16,1405517400,33.76
2014-07-17,1405603800,33.44
2014-07-18,1405690200,33.74995
2014-07-21,1405949400,33.595
2014-07-22,1406035800,33.735
2014-07-23,1406122200,33.71
2014-07-24,1406208600,33.785
2014-07-25,1406295000,33.41
2014-07-28,1406554200,33.475
2014-07-29,1406640600,33.38
2014-07-30,1406727000,33.565
2014-07-31,1406813400,32.945
2014-08-01,1406899800,32.825
2014-08-04,1407159000,33.145
2014-08-05,1407245400,32.915
2014-08-06,1407331800,32.845
2014-08-07,1407418200,32.675
2014-08-08,1407504600,33.18
2014-08-11,1407763800,33.33
2014-08-12,1407850200,33.245
2014-08-13,1407936600,33.365
2014-08-14,1408023000,33.625
2014-08-15,1408109400,33.56
2014-08-18,1408368600,33.87
2014-08-19,1408455000,34.125
2014-08-20,1408541400,34.285
2014-08-21,1408627800,34.255
2014-08-22,1408714200,34.32
2014-08-25,1408973400,34.42
2014-08-26,1409059800,34.425
2014-08-27,1409146200,34.46
2014-08-28,1409232600,34.415
2014-08-29,1409319000,34.41
2014-09-02,1409664600,34.475
2014-09-03,1409751000,34.385
2014-09-04,1409837400,34.515
2014-09-05,1409923800,34.63
2014-09-08,1410183000,34.485
2014-09-09,1410269400,34.14
2014-09-10,1410355800,34.26
2014-09-11,1410442200,34.275
2014-09-12,1410528600,34.175
2014-09-15,1410787800,34.035
2014-09-16,1410874200,34.21
2014-09-17,1410960600,34.195
2014-09-18,1411047000,34.345
2014-09-19,1411133400,34.245
2014-09-22,1411392600,33.765
2014-09-23,1411479000,33.475
2014-09-24,1411565400,33.855
2014-09-25,1411651800,33.36
2014-09-26,1411738200,33.705
2014-09-29,1411997400,33.53
2014-09-30,1412083800,33.345
2014-10-01,1412170200,32.9
2014-10-02,1412256600,33.05
2014-10-03,1412343000,33.475
2014-10-06,1412602200,33.295
2014-10-07,1412688600,32.8
2014-10-08,1412775000,33.315
2014-10-09,1412861400,32.56
2014-10-10,1412947800,32.275
2014-10-13,1413207000,31.62
2014-10-14,1413293400,31.85
2014-10-15,1413379800,31.585
2014-10-16,1413466200,31.62
2014-10-17,1413552600,31.97
2014-10-20,1413811800,32.415
2014-10-21,1413898200,33.045
2014-10-22,1413984600,32.76
2014-10-23,1414071000,33.205
2014-10-24,1414157400,33.175
2014-10-27,1414416600,33.24
2014-10-28,1414503000,33.6
2014-10-29,1414589400,33.5
2014-10-30,1414675800,33.72
2014-10-31,1414762200,34.05
2014-11-03,1415025000,34.05
2014-11-04,1415111400,33.64
2014-11-05,1415197800,33.775
2014-11-06,1415284200,34.06
2014-11-07,1415370600,34.00335
2014-11-10,1415629800,33.985
2014-11-11,1415716200,34.13
2014-11-12,1415802600,34.29
2014-11-13,1415889000,34.505
2014-11-14,1415975400,34.64
2014-11-17,1416234600,34.6
2014-11-18,1416321000,34.665
2014-11-19,1416407400,34.81
2014-11-20,1416493800,34.96
2014-11-21,1416580200,35.045
2014-11-24,1416839400,35.37
2014-11-25,1416925800,35.48
2014-11-26,1417012200,35.475
2014-11-28,1417185000,35.905
2014-12-01,1417444200,35.51
2014-12-02,1417530600,35.645
2014-12-03,1417617000,35.705
2014-12-04,1417703400,35.685
2014-12-05,1417789800,35.765
2014-12-08,1418049000,35.475
2014-12-09,1418135400,35.41
2014-12-10,1418221800,34.94
2014-12-11,1418308200,35.225
2014-12-12,1418394600,35
2014-12-15,1418653800,34.7885
2014-12-16,1418740200,34.255
2014-12-17,1418826600,34.91
2014-12-18,1418913000,35.485
2014-12-19,1418999400,35.435
2014-12-22,1419258600,35.78
2014-12-23,1419345000,35.98
2014-12-24,1419431400,35.92
2014-12-26,1419604200,36.115
2014-12-29,1419863400,36.39
2014-12-30,1419949800,36.22
2014-12-31,1420036200,36.075
2015-01-02,1420209000,35.815
2015-01-05,1420468200,35.13
2015-01-06,1420554600,34.78
2015-01-07,1420641000,35.33
2015-01-08,1420727400,35.86
2015-01-09,1420813800,35.445
2015-01-12,1421073000,35.255
2015-01-13,1421159400,35.255
2015-01-14,1421245800,34.83
2015-01-15,1421332200,34.38
2015-01-16,1421418600,34.835
2015-01-20,1421764200,34.635
2015-01-21,1421850600,34.86
2015-01-22,1421937000,35.515
2015-01-23,1422023400,35.465
2015-01-26,1422282600,35.65
2015-01-27,1422369000,35.365
2015-01-28,1422455400,34.905
2015-01-29,1422541800,35.38
2015-01-30,1422628200,34.995
2015-02-02,1422887400,35.31
2015-02-03,1422973800,36.06
2015-02-04,1423060200,36.3
2015-02-05,1423146600,36.525
2015-02-06,1423233000,36.47
2015-02-09,1423492200,36.33
2015-02-10,1423578600,36.775
2015-02-11,1423665000,36.785
2015-02-12,1423751400,37.22
2015-02-13,1423837800,37.445
2015-02-17,1424183400,37.36
2015-02-18,1424269800,37.34
2015-02-19,1424356200,37.455
2015-02-20,1424442600,37.72
2015-02-23,1424701800,37.685
2015-02-24,1424788200,37.865
2015-02-25,1424874600,38.155
2015-02-26,1424961000,38.035
2015-02-27,1425047400,37.985
2015-03-02,1425306600,38.44
2015-03-03,1425393000,38.335
2015-03-04,1425479400,38.135
2015-03-05,1425565800,38.16
2015-03-06,1425652200,37.705
2015-03-09,1425907800,37.92
2015-03-10,1425994200,37.33
2015-03-11,1426080600,37.125
2015-03-12,1426167000,37.88
2015-03-13,1426253400,37.58
2015-03-16,1426512600,38.02
2015-03-17,1426599000,37.81
2015-03-18,1426685400,38.145
2015-03-19,1426771800,38.09
2015-03-20,1426858200,38.385
2015-03-23,1427117400,38.32
2015-03-24,1427203800,38.12
2015-03-25,1427290200,37.5
2015-03-26,1427376600,37.265
2015-03-27,1427463000,37.455
2015-03-30,1427722200,37.84
2015-03-31,1427808600,37.675
2015-04-01,1427895000,37.51
2015-04-02,1427981400,37.845
2015-04-06,1428327000,38.025
2015-04-07,1428413400,37.815
2015-04-08,1428499800,38.17
2015-04-09,1428586200,38.205
2015-04-10,1428672600,38.335
2015-04-13,1428931800,38.125
2015-04-14,1429018200,38.105
2015-04-15,1429104600,38.105
2015-04-16,1429191000,38.18
2015-04-17,1429277400,37.615
2015-04-20,1429536600,38.03
2015-04-21,1429623000,38.07
2015-04-22,1429709400,38.105
2015-04-23,1429795800,38.295
2015-04-24,1429882200,38.815
2015-04-27,1430141400,38.475
2015-04-28,1430227800,38.34
2015-04-29,1430314200,38.08
2015-04-30,1430400600,37.655
2015-05-01,1430487000,38.175
2015-05-04,1430746200,38.255
2015-05-05,1430832600,37.855
2015-05-06,1430919000,37.7
2015-05-07,1431005400,37.895
2015-05-08,1431091800,38.3
2015-05-11,1431351000,38.13
2015-05-12,1431437400,38.06
2015-05-13,1431523800,37.82
2015-05-14,1431610200,37.99
2015-05-15,1431696600,38.295
2015-05-18,1431955800,38.44
2015-05-19,1432042200,38.43
2015-05-20,1432128600,38.385
2015-05-21,1432215000,38.535
2015-05-22,1432301400,38.47
2015-05-26,1432647000,38.195
2015-05-27,1432733400,38.48
2015-05-28,1432819800,38.415
2015-05-29,1432906200,38.15
2015-06-01,1433165400,38.26
2015-06-02,1433251800,38.345
2015-06-03,1433338200,38.645
2015-06-04,1433424600,38.37
2015-06-05,1433511000,38.26
2015-06-08,1433770200,37.99
2015-06-09,1433856600,37.95
2015-06-10,1433943000,38.34
2015-06-11,1434029400,38.47
2015-06-12,1434115800,38.295
2015-06-15,1434375000,38.115
2015-06-16,1434461400,38.345
2015-06-17,1434547800,38.52
2015-06-18,1434634200,38.985
2015-06-19,1434720600,38.725
2015-06-22,1434979800,38.94
2015-06-23,1435066200,39.095
2015-06-24,1435152600,38.825
2015-06-25,1435239000,38.795
2015-06-26,1435325400,38.95
2015-06-29,1435584600,38.07
2015-06-30,1435671000,38.24
2015-07-01,1435757400,38.675
2015-07-02,1435843800,38.6
2015-07-06,1436189400,38.525
2015-07-07,1436275800,38.86
2015-07-08,1436362200,38.12
2015-07-09,1436448600,38.28
2015-07-10,1436535000,38.835
2015-07-13,1436794200,39.395
2015-07-14,1436880600,39.445
2015-07-15,1436967000,39.405
2015-07-16,1437053400,39.645
2015-07-17,1437139800,39.575
2015-07-20,1437399000,39.595
2015-07-21,1437485400,39.47
2015-07-22,1437571800,39.66
2015-07-23,1437658200,39.425
2015-07-24,1437744600,39.425
2015-07-27,1438003800,39.13
2015-07-28,1438090200,39.435
2015-07-29,1438176600,39.84
2015-07-30,1438263000,39.985
2015-07-31,1438349400,40.11
2015-08-03,1438608600,39.975
2015-08-04,1438695000,40.145
2015-08-05,1438781400,39.71
2015-08-06,1438867800,39.17
2015-08-07,1438954200,39.14
2015-08-10,1439213400,39.455
2015-08-11,1439299800,39.1
2015-08-12,1439386200,38.93
2015-08-13,1439472600,39.155
2015-08-14,1439559000,39.18
2015-08-17,1439818200,39.555
2015-08-18,1439904600,39.59
2015-08-19,1439991000,39.52
2015-08-20,1440077400,38.41
2015-08-21,1440163800,37.18
2015-08-24,1440423000,35.695
2015-08-25,1440509400,35.55
2015-08-26,1440595800,36.9
2015-08-27,1440682200,37.765
2015-08-28,1440768600,37.78
2015-08-31,1441027800,37.49
2015-09-01,1441114200,36.54
2015-09-02,1441200600,37.31
2015-09-03,1441287000,37.325
2015-09-04,1441373400,36.925
2015-09-08,1441719000,37.78
2015-09-09,1441805400,37.375
2015-09-10,1441891800,37.48
2015-09-11,1441978200,37.76
2015-09-14,1442237400,37.56
2015-09-15,1442323800,37.955
2015-09-16,1442410200,38.385
2015-09-17,1442496600,38.485
2015-09-18,1442583000,37.73
2015-09-21,1442842200,38.06
2015-09-22,1442928600,37.555
2015-09-23,1443015000,37.455
2015-09-24,1443101400,37.355
2015-09-25,1443187800,37.35
2015-09-28,1443447000,36.275
2015-09-29,1443533400,36.155
2015-09-30,1443619800,37.13
2015-10-01,1443706200,37.405
2015-10-02,1443792600,37.94
2015-10-05,1444051800,38.5
2015-10-06,1444138200,38.215
2015-10-07,1444224600,38.345
2015-10-08,1444311000,38.815
2015-10-09,1444397400,38.86
2015-10-12,1444656600,39.045
2015-10-13,1444743000,38.835
2015-10-14,1444829400,38.44
2015-10-15,1444915800,38.94
2015-10-16,1445002200,39.145
2015-10-19,1445261400,39.33
2015-10-20,1445347800,39.28
2015-10-21,1445434200,39.105
2015-10-22,1445520600,39.62
2015-10-23,1445607000,39.815
2015-10-26,1445866200,40.095
2015-10-27,1445952600,39.905
2015-10-28,1446039000,40.285
2015-10-29,1446125400,40.4
2015-10-30,1446211800,40.485
2015-11-02,1446474600,40.67
2015-11-03,1446561000,40.825
2015-11-04,1446647400,40.56
2015-11-05,1446733800,40.705
2015-11-06,1446820200,40.71
2015-11-09,1447079400,40.15
2015-11-10,1447165800,40.53
2015-11-11,1447252200,40.29
2015-11-12,1447338600,39.915
2015-11-13,1447425000,38.865
2015-11-16,1447684200,39.335
2015-11-17,1447770600,39.41
2015-11-18,1447857000,40.085
2015-11-19,1447943400,40.135
2015-11-20,1448029800,40.615
2015-11-23,1448289000,40.765
2015-11-24,1448375400,40.68
2015-11-25,1448461800,40.885
2015-11-27,1448634600,40.735
2015-11-30,1448893800,40.39
2015-12-01,1448980200,40.805
2015-12-02,1449066600,40.45
2015-12-03,1449153000,39.84
2015-12-04,1449239400,40.61
2015-12-07,1449498600,40.44
2015-12-08,1449585000,40.32
2015-12-09,1449671400,39.805
2015-12-10,1449757800,39.94
2015-12-11,1449844200,39.03
2015-12-14,1450103400,39.23
2015-12-15,1450189800,39.445
2015-12-16,1450276200,40.105
2015-12-17,1450362600,39.445
2015-12-18,1450449000,38.665
2015-12-21,1450708200,38.86
2015-12-22,1450794600,39.145
2015-12-23,1450881000,39.345
2015-12-24,1450967400,39.24
2015-12-28,1451313000,39.34
2015-12-29,1451399400,39.795
2015-12-30,1451485800,39.475
2015-12-31,1451572200,39.0804
2016-01-04,1451917800,38.41
2016-01-05,1452004200,38.36
2016-01-06,1452090600,37.985
2016-01-07,1452177000,37.205
2016-01-08,1452263400,36.805
2016-01-11,1452522600,37.095
2016-01-12,1452609000,37.505
2016-01-13,1452695400,36.24
2016-01-14,1452781800,36.5
2016-01-15,1452868200,35.75
2016-01-19,1453213800,35.885
2016-01-20,1453300200,35.57
2016-01-21,1453386600,36.025
2016-01-22,1453473000,36.655
2016-01-25,1453732200,36.235
2016-01-26,1453818600,36.765
2016-01-27,1453905000,36.19
2016-01-28,1453991400,36.655
2016-01-29,1454077800,37.055
2016-02-01,1454337000,37.28
2016-02-02,1454423400,36.555
2016-02-03,1454509800,36.46
2016-02-04,1454596200,36.25
2016-02-05,1454682600,35.08
2016-02-08,1454941800,34.4
2016-02-09,1455028200,34.345
2016-02-10,1455114600,34.285
2016-02-11,1455201000,34.265
2016-02-12,1455287400,34.895
2016-02-16,1455633000,35.74
2016-02-17,1455719400,36.51
2016-02-18,1455805800,36.27
2016-02-19,1455892200,36.37
2016-02-22,1456151400,37.075
2016-02-23,1456237800,36.87
2016-02-24,1456324200,37.085
2016-02-25,1456410600,37.455
2016-02-26,1456497000,37.415
2016-02-29,1456756200,37.22
2016-03-01,1456842600,38.205
2016-03-02,1456929000,38.17
2016-03-03,1457015400,38.395
2016-03-04,1457101800,38.36
2016-03-07,1457361000,38.195
2016-03-08,1457447400,37.895
2016-03-09,1457533800,37.97
2016-03-10,1457620200,38.065
2016-03-11,1457706600,38.65
2016-03-14,1457962200,38.795
2016-03-15,1458048600,38.785
2016-03-16,1458135000,39.1
2016-03-17,1458221400,39.155
2016-03-18,1458307800,39.045
2016-03-21,1458567000,39.065
2016-03-22,1458653400,39
2016-03-23,1458739800,38.725
2016-03-24,1458826200,38.775
2016-03-28,1459171800,38.95
2016-03-29,1459258200,39.345
2016-03-30,1459344600,39.595
2016-03-31,1459431000,39.55
2016-04-01,1459517400,39.715
2016-04-04,1459776600,39.405
2016-04-05,1459863000,39.07
2016-04-06,1459949400,39.44
2016-04-07,1460035800,38.995
2016-04-08,1460122200,38.935
2016-04-11,1460381400,38.79
2016-04-12,1460467800,39.085
2016-04-13,1460554200,39.635
2016-04-14,1460640600,39.635
2016-04-15,1460727000,39.745
2016-04-18,1460986200,40.12
2016-04-19,1461072600,39.9
2016-04-20,1461159000,39.95
2016-04-21,1461245400,39.81
2016-04-22,1461331800,39.73
2016-04-25,1461591000,39.775
2016-04-26,1461677400,39.87
2016-04-27,1461763800,39.83
2016-04-28,1461850200,39.4
2016-04-29,1461936600,39.6
2016-05-02,1462195800,40.155
2016-05-03,1462282200,39.785
2016-05-04,1462368600,39.605
2016-05-05,1462455000,39.35
2016-05-06,1462541400,39.64
2016-05-09,1462800600,39.75
2016-05-10,1462887000,40.26
2016-05-11,1462973400,39.45
2016-05-12,1463059800,39.525
2016-05-13,1463146200,39.055
2016-05-16,1463405400,39.3
2016-05-17,1463491800,38.855
2016-05-18,1463578200,38.63
2016-05-19,1463664600,38.595
2016-05-20,1463751000,38.85
2016-05-23,1464010200,38.715
2016-05-24,1464096600,39.18
2016-05-25,1464183000,39.395
2016-05-26,1464269400,39.475
2016-05-27,1464355800,39.66
2016-05-31,1464701400,39.62
2016-06-01,1464787800,39.595
2016-06-02,1464874200,39.815
2016-06-03,1464960600,39.555
2016-06-06,1465219800,39.655
2016-06-07,1465306200,39.705
2016-06-08,1465392600,39.75
2016-06-09,1465479000,39.66
2016-06-10,1465565400,39.245
2016-06-13,1465824600,39.03
2016-06-14,1465911000,38.93
2016-06-15,1465997400,39.04
2016-06-16,1466083800,39.165
2016-06-17,1466170200,38.965
2016-06-20,1466429400,39.315
2016-06-21,1466515800,39.225
2016-06-22,1466602200,39.17
2016-06-23,1466688600,39.555
2016-06-24,1466775000,38.075
2016-06-27,1467034200,37.385
2016-06-28,1467120600,38.13
2016-06-29,1467207000,38.745
2016-06-30,1467293400,39.03
2016-07-01,1467379800,39.435
2016-07-05,1467725400,39.115
2016-07-06,1467811800,39.45
2016-07-07,1467898200,39.62
2016-07-08,1467984600,40.31
2016-07-11,1468243800,40.545
2016-07-12,1468330200,40.705
2016-07-13,1468416600,40.505
2016-07-14,1468503000,40.67
2016-07-15,1468589400,40.49
2016-07-18,1468848600,40.645
2016-07-19,1468935000,40.57
2016-07-20,1469021400,40.74
2016-07-21,1469107800,40.63
2016-07-22,1469194200,40.8
2016-07-25,1469453400,40.865
2016-07-26,1469539800,40.815
2016-07-27,1469626200,40.69
2016-07-28,1469712600,40.765
2016-07-29,1469799000,40.81
2016-08-01,1470058200,40.875
2016-08-02,1470144600,40.265
2016-08-03,1470231000,40.38
2016-08-04,1470317400,40.36
2016-08-05,1470403800,40.785
2016-08-08,1470663000,40.65
2016-08-09,1470749400,40.53
2016-08-10,1470835800,40.615
2016-08-11,1470922200,41.02
2016-08-12,1471008600,41
2016-08-15,1471267800,41.08
2016-08-16,1471354200,40.845
2016-08-17,1471440600,40.75
2016-08-18,1471527000,40.725
2016-08-19,1471613400,40.75
2016-08-22,1471872600,40.71
2016-08-23,1471959000,40.915
2016-08-24,1472045400,40.72
2016-08-25,1472131800,40.585
2016-08-26,1472218200,40.47
2016-08-29,1472477400,40.61
2016-08-30,1472563800,40.385
2016-08-31,1472650200,40.28
2016-09-01,1472736600,40.36
2016-09-02,1472823000,40.44
2016-09-06,1473168600,40.515
2016-09-07,1473255000,40.535
2016-09-08,1473341400,40.185
2016-09-09,1473427800,39.215
2016-09-12,1473687000,39.765
2016-09-13,1473773400,39.2
2016-09-14,1473859800,39.205
2016-09-15,1473946200,39.49
2016-09-16,1474032600,39.255
2016-09-19,1474291800,39.225
2016-09-20,1474378200,39.255
2016-09-21,1474464600,39.635
2016-09-22,1474551000,39.925
2016-09-23,1474637400,39.835
2016-09-26,1474896600,39.395
2016-09-27,1474983000,39.795
2016-09-28,1475069400,39.905
2016-09-29,1475155800,39.7
2016-09-30,1475242200,40.02
2016-10-03,1475501400,39.995
2016-10-04,1475587800,39.855
2016-10-05,1475674200,40.02
2016-10-06,1475760600,40.05
2016-10-07,1475847000,39.87
2016-10-10,1476106200,39.935
2016-10-11,1476192600,39.45
2016-10-12,1476279000,39.635
2016-10-13,1476365400,39.49
2016-10-14,1476451800,39.445
2016-10-17,1476711000,39.12
2016-10-18,1476797400,39.38
2016-10-19,1476883800,39.555
2016-10-20,1476970200,39.48
2016-10-21,1477056600,39.795
2016-10-24,1477315800,40.08
2016-10-25,1477402200,39.61
2016-10-26,1477488600,39.44
2016-10-27,1477575000,39.11
2016-10-28,1477661400,39.02
2016-10-31,1477920600,39.05
2016-11-01,1478007000,38.775
2016-11-02,1478093400,38.54
2016-11-03,1478179800,38.44
2016-11-04,1478266200,38.365
2016-11-07,1478529000,39.25
2016-11-08,1478615400,39.41
2016-11-09,1478701800,39.49
2016-11-10,1478788200,39.635
2016-11-11,1478874600,39.86
2016-11-14,1479133800,39.865
2016-11-15,1479220200,40.02
2016-11-16,1479306600,40.24
2016-11-17,1479393000,40.725
2016-11-18,1479479400,40.6
2016-11-21,1479738600,40.865
2016-11-22,1479825000,41.35
2016-11-23,1479911400,41.39
2016-11-25,1480084200,41.49
2016-11-28,1480343400,41.16
2016-11-29,1480429800,41.27
2016-11-30,1480516200,40.925
2016-12-01,1480602600,40.945
2016-12-02,1480689000,40.72
2016-12-05,1480948200,41.165
2016-12-06,1481034600,41.26
2016-12-07,1481121000,42.06
2016-12-08,1481207400,42.06
2016-12-09,1481293800,42.155
2016-12-12,1481553000,41.805
2016-12-13,1481639400,42.18
2016-12-14,1481725800,41.895
2016-12-15,1481812200,41.795
2016-12-16,1481898600,41.345
2016-12-19,1482157800,41.455
2016-12-20,1482244200,41.785
2016-12-21,1482330600,41.765
2016-12-22,1482417000,41.315
2016-12-23,1482503400,41.225
2016-12-27,1482849000,41.385
2016-12-28,1482935400,41.1
2016-12-29,1483021800,41.045
2016-12-30,1483108200,40.7
2017-01-03,1483453800,40.94
2017-01-04,1483540200,41.485
2017-01-05,1483626600,41.455
2017-01-06,1483713000,41.66
2017-01-09,1483972200,41.625
2017-01-10,1484058600,41.775
2017-01-11,1484145000,41.865
2017-01-12,1484231400,41.825
2017-01-13,1484317800,41.98
2017-01-17,1484663400,42.05
2017-01-18,1484749800,41.975
2017-01-19,1484836200,41.845
2017-01-20,1484922600,41.965
2017-01-23,1485181800,41.995
2017-01-24,1485268200,42.34
2017-01-25,1485354600,42.6
2017-01-26,1485441000,42.665
2017-01-27,1485527400,42.53
2017-01-30,1485786600,42.48
2017-01-31,1485873000,42.415
2017-02-01,1485959400,42.335
2017-02-02,1486045800,42.3
2017-02-03,1486132200,42.245
2017-02-06,1486391400,42.12
2017-02-07,1486477800,42.08
2017-02-08,1486564200,42.34
2017-02-09,1486650600,42.605
2017-02-10,1486737000,42.865
2017-02-13,1486996200,42.915
2017-02-14,1487082600,43.16
2017-02-15,1487169000,43.385
2017-02-16,1487255400,43.165
2017-02-17,1487341800,43.305
2017-02-21,1487687400,43.555
2017-02-22,1487773800,43.555
2017-02-23,1487860200,43.26
2017-02-24,1487946600,43.46
2017-02-27,1488205800,43.51
2017-02-28,1488292200,43.185
2017-03-01,1488378600,43.67
2017-03-02,1488465000,43.565
2017-03-03,1488551400,43.5
2017-03-06,1488810600,43.36
2017-03-07,1488897000,43.22
2017-03-08,1488983400,43.4
2017-03-09,1489069800,43.36
2017-03-10,1489156200,43.425
2017-03-13,1489411800,43.54
2017-03-14,1489498200,43.53
2017-03-15,1489584600,43.76
2017-03-16,1489671000,43.755
2017-03-17,1489757400,43.68
2017-03-20,1490016600,43.577
2017-03-21,1490103000,43.025
2017-03-22,1490189400,43.075
2017-03-23,1490275800,43.175
2017-03-24,1490362200,43.28
2017-03-27,1490621400,43.265
2017-03-28,1490707800,43.595
2017-03-29,1490794200,43.855
2017-03-30,1490880600,43.97
2017-03-31,1490967000,43.975
2017-04-03,1491226200,43.8
2017-04-04,1491312600,43.73
2017-04-05,1491399000,43.625
2017-04-06,1491485400,43.76
2017-04-07,1491571800,43.63
2017-04-10,1491831000,43.79
2017-04-11,1491917400,43.755
2017-04-12,1492003800,43.58
2017-04-13,1492090200,43.275
2017-04-17,1492435800,43.72
2017-04-18,1492522200,43.725
2017-04-19,1492608600,43.765
2017-04-20,1492695000,44.225
2017-04-21,1492781400,44.125
2017-04-24,1493040600,44.41
2017-04-25,1493127000,44.76
2017-04-26,1493213400,44.97
2017-04-27,1493299800,45.21
2017-04-28,1493386200,45.03
2017-05-01,1493645400,45.09
2017-05-02,1493731800,45.14
2017-05-03,1493818200,44.875
2017-05-04,1493904600,44.805
2017-05-05,1493991000,45.085
2017-05-08,1494250200,45.17
2017-05-09,1494336600,45.43
2017-05-10,1494423000,45.275
2017-05-11,1494509400,45.005
2017-05-12,1494595800,44.94
2017-05-15,1494855000,44.95
2017-05-16,1494941400,44.795
2017-05-17,1495027800,44.07
2017-05-18,1495114200,44.325
2017-05-19,1495200600,44.625
2017-05-22,1495459800,44.85
2017-05-23,1495546200,44.68
2017-05-24,1495632600,44.84
2017-05-25,1495719000,45.235
2017-05-26,1495805400,45.37
2017-05-30,1496151000,45.405
2017-05-31,1496237400,45.525
2017-06-01,1496323800,45.955
2017-06-02,1496410200,46.12
2017-06-05,1496669400,45.995
2017-06-06,1496755800,45.6
2017-06-07,1496842200,45.68
2017-06-08,1496928600,45.385
2017-06-09,1497015000,45.185
2017-06-12,1497274200,45.16
2017-06-13,1497360600,45.44
2017-06-14,1497447000,45.415
2017-06-15,1497533400,45.225
2017-06-16,1497619800,45.075
2017-06-19,1497879000,45.42
2017-06-20,1497965400,44.85
2017-06-21,1498051800,44.92
2017-06-22,1498138200,44.815
2017-06-23,1498224600,44.76
2017-06-26,1498483800,44.92
2017-06-27,1498570200,44.565
2017-06-28,1498656600,45.015
2017-06-29,1498743000,44.58
2017-06-30,1498829400,44.815
2017-07-03,1499088600,44.77
2017-07-05,1499261400,44.66
2017-07-06,1499347800,44.205
2017-07-07,1499434200,44.6
2017-07-10,1499693400,44.695
2017-07-11,1499779800,44.605
2017-07-12,1499866200,44.945
2017-07-13,1499952600,44.95
2017-07-14,1500039000,45.095
2017-07-17,1500298200,45.205
2017-07-18,1500384600,45.41
2017-07-19,1500471000,45.63
2017-07-20,1500557400,45.535
2017-07-21,1500643800,45.565
2017-07-24,1500903000,45.41
2017-07-25,1500989400,45.73
2017-07-26,1501075800,45.71
2017-07-27,1501162200,46.045
2017-07-28,1501248600,45.695
2017-07-31,1501507800,45.68
2017-08-01,1501594200,45.76
2017-08-02,1501680600,45.635
2017-08-03,1501767000,45.51
2017-08-04,1501853400,45.515
2017-08-07,1502112600,45.62
2017-08-08,1502199000,45.645
2017-08-09,1502285400,45.38
2017-08-10,1502371800,44.7
2017-08-11,1502458200,44.93
2017-08-14,1502717400,45.25
2017-08-15,1502803800,44.835
2017-08-16,1502890200,45.065
2017-08-17,1502976600,44.345
2017-08-18,1503063000,44.125
2017-08-21,1503322200,44.205
2017-08-22,1503408600,44.68
2017-08-23,1503495000,44.3
2017-08-24,1503581400,44.205
2017-08-25,1503667800,44.315
2017-08-28,1503927000,44.34
2017-08-29,1504013400,44.3
2017-08-30,1504099800,44.62
2017-08-31,1504186200,44.83
2017-09-01,1504272600,45.035
2017-09-05,1504618200,44.85
2017-09-06,1504704600,45.13
2017-09-07,1504791000,44.74
2017-09-08,1504877400,44.585
2017-09-11,1505136600,44.82
2017-09-12,1505223000,45.02
2017-09-13,1505309400,45.345
2017-09-14,1505395800,45.1
2017-09-15,1505482200,44.815
2017-09-18,1505741400,44.66
2017-09-19,1505827800,44.62
2017-09-20,1505914200,44.77
2017-09-21,1506000600,44.695
2017-09-22,1506087000,44.77
2017-09-25,1506346200,44.675
2017-09-26,1506432600,44.68
2017-09-27,1506519000,44.925
2017-09-28,1506605400,44.87
2017-09-29,1506691800,45.04
2017-10-02,1506951000,45.125
2017-10-03,1507037400,45.315
2017-10-04,1507123800,45.55
2017-10-05,1507210200,45.805
2017-10-06,1507296600,45.86
2017-10-09,1507555800,45.715
2017-10-10,1507642200,45.67
2017-10-11,1507728600,45.695
2017-10-12,1507815000,45.39
2017-10-13,1507901400,45.61
2017-10-16,1508160600,45.67
2017-10-17,1508247000,45.695
2017-10-18,1508333400,45.57
2017-10-19,1508419800,45.57
2017-10-20,1508506200,45.68
2017-10-23,1508765400,45.37
2017-10-24,1508851800,45.48
2017-10-25,1508938200,45.305
2017-10-26,1509024600,45.465
2017-10-27,1509111000,46.2
2017-10-30,1509370200,45.99
2017-10-31,1509456600,45.995
2017-11-01,1509543000,46.01
2017-11-02,1509629400,45.665
2017-11-03,1509715800,45.85
2017-11-06,1509978600,46.185
2017-11-07,1510065000,45.91
2017-11-08,1510151400,45.96
2017-11-09,1510237800,46.03
2017-11-10,1510324200,46.185
2017-11-13,1510583400,46.34
2017-11-14,1510669800,46.38
2017-11-15,1510756200,46.18
2017-11-16,1510842600,46.565
2017-11-17,1510929000,46.77
2017-11-20,1511188200,46.86
2017-11-21,1511274600,47.15
2017-11-22,1511361000,47.195
2017-11-24,1511533800,47.315
2017-11-27,1511793000,47.35
2017-11-28,1511879400,47.875
2017-11-29,1511965800,48.08
2017-11-30,1512052200,48.325
2017-12-01,1512138600,48.305
2017-12-04,1512397800,48.865
2017-12-05,1512484200,48.585
2017-12-06,1512570600,48.27
2017-12-07,1512657000,48.395
2017-12-08,1512743400,48.625
2017-12-11,1513002600,48.73
2017-12-12,1513089000,48.75
2017-12-13,1513175400,48.79
2017-12-14,1513261800,48.94
2017-12-15,1513348200,48.985
2017-12-18,1513607400,49.425
2017-12-19,1513693800,49.36
2017-12-20,1513780200,49.265
2017-12-21,1513866600,49.585
2017-12-22,1513953000,49.49
2017-12-26,1514298600,49.6
2017-12-27,1514385000,49.5
2017-12-28,1514471400,49.635
2017-12-29,1514557800,49.345
2018-01-02,1514903400,50.095
2018-01-03,1514989800,50.325
2018-01-04,1515076200,50.49
2018-01-05,1515162600,50.89
2018-01-08,1515421800,50.95
2018-01-09,1515508200,51.05
2018-01-10,1515594600,51.015
2018-01-11,1515681000,51.845
2018-01-12,1515767400,52.515
2018-01-16,1516113000,52.14
2018-01-17,1516199400,52.39
2018-01-18,1516285800,52.345
2018-01-19,1516372200,52.8
2018-01-22,1516631400,53.385
2018-01-23,1516717800,53.835
2018-01-24,1516804200,54.065
2018-01-25,1516890600,53.97
2018-01-26,1516977000,54.5
2018-01-29,1517236200,54.35
2018-01-30,1517322600,54.08
2018-01-31,1517409000,53.905
2018-02-01,1517495400,53.305
2018-02-02,1517581800,52.795
2018-02-05,1517841000,51.015
2018-02-06,1517927400,52.32
2018-02-07,1518013800,52.16
2018-02-08,1518100200,50.08
2018-02-09,1518186600,50.415
2018-02-12,1518445800,51.1
2018-02-13,1518532200,51.365
2018-02-14,1518618600,52.185
2018-02-15,1518705000,52.65
2018-02-16,1518791400,52.395
2018-02-20,1519137000,52.235
2018-02-21,1519223400,52.16
2018-02-22,1519309800,52.225
2018-02-23,1519396200,52.955
2018-02-26,1519655400,53.4
2018-02-27,1519741800,52.27
2018-02-28,1519828200,52.035
2018-03-01,1519914600,51.475
2018-03-02,1520001000,51.525
2018-03-05,1520260200,52.14
2018-03-06,1520346600,52.5
2018-03-07,1520433000,52.145
2018-03-08,1520519400,52.31
2018-03-09,1520605800,53.12
2018-03-12,1520861400,53.295
2018-03-13,1520947800,52.92
2018-03-14,1521034200,52.855
2018-03-15,1521120600,52.8
2018-03-16,1521207000,52.59
2018-03-19,1521466200,51.935
2018-03-20,1521552600,52.245
2018-03-21,1521639000,52.205
2018-03-22,1521725400,51.095
2018-03-23,1521811800,50.09
2018-03-26,1522071000,51.57
2018-03-27,1522157400,50.56
2018-03-28,1522243800,49.945
2018-03-29,1522330200,50.645
2018-04-02,1522675800,49.215
2018-04-03,1522762200,49.84
2018-04-04,1522848600,50.755
2018-04-05,1522935000,51.435
2018-04-06,1523021400,50.34
2018-04-09,1523280600,50.22
2018-04-10,1523367000,50.83
2018-04-11,1523453400,50.675
2018-04-12,1523539800,50.895
2018-04-13,1523626200,50.61
2018-04-16,1523885400,50.99
2018-04-17,1523971800,51.94
2018-04-18,1524058200,52.185
2018-04-19,1524144600,52.02
2018-04-20,1524231000,51.49
2018-04-23,1524490200,51.6
2018-04-24,1524576600,50.785
2018-04-25,1524663000,50.995
2018-04-26,1524749400,51.82
2018-04-27,1524835800,52.055
2018-04-30,1525095000,51.85
2018-05-01,1525181400,51.92
2018-05-02,1525267800,51.565
2018-05-03,1525354200,51.335
2018-05-04,1525440600,52.01
2018-05-07,1525699800,52.185
2018-05-08,1525786200,51.965
2018-05-09,1525872600,52.145
2018-05-10,1525959000,52.335
2018-05-11,1526045400,52.445
2018-05-14,1526304600,52.545
2018-05-15,1526391000,52.24
2018-05-16,1526477400,52.675
2018-05-17,1526563800,52.5
2018-05-18,1526650200,52.435
2018-05-21,1526909400,52.725
2018-05-22,1526995800,52.49
2018-05-23,1527082200,52.87
2018-05-24,1527168600,52.985
2018-05-25,1527255000,53.065
2018-05-29,1527600600,52.655
2018-05-30,1527687000,53.135
2018-05-31,1527773400,52.88
2018-06-01,1527859800,53.27
2018-06-04,1528119000,53.865
2018-06-05,1528205400,54.18
2018-06-06,1528291800,54.685
2018-06-07,1528378200,54.845
2018-06-08,1528464600,54.96
2018-06-11,1528723800,55.18
2018-06-12,1528810200,55.445
2018-06-13,1528896600,55.53
2018-06-14,1528983000,56.11
2018-06-15,1529069400,56.055
2018-06-18,1529328600,55.96
2018-06-19,1529415000,55.89
2018-06-20,1529501400,56.155
2018-06-21,1529587800,55.755
2018-06-22,1529674200,55.66
2018-06-25,1529933400,54.45
2018-06-26,1530019800,54.84
2018-06-27,1530106200,54.13
2018-06-28,1530192600,54.555
2018-06-29,1530279000,54.65
2018-07-02,1530538200,54.725
2018-07-03,1530624600,54.45
2018-07-05,1530797400,54.72
2018-07-06,1530883800,55.15
2018-07-09,1531143000,55.81
2018-07-10,1531229400,55.93
2018-07-11,1531315800,55.8
2018-07-12,1531402200,56.17
2018-07-13,1531488600,56.295
2018-07-16,1531747800,56.435
2018-07-17,1531834200,56.49
2018-07-18,1531920600,56.455
2018-07-19,1532007000,56.325
2018-07-20,1532093400,56.075
2018-07-23,1532352600,56.015
2018-07-24,1532439000,55.85
2018-07-25,1532525400,56.26
2018-07-26,1532611800,55.965
2018-07-27,1532698200,55.82
2018-07-30,1532957400,55.375
2018-07-31,1533043800,55.635
2018-08-01,1533130200,55.36
2018-08-02,1533216600,55.74
2018-08-03,1533303000,55.93
2018-08-06,1533562200,56.305
2018-08-07,1533648600,56.565
2018-08-08,1533735000,56.625
2018-08-09,1533821400,56.835
2018-08-10,1533907800,56.36
2018-08-13,1534167000,56.075
2018-08-14,1534253400,56.62
2018-08-15,1534339800,55.93
2018-08-16,1534426200,56.205
2018-08-17,1534512600,56.255
2018-08-20,1534771800,56.655
2018-08-21,1534858200,57.105
2018-08-22,1534944600,57.165
2018-08-23,1535031000,57.11
2018-08-24,1535117400,57.445
2018-08-27,1535376600,57.815
2018-08-28,1535463000,57.93
2018-08-29,1535549400,58.58
2018-08-30,1535635800,58.245
2018-08-31,1535722200,58.475
2018-09-04,1536067800,58.585
2018-09-05,1536154200,57.955
2018-09-06,1536240600,57.795
2018-09-07,1536327000,57.79
2018-09-10,1536586200,58.005
2018-09-11,1536672600,58.47
2018-09-12,1536759000,58.58
2018-09-13,1536845400,58.68
2018-09-14,1536931800,58.46
2018-09-17,1537191000,57.735
2018-09-18,1537277400,58.47
2018-09-19,1537363800,58.495
2018-09-20,1537450200,58.895
2018-09-21,1537536600,58.46
2018-09-24,1537795800,58.08
2018-09-25,1537882200,58.325
2018-09-26,1537968600,58.46
2018-09-27,1538055000,58.66
2018-09-28,1538141400,58.61
2018-10-01,1538400600,58.43
2018-10-02,1538487000,57.64
2018-10-03,1538573400,57.445
2018-10-04,1538659800,56.545
2018-10-05,1538746200,56.12
2018-10-08,1539005400,56.265
2018-10-09,1539091800,56.1
2018-10-10,1539178200,54.21
2018-10-11,1539264600,53.255
2018-10-12,1539351000,54.24
2018-10-15,1539610200,54.115
2018-10-16,1539696600,55.2
2018-10-17,1539783000,54.745
2018-10-18,1539869400,53.695
2018-10-19,1539955800,53.17
2018-10-22,1540215000,53.385
2018-10-23,1540301400,53.395
2018-10-24,1540387800,51.8
2018-10-25,1540474200,53.365
2018-10-26,1540560600,51.705
2018-10-29,1540819800,51.25
2018-10-30,1540906200,52.02
2018-10-31,1540992600,52.69
2018-11-01,1541079000,53.765
2018-11-02,1541165400,53.985
2018-11-05,1541428200,54.06
2018-11-06,1541514600,54.3
2018-11-07,1541601000,55.77
2018-11-08,1541687400,55.785
2018-11-09,1541773800,55.01
2018-11-12,1542033000,53.905
2018-11-13,1542119400,53.88
2018-11-14,1542205800,53.475
2018-11-15,1542292200,53.395
2018-11-16,1542378600,53.185
2018-11-19,1542637800,51.885
2018-11-20,1542724200,50.71
2018-11-21,1542810600,51.24
2018-11-23,1542983400,51.01
2018-11-26,1543242600,52.155
2018-11-27,1543329000,52.31
2018-11-28,1543415400,53.855
2018-11-29,1543501800,53.605
2018-11-30,1543588200,53.995
2018-12-03,1543847400,55.005
2018-12-04,1543933800,53.025
2018-12-06,1544106600,53.28
2018-12-07,1544193000,51.685
2018-12-10,1544452200,51.725
2018-12-11,1544538600,51.745
2018-12-12,1544625000,52.29
2018-12-13,1544711400,52.03
2018-12-14,1544797800,51.165
2018-12-17,1545057000,49.865
2018-12-18,1545143400,50.255
2018-12-19,1545229800,49.26
2018-12-20,1545316200,48.155
2018-12-21,1545402600,46.88
2018-12-24,1545661800,45.99
2018-12-26,1545834600,48.715
2018-12-27,1545921000,48.975
2018-12-28,1546007400,48.98
2018-12-31,1546266600,49.505
2019-01-02,1546439400,49.88
2019-01-03,1546525800,48.8
2019-01-04,1546612200,50.415
2019-01-07,1546871400,51.555
2019-01-08,1546957800,52.125
2019-01-09,1547044200,52.39
2019-01-10,1547130600,52.24
2019-01-11,1547217000,52.29
2019-01-14,1547476200,51.97
2019-01-15,1547562600,52.44
2019-01-16,1547649000,52.32
2019-01-17,1547735400,52.675
2019-01-18,1547821800,53.405
2019-01-22,1548167400,52.605
2019-01-23,1548253800,52.71
2019-01-24,1548340200,52.93
2019-01-25,1548426600,53.515
2019-01-28,1548685800,53.205
2019-01-29,1548772200,52.86
2019-01-30,1548858600,53.9
2019-01-31,1548945000,54.39
2019-02-01,1549031400,53.595
2019-02-04,1549290600,53.945
2019-02-05,1549377000,54.45
2019-02-06,1549463400,54.225
2019-02-07,1549549800,53.78
2019-02-08,1549636200,53.565
2019-02-11,1549895400,53.66
2019-02-12,1549981800,54.485
2019-02-13,1550068200,54.855
2019-02-14,1550154600,54.655
2019-02-15,1550241000,55.03
2019-02-19,1550586600,55.255
2019-02-20,1550673000,55.365
2019-02-21,1550759400,55.255
2019-02-22,1550845800,55.555
2019-02-25,1551105000,55.37
2019-02-26,1551191400,55.445
2019-02-27,1551277800,55.405
2019-02-28,1551364200,55.105
2019-03-01,1551450600,55.55
2019-03-04,1551709800,55.375
2019-03-05,1551796200,55.515
2019-03-06,1551882600,55.255
2019-03-07,1551969000,54.585
2019-03-08,1552055400,54.205
2019-03-11,1552311000,54.95
2019-03-12,1552397400,55.105
2019-03-13,1552483800,55.3
2019-03-14,1552570200,55.135
2019-03-15,1552656600,55.3
2019-03-18,1552915800,55.835
2019-03-19,1553002200,56.115
2019-03-20,1553088600,56.195
2019-03-21,1553175000,56.965
2019-03-22,1553261400,55.835
2019-03-25,1553520600,56.165
2019-03-26,1553607000,56.405
2019-03-27,1553693400,56.29
2019-03-28,1553779800,56.63
2019-03-29,1553866200,56.925
2019-04-01,1554125400,57.55
2019-04-02,1554211800,57.54
2019-04-03,1554298200,57.945
2019-04-04,1554384600,58.415
2019-04-05,1554471000,58.76
2019-04-08,1554730200,58.97
2019-04-09,1554816600,58.44
2019-04-10,1554903000,58.72
2019-04-11,1554989400,58.795
2019-04-12,1555075800,59.16
2019-04-15,1555335000,59.28
2019-04-16,1555421400,59.54
2019-04-17,1555507800,59.655
2019-04-18,1555594200,59.635
2019-04-22,1555939800,59.41
2019-04-23,1556026200,60.12
2019-04-24,1556112600,60.175
2019-04-25,1556199000,59.86
2019-04-26,1556285400,60.335
2019-04-29,1556544600,60.125
2019-04-30,1556631000,60.035
2019-05-01,1556717400,59.305
2019-05-02,1556803800,59.35
2019-05-03,1556890200,60.05
2019-05-06,1557149400,59.685
2019-05-07,1557235800,58.78
2019-05-08,1557322200,58.8
2019-05-09,1557408600,58.56
2019-05-10,1557495000,58.645
2019-05-13,1557754200,56.9
2019-05-14,1557840600,57.475
2019-05-15,1557927000,57.865
2019-05-16,1558013400,58.4
2019-05-17,1558099800,57.955
2019-05-20,1558359000,57.545
2019-05-21,1558445400,57.945
2019-05-22,1558531800,57.35
2019-05-23,1558618200,56.64
2019-05-24,1558704600,56.715
2019-05-28,1559050200,56.34
2019-05-29,1559136600,55.84
2019-05-30,1559223000,56.205
2019-05-31,1559309400,55.47
2019-06-03,1559568600,55.005
2019-06-04,1559655000,56.495
2019-06-05,1559741400,56.775
2019-06-06,1559827800,57.065
2019-06-07,1559914200,57.89
2019-06-10,1560173400,58.38
2019-06-11,1560259800,58.605
2019-06-12,1560346200,58.59
2019-06-13,1560432600,59.115
2019-06-14,1560519000,59.245
2019-06-17,1560778200,59.27
2019-06-18,1560864600,59.72
2019-06-19,1560951000,59.83
2019-06-20,1561037400,60.245
2019-06-21,1561123800,59.76
2019-06-24,1561383000,59.44
2019-06-25,1561469400,58.87
2019-06-26,1561555800,59.06
2019-06-27,1561642200,59.43
2019-06-28,1561728600,59.6
2019-07-01,1561987800,60.125
2019-07-02,1562074200,60.255
2019-07-03,1562160600,60.78
2019-07-05,1562333400,60.85
2019-07-08,1562592600,60.925
2019-07-09,1562679000,60.99
2019-07-10,1562765400,61.21
2019-07-11,1562851800,61.335
2019-07-12,1562938200,62.04
2019-07-15,1563197400,62.24
2019-07-16,1563283800,62.16
2019-07-17,1563370200,61.565
2019-07-18,1563456600,61.485
2019-07-19,1563543000,61.08
2019-07-22,1563802200,61.115
2019-07-23,1563888600,61.53
2019-07-24,1563975000,61.84
2019-07-25,1564061400,61.495
2019-07-26,1564147800,61.775
2019-07-29,1564407000,61.475
2019-07-30,1564493400,61.06
2019-07-31,1564579800,60.36
2019-08-01,1564666200,59.54
2019-08-02,1564752600,59.05
2019-08-05,1565011800,57.465
2019-08-06,1565098200,58.34
2019-08-07,1565184600,58.575
2019-08-08,1565271000,59.705
2019-08-09,1565357400,59.145
2019-08-12,1565616600,58.285
2019-08-13,1565703000,59.245
2019-08-14,1565789400,57.39
2019-08-15,1565875800,57.295
2019-08-16,1565962200,57.945
2019-08-19,1566221400,58.675
2019-08-20,1566307800,58.69
2019-08-21,1566394200,59.82
2019-08-22,1566480600,59.835
2019-08-23,1566567000,58.245
2019-08-26,1566826200,58.82
2019-08-27,1566912600,58.53
2019-08-28,1566999000,59.26
2019-08-29,1567085400,60.15
2019-08-30,1567171800,59.79
2019-09-03,1567517400,59.545
2019-09-04,1567603800,60.135
2019-09-05,1567690200,61.285
2019-09-06,1567776600,61.435
2019-09-09,1568035800,61.67
2019-09-10,1568122200,61.425
2019-09-11,1568208600,61.54
2019-09-12,1568295000,61.835
2019-09-13,1568381400,61.71
2019-09-16,1568640600,60.92
2019-09-17,1568727000,61.29
2019-09-18,1568813400,61.26
2019-09-19,1568899800,61.095
2019-09-20,1568986200,60.195
2019-09-23,1569245400,60.405
2019-09-24,1569331800,59.76
2019-09-25,1569418200,60.305
2019-09-26,1569504600,60.045
2019-09-27,1569591000,59.835
2019-09-30,1569850200,60.35
2019-10-01,1569936600,59.845
2019-10-02,1570023000,58.77
2019-10-03,1570109400,59.055
2019-10-04,1570195800,59.61
2019-10-07,1570455000,59.35
2019-10-08,1570541400,58.725
2019-10-09,1570627800,59.225
2019-10-10,1570714200,59.62
2019-10-11,1570800600,60.295
2019-10-14,1571059800,60.265
2019-10-15,1571146200,60.795
2019-10-16,1571232600,61.045
2019-10-17,1571319000,61.205
2019-10-18,1571405400,61.085
2019-10-21,1571664600,61.3
2019-10-22,1571751000,60.91
2019-10-23,1571837400,60.63
2019-10-24,1571923800,60.6
2019-10-25,1572010200,60.53
2019-10-28,1572269400,60.72
2019-10-29,1572355800,60.375
2019-10-30,1572442200,60.75
2019-10-31,1572528600,60.425
2019-11-01,1572615000,60.825
2019-11-04,1572877800,60.855
2019-11-05,1572964200,60.945
2019-11-06,1573050600,61.01
2019-11-07,1573137000,60.645
2019-11-08,1573223400,60.67
2019-11-11,1573482600,60.545
2019-11-12,1573569000,60.505
2019-11-13,1573655400,60.315
2019-11-14,1573741800,60.575
2019-11-15,1573828200,60.685
2019-11-18,1574087400,60.895
2019-11-19,1574173800,60.225
2019-11-20,1574260200,60.085
2019-11-21,1574346600,59.745
2019-11-22,1574433000,60.155
2019-11-25,1574692200,60.685
2019-11-26,1574778600,61.1
2019-11-27,1574865000,61.625
2019-11-29,1575037800,61.225
2019-12-02,1575297000,60.72
2019-12-03,1575383400,60.11
2019-12-04,1575469800,60.445
2019-12-05,1575556200,60.385
2019-12-06,1575642600,60.87
2019-12-09,1575901800,60.945
2019-12-10,1575988200,60.84
2019-12-11,1576074600,60.995
2019-12-12,1576161000,61.53
2019-12-13,1576247400,61.585
2019-12-16,1576506600,61.855
2019-12-17,1576593000,62.13
2019-12-18,1576679400,62.19
2019-12-19,1576765800,62.385
2019-12-20,1576852200,62.275
2019-12-23,1577111400,62.13
2019-12-24,1577197800,62.27
2019-12-26,1577370600,63.03
2019-12-27,1577457000,63.025
2019-12-30,1577716200,62.62
2019-12-31,1577802600,62.71
2020-01-02,1577975400,63.455
2020-01-03,1578061800,62.915
2020-01-06,1578321000,63.09
2020-01-07,1578407400,62.99
2020-01-08,1578493800,63.18
2020-01-09,1578580200,63.515
2020-01-10,1578666600,63.17
2020-01-13,1578925800,63.37
2020-01-14,1579012200,63.35
2020-01-15,1579098600,63.205
2020-01-16,1579185000,63.77
2020-01-17,1579271400,63.995
2020-01-21,1579617000,63.8
2020-01-22,1579703400,63.77
2020-01-23,1579789800,63.865
2020-01-24,1579876200,62.975
2020-01-27,1580135400,62.035
2020-01-28,1580221800,62.64
2020-01-29,1580308200,62.605
2020-01-30,1580394600,62.5
2020-01-31,1580481000,62.66
2020-02-03,1580740200,63.105
2020-02-04,1580826600,64.255
2020-02-05,1580913000,64.58
2020-02-06,1580999400,64.435
2020-02-07,1581085800,64.155
2020-02-10,1581345000,64.88
2020-02-11,1581431400,65.39
2020-02-12,1581517800,66.06
2020-02-13,1581604200,65.945
2020-02-14,1581690600,65.845
2020-02-18,1582036200,65.84
2020-02-19,1582122600,66.135
2020-02-20,1582209000,66.16
2020-02-21,1582295400,65.15
2020-02-24,1582554600,62.91
2020-02-25,1582641000,61.23
2020-02-26,1582727400,60.745
2020-02-27,1582813800,58.29
2020-02-28,1582900200,57.915
2020-03-02,1583159400,59.905
2020-03-03,1583245800,58.455
2020-03-04,1583332200,60.475
2020-03-05,1583418600,58.22
2020-03-06,1583505000,57.325
2020-03-09,1583760600,53.715
2020-03-10,1583847000,56.685
2020-03-11,1583933400,53.585
2020-03-12,1584019800,48.17
2020-03-13,1584106200,51.15
2020-03-16,1584365400,44.67
2020-03-17,1584451800,46.39
2020-03-18,1584538200,43.725
2020-03-19,1584624600,45.25
2020-03-20,1584711000,43.905
2020-03-23,1584970200,43.765
2020-03-24,1585056600,47.87
2020-03-25,1585143000,48.71
2020-03-26,1585229400,50.725
2020-03-27,1585315800,49.025
2020-03-30,1585575000,50.05
2020-03-31,1585661400,49.04
2020-04-01,1585747800,46.85
2020-04-02,1585834200,47.025
2020-04-03,1585920600,46.205
2020-04-06,1586179800,50.05
2020-04-07,1586266200,50.795
2020-04-08,1586352600,52.395
2020-04-09,1586439000,53.34
2020-04-13,1586784600,53.325
2020-04-14,1586871000,55.41
2020-04-15,1586957400,54.195
2020-04-16,1587043800,54.845
2020-04-17,1587130200,56.465
2020-04-20,1587389400,55.48
2020-04-21,1587475800,54.04
2020-04-22,1587562200,55.205
2020-04-23,1587648600,55.19
2020-04-24,1587735000,56.125
2020-04-27,1587994200,57.175
2020-04-28,1588080600,57.4
2020-04-29,1588167000,58.665
2020-04-30,1588253400,58.3
2020-05-01,1588339800,56.12
2020-05-04,1588599000,56.425
2020-05-05,1588685400,56.63
2020-05-06,1588771800,56.62
2020-05-07,1588858200,57.51
2020-05-08,1588944600,58.63
2020-05-11,1589203800,58.5
2020-05-12,1589290200,57.22
2020-05-13,1589376600,56.235
2020-05-14,1589463000,57.075
2020-05-15,1589549400,57.74
2020-05-18,1589808600,59.925
2020-05-19,1589895000,59.71
2020-05-20,1589981400,60.49
2020-05-21,1590067800,60.705
2020-05-22,1590154200,60.615
2020-05-26,1590499800,61.575
2020-05-27,1590586200,62.63
2020-05-28,1590672600,61.87
2020-05-29,1590759000,62.095
2020-06-01,1591018200,62.685
2020-06-02,1591104600,63.22
2020-06-03,1591191000,64.415
2020-06-04,1591277400,64.09
2020-06-05,1591363800,65.625
2020-06-08,1591623000,66.625
2020-06-09,1591709400,66.105
2020-06-10,1591795800,65.485
2020-06-11,1591882200,62.055
2020-06-12,1591968600,62.67
2020-06-15,1592227800,63.265
2020-06-16,1592314200,64.595
2020-06-17,1592400600,64.425
2020-06-18,1592487000,64.19
2020-06-19,1592573400,63.69
2020-06-22,1592832600,64.195
2020-06-23,1592919000,64.7
2020-06-24,1593005400,63.275
2020-06-25,1593091800,63.36
2020-06-26,1593178200,61.875
2020-06-29,1593437400,63.05
2020-06-30,1593523800,63.855
2020-07-01,1593610200,64.5
2020-07-02,1593696600,64.755
2020-07-06,1594042200,66.29
2020-07-07,1594128600,65.25
2020-07-08,1594215000,65.945
2020-07-09,1594301400,65.87
2020-07-10,1594387800,66.655
2020-07-13,1594647000,65.81
2020-07-14,1594733400,66.465
2020-07-15,1594819800,67.415
2020-07-16,1594906200,67.235
2020-07-17,1594992600,66.92
2020-07-20,1595251800,67.99
2020-07-21,1595338200,68.095
2020-07-22,1595424600,68.68
2020-07-23,1595511000,67.65
2020-07-24,1595597400,67.77
2020-07-27,1595856600,68.19
2020-07-28,1595943000,67.515
2020-07-29,1596029400,68.2
2020-07-30,1596115800,68.145
2020-07-31,1596202200,68.5
2020-08-03,1596461400,68.355
2020-08-04,1596547800,68.905
2020-08-05,1596634200,69.745
2020-08-06,1596720600,70.085
2020-08-07,1596807000,70.19
2020-08-10,1597066200,71.03
2020-08-11,1597152600,70.89
2020-08-12,1597239000,71.83
2020-08-13,1597325400,71.8
2020-08-14,1597411800,71.795
2020-08-17,1597671000,72.72
2020-08-18,1597757400,73.17
2020-08-19,1597843800,72.825
2020-08-20,1597930200,72.715
2020-08-21,1598016600,73.09
2020-08-24,1598275800,74.2
2020-08-25,1598362200,74.445
2020-08-26,1598448600,75.18
2020-08-27,1598535000,74.775
2020-08-28,1598621400,75.265
2020-08-31,1598880600,75.045
2020-09-01,1598967000,75.83
2020-09-02,1599053400,76.88
2020-09-03,1599139800,74.44
2020-09-04,1599226200,73.58
2020-09-08,1599571800,72.615
2020-09-09,1599658200,73.985
2020-09-10,1599744600,72.925
2020-09-11,1599831000,73.035
2020-09-14,1600090200,73.81
2020-09-15,1600176600,74.415
2020-09-16,1600263000,74
2020-09-17,1600349400,72.96
2020-09-18,1600435800,71.945
2020-09-21,1600695000,70.755
2020-09-22,1600781400,72.25
2020-09-23,1600867800,71.065
2020-09-24,1600954200,71.035
2020-09-25,1601040600,71.96
2020-09-28,1601299800,73.465
2020-09-29,1601386200,72.895
2020-09-30,1601472600,73.49
2020-10-01,1601559000,74.45
2020-10-02,1601645400,74.135
2020-10-05,1601904600,75.115
2020-10-06,1601991000,73.725
2020-10-07,1602077400,75.41
2020-10-08,1602163800,75.905
2020-10-09,1602250200,76.695
2020-10-12,1602509400,77.715
2020-10-13,1602595800,77.7
2020-10-14,1602682200,76.84
2020-10-15,1602768600,77.125
2020-10-16,1602855000,76.425
2020-10-19,1603114200,75.485
2020-10-20,1603200600,76.09
2020-10-21,1603287000,75.675
2020-10-22,1603373400,75.83
2020-10-23,1603459800,76.495
2020-10-26,1603719000,75.025
2020-10-27,1603805400,74.99
2020-10-28,1603891800,72.62
2020-10-29,1603978200,73.08
2020-10-30,1604064600,71.485
2020-11-02,1604327400,71.995
2020-11-03,1604413800,73.58
2020-11-04,1604500200,75.145
2020-11-05,1604586600,76.61
2020-11-06,1604673000,76.38
2020-11-09,1604932200,76.13
2020-11-10,1605018600,75.86
2020-11-11,1605105000,76.525
2020-11-12,1605191400,75.5
2020-11-13,1605277800,76.725
2020-11-16,1605537000,77.73
2020-11-17,1605623400,77.4
2020-11-18,1605709800,76.87
2020-11-19,1605796200,77.25
2020-11-20,1605882600,76.845
2020-11-23,1606141800,77.69
2020-11-24,1606228200,78.845
2020-11-25,1606314600,78.94
2020-11-27,1606487400,79.11
2020-11-30,1606746600,78.63
2020-12-01,1606833000,79.215
2020-12-02,1606919400,78.72
2020-12-03,1607005800,78.94
2020-12-04,1607092200,79.015
2020-12-07,1607351400,78.835
2020-12-08,1607437800,78.67
2020-12-09,1607524200,78.595
2020-12-10,1607610600,78.525
2020-12-11,1607697000,78.15
2020-12-14,1607956200,78.265
2020-12-15,1608042600,79.32
2020-12-16,1608129000,79.84
2020-12-17,1608215400,80.385
2020-12-18,1608301800,79.995
2020-12-21,1608561000,78.945
2020-12-22,1608647400,78.605
2020-12-23,1608733800,78.775
2020-12-24,1608820200,78.94
2020-12-28,1609165800,79.84
2020-12-29,1609252200,79.865
2020-12-30,1609338600,80.345
2020-12-31,1609425000,80.39
2021-01-04,1609770600,79.71
2021-01-05,1609857000,80.305
2021-01-06,1609943400,81.125
2021-01-07,1610029800,82.69
2021-01-08,1610116200,84.395
2021-01-11,1610375400,82.82
2021-01-12,1610461800,84.085
2021-01-13,1610548200,84.08
2021-01-14,1610634600,83.545
2021-01-15,1610721000,82.9
2021-01-19,1611066600,83.37
2021-01-20,1611153000,84.945
2021-01-21,1611239400,85.34
2021-01-22,1611325800,85.05
2021-01-25,1611585000,85.365
2021-01-26,1611671400,85.31
2021-01-27,1611757800,82.68
2021-01-28,1611844200,82.94
2021-01-29,1611930600,81.005
2021-02-01,1612189800,83.11
2021-02-02,1612276200,84.875
2021-02-03,1612362600,84.4
2021-02-04,1612449000,85.3
2021-02-05,1612535400,86.115
2021-02-08,1612794600,86.605
2021-02-09,1612881000,86.125
2021-02-10,1612967400,85.275
2021-02-11,1613053800,85.04
2021-02-12,1613140200,85.16
2021-02-16,1613485800,84.79
2021-02-17,1613572200,85.28
2021-02-18,1613658600,85.305
2021-02-19,1613745000,84.81
2021-02-22,1614004200,83.02
2021-02-23,1614090600,82.475
2021-02-24,1614177000,83.34
2021-02-25,1614263400,80.24
2021-02-26,1614349800,80.575
2021-03-01,1614609000,82.465
2021-03-02,1614695400,81.515
2021-03-03,1614781800,79.6
2021-03-04,1614868200,77.915
2021-03-05,1614954600,78.41
2021-03-08,1615213800,78.505
2021-03-09,1615300200,81.47
2021-03-10,1615386600,81.885
2021-03-11,1615473000,83.14
2021-03-12,1615559400,83.385
2021-03-15,1615815000,84.505
2021-03-16,1615901400,83.63
2021-03-17,1615987800,84.805
2021-03-18,1616074200,82.73
2021-03-19,1616160600,83.225
2021-03-22,1616419800,83.64
2021-03-23,1616506200,82.855
2021-03-24,1616592600,81.63
2021-03-25,1616679000,82.345
2021-03-26,1616765400,83.03
2021-03-29,1617024600,82.575
2021-03-30,1617111000,83.385
2021-03-31,1617197400,84.035
2021-04-01,1617283800,84.71
2021-04-05,1617629400,86.635
2021-04-06,1617715800,87.01
2021-04-07,1617802200,86.75
2021-04-08,1617888600,87.16
2021-04-09,1617975000,87.99
2021-04-12,1618234200,88.555
2021-04-13,1618320600,89.49
2021-04-14,1618407000,88.61
2021-04-15,1618493400,89.245
2021-04-16,1618579800,89.935
2021-04-19,1618839000,88.925
2021-04-20,1618925400,87.805
2021-04-21,1619011800,88.975
2021-04-22,1619098200,87.99
2021-04-23,1619184600,88.91
2021-04-26,1619443800,89.3
2021-04-27,1619530200,89.195
2021-04-28,1619616600,89.09
2021-04-29,1619703000,89.115
2021-04-30,1619789400,89.46
2021-05-03,1620048600,89.035
2021-05-04,1620135000,88.105
2021-05-05,1620221400,87.83
2021-05-06,1620307800,88.02
2021-05-07,1620394200,88.81
2021-05-10,1620653400,87.23
2021-05-11,1620739800,86.245
2021-05-12,1620826200,83.325
2021-05-13,1620912600,83.915
2021-05-14,1620999000,85.37
2021-05-17,1621258200,85.215
2021-05-18,1621344600,84.55
2021-05-19,1621431000,83.84
2021-05-20,1621517400,84.7
2021-05-21,1621603800,84.275
2021-05-24,1621863000,85.11
2021-05-25,1621949400,85.38
2021-05-26,1622035800,86.195
2021-05-27,1622122200,86.54
2021-05-28,1622208600,86.42
2021-06-01,1622554200,86.255
2021-06-02,1622640600,85.855
2021-06-03,1622727000,84.835
2021-06-04,1622813400,85.515
2021-06-07,1623072600,85.515
2021-06-08,1623159000,86.205
2021-06-09,1623245400,85.73
2021-06-10,1623331800,86.135
2021-06-11,1623418200,86.605
2021-06-14,1623677400,86.63
2021-06-15,1623763800,86.17
2021-06-16,1623850200,86.21
2021-06-17,1623936600,86.535
2021-06-18,1624023000,86.08
2021-06-21,1624282200,86.615
2021-06-22,1624368600,87.43
2021-06-23,1624455000,88.105
2021-06-24,1624541400,88.405
2021-06-25,1624627800,88.965
2021-06-28,1624887000,88.985
2021-06-29,1624973400,89.205
2021-06-30,1625059800,89.275
2021-07-01,1625146200,89.78
2021-07-02,1625232600,90.57
2021-07-06,1625578200,90.675
2021-07-07,1625664600,90.625
2021-07-08,1625751000,90.4
2021-07-09,1625837400,91.245
2021-07-12,1626096600,91.87
2021-07-13,1626183000,90.77
2021-07-14,1626269400,90.605
2021-07-15,1626355800,90.115
2021-07-16,1626442200,89.005
2021-07-19,1626701400,87.985
2021-07-20,1626787800,89.61
2021-07-21,1626874200,90.435
2021-07-22,1626960600,90.825
2021-07-23,1627047000,91.635
2021-07-26,1627306200,92.315
2021-07-27,1627392600,91.38
2021-07-28,1627479000,91.085
2021-07-29,1627565400,92.11
2021-07-30,1627651800,90.215
2021-08-02,1627911000,90.475
2021-08-03,1627997400,91.145
2021-08-04,1628083800,90.26
2021-08-05,1628170200,91.125
2021-08-06,1628256600,90.505
2021-08-09,1628515800,90.38
2021-08-10,1628602200,90.735
2021-08-11,1628688600,91
2021-08-12,1628775000,91.04
2021-08-13,1628861400,90.78
2021-08-16,1629120600,90.36
2021-08-17,1629207000,88.215
2021-08-18,1629293400,88.53
2021-08-19,1629379800,87.965
2021-08-20,1629466200,88.81
2021-08-23,1629725400,89.955
2021-08-24,1629811800,90.59
2021-08-25,1629898200,90.94
2021-08-26,1629984600,90.1
2021-08-27,1630071000,90.92
2021-08-30,1630330200,91.605
2021-08-31,1630416600,91.825
2021-09-01,1630503000,91.82
2021-09-02,1630589400,91.815
2021-09-03,1630675800,91.76
2021-09-07,1631021400,92.03
2021-09-08,1631107800,92.135
2021-09-09,1631194200,92.015
2021-09-10,1631280600,91.45
2021-09-13,1631539800,91.675
2021-09-14,1631626200,91.37
2021-09-15,1631712600,91.96
2021-09-16,1631799000,92.38
2021-09-17,1631885400,92.055
2021-09-20,1632144600,89.82
2021-09-21,1632231000,89.955
2021-09-22,1632317400,91.18
2021-09-23,1632403800,92.105
2021-09-24,1632490200,92.45
2021-09-27,1632749400,92.945
2021-09-28,1632835800,91.155
2021-09-29,1632922200,91.245
2021-09-30,1633008600,89.725
2021-10-01,1633095000,90.4
2021-10-04,1633354200,89.685
2021-10-05,1633440600,90.045
2021-10-06,1633527000,90.33
2021-10-07,1633613400,91.735
2021-10-08,1633699800,91.315
2021-10-11,1633959000,90.945
2021-10-12,1634045400,91.665
2021-10-13,1634131800,92.115
2021-10-14,1634218200,93.08
2021-10-15,1634304600,94.505
2021-10-18,1634563800,95.66
2021-10-19,1634650200,95.39
2021-10-20,1634736600,95.32
2021-10-21,1634823000,96.72
2021-10-22,1634909400,96.375
2021-10-25,1635168600,98.765
2021-10-26,1635255000,98.78
2021-10-27,1635341400,99
2021-10-28,1635427800,100.315
2021-10-29,1635514200,100.575
2021-11-01,1635773400,102.42
2021-11-02,1635859800,101.73
2021-11-03,1635946200,103.56
2021-11-04,1636032600,104.955
2021-11-05,1636119000,105.63
2021-11-08,1636381800,104.135
2021-11-09,1636468200,102.21
2021-11-10,1636554600,101.83
2021-11-11,1636641000,101.555
2021-11-12,1636727400,101.895
2021-11-15,1636986600,101.81
2021-11-16,1637073000,103.415
2021-11-17,1637159400,104.075
2021-11-18,1637245800,105.255
2021-11-19,1637332200,105.71
2021-11-22,1637591400,105.445
2021-11-23,1637677800,104.68
2021-11-24,1637764200,104.895
2021-11-26,1637937000,102.035
2021-11-29,1638196200,103.62
2021-11-30,1638282600,102.22
2021-12-01,1638369000,100.375
2021-12-02,1638455400,101.805
2021-12-03,1638541800,99.825
2021-12-06,1638801000,100.965
2021-12-07,1638887400,103.32
2021-12-08,1638973800,103.58
2021-12-09,1639060200,101.785
2021-12-10,1639146600,102.495
2021-12-13,1639405800,99.855
2021-12-14,1639492200,99.275
2021-12-15,1639578600,100.535
2021-12-16,1639665000,98.315
2021-12-17,1639751400,97.645
2021-12-20,1640010600,95.925
2021-12-21,1640097000,98.41
2021-12-22,1640183400,100.205
2021-12-23,1640269800,101.595
2021-12-27,1640615400,102.585
2021-12-28,1640701800,102.63
2021-12-29,1640788200,102.835
2021-12-30,1640874600,102.465
2021-12-31,1640961000,102.22
2022-01-03,1641220200,105.155
2022-01-04,1641306600,104.515
2022-01-05,1641393000,101.695
2022-01-06,1641479400,101.43
2022-01-07,1641565800,99.74
2022-01-10,1641825000,99.13
2022-01-11,1641911400,100.085
2022-01-12,1641997800,100.745
2022-01-13,1642084200,98.72
2022-01-14,1642170600,98.26
2022-01-18,1642516200,96.4
2022-01-19,1642602600,94.66
2022-01-20,1642689000,92.935
2022-01-21,1642775400,90.21
2022-01-24,1643034600,91.295
2022-01-25,1643121000,89.75
2022-01-26,1643207400,89.315
2022-01-27,1643293800,87.15
2022-01-28,1643380200,89.05
2022-01-31,1643639400,92.475
2022-02-01,1643725800,93.035
2022-02-02,1643812200,92.48
2022-02-03,1643898600,89.65
2022-02-04,1643985000,92.2
2022-02-07,1644244200,92.01
2022-02-08,1644330600,93.305
2022-02-09,1644417000,94.54
2022-02-10,1644503400,92.91
2022-02-11,1644589800,90.24
2022-02-14,1644849000,90.755
2022-02-15,1644935400,92.785
2022-02-16,1645021800,93.05
2022-02-17,1645108200,90.56
2022-02-18,1645194600,90
2022-02-22,1645540200,87.375
2022-02-23,1645626600,84.455
2022-02-24,1645713000,86.385
2022-02-25,1645799400,88.095
2022-02-28,1646058600,88.715
2022-03-01,1646145000,87.37
2022-03-02,1646231400,89.205
2022-03-03,1646317800,87.185
2022-03-04,1646404200,85.8
2022-03-07,1646663400,81.595
2022-03-08,1646749800,81.765
2022-03-09,1646836200,84.395
2022-03-10,1646922600,84.995
2022-03-11,1647009000,83.36
2022-03-14,1647264600,81.97
2022-03-15,1647351000,84.715
2022-03-16,1647437400,87.605
2022-03-17,1647523800,89.065
2022-03-18,1647610200,90.94
2022-03-21,1647869400,90.04
2022-03-22,1647955800,92.275
2022-03-23,1648042200,91.13
2022-03-24,1648128600,91.84
2022-03-25,1648215000,91.68
2022-03-28,1648474200,94.125
2022-03-29,1648560600,95.765
2022-03-30,1648647000,94.31
2022-03-31,1648733400,92.5
2022-04-01,1648819800,92.615
2022-04-04,1649079000,94.695
2022-04-05,1649165400,92.475
2022-04-06,1649251800,90.115
2022-04-07,1649338200,90.575
2022-04-08,1649424600,89.74
2022-04-11,1649683800,88.075
2022-04-12,1649770200,88.27
2022-04-13,1649856600,90.465
2022-04-14,1649943000,89.2
2022-04-18,1650288600,89.47
2022-04-19,1650375000,92.065
2022-04-20,1650461400,90.88
2022-04-21,1650547800,90
2022-04-22,1650634200,87.91
2022-04-25,1650893400,88.545
2022-04-26,1650979800,84.065
2022-04-27,1651066200,84.075
2022-04-28,1651152600,85.8
2022-04-29,1651239000,81.44
2022-05-02,1651498200,82.63
2022-05-03,1651584600,82.425
2022-05-04,1651671000,84.845
2022-05-05,1651757400,80.09
2022-05-06,1651843800,79.075
2022-05-09,1652103000,75.705
2022-05-10,1652189400,75.48
2022-05-11,1652275800,72.775
2022-05-12,1652362200,73.275
2022-05-13,1652448600,76.16
2022-05-16,1652707800,74.515
2022-05-17,1652794200,76.395
2022-05-18,1652880600,71.4
2022-05-19,1652967000,71.45
2022-05-20,1653053400,70.205
2022-05-23,1653312600,70.73
2022-05-24,1653399000,68.91
2022-05-25,1653485400,70.855
2022-05-26,1653571800,74.33
2022-05-27,1653658200,76.88
2022-05-31,1654003800,77.27
2022-06-01,1654090200,76.465
2022-06-02,1654176600,78.805
2022-06-03,1654263000,76.5
2022-06-06,1654522200,77.265
2022-06-07,1654608600,77.075
2022-06-08,1654695000,76.62
2022-06-09,1654781400,75.235
2022-06-10,1654867800,72.235
2022-06-13,1655127000,68.9
2022-06-14,1655213400,68.845
2022-06-15,1655299800,70.78
2022-06-16,1655386200,67.315
2022-06-17,1655472600,68.05
2022-06-21,1655818200,69.835
2022-06-22,1655904600,69.7
2022-06-23,1655991000,70.795
2022-06-24,1656077400,73.495
2022-06-27,1656336600,72.725
2022-06-28,1656423000,69.82
2022-06-29,1656509400,69.765
2022-06-30,1656595800,68.74
2022-07-01,1656682200,70.005
2022-07-05,1657027800,71.57
2022-07-06,1657114200,71.335
2022-07-07,1657200600,73.175
2022-07-08,1657287000,73.185
2022-07-11,1657546200,71.18
2022-07-12,1657632600,70.75
2022-07-13,1657719000,71.33
2022-07-14,1657805400,71.27
2022-07-15,1657891800,72.42
2022-07-18,1658151000,72.63
2022-07-19,1658237400,74.855
2022-07-20,1658323800,76.085
2022-07-21,1658410200,77.825
2022-07-22,1658496600,77.375
2022-07-25,1658755800,76.71
2022-07-26,1658842200,74.24
2022-07-27,1658928600,77.05
2022-07-28,1659015000,78.375
2022-07-29,1659101400,81.415
2022-08-01,1659360600,81.82
2022-08-02,1659447000,81.26
2022-08-03,1659533400,83.24
2022-08-04,1659619800,83.58
2022-08-05,1659706200,82.155
2022-08-08,1659965400,82.525
2022-08-09,1660051800,81.21
2022-08-10,1660138200,83.5
2022-08-11,1660224600,83.075
2022-08-12,1660311000,84.955
2022-08-15,1660570200,85.54
2022-08-16,1660656600,86.485
2022-08-17,1660743000,85.555
2022-08-18,1660829400,85.53
2022-08-19,1660915800,83.765
2022-08-22,1661175000,81.44
2022-08-23,1661261400,81.67
2022-08-24,1661347800,82.02
2022-08-25,1661434200,83
2022-08-26,1661520600,79.84
2022-08-29,1661779800,79.415
2022-08-30,1661866200,78.53
2022-08-31,1661952600,77.755
2022-09-01,1662039000,78.465
2022-09-02,1662125400,77.745
2022-09-06,1662471000,77.585
2022-09-07,1662557400,79.965
2022-09-08,1662643800,80.71
2022-09-09,1662730200,82.24
2022-09-12,1662989400,83.3
2022-09-13,1663075800,79.005
2022-09-14,1663162200,80.02
2022-09-15,1663248600,79.61
2022-09-16,1663335000,78.97
2022-09-19,1663594200,79.92
2022-09-20,1663680600,78.565
2022-09-21,1663767000,76.705
2022-09-22,1663853400,74.935
2022-09-23,1663939800,73.21
2022-09-26,1664199000,73.045
2022-09-27,1664285400,73.275
2022-09-28,1664371800,75.255
2022-09-29,1664458200,72.655
2022-09-30,1664544600,71.225
2022-10-03,1664803800,71.295
2022-10-04,1664890200,73.785
2022-10-05,1664976600,73.35
2022-10-06,1665063000,72.83
2022-10-07,1665149400,70.325
2022-10-10,1665408600,69.89
2022-10-11,1665495000,69.32
2022-10-12,1665581400,69.5
2022-10-13,1665667800,70.26
2022-10-14,1665754200,67.635
2022-10-17,1666013400,70.38
2022-10-18,1666099800,71.35
2022-10-19,1666186200,70.55
2022-10-20,1666272600,69.185
2022-10-21,1666359000,71.2
2022-10-24,1666618200,71.495
2022-10-25,1666704600,73.285
2022-10-26,1666791000,72.695
2022-10-27,1666877400,72.415
2022-10-28,1666963800,72.48
2022-10-31,1667223000,72.015
2022-11-01,1667309400,71.285
2022-11-02,1667395800,68.59
2022-11-03,1667482200,68.18
2022-11-04,1667568600,68.75
2022-11-07,1667831400,68.27
2022-11-08,1667917800,68.1
2022-11-09,1668004200,66.02
2022-11-10,1668090600,70.845
2022-11-11,1668177000,72.545
2022-11-14,1668436200,71.395
2022-11-15,1668522600,72.37
2022-11-16,1668609000,71.265
2022-11-17,1668695400,70.4
2022-11-18,1668781800,70.495
2022-11-21,1669041000,69.475
2022-11-22,1669127400,70.26
2022-11-23,1669213800,71.275
2022-11-25,1669386600,71.315
2022-11-28,1669645800,70.875
2022-11-29,1669732200,70.65
2022-11-30,1669818600,73.085
2022-12-01,1669905000,73.075
2022-12-02,1669991400,72.98
2022-12-05,1670250600,70.875
2022-12-06,1670337000,69.77
2022-12-07,1670423400,69.35
2022-12-08,1670509800,70.02
2022-12-09,1670596200,69.715
2022-12-12,1670855400,69.89
2022-12-13,1670941800,69.89
2022-12-14,1671028200,69.37
2022-12-15,1671114600,68.23
2022-12-16,1671201000,66.955
2022-12-19,1671460200,65.7
2022-12-20,1671546600,64.935
2022-12-21,1671633000,65.97
2022-12-22,1671719400,64.275
2022-12-23,1671805800,64.715
2022-12-27,1672151400,63.665
2022-12-28,1672237800,63.13
2022-12-29,1672324200,64.755
2022-12-30,1672410600,64.58
2023-01-03,1672756200,64.195
2023-01-04,1672842600,65.125
2023-01-05,1672929000,64.52
2023-01-06,1673015400,66.035
2023-01-09,1673274600,66.435
2023-01-10,1673361000,67.27
2023-01-11,1673447400,69.085
2023-01-12,1673533800,69.2
2023-01-13,1673620200,69.85
2023-01-17,1673965800,69.9
2023-01-18,1674052200,68.99
2023-01-19,1674138600,67.845
2023-01-20,1674225000,69.49
2023-01-23,1674484200,70.575
2023-01-24,1674570600,70.495
2023-01-25,1674657000,70.855
2023-01-26,1674743400,72.305
2023-01-27,1674829800,73.945
2023-01-30,1675089000,72.685
2023-01-31,1675175400,74.35
2023-02-01,1675261800,75.76
2023-02-02,1675348200,78.08
2023-02-03,1675434600,75.675
2023-02-06,1675693800,75.565
2023-02-07,1675780200,75.74
2023-02-08,1675866600,75.095
2023-02-09,1675953000,74.955
2023-02-10,1676039400,74.075
2023-02-13,1676298600,75.16
2023-02-14,1676385000,76.06
2023-02-15,1676471400,76.95
2023-02-16,1676557800,75.27
2023-02-17,1676644200,75.285
2023-02-21,1676989800,72.77
2023-02-22,1677076200,73.14
2023-02-23,1677162600,73.08
2023-02-24,1677249000,71.93
2023-02-27,1677508200,72.82
2023-02-28,1677594600,72.77
2023-03-01,1677681000,71.855
2023-03-02,1677767400,71.615
2023-03-03,1677853800,73.155
2023-03-06,1678113000,72.62
2023-03-07,1678199400,71.63
2023-03-08,1678285800,71.5
2023-03-09,1678372200,69.795
2023-03-10,1678458600,69.1
2023-03-13,1678714200,69.245
2023-03-14,1678800600,70.42
2023-03-15,1678887000,70.315
2023-03-16,1678973400,71.585
2023-03-17,1679059800,70.67
2023-03-20,1679319000,70.76
2023-03-21,1679405400,72.715
2023-03-22,1679491800,71.095
2023-03-23,1679578200,71.02
2023-03-24,1679664600,70.79
2023-03-27,1679923800,70.935
2023-03-28,1680010200,70.85
2023-03-29,1680096600,72.195
2023-03-30,1680183000,72.825
2023-03-31,1680269400,74.77
2023-04-03,1680528600,74.085
2023-04-04,1680615000,73.965
2023-04-05,1680701400,72.45
2023-04-06,1680787800,72.465
2023-04-10,1681133400,72.785
2023-04-11,1681219800,72.9
2023-04-12,1681306200,71.77
2023-04-13,1681392600,73.355
2023-04-14,1681479000,73.45
2023-04-17,1681738200,73.97
2023-04-18,1681824600,74.09
2023-04-19,1681911000,74.02
2023-04-20,1681997400,72.88
2023-04-21,1682083800,73.685
2023-04-24,1682343000,73.675
2023-04-25,1682429400,72.215
2023-04-26,1682515800,71.845
2023-04-27,1682602200,73.74
2023-04-28,1682688600,73.93
2023-05-01,1682947800,73.2
2023-05-02,1683034200,73.275
2023-05-03,1683120600,72.695
2023-05-04,1683207000,72.135
2023-05-05,1683293400,73.595
2023-05-08,1683552600,73.845
2023-05-09,1683639000,73.825
2023-05-10,1683725400,74.2
2023-05-11,1683811800,74.545
2023-05-12,1683898200,73.915
2023-05-15,1684157400,74.01
2023-05-16,1684243800,73.71
2023-05-17,1684330200,75.245
2023-05-18,1684416600,76.415
2023-05-19,1684503000,75.775
2023-05-22,1684762200,75.54
2023-05-23,1684848600,74.85
2023-05-24,1684935000,74.575
2023-05-25,1685021400,74.24
2023-05-26,1685107800,75.985
2023-05-30,1685453400,76.495
2023-05-31,1685539800,75.805
2023-06-01,1685626200,76.7
2023-06-02,1685712600,78.5
2023-06-05,1685971800,78.735
2023-06-06,1686058200,79.555
2023-06-07,1686144600,79.015
2023-06-08,1686231000,80.185
2023-06-09,1686317400,80.6
2023-06-12,1686576600,81.985
2023-06-13,1686663000,82.835
2023-06-14,1686749400,82.775
2023-06-15,1686835800,83.315
2023-06-16,1686922200,83.19
2023-06-20,1687267800,83.645
2023-06-21,1687354200,82.64
2023-06-22,1687440600,83.695
2023-06-23,1687527000,82.725
2023-06-26,1687786200,81.665
2023-06-27,1687872600,83.42
2023-06-28,1687959000,83.75
2023-06-29,1688045400,83.84
2023-06-30,1688131800,84.905
2023-07-03,1688391000,85.93
2023-07-05,1688563800,85.965
2023-07-06,1688650200,84.58
2023-07-07,1688736600,84.685
2023-07-10,1688995800,84.945
2023-07-11,1689082200,85.655
2023-07-12,1689168600,86.425
2023-07-13,1689255000,87.235
2023-07-14,1689341400,87.46
2023-07-17,1689600600,87.815
2023-07-18,1689687000,88.175
2023-07-19,1689773400,88.485
2023-07-20,1689859800,85.47
2023-07-21,1689946200,85.49
2023-07-24,1690205400,86.05
2023-07-25,1690291800,85.85
2023-07-26,1690378200,85.83
2023-07-27,1690464600,84.94
2023-07-28,1690551000,86.38
2023-07-31,1690810200,86.87
2023-08-01,1690896600,85.885
2023-08-02,1690983000,84.345
2023-08-03,1691069400,84.545
2023-08-04,1691155800,85.775
2023-08-07,1691415000,86.655
2023-08-08,1691501400,85.965
2023-08-09,1691587800,84.945
2023-08-10,1691674200,85.15
2023-08-11,1691760600,84.86
2023-08-14,1692019800,85.12
2023-08-15,1692106200,83.96
2023-08-16,1692192600,82.92
2023-08-17,1692279000,81.515
2023-08-18,1692365400,81.33
2023-08-21,1692624600,82.265
2023-08-22,1692711000,82.385
2023-08-23,1692797400,83.045
2023-08-24,1692883800,81.42
2023-08-25,1692970200,82.33
2023-08-28,1693229400,82.66
2023-08-29,1693315800,84.725
2023-08-30,1693402200,85.09
2023-08-31,1693488600,85.355
2023-09-01,1693575000,84.835
2023-09-05,1693920600,84.895
2023-09-06,1694007000,84.14
2023-09-07,1694093400,84.375
2023-09-08,1694179800,84.375
2023-09-11,1694439000,86.645
2023-09-12,1694525400,85.86
2023-09-13,1694611800,86.54
2023-09-14,1694698200,87.39
2023-09-15,1694784600,85.895
2023-09-18,1695043800,84.81
2023-09-19,1695130200,84.385
2023-09-20,1695216600,83.545
2023-09-21,1695303000,81.265
2023-09-22,1695389400,80.465
2023-09-25,1695648600,80.96
2023-09-26,1695735000,79.485
2023-09-27,1695821400,79.18
2023-09-28,1695907800,80.065
2023-09-29,1695994200,80.49
2023-10-02,1696253400,80.555
2023-10-03,1696339800,78.595
2023-10-04,1696426200,80.145
2023-10-05,1696512600,79.745
2023-10-06,1696599000,80.305
2023-10-09,1696858200,80.39
2023-10-10,1696944600,81.27
2023-10-11,1697031000,81.56
2023-10-12,1697117400,80.67
2023-10-13,1697203800,79.485
2023-10-16,1697463000,80.77
2023-10-17,1697549400,80.96
2023-10-18,1697635800,79.06
2023-10-19,1697722200,77.04
2023-10-20,1697808600,75.845
2023-10-23,1698067800,75.935
2023-10-24,1698154200,76.745
2023-10-25,1698240600,75.195
2023-10-26,1698327000,74.02
2023-10-27,1698413400,74.795
2023-10-30,1698672600,75.48
2023-10-31,1698759000,76.05
2023-11-01,1698845400,76.99
2023-11-02,1698931800,79
2023-11-03,1699018200,80.11
2023-11-06,1699281000,80.21
2023-11-07,1699367400,81.105
2023-11-08,1699453800,80.89
2023-11-09,1699540200,79.38
2023-11-10,1699626600,80.7
2023-11-13,1699885800,81.045
2023-11-14,1699972200,83.775
2023-11-15,1700058600,83.875
2023-11-16,1700145000,83.015
2023-11-17,1700231400,83.57
2023-11-20,1700490600,84
2023-11-21,1700577000,83.785
2023-11-22,1700663400,84.04
2023-11-24,1700836200,84.12
2023-11-27,1701095400,84.255
2023-11-28,1701181800,84.74
2023-11-29,1701268200,84.51
2023-11-30,1701354600,84.39
2023-12-01,1701441000,85.545
2023-12-04,1701700200,85.22
2023-12-05,1701786600,85.37
2023-12-06,1701873000,85.495
2023-12-07,1701959400,86.2
2023-12-08,1702045800,86.595
2023-12-11,1702305000,86.825
2023-12-12,1702391400,87.095
2023-12-13,1702477800,88.235
2023-12-14,1702564200,89.42
2023-12-15,1702650600,89.605
2023-12-18,1702909800,90
2023-12-19,1702996200,90.705
2023-12-20,1703082600,89.05
2023-12-21,1703169000,90.405
2023-12-22,1703255400,89.74
2023-12-26,1703601000,90.12
2023-12-27,1703687400,90.43
2023-12-28,1703773800,89.96
2023-12-29,1703860200,89.405
2024-01-02,1704205800,88.575
2024-01-03,1704292200,86.785
2024-01-04,1704378600,86.175
2024-01-05,1704465000,86.31
2024-01-08,1704724200,87.78
2024-01-09,1704810600,87.455
2024-01-10,1704897000,88.155
2024-01-11,1704983400,88.04
2024-01-12,1705069800,86.98
2024-01-16,1705415400,86.88
2024-01-17,1705501800,86.12
2024-01-18,1705588200,86.61
2024-01-19,1705674600,87.445
2024-01-22,1705933800,87.06
2024-01-23,1706020200,86.85
2024-01-24,1706106600,86.52
2024-01-25,1706193000,85.45
2024-01-26,1706279400,85.84
2024-01-29,1706538600,87.095
2024-01-30,1706625000,87.045
2024-01-31,1706711400,85.46
2024-02-01,1706797800,87.105
2024-02-02,1706884200,88.66
2024-02-05,1707143400,87.41
2024-02-06,1707229800,87.94
2024-02-07,1707316200,88.925
2024-02-08,1707402600,89.315
2024-02-09,1707489000,89.95
2024-02-12,1707748200,89.875
2024-02-13,1707834600,88.085
2024-02-14,1707921000,89.015
2024-02-15,1708007400,90.045
2024-02-16,1708093800,89.51
2024-02-20,1708439400,88.665
2024-02-21,1708525800,89.32
2024-02-22,1708612200,91.055
2024-02-23,1708698600,90.645
2024-02-26,1708957800,90.925
2024-02-27,1709044200,91.225
2024-02-28,1709130600,91.585
2024-02-29,1709217000,92.205
2024-03-01,1709303400,92.51
2024-03-04,1709562600,91.26
2024-03-05,1709649000,90.125
2024-03-06,1709735400,89.805
2024-03-07,1709821800,90.49
2024-03-08,1709908200,90.155
2024-03-11,1710163800,89.91
2024-03-12,1710250200,90.685
2024-03-13,1710336600,90.495
2024-03-14,1710423000,89.92
2024-03-15,1710509400,89.025
2024-03-18,1710768600,89.51
2024-03-19,1710855000,90.285
2024-03-20,1710941400,91.63
2024-03-21,1711027800,92.165
2024-03-22,1711114200,91.36
2024-03-25,1711373400,91.06
2024-03-26,1711459800,91.175
2024-03-27,1711546200,92.23
2024-03-28,1711632600,91.945
2024-04-01,1711978200,91.26
2024-04-02,1712064600,89.915
2024-04-03,1712151000,89.98
2024-04-04,1712237400,88.925
2024-04-05,1712323800,89.42
2024-04-08,1712583000,90.27
2024-04-09,1712669400,90.695
2024-04-10,1712755800,89.295
2024-04-11,1712842200,90.015
2024-04-12,1712928600,88.555
2024-04-15,1713187800,87.08
2024-04-16,1713274200,86.585
2024-04-17,1713360600,86.165
2024-04-18,1713447000,85.63
2024-04-19,1713533400,84.88
2024-04-22,1713792600,85.255
2024-04-23,1713879000,86.27
2024-04-24,1713965400,87.095
2024-04-25,1714051800,87.17
2024-04-26,1714138200,87.955
2024-04-29,1714397400,90
2024-04-30,1714483800,87.81
2024-05-01,1714570200,87.26
2024-05-02,1714656600,88.36
2024-05-03,1714743000,88.955
2024-05-06,1715002200,89.905
2024-05-07,1715088600,89.26
2024-05-08,1715175000,88.925
2024-05-09,1715261400,89.53
2024-05-10,1715347800,89.05
2024-05-13,1715607000,88.935
2024-05-14,1715693400,89.34
2024-05-15,1715779800,89.475
2024-05-16,1715866200,88.895
2024-05-17,1715952600,89.35
2024-05-20,1716211800,88.685
2024-05-21,1716298200,89.255
2024-05-22,1716384600,88.325
2024-05-23,1716471000,86.895
2024-05-24,1716557400,87.77
2024-05-28,1716903000,87.555
2024-05-29,1716989400,86.98
2024-05-30,1717075800,87.495
2024-05-31,1717162200,87.985
2024-06-03,1717421400,87.945
2024-06-04,1717507800,88.035
2024-06-05,1717594200,88.55
2024-06-06,1717680600,89.195
2024-06-07,1717767000,88.83
2024-06-10,1718026200,89.115
2024-06-11,1718112600,88.88
2024-06-12,1718199000,89.805
2024-06-13,1718285400,89.875
2024-06-14,1718371800,89.165
2024-06-17,1718631000,90.73
2024-06-18,1718717400,90.425
2024-06-20,1718890200,90.54
2024-06-21,1718976600,91.305
2024-06-24,1719235800,90.72
2024-06-25,1719322200,90.355
2024-06-26,1719408600,91.665
2024-06-27,1719495000,92.225
2024-06-28,1719581400,91.2
2024-07-01,1719840600,91.51
2024-07-02,1719927000,93.29
2024-07-03,1720013400,93.885
2024-07-05,1720186200,94.65
2024-07-08,1720445400,94.695
2024-07-09,1720531800,95.01
2024-07-10,1720618200,95.725
2024-07-11,1720704600,94.51
2024-07-12,1720791000,95.745
2024-07-15,1721050200,95.635
2024-07-16,1721136600,97.35
2024-07-17,1721223000,95.725
2024-07-18,1721309400,94.75
2024-07-19,1721395800,93.905
2024-07-22,1721655000,94.94
2024-07-23,1721741400,94.515
2024-07-24,1721827800,90.65
2024-07-25,1721914200,90.295
2024-07-26,1722000600,91.305
2024-07-29,1722259800,92.83
2024-07-30,1722346200,92.315
2024-07-31,1722432600,93.745
2024-08-01,1722519000,91.445
2024-08-02,1722605400,88.08
2024-08-05,1722864600,85.59
2024-08-06,1722951000,86.535
2024-08-07,1723037400,85.025
2024-08-08,1723123800,86.88
2024-08-09,1723210200,87.17
2024-08-12,1723469400,86.825
2024-08-13,1723555800,89
2024-08-14,1723642200,88.525
2024-08-15,1723728600,91.35
2024-08-16,1723815000,91.565
2024-08-19,1724074200,92.69
2024-08-20,1724160600,92.605
2024-08-21,1724247000,93.775
2024-08-22,1724333400,92.155
2024-08-23,1724419800,93.935
2024-08-26,1724679000,93.205
2024-08-27,1724765400,92.96
2024-08-28,1724851800,92.06
2024-08-29,1724938200,92.17
2024-08-30,1725024600,93.56
2024-09-03,1725370200,92.275
2024-09-04,1725456600,92.515
2024-09-05,1725543000,93.565
2024-09-06,1725629400,91.2
2024-09-09,1725888600,92.53
2024-09-10,1725975000,93.59
2024-09-11,1726061400,94.525
2024-09-12,1726147800,95.59
2024-09-13,1726234200,96.24
2024-09-16,1726493400,96.075
2024-09-17,1726579800,96.565
2024-09-18,1726666200,96.375
2024-09-19,1726752600,98.57
2024-09-20,1726839000,98.345
2024-09-23,1727098200,99.335
2024-09-24,1727184600,100.205
2024-09-25,1727271000,99.845
2024-09-26,1727357400,100.27
2024-09-27,1727443800,100.42
2024-09-30,1727703000,100.185
2024-10-01,1727789400,99.78
2024-10-02,1727875800,98.935
2024-10-03,1727962200,97.79
2024-10-04,1728048600,99.085
2024-10-07,1728307800,97.545
2024-10-08,1728394200,98.495
2024-10-09,1728480600,99.2
2024-10-10,1728567000,98.71
2024-10-11,1728653400,98.29
2024-10-14,1728912600,98.72
2024-10-15,1728999000,98.935
2024-10-16,1729085400,99.455
2024-10-17,1729171800,99.365
2024-10-18,1729258200,99.755
2024-10-21,1729517400,98.98
2024-10-22,1729603800,98.58
2024-10-23,1729690200,97.03
2024-10-24,1729776600,100.09
2024-10-25,1729863000,100.405
2024-10-28,1730122200,100.64
2024-10-29,1730208600,100.115
2024-10-30,1730295000,99.975
2024-10-31,1730381400,98.445
2024-11-01,1730467800,100.045
2024-11-04,1730730600,99.7
2024-11-05,1730817000,101.465
2024-11-06,1730903400,104.71
2024-11-07,1730989800,106.055
2024-11-08,1731076200,107.56
2024-11-11,1731335400,109.73
2024-11-12,1731421800,108.265
2024-11-13,1731508200,109.19
2024-11-14,1731594600,107.64
2024-11-15,1731681000,106.72
2024-11-18,1731940200,107.705
2024-11-19,1732026600,107.785
2024-11-20,1732113000,107.31
2024-11-21,1732199400,107.5
2024-11-22,1732285800,109.05
2024-11-25,1732545000,110.165
2024-11-26,1732631400,110.565
2024-11-27,1732717800,110.02
2024-11-29,1732890600,111.15
2024-12-02,1733149800,112.12
2024-12-03,1733236200,112.035
2024-12-04,1733322600,113.075
2024-12-05,1733409000,114
2024-12-06,1733495400,116.4
2024-12-09,1733754600,116.03
2024-12-10,1733841000,116.22
2024-12-11,1733927400,118.26
2024-12-12,1734013800,117.28
2024-12-13,1734100200,117.745
2024-12-16,1734359400,119.34
2024-12-17,1734445800,119.715
2024-12-18,1734532200,114.32
2024-12-19,1734618600,114.165
2024-12-20,1734705000,114.455
2024-12-23,1734964200,114.585
2024-12-24,1735050600,117.235
2024-12-26,1735223400,116.8
2024-12-27,1735309800,114.87
2024-12-30,1735569000,113.025
2024-12-31,1735655400,112.175
2025-01-02,1735828200,110.7
2025-01-03,1735914600,112.94
2025-01-06,1736173800,113.385
2025-01-07,1736260200,111.19
2025-01-08,1736346600,111.505
2025-01-10,1736519400,110.41
2025-01-13,1736778600,111.035
2025-01-14,1736865000,110.82
2025-01-15,1736951400,113.64
2025-01-16,1737037800,113.025
2025-01-17,1737124200,114.61
2025-01-21,1737469800,115.45
2025-01-22,1737556200,115.015
2025-01-23,1737642600,115.71
2025-01-24,1737729000,115.005
2025-01-27,1737988200,115.66
2025-01-28,1738074600,115.8
2025-01-29,1738161000,115.47
2025-01-30,1738247400,116.6
2025-01-31,1738333800,116.085
2025-02-03,1738593000,114.55
2025-02-04,1738679400,115.9
2025-02-05,1738765800,114.585
2025-02-06,1738852200,115.04
2025-02-07,1738938600,112.79
2025-02-10,1739197800,113.175
2025-02-11,1739284200,111.89
2025-02-12,1739370600,111.87
2025-02-13,1739457000,113.55
2025-02-14,1739543400,113.5
2025-02-18,1739889000,113.185
2025-02-19,1739975400,113.12
2025-02-20,1740061800,112.145
2025-02-21,1740148200,109.195
2025-02-24,1740407400,108.785
2025-02-25,1740493800,108.215
2025-02-26,1740580200,107.77
2025-02-27,1740666600,106.215
2025-02-28,1740753000,107.98
2025-03-03,1741012200,105.99
2025-03-04,1741098600,104.12
2025-03-05,1741185000,105.705
2025-03-06,1741271400,103.025
2025-03-07,1741357800,102.835
2025-03-10,1741613400,99.165
2025-03-11,1741699800,98.195
2025-03-12,1741786200,98.765
2025-03-13,1741872600,96.3
2025-03-14,1741959000,98.35
2025-03-17,1742218200,98.505
2025-03-18,1742304600,96.75
2025-03-19,1742391000,98.605
2025-03-20,1742477400,98.37
2025-03-21,1742563800,98.725
2025-03-24,1742823000,102.145
2025-03-25,1742909400,102.96
2025-03-26,1742995800,101.615
2025-03-27,1743082200,101.68
2025-03-28,1743168600,98.52
2025-03-31,1743427800,98.73
2025-04-01,1743514200,99.76
2025-04-02,1743600600,101.655
2025-04-03,1743687000,95.515
2025-04-04,1743773400,91.395
2025-04-07,1744032600,90.315
2025-04-08,1744119000,88.17
2025-04-09,1744205400,97.77
2025-04-10,1744291800,93.95
2025-04-11,1744378200,94.86
2025-04-14,1744637400,95.135
2025-04-15,1744723800,94.45
2025-04-16,1744810200,92.12
2025-04-17,1744896600,92.7
2025-04-21,1745242200,90.225
2025-04-22,1745328600,93.08
2025-04-23,1745415000,95.16
2025-04-24,1745501400,97.055
2025-04-25,1745587800,98.8
2025-04-28,1745847000,98.835
2025-04-29,1745933400,99.535
2025-04-30,1746019800,98.63
2025-05-01,1746106200,99.175
2025-05-02,1746192600,100.715
2025-05-05,1746451800,99.645
2025-05-06,1746538200,98.775
2025-05-07,1746624600,99.545
2025-05-08,1746711000,100.72
2025-05-09,1746797400,101.205
2025-05-12,1747056600,106.235
2025-05-13,1747143000,107.64
2025-05-14,1747229400,108.055
2025-05-15,1747315800,107.815
2025-05-16,1747402200,108.835
2025-05-19,1747661400,108.58
2025-05-20,1747747800,108.015
2025-05-21,1747834200,105.825
2025-05-22,1747920600,106.28
2025-05-23,1748007000,105.325
2025-05-27,1748352600,108.435
2025-05-28,1748439000,107.44
2025-05-29,1748525400,107.485
2025-05-30,1748611800,106.9
2025-06-02,1748871000,107.15
2025-06-03,1748957400,107.72
2025-06-04,1749043800,107.435
2025-06-05,1749130200,104.725
2025-06-06,1749216600,106.085
2025-06-09,1749475800,106.935
2025-06-10,1749562200,108.215
2025-06-11,1749648600,107.36
2025-06-12,1749735000,106.855
2025-06-13,1749821400,105.87
2025-06-16,1750080600,107.01
2025-06-17,1750167000,105.165
2025-06-18,1750253400,105.215
2025-06-20,1750426200,105.34
2025-06-23,1750685400,107.2
2025-06-24,1750771800,107.795
2025-06-25,1750858200,106.525
2025-06-26,1750944600,107.505
2025-06-27,1751031000,109.295
2025-06-30,1751290200,108.665
2025-07-01,1751376600,109.13
2025-07-02,1751463000,110.005
2025-07-03,1751549400,110.605
2025-07-07,1751895000,109.2
2025-07-08,1751981400,108.83
2025-07-09,1752067800,109.475
2025-07-10,1752154200,110.685
2025-07-11,1752240600,110.715
2025-07-14,1752499800,111.125
2025-07-15,1752586200,109.535
2025-07-16,1752672600,109.735
2025-07-17,1752759000,110.11
2025-07-18,1752845400,111.085
2025-07-21,1753104600,111.61
2025-07-22,1753191000,112.74
2025-07-23,1753277400,113.275
2025-07-24,1753363800,111.4
2025-07-25,1753450200,112.435
2025-07-28,1753709400,113.09
2025-07-29,1753795800,112.31
2025-07-30,1753882200,111.6
2025-07-31,1753968600,110.715
2025-08-01,1754055000,108.045
2025-08-04,1754314200,109.315
2025-08-05,1754400600,109.455
2025-08-06,1754487000,111.73
2025-08-07,1754573400,111.695
2025-08-08,1754659800,111.89
2025-08-11,1754919000,112.18
2025-08-12,1755005400,113.37
2025-08-13,1755091800,114.925
2025-08-14,1755178200,114.795
2025-08-15,1755264600,114.52
2025-08-18,1755523800,114.98
2025-08-19,1755610200,114.925
2025-08-20,1755696600,113.79
2025-08-21,1755783000,113.115
2025-08-22,1755869400,116.55
2025-08-25,1756128600,116.315
2025-08-26,1756215000,116.85
2025-08-27,1756301400,116.875
2025-08-28,1756387800,117.075
2025-08-29,1756474200,115.87
2025-09-02,1756819800,115.005
2025-09-03,1756906200,115.47
2025-09-04,1756992600,117.58
2025-09-05,1757079000,117.555
2025-09-08,1757338200,118.01
2025-09-09,1757424600,117.845
2025-09-10,1757511000,116.435
2025-09-11,1757597400,118.7
2025-09-12,1757683800,119.315
2025-09-15,1757943000,120.35
2025-09-16,1758029400,121.09
2025-09-17,1758115800,120.785
2025-09-18,1758202200,120.24
2025-09-19,1758288600,120.695
2025-09-22,1758547800,120.09
2025-09-23,1758634200,118.96
2025-09-24,1758720600,119.8
2025-09-25,1758807000,118.11
2025-09-26,1758893400,119.855
2025-09-29,1759152600,120.38
2025-09-30,1759239000,119.82
2025-10-01,1759325400,120.57
2025-10-02,1759411800,119.7
2025-10-03,1759498200,118.93
2025-10-06,1759757400,119.95
2025-10-07,1759843800,117.85
2025-10-08,1759930200,118.2
2025-10-09,1760016600,117.61
2025-10-10,1760103000,114.375
2025-10-13,1760362200,116.93
2025-10-14,1760448600,117.175
2025-10-15,1760535000,117.345
2025-10-16,1760621400,116.21
2025-10-17,1760707800,117.21
2025-10-20,1760967000,118.14
2025-10-21,1761053400,119.585
2025-10-22,1761139800,118.65
2025-10-23,1761226200,119.185
2025-10-24,1761312600,118.83
2025-10-27,1761571800,120.54
2025-10-28,1761658200,120.57
2025-10-29,1761744600,119.575
2025-10-30,1761831000,116.875
2025-10-31,1761917400,119.965
2025-11-03,1762180200,121.09
2025-11-04,1762266600,119.08
2025-11-05,1762353000,120.53
2025-11-06,1762439400,117.745
2025-11-07,1762525800,117.93
2025-11-10,1762785000,119.48
2025-11-11,1762871400,119.775
2025-11-12,1762957800,118.97
2025-11-13,1763044200,116
2025-11-14,1763130600,115.445
2025-11-17,1763389800,114.36
2025-11-18,1763476200,112.25
2025-11-19,1763562600,112.255
2025-11-20,1763649000,110.58
2025-11-21,1763735400,112.75
2025-11-24,1763994600,114.255
2025-11-25,1764081000,116.7
2025-11-26,1764167400,117.5
2025-11-28,1764340200,118.23
2025-12-01,1764599400,118.3
2025-12-02,1764685800,118.22
2025-12-03,1764772200,119.495
2025-12-04,1764858600,119.07
2025-12-05,1764945000,119.73
2025-12-08,1765204200,117.99
2025-12-09,1765290600,117.98
2025-12-10,1765377000,119.71
2025-12-11,1765463400,120.18
2025-12-12,1765549800,120.7
2025-12-15,1765809000,121.73
2025-12-16,1765895400,121.93
2025-12-17,1765981800,120.52
2025-12-18,1766068200,122.34
2025-12-19,1766154600,121.85
2025-12-22,1766413800,122.34
2025-12-23,1766500200,122.17
2025-12-24,1766586600,122.59
2025-12-26,1766759400,122.05
2025-12-29,1767018600,120.85
2025-12-30,1767105000,120.36
2025-12-31,1767191400,119.41
2026-01-02,1767364200,118.35
2026-01-05,1767623400,120.3
2026-01-06,1767709800,121.07
2026-01-07,1767796200,120.9
2026-01-08,1767882600,122.92
2026-01-09,1767969000,124.41
2026-01-12,1768228200,124.52
2026-01-13,1768314600,124.21
2026-01-14,1768401000,122.25
2026-01-15,1768487400,122.7
2026-01-16,1768573800,122.3
2026-01-20,1768919400,119.12
2026-01-21,1769005800,121.4
2026-01-22,1769092200,122.62
2026-01-23,1769178600,123.13
2026-01-26,1769437800,122.32
2026-01-27,1769524200,122.69
2026-01-28,1769610600,121.77
2026-01-29,1769697000,121.19
2026-01-30,1769783400,121.17
2026-02-02,1770042600,121.97
2026-02-03,1770129000,120.99
2026-02-04,1770215400,120.1
2026-02-05,1770301800,117.51
2026-02-06,1770388200,117.99
2026-02-09,1770647400,117.55
2026-02-10,1770733800,118.33
2026-02-11,1770820200,117.76
2026-02-12,1770906600,116.13
2026-02-13,1770993000,116.18
2026-02-17,1771338600,116.04
2026-02-18,1771425000,117.02
2026-02-19,1771511400,116.24
2026-02-20,1771597800,117.45
2026-02-23,1771857000,114.99
2026-02-24,1771943400,116.74
2026-02-25,1772029800,117.09
2026-02-26,1772116200,117.05
2026-02-27,1772202600,116.86
2026-03-02,1772461800,115.42
2026-03-03,1772548200,114.36
2026-03-04,1772634600,116.39
2026-03-05,1772721000,116.55
2026-03-06,1772807400,114.44
2026-03-09,1773063000,114.59
2026-03-10,1773149400,114.44
2026-03-11,1773235800,114.14
2026-03-12,1773322200,111.52
2026-03-13,1773408600,110.86
2026-03-16,1773667800,112.2
2026-03-17,1773754200,113.18
2026-03-18,1773840600,110.57
2026-03-19,1773927000,109.7
2026-03-20,1774013400,107.74
2026-03-23,1774272600,110.12
2026-03-24,1774359000,109.68
2026-03-25,1774445400,110.73
2026-03-26,1774531800,108.83
2026-03-27,1774618200,105.68
2026-03-30,1774877400,105.66
2026-03-31,1774963800,108.98
2026-04-01,1775050200,109.8
2026-04-02,1775136600,108.15
2026-04-06,1775482200,109.04
2026-04-07,1775568600,107.77
2026-04-08,1775655000,110.82
2026-04-09,1775741400,112.74
2026-04-10,1775827800,112.89
2026-04-13,1776087000,113.92
2026-04-14,1776173400,116.44
2026-04-15,1776259800,118.18
2026-04-16,1776346200,117.63
2026-04-17,1776432600,120.41
2026-04-20,1776691800,119.87
2026-04-21,1776778200,118.97
2026-04-22,1776864600,118.93
2026-04-23,1776951000,117.74
2026-04-24,1777037400,118.69
2026-04-27,1777296600,117.84
2026-04-28,1777383000,117.01
2026-04-29,1777469400,116.84
2026-04-30,1777555800,118.35
2026-05-01,1777642200,118.63
2026-05-04,1777901400,117.72
2026-05-05,1777987800,118.07
2026-05-06,1778074200,119.87
2026-05-07,1778160600,119.88
2026-05-08,1778247000,120.2
2026-05-11,1778506200,119.37
2026-05-12,1778592600,118.29
2026-05-13,1778679000,118.72
2026-05-14,1778765400,118.67
2026-05-15,1778851800,116.53
2026-05-18,1779111000,116.32
2026-05-19,1779197400,115.03
2026-05-20,1779283800,117.94
2026-05-21,1779370200,118.7
2026-05-22,1779456600,119.18
2026-05-26,1779802200,119.45
2026-05-27,1779888600,121.55
2026-05-28,1779975000,122.06
2026-05-29,1780061400,120.87
2026-06-01,1780320600,118.19
2026-06-02,1780407000,117.59
2026-06-03,1780493400,116.73
2026-06-04,1780579800,117.26
2026-06-05,1780666200,114.86
2026-06-08,1780925400,115.39
2026-06-09,1781011800,115.87
2026-06-10,1781098200,113.49
2026-06-11,1781184600,116.3
2026-06-12,1781271000,116.6
2026-06-15,1781530200,118.57
2026-06-16,1781616600,118.46
2026-06-17,1781703000,115.49
2026-06-18,1781789400,117.16
2026-06-22,1782135000,114.94
2026-06-23,1782221400,113.76
2026-06-24,1782307800,115.07
2026-06-25,1782394200,113.35
2026-06-26,1782480600,114.37
2026-06-29,1782739800,117.12
2026-06-30,1782826200,117.28
2026-07-01,1782912600,118.09
2026-07-02,1782999000,117.12
2026-07-06,1783344600,118.01
2026-07-07,1783431000,117.39
2026-07-08,1783517400,115.3
2026-07-09,1783603800,116.85
2026-07-10,1783690200,117.24
2026-07-13,1783949400,116.04
2026-07-14,1784035800,115.9
2026-07-15,1784122200,117
2026-07-16,1784208600,117.34
2026-07-17,1784295000,115.44
2026-07-20,1784554200,114.61
2026-07-21,1784640600,114.87
2026-07-22,1784727000,114.02
2026-07-23,1784813400,108.76
2026-07-24,1784899800,109.41
2026-07-27,1785159000,110.84
2026-07-28,1785245400,112.48
2026-07-29,1785331800,111.61
2026-07-30,1785418200,112.39
2026-07-31,1785504600,116.09
2026-08-03,1785763800,118.21
2026-08-04,1785850200,118.29
2026-08-05,1785936600,118.64
2026-08-06,1786023000,118.1
2026-08-07,1786109400,119.86
2026-08-10,1786368600,119.67
2026-08-11,1786455000,119.24
2026-08-12,1786541400,117.89
2026-08-13,1786627800,118.45
2026-08-14,1786714200,118.2
2026-08-17,1786973400,116.75
2026-08-18,1787059800,116.36
2026-08-19,1787146200,118.59
2026-08-20,1787232600,116.68
2026-08-21,1787319000,118.02
2026-08-24,1787578200,118.3
2026-08-25,1787664600,117.95
2026-08-26,1787751000,117.16
2026-08-27,1787837400,115.88
2026-08-28,1787923800,117.21
2026-08-31,1788183000,116.59
2026-09-01,1788269400,114.59
2026-09-02,1788355800,114.86
2026-09-03,1788442200,116.46
2026-09-04,1788528600,114.91
2026-09-08,1788874200,113.99
2026-09-09,1788960600,112.46
2026-09-10,1789047000,111.96
2026-09-11,1789133400,112.96
2026-09-14,1789392600,112.85
2026-09-15,1789479000,110.88
2026-09-16,1789565400,110.18
2026-09-17,1789651800,111.39
2026-09-18,1789738200,111.03
2026-09-21,1789997400,112.23
2026-09-22,1790083800,112.33
2026-09-23,1790170200,110.65
2026-09-24,1790256600,110.32
2026-09-25,1790343000,110.56
2026-09-28,1790602200,109
2026-09-29,1790688600,109.15
2026-09-30,1790775000,108.84
2026-10-01,1790861400,108.81
2026-10-02,1790947800,110.04
