date,timestamp_utc,close
2006-11-15,1163601000,78.7
2006-11-16,1163687400,78.64
2006-11-17,1163773800,78.59
2006-11-20,1164033000,78.7
2006-11-21,1164119400,78.83
2006-11-22,1164205800,78.92
2006-11-24,1164378600,78.56
2006-11-27,1164637800,76.8
2006-11-28,1164724200,77.06
2006-11-29,1164810600,78.06
2006-11-30,1164897000,78.07001
2006-12-01,1164983400,77.78
2006-12-04,1165242600,79.32001
2006-12-05,1165329000,79.38
2006-12-06,1165415400,79.11
2006-12-07,1165501800,78.77
2006-12-08,1165588200,78.78
2006-12-11,1165847400,78.98
2006-12-12,1165933800,78.55
2006-12-13,1166020200,78.64999
2006-12-14,1166106600,78.97
2006-12-15,1166193000,78.89999
2006-12-18,1166452200,77.91
2006-12-19,1166538600,77.86
2006-12-20,1166625000,77.98
2006-12-21,1166711400,77.62
2006-12-22,1166797800,77.11
2006-12-26,1167143400,78.21001
2006-12-27,1167229800,79.14
2006-12-28,1167316200,78.78
2006-12-29,1167402600,78.03
2007-01-03,1167834600,78.16
2007-01-04,1167921000,78.37
2007-01-05,1168007400,76.73
2007-01-08,1168266600,76.42999
2007-01-09,1168353000,77.14999
2007-01-10,1168439400,77.75
2007-01-11,1168525800,78.23
2007-01-12,1168612200,78.98
2007-01-16,1168957800,78.45
2007-01-17,1169044200,78.11
2007-01-18,1169130600,77.46001
2007-01-19,1169217000,77.75999
2007-01-22,1169476200,77.19
2007-01-23,1169562600,77.92
2007-01-24,1169649000,78.77
2007-01-25,1169735400,77.78
2007-01-26,1169821800,78.07001
2007-01-29,1170081000,78.75
2007-01-30,1170167400,79.17999
2007-01-31,1170253800,79.35001
2007-02-01,1170340200,80.2
2007-02-02,1170426600,80.25
2007-02-05,1170685800,80.24001
2007-02-06,1170772200,80.44
2007-02-07,1170858600,81.17999
2007-02-08,1170945000,81.05
2007-02-09,1171031400,80.22
2007-02-12,1171290600,80.02
2007-02-13,1171377000,80.67999
2007-02-14,1171463400,80.75
2007-02-15,1171549800,80.77
2007-02-16,1171636200,81.17
2007-02-20,1171981800,81.89999
2007-02-21,1172068200,82.10001
2007-02-22,1172154600,82.39
2007-02-23,1172241000,81.95
2007-02-26,1172500200,81.75
2007-02-27,1172586600,78.05
2007-02-28,1172673000,78.83
2007-03-01,1172759400,78.42999
2007-03-02,1172845800,76.8
2007-03-05,1173105000,75.17
2007-03-06,1173191400,77.07001
2007-03-07,1173277800,76.97
2007-03-08,1173364200,78.00999
2007-03-09,1173450600,78.25999
2007-03-12,1173706200,78.39999
2007-03-13,1173792600,76.39
2007-03-14,1173879000,77.2
2007-03-15,1173965400,77.75
2007-03-16,1174051800,77.37
2007-03-19,1174311000,78.25
2007-03-20,1174397400,78.84
2007-03-21,1174483800,80.34
2007-03-22,1174570200,80.27
2007-03-23,1174656600,80.24001
2007-03-26,1174915800,80.07001
2007-03-27,1175002200,79.63
2007-03-28,1175088600,79.22
2007-03-29,1175175000,79.17999
2007-03-30,1175261400,79.50999
2007-04-02,1175520600,79.75
2007-04-03,1175607000,80.53
2007-04-04,1175693400,80.49001
2007-04-05,1175779800,80.44
2007-04-09,1176125400,80.57001
2007-04-10,1176211800,80.8
2007-04-11,1176298200,80.3
2007-04-12,1176384600,80.84
2007-04-13,1176471000,81.39999
2007-04-16,1176730200,82.45
2007-04-17,1176816600,82.25999
2007-04-18,1176903000,81.78
2007-04-19,1176989400,81.36
2007-04-20,1177075800,82.31
2007-04-23,1177335000,82.21001
2007-04-24,1177421400,82.28999
2007-04-25,1177507800,82.53
2007-04-26,1177594200,83.17
2007-04-27,1177680600,82.48
2007-04-30,1177939800,80.74001
2007-05-01,1178026200,81.07001
2007-05-02,1178112600,82.14999
2007-05-03,1178199000,82.28999
2007-05-04,1178285400,82.87
2007-05-07,1178544600,82.59
2007-05-08,1178631000,82.28999
2007-05-09,1178717400,82.62
2007-05-10,1178803800,81.53999
2007-05-11,1178890200,82.3
2007-05-14,1179149400,81.7
2007-05-15,1179235800,80.98
2007-05-16,1179322200,81.42999
2007-05-17,1179408600,80.78
2007-05-18,1179495000,81.73
2007-05-21,1179754200,82.75999
2007-05-22,1179840600,83.33
2007-05-23,1179927000,83
2007-05-24,1180013400,82
2007-05-25,1180099800,82.5
2007-05-29,1180445400,83.33
2007-05-30,1180531800,83.8
2007-05-31,1180618200,84.2
2007-06-01,1180704600,84.7
2007-06-04,1180963800,84.78999
2007-06-05,1181050200,84.45
2007-06-06,1181136600,83.50999
2007-06-07,1181223000,81.84
2007-06-08,1181309400,82.85001
2007-06-11,1181568600,82.87
2007-06-12,1181655000,81.50999
2007-06-13,1181741400,82.59
2007-06-14,1181827800,83.34
2007-06-15,1181914200,84.33
2007-06-18,1182173400,84.17
2007-06-19,1182259800,84.39
2007-06-20,1182346200,82.92999
2007-06-21,1182432600,83.49001
2007-06-22,1182519000,82.92
2007-06-25,1182778200,82.49001
2007-06-26,1182864600,81.74001
2007-06-27,1182951000,83.55
2007-06-28,1183037400,83.42
2007-06-29,1183123800,82.96001
2007-07-02,1183383000,83.99001
2007-07-03,1183469400,84.36
2007-07-05,1183642200,84.47
2007-07-06,1183728600,84.8
2007-07-09,1183987800,85.74001
2007-07-10,1184074200,83.21001
2007-07-11,1184160600,83.83
2007-07-12,1184247000,84.82001
2007-07-13,1184333400,84.94
2007-07-16,1184592600,84.48
2007-07-17,1184679000,84.57001
2007-07-18,1184765400,84.24001
2007-07-19,1184851800,84.58
2007-07-20,1184938200,83.2
2007-07-23,1185197400,82.98
2007-07-24,1185283800,81
2007-07-25,1185370200,80.7
2007-07-26,1185456600,78.46001
2007-07-27,1185543000,76.63
2007-07-30,1185802200,77.96001
2007-07-31,1185888600,77.10001
2007-08-01,1185975000,77.52
2007-08-02,1186061400,78.13
2007-08-03,1186147800,75.38
2007-08-06,1186407000,76.03
2007-08-07,1186493400,77.2
2007-08-08,1186579800,79.55
2007-08-09,1186666200,77.69
2007-08-10,1186752600,78.06
2007-08-13,1187011800,77.67
2007-08-14,1187098200,76.31
2007-08-15,1187184600,75.2
2007-08-16,1187271000,76.75
2007-08-17,1187357400,78.41
2007-08-20,1187616600,78.47
2007-08-21,1187703000,78.69
2007-08-22,1187789400,79.63
2007-08-23,1187875800,78.61
2007-08-24,1187962200,79.63
2007-08-27,1188221400,78.61
2007-08-28,1188307800,76.55
2007-08-29,1188394200,78.56
2007-08-30,1188480600,78.03
2007-08-31,1188567000,78.74001
2007-09-04,1188912600,79.75
2007-09-05,1188999000,79.00999
2007-09-06,1189085400,79.03
2007-09-07,1189171800,77.66
2007-09-10,1189431000,76.77
2007-09-11,1189517400,77.99001
2007-09-12,1189603800,77.56
2007-09-13,1189690200,77.7
2007-09-14,1189776600,78.09
2007-09-17,1190035800,77.25999
2007-09-18,1190122200,80.52
2007-09-19,1190208600,81.61
2007-09-20,1190295000,80.78999
2007-09-21,1190381400,80.96001
2007-09-24,1190640600,80.34
2007-09-25,1190727000,79.92
2007-09-26,1190813400,80.55
2007-09-27,1190899800,81
2007-09-28,1190986200,80.06
2007-10-01,1191245400,82.03
2007-10-02,1191331800,82.56
2007-10-03,1191418200,82.32001
2007-10-04,1191504600,82.50999
2007-10-05,1191591000,84.13
2007-10-08,1191850200,83.5
2007-10-09,1191936600,84.17999
2007-10-10,1192023000,84.11
2007-10-11,1192109400,83.16
2007-10-12,1192195800,83.82001
2007-10-15,1192455000,83.05
2007-10-16,1192541400,81.94
2007-10-17,1192627800,82.24001
2007-10-18,1192714200,82.12
2007-10-19,1192800600,79.09
2007-10-22,1193059800,80.75999
2007-10-23,1193146200,81.3
2007-10-24,1193232600,80.855
2007-10-25,1193319000,80.66
2007-10-26,1193405400,82.00999
2007-10-29,1193664600,82.03999
2007-10-30,1193751000,81.27
2007-10-31,1193837400,82.32001
2007-11-01,1193923800,79.14
2007-11-02,1194010200,79.53
2007-11-05,1194273000,78.48
2007-11-06,1194359400,79.96001
2007-11-07,1194445800,77.48
2007-11-08,1194532200,77.71001
2007-11-09,1194618600,76.85001
2007-11-12,1194877800,76.11
2007-11-13,1194964200,78.465
2007-11-14,1195050600,78.16
2007-11-15,1195137000,76.87
2007-11-16,1195223400,76.17
2007-11-19,1195482600,74.64
2007-11-20,1195569000,75.00999
2007-11-21,1195655400,73.5
2007-11-23,1195828200,75.06
2007-11-26,1196087400,73.02
2007-11-27,1196173800,73.95
2007-11-28,1196260200,76.75
2007-11-29,1196346600,76.21001
2007-11-30,1196433000,76.58
2007-12-03,1196692200,75.75
2007-12-04,1196778600,75
2007-12-05,1196865000,76.44
2007-12-06,1196951400,78.25
2007-12-07,1197037800,78.36
2007-12-10,1197297000,79.11
2007-12-11,1197383400,76.33
2007-12-12,1197469800,76.91
2007-12-13,1197556200,76.49001
2007-12-14,1197642600,75
2007-12-17,1197901800,73.85001
2007-12-18,1197988200,75.17
2007-12-19,1198074600,75.63
2007-12-20,1198161000,76.84
2007-12-21,1198247400,78.60001
2007-12-24,1198506600,79.17
2007-12-26,1198679400,79.53999
2007-12-27,1198765800,77.39
2007-12-28,1198852200,76.56
2007-12-31,1199111400,75.92
2008-01-02,1199284200,75.16
2008-01-03,1199370600,74.33
2008-01-04,1199457000,72.09
2008-01-07,1199716200,72.25
2008-01-08,1199802600,70.02
2008-01-09,1199889000,70.73
2008-01-10,1199975400,71.7
2008-01-11,1200061800,70.22
2008-01-14,1200321000,70.8
2008-01-15,1200407400,69.53999
2008-01-16,1200493800,69.57001
2008-01-17,1200580200,67.88
2008-01-18,1200666600,67.22
2008-01-22,1201012200,66.74001
2008-01-23,1201098600,69.02
2008-01-24,1201185000,68.97
2008-01-25,1201271400,68.47
2008-01-28,1201530600,69.92
2008-01-29,1201617000,70.10001
2008-01-30,1201703400,69.22
2008-01-31,1201789800,70.94
2008-02-01,1201876200,72.63
2008-02-04,1202135400,71.78999
2008-02-05,1202221800,69.95
2008-02-06,1202308200,68.96001
2008-02-07,1202394600,70.11
2008-02-08,1202481000,69.67
2008-02-11,1202740200,69.58
2008-02-12,1202826600,70.41
2008-02-13,1202913000,71.85001
2008-02-14,1202999400,70.17999
2008-02-15,1203085800,69.87
2008-02-19,1203431400,70.73
2008-02-20,1203517800,70.77
2008-02-21,1203604200,69.39
2008-02-22,1203690600,69.37
2008-02-25,1203949800,70.77
2008-02-26,1204036200,71.42999
2008-02-27,1204122600,71.39999
2008-02-28,1204209000,70.32001
2008-02-29,1204295400,68.86
2008-03-03,1204554600,68.2
2008-03-04,1204641000,67.8
2008-03-05,1204727400,68.45
2008-03-06,1204813800,66.17
2008-03-07,1204900200,65.96001
2008-03-10,1205155800,64.5
2008-03-11,1205242200,67.3
2008-03-12,1205328600,66.52
2008-03-13,1205415000,67.88
2008-03-14,1205501400,66.14
2008-03-17,1205760600,65.06
2008-03-18,1205847000,68.05
2008-03-19,1205933400,66.35001
2008-03-20,1206019800,67.48
2008-03-24,1206365400,69.99001
2008-03-25,1206451800,70.22
2008-03-26,1206538200,69.64
2008-03-27,1206624600,69.09
2008-03-28,1206711000,68.19
2008-03-31,1206970200,68.28999
2008-04-01,1207056600,70.78999
2008-04-02,1207143000,70.96001
2008-04-03,1207229400,71.14999
2008-04-04,1207315800,71.16
2008-04-07,1207575000,70.96001
2008-04-08,1207661400,71.02
2008-04-09,1207747800,69.81
2008-04-10,1207834200,70.47
2008-04-11,1207920600,68.74001
2008-04-14,1208179800,68.53
2008-04-15,1208266200,69.00999
2008-04-16,1208352600,71.2
2008-04-17,1208439000,70.92
2008-04-18,1208525400,71.67
2008-04-21,1208784600,71.67999
2008-04-22,1208871000,70.5
2008-04-23,1208957400,70.55
2008-04-24,1209043800,71.23
2008-04-25,1209130200,71.89999
2008-04-28,1209389400,72.38
2008-04-29,1209475800,71.74001
2008-04-30,1209562200,71.39999
2008-05-01,1209648600,72.75
2008-05-02,1209735000,72.52
2008-05-05,1209994200,72.27
2008-05-06,1210080600,72.86
2008-05-07,1210167000,71.56
2008-05-08,1210253400,71.71001
2008-05-09,1210339800,71.5
2008-05-12,1210599000,73.07001
2008-05-13,1210685400,73.49001
2008-05-14,1210771800,73.39999
2008-05-15,1210858200,73.55
2008-05-16,1210944600,73.9501
2008-05-19,1211203800,73.97
2008-05-20,1211290200,73.7
2008-05-21,1211376600,72.64999
2008-05-22,1211463000,73.17
2008-05-23,1211549400,72.21001
2008-05-27,1211895000,73.32001
2008-05-28,1211981400,73.66
2008-05-29,1212067800,74.41
2008-05-30,1212154200,74.67
2008-06-02,1212413400,73.99001
2008-06-03,1212499800,73.84
2008-06-04,1212586200,74.3
2008-06-05,1212672600,76.2
2008-06-06,1212759000,73.92
2008-06-09,1213018200,73.67999
2008-06-10,1213104600,73.14
2008-06-11,1213191000,71.87
2008-06-12,1213277400,72.02
2008-06-13,1213363800,73.32001
2008-06-16,1213623000,73.78
2008-06-17,1213709400,73.72
2008-06-18,1213795800,73.13
2008-06-19,1213882200,73.74001
2008-06-20,1213968600,72.57001
2008-06-23,1214227800,71.89
2008-06-24,1214314200,70.7
2008-06-25,1214400600,71.5
2008-06-26,1214487000,69.66
2008-06-27,1214573400,69.7
2008-06-30,1214832600,69.05
2008-07-01,1214919000,69.10001
2008-07-02,1215005400,66.91
2008-07-03,1215091800,66.32001
2008-07-07,1215437400,65.69
2008-07-08,1215523800,68.07001
2008-07-09,1215610200,66.25
2008-07-10,1215696600,66.89999
2008-07-11,1215783000,67.27
2008-07-14,1216042200,66.16
2008-07-15,1216128600,65.88
2008-07-16,1216215000,68.3
2008-07-17,1216301400,68.39999
2008-07-18,1216387800,68.88
2008-07-21,1216647000,69.72
2008-07-22,1216733400,71.47
2008-07-23,1216819800,71.92999
2008-07-24,1216906200,70.11
2008-07-25,1216992600,70.67999
2008-07-28,1217251800,69.48
2008-07-29,1217338200,71.17999
2008-07-30,1217424600,71.61
2008-07-31,1217511000,71.32001
2008-08-01,1217597400,71.41
2008-08-04,1217856600,70.75
2008-08-05,1217943000,71.96001
2008-08-06,1218029400,72.32001
2008-08-07,1218115800,71.24001
2008-08-08,1218202200,73.12
2008-08-11,1218461400,74.87
2008-08-12,1218547800,74.31
2008-08-13,1218634200,74.58
2008-08-14,1218720600,75.3
2008-08-15,1218807000,75.10001
2008-08-18,1219066200,74.13
2008-08-19,1219152600,72.89999
2008-08-20,1219239000,73
2008-08-21,1219325400,72.16
2008-08-22,1219411800,73.67999
2008-08-25,1219671000,72.06
2008-08-26,1219757400,72.17
2008-08-27,1219843800,73.03
2008-08-28,1219930200,74.50999
2008-08-29,1220016600,73.87
2008-09-02,1220362200,73.85001
2008-09-03,1220448600,74.14999
2008-09-04,1220535000,71.82001
2008-09-05,1220621400,71.64
2008-09-08,1220880600,72.48
2008-09-09,1220967000,70.81
2008-09-10,1221053400,71.47
2008-09-11,1221139800,71.92
2008-09-12,1221226200,72.25
2008-09-15,1221485400,69.00999
2008-09-16,1221571800,71
2008-09-17,1221658200,67.8
2008-09-18,1221744600,71.8
2008-09-19,1221831000,75
2008-09-22,1222090200,71.95
2008-09-23,1222176600,70.99001
2008-09-24,1222263000,69.94
2008-09-25,1222349400,70.3
2008-09-26,1222435800,70.63
2008-09-29,1222695000,65.05
2008-09-30,1222781400,68
2008-10-01,1222867800,67.02
2008-10-02,1222954200,63.58
2008-10-03,1223040600,62.7
2008-10-06,1223299800,59.72
2008-10-07,1223386200,55.8
2008-10-08,1223472600,54.46001
2008-10-09,1223559000,49.99001
2008-10-10,1223645400,52.45
2008-10-13,1223904600,56.98
2008-10-14,1223991000,55.38
2008-10-15,1224077400,50.41
2008-10-16,1224163800,53.71001
2008-10-17,1224250200,52.2
2008-10-20,1224509400,54.69
2008-10-21,1224595800,53.17999
2008-10-22,1224682200,50.49001
2008-10-23,1224768600,48.99001
2008-10-24,1224855000,47.17
2008-10-27,1225114200,44.86
2008-10-28,1225200600,48.45
2008-10-29,1225287000,48.7
2008-10-30,1225373400,51.42999
2008-10-31,1225459800,53.75
2008-11-03,1225722600,53.82001
2008-11-04,1225809000,54.44
2008-11-05,1225895400,51.59
2008-11-06,1225981800,49.59
2008-11-07,1226068200,50.62
2008-11-10,1226327400,49.45
2008-11-11,1226413800,48.38
2008-11-12,1226500200,45.56
2008-11-13,1226586600,49.31
2008-11-14,1226673000,45.64
2008-11-17,1226932200,45.25
2008-11-18,1227018600,45.03
2008-11-19,1227105000,41.36
2008-11-20,1227191400,38.53
2008-11-21,1227277800,40.64
2008-11-24,1227537000,43.5
2008-11-25,1227623400,44.22
2008-11-26,1227709800,46.87
2008-11-28,1227882600,47.34
2008-12-01,1228141800,42.02
2008-12-02,1228228200,44.23
2008-12-03,1228314600,45.57001
2008-12-04,1228401000,44.06
2008-12-05,1228487400,46.10001
2008-12-08,1228746600,48.14
2008-12-09,1228833000,46.649
2008-12-10,1228919400,47.75
2008-12-11,1229005800,45.33
2008-12-12,1229092200,46.89
2008-12-15,1229351400,45.38
2008-12-16,1229437800,48.33
2008-12-17,1229524200,48.77
2008-12-18,1229610600,48.46001
2008-12-19,1229697000,48.7
2008-12-22,1229956200,47.75999
2008-12-23,1230042600,46.71001
2008-12-24,1230129000,46.88
2008-12-26,1230301800,47.55
2008-12-29,1230561000,46.82001
2008-12-30,1230647400,48.12
2008-12-31,1230733800,49.24001
2009-01-02,1230906600,50.22
2009-01-05,1231165800,50.39999
2009-01-06,1231252200,51.25
2009-01-07,1231338600,49.74001
2009-01-08,1231425000,49.98
2009-01-09,1231511400,48.13
2009-01-12,1231770600,46.7
2009-01-13,1231857000,47.32001
2009-01-14,1231943400,45.24001
2009-01-15,1232029800,45.97
2009-01-16,1232116200,46.48
2009-01-20,1232461800,43.33
2009-01-21,1232548200,45.49001
2009-01-22,1232634600,44.17
2009-01-23,1232721000,44.39
2009-01-26,1232980200,44.89
2009-01-27,1233066600,45.38
2009-01-28,1233153000,47.25
2009-01-29,1233239400,45.39999
2009-01-30,1233325800,44.48
2009-02-02,1233585000,44.84
2009-02-03,1233671400,45.16
2009-02-04,1233757800,44.83
2009-02-05,1233844200,45.35001
2009-02-06,1233930600,46.96001
2009-02-09,1234189800,46.75
2009-02-10,1234276200,44.59
2009-02-11,1234362600,44.75999
2009-02-12,1234449000,45.14
2009-02-13,1234535400,44.67
2009-02-17,1234881000,42.89999
2009-02-18,1234967400,42.28999
2009-02-19,1235053800,41.7
2009-02-20,1235140200,41.14
2009-02-23,1235399400,39.56
2009-02-24,1235485800,41.02
2009-02-25,1235572200,40.17
2009-02-26,1235658600,39.42
2009-02-27,1235745000,39.14999
2009-03-02,1236004200,36.94
2009-03-03,1236090600,36.24001
2009-03-04,1236177000,36.99001
2009-03-05,1236263400,35.02
2009-03-06,1236349800,35.2
2009-03-09,1236605400,34.39
2009-03-10,1236691800,36.63
2009-03-11,1236778200,36.67999
2009-03-12,1236864600,38.96001
2009-03-13,1236951000,39.37
2009-03-16,1237210200,38.66
2009-03-17,1237296600,40.45
2009-03-18,1237383000,41.85001
2009-03-19,1237469400,41.41
2009-03-20,1237555800,39.98
2009-03-23,1237815000,43.38
2009-03-24,1237901400,41.56
2009-03-25,1237987800,42.73
2009-03-26,1238074200,44.38
2009-03-27,1238160600,42.89
2009-03-30,1238419800,41.66
2009-03-31,1238506200,42.05
2009-04-01,1238592600,42.78
2009-04-02,1238679000,44.92
2009-04-03,1238765400,45.63
2009-04-06,1239024600,44.85001
2009-04-07,1239111000,43.25999
2009-04-08,1239197400,44.06
2009-04-09,1239283800,46.64
2009-04-13,1239629400,46.66
2009-04-14,1239715800,45.31
2009-04-15,1239802200,46
2009-04-16,1239888600,47.33
2009-04-17,1239975000,47.75
2009-04-20,1240234200,45.3
2009-04-21,1240320600,46.87
2009-04-22,1240407000,46.86
2009-04-23,1240493400,46.75
2009-04-24,1240579800,47.62
2009-04-27,1240839000,47.11
2009-04-28,1240925400,47.17999
2009-04-29,1241011800,48.97
2009-04-30,1241098200,48.52
2009-05-01,1241184600,48.82001
2009-05-04,1241443800,50.60001
2009-05-05,1241530200,50.35001
2009-05-06,1241616600,50.49001
2009-05-07,1241703000,49.3
2009-05-08,1241789400,51.00999
2009-05-11,1242048600,50.25999
2009-05-12,1242135000,49.55
2009-05-13,1242221400,47.28
2009-05-14,1242307800,47.94
2009-05-15,1242394200,47.75999
2009-05-18,1242653400,49.36
2009-05-19,1242739800,49.38
2009-05-20,1242826200,48.92
2009-05-21,1242912600,48.28999
2009-05-22,1242999000,47.78999
2009-05-26,1243344600,50.07001
2009-05-27,1243431000,49.10001
2009-05-28,1243517400,49.16
2009-05-29,1243603800,50.17
2009-06-01,1243863000,52.13
2009-06-02,1243949400,52.78
2009-06-03,1244035800,52.42999
2009-06-04,1244122200,53.17999
2009-06-05,1244208600,53.2
2009-06-08,1244467800,52.57001
2009-06-09,1244554200,52.81
2009-06-10,1244640600,52.60001
2009-06-11,1244727000,52.62
2009-06-12,1244813400,52.78
2009-06-15,1245072600,51.36
2009-06-16,1245159000,50.5
2009-06-17,1245245400,50.77
2009-06-18,1245331800,51
2009-06-19,1245418200,51.31
2009-06-22,1245677400,49.49001
2009-06-23,1245763800,49.09
2009-06-24,1245850200,49.62
2009-06-25,1245936600,51.05299
2009-06-26,1246023000,51.23
2009-06-29,1246282200,51.23
2009-06-30,1246368600,51.08
2009-07-01,1246455000,51.87
2009-07-02,1246541400,49.91
2009-07-06,1246887000,49.47
2009-07-07,1246973400,48.39999
2009-07-08,1247059800,48.07001
2009-07-09,1247146200,47.87
2009-07-10,1247232600,48.10001
2009-07-13,1247491800,49.25999
2009-07-14,1247578200,49.55
2009-07-15,1247664600,51.46001
2009-07-16,1247751000,52.10001
2009-07-17,1247837400,51.89999
2009-07-20,1248096600,52.53999
2009-07-21,1248183000,52.45
2009-07-22,1248269400,52.86
2009-07-23,1248355800,54.53
2009-07-24,1248442200,54.81
2009-07-27,1248701400,55.09
2009-07-28,1248787800,55.12
2009-07-29,1248874200,54.84
2009-07-30,1248960600,55.8
2009-07-31,1249047000,55.57001
2009-08-03,1249306200,56.53999
2009-08-04,1249392600,57.11
2009-08-05,1249479000,56.53999
2009-08-06,1249565400,55.75
2009-08-07,1249651800,57.09
2009-08-10,1249911000,57.19
2009-08-11,1249997400,56.27
2009-08-12,1250083800,57.12
2009-08-13,1250170200,57.59
2009-08-14,1250256600,56.41
2009-08-17,1250515800,54.82001
2009-08-18,1250602200,55.55
2009-08-19,1250688600,56.23
2009-08-20,1250775000,56.84
2009-08-21,1250861400,58.14999
2009-08-24,1251120600,58.13
2009-08-25,1251207000,58.38
2009-08-26,1251293400,58.50999
2009-08-27,1251379800,58.42
2009-08-28,1251466200,58.05
2009-08-31,1251725400,57.2
2009-09-01,1251811800,55.92
2009-09-02,1251898200,55.64
2009-09-03,1251984600,56.25999
2009-09-04,1252071000,57.05
2009-09-08,1252416600,57.67999
2009-09-09,1252503000,58.67
2009-09-10,1252589400,59.39999
2009-09-11,1252675800,59.42
2009-09-14,1252935000,60.05
2009-09-15,1253021400,60.53999
2009-09-16,1253107800,61.78999
2009-09-17,1253194200,61.66
2009-09-18,1253280600,61.91
2009-09-21,1253539800,61.74001
2009-09-22,1253626200,62.02
2009-09-23,1253712600,61.42999
2009-09-24,1253799000,60.2
2009-09-25,1253885400,59.83
2009-09-28,1254144600,61.25999
2009-09-29,1254231000,60.99001
2009-09-30,1254317400,60.24001
2009-10-01,1254403800,58.44
2009-10-02,1254490200,58
2009-10-05,1254749400,59.03999
2009-10-06,1254835800,60.14
2009-10-07,1254922200,60.16
2009-10-08,1255008600,60.71001
2009-10-09,1255095000,61.42
2009-10-12,1255354200,61.42999
2009-10-13,1255440600,61.17
2009-10-14,1255527000,62.34
2009-10-15,1255613400,62.3
2009-10-16,1255699800,61.67999
2009-10-19,1255959000,62.19
2009-10-20,1256045400,61.33
2009-10-21,1256131800,60.5
2009-10-22,1256218200,61.34
2009-10-23,1256304600,60.058
2009-10-26,1256563800,59.52
2009-10-27,1256650200,58.78999
2009-10-28,1256736600,56.83
2009-10-29,1256823000,57.91
2009-10-30,1256909400,56.33
2009-11-02,1257172200,56.22
2009-11-03,1257258600,57.07001
2009-11-04,1257345000,56.25
2009-11-05,1257431400,58.03999
2009-11-06,1257517800,58.08
2009-11-09,1257777000,59.22
2009-11-10,1257863400,58.85001
2009-11-11,1257949800,59.25999
2009-11-12,1258036200,58.17
2009-11-13,1258122600,58.73
2009-11-16,1258381800,60.28
2009-11-17,1258468200,60.28
2009-11-18,1258554600,60.16
2009-11-19,1258641000,58.66
2009-11-20,1258727400,58.59
2009-11-23,1258986600,59.61
2009-11-24,1259073000,59.34
2009-11-25,1259159400,59.33
2009-11-27,1259332200,57.58
2009-11-30,1259591400,58.09
2009-12-01,1259677800,58.99001
2009-12-02,1259764200,59.69
2009-12-03,1259850600,58.96001
2009-12-04,1259937000,60.42
2009-12-07,1260196200,60.50999
2009-12-08,1260282600,60.03999
2009-12-09,1260369000,59.85001
2009-12-10,1260455400,59.61
2009-12-11,1260541800,60.17
2009-12-14,1260801000,61.08
2009-12-15,1260887400,60.91
2009-12-16,1260973800,61.3
2009-12-17,1261060200,60.62
2009-12-18,1261146600,61.17999
2009-12-21,1261405800,61.991
2009-12-22,1261492200,62.57001
2009-12-23,1261578600,63.12
2009-12-24,1261665000,63.36
2009-12-28,1262010600,63.25999
2009-12-29,1262097000,63.23
2009-12-30,1262183400,63.19
2009-12-31,1262269800,62.44
2010-01-04,1262615400,63.98
2010-01-05,1262701800,63.75999
2010-01-06,1262788200,63.7
2010-01-07,1262874600,64.17
2010-01-08,1262961000,64.52
2010-01-11,1263220200,64.25999
2010-01-12,1263306600,63.56
2010-01-13,1263393000,64.38
2010-01-14,1263479400,64.62
2010-01-15,1263565800,63.67999
2010-01-19,1263911400,64.85001
2010-01-20,1263997800,63.91
2010-01-21,1264084200,62.8575
2010-01-22,1264170600,61.73
2010-01-25,1264429800,61.8
2010-01-26,1264516200,61.19
2010-01-27,1264602600,61.84
2010-01-28,1264689000,60.78
2010-01-29,1264775400,60.11
2010-02-01,1265034600,60.82001
2010-02-02,1265121000,61.49001
2010-02-03,1265207400,61.08
2010-02-04,1265293800,59.03999
2010-02-05,1265380200,59.27
2010-02-08,1265639400,58.67999
2010-02-09,1265725800,59.49001
2010-02-10,1265812200,59.63
2010-02-11,1265898600,60.578
2010-02-12,1265985000,61.02
2010-02-16,1266330600,62.05
2010-02-17,1266417000,62.47
2010-02-18,1266503400,62.98
2010-02-19,1266589800,63.06
2010-02-22,1266849000,63.25
2010-02-23,1266935400,62.50999
2010-02-24,1267021800,63.03999
2010-02-25,1267108200,63.06
2010-02-26,1267194600,62.8
2010-03-01,1267453800,64.25999
2010-03-02,1267540200,64.75
2010-03-03,1267626600,65.12
2010-03-04,1267713000,65.28999
2010-03-05,1267799400,66.62
2010-03-08,1268058600,66.74001
2010-03-09,1268145000,66.98
2010-03-10,1268231400,67.55
2010-03-11,1268317800,67.75
2010-03-12,1268404200,67.72
2010-03-15,1268659800,67.49001
2010-03-16,1268746200,68.07001
2010-03-17,1268832600,68.47
2010-03-18,1268919000,68.25999
2010-03-19,1269005400,67.4075
2010-03-22,1269264600,68.36
2010-03-23,1269351000,69.23
2010-03-24,1269437400,68.27
2010-03-25,1269523800,67.838
2010-03-26,1269610200,67.81
2010-03-29,1269869400,68.17999
2010-03-30,1269955800,68.39
2010-03-31,1270042200,67.80251
2010-04-01,1270128600,68.42999
2010-04-05,1270474200,69.71001
2010-04-06,1270560600,70.12
2010-04-07,1270647000,69.89799
2010-04-08,1270733400,69.83
2010-04-09,1270819800,70.25
2010-04-12,1271079000,70.53999
2010-04-13,1271165400,70.7
2010-04-14,1271251800,72.21001
2010-04-15,1271338200,72.42999
2010-04-16,1271424600,71.4575
2010-04-19,1271683800,71.11
2010-04-20,1271770200,72.08
2010-04-21,1271856600,72.58
2010-04-22,1271943000,73.35001
2010-04-23,1272029400,74.13
2010-04-26,1272288600,73.85001
2010-04-27,1272375000,72.16
2010-04-28,1272461400,72.28
2010-04-29,1272547800,73.81
2010-04-30,1272634200,71.64999
2010-05-03,1272893400,73.25999
2010-05-04,1272979800,70.96001
2010-05-05,1273066200,69.92
2010-05-06,1273152600,67.3
2010-05-07,1273239000,65.36
2010-05-10,1273498200,69.03
2010-05-11,1273584600,69.49001
2010-05-12,1273671000,71.62
2010-05-13,1273757400,70.92999
2010-05-14,1273843800,69.56
2010-05-17,1274103000,69.69
2010-05-18,1274189400,68.35001
2010-05-19,1274275800,67.53999
2010-05-20,1274362200,64.12
2010-05-21,1274448600,65.07001
2010-05-24,1274707800,64.2
2010-05-25,1274794200,64.19
2010-05-26,1274880600,64.345
2010-05-27,1274967000,67.11
2010-05-28,1275053400,66.25
2010-06-01,1275399000,64.24001
2010-06-02,1275485400,66.07001
2010-06-03,1275571800,66.92
2010-06-04,1275658200,63.55499
2010-06-07,1275917400,61.92
2010-06-08,1276003800,61.89
2010-06-09,1276090200,61.92999
2010-06-10,1276176600,64.07001
2010-06-11,1276263000,64.94
2010-06-14,1276522200,65.35001
2010-06-15,1276608600,66.99001
2010-06-16,1276695000,66.67999
2010-06-17,1276781400,66.75999
2010-06-18,1276867800,66.8
2010-06-21,1277127000,66.1077
2010-06-22,1277213400,64.75
2010-06-23,1277299800,64.57001
2010-06-24,1277386200,63.53999
2010-06-25,1277472600,64.63
2010-06-28,1277731800,64.25999
2010-06-29,1277818200,61.83
2010-06-30,1277904600,61.11501
2010-07-01,1277991000,60.67999
2010-07-02,1278077400,59.82001
2010-07-06,1278423000,59.03999
2010-07-07,1278509400,61.10001
2010-07-08,1278595800,61.98
2010-07-09,1278682200,62.94
2010-07-12,1278941400,62.23
2010-07-13,1279027800,64.2
2010-07-14,1279114200,63.97
2010-07-15,1279200600,63.38
2010-07-16,1279287000,61.07001
2010-07-19,1279546200,61.33
2010-07-20,1279632600,62.3595
2010-07-21,1279719000,61.24001
2010-07-22,1279805400,63.42
2010-07-23,1279891800,64.98
2010-07-26,1280151000,66.46001
2010-07-27,1280237400,66.22
2010-07-28,1280323800,65.14999
2010-07-29,1280410200,64.98
2010-07-30,1280496600,65.02
2010-08-02,1280755800,66.151
2010-08-03,1280842200,65.62
2010-08-04,1280928600,66.31
2010-08-05,1281015000,65.53
2010-08-06,1281101400,65.14
2010-08-09,1281360600,65.86
2010-08-10,1281447000,64.62
2010-08-11,1281533400,62.08
2010-08-12,1281619800,61.77
2010-08-13,1281706200,61.07001
2010-08-16,1281965400,61.56
2010-08-17,1282051800,62.62
2010-08-18,1282138200,62.81
2010-08-19,1282224600,61.09
2010-08-20,1282311000,61.14999
2010-08-23,1282570200,60.32001
2010-08-24,1282656600,59.63
2010-08-25,1282743000,60.52991
2010-08-26,1282829400,60.08
2010-08-27,1282915800,61.64999
2010-08-30,1283175000,60.3
2010-08-31,1283261400,60.17999
2010-09-01,1283347800,62.50999
2010-09-02,1283434200,63.2
2010-09-03,1283520600,64.33
2010-09-07,1283866200,63.11
2010-09-08,1283952600,63.48
2010-09-09,1284039000,63.52
2010-09-10,1284125400,63.72
2010-09-13,1284384600,65.27
2010-09-14,1284471000,64.99001
2010-09-15,1284557400,65.3575
2010-09-16,1284643800,64.94
2010-09-17,1284730200,65.21001
2010-09-20,1284989400,67.02251
2010-09-21,1285075800,66.63
2010-09-22,1285162200,65.84
2010-09-23,1285248600,64.88
2010-09-24,1285335000,66.99001
2010-09-27,1285594200,66.82001
2010-09-28,1285680600,67.48
2010-09-29,1285767000,67.67
2010-09-30,1285853400,67.5
2010-10-01,1285939800,67.86
2010-10-04,1286199000,66.94
2010-10-05,1286285400,68.84
2010-10-06,1286371800,68.61
2010-10-07,1286458200,68.41
2010-10-08,1286544600,69.28
2010-10-11,1286803800,69.34
2010-10-12,1286890200,69.52
2010-10-13,1286976600,70.58
2010-10-14,1287063000,70.53
2010-10-15,1287149400,70.28999
2010-10-18,1287408600,70.88
2010-10-19,1287495000,69.5
2010-10-20,1287581400,70.21001
2010-10-21,1287667800,69.87
2010-10-22,1287754200,70.32001
2010-10-25,1288013400,70.74001
2010-10-26,1288099800,70.69
2010-10-27,1288186200,70.50999
2010-10-28,1288272600,70.08
2010-10-29,1288359000,70.3
2010-11-01,1288618200,69.82001
2010-11-02,1288704600,71.27
2010-11-03,1288791000,71.55
2010-11-04,1288877400,73.36
2010-11-05,1288963800,73.77
2010-11-08,1289226600,73.71249
2010-11-09,1289313000,72.73
2010-11-10,1289399400,73.53999
2010-11-11,1289485800,73.25
2010-11-12,1289572200,72.03
2010-11-15,1289831400,72.03999
2010-11-16,1289917800,70.64
2010-11-17,1290004200,70.83
2010-11-18,1290090600,72.21001
2010-11-19,1290177000,72.45
2010-11-22,1290436200,72.802
2010-11-23,1290522600,72.1075
2010-11-24,1290609000,73.73
2010-11-26,1290781800,73.39
2010-11-29,1291041000,73.33
2010-11-30,1291127400,72.75
2010-12-01,1291213800,74.38
2010-12-02,1291300200,75.13
2010-12-03,1291386600,75.67
2010-12-06,1291645800,76.14
2010-12-07,1291732200,76.58
2010-12-08,1291818600,76.53
2010-12-09,1291905000,76.78999
2010-12-10,1291991400,77.745
2010-12-13,1292250600,77.35001
2010-12-14,1292337000,77.31
2010-12-15,1292423400,77.07001
2010-12-16,1292509800,77.78
2010-12-17,1292596200,78.02
2010-12-20,1292855400,78.33
2010-12-21,1292941800,79.201
2010-12-22,1293028200,78.82001
2010-12-23,1293114600,78.72
2010-12-27,1293460200,78.96001
2010-12-28,1293546600,78.74001
2010-12-29,1293633000,78.91
2010-12-30,1293719400,78.75999
2010-12-31,1293805800,78.24001
2011-01-03,1294065000,79.60001
2011-01-04,1294151400,78.422
2011-01-05,1294237800,79.34
2011-01-06,1294324200,78.97
2011-01-07,1294410600,78.52
2011-01-10,1294669800,78.97
2011-01-11,1294756200,79.28999
2011-01-12,1294842600,79.97
2011-01-13,1294929000,79.94
2011-01-14,1295015400,80.53999
2011-01-18,1295361000,80.60001
2011-01-19,1295447400,78.53
2011-01-20,1295533800,77.71001
2011-01-21,1295620200,77.19
2011-01-24,1295879400,77.75999
2011-01-25,1295965800,77.88
2011-01-26,1296052200,79.12
2011-01-27,1296138600,79.35001
2011-01-28,1296225000,77.41
2011-01-31,1296484200,77.95
2011-02-01,1296570600,79.75
2011-02-02,1296657000,79.45
2011-02-03,1296743400,79.728
2011-02-04,1296829800,79.87
2011-02-07,1297089000,80.66
2011-02-08,1297175400,81.23
2011-02-09,1297261800,80.87
2011-02-10,1297348200,81.19
2011-02-11,1297434600,82.07001
2011-02-14,1297693800,82.49001
2011-02-15,1297780200,82.01801
2011-02-16,1297866600,82.67999
2011-02-17,1297953000,83.25999
2011-02-18,1298039400,83.35001
2011-02-22,1298385000,81.21001
2011-02-23,1298471400,79.81
2011-02-24,1298557800,80.31799
2011-02-25,1298644200,82.17999
2011-02-28,1298903400,82.26801
2011-03-01,1298989800,80.62
2011-03-02,1299076200,80.96001
2011-03-03,1299162600,82.8
2011-03-04,1299249000,82.44
2011-03-07,1299508200,81.09
2011-03-08,1299594600,82.41
2011-03-09,1299681000,82.08
2011-03-10,1299767400,79.97
2011-03-11,1299853800,80.17999
2011-03-14,1300109400,79.75
2011-03-15,1300195800,79.03999
2011-03-16,1300282200,78.25
2011-03-17,1300368600,78.42
2011-03-18,1300455000,79.46001
2011-03-21,1300714200,81.3
2011-03-22,1300800600,80.87
2011-03-23,1300887000,81.12
2011-03-24,1300973400,81.50999
2011-03-25,1301059800,82.22
2011-03-28,1301319000,82.03999
2011-03-29,1301405400,82.81
2011-03-30,1301491800,83.88
2011-03-31,1301578200,84.17
2011-04-01,1301664600,84.53999
2011-04-04,1301923800,84.73
2011-04-05,1302010200,85.19
2011-04-06,1302096600,85.38
2011-04-07,1302183000,84.87
2011-04-08,1302269400,83.98
2011-04-11,1302528600,83.23
2011-04-12,1302615000,82.14
2011-04-13,1302701400,82.25
2011-04-14,1302787800,82.63
2011-04-15,1302874200,83.50999
2011-04-18,1303133400,82.13
2011-04-19,1303219800,82.14861
2011-04-20,1303306200,83.83
2011-04-21,1303392600,84.45
2011-04-25,1303738200,84.34
2011-04-26,1303824600,85.17999
2011-04-27,1303911000,85.69
2011-04-28,1303997400,86.08
2011-04-29,1304083800,86.39
2011-05-02,1304343000,85.38
2011-05-03,1304429400,84.3
2011-05-04,1304515800,83.21001
2011-05-05,1304602200,82.83
2011-05-06,1304688600,83.27
2011-05-09,1304947800,84.24001
2011-05-10,1305034200,85.53
2011-05-11,1305120600,83.95
2011-05-12,1305207000,84.69
2011-05-13,1305293400,83.50999
2011-05-16,1305552600,82.28999
2011-05-17,1305639000,82.03
2011-05-18,1305725400,83.28999
2011-05-19,1305811800,83.47
2011-05-20,1305898200,82.85899
2011-05-23,1306157400,81.37
2011-05-24,1306243800,80.98
2011-05-25,1306330200,82
2011-05-26,1306416600,83.08
2011-05-27,1306503000,83.64999
2011-05-31,1306848600,84.84
2011-06-01,1306935000,82.11
2011-06-02,1307021400,82.08
2011-06-03,1307107800,80.88
2011-06-06,1307367000,79.55
2011-06-07,1307453400,79.74001
2011-06-08,1307539800,78.85001
2011-06-09,1307626200,79.27
2011-06-10,1307712600,78
2011-06-13,1307971800,77.78
2011-06-14,1308058200,79.45
2011-06-15,1308144600,78.03
2011-06-16,1308231000,78.21001
2011-06-17,1308317400,78.23
2011-06-20,1308576600,78.95
2011-06-21,1308663000,80.66
2011-06-22,1308749400,80.03999
2011-06-23,1308835800,80.35001
2011-06-24,1308922200,79.94
2011-06-27,1309181400,80.56
2011-06-28,1309267800,81.81
2011-06-29,1309354200,82.2
2011-06-30,1309440600,82.8
2011-07-01,1309527000,84.09
2011-07-05,1309872600,84.03999
2011-07-06,1309959000,84.38
2011-07-07,1310045400,85.64999
2011-07-08,1310131800,85.13
2011-07-11,1310391000,83.32001
2011-07-12,1310477400,82.85001
2011-07-13,1310563800,83.59
2011-07-14,1310650200,82.25999
2011-07-15,1310736600,82.81
2011-07-18,1310995800,81.48
2011-07-19,1311082200,83.32001
2011-07-20,1311168600,83.17999
2011-07-21,1311255000,83.94
2011-07-22,1311341400,84.05
2011-07-25,1311600600,83.06
2011-07-26,1311687000,82.42999
2011-07-27,1311773400,79.97
2011-07-28,1311859800,79.84
2011-07-29,1311946200,79.74001
2011-08-01,1312205400,79.22
2011-08-02,1312291800,76.75
2011-08-03,1312378200,77.25999
2011-08-04,1312464600,72.60001
2011-08-05,1312551000,71.33
2011-08-08,1312810200,65.12
2011-08-09,1312896600,69.46001
2011-08-10,1312983000,66.06
2011-08-11,1313069400,69.36
2011-08-12,1313155800,69.78999
2011-08-15,1313415000,71.75999
2011-08-16,1313501400,70.44
2011-08-17,1313587800,70.46001
2011-08-18,1313674200,66.45
2011-08-19,1313760600,65.28
2011-08-22,1314019800,65.05
2011-08-23,1314106200,68.19
2011-08-24,1314192600,69.2
2011-08-25,1314279000,67.5
2011-08-26,1314365400,69.11
2011-08-29,1314624600,72.38
2011-08-30,1314711000,72.8
2011-08-31,1314797400,72.64999
2011-09-01,1314883800,71.09
2011-09-02,1314970200,68.46001
2011-09-06,1315315800,68.27
2011-09-07,1315402200,70.85001
2011-09-08,1315488600,69.55
2011-09-09,1315575000,67.5
2011-09-12,1315834200,68.08
2011-09-13,1315920600,69.17999
2011-09-14,1316007000,70.42
2011-09-15,1316093400,71.41
2011-09-16,1316179800,71.52
2011-09-19,1316439000,70.24001
2011-09-20,1316525400,69.14999
2011-09-21,1316611800,66.59
2011-09-22,1316698200,64.73
2011-09-23,1316784600,65.14
2011-09-26,1317043800,66.37
2011-09-27,1317130200,67.8
2011-09-28,1317216600,65.2
2011-09-29,1317303000,66.33
2011-09-30,1317389400,64.3
2011-10-03,1317648600,60.99001
2011-10-04,1317735000,64.78999
2011-10-05,1317821400,65.67999
2011-10-06,1317907800,67.14
2011-10-07,1317994200,65.5
2011-10-10,1318253400,68.37
2011-10-11,1318339800,68.84
2011-10-12,1318426200,69.82001
2011-10-13,1318512600,69.75999
2011-10-14,1318599000,71.14
2011-10-17,1318858200,68.98
2011-10-18,1318944600,70.81
2011-10-19,1319031000,69.42999
2011-10-20,1319117400,69.62
2011-10-21,1319203800,71.13
2011-10-24,1319463000,73.42
2011-10-25,1319549400,71.36
2011-10-26,1319635800,72.59
2011-10-27,1319722200,76.42
2011-10-28,1319808600,76.03
2011-10-31,1320067800,74.00999
2011-11-01,1320154200,71.39
2011-11-02,1320240600,73.14999
2011-11-03,1320327000,74.97
2011-11-04,1320413400,74.60001
2011-11-07,1320676200,74.45
2011-11-08,1320762600,75.53999
2011-11-09,1320849000,71.94
2011-11-10,1320935400,72.47
2011-11-11,1321021800,74.38
2011-11-14,1321281000,73.31
2011-11-15,1321367400,74.24001
2011-11-16,1321453800,73.03799
2011-11-17,1321540200,72
2011-11-18,1321626600,71.98
2011-11-21,1321885800,70.25999
2011-11-22,1321972200,69.67
2011-11-23,1322058600,67.48
2011-11-25,1322231400,66.62
2011-11-28,1322490600,69.78999
2011-11-29,1322577000,69.66
2011-11-30,1322663400,73.73
2011-12-01,1322749800,73.2
2011-12-02,1322836200,73.5
2011-12-05,1323095400,74.75999
2011-12-06,1323181800,74.83
2011-12-07,1323268200,74.67999
2011-12-08,1323354600,72.36
2011-12-09,1323441000,74.53999
2011-12-12,1323700200,73.47
2011-12-13,1323786600,71.94
2011-12-14,1323873000,71.03999
2011-12-15,1323959400,71.7
2011-12-16,1324045800,72.25999
2011-12-19,1324305000,71.00999
2011-12-20,1324391400,73.86
2011-12-21,1324477800,74.161
2011-12-22,1324564200,74.27
2011-12-23,1324650600,74.55
2011-12-27,1324996200,74.77
2011-12-28,1325082600,73.41
2011-12-29,1325169000,74.14999
2011-12-30,1325255400,73.75
2012-01-03,1325601000,74.97501
2012-01-04,1325687400,74.56
2012-01-05,1325773800,74.98
2012-01-06,1325860200,74.795
2012-01-09,1326119400,75.17
2012-01-10,1326205800,76.27
2012-01-11,1326292200,76.57001
2012-01-12,1326378600,76.8
2012-01-13,1326465000,76.39
2012-01-17,1326810600,76.36
2012-01-18,1326897000,77.72
2012-01-19,1326983400,78.2
2012-01-20,1327069800,78.25
2012-01-23,1327329000,78.14999
2012-01-24,1327415400,78.60001
2012-01-25,1327501800,79.27
2012-01-26,1327588200,79.17999
2012-01-27,1327674600,79.72
2012-01-30,1327933800,79.10001
2012-01-31,1328020200,79.02
2012-02-01,1328106600,80.72
2012-02-02,1328193000,81.17999
2012-02-03,1328279400,82.95
2012-02-06,1328538600,82.67999
2012-02-07,1328625000,82.63
2012-02-08,1328711400,82.81
2012-02-09,1328797800,82.39999
2012-02-10,1328884200,81.27
2012-02-13,1329143400,82.32001
2012-02-14,1329229800,81.95
2012-02-15,1329316200,81.27
2012-02-16,1329402600,82.8
2012-02-17,1329489000,82.78999
2012-02-21,1329834600,82.23
2012-02-22,1329921000,81.58
2012-02-23,1330007400,82.8
2012-02-24,1330093800,82.64
2012-02-27,1330353000,82.5
2012-02-28,1330439400,82.28
2012-02-29,1330525800,81.05
2012-03-01,1330612200,81.47
2012-03-02,1330698600,80.25
2012-03-05,1330957800,80.34
2012-03-06,1331044200,78.74001
2012-03-07,1331130600,79.48
2012-03-08,1331217000,80.5101
2012-03-09,1331303400,81.60001
2012-03-12,1331559000,81.44
2012-03-13,1331645400,83.06
2012-03-14,1331731800,82.38
2012-03-15,1331818200,83.07001
2012-03-16,1331904600,83
2012-03-19,1332163800,83.7
2012-03-20,1332250200,82.951
2012-03-21,1332336600,82.92999
2012-03-22,1332423000,82.13
2012-03-23,1332509400,82.67999
2012-03-26,1332768600,84.39999
2012-03-27,1332855000,83.81
2012-03-28,1332941400,83.32001
2012-03-29,1333027800,83.08
2012-03-30,1333114200,82.81
2012-04-02,1333373400,83.83
2012-04-03,1333459800,83.27
2012-04-04,1333546200,81.94
2012-04-05,1333632600,81.58
2012-04-09,1333978200,80.24001
2012-04-10,1334064600,78.35001
2012-04-11,1334151000,79.46001
2012-04-12,1334237400,80.60001
2012-04-13,1334323800,79.54201
2012-04-16,1334583000,79.67
2012-04-17,1334669400,80.82001
2012-04-18,1334755800,80.21001
2012-04-19,1334842200,79.75
2012-04-20,1334928600,80.21001
2012-04-23,1335187800,79.10001
2012-04-24,1335274200,79.7
2012-04-25,1335360600,80.94
2012-04-26,1335447000,81.74001
2012-04-27,1335533400,82.38
2012-04-30,1335792600,81.47
2012-05-01,1335879000,81.55
2012-05-02,1335965400,81.77
2012-05-03,1336051800,80.62
2012-05-04,1336138200,79.09
2012-05-07,1336397400,79.3
2012-05-08,1336483800,79.25
2012-05-09,1336570200,78.8
2012-05-10,1336656600,79.10001
2012-05-11,1336743000,78.89999
2012-05-14,1337002200,77.85001
2012-05-15,1337088600,77.71001
2012-05-16,1337175000,77.155
2012-05-17,1337261400,75.39999
2012-05-18,1337347800,74.69341
2012-05-21,1337607000,76.45
2012-05-22,1337693400,75.99001
2012-05-23,1337779800,76.48
2012-05-24,1337866200,76.64
2012-05-25,1337952600,76.59
2012-05-29,1338298200,77.7
2012-05-30,1338384600,76.21001
2012-05-31,1338471000,76.11
2012-06-01,1338557400,73.82001
2012-06-04,1338816600,73.64999
2012-06-05,1338903000,74.60001
2012-06-06,1338989400,76.44
2012-06-07,1339075800,75.94
2012-06-08,1339162200,76.97
2012-06-11,1339421400,75.27
2012-06-12,1339507800,76.22
2012-06-13,1339594200,75.34
2012-06-14,1339680600,76.2
2012-06-15,1339767000,77.22
2012-06-18,1340026200,77.31
2012-06-19,1340112600,78.64999
2012-06-20,1340199000,78.53
2012-06-21,1340285400,76.62
2012-06-22,1340371800,77.49001
2012-06-25,1340631000,76.28
2012-06-26,1340717400,76.2
2012-06-27,1340803800,77.44
2012-06-28,1340890200,77.31
2012-06-29,1340976600,79.56
2012-07-02,1341235800,80.48
2012-07-03,1341322200,81.53
2012-07-05,1341495000,81.44
2012-07-06,1341581400,80.53
2012-07-09,1341840600,80.22
2012-07-10,1341927000,79.33
2012-07-11,1342013400,79.06
2012-07-12,1342099800,78.78999
2012-07-13,1342186200,79.771
2012-07-16,1342445400,79.45
2012-07-17,1342531800,79.731
2012-07-18,1342618200,80.22
2012-07-19,1342704600,79.95
2012-07-20,1342791000,78.92999
2012-07-23,1343050200,77.67
2012-07-24,1343136600,76.64999
2012-07-25,1343223000,76.82001
2012-07-26,1343309400,77.48
2012-07-27,1343395800,79.32001
2012-07-30,1343655000,79.05
2012-07-31,1343741400,78.35001
2012-08-01,1343827800,77.06
2012-08-02,1343914200,76.78
2012-08-03,1344000600,78.61
2012-08-06,1344259800,79.22
2012-08-07,1344346200,79.94
2012-08-08,1344432600,79.82001
2012-08-09,1344519000,80.2
2012-08-10,1344605400,79.92
2012-08-13,1344864600,79.78999
2012-08-14,1344951000,79.60001
2012-08-15,1345037400,80.3
2012-08-16,1345123800,81.14
2012-08-17,1345210200,81.71001
2012-08-20,1345469400,81.53
2012-08-21,1345555800,81.48
2012-08-22,1345642200,81.09
2012-08-23,1345728600,80.52
2012-08-24,1345815000,80.74001
2012-08-27,1346074200,80.98
2012-08-28,1346160600,81.35001
2012-08-29,1346247000,81.60001
2012-08-30,1346333400,80.78999
2012-08-31,1346419800,81.12
2012-09-04,1346765400,82.11
2012-09-05,1346851800,82.13
2012-09-06,1346938200,83.638
2012-09-07,1347024600,84.25999
2012-09-10,1347283800,83.88
2012-09-11,1347370200,84.06
2012-09-12,1347456600,84.49001
2012-09-13,1347543000,85.60001
2012-09-14,1347629400,86.39999
2012-09-17,1347888600,86
2012-09-18,1347975000,85.72
2012-09-19,1348061400,85.57001
2012-09-20,1348147800,85.19
2012-09-21,1348234200,85.5
2012-09-24,1348493400,84.89
2012-09-25,1348579800,83.67
2012-09-26,1348666200,83.14
2012-09-27,1348752600,84.03999
2012-09-28,1348839000,83.44
2012-10-01,1349098200,83.72
2012-10-02,1349184600,83.88
2012-10-03,1349271000,83.64
2012-10-04,1349357400,84.21001
2012-10-05,1349443800,84.11
2012-10-08,1349703000,83.58
2012-10-09,1349789400,82.60001
2012-10-10,1349875800,82.47
2012-10-11,1349962200,82.77
2012-10-12,1350048600,82.10001
2012-10-15,1350307800,82.64
2012-10-16,1350394200,83.25
2012-10-17,1350480600,84
2012-10-18,1350567000,83.53999
2012-10-19,1350653400,81.85001
2012-10-22,1350912600,81.83
2012-10-23,1350999000,81.4203
2012-10-24,1351085400,81.2
2012-10-25,1351171800,81.53
2012-10-26,1351258200,81.14
2012-10-31,1351690200,81.63
2012-11-01,1351776600,82.49001
2012-11-02,1351863000,81.1913
2012-11-05,1352125800,81.72659
2012-11-06,1352212200,82.34
2012-11-07,1352298600,80.34
2012-11-08,1352385000,79.21001
2012-11-09,1352471400,79.38
2012-11-12,1352730600,79.14999
2012-11-13,1352817000,78.7
2012-11-14,1352903400,77.24001
2012-11-15,1352989800,76.8401
2012-11-16,1353076200,77.48
2012-11-19,1353335400,79.1194
2012-11-20,1353421800,79.26109
2012-11-21,1353508200,79.67999
2012-11-23,1353681000,80.47
2012-11-26,1353940200,80.73
2012-11-27,1354026600,80.63
2012-11-28,1354113000,81.31
2012-11-29,1354199400,82.24001
2012-11-30,1354285800,82.08
2012-12-03,1354545000,81.99001
2012-12-04,1354631400,82.0885
2012-12-05,1354717800,81.9933
2012-12-06,1354804200,82.12061
2012-12-07,1354890600,82.17999
2012-12-10,1355149800,82.53999
2012-12-11,1355236200,83.41
2012-12-12,1355322600,82.94
2012-12-13,1355409000,82.41
2012-12-14,1355495400,82.36
2012-12-17,1355754600,83.52
2012-12-18,1355841000,84.6615
2012-12-19,1355927400,84.12
2012-12-20,1356013800,84.53999
2012-12-21,1356100200,84.19
2012-12-24,1356359400,83.78
2012-12-26,1356532200,83.1808
2012-12-27,1356618600,83.12
2012-12-28,1356705000,82.53
2012-12-31,1356964200,84.31779
2013-01-02,1357137000,86.8
2013-01-03,1357223400,86.60001
2013-01-04,1357309800,87.24001
2013-01-07,1357569000,86.91
2013-01-08,1357655400,86.84869
2013-01-09,1357741800,87.27
2013-01-10,1357828200,87.47
2013-01-11,1357914600,87.34
2013-01-14,1358173800,87.39
2013-01-15,1358260200,87.77
2013-01-16,1358346600,87.50999
2013-01-17,1358433000,88.32001
2013-01-18,1358519400,88.57001
2013-01-22,1358865000,89.21001
2013-01-23,1358951400,89
2013-01-24,1359037800,89.28999
2013-01-25,1359124200,89.94
2013-01-28,1359383400,90
2013-01-29,1359469800,90.05
2013-01-30,1359556200,88.97
2013-01-31,1359642600,89.58
2013-02-01,1359729000,90.37
2013-02-04,1359988200,89.28
2013-02-05,1360074600,90.08
2013-02-06,1360161000,90.46001
2013-02-07,1360247400,90.16
2013-02-08,1360333800,90.8
2013-02-11,1360593000,90.7
2013-02-12,1360679400,91.10001
2013-02-13,1360765800,91.48
2013-02-14,1360852200,91.71001
2013-02-15,1360938600,91.74001
2013-02-19,1361284200,92.55
2013-02-20,1361370600,90.8299
2013-02-21,1361457000,89.95
2013-02-22,1361543400,91.03
2013-02-25,1361802600,89.02
2013-02-26,1361889000,89.37
2013-02-27,1361975400,90.31
2013-02-28,1362061800,90.48
2013-03-01,1362148200,90.89
2013-03-04,1362407400,91.13
2013-03-05,1362493800,92.19
2013-03-06,1362580200,92.42999
2013-03-07,1362666600,92.87
2013-03-08,1362753000,93.73
2013-03-11,1363008600,93.7
2013-03-12,1363095000,93.50999
2013-03-13,1363181400,93.86
2013-03-14,1363267800,94.8
2013-03-15,1363354200,94.75
2013-03-18,1363613400,94.23
2013-03-19,1363699800,93.83
2013-03-20,1363786200,94.7
2013-03-21,1363872600,93.87
2013-03-22,1363959000,94.16
2013-03-25,1364218200,93.95
2013-03-26,1364304600,94.25
2013-03-27,1364391000,94.314
2013-03-28,1364477400,94.42999
2013-04-01,1364823000,93.16
2013-04-02,1364909400,92.58
2013-04-03,1364995800,91.13
2013-04-04,1365082200,91.91
2013-04-05,1365168600,91.73
2013-04-08,1365427800,92.49001
2013-04-09,1365514200,92.22
2013-04-10,1365600600,93.89
2013-04-11,1365687000,94.02
2013-04-12,1365773400,93.64
2013-04-15,1366032600,90.11
2013-04-16,1366119000,91.67
2013-04-17,1366205400,90.076
2013-04-18,1366291800,89.58
2013-04-19,1366378200,90.61
2013-04-22,1366637400,90.87
2013-04-23,1366723800,92.31
2013-04-24,1366810200,92.78999
2013-04-25,1366896600,93.39999
2013-04-26,1366983000,92.89999
2013-04-29,1367242200,93.57001
2013-04-30,1367328600,94.10001
2013-05-01,1367415000,91.8199
2013-05-02,1367501400,93.28
2013-05-03,1367587800,94.75999
2013-05-06,1367847000,95.37
2013-05-07,1367933400,96.14999
2013-05-08,1368019800,96.42999
2013-05-09,1368106200,96.10001
2013-05-10,1368192600,96.83
2013-05-13,1368451800,96.75999
2013-05-14,1368538200,98
2013-05-15,1368624600,98.2
2013-05-16,1368711000,97.95
2013-05-17,1368797400,99.05
2013-05-20,1369056600,99.21001
2013-05-21,1369143000,99.23
2013-05-22,1369229400,97.78
2013-05-23,1369315800,97.89999
2013-05-24,1369402200,97.88
2013-05-28,1369747800,99.14999
2013-05-29,1369834200,98.23
2013-05-30,1369920600,98.89
2013-05-31,1370007000,97.8
2013-06-03,1370266200,98.73
2013-06-04,1370352600,97.67999
2013-06-05,1370439000,96.42999
2013-06-06,1370525400,97.45
2013-06-07,1370611800,98.2
2013-06-10,1370871000,98.8
2013-06-11,1370957400,97.73
2013-06-12,1371043800,96.75999
2013-06-13,1371130200,98.47501
2013-06-14,1371216600,97.711
2013-06-17,1371475800,98.35001
2013-06-18,1371562200,99.50999
2013-06-19,1371648600,98.28999
2013-06-20,1371735000,95.69
2013-06-21,1371821400,95.97501
2013-06-24,1372080600,94.71001
2013-06-25,1372167000,95.62
2013-06-26,1372253400,96.07001
2013-06-27,1372339800,97.56
2013-06-28,1372426200,97
2013-07-01,1372685400,98.58
2013-07-02,1372771800,98.08
2013-07-03,1372858200,98.28
2013-07-05,1373031000,99.67
2013-07-08,1373290200,100.07001
2013-07-09,1373376600,101
2013-07-10,1373463000,101.28
2013-07-11,1373549400,102.47
2013-07-12,1373635800,102.67999
2013-07-15,1373895000,103.58
2013-07-16,1373981400,103.06
2013-07-17,1374067800,103.46001
2013-07-18,1374154200,104.14999
2013-07-19,1374240600,104.31
2013-07-22,1374499800,104.53
2013-07-23,1374586200,104.46001
2013-07-24,1374672600,103.5899
2013-07-25,1374759000,104.53999
2013-07-26,1374845400,104.12
2013-07-29,1375104600,103.39
2013-07-30,1375191000,103.48
2013-07-31,1375277400,103.655
2013-08-01,1375363800,105.07001
2013-08-02,1375450200,105.16
2013-08-05,1375709400,105.52
2013-08-06,1375795800,104.46001
2013-08-07,1375882200,103.72
2013-08-08,1375968600,104.14999
2013-08-09,1376055000,104.03999
2013-08-12,1376314200,104.59
2013-08-13,1376400600,104.45
2013-08-14,1376487000,104.03999
2013-08-15,1376573400,102.11
2013-08-16,1376659800,101.67999
2013-08-19,1376919000,100.64799
2013-08-20,1377005400,102.10001
2013-08-21,1377091800,101.48
2013-08-22,1377178200,102.91
2013-08-23,1377264600,103.17
2013-08-26,1377523800,103.17999
2013-08-27,1377610200,100.75999
2013-08-28,1377696600,100.96001
2013-08-29,1377783000,101.97
2013-08-30,1377869400,100.38
2013-09-03,1378215000,101.06
2013-09-04,1378301400,101.95
2013-09-05,1378387800,102.11
2013-09-06,1378474200,102.39
2013-09-09,1378733400,103.94
2013-09-10,1378819800,104.96001
2013-09-11,1378906200,105.00999
2013-09-12,1378992600,104.24001
2013-09-13,1379079000,104.81
2013-09-16,1379338200,105.03999
2013-09-17,1379424600,106.08
2013-09-18,1379511000,107.09
2013-09-19,1379597400,106.98
2013-09-20,1379683800,106.59
2013-09-23,1379943000,106.60001
2013-09-24,1380029400,106.67
2013-09-25,1380115800,106.47
2013-09-26,1380202200,107.06
2013-09-27,1380288600,106.58
2013-09-30,1380547800,106.61
2013-10-01,1380634200,107.85001
2013-10-02,1380720600,107.41
2013-10-03,1380807000,106.31
2013-10-04,1380893400,107.02
2013-10-07,1381152600,105.77
2013-10-08,1381239000,104.05499
2013-10-09,1381325400,103.64
2013-10-10,1381411800,106.14
2013-10-11,1381498200,107.67999
2013-10-14,1381757400,108.22
2013-10-15,1381843800,107.16
2013-10-16,1381930200,108.49001
2013-10-17,1382016600,109.44
2013-10-18,1382103000,110.69
2013-10-21,1382362200,110.47
2013-10-22,1382448600,110.75999
2013-10-23,1382535000,110.39
2013-10-24,1382621400,110.981
2013-10-25,1382707800,111.08
2013-10-28,1382967000,111.03
2013-10-29,1383053400,111.35
2013-10-30,1383139800,109.83
2013-10-31,1383226200,109.19
2013-11-01,1383312600,108.715
2013-11-04,1383575400,109.97
2013-11-05,1383661800,109.59
2013-11-06,1383748200,109.12
2013-11-07,1383834600,107.28
2013-11-08,1383921000,109.23
2013-11-11,1384180200,109.38
2013-11-12,1384266600,109.47
2013-11-13,1384353000,110.52
2013-11-14,1384439400,110.405
2013-11-15,1384525800,110.83
2013-11-18,1384785000,110.05
2013-11-19,1384871400,109.37
2013-11-20,1384957800,109.33
2013-11-21,1385044200,111.3
2013-11-22,1385130600,111.85
2013-11-25,1385389800,111.99
2013-11-26,1385476200,112.82
2013-11-27,1385562600,113.45
2013-11-29,1385735400,113.51
2013-12-02,1385994600,112.37
2013-12-03,1386081000,111.83
2013-12-04,1386167400,111.53
2013-12-05,1386253800,111.61
2013-12-06,1386340200,112.48
2013-12-09,1386599400,112.45
2013-12-10,1386685800,111.43
2013-12-11,1386772200,109.6
2013-12-12,1386858600,109.84
2013-12-13,1386945000,110.2
2013-12-16,1387204200,111.51
2013-12-17,1387290600,111.35
2013-12-18,1387377000,112.88
2013-12-19,1387463400,112.04
2013-12-20,1387549800,113.93
2013-12-23,1387809000,114.78
2013-12-24,1387895400,115.22
2013-12-26,1388068200,115.23
2013-12-27,1388154600,115.16
2013-12-30,1388413800,115.09
2013-12-31,1388500200,115.36
2014-01-02,1388673000,114.11
2014-01-03,1388759400,114.69
2014-01-06,1389018600,113.76
2014-01-07,1389105000,114.71
2014-01-08,1389191400,114.86
2014-01-09,1389277800,114.89
2014-01-10,1389364200,115.52
2014-01-13,1389623400,113.94
2014-01-14,1389709800,115.34
2014-01-15,1389796200,116.2
2014-01-16,1389882600,116.34
2014-01-17,1389969000,115.93
2014-01-21,1390314600,116.62
2014-01-22,1390401000,117.21
2014-01-23,1390487400,116.42
2014-01-24,1390573800,113.45
2014-01-27,1390833000,111.79
2014-01-28,1390919400,112.97
2014-01-29,1391005800,111.34
2014-01-30,1391092200,113.001
2014-01-31,1391178600,112.16
2014-02-03,1391437800,108.65
2014-02-04,1391524200,109.47
2014-02-05,1391610600,108.65
2014-02-06,1391697000,109.51
2014-02-07,1391783400,110.75
2014-02-10,1392042600,111.04
2014-02-11,1392129000,112.03
2014-02-12,1392215400,112.47
2014-02-13,1392301800,113.9
2014-02-14,1392388200,114.06
2014-02-18,1392733800,115.25
2014-02-19,1392820200,114.07
2014-02-20,1392906600,115.3
2014-02-21,1392993000,115.66
2014-02-24,1393252200,116.51
2014-02-25,1393338600,116.63
2014-02-26,1393425000,117.35
2014-02-27,1393511400,117.99
2014-02-28,1393597800,117.52
2014-03-03,1393857000,116.89
2014-03-04,1393943400,119.83
2014-03-05,1394029800,119.76
2014-03-06,1394116200,119.74
2014-03-07,1394202600,119.7
2014-03-10,1394458200,119.3
2014-03-11,1394544600,118.06
2014-03-12,1394631000,118.42
2014-03-13,1394717400,117.05
2014-03-14,1394803800,117.54
2014-03-17,1395063000,118.06
2014-03-18,1395149400,119.78
2014-03-19,1395235800,119
2014-03-20,1395322200,119.16
2014-03-21,1395408600,118.61
2014-03-24,1395667800,117.26
2014-03-25,1395754200,116.93
2014-03-26,1395840600,114.69
2014-03-27,1395927000,114.4
2014-03-28,1396013400,114.29
2014-03-31,1396272600,116.34
2014-04-01,1396359000,117.87
2014-04-02,1396445400,118.4
2014-04-03,1396531800,117.2
2014-04-04,1396618200,114.49
2014-04-07,1396877400,112.82
2014-04-08,1396963800,113.61
2014-04-09,1397050200,115.25
2014-04-10,1397136600,111.959
2014-04-11,1397223000,110.41
2014-04-14,1397482200,110.72
2014-04-15,1397568600,111.15
2014-04-16,1397655000,112.36
2014-04-17,1397741400,112.92
2014-04-21,1398087000,113.45
2014-04-22,1398173400,114.62
2014-04-23,1398259800,113.9
2014-04-24,1398346200,113.61
2014-04-25,1398432600,111.61
2014-04-28,1398691800,110.96
2014-04-29,1398778200,111.24
2014-04-30,1398864600,111.98
2014-05-01,1398951000,111.94
2014-05-02,1399037400,112.03
2014-05-05,1399296600,111.89
2014-05-06,1399383000,110.07
2014-05-07,1399469400,110.139
2014-05-08,1399555800,109.03
2014-05-09,1399642200,110.03
2014-05-12,1399901400,112.53
2014-05-13,1399987800,111.43
2014-05-14,1400074200,109.62
2014-05-15,1400160600,108.88
2014-05-16,1400247000,109.57
2014-05-19,1400506200,110.75
2014-05-20,1400592600,109.06
2014-05-21,1400679000,109.62
2014-05-22,1400765400,110.76
2014-05-23,1400851800,111.97
2014-05-27,1401197400,113.58
2014-05-28,1401283800,112.99
2014-05-29,1401370200,113.37
2014-05-30,1401456600,112.86
2014-06-02,1401715800,112.25
2014-06-03,1401802200,111.98
2014-06-04,1401888600,112.42
2014-06-05,1401975000,114.78
2014-06-06,1402061400,115.88
2014-06-09,1402320600,116.9
2014-06-10,1402407000,116.67
2014-06-11,1402493400,116.1
2014-06-12,1402579800,115.39
2014-06-13,1402666200,115.59
2014-06-16,1402925400,116.15
2014-06-17,1403011800,116.97
2014-06-18,1403098200,117.76
2014-06-19,1403184600,117.86
2014-06-20,1403271000,118.25
2014-06-23,1403530200,118.02
2014-06-24,1403616600,116.76
2014-06-25,1403703000,117.75
2014-06-26,1403789400,117.55
2014-06-27,1403875800,118.34
2014-06-30,1404135000,118.81
2014-07-01,1404221400,120.02
2014-07-02,1404307800,119.1
2014-07-03,1404394200,119.82
2014-07-07,1404739800,117.77
2014-07-08,1404826200,116.34
2014-07-09,1404912600,116.49
2014-07-10,1404999000,115.25
2014-07-11,1405085400,115.1
2014-07-14,1405344600,115.69
2014-07-15,1405431000,114.55
2014-07-16,1405517400,114.24
2014-07-17,1405603800,112.48
2014-07-18,1405690200,114.23
2014-07-21,1405949400,113.77
2014-07-22,1406035800,114.73
2014-07-23,1406122200,114.865
2014-07-24,1406208600,114.64
2014-07-25,1406295000,113.6
2014-07-28,1406554200,113.03
2014-07-29,1406640600,113.34
2014-07-30,1406727000,113.79
2014-07-31,1406813400,111.1899
2014-08-01,1406899800,110.68
2014-08-04,1407159000,111.66
2014-08-05,1407245400,111.38
2014-08-06,1407331800,111.731
2014-08-07,1407418200,111.19
2014-08-08,1407504600,112.27
2014-08-11,1407763800,113.34
2014-08-12,1407850200,112.56
2014-08-13,1407936600,113.44
2014-08-14,1408023000,113.61
2014-08-15,1408109400,113.39
2014-08-18,1408368600,115.04
2014-08-19,1408455000,115.44
2014-08-20,1408541400,114.95
2014-08-21,1408627800,115.2
2014-08-22,1408714200,115.21
2014-08-25,1408973400,115.75
2014-08-26,1409059800,116.8
2014-08-27,1409146200,116.51
2014-08-28,1409232600,115.91
2014-08-29,1409319000,116.56
2014-09-02,1409664600,117.2
2014-09-03,1409751000,116.46
2014-09-04,1409837400,116.01
2014-09-05,1409923800,116.38
2014-09-08,1410183000,116.56
2014-09-09,1410269400,115.18
2014-09-10,1410355800,115.86
2014-09-11,1410442200,116.61
2014-09-12,1410528600,115.37
2014-09-15,1410787800,114.11
2014-09-16,1410874200,114.43
2014-09-17,1410960600,114.73
2014-09-18,1411047000,115.43
2014-09-19,1411133400,113.97
2014-09-22,1411392600,112.37
2014-09-23,1411479000,111.32
2014-09-24,1411565400,112.02
2014-09-25,1411651800,110.13
2014-09-26,1411738200,111.12
2014-09-29,1411997400,111.03
2014-09-30,1412083800,109.35
2014-10-01,1412170200,107.8
2014-10-02,1412256600,108.83
2014-10-03,1412343000,109.65
2014-10-06,1412602200,108.71
2014-10-07,1412688600,106.92
2014-10-08,1412775000,108.97
2014-10-09,1412861400,106.03
2014-10-10,1412947800,104.74
2014-10-13,1413207000,104.32
2014-10-14,1413293400,105.54
2014-10-15,1413379800,106.6
2014-10-16,1413466200,107.8
2014-10-17,1413552600,107.48
2014-10-20,1413811800,108.74
2014-10-21,1413898200,110.53
2014-10-22,1413984600,108.95
2014-10-23,1414071000,110.88
2014-10-24,1414157400,111.07
2014-10-27,1414416600,111.01
2014-10-28,1414503000,114.17
2014-10-29,1414589400,113.9
2014-10-30,1414675800,114.87
2014-10-31,1414762200,116.56
2014-11-03,1415025000,116.36
2014-11-04,1415111400,115.82
2014-11-05,1415197800,116.03
2014-11-06,1415284200,116.53
2014-11-07,1415370600,116.71
2014-11-10,1415629800,117.29
2014-11-11,1415716200,117.37
2014-11-12,1415802600,117.9
2014-11-13,1415889000,116.9
2014-11-14,1415975400,116.69
2014-11-17,1416234600,115.72
2014-11-18,1416321000,116.39
2014-11-19,1416407400,115.15
2014-11-20,1416493800,116.44
2014-11-21,1416580200,116.58
2014-11-24,1416839400,117.97
2014-11-25,1416925800,118.06
2014-11-26,1417012200,118.45
2014-11-28,1417185000,116.69
2014-12-01,1417444200,114.87
2014-12-02,1417530600,116.25
2014-12-03,1417617000,117.37
2014-12-04,1417703400,116.81
2014-12-05,1417789800,117.69
2014-12-08,1418049000,116.22
2014-12-09,1418135400,118.17
2014-12-10,1418221800,115.66
2014-12-11,1418308200,116.12
2014-12-12,1418394600,114.71
2014-12-15,1418653800,113.55
2014-12-16,1418740200,113.39
2014-12-17,1418826600,116.89
2014-12-18,1418913000,118.63
2014-12-19,1418999400,118.9
2014-12-22,1419258600,119.71
2014-12-23,1419345000,119.86
2014-12-24,1419431400,119.76
2014-12-26,1419604200,120.54
2014-12-29,1419863400,121.05
2014-12-30,1419949800,120.34
2014-12-31,1420036200,119.62
2015-01-02,1420209000,118.93
2015-01-05,1420468200,117.34
2015-01-06,1420554600,115.31
2015-01-07,1420641000,116.73
2015-01-08,1420727400,118.71
2015-01-09,1420813800,117.57
2015-01-12,1421073000,117.18
2015-01-13,1421159400,117.27
2015-01-14,1421245800,116.8
2015-01-15,1421332200,114.83
2015-01-16,1421418600,116.7
2015-01-20,1421764200,116.21
2015-01-21,1421850600,115.84
2015-01-22,1421937000,118.2
2015-01-23,1422023400,118.12
2015-01-26,1422282600,119.26
2015-01-27,1422369000,118.69
2015-01-28,1422455400,116.69
2015-01-29,1422541800,118.3
2015-01-30,1422628200,115.7
2015-02-02,1422887400,116.76
2015-02-03,1422973800,118.85
2015-02-04,1423060200,118.41
2015-02-05,1423146600,119.94
2015-02-06,1423233000,119.81
2015-02-09,1423492200,118.86
2015-02-10,1423578600,119.62
2015-02-11,1423665000,119.45
2015-02-12,1423751400,120.81
2015-02-13,1423837800,121.53
2015-02-17,1424183400,121.91
2015-02-18,1424269800,122.04
2015-02-19,1424356200,122.05
2015-02-20,1424442600,122.38
2015-02-23,1424701800,122.5
2015-02-24,1424788200,122.66
2015-02-25,1424874600,122.8
2015-02-26,1424961000,123.25
2015-02-27,1425047400,122.58
2015-03-02,1425306600,123.47
2015-03-03,1425393000,122.74
2015-03-04,1425479400,122.36
2015-03-05,1425565800,122.72
2015-03-06,1425652200,121.17
2015-03-09,1425907800,121.7
2015-03-10,1425994200,120.3
2015-03-11,1426080600,121.04
2015-03-12,1426167000,123.05
2015-03-13,1426253400,122.61
2015-03-16,1426512600,123.33
2015-03-17,1426599000,123.66
2015-03-18,1426685400,124.65
2015-03-19,1426771800,124.89
2015-03-20,1426858200,125.99
2015-03-23,1427117400,125.88
2015-03-24,1427203800,125.85
2015-03-25,1427290200,122.47
2015-03-26,1427376600,122.32
2015-03-27,1427463000,123.1
2015-03-30,1427722200,124.77
2015-03-31,1427808600,124.37
2015-04-01,1427895000,124.42
2015-04-02,1427981400,124.65
2015-04-06,1428327000,125.2
2015-04-07,1428413400,124.4
2015-04-08,1428499800,125.47
2015-04-09,1428586200,125.02
2015-04-10,1428672600,125.62
2015-04-13,1428931800,125.7
2015-04-14,1429018200,125.67
2015-04-15,1429104600,126.55
2015-04-16,1429191000,126.48
2015-04-17,1429277400,124.43
2015-04-20,1429536600,125.65
2015-04-21,1429623000,125.52
2015-04-22,1429709400,125.71
2015-04-23,1429795800,126.28
2015-04-24,1429882200,125.86
2015-04-27,1430141400,124.47
2015-04-28,1430227800,125.16
2015-04-29,1430314200,123.8
2015-04-30,1430400600,121.18
2015-05-01,1430487000,121.97
2015-05-04,1430746200,122.41
2015-05-05,1430832600,120.85
2015-05-06,1430919000,121.27
2015-05-07,1431005400,121.73
2015-05-08,1431091800,122.64
2015-05-11,1431351000,122.71
2015-05-12,1431437400,122.49
2015-05-13,1431523800,122.485
2015-05-14,1431610200,123.79
2015-05-15,1431696600,123.65
2015-05-18,1431955800,125.05
2015-05-19,1432042200,124.88
2015-05-20,1432128600,125.11
2015-05-21,1432215000,124.97
2015-05-22,1432301400,124.43
2015-05-26,1432647000,123.24
2015-05-27,1432733400,124.75
2015-05-28,1432819800,124.64
2015-05-29,1432906200,123.89
2015-06-01,1433165400,124.28
2015-06-02,1433251800,124.52
2015-06-03,1433338200,125.76
2015-06-04,1433424600,124.5
2015-06-05,1433511000,125.4
2015-06-08,1433770200,124.82
2015-06-09,1433856600,124.44
2015-06-10,1433943000,125.99
2015-06-11,1434029400,126.31
2015-06-12,1434115800,125.93
2015-06-15,1434375000,125.53
2015-06-16,1434461400,126.42
2015-06-17,1434547800,126.23
2015-06-18,1434634200,127.92
2015-06-19,1434720600,127.86
2015-06-22,1434979800,128.74
2015-06-23,1435066200,129.01
2015-06-24,1435152600,127.92
2015-06-25,1435239000,127.85
2015-06-26,1435325400,127.5
2015-06-29,1435584600,124.28
2015-06-30,1435671000,124.86
2015-07-01,1435757400,125.23
2015-07-02,1435843800,123.78
2015-07-06,1436189400,123.74
2015-07-07,1436275800,123.88
2015-07-08,1436362200,121.99
2015-07-09,1436448600,122.43
2015-07-10,1436535000,124.13
2015-07-13,1436794200,125.53
2015-07-14,1436880600,126.23
2015-07-15,1436967000,125.56
2015-07-16,1437053400,126.31
2015-07-17,1437139800,125.76
2015-07-20,1437399000,125.08
2015-07-21,1437485400,124.49
2015-07-22,1437571800,124.95
2015-07-23,1437658200,123.57
2015-07-24,1437744600,121.58
2015-07-27,1438003800,120.57
2015-07-28,1438090200,121.6
2015-07-29,1438176600,121.94
2015-07-30,1438263000,122.29
2015-07-31,1438349400,122.96
2015-08-03,1438608600,122.35
2015-08-04,1438695000,122.06
2015-08-05,1438781400,122.34
2015-08-06,1438867800,120.69
2015-08-07,1438954200,119.88
2015-08-10,1439213400,121.26
2015-08-11,1439299800,120.22
2015-08-12,1439386200,119.99
2015-08-13,1439472600,119.59
2015-08-14,1439559000,120.36
2015-08-17,1439818200,121.63
2015-08-18,1439904600,120.66
2015-08-19,1439991000,119.41
2015-08-20,1440077400,116.39
2015-08-21,1440163800,115.03
2015-08-24,1440423000,110.54
2015-08-25,1440509400,109.69
2015-08-26,1440595800,112.48
2015-08-27,1440682200,114.49
2015-08-28,1440768600,115.62
2015-08-31,1441027800,115.2
2015-09-01,1441114200,111.9
2015-09-02,1441200600,113.91
2015-09-03,1441287000,113.73
2015-09-04,1441373400,112.87
2015-09-08,1441719000,115.45
2015-09-09,1441805400,114.12
2015-09-10,1441891800,114.64
2015-09-11,1441978200,115.18
2015-09-14,1442237400,114.65
2015-09-15,1442323800,115.94
2015-09-16,1442410200,116.94
2015-09-17,1442496600,117.34
2015-09-18,1442583000,115.72
2015-09-21,1442842200,115.51
2015-09-22,1442928600,113.76
2015-09-23,1443015000,113.42
2015-09-24,1443101400,113.23
2015-09-25,1443187800,111.42
2015-09-28,1443447000,108.3
2015-09-29,1443533400,107.53
2015-09-30,1443619800,109.2
2015-10-01,1443706200,109.01
2015-10-02,1443792600,110.63
2015-10-05,1444051800,113.27
2015-10-06,1444138200,112.49
2015-10-07,1444224600,114.48
2015-10-08,1444311000,115.51
2015-10-09,1444397400,115.74
2015-10-12,1444656600,115.57
2015-10-13,1444743000,113.99
2015-10-14,1444829400,112.87
2015-10-15,1444915800,115.57
2015-10-16,1445002200,115.42
2015-10-19,1445261400,115.64
2015-10-20,1445347800,115.48
2015-10-21,1445434200,113.72
2015-10-22,1445520600,114.72
2015-10-23,1445607000,115.85
2015-10-26,1445866200,115.06
2015-10-27,1445952600,113.8
2015-10-28,1446039000,117.12
2015-10-29,1446125400,115.87
2015-10-30,1446211800,115.34
2015-11-02,1446474600,117.74
2015-11-03,1446561000,118.35
2015-11-04,1446647400,118.29
2015-11-05,1446733800,118.38
2015-11-06,1446820200,119.22
2015-11-09,1447079400,117.82
2015-11-10,1447165800,118.17
2015-11-11,1447252200,117.14
2015-11-12,1447338600,114.9
2015-11-13,1447425000,114.07
2015-11-16,1447684200,115.05
2015-11-17,1447770600,114.61
2015-11-18,1447857000,116.55
2015-11-19,1447943400,116.06
2015-11-20,1448029800,116.81
2015-11-23,1448289000,117.39
2015-11-24,1448375400,118.25
2015-11-25,1448461800,119.17
2015-11-27,1448634600,119.62
2015-11-30,1448893800,119.1
2015-12-01,1448980200,119.89
2015-12-02,1449066600,118.6
2015-12-03,1449153000,116.6
2015-12-04,1449239400,117.78
2015-12-07,1449498600,116.01
2015-12-08,1449585000,115.37
2015-12-09,1449671400,114.08
2015-12-10,1449757800,114.46
2015-12-11,1449844200,111.91
2015-12-14,1450103400,111.11
2015-12-15,1450189800,112.71
2015-12-16,1450276200,114.43
2015-12-17,1450362600,113.21
2015-12-18,1450449000,111.48
2015-12-21,1450708200,112.32
2015-12-22,1450794600,113.35
2015-12-23,1450881000,114.78
2015-12-24,1450967400,114.5
2015-12-28,1451313000,113.97
2015-12-29,1451399400,115.2
2015-12-30,1451485800,114.04
2015-12-31,1451572200,112.62
2016-01-04,1451917800,110.01
2016-01-05,1452004200,110.25
2016-01-06,1452090600,108.57
2016-01-07,1452177000,105.67
2016-01-08,1452263400,103.85
2016-01-11,1452522600,103.4
2016-01-12,1452609000,103.71
2016-01-13,1452695400,100.38
2016-01-14,1452781800,101.77
2016-01-15,1452868200,100.12
2016-01-19,1453213800,98.77
2016-01-20,1453300200,99.18
2016-01-21,1453386600,98.95
2016-01-22,1453473000,101.37
2016-01-25,1453732200,99.115
2016-01-26,1453818600,101.1
2016-01-27,1453905000,99.71
2016-01-28,1453991400,99.69
2016-01-29,1454077800,102.96
2016-02-01,1454337000,102.49
2016-02-02,1454423400,100.28
2016-02-03,1454509800,100.41
2016-02-04,1454596200,100.8
2016-02-05,1454682600,98.04
2016-02-08,1454941800,96.43
2016-02-09,1455028200,95.78
2016-02-10,1455114600,95.83
2016-02-11,1455201000,94.7892
2016-02-12,1455287400,96.59
2016-02-16,1455633000,98.88
2016-02-17,1455719400,100.43
2016-02-18,1455805800,99.95
2016-02-19,1455892200,100.45
2016-02-22,1456151400,101.57
2016-02-23,1456237800,100.64
2016-02-24,1456324200,101.61
2016-02-25,1456410600,102.54
2016-02-26,1456497000,103.19
2016-02-29,1456756200,102.73
2016-03-01,1456842600,104.94
2016-03-02,1456929000,106.0208
2016-03-03,1457015400,107.13
2016-03-04,1457101800,107.72
2016-03-07,1457361000,108.8892
2016-03-08,1457447400,106.26
2016-03-09,1457533800,106.8
2016-03-10,1457620200,105.93
2016-03-11,1457706600,108.2008
2016-03-14,1457962200,107.92
2016-03-15,1458048600,106.24
2016-03-16,1458135000,106.99
2016-03-17,1458221400,108.63
2016-03-18,1458307800,109.61
2016-03-21,1458567000,109.35
2016-03-22,1458653400,109.22
2016-03-23,1458739800,106.88
2016-03-24,1458826200,107.2
2016-03-28,1459171800,107.33
2016-03-29,1459258200,110.31
2016-03-30,1459344600,110.32
2016-03-31,1459431000,110.63
2016-04-01,1459517400,111.12
2016-04-04,1459776600,110.19
2016-04-05,1459863000,108.94
2016-04-06,1459949400,110.17
2016-04-07,1460035800,108.68
2016-04-08,1460122200,109.11
2016-04-11,1460381400,108.77
2016-04-12,1460467800,109.94
2016-04-13,1460554200,112.31
2016-04-14,1460640600,112.17
2016-04-15,1460727000,112.45
2016-04-18,1460986200,113.3
2016-04-19,1461072600,113.39
2016-04-20,1461159000,113.56
2016-04-21,1461245400,112.99
2016-04-22,1461331800,114.11
2016-04-25,1461591000,113.3
2016-04-26,1461677400,114.41
2016-04-27,1461763800,114.81
2016-04-28,1461850200,113.5
2016-04-29,1461936600,112.48
2016-05-02,1462195800,113.48
2016-05-03,1462282200,111.62
2016-05-04,1462368600,110.7
2016-05-05,1462455000,110.26
2016-05-06,1462541400,110.91
2016-05-09,1462800600,111.23
2016-05-10,1462887000,112.35
2016-05-11,1462973400,110.96
2016-05-12,1463059800,110.3708
2016-05-13,1463146200,109.64
2016-05-16,1463405400,111.03
2016-05-17,1463491800,109.27
2016-05-18,1463578200,109.84
2016-05-19,1463664600,108.955
2016-05-20,1463751000,110.79
2016-05-23,1464010200,110.66
2016-05-24,1464096600,112.94
2016-05-25,1464183000,113.6
2016-05-26,1464269400,113.47
2016-05-27,1464355800,114.6
2016-05-31,1464701400,115
2016-06-01,1464787800,115.78
2016-06-02,1464874200,116.67
2016-06-03,1464960600,115.97
2016-06-06,1465219800,117.22
2016-06-07,1465306200,117.56
2016-06-08,1465392600,118.43
2016-06-09,1465479000,117.67
2016-06-10,1465565400,116.07
2016-06-13,1465824600,114.81
2016-06-14,1465911000,114.48
2016-06-15,1465997400,114.56
2016-06-16,1466083800,114.55
2016-06-17,1466170200,114.06
2016-06-20,1466429400,115.3
2016-06-21,1466515800,115.08
2016-06-22,1466602200,114.63
2016-06-23,1466688600,116.82
2016-06-24,1466775000,112.55
2016-06-27,1467034200,108.69
2016-06-28,1467120600,110.37
2016-06-29,1467207000,112.88
2016-06-30,1467293400,114.98
2016-07-01,1467379800,115.39
2016-07-05,1467725400,113.69
2016-07-06,1467811800,113.89
2016-07-07,1467898200,114.13
2016-07-08,1467984600,116.79
2016-07-11,1468243800,118.14
2016-07-12,1468330200,119.72
2016-07-13,1468416600,119.25
2016-07-14,1468503000,119.37
2016-07-15,1468589400,119.7
2016-07-18,1468848600,119.9
2016-07-19,1468935000,119.3
2016-07-20,1469021400,120.08
2016-07-21,1469107800,119.51
2016-07-22,1469194200,120.4
2016-07-25,1469453400,120.22
2016-07-26,1469539800,120.8
2016-07-27,1469626200,121.14
2016-07-28,1469712600,120.83
2016-07-29,1469799000,121.07
2016-08-01,1470058200,121.17
2016-08-02,1470144600,119.48
2016-08-03,1470231000,120.45
2016-08-04,1470317400,120.56
2016-08-05,1470403800,122.3
2016-08-08,1470663000,122.24
2016-08-09,1470749400,122.37
2016-08-10,1470835800,121.4892
2016-08-11,1470922200,122.07
2016-08-12,1471008600,122.19
2016-08-15,1471267800,123.4
2016-08-16,1471354200,122.4
2016-08-17,1471440600,122.04
2016-08-18,1471527000,122.94
2016-08-19,1471613400,122.94
2016-08-22,1471872600,123.22
2016-08-23,1471959000,124.08
2016-08-24,1472045400,123.07
2016-08-25,1472131800,123.31
2016-08-26,1472218200,123.06
2016-08-29,1472477400,123.7
2016-08-30,1472563800,123.93
2016-08-31,1472650200,123.23
2016-09-01,1472736600,123.32
2016-09-02,1472823000,124.51
2016-09-06,1473168600,124.6292
2016-09-07,1473255000,125.41
2016-09-08,1473341400,125.16
2016-09-09,1473427800,121.25
2016-09-12,1473687000,122.94
2016-09-13,1473773400,120.58
2016-09-14,1473859800,120.6
2016-09-15,1473946200,122.04
2016-09-16,1474032600,121.86
2016-09-19,1474291800,122.67
2016-09-20,1474378200,122.15
2016-09-21,1474464600,123.92
2016-09-22,1474551000,125.7
2016-09-23,1474637400,124.81
2016-09-26,1474896600,123.23
2016-09-27,1474983000,123.73
2016-09-28,1475069400,124.68
2016-09-29,1475155800,122.86
2016-09-30,1475242200,124.21
2016-10-03,1475501400,123.82
2016-10-04,1475587800,123.21
2016-10-05,1475674200,123.95
2016-10-06,1475760600,123.82
2016-10-07,1475847000,122.83
2016-10-10,1476106200,124.3
2016-10-11,1476192600,122.03
2016-10-12,1476279000,121.93
2016-10-13,1476365400,120.92
2016-10-14,1476451800,120.43
2016-10-17,1476711000,120.29
2016-10-18,1476797400,120.98
2016-10-19,1476883800,121.49
2016-10-20,1476970200,121.13
2016-10-21,1477056600,121.07
2016-10-24,1477315800,121.84
2016-10-25,1477402200,120.93
2016-10-26,1477488600,119.73
2016-10-27,1477575000,118.36
2016-10-28,1477661400,118.03
2016-10-31,1477920600,118.5
2016-11-01,1478007000,117.05
2016-11-02,1478093400,115.56
2016-11-03,1478179800,115
2016-11-04,1478266200,115.74
2016-11-07,1478529000,118.57
2016-11-08,1478615400,118.88
2016-11-09,1478701800,122.54
2016-11-10,1478788200,124.5
2016-11-11,1478874600,127.36
2016-11-14,1479133800,129.15
2016-11-15,1479220200,129.55
2016-11-16,1479306600,129.54
2016-11-17,1479393000,130.3
2016-11-18,1479479400,130.99
2016-11-21,1479738600,131.6
2016-11-22,1479825000,132.8
2016-11-23,1479911400,133.63
2016-11-25,1480084200,134.07
2016-11-28,1480343400,132.33
2016-11-29,1480429800,132.26
2016-11-30,1480516200,131.61
2016-12-01,1480602600,130.97
2016-12-02,1480689000,130.9
2016-12-05,1480948200,133.15
2016-12-06,1481034600,134.59
2016-12-07,1481121000,135.9
2016-12-08,1481207400,138.04
2016-12-09,1481293800,138.31
2016-12-12,1481553000,136.85
2016-12-13,1481639400,136.86
2016-12-14,1481725800,135.15
2016-12-15,1481812200,136.16
2016-12-16,1481898600,135.91
2016-12-19,1482157800,136.8
2016-12-20,1482244200,137.96
2016-12-21,1482330600,137.06
2016-12-22,1482417000,135.32
2016-12-23,1482503400,136.04
2016-12-27,1482849000,136.65
2016-12-28,1482935400,135.25
2016-12-29,1483021800,135.37
2016-12-30,1483108200,134.85
2017-01-03,1483453800,135.52
2017-01-04,1483540200,137.78
2017-01-05,1483626600,136.19
2017-01-06,1483713000,135.69
2017-01-09,1483972200,134.8
2017-01-10,1484058600,136.09
2017-01-11,1484145000,136.33
2017-01-12,1484231400,135.28
2017-01-13,1484317800,136.26
2017-01-17,1484663400,134.41
2017-01-18,1484749800,134.85
2017-01-19,1484836200,133.75
2017-01-20,1484922600,134.44
2017-01-23,1485181800,133.88
2017-01-24,1485268200,135.93
2017-01-25,1485354600,137.21
2017-01-26,1485441000,136.66
2017-01-27,1485527400,136.19
2017-01-30,1485786600,134.29
2017-01-31,1485873000,135.23
2017-02-01,1485959400,135.15
2017-02-02,1486045800,134.81
2017-02-03,1486132200,136.87
2017-02-06,1486391400,135.84
2017-02-07,1486477800,135.24
2017-02-08,1486564200,135
2017-02-09,1486650600,136.9
2017-02-10,1486737000,137.94
2017-02-13,1486996200,138.3
2017-02-14,1487082600,138.76
2017-02-15,1487169000,139.59
2017-02-16,1487255400,139.2
2017-02-17,1487341800,139.11
2017-02-21,1487687400,140.2
2017-02-22,1487773800,139.58
2017-02-23,1487860200,138.75
2017-02-24,1487946600,138.65
2017-02-27,1488205800,140
2017-02-28,1488292200,137.84
2017-03-01,1488378600,140.36
2017-03-02,1488465000,138.75
2017-03-03,1488551400,138.65
2017-03-06,1488810600,137.7
2017-03-07,1488897000,136.8
2017-03-08,1488983400,135.9
2017-03-09,1489069800,135.36
2017-03-10,1489156200,135.96
2017-03-13,1489411800,136.28
2017-03-14,1489498200,135.63
2017-03-15,1489584600,137.73
2017-03-16,1489671000,137.91
2017-03-17,1489757400,138.46
2017-03-20,1490016600,137.7512
2017-03-21,1490103000,133.97
2017-03-22,1490189400,134
2017-03-23,1490275800,134.78
2017-03-24,1490362200,134.49
2017-03-27,1490621400,134.74
2017-03-28,1490707800,135.79
2017-03-29,1490794200,136.23
2017-03-30,1490880600,137.26
2017-03-31,1490967000,137.48
2017-04-03,1491226200,136.03
2017-04-04,1491312600,135.87
2017-04-05,1491399000,134.33
2017-04-06,1491485400,135.58
2017-04-07,1491571800,135.52
2017-04-10,1491831000,135.82
2017-04-11,1491917400,136.9
2017-04-12,1492003800,135.04
2017-04-13,1492090200,133.72
2017-04-17,1492435800,135.29
2017-04-18,1492522200,135.32
2017-04-19,1492608600,135.79
2017-04-20,1492695000,137.52
2017-04-21,1492781400,137.21
2017-04-24,1493040600,138.92
2017-04-25,1493127000,140.27
2017-04-26,1493213400,140.99
2017-04-27,1493299800,140.95
2017-04-28,1493386200,139.06
2017-05-01,1493645400,139.86
2017-05-02,1493731800,139.15
2017-05-03,1493818200,138.29
2017-05-04,1493904600,138.1
2017-05-05,1493991000,138.99
2017-05-08,1494250200,138.41
2017-05-09,1494336600,138.35
2017-05-10,1494423000,139.21
2017-05-11,1494509400,138.24
2017-05-12,1494595800,137.51
2017-05-15,1494855000,138.58
2017-05-16,1494941400,138.63
2017-05-17,1495027800,134.89
2017-05-18,1495114200,135.38
2017-05-19,1495200600,136.03
2017-05-22,1495459800,136.95
2017-05-23,1495546200,137.4
2017-05-24,1495632600,137.49
2017-05-25,1495719000,137.58
2017-05-26,1495805400,137.54
2017-05-30,1496151000,136.46
2017-05-31,1496237400,136.32
2017-06-01,1496323800,138.95
2017-06-02,1496410200,139.85
2017-06-05,1496669400,138.98
2017-06-06,1496755800,138.85
2017-06-07,1496842200,138.98
2017-06-08,1496928600,140.88
2017-06-09,1497015000,141.61
2017-06-12,1497274200,141.38
2017-06-13,1497360600,142.1
2017-06-14,1497447000,141.26
2017-06-15,1497533400,140.54
2017-06-16,1497619800,140.19
2017-06-19,1497879000,141.23
2017-06-20,1497965400,139.8
2017-06-21,1498051800,139.45
2017-06-22,1498138200,139.98
2017-06-23,1498224600,140.91
2017-06-26,1498483800,141.08
2017-06-27,1498570200,139.84
2017-06-28,1498656600,141.98
2017-06-29,1498743000,141.14
2017-06-30,1498829400,140.92
2017-07-03,1499088600,142.1
2017-07-05,1499261400,141.59
2017-07-06,1499347800,139.14
2017-07-07,1499434200,140.49
2017-07-10,1499693400,139.88
2017-07-11,1499779800,140.29
2017-07-12,1499866200,141.37
2017-07-13,1499952600,141.49
2017-07-14,1500039000,141.73
2017-07-17,1500298200,142.06
2017-07-18,1500384600,141.69
2017-07-19,1500471000,143.1
2017-07-20,1500557400,143.2
2017-07-21,1500643800,142.55
2017-07-24,1500903000,142.75
2017-07-25,1500989400,144.05
2017-07-26,1501075800,143.25
2017-07-27,1501162200,142.34
2017-07-28,1501248600,141.96
2017-07-31,1501507800,141.51
2017-08-01,1501594200,141.78
2017-08-02,1501680600,140.23
2017-08-03,1501767000,139.53
2017-08-04,1501853400,140.21
2017-08-07,1502112600,140.44
2017-08-08,1502199000,140
2017-08-09,1502285400,138.79
2017-08-10,1502371800,136.27
2017-08-11,1502458200,136.47
2017-08-14,1502717400,138.54
2017-08-15,1502803800,137.4
2017-08-16,1502890200,137.44
2017-08-17,1502976600,134.93
2017-08-18,1503063000,134.92
2017-08-21,1503322200,134.83
2017-08-22,1503408600,136.29
2017-08-23,1503495000,136.07
2017-08-24,1503581400,136.49
2017-08-25,1503667800,136.88
2017-08-28,1503927000,137.46
2017-08-29,1504013400,137.49
2017-08-30,1504099800,138.37
2017-08-31,1504186200,139.73
2017-09-01,1504272600,140.52
2017-09-05,1504618200,139.17
2017-09-06,1504704600,139.46
2017-09-07,1504791000,139.11
2017-09-08,1504877400,139.22
2017-09-11,1505136600,140.68
2017-09-12,1505223000,141.54
2017-09-13,1505309400,141.96
2017-09-14,1505395800,141.83
2017-09-15,1505482200,142.41
2017-09-18,1505741400,143.38
2017-09-19,1505827800,143.38
2017-09-20,1505914200,143.84
2017-09-21,1506000600,143.69
2017-09-22,1506087000,144.3
2017-09-25,1506346200,144.5
2017-09-26,1506432600,144.61
2017-09-27,1506519000,147.44
2017-09-28,1506605400,147.83
2017-09-29,1506691800,148.18
2017-10-02,1506951000,150
2017-10-03,1507037400,150.33
2017-10-04,1507123800,149.85
2017-10-05,1507210200,150.26
2017-10-06,1507296600,150.05
2017-10-09,1507555800,149.43
2017-10-10,1507642200,149.86
2017-10-11,1507728600,149.75
2017-10-12,1507815000,149.64
2017-10-13,1507901400,149.37
2017-10-16,1508160600,149.24
2017-10-17,1508247000,148.81
2017-10-18,1508333400,149.52
2017-10-19,1508419800,149.29
2017-10-20,1508506200,149.98
2017-10-23,1508765400,148.86
2017-10-24,1508851800,149.17
2017-10-25,1508938200,148.45
2017-10-26,1509024600,148.76
2017-10-27,1509111000,149.79
2017-10-30,1509370200,148.21
2017-10-31,1509456600,149.26
2017-11-01,1509543000,148.27
2017-11-02,1509629400,148.71
2017-11-03,1509715800,148.61
2017-11-06,1509978600,148.78
2017-11-07,1510065000,147
2017-11-08,1510151400,147.2
2017-11-09,1510237800,146.68
2017-11-10,1510324200,146.57
2017-11-13,1510583400,146.61
2017-11-14,1510669800,146.21
2017-11-15,1510756200,145.63
2017-11-16,1510842600,147.77
2017-11-17,1510929000,148.45
2017-11-20,1511188200,149.53
2017-11-21,1511274600,151.09
2017-11-22,1511361000,150.89
2017-11-24,1511533800,150.95
2017-11-27,1511793000,150.49
2017-11-28,1511879400,152.86
2017-11-29,1511965800,153.37
2017-11-30,1512052200,153.65
2017-12-01,1512138600,153.02
2017-12-04,1512397800,152.45
2017-12-05,1512484200,150.93
2017-12-06,1512570600,150.22
2017-12-07,1512657000,151.27
2017-12-08,1512743400,151.41
2017-12-11,1513002600,151.35
2017-12-12,1513089000,150.88
2017-12-13,1513175400,151.78
2017-12-14,1513261800,150.1
2017-12-15,1513348200,152.24
2017-12-18,1513607400,154.3
2017-12-19,1513693800,153.08
2017-12-20,1513780200,153.38
2017-12-21,1513866600,153.47
2017-12-22,1513953000,153.19
2017-12-26,1514298600,153.28
2017-12-27,1514385000,153.13
2017-12-28,1514471400,153.73
2017-12-29,1514557800,152.46
2018-01-02,1514903400,153.9
2018-01-03,1514989800,154.06
2018-01-04,1515076200,154.47
2018-01-05,1515162600,154.79
2018-01-08,1515421800,155.03
2018-01-09,1515508200,154.82
2018-01-10,1515594600,154.84
2018-01-11,1515681000,157.5
2018-01-12,1515767400,158.16
2018-01-16,1516113000,156.14
2018-01-17,1516199400,157.62
2018-01-18,1516285800,156.54
2018-01-19,1516372200,158.6
2018-01-22,1516631400,159.45
2018-01-23,1516717800,159.96
2018-01-24,1516804200,158.97
2018-01-25,1516890600,159.03
2018-01-26,1516977000,159.6
2018-01-29,1517236200,158.7
2018-01-30,1517322600,157.18
2018-01-31,1517409000,156.36
2018-02-01,1517495400,156.85
2018-02-02,1517581800,153.83
2018-02-05,1517841000,147.92
2018-02-06,1517927400,149.69
2018-02-07,1518013800,149.84
2018-02-08,1518100200,145.44
2018-02-09,1518186600,146.77
2018-02-12,1518445800,148.16
2018-02-13,1518532200,148.48
2018-02-14,1518618600,151.15
2018-02-15,1518705000,152.8
2018-02-16,1518791400,153.34
2018-02-20,1519137000,152.08
2018-02-21,1519223400,152.24
2018-02-22,1519309800,152
2018-02-23,1519396200,153.98
2018-02-26,1519655400,154.99
2018-02-27,1519741800,152.76
2018-02-28,1519828200,150.35
2018-03-01,1519914600,149.95
2018-03-02,1520001000,152.35
2018-03-05,1520260200,153.71
2018-03-06,1520346600,155.37
2018-03-07,1520433000,156.74
2018-03-08,1520519400,156.42
2018-03-09,1520605800,158.92
2018-03-12,1520861400,159.2
2018-03-13,1520947800,158.46
2018-03-14,1521034200,157.71
2018-03-15,1521120600,156.92
2018-03-16,1521207000,157.8
2018-03-19,1521466200,156.28
2018-03-20,1521552600,156.24
2018-03-21,1521639000,157.15
2018-03-22,1521725400,153.35
2018-03-23,1521811800,150.05
2018-03-26,1522071000,153.33
2018-03-27,1522157400,150.36
2018-03-28,1522243800,150.31
2018-03-29,1522330200,151.83
2018-04-02,1522675800,148.13
2018-04-03,1522762200,150.25
2018-04-04,1522848600,152.16
2018-04-05,1522935000,153.42
2018-04-06,1523021400,150.36
2018-04-09,1523280600,150.54
2018-04-10,1523367000,153.38
2018-04-11,1523453400,153.71
2018-04-12,1523539800,154.76
2018-04-13,1523626200,153.95
2018-04-16,1523885400,155.37
2018-04-17,1523971800,157.06
2018-04-18,1524058200,157.48
2018-04-19,1524144600,156.39
2018-04-20,1524231000,155.55
2018-04-23,1524490200,155.32
2018-04-24,1524576600,154.43
2018-04-25,1524663000,154.2
2018-04-26,1524749400,154.91
2018-04-27,1524835800,154.69
2018-04-30,1525095000,153.32
2018-05-01,1525181400,154.07
2018-05-02,1525267800,154.65
2018-05-03,1525354200,153.81
2018-05-04,1525440600,155.73
2018-05-07,1525699800,157.05
2018-05-08,1525786200,157.83
2018-05-09,1525872600,158.68
2018-05-10,1525959000,159.53
2018-05-11,1526045400,159.84
2018-05-14,1526304600,159.23
2018-05-15,1526391000,159.26
2018-05-16,1526477400,160.92
2018-05-17,1526563800,161.66
2018-05-18,1526650200,161.87
2018-05-21,1526909400,162.94
2018-05-22,1526995800,161.76
2018-05-23,1527082200,161.97
2018-05-24,1527168600,162.03
2018-05-25,1527255000,161.74
2018-05-29,1527600600,161.52
2018-05-30,1527687000,164.08
2018-05-31,1527773400,162.77
2018-06-01,1527859800,163.84
2018-06-04,1528119000,164.71
2018-06-05,1528205400,165.73
2018-06-06,1528291800,166.93
2018-06-07,1528378200,166.02
2018-06-08,1528464600,166.52
2018-06-11,1528723800,166.77
2018-06-12,1528810200,167.53
2018-06-13,1528896600,166.87
2018-06-14,1528983000,167.76
2018-06-15,1529069400,167.81
2018-06-18,1529328600,168.6
2018-06-19,1529415000,168.61
2018-06-20,1529501400,169.97
2018-06-21,1529587800,168.38
2018-06-22,1529674200,167.82
2018-06-25,1529933400,165.08
2018-06-26,1530019800,166.04
2018-06-27,1530106200,163.38
2018-06-28,1530192600,163.88
2018-06-29,1530279000,163.77
2018-07-02,1530538200,164.9
2018-07-03,1530624600,164.96
2018-07-05,1530797400,166.84
2018-07-06,1530883800,168.25
2018-07-09,1531143000,169.31
2018-07-10,1531229400,168.54
2018-07-11,1531315800,167.11
2018-07-12,1531402200,167.92
2018-07-13,1531488600,167.42
2018-07-16,1531747800,166.77
2018-07-17,1531834200,167.51
2018-07-18,1531920600,167.98
2018-07-19,1532007000,169.17
2018-07-20,1532093400,168.48
2018-07-23,1532352600,168.69
2018-07-24,1532439000,166.89
2018-07-25,1532525400,167.5
2018-07-26,1532611800,168.4
2018-07-27,1532698200,165.26
2018-07-30,1532957400,164.2
2018-07-31,1533043800,165.87
2018-08-01,1533130200,165.76
2018-08-02,1533216600,166.97
2018-08-03,1533303000,166.39
2018-08-06,1533562200,167.32
2018-08-07,1533648600,167.72
2018-08-08,1533735000,167.57
2018-08-09,1533821400,168
2018-08-10,1533907800,167.53
2018-08-13,1534167000,166.55
2018-08-14,1534253400,168.2
2018-08-15,1534339800,166.09
2018-08-16,1534426200,167.63
2018-08-17,1534512600,168.35
2018-08-20,1534771800,168.82
2018-08-21,1534858200,170.76
2018-08-22,1534944600,171.18
2018-08-23,1535031000,170.66
2018-08-24,1535117400,171.59
2018-08-27,1535376600,171.84
2018-08-28,1535463000,172
2018-08-29,1535549400,172.5
2018-08-30,1535635800,172.36
2018-08-31,1535722200,173.02
2018-09-04,1536067800,172.25
2018-09-05,1536154200,171.79
2018-09-06,1536240600,170.63
2018-09-07,1536327000,170.54
2018-09-10,1536586200,170.75
2018-09-11,1536672600,171.03
2018-09-12,1536759000,170.62
2018-09-13,1536845400,170.66
2018-09-14,1536931800,171.38
2018-09-17,1537191000,169.56
2018-09-18,1537277400,170.27
2018-09-19,1537363800,169.65
2018-09-20,1537450200,171.22
2018-09-21,1537536600,170.4
2018-09-24,1537795800,169.77
2018-09-25,1537882200,170.03
2018-09-26,1537968600,168.03
2018-09-27,1538055000,168.04
2018-09-28,1538141400,168.55
2018-10-01,1538400600,166.33
2018-10-02,1538487000,164.53
2018-10-03,1538573400,165.97
2018-10-04,1538659800,163.64
2018-10-05,1538746200,162.16
2018-10-08,1539005400,161.82
2018-10-09,1539091800,161.19
2018-10-10,1539178200,156.56
2018-10-11,1539264600,153.57
2018-10-12,1539351000,153.6
2018-10-15,1539610200,154.17
2018-10-16,1539696600,158.64
2018-10-17,1539783000,157.96
2018-10-18,1539869400,155
2018-10-19,1539955800,153.36
2018-10-22,1540215000,153.03
2018-10-23,1540301400,151.66
2018-10-24,1540387800,145.95
2018-10-25,1540474200,149.11
2018-10-26,1540560600,147.48
2018-10-29,1540819800,146.67
2018-10-30,1540906200,149.73
2018-10-31,1540992600,150.03
2018-11-01,1541079000,153.49
2018-11-02,1541165400,154
2018-11-05,1541428200,153.88
2018-11-06,1541514600,154.64
2018-11-07,1541601000,157.41
2018-11-08,1541687400,156.99
2018-11-09,1541773800,154.08
2018-11-12,1542033000,151.03
2018-11-13,1542119400,150.55
2018-11-14,1542205800,149.45
2018-11-15,1542292200,151.58
2018-11-16,1542378600,151.94
2018-11-19,1542637800,148.86
2018-11-20,1542724200,145.99
2018-11-21,1542810600,148.03
2018-11-23,1542983400,147.89
2018-11-26,1543242600,149.81
2018-11-27,1543329000,148.57
2018-11-28,1543415400,152.24
2018-11-29,1543501800,151.83
2018-11-30,1543588200,152.62
2018-12-03,1543847400,154.08
2018-12-04,1543933800,147.52
2018-12-06,1544106600,147.2
2018-12-07,1544193000,144.02
2018-12-10,1544452200,143.6
2018-12-11,1544538600,143.45
2018-12-12,1544625000,144.82
2018-12-13,1544711400,142.77
2018-12-14,1544797800,140.61
2018-12-17,1545057000,137.02
2018-12-18,1545143400,136.85
2018-12-19,1545229800,134
2018-12-20,1545316200,131.79
2018-12-21,1545402600,128.37
2018-12-24,1545661800,125.88
2018-12-26,1545834600,131.93
2018-12-27,1545921000,132.48
2018-12-28,1546007400,132.86
2018-12-31,1546266600,133.9
2019-01-02,1546439400,134.66
2019-01-03,1546525800,132.25
2019-01-04,1546612200,137.19
2019-01-07,1546871400,139.59
2019-01-08,1546957800,141.73
2019-01-09,1547044200,142.9
2019-01-10,1547130600,143.64
2019-01-11,1547217000,143.68
2019-01-14,1547476200,142.25
2019-01-15,1547562600,143.45
2019-01-16,1547649000,144.52
2019-01-17,1547735400,145.83
2019-01-18,1547821800,147.33
2019-01-22,1548167400,145
2019-01-23,1548253800,144.6
2019-01-24,1548340200,145.47
2019-01-25,1548426600,147.34
2019-01-28,1548685800,146.55
2019-01-29,1548772200,146.2
2019-01-30,1548858600,147.8
2019-01-31,1548945000,149.06
2019-02-01,1549031400,149.18
2019-02-04,1549290600,150.96
2019-02-05,1549377000,151.12
2019-02-06,1549463400,150.93
2019-02-07,1549549800,149.69
2019-02-08,1549636200,149.85
2019-02-11,1549895400,151.1
2019-02-12,1549981800,152.99
2019-02-13,1550068200,153.42
2019-02-14,1550154600,153.77
2019-02-15,1550241000,156.22
2019-02-19,1550586600,156.65
2019-02-20,1550673000,157.39
2019-02-21,1550759400,156.79
2019-02-22,1550845800,158.15
2019-02-25,1551105000,158.19
2019-02-26,1551191400,157.1
2019-02-27,1551277800,157.32
2019-02-28,1551364200,156.78
2019-03-01,1551450600,158.24
2019-03-04,1551709800,156.81
2019-03-05,1551796200,156.08
2019-03-06,1551882600,153.02
2019-03-07,1551969000,151.68
2019-03-08,1552055400,151.64
2019-03-11,1552311000,154.29
2019-03-12,1552397400,154.37
2019-03-13,1552483800,154.98
2019-03-14,1552570200,154.35
2019-03-15,1552656600,154.76
2019-03-18,1552915800,155.75
2019-03-19,1553002200,154.96
2019-03-20,1553088600,153.26
2019-03-21,1553175000,155.27
2019-03-22,1553261400,149.62
2019-03-25,1553520600,150.28
2019-03-26,1553607000,151.86
2019-03-27,1553693400,151.27
2019-03-28,1553779800,152.62
2019-03-29,1553866200,153.09
2019-04-01,1554125400,154.76
2019-04-02,1554211800,154.36
2019-04-03,1554298200,155.16
2019-04-04,1554384600,155.92
2019-04-05,1554471000,157.38
2019-04-08,1554730200,157.12
2019-04-09,1554816600,155.2
2019-04-10,1554903000,157.31
2019-04-11,1554989400,157.11
2019-04-12,1555075800,157.68
2019-04-15,1555335000,157.17
2019-04-16,1555421400,157.54
2019-04-17,1555507800,156.1
2019-04-18,1555594200,155.64
2019-04-22,1555939800,155.23
2019-04-23,1556026200,157.57
2019-04-24,1556112600,158.06
2019-04-25,1556199000,156.75
2019-04-26,1556285400,158.27
2019-04-29,1556544600,159.03
2019-04-30,1556631000,158.29
2019-05-01,1556717400,156.79
2019-05-02,1556803800,157.52
2019-05-03,1556890200,160.53
2019-05-06,1557149400,160.71
2019-05-07,1557235800,157.53
2019-05-08,1557322200,156.76
2019-05-09,1557408600,156.19
2019-05-10,1557495000,156.62
2019-05-13,1557754200,151.63
2019-05-14,1557840600,153.54
2019-05-15,1557927000,154.04
2019-05-16,1558013400,155
2019-05-17,1558099800,152.84
2019-05-20,1558359000,151.78
2019-05-21,1558445400,153.82
2019-05-22,1558531800,152.53
2019-05-23,1558618200,149.39
2019-05-24,1558704600,150.79
2019-05-28,1559050200,149.59
2019-05-29,1559136600,148.34
2019-05-30,1559223000,147.93
2019-05-31,1559309400,145.86
2019-06-03,1559568600,146.37
2019-06-04,1559655000,150.16
2019-06-05,1559741400,150.19
2019-06-06,1559827800,149.8
2019-06-07,1559914200,150.86
2019-06-10,1560173400,151.75
2019-06-11,1560259800,151.3
2019-06-12,1560346200,151.47
2019-06-13,1560432600,153.07
2019-06-14,1560519000,151.73
2019-06-17,1560778200,152.24
2019-06-18,1560864600,154.01
2019-06-19,1560951000,154.56
2019-06-20,1561037400,155.29
2019-06-21,1561123800,153.95
2019-06-24,1561383000,152.08
2019-06-25,1561469400,151.15
2019-06-26,1561555800,150.8
2019-06-27,1561642200,153.63
2019-06-28,1561728600,155.5
2019-07-01,1561987800,156.1
2019-07-02,1562074200,155.15
2019-07-03,1562160600,156.26
2019-07-05,1562333400,156.68
2019-07-08,1562592600,155.19
2019-07-09,1562679000,155.4
2019-07-10,1562765400,155.67
2019-07-11,1562851800,154.91
2019-07-12,1562938200,156.11
2019-07-15,1563197400,155.29
2019-07-16,1563283800,155.24
2019-07-17,1563370200,154.13
2019-07-18,1563456600,154.71
2019-07-19,1563543000,153.82
2019-07-22,1563802200,153.68
2019-07-23,1563888600,154.7
2019-07-24,1563975000,157.26
2019-07-25,1564061400,155.36
2019-07-26,1564147800,157.2
2019-07-29,1564407000,156.15
2019-07-30,1564493400,157.84
2019-07-31,1564579800,156.56
2019-08-01,1564666200,154.29
2019-08-02,1564752600,152.58
2019-08-05,1565011800,148
2019-08-06,1565098200,149.36
2019-08-07,1565184600,149.32
2019-08-08,1565271000,152.54
2019-08-09,1565357400,150.62
2019-08-12,1565616600,148.67
2019-08-13,1565703000,150.27
2019-08-14,1565789400,146.07
2019-08-15,1565875800,145.49
2019-08-16,1565962200,148.63
2019-08-19,1566221400,150.13
2019-08-20,1566307800,149.15
2019-08-21,1566394200,150.38
2019-08-22,1566480600,150.03
2019-08-23,1566567000,145.43
2019-08-26,1566826200,147.03
2019-08-27,1566912600,144.85
2019-08-28,1566999000,146.54
2019-08-29,1567085400,149.11
2019-08-30,1567171800,148.84
2019-09-03,1567517400,146.66
2019-09-04,1567603800,147.84
2019-09-05,1567690200,150.59
2019-09-06,1567776600,149.9
2019-09-09,1568035800,151.91
2019-09-10,1568122200,153.85
2019-09-11,1568208600,157
2019-09-12,1568295000,157.04
2019-09-13,1568381400,157.31
2019-09-16,1568640600,157.9
2019-09-17,1568727000,157.49
2019-09-18,1568813400,156.52
2019-09-19,1568899800,155.76
2019-09-20,1568986200,155.43
2019-09-23,1569245400,155.31
2019-09-24,1569331800,152.43
2019-09-25,1569418200,154.1
2019-09-26,1569504600,152.38
2019-09-27,1569591000,151.16
2019-09-30,1569850200,151.34
2019-10-01,1569936600,148.37
2019-10-02,1570023000,147.25
2019-10-03,1570109400,147.74
2019-10-04,1570195800,149.14
2019-10-07,1570455000,148.88
2019-10-08,1570541400,146.46
2019-10-09,1570627800,147.13
2019-10-10,1570714200,147.72
2019-10-11,1570800600,150.22
2019-10-14,1571059800,149.67
2019-10-15,1571146200,151.39
2019-10-16,1571232600,151.55
2019-10-17,1571319000,153.34
2019-10-18,1571405400,152.61
2019-10-21,1571664600,154.04
2019-10-22,1571751000,154.21
2019-10-23,1571837400,154.4
2019-10-24,1571923800,154.18
2019-10-25,1572010200,155
2019-10-28,1572269400,156.34
2019-10-29,1572355800,156.85
2019-10-30,1572442200,156.33
2019-10-31,1572528600,155.45
2019-11-01,1572615000,158.1
2019-11-04,1572877800,158.95
2019-11-05,1572964200,159.15
2019-11-06,1573050600,158.23
2019-11-07,1573137000,158.65
2019-11-08,1573223400,159.08
2019-11-11,1573482600,158.78
2019-11-12,1573569000,158.83
2019-11-13,1573655400,158.15
2019-11-14,1573741800,158.1
2019-11-15,1573828200,158.92
2019-11-18,1574087400,158.52
2019-11-19,1574173800,159.11
2019-11-20,1574260200,158.51
2019-11-21,1574346600,157.73
2019-11-22,1574433000,158.22
2019-11-25,1574692200,161.58
2019-11-26,1574778600,161.69
2019-11-27,1574865000,162.83
2019-11-29,1575037800,161.77
2019-12-02,1575297000,160.19
2019-12-03,1575383400,159.68
2019-12-04,1575469800,160.78
2019-12-05,1575556200,160.94
2019-12-06,1575642600,162.82
2019-12-09,1575901800,162.51
2019-12-10,1575988200,162.61
2019-12-11,1576074600,162.56
2019-12-12,1576161000,163.96
2019-12-13,1576247400,163.33
2019-12-16,1576506600,163.88
2019-12-17,1576593000,164.7
2019-12-18,1576679400,165.02
2019-12-19,1576765800,165.73
2019-12-20,1576852200,165.97
2019-12-23,1577111400,166.3
2019-12-24,1577197800,166.68
2019-12-26,1577370600,166.68
2019-12-27,1577457000,165.86
2019-12-30,1577716200,165.44
2019-12-31,1577802600,165.67
2020-01-02,1577975400,165.78
2020-01-03,1578061800,165.13
2020-01-06,1578321000,165.35
2020-01-07,1578407400,164.8
2020-01-08,1578493800,165.31
2020-01-09,1578580200,165.51
2020-01-10,1578666600,164.89
2020-01-13,1578925800,165.96
2020-01-14,1579012200,166.57
2020-01-15,1579098600,167.37
2020-01-16,1579185000,169.53
2020-01-17,1579271400,169.07
2020-01-21,1579617000,167.67
2020-01-22,1579703400,167.56
2020-01-23,1579789800,167.45
2020-01-24,1579876200,165.39
2020-01-27,1580135400,163.51
2020-01-28,1580221800,164.87
2020-01-29,1580308200,163.93
2020-01-30,1580394600,163.93
2020-01-31,1580481000,160.53
2020-02-03,1580740200,162.32
2020-02-04,1580826600,164.77
2020-02-05,1580913000,167.31
2020-02-06,1580999400,166.93
2020-02-07,1581085800,164.88
2020-02-10,1581345000,165.81
2020-02-11,1581431400,166.96
2020-02-12,1581517800,168.11
2020-02-13,1581604200,168.55
2020-02-14,1581690600,167.9
2020-02-18,1582036200,167.54
2020-02-19,1582122600,168.4
2020-02-20,1582209000,168.81
2020-02-21,1582295400,167.1
2020-02-24,1582554600,162.07
2020-02-25,1582641000,156.31
2020-02-26,1582727400,154.5
2020-02-27,1582813800,149.06
2020-02-28,1582900200,146.33
2020-03-02,1583159400,151.03
2020-03-03,1583245800,147.95
2020-03-04,1583332200,152.16
2020-03-05,1583418600,147.32
2020-03-06,1583505000,144.4
2020-03-09,1583760600,130.36
2020-03-10,1583847000,134.43
2020-03-11,1583933400,125.88
2020-03-12,1584019800,111.97
2020-03-13,1584106200,119.47
2020-03-16,1584365400,103.62
2020-03-17,1584451800,108.37
2020-03-18,1584538200,99.97
2020-03-19,1584624600,103.87
2020-03-20,1584711000,101.4
2020-03-23,1584970200,99.9
2020-03-24,1585056600,109.04
2020-03-25,1585143000,109.97
2020-03-26,1585229400,116.81
2020-03-27,1585315800,112.56
2020-03-30,1585575000,115.04
2020-03-31,1585661400,114.46
2020-04-01,1585747800,106.66
2020-04-02,1585834200,107.67
2020-04-03,1585920600,104.62
2020-04-06,1586179800,112.63
2020-04-07,1586266200,112.92
2020-04-08,1586352600,118.07
2020-04-09,1586439000,123.72
2020-04-13,1586784600,120.37
2020-04-14,1586871000,122.81
2020-04-15,1586957400,117.8
2020-04-16,1587043800,116.91
2020-04-17,1587130200,122.06
2020-04-20,1587389400,120.62
2020-04-21,1587475800,117.74
2020-04-22,1587562200,119.17
2020-04-23,1587648600,120.34
2020-04-24,1587735000,122.41
2020-04-27,1587994200,127.26
2020-04-28,1588080600,129.11
2020-04-29,1588167000,135.46
2020-04-30,1588253400,130.31
2020-05-01,1588339800,125.14
2020-05-04,1588599000,125.68
2020-05-05,1588685400,126.65
2020-05-06,1588771800,125.72
2020-05-07,1588858200,127.44
2020-05-08,1588944600,132.36
2020-05-11,1589203800,131.7
2020-05-12,1589290200,126.97
2020-05-13,1589376600,122.72
2020-05-14,1589463000,123.12
2020-05-15,1589549400,125.08
2020-05-18,1589808600,132.68
2020-05-19,1589895000,130.06
2020-05-20,1589981400,134
2020-05-21,1590067800,134.24
2020-05-22,1590154200,134.89
2020-05-26,1590499800,138.78
2020-05-27,1590586200,143.09
2020-05-28,1590672600,139.7
2020-05-29,1590759000,138.9
2020-06-01,1591018200,140.23
2020-06-02,1591104600,141.39
2020-06-03,1591191000,144.8
2020-06-04,1591277400,144.59
2020-06-05,1591363800,150.18
2020-06-08,1591623000,153.09
2020-06-09,1591709400,150.26
2020-06-10,1591795800,146.18
2020-06-11,1591882200,135.03
2020-06-12,1591968600,138.27
2020-06-15,1592227800,140.99
2020-06-16,1592314200,144.38
2020-06-17,1592400600,141.77
2020-06-18,1592487000,141.72
2020-06-19,1592573400,140.99
2020-06-22,1592832600,142.4
2020-06-23,1592919000,143
2020-06-24,1593005400,138.36
2020-06-25,1593091800,140.45
2020-06-26,1593178200,136.67
2020-06-29,1593437400,141.14
2020-06-30,1593523800,143.18
2020-07-01,1593610200,141.82
2020-07-02,1593696600,142.4
2020-07-06,1594042200,143.43
2020-07-07,1594128600,140.89
2020-07-08,1594215000,141.94
2020-07-09,1594301400,139.07
2020-07-10,1594387800,141.31
2020-07-13,1594647000,139.52
2020-07-14,1594733400,141.83
2020-07-15,1594819800,147.03
2020-07-16,1594906200,146.16
2020-07-17,1594992600,146.59
2020-07-20,1595251800,145.96
2020-07-21,1595338200,148.03
2020-07-22,1595424600,148.11
2020-07-23,1595511000,148.26
2020-07-24,1595597400,146.08
2020-07-27,1595856600,147.6
2020-07-28,1595943000,146.13
2020-07-29,1596029400,149.35
2020-07-30,1596115800,148.76
2020-07-31,1596202200,147.36
2020-08-03,1596461400,149.76
2020-08-04,1596547800,150.79
2020-08-05,1596634200,153.79
2020-08-06,1596720600,153.73
2020-08-07,1596807000,156.17
2020-08-10,1597066200,157.79
2020-08-11,1597152600,156.88
2020-08-12,1597239000,157.52
2020-08-13,1597325400,157.19
2020-08-14,1597411800,157.09
2020-08-17,1597671000,157.9
2020-08-18,1597757400,156.39
2020-08-19,1597843800,156.4
2020-08-20,1597930200,155.76
2020-08-21,1598016600,154.61
2020-08-24,1598275800,156.23
2020-08-25,1598362200,156.4
2020-08-26,1598448600,155.42
2020-08-27,1598535000,155.8
2020-08-28,1598621400,157.12
2020-08-31,1598880600,155.43
2020-09-01,1598967000,157.21
2020-09-02,1599053400,158.46
2020-09-03,1599139800,153.78
2020-09-04,1599226200,152.8
2020-09-08,1599571800,149.86
2020-09-09,1599658200,152.13
2020-09-10,1599744600,150.15
2020-09-11,1599831000,149.15
2020-09-14,1600090200,153.08
2020-09-15,1600176600,153.37
2020-09-16,1600263000,154.82
2020-09-17,1600349400,153.69
2020-09-18,1600435800,153.29
2020-09-21,1600695000,147.92
2020-09-22,1600781400,149.06
2020-09-23,1600867800,144.07
2020-09-24,1600954200,144.07
2020-09-25,1601040600,146.41
2020-09-28,1601299800,150.02
2020-09-29,1601386200,149.34
2020-09-30,1601472600,149.79
2020-10-01,1601559000,152.18
2020-10-02,1601645400,152.85
2020-10-05,1601904600,157.07
2020-10-06,1601991000,156.62
2020-10-07,1602077400,160.04
2020-10-08,1602163800,161.86
2020-10-09,1602250200,162.7
2020-10-12,1602509400,163.79
2020-10-13,1602595800,162.7
2020-10-14,1602682200,161.09
2020-10-15,1602768600,162.75
2020-10-16,1602855000,162.35
2020-10-19,1603114200,160.41
2020-10-20,1603200600,160.76
2020-10-21,1603287000,159.38
2020-10-22,1603373400,162.13
2020-10-23,1603459800,163.07
2020-10-26,1603719000,159.55
2020-10-27,1603805400,158.18
2020-10-28,1603891800,153.31
2020-10-29,1603978200,155.14
2020-10-30,1604064600,153.09
2020-11-02,1604327400,155.82
2020-11-03,1604413800,160.24
2020-11-04,1604500200,160.42
2020-11-05,1604586600,164.91
2020-11-06,1604673000,163.62
2020-11-09,1604932200,169.55
2020-11-10,1605018600,172.7
2020-11-11,1605105000,172.63
2020-11-12,1605191400,169.98
2020-11-13,1605277800,173.5
2020-11-16,1605537000,177.63
2020-11-17,1605623400,178.46
2020-11-18,1605709800,175.96
2020-11-19,1605796200,177.31
2020-11-20,1605882600,177.5
2020-11-23,1606141800,180.82
2020-11-24,1606228200,184.22
2020-11-25,1606314600,183.59
2020-11-27,1606487400,184.37
2020-11-30,1606746600,181.02
2020-12-01,1606833000,182.7
2020-12-02,1606919400,182.89
2020-12-03,1607005800,183.92
2020-12-04,1607092200,188.2
2020-12-07,1607351400,188.38
2020-12-08,1607437800,190.8
2020-12-09,1607524200,189.41
2020-12-10,1607610600,191.24
2020-12-11,1607697000,190.3
2020-12-14,1607956200,189.93
2020-12-15,1608042600,194.68
2020-12-16,1608129000,193.98
2020-12-17,1608215400,196.29
2020-12-18,1608301800,195.34
2020-12-21,1608561000,195.24
2020-12-22,1608647400,197.46
2020-12-23,1608733800,199.14
2020-12-24,1608820200,199.01
2020-12-28,1609165800,198.27
2020-12-29,1609252200,194.43
2020-12-30,1609338600,196.41
2020-12-31,1609425000,196.06
2021-01-04,1609770600,193.5
2021-01-05,1609857000,196.49
2021-01-06,1609943400,204.53
2021-01-07,1610029800,208.17
2021-01-08,1610116200,207.72
2021-01-11,1610375400,207.54
2021-01-12,1610461800,211.26
2021-01-13,1610548200,209.75
2021-01-14,1610634600,213.94
2021-01-15,1610721000,210.75
2021-01-19,1611066600,213.45
2021-01-20,1611153000,214.39
2021-01-21,1611239400,212.53
2021-01-22,1611325800,215
2021-01-25,1611585000,214.79
2021-01-26,1611671400,213.3
2021-01-27,1611757800,209.39
2021-01-28,1611844200,208.72
2021-01-29,1611930600,205.56
2021-02-01,1612189800,210.61
2021-02-02,1612276200,213.61
2021-02-03,1612362600,214.25
2021-02-04,1612449000,218.62
2021-02-05,1612535400,221.65
2021-02-08,1612794600,227.31
2021-02-09,1612881000,228.38
2021-02-10,1612967400,226.88
2021-02-11,1613053800,226.62
2021-02-12,1613140200,227.26
2021-02-16,1613485800,225.83
2021-02-17,1613572200,224.06
2021-02-18,1613658600,220.59
2021-02-19,1613745000,225.19
2021-02-22,1614004200,223.73
2021-02-23,1614090600,221.76
2021-02-24,1614177000,227
2021-02-25,1614263400,218.61
2021-02-26,1614349800,218.31
2021-03-01,1614609000,226.07
2021-03-02,1614695400,221.72
2021-03-03,1614781800,219.32
2021-03-04,1614868200,213.19
2021-03-05,1614954600,217.71
2021-03-08,1615213800,218.74
2021-03-09,1615300200,223.34
2021-03-10,1615386600,227.22
2021-03-11,1615473000,232.22
2021-03-12,1615559400,233.59
2021-03-15,1615815000,234.42
2021-03-16,1615901400,230.5
2021-03-17,1615987800,232.31
2021-03-18,1616074200,225.24
2021-03-19,1616160600,226.94
2021-03-22,1616419800,225.23
2021-03-23,1616506200,217.06
2021-03-24,1616592600,212.04
2021-03-25,1616679000,216.66
2021-03-26,1616765400,220.61
2021-03-29,1617024600,214.4
2021-03-30,1617111000,218.01
2021-03-31,1617197400,220.94
2021-04-01,1617283800,223.74
2021-04-05,1617629400,224.97
2021-04-06,1617715800,224.31
2021-04-07,1617802200,220.69
2021-04-08,1617888600,222.56
2021-04-09,1617975000,222.59
2021-04-12,1618234200,221.72
2021-04-13,1618320600,221.14
2021-04-14,1618407000,223.32
2021-04-15,1618493400,224.29
2021-04-16,1618579800,224.65
2021-04-19,1618839000,221.73
2021-04-20,1618925400,217.19
2021-04-21,1619011800,222.5
2021-04-22,1619098200,221.58
2021-04-23,1619184600,225.76
2021-04-26,1619443800,228.11
2021-04-27,1619530200,228.45
2021-04-28,1619616600,228.84
2021-04-29,1619703000,227.99
2021-04-30,1619789400,224.89
2021-05-03,1620048600,225.99
2021-05-04,1620135000,223.29
2021-05-05,1620221400,222.4
2021-05-06,1620307800,222.59
2021-05-07,1620394200,225.39
2021-05-10,1620653400,219.66
2021-05-11,1620739800,218.96
2021-05-12,1620826200,211.85
2021-05-13,1620912600,215.75
2021-05-14,1620999000,221.02
2021-05-17,1621258200,221.32
2021-05-18,1621344600,219.64
2021-05-19,1621431000,217.95
2021-05-20,1621517400,219.4
2021-05-21,1621603800,219.97
2021-05-24,1621863000,221.4
2021-05-25,1621949400,219.26
2021-05-26,1622035800,223.35
2021-05-27,1622122200,225.65
2021-05-28,1622208600,225.5
2021-06-01,1622554200,228.06
2021-06-02,1622640600,228.33
2021-06-03,1622727000,226.42
2021-06-04,1622813400,227.4
2021-06-07,1623072600,230.45
2021-06-08,1623159000,232.89
2021-06-09,1623245400,231.34
2021-06-10,1623331800,229.28
2021-06-11,1623418200,231.7
2021-06-14,1623677400,231.02
2021-06-15,1623763800,230.36
2021-06-16,1623850200,229.87
2021-06-17,1623936600,227.29
2021-06-18,1624023000,222.13
2021-06-21,1624282200,226.88
2021-06-22,1624368600,227.91
2021-06-23,1624455000,228.66
2021-06-24,1624541400,231.89
2021-06-25,1624627800,232.28
2021-06-28,1624887000,230.44
2021-06-29,1624973400,229.34
2021-06-30,1625059800,229.37
2021-07-01,1625146200,231.39
2021-07-02,1625232600,229.19
2021-07-06,1625578200,225.86
2021-07-07,1625664600,223.76
2021-07-08,1625751000,221.7
2021-07-09,1625837400,226.38
2021-07-12,1626096600,226.57
2021-07-13,1626183000,222.3
2021-07-14,1626269400,218.87
2021-07-15,1626355800,217.63
2021-07-16,1626442200,214.95
2021-07-19,1626701400,211.73
2021-07-20,1626787800,218.3
2021-07-21,1626874200,222.06
2021-07-22,1626960600,218.53
2021-07-23,1627047000,219.55
2021-07-26,1627306200,220.19
2021-07-27,1627392600,217.62
2021-07-28,1627479000,220.82
2021-07-29,1627565400,222.52
2021-07-30,1627651800,221.05
2021-08-02,1627911000,219.95
2021-08-03,1627997400,220.86
2021-08-04,1628083800,218.11
2021-08-05,1628170200,222.03
2021-08-06,1628256600,223.39
2021-08-09,1628515800,222.16
2021-08-10,1628602200,222.6
2021-08-11,1628688600,223.69
2021-08-12,1628775000,223.16
2021-08-13,1628861400,221.13
2021-08-16,1629120600,219.07
2021-08-17,1629207000,216.4
2021-08-18,1629293400,214.51
2021-08-19,1629379800,211.94
2021-08-20,1629466200,215.52
2021-08-23,1629725400,219.62
2021-08-24,1629811800,221.78
2021-08-25,1629898200,222.56
2021-08-26,1629984600,220.2
2021-08-27,1630071000,226.41
2021-08-30,1630330200,225.48
2021-08-31,1630416600,225.92
2021-09-01,1630503000,227.44
2021-09-02,1630589400,229.02
2021-09-03,1630675800,227.96
2021-09-07,1631021400,226.39
2021-09-08,1631107800,223.92
2021-09-09,1631194200,223.81
2021-09-10,1631280600,221.62
2021-09-13,1631539800,222.88
2021-09-14,1631626200,220.04
2021-09-15,1631712600,222.03
2021-09-16,1631799000,222.19
2021-09-17,1631885400,222.48
2021-09-20,1632144600,217.19
2021-09-21,1632231000,217.52
2021-09-22,1632317400,220.9
2021-09-23,1632403800,224.81
2021-09-24,1632490200,223.05
2021-09-27,1632749400,226.44
2021-09-28,1632835800,221.29
2021-09-29,1632922200,220.82
2021-09-30,1633008600,218.75
2021-10-01,1633095000,222.28
2021-10-04,1633354200,220.26
2021-10-05,1633440600,221.02
2021-10-06,1633527000,219.87
2021-10-07,1633613400,223.26
2021-10-08,1633699800,221.58
2021-10-11,1633959000,220.31
2021-10-12,1634045400,221.52
2021-10-13,1634131800,222.57
2021-10-14,1634218200,225.87
2021-10-15,1634304600,225.16
2021-10-18,1634563800,225.03
2021-10-19,1634650200,225.87
2021-10-20,1634736600,227.37
2021-10-21,1634823000,227.95
2021-10-22,1634909400,227.41
2021-10-25,1635168600,229.57
2021-10-26,1635255000,227.84
2021-10-27,1635341400,223.65
2021-10-28,1635427800,228.11
2021-10-29,1635514200,228.05
2021-11-01,1635773400,233.96
2021-11-02,1635859800,234.45
2021-11-03,1635946200,238.64
2021-11-04,1636032600,238.55
2021-11-05,1636119000,241.81
2021-11-08,1636381800,242.56
2021-11-09,1636468200,241.15
2021-11-10,1636554600,237.35
2021-11-11,1636641000,239.26
2021-11-12,1636727400,239.5
2021-11-15,1636986600,238.55
2021-11-16,1637073000,238.99
2021-11-17,1637159400,235.86
2021-11-18,1637245800,234.86
2021-11-19,1637332200,232.72
2021-11-22,1637591400,231.73
2021-11-23,1637677800,231.33
2021-11-24,1637764200,231.58
2021-11-26,1637937000,222.85
2021-11-29,1638196200,222.71
2021-11-30,1638282600,218.17
2021-12-01,1638369000,213.26
2021-12-02,1638455400,219.21
2021-12-03,1638541800,214.71
2021-12-06,1638801000,219.02
2021-12-07,1638887400,224.1
2021-12-08,1638973800,225.63
2021-12-09,1639060200,220.52
2021-12-10,1639146600,219.91
2021-12-13,1639405800,216.04
2021-12-14,1639492200,214.18
2021-12-15,1639578600,217.58
2021-12-16,1639665000,213.18
2021-12-17,1639751400,215.14
2021-12-20,1640010600,212.12
2021-12-21,1640097000,218.18
2021-12-22,1640183400,220.28
2021-12-23,1640269800,222.04
2021-12-27,1640615400,224.12
2021-12-28,1640701800,222.75
2021-12-29,1640788200,222.99
2021-12-30,1640874600,222.93
2021-12-31,1640961000,222.45
2022-01-03,1641220200,225.32
2022-01-04,1641306600,224.98
2022-01-05,1641393000,217.36
2022-01-06,1641479400,218.6
2022-01-07,1641565800,216.07
2022-01-10,1641825000,215.32
2022-01-11,1641911400,217.61
2022-01-12,1641997800,215.99
2022-01-13,1642084200,214.01
2022-01-14,1642170600,214.31
2022-01-18,1642516200,207.83
2022-01-19,1642602600,204.45
2022-01-20,1642689000,200.75
2022-01-21,1642775400,196.99
2022-01-24,1643034600,201.53
2022-01-25,1643121000,198.84
2022-01-26,1643207400,195.97
2022-01-27,1643293800,191.52
2022-01-28,1643380200,195.25
2022-01-31,1643639400,201.24
2022-02-01,1643725800,203.36
2022-02-02,1643812200,201.34
2022-02-03,1643898600,197.53
2022-02-04,1643985000,198.38
2022-02-07,1644244200,199.36
2022-02-08,1644330600,202.76
2022-02-09,1644417000,206.61
2022-02-10,1644503400,203.44
2022-02-11,1644589800,201.38
2022-02-14,1644849000,200.68
2022-02-15,1644935400,206.06
2022-02-16,1645021800,206.49
2022-02-17,1645108200,201.2
2022-02-18,1645194600,199.47
2022-02-22,1645540200,196.66
2022-02-23,1645626600,192.98
2022-02-24,1645713000,198.04
2022-02-25,1645799400,202.5
2022-02-28,1646058600,203.32
2022-03-01,1646145000,199.49
2022-03-02,1646231400,204.24
2022-03-03,1646317800,201.82
2022-03-04,1646404200,198.66
2022-03-07,1646663400,193.72
2022-03-08,1646749800,194.79
2022-03-09,1646836200,200.28
2022-03-10,1646922600,199.92
2022-03-11,1647009000,196.73
2022-03-14,1647264600,192.71
2022-03-15,1647351000,195.78
2022-03-16,1647437400,201.94
2022-03-17,1647523800,205.11
2022-03-18,1647610200,207.27
2022-03-21,1647869400,205.44
2022-03-22,1647955800,207.5
2022-03-23,1648042200,203.9
2022-03-24,1648128600,205.84
2022-03-25,1648215000,206.12
2022-03-28,1648474200,206.19
2022-03-29,1648560600,211.71
2022-03-30,1648647000,207.46
2022-03-31,1648733400,205.27
2022-04-01,1648819800,207.57
2022-04-04,1649079000,207.91
2022-04-05,1649165400,202.99
2022-04-06,1649251800,200.11
2022-04-07,1649338200,199.46
2022-04-08,1649424600,197.87
2022-04-11,1649683800,196.54
2022-04-12,1649770200,197.16
2022-04-13,1649856600,200.91
2022-04-14,1649943000,198.96
2022-04-18,1650288600,197.62
2022-04-19,1650375000,201.56
2022-04-20,1650461400,202.33
2022-04-21,1650547800,197.8
2022-04-22,1650634200,192.68
2022-04-25,1650893400,193.85
2022-04-26,1650979800,187.74
2022-04-27,1651066200,186.96
2022-04-28,1651152600,190.45
2022-04-29,1651239000,184.95
2022-05-02,1651498200,186.89
2022-05-03,1651584600,188.49
2022-05-04,1651671000,193.52
2022-05-05,1651757400,185.67
2022-05-06,1651843800,182.58
2022-05-09,1652103000,174.9
2022-05-10,1652189400,174.95
2022-05-11,1652275800,170.6
2022-05-12,1652362200,172.6
2022-05-13,1652448600,178.07
2022-05-16,1652707800,177.22
2022-05-17,1652794200,182.64
2022-05-18,1652880600,176.24
2022-05-19,1652967000,176.53
2022-05-20,1653053400,176.08
2022-05-23,1653312600,178.21
2022-05-24,1653399000,175.57
2022-05-25,1653485400,178.73
2022-05-26,1653571800,182.72
2022-05-27,1653658200,187.64
2022-05-31,1654003800,185.31
2022-06-01,1654090200,184.26
2022-06-02,1654176600,188.76
2022-06-03,1654263000,187.06
2022-06-06,1654522200,187.87
2022-06-07,1654608600,190.9
2022-06-08,1654695000,187.95
2022-06-09,1654781400,183.57
2022-06-10,1654867800,178.59
2022-06-13,1655127000,170.2
2022-06-14,1655213400,169.38
2022-06-15,1655299800,171.86
2022-06-16,1655386200,163.9
2022-06-17,1655472600,165.18
2022-06-21,1655818200,168.14
2022-06-22,1655904600,167.82
2022-06-23,1655991000,169.83
2022-06-24,1656077400,175.09
2022-06-27,1656336600,175.74
2022-06-28,1656423000,172.44
2022-06-29,1656509400,170.69
2022-06-30,1656595800,169.36
2022-07-01,1656682200,171.41
2022-07-05,1657027800,172.83
2022-07-06,1657114200,171.55
2022-07-07,1657200600,175.61
2022-07-08,1657287000,175.59
2022-07-11,1657546200,172.06
2022-07-12,1657632600,171.47
2022-07-13,1657719000,171.32
2022-07-14,1657805400,169.56
2022-07-15,1657891800,173.09
2022-07-18,1658151000,172.6
2022-07-19,1658237400,178.69
2022-07-20,1658323800,181.49
2022-07-21,1658410200,182.42
2022-07-22,1658496600,179.51
2022-07-25,1658755800,180.44
2022-07-26,1658842200,179.33
2022-07-27,1658928600,183.41
2022-07-28,1659015000,185.93
2022-07-29,1659101400,187.25
2022-08-01,1659360600,187.18
2022-08-02,1659447000,187
2022-08-03,1659533400,189.75
2022-08-04,1659619800,189.35
2022-08-05,1659706200,190.8
2022-08-08,1659965400,192.82
2022-08-09,1660051800,190.19
2022-08-10,1660138200,195.62
2022-08-11,1660224600,196.35
2022-08-12,1660311000,200.36
2022-08-15,1660570200,201.07
2022-08-16,1660656600,200.99
2022-08-17,1660743000,197.61
2022-08-18,1660829400,198.92
2022-08-19,1660915800,194.65
2022-08-22,1661175000,190.64
2022-08-23,1661261400,190.95
2022-08-24,1661347800,192.41
2022-08-25,1661434200,195.4
2022-08-26,1661520600,188.98
2022-08-29,1661779800,187.24
2022-08-30,1661866200,184.62
2022-08-31,1661952600,183.5
2022-09-01,1662039000,181.5
2022-09-02,1662125400,180.09
2022-09-06,1662471000,178.31
2022-09-07,1662557400,182.19
2022-09-08,1662643800,183.71
2022-09-09,1662730200,187.4
2022-09-12,1662989400,189.67
2022-09-13,1663075800,182.25
2022-09-14,1663162200,182.96
2022-09-15,1663248600,181.63
2022-09-16,1663335000,178.99
2022-09-19,1663594200,180.52
2022-09-20,1663680600,178.06
2022-09-21,1663767000,175.34
2022-09-22,1663853400,171.39
2022-09-23,1663939800,167.31
2022-09-26,1664199000,164.17
2022-09-27,1664285400,164.73
2022-09-28,1664371800,169.94
2022-09-29,1664458200,166.13
2022-09-30,1664544600,164.92
2022-10-03,1664803800,169.29
2022-10-04,1664890200,176
2022-10-05,1664976600,174.7
2022-10-06,1665063000,173.72
2022-10-07,1665149400,168.61
2022-10-10,1665408600,167.67
2022-10-11,1665495000,167.72
2022-10-12,1665581400,167.26
2022-10-13,1665667800,171.4
2022-10-14,1665754200,166.81
2022-10-17,1666013400,172.13
2022-10-18,1666099800,174.17
2022-10-19,1666186200,171.21
2022-10-20,1666272600,169.03
2022-10-21,1666359000,172.7
2022-10-24,1666618200,173.44
2022-10-25,1666704600,178.17
2022-10-26,1666791000,179.05
2022-10-27,1666877400,179.09
2022-10-28,1666963800,183.16
2022-10-31,1667223000,183.33
2022-11-01,1667309400,183.58
2022-11-02,1667395800,177.49
2022-11-03,1667482200,176.3
2022-11-04,1667568600,178.68
2022-11-07,1667831400,179.49
2022-11-08,1667917800,179.56
2022-11-09,1668004200,174.63
2022-11-10,1668090600,185.38
2022-11-11,1668177000,186.9
2022-11-14,1668436200,184.81
2022-11-15,1668522600,187.55
2022-11-16,1668609000,184.25
2022-11-17,1668695400,182.54
2022-11-18,1668781800,183.72
2022-11-21,1669041000,182.76
2022-11-22,1669127400,184.71
2022-11-23,1669213800,185.19
2022-11-25,1669386600,185.58
2022-11-28,1669645800,181.84
2022-11-29,1669732200,182.37
2022-11-30,1669818600,187.37
2022-12-01,1669905000,186.96
2022-12-02,1669991400,188.05
2022-12-05,1670250600,182.87
2022-12-06,1670337000,180.07
2022-12-07,1670423400,179.54
2022-12-08,1670509800,180.84
2022-12-09,1670596200,178.62
2022-12-12,1670855400,180.72
2022-12-13,1670941800,181.38
2022-12-14,1671028200,180.19
2022-12-15,1671114600,175.68
2022-12-16,1671201000,174.37
2022-12-19,1671460200,172.01
2022-12-20,1671546600,172.92
2022-12-21,1671633000,175.9
2022-12-22,1671719400,173.6
2022-12-23,1671805800,174.39
2022-12-27,1672151400,173.22
2022-12-28,1672237800,170.53
2022-12-29,1672324200,174.85
2022-12-30,1672410600,174.36
2023-01-03,1672756200,173.4
2023-01-04,1672842600,175.56
2023-01-05,1672929000,173.68
2023-01-06,1673015400,177.58
2023-01-09,1673274600,177.88
2023-01-10,1673361000,180.51
2023-01-11,1673447400,182.76
2023-01-12,1673533800,185.83
2023-01-13,1673620200,187.05
2023-01-17,1673965800,186.82
2023-01-18,1674052200,183.8
2023-01-19,1674138600,182.04
2023-01-20,1674225000,185.04
2023-01-23,1674484200,187.33
2023-01-24,1674570600,186.93
2023-01-25,1674657000,187.45
2023-01-26,1674743400,188.56
2023-01-27,1674829800,189.58
2023-01-30,1675089000,186.94
2023-01-31,1675175400,191.48
2023-02-01,1675261800,194.49
2023-02-02,1675348200,198.32
2023-02-03,1675434600,196.99
2023-02-06,1675693800,194.14
2023-02-07,1675780200,195.58
2023-02-08,1675866600,192.72
2023-02-09,1675953000,189.93
2023-02-10,1676039400,190.31
2023-02-13,1676298600,192.6
2023-02-14,1676385000,192.51
2023-02-15,1676471400,194.46
2023-02-16,1676557800,192.6
2023-02-17,1676644200,193.13
2023-02-21,1676989800,187.43
2023-02-22,1677076200,187.94
2023-02-23,1677162600,189.28
2023-02-24,1677249000,187.51
2023-02-27,1677508200,188.17
2023-02-28,1677594600,188.18
2023-03-01,1677681000,188.42
2023-03-02,1677767400,188.87
2023-03-03,1677853800,191.5
2023-03-06,1678113000,188.7
2023-03-07,1678199400,186.51
2023-03-08,1678285800,186.6
2023-03-09,1678372200,181.41
2023-03-10,1678458600,176.18
2023-03-13,1678714200,173.31
2023-03-14,1678800600,176.52
2023-03-15,1678887000,173.61
2023-03-16,1678973400,175.98
2023-03-17,1679059800,171.23
2023-03-20,1679319000,173.45
2023-03-21,1679405400,176.65
2023-03-22,1679491800,171.64
2023-03-23,1679578200,170.25
2023-03-24,1679664600,171.79
2023-03-27,1679923800,173.7
2023-03-28,1680010200,173.45
2023-03-29,1680096600,175.42
2023-03-30,1680183000,175.18
2023-03-31,1680269400,178.4
2023-04-03,1680528600,178.48
2023-04-04,1680615000,175.35
2023-04-05,1680701400,173.63
2023-04-06,1680787800,173.89
2023-04-10,1681133400,175.75
2023-04-11,1681219800,177.14
2023-04-12,1681306200,175.84
2023-04-13,1681392600,178.17
2023-04-14,1681479000,176.51
2023-04-17,1681738200,178.78
2023-04-18,1681824600,178.02
2023-04-19,1681911000,178.25
2023-04-20,1681997400,177.33
2023-04-21,1682083800,177.56
2023-04-24,1682343000,177.44
2023-04-25,1682429400,173.06
2023-04-26,1682515800,171.39
2023-04-27,1682602200,173.68
2023-04-28,1682688600,175.2
2023-05-01,1682947800,175.3
2023-05-02,1683034200,171.7
2023-05-03,1683120600,172.33
2023-05-04,1683207000,170.4
2023-05-05,1683293400,174.45
2023-05-08,1683552600,174.05
2023-05-09,1683639000,173.53
2023-05-10,1683725400,174.41
2023-05-11,1683811800,173.07
2023-05-12,1683898200,172.72
2023-05-15,1684157400,174.83
2023-05-16,1684243800,172.28
2023-05-17,1684330200,176.12
2023-05-18,1684416600,177.19
2023-05-19,1684503000,176.11
2023-05-22,1684762200,178.26
2023-05-23,1684848600,177.42
2023-05-24,1684935000,175.54
2023-05-25,1685021400,174.17
2023-05-26,1685107800,176.15
2023-05-30,1685453400,175.5
2023-05-31,1685539800,173.77
2023-06-01,1685626200,175.65
2023-06-02,1685712600,182.02
2023-06-05,1685971800,179.58
2023-06-06,1686058200,184.31
2023-06-07,1686144600,187.24
2023-06-08,1686231000,186.54
2023-06-09,1686317400,185.03
2023-06-12,1686576600,185.8
2023-06-13,1686663000,187.93
2023-06-14,1686749400,185.91
2023-06-15,1686835800,187.44
2023-06-16,1686922200,185.94
2023-06-20,1687267800,185.13
2023-06-21,1687354200,184.7
2023-06-22,1687440600,183.33
2023-06-23,1687527000,180.57
2023-06-26,1687786200,180.75
2023-06-27,1687872600,183.36
2023-06-28,1687959000,184.26
2023-06-29,1688045400,186.38
2023-06-30,1688131800,187.27
2023-07-03,1688391000,187.65
2023-07-05,1688563800,185.78
2023-07-06,1688650200,182.78
2023-07-07,1688736600,184.71
2023-07-10,1688995800,187.87
2023-07-11,1689082200,189.8
2023-07-12,1689168600,191.87
2023-07-13,1689255000,193.42
2023-07-14,1689341400,191.53
2023-07-17,1689600600,193.58
2023-07-18,1689687000,195.97
2023-07-19,1689773400,196.8
2023-07-20,1689859800,195.08
2023-07-21,1689946200,194.46
2023-07-24,1690205400,194.94
2023-07-25,1690291800,194.92
2023-07-26,1690378200,196.46
2023-07-27,1690464600,193.92
2023-07-28,1690551000,196.43
2023-07-31,1690810200,198.71
2023-08-01,1690896600,197.8
2023-08-02,1690983000,195.11
2023-08-03,1691069400,194.56
2023-08-04,1691155800,194.17
2023-08-07,1691415000,194.3
2023-08-08,1691501400,193.08
2023-08-09,1691587800,191.57
2023-08-10,1691674200,190.72
2023-08-11,1691760600,190.99
2023-08-14,1692019800,190.66
2023-08-15,1692106200,188.14
2023-08-16,1692192600,185.84
2023-08-17,1692279000,183.65
2023-08-18,1692365400,184.65
2023-08-21,1692624600,184.38
2023-08-22,1692711000,183.83
2023-08-23,1692797400,185.79
2023-08-24,1692883800,183.22
2023-08-25,1692970200,184
2023-08-28,1693229400,185.64
2023-08-29,1693315800,188.23
2023-08-30,1693402200,188.94
2023-08-31,1693488600,188.61
2023-09-01,1693575000,190.85
2023-09-05,1693920600,186.83
2023-09-06,1694007000,186.13
2023-09-07,1694093400,184.33
2023-09-08,1694179800,183.92
2023-09-11,1694439000,184.36
2023-09-12,1694525400,184.18
2023-09-13,1694611800,182.97
2023-09-14,1694698200,185.55
2023-09-15,1694784600,183.61
2023-09-18,1695043800,182.39
2023-09-19,1695130200,181.68
2023-09-20,1695216600,179.86
2023-09-21,1695303000,177.07
2023-09-22,1695389400,176.67
2023-09-25,1695648600,177.46
2023-09-26,1695735000,174.36
2023-09-27,1695821400,175.99
2023-09-28,1695907800,177.58
2023-09-29,1695994200,176.74
2023-10-02,1696253400,174.07
2023-10-03,1696339800,171.14
2023-10-04,1696426200,171.22
2023-10-05,1696512600,171.35
2023-10-06,1696599000,173
2023-10-09,1696858200,174
2023-10-10,1696944600,175.97
2023-10-11,1697031000,175.67
2023-10-12,1697117400,171.7
2023-10-13,1697203800,170.27
2023-10-16,1697463000,173.02
2023-10-17,1697549400,174.95
2023-10-18,1697635800,171.35
2023-10-19,1697722200,168.62
2023-10-20,1697808600,166.44
2023-10-23,1698067800,165.03
2023-10-24,1698154200,166.47
2023-10-25,1698240600,163.72
2023-10-26,1698327000,164.14
2023-10-27,1698413400,162.21
2023-10-30,1698672600,163.11
2023-10-31,1698759000,164.52
2023-11-01,1698845400,165.46
2023-11-02,1698931800,169.87
2023-11-03,1699018200,174.49
2023-11-06,1699281000,172.31
2023-11-07,1699367400,171.7
2023-11-08,1699453800,169.87
2023-11-09,1699540200,167.24
2023-11-10,1699626600,169.11
2023-11-13,1699885800,169.17
2023-11-14,1699972200,178.46
2023-11-15,1700058600,178.77
2023-11-16,1700145000,175.88
2023-11-17,1700231400,178.29
2023-11-20,1700490600,179.33
2023-11-21,1700577000,177.02
2023-11-22,1700663400,178.13
2023-11-24,1700836200,179.33
2023-11-27,1701095400,178.73
2023-11-28,1701181800,178.04
2023-11-29,1701268200,178.98
2023-11-30,1701354600,179.66
2023-12-01,1701441000,184.91
2023-12-04,1701700200,186.89
2023-12-05,1701786600,184.39
2023-12-06,1701873000,184.06
2023-12-07,1701959400,185.39
2023-12-08,1702045800,186.8
2023-12-11,1702305000,187.19
2023-12-12,1702391400,187
2023-12-13,1702477800,193.33
2023-12-14,1702564200,198.71
2023-12-15,1702650600,197.04
2023-12-18,1702909800,197.11
2023-12-19,1702996200,200.93
2023-12-20,1703082600,196.28
2023-12-21,1703169000,199.62
2023-12-22,1703255400,201.48
2023-12-26,1703601000,204.1
2023-12-27,1703687400,204.82
2023-12-28,1703773800,204.04
2023-12-29,1703860200,200.71
2024-01-02,1704205800,199.52
2024-01-03,1704292200,194.2
2024-01-04,1704378600,193.82
2024-01-05,1704465000,193.25
2024-01-08,1704724200,196.73
2024-01-09,1704810600,194.97
2024-01-10,1704897000,195.08
2024-01-11,1704983400,193.55
2024-01-12,1705069800,193.23
2024-01-16,1705415400,190.84
2024-01-17,1705501800,189.48
2024-01-18,1705588200,190.6
2024-01-19,1705674600,192.43
2024-01-22,1705933800,196.54
2024-01-23,1706020200,195.97
2024-01-24,1706106600,194.36
2024-01-25,1706193000,195.97
2024-01-26,1706279400,195.98
2024-01-29,1706538600,199.41
2024-01-30,1706625000,197.71
2024-01-31,1706711400,192.88
2024-02-01,1706797800,195.44
2024-02-02,1706884200,194.41
2024-02-05,1707143400,191.94
2024-02-06,1707229800,193.67
2024-02-07,1707316200,193.22
2024-02-08,1707402600,196.15
2024-02-09,1707489000,199.34
2024-02-12,1707748200,202.96
2024-02-13,1707834600,194.61
2024-02-14,1707921000,199.13
2024-02-15,1708007400,204.44
2024-02-16,1708093800,201.66
2024-02-20,1708439400,198.88
2024-02-21,1708525800,197.94
2024-02-22,1708612200,199.44
2024-02-23,1708698600,199.89
2024-02-26,1708957800,201.15
2024-02-27,1709044200,204
2024-02-28,1709130600,202.32
2024-02-29,1709217000,203.73
2024-03-01,1709303400,205.89
2024-03-04,1709562600,205.7
2024-03-05,1709649000,203.73
2024-03-06,1709735400,205.25
2024-03-07,1709821800,206.96
2024-03-08,1709908200,206.83
2024-03-11,1710163800,205.19
2024-03-12,1710250200,204.91
2024-03-13,1710336600,205.71
2024-03-14,1710423000,202.03
2024-03-15,1710509400,202.41
2024-03-18,1710768600,201.25
2024-03-19,1710855000,202.1
2024-03-20,1710941400,206.1
2024-03-21,1711027800,207.94
2024-03-22,1711114200,205.07
2024-03-25,1711373400,205.54
2024-03-26,1711459800,205.17
2024-03-27,1711546200,209.64
2024-03-28,1711632600,210.3
2024-04-01,1711978200,208.32
2024-04-02,1712064600,204.49
2024-04-03,1712151000,205.83
2024-04-04,1712237400,203.77
2024-04-05,1712323800,204.45
2024-04-08,1712583000,205.57
2024-04-09,1712669400,206.38
2024-04-10,1712755800,200.93
2024-04-11,1712842200,202.29
2024-04-12,1712928600,198.69
2024-04-15,1713187800,195.78
2024-04-16,1713274200,195.06
2024-04-17,1713360600,193
2024-04-18,1713447000,192.84
2024-04-19,1713533400,193.14
2024-04-22,1713792600,195.3
2024-04-23,1713879000,198.57
2024-04-24,1713965400,197.68
2024-04-25,1714051800,196.48
2024-04-26,1714138200,198.36
2024-04-29,1714397400,199.96
2024-04-30,1714483800,195.9
2024-05-01,1714570200,196.31
2024-05-02,1714656600,199.92
2024-05-03,1714743000,201.9
2024-05-06,1715002200,204.51
2024-05-07,1715088600,204.97
2024-05-08,1715175000,203.78
2024-05-09,1715261400,205.86
2024-05-10,1715347800,204.31
2024-05-13,1715607000,204.74
2024-05-14,1715693400,206.86
2024-05-15,1715779800,209.44
2024-05-16,1715866200,207.93
2024-05-17,1715952600,208.08
2024-05-20,1716211800,208.54
2024-05-21,1716298200,208.34
2024-05-22,1716384600,206.58
2024-05-23,1716471000,203.19
2024-05-24,1716557400,205.44
2024-05-28,1716903000,205.16
2024-05-29,1716989400,202.13
2024-05-30,1717075800,204.05
2024-05-31,1717162200,205.77
2024-06-03,1717421400,204.61
2024-06-04,1717507800,201.97
2024-06-05,1717594200,205.06
2024-06-06,1717680600,203.59
2024-06-07,1717767000,201.2
2024-06-10,1718026200,201.89
2024-06-11,1718112600,200.64
2024-06-12,1718199000,203.72
2024-06-13,1718285400,201.94
2024-06-14,1718371800,198.73
2024-06-17,1718631000,200.4
2024-06-18,1718717400,200.75
2024-06-20,1718890200,199.9
2024-06-21,1718976600,200.35
2024-06-24,1719235800,201.22
2024-06-25,1719322200,200.56
2024-06-26,1719408600,200.03
2024-06-27,1719495000,202.06
2024-06-28,1719581400,202.89
2024-07-01,1719840600,201.19
2024-07-02,1719927000,201.88
2024-07-03,1720013400,201.83
2024-07-05,1720186200,200.87
2024-07-08,1720445400,202.28
2024-07-09,1720531800,201.4
2024-07-10,1720618200,203.37
2024-07-11,1720704600,210.68
2024-07-12,1720791000,213.14
2024-07-15,1721050200,217.19
2024-07-16,1721136600,224.6
2024-07-17,1721223000,222.25
2024-07-18,1721309400,217.95
2024-07-19,1721395800,216.84
2024-07-22,1721655000,220.29
2024-07-23,1721741400,222.63
2024-07-24,1721827800,217.85
2024-07-25,1721914200,220.57
2024-07-26,1722000600,224.22
2024-07-29,1722259800,221.73
2024-07-30,1722346200,222.57
2024-07-31,1722432600,223.86
2024-08-01,1722519000,216.58
2024-08-02,1722605400,208.92
2024-08-05,1722864600,202.2
2024-08-06,1722951000,204.4
2024-08-07,1723037400,201.98
2024-08-08,1723123800,206.89
2024-08-09,1723210200,206.46
2024-08-12,1723469400,204.6
2024-08-13,1723555800,207.97
2024-08-14,1723642200,206.68
2024-08-15,1723728600,212.04
2024-08-16,1723815000,212.6
2024-08-19,1724074200,215.2
2024-08-20,1724160600,212.69
2024-08-21,1724247000,215.46
2024-08-22,1724333400,213.56
2024-08-23,1724419800,220.38
2024-08-26,1724679000,220.45
2024-08-27,1724765400,218.74
2024-08-28,1724851800,217.26
2024-08-29,1724938200,218.81
2024-08-30,1725024600,220.08
2024-09-03,1725370200,213.35
2024-09-04,1725456600,212.99
2024-09-05,1725543000,211.93
2024-09-06,1725629400,207.9
2024-09-09,1725888600,208.48
2024-09-10,1725975000,208.31
2024-09-11,1726061400,208.92
2024-09-12,1726147800,211.61
2024-09-13,1726234200,216.83
2024-09-16,1726493400,217.61
2024-09-17,1726579800,219.41
2024-09-18,1726666200,219.45
2024-09-19,1726752600,223.97
2024-09-20,1726839000,221.57
2024-09-23,1727098200,220.76
2024-09-24,1727184600,221.13
2024-09-25,1727271000,217.69
2024-09-26,1727357400,218.85
2024-09-27,1727443800,220.33
2024-09-30,1727703000,220.89
2024-10-01,1727789400,217.89
2024-10-02,1727875800,217.59
2024-10-03,1727962200,216.13
2024-10-04,1728048600,219.15
2024-10-07,1728307800,217.43
2024-10-08,1728394200,217.58
2024-10-09,1728480600,218.06
2024-10-10,1728567000,216.85
2024-10-11,1728653400,221.26
2024-10-14,1728912600,222.89
2024-10-15,1728999000,223.07
2024-10-16,1729085400,226.74
2024-10-17,1729171800,226.12
2024-10-18,1729258200,225.65
2024-10-21,1729517400,222.1
2024-10-22,1729603800,221.26
2024-10-23,1729690200,219.24
2024-10-24,1729776600,219.72
2024-10-25,1729863000,218.89
2024-10-28,1730122200,222.46
2024-10-29,1730208600,221.74
2024-10-30,1730295000,221.44
2024-10-31,1730381400,217.76
2024-11-01,1730467800,218.98
2024-11-04,1730730600,220.09
2024-11-05,1730817000,224.23
2024-11-06,1730903400,237.22
2024-11-07,1730989800,236.38
2024-11-08,1731076200,238.12
2024-11-11,1731335400,241.7
2024-11-12,1731421800,237.46
2024-11-13,1731508200,235.11
2024-11-14,1731594600,231.94
2024-11-15,1731681000,228.48
2024-11-18,1731940200,228.93
2024-11-19,1732026600,230.63
2024-11-20,1732113000,230.93
2024-11-21,1732199400,234.44
2024-11-22,1732285800,238.77
2024-11-25,1732545000,242.4
2024-11-26,1732631400,240.62
2024-11-27,1732717800,240.95
2024-11-29,1732890600,241.87
2024-12-02,1733149800,241.75
2024-12-03,1733236200,240.03
2024-12-04,1733322600,240.89
2024-12-05,1733409000,238.08
2024-12-06,1733495400,238.93
2024-12-09,1733754600,237.73
2024-12-10,1733841000,236.7
2024-12-11,1733927400,237.77
2024-12-12,1734013800,234.68
2024-12-13,1734100200,233.07
2024-12-16,1734359400,234.44
2024-12-17,1734445800,231.07
2024-12-18,1734532200,220.84
2024-12-19,1734618600,219.86
2024-12-20,1734705000,221.92
2024-12-23,1734964200,221.41
2024-12-24,1735050600,223.39
2024-12-26,1735223400,225.68
2024-12-27,1735309800,222.39
2024-12-30,1735569000,220.68
2024-12-31,1735655400,220.96
2025-01-02,1735828200,221.14
2025-01-03,1735914600,224.43
2025-01-06,1736173800,224.52
2025-01-07,1736260200,222.72
2025-01-08,1736346600,221.71
2025-01-10,1736519400,216.83
2025-01-13,1736778600,217.25
2025-01-14,1736865000,219.72
2025-01-15,1736951400,224.04
2025-01-16,1737037800,224.49
2025-01-17,1737124200,225.46
2025-01-21,1737469800,229.79
2025-01-22,1737556200,228.29
2025-01-23,1737642600,229.33
2025-01-24,1737729000,228.69
2025-01-27,1737988200,226.5
2025-01-28,1738074600,226.75
2025-01-29,1738161000,226.23
2025-01-30,1738247400,228.53
2025-01-31,1738333800,226.48
2025-02-03,1738593000,223.83
2025-02-04,1738679400,226.93
2025-02-05,1738765800,229.4
2025-02-06,1738852200,228.65
2025-02-07,1738938600,226
2025-02-10,1739197800,227.02
2025-02-11,1739284200,225.7
2025-02-12,1739370600,223.62
2025-02-13,1739457000,226.14
2025-02-14,1739543400,225.97
2025-02-18,1739889000,227.21
2025-02-19,1739975400,226.43
2025-02-20,1740061800,224.26
2025-02-21,1740148200,217.8
2025-02-24,1740407400,216.23
2025-02-25,1740493800,215.41
2025-02-26,1740580200,215.68
2025-02-27,1740666600,212.39
2025-02-28,1740753000,214.65
2025-03-03,1741012200,208.78
2025-03-04,1741098600,206.42
2025-03-05,1741185000,208.47
2025-03-06,1741271400,205.28
2025-03-07,1741357800,205.95
2025-03-10,1741613400,200.77
2025-03-11,1741699800,200.75
2025-03-12,1741786200,201.1
2025-03-13,1741872600,198.1
2025-03-14,1741959000,202.89
2025-03-17,1742218200,205.45
2025-03-18,1742304600,203.21
2025-03-19,1742391000,206.37
2025-03-20,1742477400,205.06
2025-03-21,1742563800,203.79
2025-03-24,1742823000,208.86
2025-03-25,1742909400,207.7
2025-03-26,1742995800,205.59
2025-03-27,1743082200,204.61
2025-03-28,1743168600,200.45
2025-03-31,1743427800,199.49
2025-04-01,1743514200,199.51
2025-04-02,1743600600,202.66
2025-04-03,1743687000,189.65
2025-04-04,1743773400,181.19
2025-04-07,1744032600,179.55
2025-04-08,1744119000,174.82
2025-04-09,1744205400,189.68
2025-04-10,1744291800,181.71
2025-04-11,1744378200,184.36
2025-04-14,1744637400,186.53
2025-04-15,1744723800,186.76
2025-04-16,1744810200,184.97
2025-04-17,1744896600,186.48
2025-04-21,1745242200,182.74
2025-04-22,1745328600,187.47
2025-04-23,1745415000,190.25
2025-04-24,1745501400,194.06
2025-04-25,1745587800,194.12
2025-04-28,1745847000,194.94
2025-04-29,1745933400,196.09
2025-04-30,1746019800,194.86
2025-05-01,1746106200,196.07
2025-05-02,1746192600,200.48
2025-05-05,1746451800,198.94
2025-05-06,1746538200,196.77
2025-05-07,1746624600,197.42
2025-05-08,1746711000,201.18
2025-05-09,1746797400,200.81
2025-05-12,1747056600,207.87
2025-05-13,1747143000,208.63
2025-05-14,1747229400,206.78
2025-05-15,1747315800,208.13
2025-05-16,1747402200,209.85
2025-05-19,1747661400,208.97
2025-05-20,1747747800,209.08
2025-05-21,1747834200,203.21
2025-05-22,1747920600,203.2
2025-05-23,1748007000,202.56
2025-05-27,1748352600,207.7
2025-05-28,1748439000,205.51
2025-05-29,1748525400,206.12
2025-05-30,1748611800,205.07
2025-06-02,1748871000,205.71
2025-06-03,1748957400,209.03
2025-06-04,1749043800,208.44
2025-06-05,1749130200,208.53
2025-06-06,1749216600,211.9
2025-06-09,1749475800,213.36
2025-06-10,1749562200,214.51
2025-06-11,1749648600,213.63
2025-06-12,1749735000,212.78
2025-06-13,1749821400,208.89
2025-06-16,1750080600,210.77
2025-06-17,1750167000,208.55
2025-06-18,1750253400,209.65
2025-06-20,1750426200,209.21
2025-06-23,1750685400,211.77
2025-06-24,1750771800,214.47
2025-06-25,1750858200,211.97
2025-06-26,1750944600,215.41
2025-06-27,1751031000,215.48
2025-06-30,1751290200,215.79
2025-07-01,1751376600,218.01
2025-07-02,1751463000,221.03
2025-07-03,1751549400,223.08
2025-07-07,1751895000,219.73
2025-07-08,1751981400,221.25
2025-07-09,1752067800,223.65
2025-07-10,1752154200,224.8
2025-07-11,1752240600,221.7
2025-07-14,1752499800,223.19
2025-07-15,1752586200,218.82
2025-07-16,1752672600,221.02
2025-07-17,1752759000,223.92
2025-07-18,1752845400,222.33
2025-07-21,1753104600,221.43
2025-07-22,1753191000,223.27
2025-07-23,1753277400,226.68
2025-07-24,1753363800,223.55
2025-07-25,1753450200,224.38
2025-07-28,1753709400,224.12
2025-07-29,1753795800,222.69
2025-07-30,1753882200,221.56
2025-07-31,1753968600,219.39
2025-08-01,1754055000,214.92
2025-08-04,1754314200,219.73
2025-08-05,1754400600,220.85
2025-08-06,1754487000,220.56
2025-08-07,1754573400,219.84
2025-08-08,1754659800,220.32
2025-08-11,1754919000,220.27
2025-08-12,1755005400,226.81
2025-08-13,1755091800,231.22
2025-08-14,1755178200,228.24
2025-08-15,1755264600,227.13
2025-08-18,1755523800,227.96
2025-08-19,1755610200,226.21
2025-08-20,1755696600,225.41
2025-08-21,1755783000,225.97
2025-08-22,1755869400,234.83
2025-08-25,1756128600,232.36
2025-08-26,1756215000,234.28
2025-08-27,1756301400,235.94
2025-08-28,1756387800,236.22
2025-08-29,1756474200,235.17
2025-09-02,1756819800,233.9
2025-09-03,1756906200,233.67
2025-09-04,1756992600,236.59
2025-09-05,1757079000,237.77
2025-09-08,1757338200,238.25
2025-09-09,1757424600,236.85
2025-09-10,1757511000,236.43
2025-09-11,1757597400,240.8
2025-09-12,1757683800,238.34
2025-09-15,1757943000,239.35
2025-09-16,1758029400,238.28
2025-09-17,1758115800,238.89
2025-09-18,1758202200,244.84
2025-09-19,1758288600,242.98
2025-09-22,1758547800,244.39
2025-09-23,1758634200,243.84
2025-09-24,1758720600,241.6
2025-09-25,1758807000,239.29
2025-09-26,1758893400,241.34
2025-09-29,1759152600,241.62
2025-09-30,1759239000,241.96
2025-10-01,1759325400,242.49
2025-10-02,1759411800,244.02
2025-10-03,1759498200,245.83
2025-10-06,1759757400,246.81
2025-10-07,1759843800,244.16
2025-10-08,1759930200,246.72
2025-10-09,1760016600,245.13
2025-10-10,1760103000,237.79
2025-10-13,1760362200,244.41
2025-10-14,1760448600,247.9
2025-10-15,1760535000,250.33
2025-10-16,1760621400,245.06
2025-10-17,1760707800,243.41
2025-10-20,1760967000,248.16
2025-10-21,1761053400,246.99
2025-10-22,1761139800,243.34
2025-10-23,1761226200,246.42
2025-10-24,1761312600,249.43
2025-10-27,1761571800,250.3
2025-10-28,1761658200,248.96
2025-10-29,1761744600,246.84
2025-10-30,1761831000,244.85
2025-10-31,1761917400,246.23
2025-11-03,1762180200,245.44
2025-11-04,1762266600,241.2
2025-11-05,1762353000,244.68
2025-11-06,1762439400,240.35
2025-11-07,1762525800,241.61
2025-11-10,1762785000,244.03
2025-11-11,1762871400,244.24
2025-11-12,1762957800,243.64
2025-11-13,1763044200,236.79
2025-11-14,1763130600,237.48
2025-11-17,1763389800,232.76
2025-11-18,1763476200,233.47
2025-11-19,1763562600,233.43
2025-11-20,1763649000,229.11
2025-11-21,1763735400,235.6
2025-11-24,1763994600,239.9
2025-11-25,1764081000,245.13
2025-11-26,1764167400,247.3
2025-11-28,1764340200,248.75
2025-12-01,1764599400,245.62
2025-12-02,1764685800,245.17
2025-12-03,1764772200,249.63
2025-12-04,1764858600,251.82
2025-12-05,1764945000,250.77
2025-12-08,1765204200,250.87
2025-12-09,1765290600,251.39
2025-12-10,1765377000,254.81
2025-12-11,1765463400,257.8
2025-12-12,1765549800,253.85
2025-12-15,1765809000,251.93
2025-12-16,1765895400,249.9
2025-12-17,1765981800,247.24
2025-12-18,1766068200,248.71
2025-12-19,1766154600,250.79
2025-12-22,1766413800,253.58
2025-12-23,1766500200,252.08
2025-12-24,1766586600,252.71
2025-12-26,1766759400,251.42
2025-12-29,1767018600,249.88
2025-12-30,1767105000,248.03
2025-12-31,1767191400,246.16
2026-01-02,1767364200,248.78
2026-01-05,1767623400,252.73
2026-01-06,1767709800,256.08
2026-01-07,1767796200,255.48
2026-01-08,1767882600,258.27
2026-01-09,1767969000,260.23
2026-01-12,1768228200,261.5
2026-01-13,1768314600,261.35
2026-01-14,1768401000,263.19
2026-01-15,1768487400,265.51
2026-01-16,1768573800,265.76
2026-01-20,1768919400,262.58
2026-01-21,1769005800,267.79
2026-01-22,1769092200,269.79
2026-01-23,1769178600,264.81
2026-01-26,1769437800,263.98
2026-01-27,1769524200,264.73
2026-01-28,1769610600,263.3
2026-01-29,1769697000,263.37
2026-01-30,1769783400,259.65
2026-02-02,1770042600,262.18
2026-02-03,1770129000,262.78
2026-02-04,1770215400,260.52
2026-02-05,1770301800,255.83
2026-02-06,1770388200,265.02
2026-02-09,1770647400,266.88
2026-02-10,1770733800,266.16
2026-02-11,1770820200,264.95
2026-02-12,1770906600,259.54
2026-02-13,1770993000,262.96
2026-02-17,1771338600,263.04
2026-02-18,1771425000,263.99
2026-02-19,1771511400,264.6
2026-02-20,1771597800,264.61
2026-02-23,1771857000,260.49
2026-02-24,1771943400,263.33
2026-02-25,1772029800,264.58
2026-02-26,1772116200,265.99
2026-02-27,1772202600,261.41
2026-03-02,1772461800,263.81
2026-03-03,1772548200,259.24
2026-03-04,1772634600,261.76
2026-03-05,1772721000,256.76
2026-03-06,1772807400,250.89
2026-03-09,1773063000,253.62
2026-03-10,1773149400,253.36
2026-03-11,1773235800,252.85
2026-03-12,1773322200,247.41
2026-03-13,1773408600,246.59
2026-03-16,1773667800,248.92
2026-03-17,1773754200,250.05
2026-03-18,1773840600,246.02
2026-03-19,1773927000,247.63
2026-03-20,1774013400,242.22
2026-03-23,1774272600,247.45
2026-03-24,1774359000,248.78
2026-03-25,1774445400,251.82
2026-03-26,1774531800,247.44
2026-03-27,1774618200,243.1
2026-03-30,1774877400,239.61
2026-03-31,1774963800,248
2026-04-01,1775050200,249.56
2026-04-02,1775136600,251.29
2026-04-06,1775482200,252.36
2026-04-07,1775568600,252.91
2026-04-08,1775655000,260.47
2026-04-09,1775741400,261.96
2026-04-10,1775827800,261.3
2026-04-13,1776087000,265.07
2026-04-14,1776173400,268.72
2026-04-15,1776259800,269.39
2026-04-16,1776346200,269.95
2026-04-17,1776432600,275.78
2026-04-20,1776691800,277.35
2026-04-21,1776778200,274.51
2026-04-22,1776864600,276.48
2026-04-23,1776951000,275.52
2026-04-24,1777037400,276.65
2026-04-27,1777296600,277.14
2026-04-28,1777383000,273.91
2026-04-29,1777469400,272.08
2026-04-30,1777555800,277.97
2026-05-01,1777642200,279.28
2026-05-04,1777901400,277.88
2026-05-05,1777987800,282.56
2026-05-06,1778074200,286.8
2026-05-07,1778160600,282.26
2026-05-08,1778247000,284.17
2026-05-11,1778506200,285.33
2026-05-12,1778592600,282.57
2026-05-13,1778679000,282.67
2026-05-14,1778765400,284.45
2026-05-15,1778851800,277.6
2026-05-18,1779111000,275.97
2026-05-19,1779197400,273
2026-05-20,1779283800,279.87
2026-05-21,1779370200,282.49
2026-05-22,1779456600,285.12
2026-05-26,1779802200,290.51
2026-05-27,1779888600,290.37
2026-05-28,1779975000,292.03
2026-05-29,1780061400,290.43
2026-06-01,1780320600,288.98
2026-06-02,1780407000,291.66
2026-06-03,1780493400,287.67
2026-06-04,1780579800,292.01
2026-06-05,1780666200,281.65
2026-06-08,1780925400,284.11
2026-06-09,1781011800,285.02
2026-06-10,1781098200,282.05
2026-06-11,1781184600,290.41
2026-06-12,1781271000,292.95
2026-06-15,1781530200,294.64
2026-06-16,1781616600,292.08
2026-06-17,1781703000,289.88
2026-06-18,1781789400,295.59
2026-06-22,1782135000,298.18
2026-06-23,1782221400,295.32
2026-06-24,1782307800,296.69
2026-06-25,1782394200,298.91
2026-06-26,1782480600,299.83
2026-06-29,1782739800,298.97
2026-06-30,1782826200,300.45
2026-07-01,1782912600,299.32
2026-07-02,1782999000,297.58
2026-07-06,1783344600,298.9
2026-07-07,1783431000,296.19
2026-07-08,1783517400,293.48
2026-07-09,1783603800,297.24
2026-07-10,1783690200,295.99
2026-07-13,1783949400,293.48
2026-07-14,1784035800,294.51
2026-07-15,1784122200,295.77
2026-07-16,1784208600,295.59
2026-07-17,1784295000,294.04
2026-07-20,1784554200,292.31
2026-07-21,1784640600,296.54
2026-07-22,1784727000,293.79
2026-07-23,1784813400,292.09
2026-07-24,1784899800,291.17
2026-07-27,1785159000,292.91
2026-07-28,1785245400,293.37
2026-07-29,1785331800,288.57
2026-07-30,1785418200,292.59
2026-07-31,1785504600,291.2
2026-08-03,1785763800,296.22
2026-08-04,1785850200,301.71
2026-08-05,1785936600,299.77
2026-08-06,1786023000,298.25
2026-08-07,1786109400,301.56
2026-08-10,1786368600,299.98
2026-08-11,1786455000,300.99
2026-08-12,1786541400,302.71
2026-08-13,1786627800,303.5
2026-08-14,1786714200,305.09
2026-08-17,1786973400,304.06
2026-08-18,1787059800,300.23
2026-08-19,1787146200,301.72
2026-08-20,1787232600,297.67
2026-08-21,1787319000,299.96
2026-08-24,1787578200,297.97
2026-08-25,1787664600,299.23
2026-08-26,1787751000,298.93
2026-08-27,1787837400,299.81
2026-08-28,1787923800,295.75
2026-08-31,1788183000,293.93
2026-09-01,1788269400,290.57
2026-09-02,1788355800,294.01
2026-09-03,1788442200,295.19
2026-09-04,1788528600,296.01
2026-09-08,1788874200,294.67
2026-09-09,1788960600,290.64
2026-09-10,1789047000,287.7
2026-09-11,1789133400,288.89
2026-09-14,1789392600,287.91
2026-09-15,1789479000,285.14
2026-09-16,1789565400,283.92
2026-09-17,1789651800,285.43
2026-09-18,1789738200,284.1
2026-09-21,1789997400,285.58
2026-09-22,1790083800,287.21
2026-09-23,1790170200,281.92
2026-09-24,1790256600,281.66
2026-09-25,1790343000,281.97
2026-09-28,1790602200,280.02
2026-09-29,1790688600,279.01
2026-09-30,1790775000,277.89
2026-10-01,1790861400,279.02
2026-10-02,1790947800,281.52
