date,timestamp_utc,close
2006-12-03,1165186800,650.9
2006-12-04,1165273200,647.9
2006-12-05,1165359600,635.9
2006-12-06,1165446000,637
2006-12-07,1165532400,631
2006-12-10,1165791600,634.8
2006-12-11,1165878000,631.7
2006-12-12,1165964400,632.4
2006-12-13,1166050800,630.9
2006-12-14,1166137200,619.1
2006-12-17,1166396400,617.9
2006-12-18,1166482800,625.4
2006-12-19,1166569200,624.3
2006-12-20,1166655600,621.6
2006-12-21,1166742000,622.3
2006-12-25,1167087600,626.9
2006-12-26,1167174000,630.3
2006-12-27,1167260400,636.9
2006-12-28,1167346800,638
2007-01-01,1167692400,638
2007-01-02,1167778800,629.8
2007-01-03,1167865200,626.2
2007-01-04,1167951600,606.9
2007-01-07,1168210800,609.4
2007-01-08,1168297200,615
2007-01-09,1168383600,613.4
2007-01-10,1168470000,613.9
2007-01-11,1168556400,626.9
2007-01-15,1168902000,625.9
2007-01-16,1168988400,633.3
2007-01-17,1169074800,628.1
2007-01-18,1169161200,636.4
2007-01-21,1169420400,634.1
2007-01-22,1169506800,645.9
2007-01-23,1169593200,648.2
2007-01-24,1169679600,648.1
2007-01-25,1169766000,644.7
2007-01-28,1170025200,643.2
2007-01-29,1170111600,650.2
2007-01-30,1170198000,657.9
2007-01-31,1170284400,663
2007-02-01,1170370800,651.5
2007-02-04,1170630000,656.1
2007-02-05,1170716400,658.7
2007-02-06,1170802800,657.3
2007-02-07,1170889200,662.8
2007-02-08,1170975600,672.3
2007-02-11,1171234800,667.3
2007-02-12,1171321200,668.5
2007-02-13,1171407600,672
2007-02-14,1171494000,671.4
2007-02-15,1171580400,672.8
2007-02-18,1171839600,674.3
2007-02-19,1171926000,661
2007-02-20,1172012400,684
2007-02-21,1172098800,683
2007-02-22,1172185200,686.7
2007-02-25,1172444400,689.8
2007-02-26,1172530800,687.2
2007-02-27,1172617200,672.5
2007-02-28,1172703600,665.1
2007-03-01,1172790000,644.1
2007-03-04,1173049200,639.2
2007-03-05,1173135600,646.2
2007-03-06,1173222000,652.9
2007-03-07,1173308400,655.5
2007-03-08,1173394800,652
2007-03-11,1173650400,650.3
2007-03-12,1173736800,649.4
2007-03-13,1173823200,642.5
2007-03-14,1173909600,647.1
2007-03-15,1173996000,653.9
2007-03-18,1174255200,654.3
2007-03-19,1174341600,659
2007-03-20,1174428000,660
2007-03-21,1174514400,664.2
2007-03-22,1174600800,657.3
2007-03-25,1174860000,663.9
2007-03-26,1174946400,662.5
2007-03-27,1175032800,666.8
2007-03-28,1175119200,667.6
2007-03-29,1175205600,669
2007-04-01,1175464800,671.5
2007-04-02,1175551200,669.7
2007-04-03,1175637600,677.4
2007-04-04,1175724000,679.4
2007-04-08,1176069600,676.9
2007-04-09,1176156000,681.5
2007-04-10,1176242400,681.7
2007-04-11,1176328800,679.7
2007-04-12,1176415200,689.9
2007-04-15,1176674400,694.5
2007-04-16,1176760800,692.5
2007-04-17,1176847200,693.3
2007-04-18,1176933600,688.3
2007-04-19,1177020000,695.8
2007-04-22,1177279200,694.2
2007-04-23,1177365600,687.7
2007-04-24,1177452000,687.4
2007-04-25,1177538400,678
2007-04-26,1177624800,681.8
2007-04-29,1177884000,683.5
2007-04-30,1177970400,677.3
2007-05-01,1178056800,675.1
2007-05-02,1178143200,684.4
2007-05-03,1178229600,689.7
2007-05-06,1178488800,690.4
2007-05-07,1178575200,687.4
2007-05-08,1178661600,682.5
2007-05-09,1178748000,667
2007-05-10,1178834400,672.3
2007-05-13,1179093600,670.1
2007-05-14,1179180000,674.5
2007-05-15,1179266400,661.5
2007-05-16,1179352800,657.2
2007-05-17,1179439200,662
2007-05-20,1179698400,663.8
2007-05-21,1179784800,659.9
2007-05-22,1179871200,662.6
2007-05-23,1179957600,653.3
2007-05-24,1180044000,655.3
2007-05-28,1180389600,657.2
2007-05-29,1180476000,659.3
2007-05-30,1180562400,666.7
2007-05-31,1180648800,676.9
2007-06-03,1180908000,676.3
2007-06-04,1180994400,675.1
2007-06-05,1181080800,674.6
2007-06-06,1181167200,665.2
2007-06-07,1181253600,650.3
2007-06-10,1181512800,659
2007-06-11,1181599200,653.1
2007-06-12,1181685600,652.7
2007-06-13,1181772000,655.9
2007-06-14,1181858400,658.7
2007-06-17,1182117600,659.9
2007-06-18,1182204000,664.7
2007-06-19,1182290400,660
2007-06-20,1182376800,654.2
2007-06-21,1182463200,657
2007-06-24,1182722400,654.7
2007-06-25,1182808800,645.3
2007-06-26,1182895200,644.8
2007-06-27,1182981600,650.4
2007-06-28,1183068000,650.9
2007-07-01,1183327200,659.2
2007-07-02,1183413600,655.4
2007-07-03,1183500000,656.3
2007-07-04,1183586400,650.6
2007-07-05,1183672800,654.8
2007-07-08,1183932000,662.5
2007-07-09,1184018400,664.4
2007-07-10,1184104800,662.1
2007-07-11,1184191200,668.3
2007-07-12,1184277600,667.3
2007-07-15,1184536800,666.3
2007-07-16,1184623200,665.9
2007-07-17,1184709600,673.7
2007-07-18,1184796000,678.1
2007-07-19,1184882400,684.7
2007-07-22,1185141600,681.5
2007-07-23,1185228000,684.8
2007-07-24,1185314400,673.8
2007-07-25,1185400800,662.8
2007-07-26,1185487200,660.1
2007-07-29,1185746400,676.6
2007-07-30,1185832800,679.3
2007-07-31,1185919200,675.9
2007-08-01,1186005600,676.6
2007-08-02,1186092000,684.4
2007-08-05,1186351200,683.3
2007-08-06,1186437600,682.3
2007-08-07,1186524000,686.3
2007-08-08,1186610400,672.8
2007-08-09,1186696800,681.6
2007-08-12,1186956000,680.9
2007-08-13,1187042400,679.7
2007-08-14,1187128800,679.7
2007-08-15,1187215200,658
2007-08-16,1187301600,666.8
2007-08-19,1187560800,666.5
2007-08-20,1187647200,666.2
2007-08-21,1187733600,668.7
2007-08-22,1187820000,668.4
2007-08-23,1187906400,677.5
2007-08-26,1188165600,676.2
2007-08-27,1188252000,673.5
2007-08-28,1188338400,675.4
2007-08-29,1188424800,673.9
2007-08-30,1188511200,681.9
2007-09-02,1188770400,680.9
2007-09-03,1188856800,691.5
2007-09-04,1188943200,690.7
2007-09-05,1189029600,704.6
2007-09-06,1189116000,709.7
2007-09-09,1189375200,712.2
2007-09-10,1189461600,721.1
2007-09-11,1189548000,720.7
2007-09-12,1189634400,717.9
2007-09-13,1189720800,717.8
2007-09-16,1189980000,723.8
2007-09-17,1190066400,723.7
2007-09-18,1190152800,729.5
2007-09-19,1190239200,739.9
2007-09-20,1190325600,738.9
2007-09-23,1190584800,739.3
2007-09-24,1190671200,738.8
2007-09-25,1190757600,735.5
2007-09-26,1190844000,739.9
2007-09-27,1190930400,750
2007-09-30,1191189600,754.1
2007-10-01,1191276000,736.3
2007-10-02,1191362400,735.7
2007-10-03,1191448800,743.8
2007-10-04,1191535200,747.2
2007-10-07,1191794400,738.7
2007-10-08,1191880800,743.1
2007-10-09,1191967200,746
2007-10-10,1192053600,756.7
2007-10-11,1192140000,753.8
2007-10-14,1192399200,762.2
2007-10-15,1192485600,762
2007-10-16,1192572000,762.3
2007-10-17,1192658400,768.7
2007-10-18,1192744800,768.4
2007-10-21,1193004000,760
2007-10-22,1193090400,763.1
2007-10-23,1193176800,765.6
2007-10-24,1193263200,771
2007-10-25,1193349600,787.5
2007-10-28,1193608800,792.6
2007-10-29,1193695200,787.8
2007-10-30,1193781600,795.3
2007-10-31,1193868000,793.7
2007-11-01,1193954400,808.5
2007-11-04,1194217200,810.8
2007-11-05,1194303600,823.4
2007-11-06,1194390000,833.5
2007-11-07,1194476400,837.5
2007-11-08,1194562800,834.7
2007-11-11,1194822000,807.7
2007-11-12,1194908400,799
2007-11-13,1194994800,814.7
2007-11-14,1195081200,787.3
2007-11-15,1195167600,787
2007-11-18,1195426800,778
2007-11-19,1195513200,791.4
2007-11-20,1195599600,798.6
2007-11-21,1195686000,804
2007-11-22,1195772400,824.7
2007-11-25,1196031600,826.5
2007-11-26,1196118000,814
2007-11-27,1196204400,800.3
2007-11-28,1196290800,802.3
2007-11-29,1196377200,789.1
2007-12-02,1196636400,794.7
2007-12-03,1196722800,807.6
2007-12-04,1196809200,803.7
2007-12-05,1196895600,807.1
2007-12-06,1196982000,800.2
2007-12-09,1197241200,813.5
2007-12-10,1197327600,817.1
2007-12-11,1197414000,818.8
2007-12-12,1197500400,804
2007-12-13,1197586800,798
2007-12-16,1197846000,799.3
2007-12-17,1197932400,807.4
2007-12-18,1198018800,805.4
2007-12-19,1198105200,803.2
2007-12-20,1198191600,815.4
2007-12-23,1198450800,816.5
2007-12-25,1198623600,829.5
2007-12-26,1198710000,831.8
2007-12-27,1198796400,842.7
2007-12-30,1199055600,838
2008-01-01,1199228400,860
2008-01-02,1199314800,869.1
2008-01-03,1199401200,865.7
2008-01-06,1199660400,862
2008-01-07,1199746800,880.3
2008-01-08,1199833200,881.7
2008-01-09,1199919600,893.6
2008-01-10,1200006000,897.7
2008-01-13,1200265200,903.4
2008-01-14,1200351600,902.6
2008-01-15,1200438000,882
2008-01-16,1200524400,880.5
2008-01-17,1200610800,881.7
2008-01-21,1200956400,890.3
2008-01-22,1201042800,883.1
2008-01-23,1201129200,905.8
2008-01-24,1201215600,910.7
2008-01-27,1201474800,927.1
2008-01-28,1201561200,925.1
2008-01-29,1201647600,926.3
2008-01-30,1201734000,928
2008-01-31,1201820400,913.5
2008-02-03,1202079600,909.4
2008-02-04,1202166000,890.3
2008-02-05,1202252400,905
2008-02-06,1202338800,910
2008-02-07,1202425200,922.3
2008-02-10,1202684400,926.7
2008-02-11,1202770800,911.1
2008-02-12,1202857200,910.2
2008-02-13,1202943600,910.8
2008-02-14,1203030000,906.1
2008-02-18,1203375600,929.8
2008-02-19,1203462000,937.8
2008-02-20,1203548400,949.2
2008-02-21,1203634800,947.8
2008-02-24,1203894000,940.5
2008-02-25,1203980400,948.9
2008-02-26,1204066800,961
2008-02-27,1204153200,967.5
2008-02-28,1204239600,975
2008-03-02,1204498800,984.2
2008-03-03,1204585200,966.3
2008-03-04,1204671600,988.5
2008-03-05,1204758000,977.1
2008-03-06,1204844400,974.2
2008-03-09,1205100000,971.8
2008-03-10,1205186400,976
2008-03-11,1205272800,980.5
2008-03-12,1205359200,993.8
2008-03-13,1205445600,999.5
2008-03-16,1205704800,1002.6
2008-03-17,1205791200,1004.3
2008-03-18,1205877600,945.3
2008-03-19,1205964000,920
2008-03-23,1206309600,918.7
2008-03-24,1206396000,935
2008-03-25,1206482400,949.2
2008-03-26,1206568800,948.8
2008-03-27,1206655200,936.5
2008-03-30,1206914400,921.5
2008-03-31,1207000800,887.8
2008-04-01,1207087200,900.2
2008-04-02,1207173600,909.6
2008-04-03,1207260000,913.2
2008-04-06,1207519200,926.8
2008-04-07,1207605600,918
2008-04-08,1207692000,937.5
2008-04-09,1207778400,931.8
2008-04-10,1207864800,927
2008-04-13,1208124000,928.7
2008-04-14,1208210400,932
2008-04-15,1208296800,948.3
2008-04-16,1208383200,942.9
2008-04-17,1208469600,915.2
2008-04-20,1208728800,917.6
2008-04-21,1208815200,925.2
2008-04-22,1208901600,909
2008-04-23,1208988000,889.4
2008-04-24,1209074400,889.7
2008-04-27,1209333600,895.5
2008-04-28,1209420000,876.8
2008-04-29,1209506400,865.1
2008-04-30,1209592800,850.9
2008-05-01,1209679200,858
2008-05-04,1209938400,874.1
2008-05-05,1210024800,877.7
2008-05-06,1210111200,871.2
2008-05-07,1210197600,882.1
2008-05-08,1210284000,885.8
2008-05-11,1210543200,884.9
2008-05-12,1210629600,869.6
2008-05-13,1210716000,866.5
2008-05-14,1210802400,880
2008-05-15,1210888800,899.9
2008-05-18,1211148000,905.8
2008-05-19,1211234400,920.2
2008-05-20,1211320800,928.6
2008-05-21,1211407200,918.3
2008-05-22,1211493600,925.8
2008-05-25,1211752800,929
2008-05-26,1211839200,907.9
2008-05-27,1211925600,900.5
2008-05-28,1212012000,881.7
2008-05-29,1212098400,891.5
2008-06-01,1212357600,897
2008-06-02,1212444000,885.5
2008-06-03,1212530400,883.8
2008-06-04,1212616800,875.5
2008-06-05,1212703200,899
2008-06-08,1212962400,898.1
2008-06-09,1213048800,871.2
2008-06-10,1213135200,882.9
2008-06-11,1213221600,872
2008-06-12,1213308000,873.1
2008-06-15,1213567200,886.3
2008-06-16,1213653600,886.9
2008-06-17,1213740000,893.5
2008-06-18,1213826400,904.2
2008-06-19,1213912800,903.7
2008-06-22,1214172000,887.2
2008-06-23,1214258400,891.6
2008-06-24,1214344800,882.3
2008-06-25,1214431200,915.1
2008-06-26,1214517600,931.3
2008-06-29,1214776800,928.3
2008-06-30,1214863200,944.5
2008-07-01,1214949600,946.5
2008-07-02,1215036000,933.6
2008-07-03,1215122400,935.7
2008-07-06,1215381600,928.8
2008-07-07,1215468000,923.3
2008-07-08,1215554400,928.6
2008-07-09,1215640800,942
2008-07-10,1215727200,960.6
2008-07-13,1215986400,973.7
2008-07-14,1216072800,978.7
2008-07-15,1216159200,962.7
2008-07-16,1216245600,970.7
2008-07-17,1216332000,958
2008-07-20,1216591200,963.7
2008-07-21,1216677600,948.5
2008-07-22,1216764000,922.8
2008-07-23,1216850400,922.3
2008-07-24,1216936800,926.8
2008-07-27,1217196000,927.7
2008-07-28,1217282400,916.5
2008-07-29,1217368800,912.3
2008-07-30,1217455200,922.7
2008-07-31,1217541600,917.5
2008-08-03,1217800800,907.9
2008-08-04,1217887200,886.1
2008-08-05,1217973600,883
2008-08-06,1218060000,877.9
2008-08-07,1218146400,864.8
2008-08-10,1218405600,828.3
2008-08-11,1218492000,814.6
2008-08-12,1218578400,831.5
2008-08-13,1218664800,814.5
2008-08-14,1218751200,792.1
2008-08-17,1219010400,805.7
2008-08-18,1219096800,816.8
2008-08-19,1219183200,816.3
2008-08-20,1219269600,839
2008-08-21,1219356000,833.5
2008-08-24,1219615200,825.7
2008-08-25,1219701600,828.1
2008-08-26,1219788000,834
2008-08-27,1219874400,837.2
2008-08-28,1219960800,835.2
2008-09-01,1220306400,810.5
2008-09-02,1220392800,808.2
2008-09-03,1220479200,803.2
2008-09-04,1220565600,802.8
2008-09-07,1220824800,802.5
2008-09-08,1220911200,792
2008-09-09,1220997600,762.5
2008-09-10,1221084000,745.5
2008-09-11,1221170400,764.5
2008-09-14,1221429600,787
2008-09-15,1221516000,780.5
2008-09-16,1221602400,850.5
2008-09-17,1221688800,897
2008-09-18,1221775200,864.7
2008-09-21,1222034400,909
2008-09-22,1222120800,891.2
2008-09-23,1222207200,895
2008-09-24,1222293600,882
2008-09-25,1222380000,888.5
2008-09-28,1222639200,894.4
2008-09-29,1222725600,880.8
2008-09-30,1222812000,887.3
2008-10-01,1222898400,844.3
2008-10-02,1222984800,833.2
2008-10-05,1223244000,866.2
2008-10-06,1223330400,882
2008-10-07,1223416800,906.5
2008-10-08,1223503200,886.5
2008-10-09,1223589600,859
2008-10-12,1223848800,842.5
2008-10-13,1223935200,839.5
2008-10-14,1224021600,839
2008-10-15,1224108000,804.5
2008-10-16,1224194400,787.7
2008-10-19,1224453600,790
2008-10-20,1224540000,768
2008-10-21,1224626400,735.2
2008-10-22,1224712800,714.7
2008-10-23,1224799200,730.3
2008-10-26,1225058400,742.9
2008-10-27,1225144800,740.5
2008-10-28,1225231200,754
2008-10-29,1225317600,738.5
2008-10-30,1225404000,718.2
2008-11-02,1225666800,726.8
2008-11-03,1225753200,757.3
2008-11-04,1225839600,742.4
2008-11-05,1225926000,732.2
2008-11-06,1226012400,734.2
2008-11-09,1226271600,746.5
2008-11-10,1226358000,732.8
2008-11-11,1226444400,718.3
2008-11-12,1226530800,705
2008-11-13,1226617200,742.5
2008-11-16,1226876400,742
2008-11-17,1226962800,732.7
2008-11-18,1227049200,736
2008-11-19,1227135600,748.7
2008-11-20,1227222000,791.8
2008-11-23,1227481200,819.5
2008-11-24,1227567600,818.5
2008-11-25,1227654000,808.5
2008-11-27,1227826800,819
2008-11-30,1228086000,776.8
2008-12-01,1228172400,783.3
2008-12-02,1228258800,770.5
2008-12-03,1228345200,765.5
2008-12-04,1228431600,752.2
2008-12-07,1228690800,769.3
2008-12-08,1228777200,774.2
2008-12-09,1228863600,808.8
2008-12-10,1228950000,826.6
2008-12-11,1229036400,820.5
2008-12-14,1229295600,836.5
2008-12-15,1229382000,842.7
2008-12-16,1229468400,868.5
2008-12-17,1229554800,860.6
2008-12-18,1229641200,837.4
2008-12-21,1229900400,847.2
2008-12-22,1229986800,838.1
2008-12-23,1230073200,848
2008-12-25,1230246000,871.2
2008-12-28,1230505200,875.3
2008-12-29,1230591600,870
2008-12-30,1230678000,884.3
2009-01-01,1230850800,879.5
2009-01-04,1231110000,857.8
2009-01-05,1231196400,866
2009-01-06,1231282800,841.7
2009-01-07,1231369200,854.5
2009-01-08,1231455600,855
2009-01-11,1231714800,821
2009-01-12,1231801200,820.7
2009-01-13,1231887600,808.8
2009-01-14,1231974000,807.3
2009-01-15,1232060400,839.9
2009-01-18,1232319600,855.2
2009-01-20,1232492400,850.1
2009-01-21,1232578800,858.8
2009-01-22,1232665200,895.8
2009-01-25,1232924400,908.8
2009-01-26,1233010800,899.5
2009-01-27,1233097200,888.2
2009-01-28,1233183600,906.5
2009-01-29,1233270000,928.4
2009-02-01,1233529200,907.2
2009-02-02,1233615600,892.5
2009-02-03,1233702000,902.2
2009-02-04,1233788400,914.2
2009-02-05,1233874800,914.3
2009-02-08,1234134000,892.8
2009-02-09,1234220400,914.2
2009-02-10,1234306800,944.5
2009-02-11,1234393200,949.2
2009-02-12,1234479600,942.2
2009-02-15,1234738800,967.5
2009-02-17,1234911600,978.2
2009-02-18,1234998000,976.5
2009-02-19,1235084400,1002.2
2009-02-22,1235343600,995
2009-02-23,1235430000,969.5
2009-02-24,1235516400,966.2
2009-02-25,1235602800,942.6
2009-02-26,1235689200,942.5
2009-03-01,1235948400,940
2009-03-02,1236034800,913.6
2009-03-03,1236121200,906.7
2009-03-04,1236207600,927.8
2009-03-05,1236294000,942.7
2009-03-08,1236549600,918
2009-03-09,1236636000,895.9
2009-03-10,1236722400,910.7
2009-03-11,1236808800,924
2009-03-12,1236895200,930.1
2009-03-15,1237154400,922
2009-03-16,1237240800,916.8
2009-03-17,1237327200,889.1
2009-03-18,1237413600,958.8
2009-03-19,1237500000,956.2
2009-03-22,1237759200,952.5
2009-03-23,1237845600,923.8
2009-03-24,1237932000,935.8
2009-03-25,1238018400,940
2009-03-26,1238104800,923.2
2009-03-29,1238364000,917.7
2009-03-30,1238450400,925
2009-03-31,1238536800,927.7
2009-04-01,1238623200,908.9
2009-04-02,1238709600,897.3
2009-04-05,1238968800,872.8
2009-04-06,1239055200,883.3
2009-04-07,1239141600,885.9
2009-04-08,1239228000,883.3
2009-04-12,1239573600,895.8
2009-04-13,1239660000,892
2009-04-14,1239746400,893.5
2009-04-15,1239832800,879.8
2009-04-16,1239919200,867.9
2009-04-19,1240178400,887.5
2009-04-20,1240264800,882.7
2009-04-21,1240351200,892.5
2009-04-22,1240437600,906.6
2009-04-23,1240524000,914.1
2009-04-26,1240783200,908.2
2009-04-27,1240869600,893.6
2009-04-28,1240956000,900.5
2009-04-29,1241042400,891.2
2009-04-30,1241128800,888.2
2009-05-03,1241388000,902.2
2009-05-04,1241474400,904.3
2009-05-05,1241560800,911
2009-05-06,1241647200,915.5
2009-05-07,1241733600,914.9
2009-05-10,1241992800,913.5
2009-05-11,1242079200,923.9
2009-05-12,1242165600,925.9
2009-05-13,1242252000,928.4
2009-05-14,1242338400,931.3
2009-05-17,1242597600,921.7
2009-05-18,1242684000,926.7
2009-05-19,1242770400,937.4
2009-05-20,1242856800,951.2
2009-05-21,1242943200,958.9
2009-05-24,1243202400,953.3
2009-05-26,1243375200,953.3
2009-05-27,1243461600,963.2
2009-05-28,1243548000,980.3
2009-05-31,1243807200,980
2009-06-01,1243893600,984.4
2009-06-02,1243980000,965.6
2009-06-03,1244066400,982.3
2009-06-04,1244152800,962.6
2009-06-07,1244412000,952.5
2009-06-08,1244498400,954.7
2009-06-09,1244584800,954.7
2009-06-10,1244671200,962
2009-06-11,1244757600,940.7
2009-06-14,1245016800,927.5
2009-06-15,1245103200,932.2
2009-06-16,1245189600,936
2009-06-17,1245276000,934.6
2009-06-18,1245362400,936.2
2009-06-21,1245621600,921
2009-06-22,1245708000,924.3
2009-06-23,1245794400,934.4
2009-06-24,1245880800,939.5
2009-06-25,1245967200,941
2009-06-28,1246226400,940.7
2009-06-29,1246312800,927.4
2009-06-30,1246399200,941.3
2009-07-01,1246485600,931
2009-07-02,1246572000,924.3
2009-07-06,1246917600,929.1
2009-07-07,1247004000,909.3
2009-07-08,1247090400,916.2
2009-07-09,1247176800,912.5
2009-07-12,1247436000,922.5
2009-07-13,1247522400,922.8
2009-07-14,1247608800,939.4
2009-07-15,1247695200,935.4
2009-07-16,1247781600,937.5
2009-07-19,1248040800,948.8
2009-07-20,1248127200,946.9
2009-07-21,1248213600,953.3
2009-07-22,1248300000,954.8
2009-07-23,1248386400,953.1
2009-07-26,1248645600,953.5
2009-07-27,1248732000,939.1
2009-07-28,1248818400,927.2
2009-07-29,1248904800,937.3
2009-07-30,1248991200,955.8
2009-08-02,1249250400,958.8
2009-08-03,1249336800,969.7
2009-08-04,1249423200,966.3
2009-08-05,1249509600,962.9
2009-08-06,1249596000,959.5
2009-08-09,1249855200,946.9
2009-08-10,1249941600,947.6
2009-08-11,1250028000,952.5
2009-08-12,1250114400,956.5
2009-08-13,1250200800,948.7
2009-08-16,1250460000,935.8
2009-08-17,1250546400,939.2
2009-08-18,1250632800,944.8
2009-08-19,1250719200,941.7
2009-08-20,1250805600,954.7
2009-08-23,1251064800,943.7
2009-08-24,1251151200,946
2009-08-25,1251237600,945.8
2009-08-26,1251324000,947.3
2009-08-27,1251410400,958.8
2009-08-30,1251669600,953.5
2009-08-31,1251756000,956.5
2009-09-01,1251842400,978.5
2009-09-02,1251928800,997.7
2009-09-03,1252015200,996.7
2009-09-06,1252274400,999.8
2009-09-08,1252447200,997.1
2009-09-09,1252533600,996.8
2009-09-10,1252620000,1006.4
2009-09-13,1252879200,1001.1
2009-09-14,1252965600,1006.3
2009-09-15,1253052000,1020.2
2009-09-16,1253138400,1013.5
2009-09-17,1253224800,1010.3
2009-09-20,1253484000,1004.9
2009-09-21,1253570400,1015.5
2009-09-22,1253656800,1014.4
2009-09-23,1253743200,998.9
2009-09-24,1253829600,991.6
2009-09-27,1254088800,994.1
2009-09-28,1254175200,994.4
2009-09-29,1254261600,1009.3
2009-09-30,1254348000,1000.7
2009-10-01,1254434400,1004.3
2009-10-04,1254693600,1017.8
2009-10-05,1254780000,1039.7
2009-10-06,1254866400,1044.4
2009-10-07,1254952800,1056.3
2009-10-08,1255039200,1048.6
2009-10-11,1255298400,1057.5
2009-10-12,1255384800,1065
2009-10-13,1255471200,1064.7
2009-10-14,1255557600,1050.6
2009-10-15,1255644000,1051.5
2009-10-18,1255903200,1058.1
2009-10-19,1255989600,1058.6
2009-10-20,1256076000,1064.5
2009-10-21,1256162400,1058.6
2009-10-22,1256248800,1056.4
2009-10-25,1256508000,1042.8
2009-10-26,1256594400,1035.4
2009-10-27,1256680800,1030.5
2009-10-28,1256767200,1047.1
2009-10-29,1256853600,1040.4
2009-11-01,1257116400,1054
2009-11-02,1257202800,1084.9
2009-11-03,1257289200,1087.3
2009-11-04,1257375600,1089.3
2009-11-05,1257462000,1095.7
2009-11-08,1257721200,1101.4
2009-11-09,1257807600,1102.5
2009-11-10,1257894000,1114.6
2009-11-11,1257980400,1106.6
2009-11-12,1258066800,1116.7
2009-11-15,1258326000,1139.2
2009-11-16,1258412400,1139.4
2009-11-17,1258498800,1141.2
2009-11-18,1258585200,1141.9
2009-11-19,1258671600,1146.8
2009-11-22,1258930800,1164.7
2009-11-23,1259017200,1165.8
2009-11-24,1259103600,1187
2009-11-25,1259190000,1175.5
2009-11-29,1259535600,1182.3
2009-11-30,1259622000,1200.2
2009-12-01,1259708400,1213
2009-12-02,1259794800,1218.3
2009-12-03,1259881200,1169.5
2009-12-06,1260140400,1164
2009-12-07,1260226800,1143.4
2009-12-08,1260313200,1120.9
2009-12-09,1260399600,1126.2
2009-12-10,1260486000,1119.9
2009-12-13,1260745200,1123.8
2009-12-14,1260831600,1123
2009-12-15,1260918000,1136.2
2009-12-16,1261004400,1107.4
2009-12-17,1261090800,1111.5
2009-12-20,1261350000,1096
2009-12-21,1261436400,1086.7
2009-12-22,1261522800,1094
2009-12-23,1261609200,1104.8
2009-12-27,1261954800,1107.9
2009-12-28,1262041200,1098.1
2009-12-29,1262127600,1092.5
2009-12-30,1262214000,1096.2
2010-01-03,1262559600,1118.3
2010-01-04,1262646000,1118.7
2010-01-05,1262732400,1136.5
2010-01-06,1262818800,1133.7
2010-01-07,1262905200,1138.9
2010-01-10,1263164400,1151.4
2010-01-11,1263250800,1129.4
2010-01-12,1263337200,1136.8
2010-01-13,1263423600,1143
2010-01-14,1263510000,1130.5
2010-01-17,1263769200,1140
2010-01-19,1263942000,1112.6
2010-01-20,1264028400,1103.2
2010-01-21,1264114800,1089.7
2010-01-24,1264374000,1095.7
2010-01-25,1264460400,1098.3
2010-01-26,1264546800,1084.5
2010-01-27,1264633200,1084.8
2010-01-28,1264719600,1083.8
2010-01-31,1264978800,1105
2010-02-01,1265065200,1118
2010-02-02,1265151600,1112
2010-02-03,1265238000,1063
2010-02-04,1265324400,1052.8
2010-02-07,1265583600,1066.2
2010-02-08,1265670000,1077.2
2010-02-09,1265756400,1076.3
2010-02-10,1265842800,1094.7
2010-02-11,1265929200,1090
2010-02-14,1266188400,1119.8
2010-02-16,1266361200,1120.1
2010-02-17,1266447600,1118.7
2010-02-18,1266534000,1122.1
2010-02-21,1266793200,1113.1
2010-02-22,1266879600,1103.2
2010-02-23,1266966000,1097.2
2010-02-24,1267052400,1108.5
2010-02-25,1267138800,1118.9
2010-02-28,1267398000,1118.3
2010-03-01,1267484400,1137.4
2010-03-02,1267570800,1143.3
2010-03-03,1267657200,1133.1
2010-03-04,1267743600,1135.2
2010-03-07,1268002800,1124
2010-03-08,1268089200,1122.3
2010-03-09,1268175600,1108.1
2010-03-10,1268262000,1108.2
2010-03-11,1268348400,1101.7
2010-03-14,1268604000,1105.4
2010-03-15,1268690400,1122.5
2010-03-16,1268776800,1124.2
2010-03-17,1268863200,1127.5
2010-03-18,1268949600,1107.6
2010-03-21,1269208800,1099.5
2010-03-22,1269295200,1103.7
2010-03-23,1269381600,1088.8
2010-03-24,1269468000,1092.9
2010-03-25,1269554400,1104.3
2010-03-28,1269813600,1110.3
2010-03-29,1269900000,1105.7
2010-03-30,1269986400,1114.5
2010-03-31,1270072800,1126.1
2010-04-04,1270418400,1133.8
2010-04-05,1270504800,1136
2010-04-06,1270591200,1153
2010-04-07,1270677600,1152.9
2010-04-08,1270764000,1161.9
2010-04-11,1271023200,1162.2
2010-04-12,1271109600,1153.4
2010-04-13,1271196000,1159.6
2010-04-14,1271282400,1160.3
2010-04-15,1271368800,1136.9
2010-04-18,1271628000,1135.8
2010-04-19,1271714400,1139.2
2010-04-20,1271800800,1148.8
2010-04-21,1271887200,1142.9
2010-04-22,1271973600,1153.7
2010-04-25,1272232800,1154
2010-04-26,1272319200,1162.2
2010-04-27,1272405600,1171.8
2010-04-28,1272492000,1168.8
2010-04-29,1272578400,1180.7
2010-05-02,1272837600,1183.3
2010-05-03,1272924000,1169.2
2010-05-04,1273010400,1175
2010-05-05,1273096800,1197.3
2010-05-06,1273183200,1210.4
2010-05-09,1273442400,1200.8
2010-05-10,1273528800,1220.3
2010-05-11,1273615200,1243.1
2010-05-12,1273701600,1229.2
2010-05-13,1273788000,1227.8
2010-05-16,1274047200,1228.1
2010-05-17,1274133600,1214.6
2010-05-18,1274220000,1193.1
2010-05-19,1274306400,1188.6
2010-05-20,1274392800,1176.1
2010-05-23,1274652000,1194
2010-05-24,1274738400,1198
2010-05-25,1274824800,1213.4
2010-05-26,1274911200,1214.4
2010-05-27,1274997600,1215
2010-05-30,1275256800,1226.9
2010-06-01,1275429600,1222.6
2010-06-02,1275516000,1210
2010-06-03,1275602400,1217.7
2010-06-06,1275861600,1240.8
2010-06-07,1275948000,1245.6
2010-06-08,1276034400,1229.9
2010-06-09,1276120800,1222.2
2010-06-10,1276207200,1230.2
2010-06-13,1276466400,1224.5
2010-06-14,1276552800,1234.4
2010-06-15,1276639200,1230.5
2010-06-16,1276725600,1248.7
2010-06-17,1276812000,1258.3
2010-06-20,1277071200,1240.7
2010-06-21,1277157600,1240.8
2010-06-22,1277244000,1234.8
2010-06-23,1277330400,1245.9
2010-06-24,1277416800,1256.2
2010-06-27,1277676000,1238.6
2010-06-28,1277762400,1242.4
2010-06-29,1277848800,1245.9
2010-06-30,1277935200,1206.7
2010-07-01,1278021600,1207.7
2010-07-04,1278280800,1195.1
2010-07-06,1278453600,1198.9
2010-07-07,1278540000,1196.1
2010-07-08,1278626400,1209.8
2010-07-11,1278885600,1198.7
2010-07-12,1278972000,1213.5
2010-07-13,1279058400,1207
2010-07-14,1279144800,1208.3
2010-07-15,1279231200,1188.2
2010-07-18,1279490400,1181.9
2010-07-19,1279576800,1191.7
2010-07-20,1279663200,1191.8
2010-07-21,1279749600,1195.6
2010-07-22,1279836000,1187.8
2010-07-25,1280095200,1183.1
2010-07-26,1280181600,1158
2010-07-27,1280268000,1160.4
2010-07-28,1280354400,1171.2
2010-07-29,1280440800,1183.9
2010-08-01,1280700000,1185.4
2010-08-02,1280786400,1187.5
2010-08-03,1280872800,1195.9
2010-08-04,1280959200,1199.3
2010-08-05,1281045600,1205.3
2010-08-08,1281304800,1202.6
2010-08-09,1281391200,1198
2010-08-10,1281477600,1199.2
2010-08-11,1281564000,1216.7
2010-08-12,1281650400,1216.6
2010-08-15,1281909600,1226.2
2010-08-16,1281996000,1228.3
2010-08-17,1282082400,1231.4
2010-08-18,1282168800,1235.4
2010-08-19,1282255200,1228.8
2010-08-22,1282514400,1228.5
2010-08-23,1282600800,1233.4
2010-08-24,1282687200,1241.3
2010-08-25,1282773600,1237.7
2010-08-26,1282860000,1237.9
2010-08-29,1283119200,1239.2
2010-08-30,1283205600,1250.3
2010-08-31,1283292000,1248.1
2010-09-01,1283378400,1253.4
2010-09-02,1283464800,1251.1
2010-09-05,1283724000,1259.3
2010-09-07,1283896800,1257.5
2010-09-08,1283983200,1250.9
2010-09-09,1284069600,1246.5
2010-09-12,1284328800,1247.1
2010-09-13,1284415200,1271.7
2010-09-14,1284501600,1268.7
2010-09-15,1284588000,1273.8
2010-09-16,1284674400,1277.5
2010-09-19,1284933600,1280.8
2010-09-20,1285020000,1274.3
2010-09-21,1285106400,1292.1
2010-09-22,1285192800,1296.3
2010-09-23,1285279200,1298.1
2010-09-26,1285538400,1298.6
2010-09-27,1285624800,1308.3
2010-09-28,1285711200,1310.3
2010-09-29,1285797600,1309.6
2010-09-30,1285884000,1317.8
2010-10-03,1286143200,1316.8
2010-10-04,1286229600,1340.3
2010-10-05,1286316000,1347.7
2010-10-06,1286402400,1335
2010-10-07,1286488800,1345.3
2010-10-10,1286748000,1354.4
2010-10-11,1286834400,1346.7
2010-10-12,1286920800,1370.5
2010-10-13,1287007200,1377.6
2010-10-14,1287093600,1372
2010-10-17,1287352800,1372.1
2010-10-18,1287439200,1336
2010-10-19,1287525600,1344.2
2010-10-20,1287612000,1325.6
2010-10-21,1287698400,1325.1
2010-10-24,1287957600,1338.9
2010-10-25,1288044000,1338.6
2010-10-26,1288130400,1322.6
2010-10-27,1288216800,1342.5
2010-10-28,1288303200,1357.6
2010-10-31,1288562400,1350.6
2010-11-01,1288648800,1356.9
2010-11-02,1288735200,1337.6
2010-11-03,1288821600,1383.1
2010-11-04,1288908000,1397.7
2010-11-07,1289170800,1403.2
2010-11-08,1289257200,1410.1
2010-11-09,1289343600,1399.3
2010-11-10,1289430000,1403.3
2010-11-11,1289516400,1365.5
2010-11-14,1289775600,1368.5
2010-11-15,1289862000,1338.4
2010-11-16,1289948400,1336.9
2010-11-17,1290034800,1353
2010-11-18,1290121200,1352.3
2010-11-21,1290380400,1357.8
2010-11-22,1290466800,1377.6
2010-11-23,1290553200,1373
2010-11-24,1290639600,1362.4
2010-11-28,1290985200,1367.5
2010-11-29,1291071600,1386.1
2010-11-30,1291158000,1388.3
2010-12-01,1291244400,1389.3
2010-12-02,1291330800,1406.2
2010-12-05,1291590000,1416.1
2010-12-06,1291676400,1409
2010-12-07,1291762800,1383.2
2010-12-08,1291849200,1392.8
2010-12-09,1291935600,1384.9
2010-12-12,1292194800,1398
2010-12-13,1292281200,1404.3
2010-12-14,1292367600,1386.2
2010-12-15,1292454000,1371
2010-12-16,1292540400,1379.2
2010-12-19,1292799600,1386.1
2010-12-20,1292886000,1388.8
2010-12-21,1292972400,1387.4
2010-12-22,1293058800,1380.5
2010-12-26,1293404400,1382.9
2010-12-27,1293490800,1405.6
2010-12-28,1293577200,1413.5
2010-12-29,1293663600,1405.9
2010-12-30,1293750000,1421.4
2011-01-02,1294009200,1422.9
2011-01-03,1294095600,1378.8
2011-01-04,1294182000,1373.7
2011-01-05,1294268400,1371.7
2011-01-06,1294354800,1368.9
2011-01-09,1294614000,1374.1
2011-01-10,1294700400,1384.3
2011-01-11,1294786800,1385.8
2011-01-12,1294873200,1387
2011-01-13,1294959600,1360.5
2011-01-16,1295218800,1368.2
2011-01-18,1295391600,1370.2
2011-01-19,1295478000,1346.5
2011-01-20,1295564400,1341
2011-01-23,1295823600,1344.5
2011-01-24,1295910000,1332.3
2011-01-25,1295996400,1333
2011-01-26,1296082800,1318.4
2011-01-27,1296169200,1341.7
2011-01-30,1296428400,1334.5
2011-01-31,1296514800,1340.3
2011-02-01,1296601200,1332.1
2011-02-02,1296687600,1353
2011-02-03,1296774000,1349
2011-02-06,1297033200,1348.2
2011-02-07,1297119600,1364.1
2011-02-08,1297206000,1365.5
2011-02-09,1297292400,1362.5
2011-02-10,1297378800,1360.4
2011-02-13,1297638000,1365.1
2011-02-14,1297724400,1374.1
2011-02-15,1297810800,1375.1
2011-02-16,1297897200,1385.1
2011-02-17,1297983600,1388.6
2011-02-20,1298242800,1401.1
2011-02-22,1298415600,1414
2011-02-23,1298502000,1415.8
2011-02-24,1298588400,1409.3
2011-02-27,1298847600,1409.9
2011-02-28,1298934000,1431.2
2011-03-01,1299020400,1437.7
2011-03-02,1299106800,1416.4
2011-03-03,1299193200,1428.6
2011-03-06,1299452400,1434.5
2011-03-07,1299538800,1427.2
2011-03-08,1299625200,1429.6
2011-03-09,1299711600,1412.5
2011-03-10,1299798000,1421.8
2011-03-13,1300053600,1424.9
2011-03-14,1300140000,1392.8
2011-03-15,1300226400,1396.1
2011-03-16,1300312800,1404.2
2011-03-17,1300399200,1416.1
2011-03-20,1300658400,1426.4
2011-03-21,1300744800,1427.6
2011-03-22,1300831200,1438
2011-03-23,1300917600,1434.9
2011-03-24,1301004000,1426.2
2011-03-27,1301263200,1419.9
2011-03-28,1301349600,1416.2
2011-03-29,1301436000,1424.9
2011-03-30,1301522400,1439.9
2011-03-31,1301608800,1428.9
2011-04-03,1301868000,1433
2011-04-04,1301954400,1452.5
2011-04-05,1302040800,1458.5
2011-04-06,1302127200,1459.3
2011-04-07,1302213600,1474.1
2011-04-10,1302472800,1468.1
2011-04-11,1302559200,1453.6
2011-04-12,1302645600,1455.6
2011-04-13,1302732000,1472.4
2011-04-14,1302818400,1486
2011-04-17,1303077600,1492.9
2011-04-18,1303164000,1495.1
2011-04-19,1303250400,1498.9
2011-04-20,1303336800,1503.8
2011-04-24,1303682400,1509.1
2011-04-25,1303768800,1503.5
2011-04-26,1303855200,1517.1
2011-04-27,1303941600,1531.2
2011-04-28,1304028000,1556.4
2011-05-01,1304287200,1557.1
2011-05-02,1304373600,1540.4
2011-05-03,1304460000,1515.3
2011-05-04,1304546400,1481.4
2011-05-05,1304632800,1491.6
2011-05-08,1304892000,1503.2
2011-05-09,1304978400,1516.9
2011-05-10,1305064800,1501.4
2011-05-11,1305151200,1506.8
2011-05-12,1305237600,1493.6
2011-05-15,1305496800,1490.6
2011-05-16,1305583200,1480
2011-05-17,1305669600,1495.8
2011-05-18,1305756000,1492.4
2011-05-19,1305842400,1508.9
2011-05-22,1306101600,1515.4
2011-05-23,1306188000,1523.3
2011-05-24,1306274400,1526.7
2011-05-25,1306360800,1522.8
2011-05-26,1306447200,1537.3
2011-05-29,1306706400,1536.8
2011-05-31,1306879200,1543.2
2011-06-01,1306965600,1532.7
2011-06-02,1307052000,1542.4
2011-06-05,1307311200,1547.2
2011-06-06,1307397600,1544
2011-06-07,1307484000,1538.7
2011-06-08,1307570400,1542.7
2011-06-09,1307656800,1529.2
2011-06-12,1307916000,1515.6
2011-06-13,1308002400,1524.4
2011-06-14,1308088800,1526.2
2011-06-15,1308175200,1529.9
2011-06-16,1308261600,1539.1
2011-06-19,1308520800,1542
2011-06-20,1308607200,1546.4
2011-06-21,1308693600,1553.4
2011-06-22,1308780000,1520.5
2011-06-23,1308866400,1500.9
2011-06-26,1309125600,1496.4
2011-06-27,1309212000,1500.2
2011-06-28,1309298400,1510.4
2011-06-29,1309384800,1502.8
2011-06-30,1309471200,1482.6
2011-07-03,1309730400,1512.7
2011-07-05,1309903200,1529.2
2011-07-06,1309989600,1530.6
2011-07-07,1310076000,1541.6
2011-07-10,1310335200,1549.2
2011-07-11,1310421600,1562.3
2011-07-12,1310508000,1585.5
2011-07-13,1310594400,1589.3
2011-07-14,1310680800,1590.1
2011-07-17,1310940000,1602.4
2011-07-18,1311026400,1601.1
2011-07-19,1311112800,1596.9
2011-07-20,1311199200,1587
2011-07-21,1311285600,1601.5
2011-07-24,1311544800,1612.2
2011-07-25,1311631200,1616.8
2011-07-26,1311717600,1615.1
2011-07-27,1311804000,1616.2
2011-07-28,1311890400,1631.2
2011-07-31,1312149600,1621.7
2011-08-01,1312236000,1644.5
2011-08-02,1312322400,1666.3
2011-08-03,1312408800,1659
2011-08-04,1312495200,1651.8
2011-08-07,1312754400,1713.2
2011-08-08,1312840800,1743
2011-08-09,1312927200,1784.3
2011-08-10,1313013600,1751.5
2011-08-11,1313100000,1742.6
2011-08-14,1313359200,1758
2011-08-15,1313445600,1785
2011-08-16,1313532000,1793.8
2011-08-17,1313618400,1822
2011-08-18,1313704800,1852.2
2011-08-21,1313964000,1891.9
2011-08-22,1314050400,1861.3
2011-08-23,1314136800,1757.3
2011-08-24,1314223200,1763.2
2011-08-25,1314309600,1797.3
2011-08-28,1314568800,1791.6
2011-08-29,1314655200,1829.8
2011-08-30,1314741600,1831.7
2011-08-31,1314828000,1829.1
2011-09-01,1314914400,1876.9
2011-09-04,1315173600,1873.3
2011-09-06,1315346400,1817.6
2011-09-07,1315432800,1857.5
2011-09-08,1315519200,1859.5
2011-09-11,1315778400,1813.3
2011-09-12,1315864800,1830.1
2011-09-13,1315951200,1826.5
2011-09-14,1316037600,1781.4
2011-09-15,1316124000,1814.7
2011-09-18,1316383200,1778.9
2011-09-19,1316469600,1809.1
2011-09-20,1316556000,1808.1
2011-09-21,1316642400,1741.7
2011-09-22,1316728800,1639.8
2011-09-25,1316988000,1594.8
2011-09-26,1317074400,1652.5
2011-09-27,1317160800,1618.1
2011-09-28,1317247200,1617.3
2011-09-29,1317333600,1622.3
2011-10-02,1317592800,1657.7
2011-10-03,1317679200,1616
2011-10-04,1317765600,1641.6
2011-10-05,1317852000,1653.2
2011-10-06,1317938400,1635.8
2011-10-09,1318197600,1670.8
2011-10-10,1318284000,1661
2011-10-11,1318370400,1682.6
2011-10-12,1318456800,1668.5
2011-10-13,1318543200,1683
2011-10-16,1318802400,1676.6
2011-10-17,1318888800,1652.8
2011-10-18,1318975200,1647
2011-10-19,1319061600,1612.9
2011-10-20,1319148000,1636.1
2011-10-23,1319407200,1652.3
2011-10-24,1319493600,1700.4
2011-10-25,1319580000,1723.5
2011-10-26,1319666400,1747.7
2011-10-27,1319752800,1747.2
2011-10-30,1320012000,1725.2
2011-10-31,1320098400,1711.8
2011-11-01,1320184800,1729.6
2011-11-02,1320271200,1765.1
2011-11-03,1320357600,1756.1
2011-11-06,1320620400,1791.1
2011-11-07,1320706800,1799.2
2011-11-08,1320793200,1791.6
2011-11-09,1320879600,1759.6
2011-11-10,1320966000,1788.1
2011-11-13,1321225200,1778.4
2011-11-14,1321311600,1782.2
2011-11-15,1321398000,1774.3
2011-11-16,1321484400,1720.2
2011-11-17,1321570800,1725.1
2011-11-20,1321830000,1678.6
2011-11-21,1321916400,1702.4
2011-11-22,1322002800,1695.9
2011-11-23,1322089200,1685.7
2011-11-27,1322434800,1710.8
2011-11-28,1322521200,1718.9
2011-11-29,1322607600,1750.3
2011-11-30,1322694000,1739.8
2011-12-01,1322780400,1751.3
2011-12-04,1323039600,1734.5
2011-12-05,1323126000,1731.8
2011-12-06,1323212400,1744.8
2011-12-07,1323298800,1713.4
2011-12-08,1323385200,1716.8
2011-12-11,1323644400,1668.2
2011-12-12,1323730800,1663.1
2011-12-13,1323817200,1586.9
2011-12-14,1323903600,1577.2
2011-12-15,1323990000,1597.9
2011-12-18,1324249200,1596.7
2011-12-19,1324335600,1617.6
2011-12-20,1324422000,1613.6
2011-12-21,1324508400,1610.6
2011-12-22,1324594800,1606
2011-12-26,1324940400,1595.5
2011-12-27,1325026800,1564.1
2011-12-28,1325113200,1540.9
2011-12-29,1325199600,1566.8
2012-01-02,1325545200,1600.5
2012-01-03,1325631600,1612.7
2012-01-04,1325718000,1620.1
2012-01-05,1325804400,1616.8
2012-01-08,1326063600,1608.1
2012-01-09,1326150000,1631.5
2012-01-10,1326236400,1639.6
2012-01-11,1326322800,1647.7
2012-01-12,1326409200,1630.8
2012-01-15,1326668400,1655.6
2012-01-17,1326841200,1659.9
2012-01-18,1326927600,1654.5
2012-01-19,1327014000,1664
2012-01-22,1327273200,1678.3
2012-01-23,1327359600,1664.5
2012-01-24,1327446000,1700.1
2012-01-25,1327532400,1726.7
2012-01-26,1327618800,1732.2
2012-01-29,1327878000,1734.4
2012-01-30,1327964400,1740.4
2012-01-31,1328050800,1749.5
2012-02-01,1328137200,1759.3
2012-02-02,1328223600,1740.3
2012-02-05,1328482800,1724.9
2012-02-06,1328569200,1748.4
2012-02-07,1328655600,1731.3
2012-02-08,1328742000,1741.2
2012-02-09,1328828400,1725.3
2012-02-12,1329087600,1724.9
2012-02-13,1329174000,1717.7
2012-02-14,1329260400,1728.1
2012-02-15,1329346800,1728.4
2012-02-16,1329433200,1725.9
2012-02-19,1329692400,1758.5
2012-02-21,1329865200,1771.3
2012-02-22,1329951600,1786.3
2012-02-23,1330038000,1776.4
2012-02-26,1330297200,1774.9
2012-02-27,1330383600,1788.4
2012-02-28,1330470000,1711.3
2012-02-29,1330556400,1722.2
2012-03-01,1330642800,1709.8
2012-03-04,1330902000,1703.9
2012-03-05,1330988400,1672.1
2012-03-06,1331074800,1683.9
2012-03-07,1331161200,1698.7
2012-03-08,1331247600,1711.5
2012-03-11,1331503200,1699.8
2012-03-12,1331589600,1694.2
2012-03-13,1331676000,1642.9
2012-03-14,1331762400,1659.5
2012-03-15,1331848800,1655.8
2012-03-18,1332108000,1667.3
2012-03-19,1332194400,1647
2012-03-20,1332280800,1650.3
2012-03-21,1332367200,1642.5
2012-03-22,1332453600,1662.4
2012-03-25,1332712800,1685.6
2012-03-26,1332799200,1684.9
2012-03-27,1332885600,1657.9
2012-03-28,1332972000,1654.9
2012-03-29,1333058400,1671.9
2012-04-01,1333317600,1679.7
2012-04-02,1333404000,1672
2012-04-03,1333490400,1614.1
2012-04-04,1333576800,1630.1
2012-04-08,1333922400,1643.9
2012-04-09,1334008800,1660.7
2012-04-10,1334095200,1660.3
2012-04-11,1334181600,1680.6
2012-04-12,1334268000,1660.2
2012-04-15,1334527200,1649.7
2012-04-16,1334613600,1651.1
2012-04-17,1334700000,1639.6
2012-04-18,1334786400,1641.4
2012-04-19,1334872800,1642.8
2012-04-22,1335132000,1632.6
2012-04-23,1335218400,1643.8
2012-04-24,1335304800,1642.3
2012-04-25,1335391200,1660.5
2012-04-26,1335477600,1664.8
2012-04-29,1335736800,1664.2
2012-04-30,1335823200,1662.4
2012-05-01,1335909600,1654
2012-05-02,1335996000,1634.8
2012-05-03,1336082400,1645.2
2012-05-06,1336341600,1639.1
2012-05-07,1336428000,1604.5
2012-05-08,1336514400,1594.2
2012-05-09,1336600800,1595.5
2012-05-10,1336687200,1584
2012-05-13,1336946400,1561
2012-05-14,1337032800,1557.1
2012-05-15,1337119200,1536.6
2012-05-16,1337205600,1574.9
2012-05-17,1337292000,1591.9
2012-05-20,1337551200,1588.7
2012-05-21,1337637600,1576.6
2012-05-22,1337724000,1548.4
2012-05-23,1337810400,1557.5
2012-05-24,1337896800,1568.9
2012-05-27,1338156000,1548.7
2012-05-29,1338328800,1565.7
2012-05-30,1338415200,1564.2
2012-05-31,1338501600,1622.1
2012-06-03,1338760800,1613.9
2012-06-04,1338847200,1616.9
2012-06-05,1338933600,1634.2
2012-06-06,1339020000,1588
2012-06-07,1339106400,1591.4
2012-06-10,1339365600,1596.8
2012-06-11,1339452000,1613.8
2012-06-12,1339538400,1619.4
2012-06-13,1339624800,1619.6
2012-06-14,1339711200,1628.1
2012-06-17,1339970400,1627
2012-06-18,1340056800,1623.2
2012-06-19,1340143200,1615.8
2012-06-20,1340229600,1565.5
2012-06-21,1340316000,1566.9
2012-06-24,1340575200,1588.4
2012-06-25,1340661600,1574.9
2012-06-26,1340748000,1578.4
2012-06-27,1340834400,1550.4
2012-06-28,1340920800,1604.2
2012-07-01,1341180000,1597.7
2012-07-02,1341266400,1621.8
2012-07-03,1341352800,1609.4
2012-07-05,1341525600,1578.9
2012-07-08,1341784800,1589.1
2012-07-09,1341871200,1579.8
2012-07-10,1341957600,1575.7
2012-07-11,1342044000,1565.3
2012-07-12,1342130400,1592
2012-07-15,1342389600,1591.6
2012-07-16,1342476000,1589.5
2012-07-17,1342562400,1570.8
2012-07-18,1342648800,1580.4
2012-07-19,1342735200,1582.8
2012-07-22,1342994400,1577.4
2012-07-23,1343080800,1576.2
2012-07-24,1343167200,1608.1
2012-07-25,1343253600,1615.1
2012-07-26,1343340000,1618
2012-07-29,1343599200,1624
2012-07-30,1343685600,1614.6
2012-07-31,1343772000,1607.3
2012-08-01,1343858400,1590.7
2012-08-02,1343944800,1609.3
2012-08-05,1344204000,1616.2
2012-08-06,1344290400,1612.8
2012-08-07,1344376800,1616
2012-08-08,1344463200,1620.2
2012-08-09,1344549600,1622.8
2012-08-12,1344808800,1612.6
2012-08-13,1344895200,1602.4
2012-08-14,1344981600,1606.6
2012-08-15,1345068000,1619.2
2012-08-16,1345154400,1619.4
2012-08-19,1345413600,1623
2012-08-20,1345500000,1642.9
2012-08-21,1345586400,1640.5
2012-08-22,1345672800,1672.8
2012-08-23,1345759200,1672.9
2012-08-26,1346018400,1675.6
2012-08-27,1346104800,1669.7
2012-08-28,1346191200,1663
2012-08-29,1346277600,1657.1
2012-08-30,1346364000,1687.6
2012-09-02,1346623200,1696
2012-09-04,1346796000,1694
2012-09-05,1346882400,1705.6
2012-09-06,1346968800,1740.5
2012-09-09,1347228000,1731.8
2012-09-10,1347314400,1734.9
2012-09-11,1347400800,1733.7
2012-09-12,1347487200,1772.1
2012-09-13,1347573600,1772.7
2012-09-16,1347832800,1770.6
2012-09-17,1347919200,1771.2
2012-09-18,1348005600,1771.7
2012-09-19,1348092000,1770.2
2012-09-20,1348178400,1778
2012-09-23,1348437600,1764.6
2012-09-24,1348524000,1766.4
2012-09-25,1348610400,1753.6
2012-09-26,1348696800,1780.5
2012-09-27,1348783200,1773.9
2012-09-30,1349042400,1783.3
2012-10-01,1349128800,1775.6
2012-10-02,1349215200,1779.8
2012-10-03,1349301600,1796.5
2012-10-04,1349388000,1780.8
2012-10-07,1349647200,1775.7
2012-10-08,1349733600,1765
2012-10-09,1349820000,1765.1
2012-10-10,1349906400,1770.6
2012-10-11,1349992800,1759.7
2012-10-14,1350252000,1737.6
2012-10-15,1350338400,1746.3
2012-10-16,1350424800,1753
2012-10-17,1350511200,1744.7
2012-10-18,1350597600,1724
2012-10-21,1350856800,1726.3
2012-10-22,1350943200,1709.4
2012-10-23,1351029600,1701.6
2012-10-24,1351116000,1713
2012-10-25,1351202400,1711.9
2012-10-28,1351461600,1708.7
2012-10-29,1351548000,1712.1
2012-10-30,1351634400,1719.1
2012-10-31,1351720800,1715.5
2012-11-01,1351807200,1675.2
2012-11-04,1352070000,1683.2
2012-11-05,1352156400,1715
2012-11-06,1352242800,1714
2012-11-07,1352329200,1726
2012-11-08,1352415600,1730.9
2012-11-11,1352674800,1730.9
2012-11-12,1352761200,1724.8
2012-11-13,1352847600,1730.1
2012-11-14,1352934000,1713.8
2012-11-15,1353020400,1714.7
2012-11-18,1353279600,1734.4
2012-11-19,1353366000,1723.6
2012-11-20,1353452400,1728.2
2012-11-21,1353538800,1751.4
2012-11-25,1353884400,1749.6
2012-11-26,1353970800,1742.3
2012-11-27,1354057200,1716.5
2012-11-28,1354143600,1729.5
2012-11-29,1354230000,1712.7
2012-12-02,1354489200,1721.1
2012-12-03,1354575600,1695.8
2012-12-04,1354662000,1693.8
2012-12-05,1354748400,1701.8
2012-12-06,1354834800,1705.5
2012-12-09,1355094000,1714.4
2012-12-10,1355180400,1709.6
2012-12-11,1355266800,1717.9
2012-12-12,1355353200,1696.8
2012-12-13,1355439600,1697
2012-12-16,1355698800,1698.2
2012-12-17,1355785200,1670.7
2012-12-18,1355871600,1667.7
2012-12-19,1355958000,1645.9
2012-12-20,1356044400,1660.1
2012-12-23,1356303600,1659.5
2012-12-25,1356476400,1660.7
2012-12-26,1356562800,1663.7
2012-12-27,1356649200,1655.9
2012-12-30,1356908400,1675.8
2013-01-01,1357081200,1688.8
2013-01-02,1357167600,1674.6
2013-01-03,1357254000,1648.9
2013-01-06,1357513200,1646.3
2013-01-07,1357599600,1662.2
2013-01-08,1357686000,1655.5
2013-01-09,1357772400,1678
2013-01-10,1357858800,1660.6
2013-01-13,1358118000,1669.4
2013-01-14,1358204400,1683.9
2013-01-15,1358290800,1683.2
2013-01-16,1358377200,1690.8
2013-01-17,1358463600,1687
2013-01-20,1358722800,1693.2
2013-01-22,1358895600,1686.7
2013-01-23,1358982000,1669.9
2013-01-24,1359068400,1656.6
2013-01-27,1359327600,1652.9
2013-01-28,1359414000,1660.8
2013-01-29,1359500400,1681.6
2013-01-30,1359586800,1662
2013-01-31,1359673200,1670.6
2013-02-03,1359932400,1676.4
2013-02-04,1360018800,1673.5
2013-02-05,1360105200,1678.8
2013-02-06,1360191600,1671.3
2013-02-07,1360278000,1666.9
2013-02-10,1360537200,1649.1
2013-02-11,1360623600,1649.6
2013-02-12,1360710000,1645.1
2013-02-13,1360796400,1635.5
2013-02-14,1360882800,1609.5
2013-02-17,1361142000,1604.2
2013-02-19,1361314800,1578
2013-02-20,1361401200,1578.6
2013-02-21,1361487600,1572.8
2013-02-24,1361746800,1586.6
2013-02-25,1361833200,1615.5
2013-02-26,1361919600,1595.7
2013-02-27,1362006000,1578.1
2013-02-28,1362092400,1572.3
2013-03-03,1362351600,1572.4
2013-03-04,1362438000,1574.9
2013-03-05,1362524400,1574.9
2013-03-06,1362610800,1575.1
2013-03-07,1362697200,1576.9
2013-03-10,1362952800,1578
2013-03-11,1363039200,1591.7
2013-03-12,1363125600,1588.4
2013-03-13,1363212000,1590.7
2013-03-14,1363298400,1592.6
2013-03-17,1363557600,1604.6
2013-03-18,1363644000,1611.3
2013-03-19,1363730400,1607.5
2013-03-20,1363816800,1613.8
2013-03-21,1363903200,1606.1
2013-03-24,1364162400,1604.5
2013-03-25,1364248800,1595.7
2013-03-26,1364335200,1607.2
2013-03-27,1364421600,1595.7
2013-03-31,1364767200,1600.9
2013-04-01,1364853600,1575.9
2013-04-02,1364940000,1553.5
2013-04-03,1365026400,1552.4
2013-04-04,1365112800,1575.9
2013-04-07,1365372000,1572.5
2013-04-08,1365458400,1586.7
2013-04-09,1365544800,1558.8
2013-04-10,1365631200,1564.9
2013-04-11,1365717600,1501.4
2013-04-14,1365976800,1361.1
2013-04-15,1366063200,1387.4
2013-04-16,1366149600,1382.7
2013-04-17,1366236000,1392.5
2013-04-18,1366322400,1395.6
2013-04-21,1366581600,1421.2
2013-04-22,1366668000,1408.8
2013-04-23,1366754400,1423.7
2013-04-24,1366840800,1462
2013-04-25,1366927200,1453.6
2013-04-28,1367186400,1467.4
2013-04-29,1367272800,1472.1
2013-04-30,1367359200,1446.2
2013-05-01,1367445600,1467.6
2013-05-02,1367532000,1464.2
2013-05-05,1367791200,1468
2013-05-06,1367877600,1448.8
2013-05-07,1367964000,1473.7
2013-05-08,1368050400,1468.6
2013-05-09,1368136800,1436.6
2013-05-12,1368396000,1434.3
2013-05-13,1368482400,1424.5
2013-05-14,1368568800,1396.2
2013-05-15,1368655200,1386.9
2013-05-16,1368741600,1364.7
2013-05-19,1369000800,1384.1
2013-05-20,1369087200,1377.6
2013-05-21,1369173600,1367.4
2013-05-22,1369260000,1391.8
2013-05-23,1369346400,1386.6
2013-05-26,1369605600,1378.9
2013-05-28,1369778400,1391.3
2013-05-29,1369864800,1412
2013-05-30,1369951200,1393
2013-06-02,1370210400,1411.9
2013-06-03,1370296800,1397.2
2013-06-04,1370383200,1398.5
2013-06-05,1370469600,1415.8
2013-06-06,1370556000,1383
2013-06-09,1370815200,1386
2013-06-10,1370901600,1377
2013-06-11,1370988000,1392
2013-06-12,1371074400,1377.8
2013-06-13,1371160800,1387.6
2013-06-16,1371420000,1383.1
2013-06-17,1371506400,1366.9
2013-06-18,1371592800,1374
2013-06-19,1371679200,1286.2
2013-06-20,1371765600,1292
2013-06-23,1372024800,1277.1
2013-06-24,1372111200,1275.1
2013-06-25,1372197600,1229.8
2013-06-26,1372284000,1211.6
2013-06-27,1372370400,1223.7
2013-06-30,1372629600,1255.7
2013-07-01,1372716000,1243.4
2013-07-02,1372802400,1251.9
2013-07-03,1372888800,1212.7
2013-07-07,1373234400,1234.9
2013-07-08,1373320800,1245.9
2013-07-09,1373407200,1247.4
2013-07-10,1373493600,1279.9
2013-07-11,1373580000,1277.6
2013-07-14,1373839200,1283.5
2013-07-15,1373925600,1290.4
2013-07-16,1374012000,1277.5
2013-07-17,1374098400,1284.2
2013-07-18,1374184800,1292.9
2013-07-21,1374444000,1336
2013-07-22,1374530400,1334.7
2013-07-23,1374616800,1319.5
2013-07-24,1374703200,1328.8
2013-07-25,1374789600,1321.5
2013-07-28,1375048800,1328.4
2013-07-29,1375135200,1324.8
2013-07-30,1375221600,1313
2013-07-31,1375308000,1311.2
2013-08-01,1375394400,1310.5
2013-08-04,1375653600,1302.4
2013-08-05,1375740000,1282.5
2013-08-06,1375826400,1285.3
2013-08-07,1375912800,1309.9
2013-08-08,1375999200,1312.2
2013-08-11,1376258400,1334.2
2013-08-12,1376344800,1320.5
2013-08-13,1376431200,1333.4
2013-08-14,1376517600,1360.9
2013-08-15,1376604000,1371
2013-08-18,1376863200,1365.7
2013-08-19,1376949600,1372.6
2013-08-20,1377036000,1370.1
2013-08-21,1377122400,1370.8
2013-08-22,1377208800,1395.8
2013-08-25,1377468000,1393.1
2013-08-26,1377554400,1420.2
2013-08-27,1377640800,1418.8
2013-08-28,1377727200,1412.9
2013-08-29,1377813600,1396.1
2013-09-01,1378072800,1412
2013-09-03,1378245600,1390
2013-09-04,1378332000,1373
2013-09-05,1378418400,1386.5
2013-09-08,1378677600,1386.7
2013-09-09,1378764000,1364
2013-09-10,1378850400,1363.8
2013-09-11,1378936800,1330.6
2013-09-12,1379023200,1308.6
2013-09-15,1379282400,1317.8
2013-09-16,1379368800,1309.4
2013-09-17,1379455200,1307.6
2013-09-18,1379541600,1369.3
2013-09-19,1379628000,1332.5
2013-09-22,1379887200,1327
2013-09-23,1379973600,1316.3
2013-09-24,1380060000,1336.2
2013-09-25,1380146400,1324.1
2013-09-26,1380232800,1339.2
2013-09-29,1380492000,1327
2013-09-30,1380578400,1286.1
2013-10-01,1380664800,1320.7
2013-10-02,1380751200,1317.6
2013-10-03,1380837600,1309.9
2013-10-06,1381096800,1325.1
2013-10-07,1381183200,1324.6
2013-10-08,1381269600,1307.2
2013-10-09,1381356000,1296.9
2013-10-10,1381442400,1268.2
2013-10-13,1381701600,1276.6
2013-10-14,1381788000,1273.2
2013-10-15,1381874400,1282.3
2013-10-16,1381960800,1323
2013-10-17,1382047200,1314.6
2013-10-20,1382306400,1315.8
2013-10-21,1382392800,1342.6
2013-10-22,1382479200,1334
2013-10-23,1382565600,1350.3
2013-10-24,1382652000,1352.5
2013-10-27,1382911200,1352.2
2013-10-28,1382997600,1345.5
2013-10-29,1383084000,1349.3
2013-10-30,1383170400,1323.7
2013-10-31,1383256800,1313.2
2013-11-03,1383519600,1314.7
2013-11-04,1383606000,1308.1
2013-11-05,1383692400,1317.8
2013-11-06,1383778800,1308.5
2013-11-07,1383865200,1284.6
2013-11-10,1384124400,1281.1
2013-11-11,1384210800,1271.2
2013-11-12,1384297200,1268.4
2013-11-13,1384383600,1286.3
2013-11-14,1384470000,1287.4
2013-11-17,1384729200,1272.3
2013-11-18,1384815600,1273.5
2013-11-19,1384902000,1258
2013-11-20,1384988400,1243.6
2013-11-21,1385074800,1244.1
2013-11-24,1385334000,1241.2
2013-11-25,1385420400,1241.4
2013-11-26,1385506800,1237.9
2013-11-27,1385593200,1250.4
2013-12-01,1385938800,1221.9
2013-12-02,1386025200,1220.8
2013-12-03,1386111600,1247.2
2013-12-04,1386198000,1231.9
2013-12-05,1386284400,1229
2013-12-08,1386543600,1234.2
2013-12-09,1386630000,1261.1
2013-12-10,1386716400,1257.2
2013-12-11,1386802800,1224.9
2013-12-12,1386889200,1234.6
2013-12-15,1387148400,1244.4
2013-12-16,1387234800,1230.1
2013-12-17,1387321200,1235
2013-12-18,1387407600,1193.6
2013-12-19,1387494000,1203.7
2013-12-22,1387753200,1197
2013-12-23,1387839600,1203.3
2013-12-25,1388012400,1212.3
2013-12-26,1388098800,1214
2013-12-29,1388358000,1203.8
2013-12-30,1388444400,1202.3
2014-01-01,1388617200,1225.2
2014-01-02,1388703600,1238.6
2014-01-05,1388962800,1238
2014-01-06,1389049200,1229.6
2014-01-07,1389135600,1225.5
2014-01-08,1389222000,1229.4
2014-01-09,1389308400,1246.9
2014-01-12,1389567600,1251.1
2014-01-13,1389654000,1245.4
2014-01-14,1389740400,1238.3
2014-01-15,1389826800,1240.2
2014-01-16,1389913200,1251.9
2014-01-19,1390172400,1241.8
2014-01-21,1390345200,1238.6
2014-01-22,1390431600,1262.3
2014-01-23,1390518000,1264.3
2014-01-26,1390777200,1263.4
2014-01-27,1390863600,1250.8
2014-01-28,1390950000,1262.2
2014-01-29,1391036400,1242.5
2014-01-30,1391122800,1239.8
2014-02-02,1391382000,1259.9
2014-02-03,1391468400,1251.2
2014-02-04,1391554800,1256.9
2014-02-05,1391641200,1257.2
2014-02-06,1391727600,1262.9
2014-02-09,1391986800,1274.7
2014-02-10,1392073200,1289.8
2014-02-11,1392159600,1295
2014-02-12,1392246000,1300.1
2014-02-13,1392332400,1318.6
2014-02-16,1392591600,1324.4
2014-02-18,1392764400,1320.4
2014-02-19,1392850800,1316.9
2014-02-20,1392937200,1323.6
2014-02-23,1393196400,1338
2014-02-24,1393282800,1342.7
2014-02-25,1393369200,1328
2014-02-26,1393455600,1331.8
2014-02-27,1393542000,1321.6
2014-03-02,1393801200,1350.3
2014-03-03,1393887600,1337.9
2014-03-04,1393974000,1340.3
2014-03-05,1394060400,1351.8
2014-03-06,1394146800,1338.2
2014-03-09,1394402400,1341.5
2014-03-10,1394488800,1346.7
2014-03-11,1394575200,1370.5
2014-03-12,1394661600,1372.4
2014-03-13,1394748000,1379
2014-03-16,1395007200,1372.9
2014-03-17,1395093600,1359
2014-03-18,1395180000,1341.3
2014-03-19,1395266400,1330.5
2014-03-20,1395352800,1336
2014-03-23,1395612000,1311.2
2014-03-24,1395698400,1311.4
2014-03-25,1395784800,1303.4
2014-03-26,1395871200,1294.7
2014-03-27,1395957600,1294.3
2014-03-30,1396216800,1283.8
2014-03-31,1396303200,1280
2014-04-01,1396389600,1290.8
2014-04-02,1396476000,1284.6
2014-04-03,1396562400,1303.5
2014-04-06,1396821600,1298.3
2014-04-07,1396908000,1309.1
2014-04-08,1396994400,1305.9
2014-04-09,1397080800,1320.5
2014-04-10,1397167200,1319
2014-04-13,1397426400,1327.5
2014-04-14,1397512800,1300.3
2014-04-15,1397599200,1303.5
2014-04-16,1397685600,1293.9
2014-04-20,1398031200,1288.5
2014-04-21,1398117600,1281.1
2014-04-22,1398204000,1284.6
2014-04-23,1398290400,1290.6
2014-04-24,1398376800,1300.8
2014-04-27,1398636000,1299
2014-04-28,1398722400,1296.3
2014-04-29,1398808800,1295.9
2014-04-30,1398895200,1283.4
2014-05-01,1398981600,1302.9
2014-05-04,1399240800,1309.3
2014-05-05,1399327200,1308.6
2014-05-06,1399413600,1288.9
2014-05-07,1399500000,1287.7
2014-05-08,1399586400,1287.6
2014-05-11,1399845600,1295.8
2014-05-12,1399932000,1294.8
2014-05-13,1400018400,1305.9
2014-05-14,1400104800,1293.6
2014-05-15,1400191200,1293.4
2014-05-18,1400450400,1293.8
2014-05-19,1400536800,1294.6
2014-05-20,1400623200,1288.1
2014-05-21,1400709600,1295
2014-05-22,1400796000,1291.7
2014-05-25,1401055200,1265.5
2014-05-27,1401228000,1259.3
2014-05-28,1401314400,1257.1
2014-05-29,1401400800,1246
2014-06-01,1401660000,1244
2014-06-02,1401746400,1244.5
2014-06-03,1401832800,1244.3
2014-06-04,1401919200,1253.3
2014-06-05,1402005600,1252.5
2014-06-08,1402264800,1253.9
2014-06-09,1402351200,1260.1
2014-06-10,1402437600,1261.2
2014-06-11,1402524000,1274
2014-06-12,1402610400,1274.1
2014-06-15,1402869600,1275.3
2014-06-16,1402956000,1272
2014-06-17,1403042400,1272.7
2014-06-18,1403128800,1314.1
2014-06-19,1403215200,1316.6
2014-06-22,1403474400,1318.4
2014-06-23,1403560800,1321.3
2014-06-24,1403647200,1322.6
2014-06-25,1403733600,1317
2014-06-26,1403820000,1320
2014-06-29,1404079200,1322
2014-06-30,1404165600,1326.6
2014-07-01,1404252000,1330.9
2014-07-02,1404338400,1320.6
2014-07-03,1404424800,1317
2014-07-07,1404770400,1316.5
2014-07-08,1404856800,1324.3
2014-07-09,1404943200,1339.2
2014-07-10,1405029600,1337.4
2014-07-13,1405288800,1306.7
2014-07-14,1405375200,1297.1
2014-07-15,1405461600,1299.8
2014-07-16,1405548000,1316.9
2014-07-17,1405634400,1309.4
2014-07-20,1405893600,1313.9
2014-07-21,1405980000,1306.3
2014-07-22,1406066400,1304.7
2014-07-23,1406152800,1290.8
2014-07-24,1406239200,1303.3
2014-07-27,1406498400,1303.3
2014-07-28,1406584800,1298.3
2014-07-29,1406671200,1296.9
2014-07-30,1406757600,1282.8
2014-07-31,1406844000,1294.8
2014-08-03,1407103200,1288.9
2014-08-04,1407189600,1285.3
2014-08-05,1407276000,1308.2
2014-08-06,1407362400,1312.5
2014-08-07,1407448800,1311
2014-08-10,1407708000,1310.5
2014-08-11,1407794400,1310.6
2014-08-12,1407880800,1314.5
2014-08-13,1407967200,1315.7
2014-08-14,1408053600,1306.2
2014-08-17,1408312800,1299.3
2014-08-18,1408399200,1296.7
2014-08-19,1408485600,1295.2
2014-08-20,1408572000,1275.4
2014-08-21,1408658400,1280.2
2014-08-24,1408917600,1278.9
2014-08-25,1409004000,1285.2
2014-08-26,1409090400,1283.4
2014-08-27,1409176800,1290.4
2014-08-28,1409263200,1287.4
2014-08-31,1409522400,1265
2014-09-02,1409695200,1270.3
2014-09-03,1409781600,1266.5
2014-09-04,1409868000,1267.3
2014-09-07,1410127200,1254.3
2014-09-08,1410213600,1248.5
2014-09-09,1410300000,1245.3
2014-09-10,1410386400,1239
2014-09-11,1410472800,1231.5
2014-09-14,1410732000,1235.1
2014-09-15,1410818400,1236.7
2014-09-16,1410904800,1235.9
2014-09-17,1410991200,1226.9
2014-09-18,1411077600,1216.6
2014-09-21,1411336800,1217.9
2014-09-22,1411423200,1222
2014-09-23,1411509600,1219.5
2014-09-24,1411596000,1221.9
2014-09-25,1411682400,1215.4
2014-09-28,1411941600,1218.8
2014-09-29,1412028000,1211.6
2014-09-30,1412114400,1215.5
2014-10-01,1412200800,1215.1
2014-10-02,1412287200,1192.9
2014-10-05,1412546400,1207.3
2014-10-06,1412632800,1212.4
2014-10-07,1412719200,1206
2014-10-08,1412805600,1225.3
2014-10-09,1412892000,1221.7
2014-10-12,1413151200,1230
2014-10-13,1413237600,1234.3
2014-10-14,1413324000,1244.8
2014-10-15,1413410400,1241.2
2014-10-16,1413496800,1239
2014-10-19,1413756000,1244.7
2014-10-20,1413842400,1251.7
2014-10-21,1413928800,1245.5
2014-10-22,1414015200,1229.1
2014-10-23,1414101600,1231.8
2014-10-26,1414360800,1229.3
2014-10-27,1414447200,1229.4
2014-10-28,1414533600,1224.9
2014-10-29,1414620000,1198.6
2014-10-30,1414706400,1171.6
2014-11-02,1414969200,1169.8
2014-11-03,1415055600,1167.7
2014-11-04,1415142000,1145.7
2014-11-05,1415228400,1142.6
2014-11-06,1415314800,1169.8
2014-11-09,1415574000,1159.8
2014-11-10,1415660400,1163
2014-11-11,1415746800,1159.1
2014-11-12,1415833200,1161.5
2014-11-13,1415919600,1185.6
2014-11-16,1416178800,1183.5
2014-11-17,1416265200,1197.1
2014-11-18,1416351600,1193.9
2014-11-19,1416438000,1190.9
2014-11-20,1416524400,1197.7
2014-11-23,1416783600,1195.7
2014-11-24,1416870000,1197.1
2014-11-25,1416956400,1197.5
2014-11-26,1417042800,1175.5
2014-11-30,1417388400,1218.1
2014-12-01,1417474800,1199.4
2014-12-02,1417561200,1208.7
2014-12-03,1417647600,1207.7
2014-12-04,1417734000,1190.4
2014-12-07,1417993200,1194.9
2014-12-08,1418079600,1232
2014-12-09,1418166000,1229.4
2014-12-10,1418252400,1225.6
2014-12-11,1418338800,1222.5
2014-12-14,1418598000,1207.7
2014-12-15,1418684400,1194.3
2014-12-16,1418770800,1194.5
2014-12-17,1418857200,1194.8
2014-12-18,1418943600,1196
2014-12-21,1419202800,1179.8
2014-12-22,1419289200,1178
2014-12-23,1419375600,1173.5
2014-12-25,1419548400,1195.3
2014-12-28,1419807600,1181.9
2014-12-29,1419894000,1200.4
2014-12-30,1419980400,1184.1
2015-01-01,1420153200,1186.2
2015-01-04,1420412400,1204
2015-01-05,1420498800,1219.4
2015-01-06,1420585200,1210.7
2015-01-07,1420671600,1208.5
2015-01-08,1420758000,1216.1
2015-01-11,1421017200,1232.8
2015-01-12,1421103600,1234.4
2015-01-13,1421190000,1234.5
2015-01-14,1421276400,1264.8
2015-01-15,1421362800,1276.9
2015-01-18,1421622000,1294.2
2015-01-20,1421794800,1293.7
2015-01-21,1421881200,1300.7
2015-01-22,1421967600,1292.6
2015-01-25,1422226800,1279.4
2015-01-26,1422313200,1291.7
2015-01-27,1422399600,1285.9
2015-01-28,1422486000,1255.9
2015-01-29,1422572400,1279.2
2015-02-01,1422831600,1276.9
2015-02-02,1422918000,1260.3
2015-02-03,1423004400,1264.5
2015-02-04,1423090800,1262.7
2015-02-05,1423177200,1234.6
2015-02-08,1423436400,1241.5
2015-02-09,1423522800,1232.2
2015-02-10,1423609200,1219.6
2015-02-11,1423695600,1220.7
2015-02-12,1423782000,1227.1
2015-02-15,1424041200,1208.6
2015-02-17,1424214000,1200.2
2015-02-18,1424300400,1207.6
2015-02-19,1424386800,1204.9
2015-02-22,1424646000,1200.8
2015-02-23,1424732400,1197.3
2015-02-24,1424818800,1201.5
2015-02-25,1424905200,1210.1
2015-02-26,1424991600,1213.1
2015-03-01,1425250800,1208.2
2015-03-02,1425337200,1204.4
2015-03-03,1425423600,1200.9
2015-03-04,1425510000,1196.2
2015-03-05,1425596400,1164.3
2015-03-08,1425852000,1166.5
2015-03-09,1425938400,1160.1
2015-03-10,1426024800,1150.6
2015-03-11,1426111200,1151.9
2015-03-12,1426197600,1152.4
2015-03-15,1426456800,1153.2
2015-03-16,1426543200,1148.2
2015-03-17,1426629600,1151.3
2015-03-18,1426716000,1169
2015-03-19,1426802400,1184.6
2015-03-22,1427061600,1187.7
2015-03-23,1427148000,1191.4
2015-03-24,1427234400,1197
2015-03-25,1427320800,1204.8
2015-03-26,1427407200,1199.8
2015-03-29,1427666400,1185.3
2015-03-30,1427752800,1183.2
2015-03-31,1427839200,1208.2
2015-04-01,1427925600,1200.9
2015-04-05,1428271200,1218.6
2015-04-06,1428357600,1210.6
2015-04-07,1428444000,1203.1
2015-04-08,1428530400,1193.6
2015-04-09,1428616800,1204.6
2015-04-12,1428876000,1199.3
2015-04-13,1428962400,1192.6
2015-04-14,1429048800,1201.3
2015-04-15,1429135200,1198
2015-04-16,1429221600,1203.1
2015-04-19,1429480800,1193.7
2015-04-20,1429567200,1203.1
2015-04-21,1429653600,1186.9
2015-04-22,1429740000,1194.3
2015-04-23,1429826400,1175
2015-04-26,1430085600,1203.2
2015-04-27,1430172000,1213.9
2015-04-28,1430258400,1210
2015-04-29,1430344800,1182.4
2015-04-30,1430431200,1174.5
2015-05-03,1430690400,1186.8
2015-05-04,1430776800,1193.2
2015-05-05,1430863200,1190.3
2015-05-06,1430949600,1182.2
2015-05-07,1431036000,1188.9
2015-05-10,1431295200,1183
2015-05-11,1431381600,1192.4
2015-05-12,1431468000,1218.2
2015-05-13,1431554400,1225.2
2015-05-14,1431640800,1225.3
2015-05-17,1431900000,1227.6
2015-05-18,1431986400,1206.7
2015-05-19,1432072800,1208.7
2015-05-20,1432159200,1204.1
2015-05-21,1432245600,1204
2015-05-24,1432504800,1186.9
2015-05-26,1432677600,1185.6
2015-05-27,1432764000,1188.8
2015-05-28,1432850400,1189.8
2015-05-31,1433109600,1188.7
2015-06-01,1433196000,1194.4
2015-06-02,1433282400,1184.9
2015-06-03,1433368800,1175.2
2015-06-04,1433455200,1168.1
2015-06-07,1433714400,1173.6
2015-06-08,1433800800,1177.6
2015-06-09,1433887200,1186.6
2015-06-10,1433973600,1180.4
2015-06-11,1434060000,1179.2
2015-06-14,1434319200,1185.8
2015-06-15,1434405600,1180.9
2015-06-16,1434492000,1176.8
2015-06-17,1434578400,1202
2015-06-18,1434664800,1201.9
2015-06-21,1434924000,1184.1
2015-06-22,1435010400,1176.6
2015-06-23,1435096800,1172.9
2015-06-24,1435183200,1171.8
2015-06-25,1435269600,1173.2
2015-06-28,1435528800,1179
2015-06-29,1435615200,1171.8
2015-06-30,1435701600,1169.3
2015-07-01,1435788000,1163.5
2015-07-02,1435874400,1173.2
2015-07-06,1436220000,1152.6
2015-07-07,1436306400,1163.5
2015-07-08,1436392800,1159.2
2015-07-09,1436479200,1157.9
2015-07-12,1436738400,1155.4
2015-07-13,1436824800,1153.5
2015-07-14,1436911200,1147.4
2015-07-15,1436997600,1143.9
2015-07-16,1437084000,1131.9
2015-07-19,1437343200,1106.8
2015-07-20,1437429600,1103.5
2015-07-21,1437516000,1091.5
2015-07-22,1437602400,1094.1
2015-07-23,1437688800,1085.5
2015-07-26,1437948000,1096.4
2015-07-27,1438034400,1096.2
2015-07-28,1438120800,1092.6
2015-07-29,1438207200,1088.7
2015-07-30,1438293600,1095.1
2015-08-02,1438552800,1089.4
2015-08-03,1438639200,1090.7
2015-08-04,1438725600,1085.6
2015-08-05,1438812000,1090.1
2015-08-06,1438898400,1094.1
2015-08-09,1439157600,1104.1
2015-08-10,1439244000,1107.7
2015-08-11,1439330400,1123.6
2015-08-12,1439416800,1115.6
2015-08-13,1439503200,1112.7
2015-08-16,1439762400,1118.4
2015-08-17,1439848800,1116.9
2015-08-18,1439935200,1127.9
2015-08-19,1440021600,1153.2
2015-08-20,1440108000,1159.6
2015-08-23,1440367200,1153.6
2015-08-24,1440453600,1138.3
2015-08-25,1440540000,1124.6
2015-08-26,1440626400,1122.6
2015-08-27,1440712800,1134
2015-08-30,1440972000,1132.5
2015-08-31,1441058400,1139.8
2015-09-01,1441144800,1133.6
2015-09-02,1441231200,1124.5
2015-09-03,1441317600,1121.4
2015-09-06,1441576800,1121
2015-09-08,1441749600,1102
2015-09-09,1441836000,1109.3
2015-09-10,1441922400,1103.3
2015-09-13,1442181600,1107.7
2015-09-14,1442268000,1102.6
2015-09-15,1442354400,1119
2015-09-16,1442440800,1117
2015-09-17,1442527200,1137.8
2015-09-20,1442786400,1132.8
2015-09-21,1442872800,1124.8
2015-09-22,1442959200,1131.5
2015-09-23,1443045600,1153.8
2015-09-24,1443132000,1145.6
2015-09-27,1443391200,1131.7
2015-09-28,1443477600,1126.8
2015-09-29,1443564000,1115.2
2015-09-30,1443650400,1113.7
2015-10-01,1443736800,1136.6
2015-10-04,1443996000,1137.6
2015-10-05,1444082400,1146.4
2015-10-06,1444168800,1148.7
2015-10-07,1444255200,1144.3
2015-10-08,1444341600,1155.9
2015-10-11,1444600800,1164.5
2015-10-12,1444687200,1165.4
2015-10-13,1444773600,1179.8
2015-10-14,1444860000,1187.5
2015-10-15,1444946400,1183.1
2015-10-18,1445205600,1172.8
2015-10-19,1445292000,1177.5
2015-10-20,1445378400,1167.1
2015-10-21,1445464800,1166.1
2015-10-22,1445551200,1162.8
2015-10-25,1445810400,1166.2
2015-10-26,1445896800,1165.8
2015-10-27,1445983200,1176.1
2015-10-28,1446069600,1147.3
2015-10-29,1446156000,1141.4
2015-11-01,1446418800,1135.9
2015-11-02,1446505200,1114.1
2015-11-03,1446591600,1106.2
2015-11-04,1446678000,1104.2
2015-11-05,1446764400,1087.7
2015-11-08,1447023600,1088.1
2015-11-09,1447110000,1088.5
2015-11-10,1447196400,1084.9
2015-11-11,1447282800,1081
2015-11-12,1447369200,1080.9
2015-11-15,1447628400,1083.6
2015-11-16,1447714800,1068.6
2015-11-17,1447801200,1068.7
2015-11-18,1447887600,1077.9
2015-11-19,1447974000,1076.3
2015-11-22,1448233200,1066.8
2015-11-23,1448319600,1073.8
2015-11-24,1448406000,1070
2015-11-25,1448492400,1056.2
2015-11-29,1448838000,1065.3
2015-11-30,1448924400,1063.5
2015-12-01,1449010800,1053.8
2015-12-02,1449097200,1061.2
2015-12-03,1449183600,1084.1
2015-12-06,1449442800,1075.2
2015-12-07,1449529200,1075.3
2015-12-08,1449615600,1076.5
2015-12-09,1449702000,1072
2015-12-10,1449788400,1075.7
2015-12-13,1450047600,1063.4
2015-12-14,1450134000,1061.6
2015-12-15,1450220400,1076.8
2015-12-16,1450306800,1049.6
2015-12-17,1450393200,1065
2015-12-20,1450652400,1080.6
2015-12-21,1450738800,1074.1
2015-12-22,1450825200,1068.3
2015-12-23,1450911600,1075.9
2015-12-27,1451257200,1068.3
2015-12-28,1451343600,1068
2015-12-29,1451430000,1059.8
2015-12-30,1451516400,1060.2
2016-01-03,1451862000,1075.2
2016-01-04,1451948400,1078.4
2016-01-05,1452034800,1091.9
2016-01-06,1452121200,1107.8
2016-01-07,1452207600,1097.9
2016-01-10,1452466800,1096.2
2016-01-11,1452553200,1085.2
2016-01-12,1452639600,1087.1
2016-01-13,1452726000,1073.6
2016-01-14,1452812400,1090.7
2016-01-17,1453071600,1089.1
2016-01-19,1453244400,1106.2
2016-01-20,1453330800,1098.2
2016-01-21,1453417200,1096.3
2016-01-24,1453676400,1105.3
2016-01-25,1453762800,1120.2
2016-01-26,1453849200,1115.8
2016-01-27,1453935600,1116.1
2016-01-28,1454022000,1116.4
2016-01-31,1454281200,1128
2016-02-01,1454367600,1127.2
2016-02-02,1454454000,1141.3
2016-02-03,1454540400,1157.5
2016-02-04,1454626800,1157.7
2016-02-07,1454886000,1197.9
2016-02-08,1454972400,1198.6
2016-02-09,1455058800,1194.6
2016-02-10,1455145200,1247.8
2016-02-11,1455231600,1239.4
2016-02-14,1455490800,1208.2
2016-02-16,1455663600,1211.4
2016-02-17,1455750000,1226.3
2016-02-18,1455836400,1230.8
2016-02-21,1456095600,1210.1
2016-02-22,1456182000,1222.6
2016-02-23,1456268400,1239.1
2016-02-24,1456354800,1238.8
2016-02-25,1456441200,1220.4
2016-02-28,1456700400,1234.4
2016-02-29,1456786800,1230.8
2016-03-01,1456873200,1241.8
2016-03-02,1456959600,1258.2
2016-03-03,1457046000,1270.7
2016-03-06,1457305200,1264
2016-03-07,1457391600,1262.9
2016-03-08,1457478000,1257.4
2016-03-09,1457564400,1272.8
2016-03-10,1457650800,1259.4
2016-03-13,1457906400,1245.1
2016-03-14,1457992800,1231
2016-03-15,1458079200,1229.8
2016-03-16,1458165600,1265
2016-03-17,1458252000,1254.3
2016-03-20,1458511200,1244.2
2016-03-21,1458597600,1248.6
2016-03-22,1458684000,1224
2016-03-23,1458770400,1221.6
2016-03-27,1459116000,1220.1
2016-03-28,1459202400,1235.8
2016-03-29,1459288800,1228.6
2016-03-30,1459375200,1235.6
2016-03-31,1459461600,1223.5
2016-04-03,1459720800,1219.3
2016-04-04,1459807200,1229.6
2016-04-05,1459893600,1223.8
2016-04-06,1459980000,1237.5
2016-04-07,1460066400,1243.8
2016-04-10,1460325600,1258
2016-04-11,1460412000,1260.9
2016-04-12,1460498400,1248.3
2016-04-13,1460584800,1226.5
2016-04-14,1460671200,1234.6
2016-04-17,1460930400,1235
2016-04-18,1461016800,1254.3
2016-04-19,1461103200,1254.4
2016-04-20,1461189600,1250.3
2016-04-21,1461276000,1230
2016-04-24,1461535200,1240.2
2016-04-25,1461621600,1243.4
2016-04-26,1461708000,1250.4
2016-04-27,1461794400,1266.4
2016-04-28,1461880800,1290.5
2016-05-01,1462140000,1295.8
2016-05-02,1462226400,1291.8
2016-05-03,1462312800,1274.4
2016-05-04,1462399200,1272.3
2016-05-05,1462485600,1294
2016-05-08,1462744800,1266.6
2016-05-09,1462831200,1264.8
2016-05-10,1462917600,1275.5
2016-05-11,1463004000,1271.2
2016-05-12,1463090400,1272.7
2016-05-15,1463349600,1274.2
2016-05-16,1463436000,1276.9
2016-05-17,1463522400,1274.4
2016-05-18,1463608800,1254.8
2016-05-19,1463695200,1252.9
2016-05-22,1463954400,1251.5
2016-05-23,1464040800,1229.2
2016-05-24,1464127200,1223.8
2016-05-25,1464213600,1220.4
2016-05-26,1464300000,1216.7
2016-05-29,1464559200,1217.5
2016-05-31,1464732000,1214.7
2016-06-01,1464818400,1212.6
2016-06-02,1464904800,1242.9
2016-06-05,1465164000,1247.4
2016-06-06,1465250400,1247
2016-06-07,1465336800,1262.3
2016-06-08,1465423200,1272.7
2016-06-09,1465509600,1275.9
2016-06-12,1465768800,1286.9
2016-06-13,1465855200,1288.1
2016-06-14,1465941600,1288.3
2016-06-15,1466028000,1298.4
2016-06-16,1466114400,1294.8
2016-06-19,1466373600,1292.1
2016-06-20,1466460000,1272.5
2016-06-21,1466546400,1270
2016-06-22,1466632800,1263.1
2016-06-23,1466719200,1322.4
2016-06-26,1466978400,1324.7
2016-06-27,1467064800,1317.9
2016-06-28,1467151200,1326.9
2016-06-29,1467237600,1320.6
2016-06-30,1467324000,1339
2016-07-03,1467583200,1358.7
2016-07-05,1467756000,1367.1
2016-07-06,1467842400,1362.1
2016-07-07,1467928800,1358.4
2016-07-10,1468188000,1356.6
2016-07-11,1468274400,1335.3
2016-07-12,1468360800,1343.6
2016-07-13,1468447200,1332.2
2016-07-14,1468533600,1327.4
2016-07-17,1468792800,1329.3
2016-07-18,1468879200,1332.3
2016-07-19,1468965600,1319.3
2016-07-20,1469052000,1331
2016-07-21,1469138400,1323.4
2016-07-24,1469397600,1319.5
2016-07-25,1469484000,1320.8
2016-07-26,1469570400,1326.7
2016-07-27,1469656800,1341.2
2016-07-28,1469743200,1357.5
2016-07-31,1470002400,1359.6
2016-08-01,1470088800,1372.6
2016-08-02,1470175200,1364.7
2016-08-03,1470261600,1367.4
2016-08-04,1470348000,1344.4
2016-08-07,1470607200,1341.3
2016-08-08,1470693600,1346.7
2016-08-09,1470780000,1351.9
2016-08-10,1470866400,1350
2016-08-11,1470952800,1343.2
2016-08-14,1471212000,1347.5
2016-08-15,1471298400,1356.9
2016-08-16,1471384800,1348.8
2016-08-17,1471471200,1357.2
2016-08-18,1471557600,1346.2
2016-08-21,1471816800,1343.4
2016-08-22,1471903200,1346.1
2016-08-23,1471989600,1329.7
2016-08-24,1472076000,1324.6
2016-08-25,1472162400,1325.9
2016-08-28,1472421600,1327.1
2016-08-29,1472508000,1316.5
2016-08-30,1472594400,1311.4
2016-08-31,1472680800,1317.1
2016-09-01,1472767200,1326.7
2016-09-04,1473026400,1354
2016-09-06,1473199200,1349.2
2016-09-07,1473285600,1341.6
2016-09-08,1473372000,1334.5
2016-09-11,1473631200,1325.6
2016-09-12,1473717600,1323.7
2016-09-13,1473804000,1326.1
2016-09-14,1473890400,1318
2016-09-15,1473976800,1310.2
2016-09-18,1474236000,1317.8
2016-09-19,1474322400,1318.2
2016-09-20,1474408800,1331.4
2016-09-21,1474495200,1344.7
2016-09-22,1474581600,1341.7
2016-09-25,1474840800,1344.1
2016-09-26,1474927200,1330.4
2016-09-27,1475013600,1323.7
2016-09-28,1475100000,1326
2016-09-29,1475186400,1317.1
2016-10-02,1475445600,1312.7
2016-10-03,1475532000,1269.7
2016-10-04,1475618400,1268.6
2016-10-05,1475704800,1253
2016-10-06,1475791200,1251.9
2016-10-09,1476050400,1260.4
2016-10-10,1476136800,1255.9
2016-10-11,1476223200,1253.8
2016-10-12,1476309600,1257.6
2016-10-13,1476396000,1255.5
2016-10-16,1476655200,1256.6
2016-10-17,1476741600,1262.9
2016-10-18,1476828000,1269.9
2016-10-19,1476914400,1267.5
2016-10-20,1477000800,1267.7
2016-10-23,1477260000,1263.7
2016-10-24,1477346400,1273.6
2016-10-25,1477432800,1266.6
2016-10-26,1477519200,1269.5
2016-10-27,1477605600,1276.8
2016-10-30,1477864800,1273.1
2016-10-31,1477951200,1288
2016-11-01,1478037600,1308.2
2016-11-02,1478124000,1303.3
2016-11-03,1478210400,1304.5
2016-11-06,1478473200,1279.4
2016-11-07,1478559600,1274.5
2016-11-08,1478646000,1273.5
2016-11-09,1478732400,1266.4
2016-11-10,1478818800,1224.3
2016-11-13,1479078000,1221.7
2016-11-14,1479164400,1224.5
2016-11-15,1479250800,1223.9
2016-11-16,1479337200,1216.9
2016-11-17,1479423600,1208.7
2016-11-20,1479682800,1209.8
2016-11-21,1479769200,1211.2
2016-11-22,1479855600,1189.3
2016-11-23,1479942000,1178.4
2016-11-27,1480287600,1190.8
2016-11-28,1480374000,1190.8
2016-11-29,1480460400,1173.9
2016-11-30,1480546800,1169.4
2016-12-01,1480633200,1177.8
2016-12-04,1480892400,1176.5
2016-12-05,1480978800,1170.1
2016-12-06,1481065200,1177.5
2016-12-07,1481151600,1172.4
2016-12-08,1481238000,1161.9
2016-12-11,1481497200,1165.8
2016-12-12,1481583600,1159
2016-12-13,1481670000,1163.7
2016-12-14,1481756400,1129.8
2016-12-15,1481842800,1137.4
2016-12-18,1482102000,1142.7
2016-12-19,1482188400,1133.6
2016-12-20,1482274800,1133.2
2016-12-21,1482361200,1130.7
2016-12-22,1482447600,1133.6
2016-12-26,1482793200,1138.8
2016-12-27,1482879600,1140.9
2016-12-28,1482966000,1158.1
2016-12-29,1483052400,1151.7
2017-01-02,1483398000,1162
2017-01-03,1483484400,1165.3
2017-01-04,1483570800,1181.3
2017-01-05,1483657200,1173.4
2017-01-08,1483916400,1184.9
2017-01-09,1484002800,1185.5
2017-01-10,1484089200,1196.6
2017-01-11,1484175600,1199.8
2017-01-12,1484262000,1196.2
2017-01-15,1484521200,1212.9
2017-01-17,1484694000,1212.1
2017-01-18,1484780400,1201.5
2017-01-19,1484866800,1204.9
2017-01-22,1485126000,1215.6
2017-01-23,1485212400,1210.8
2017-01-24,1485298800,1197.8
2017-01-25,1485385200,1189.8
2017-01-26,1485471600,1188.4
2017-01-29,1485730800,1196
2017-01-30,1485817200,1211.4
2017-01-31,1485903600,1208.3
2017-02-01,1485990000,1219.4
2017-02-02,1486076400,1220.8
2017-02-05,1486335600,1232.1
2017-02-06,1486422000,1236.1
2017-02-07,1486508400,1239.5
2017-02-08,1486594800,1236.8
2017-02-09,1486681200,1235.9
2017-02-12,1486940400,1225.8
2017-02-13,1487026800,1225.4
2017-02-14,1487113200,1233.1
2017-02-15,1487199600,1241.6
2017-02-16,1487286000,1239.1
2017-02-19,1487545200,1238.9
2017-02-21,1487718000,1233.3
2017-02-22,1487804400,1251.4
2017-02-23,1487890800,1258.3
2017-02-26,1488150000,1258.8
2017-02-27,1488236400,1253.9
2017-02-28,1488322800,1250
2017-03-01,1488409200,1232.9
2017-03-02,1488495600,1226.5
2017-03-05,1488754800,1225.5
2017-03-06,1488841200,1216.1
2017-03-07,1488927600,1209.4
2017-03-08,1489014000,1203.2
2017-03-09,1489100400,1201.4
2017-03-12,1489356000,1203.1
2017-03-13,1489442400,1202.6
2017-03-14,1489528800,1200.7
2017-03-15,1489615200,1227.1
2017-03-16,1489701600,1230.2
2017-03-19,1489960800,1234
2017-03-20,1490047200,1246.5
2017-03-21,1490133600,1249.7
2017-03-22,1490220000,1247.2
2017-03-23,1490306400,1248.5
2017-03-26,1490565600,1255.7
2017-03-27,1490652000,1255.6
2017-03-28,1490738400,1253.7
2017-03-29,1490824800,1248
2017-03-30,1490911200,1251.2
2017-04-02,1491170400,1254
2017-04-03,1491256800,1258.4
2017-04-04,1491343200,1248.5
2017-04-05,1491429600,1253.3
2017-04-06,1491516000,1257.3
2017-04-09,1491775200,1253.9
2017-04-10,1491861600,1274.2
2017-04-11,1491948000,1278.1
2017-04-12,1492034400,1288.5
2017-04-16,1492380000,1291.9
2017-04-17,1492466400,1294.1
2017-04-18,1492552800,1283.4
2017-04-19,1492639200,1283.8
2017-04-20,1492725600,1289.1
2017-04-23,1492984800,1277.5
2017-04-24,1493071200,1267.2
2017-04-25,1493157600,1264.2
2017-04-26,1493244000,1265.9
2017-04-27,1493330400,1268.3
2017-04-30,1493589600,1255.5
2017-05-01,1493676000,1257
2017-05-02,1493762400,1248.5
2017-05-03,1493848800,1228.6
2017-05-04,1493935200,1226.9
2017-05-07,1494194400,1227.1
2017-05-08,1494280800,1216.1
2017-05-09,1494367200,1218.9
2017-05-10,1494453600,1224.2
2017-05-11,1494540000,1227.7
2017-05-14,1494799200,1230
2017-05-15,1494885600,1236.4
2017-05-16,1494972000,1258.7
2017-05-17,1495058400,1252.8
2017-05-18,1495144800,1253.6
2017-05-21,1495404000,1261.4
2017-05-22,1495490400,1255.5
2017-05-23,1495576800,1253.1
2017-05-24,1495663200,1256.4
2017-05-25,1495749600,1268.1
2017-05-28,1496008800,1265.7
2017-05-30,1496181600,1275.4
2017-05-31,1496268000,1270.1
2017-06-01,1496354400,1280.2
2017-06-04,1496613600,1282.7
2017-06-05,1496700000,1297.5
2017-06-06,1496786400,1293.2
2017-06-07,1496872800,1279.5
2017-06-08,1496959200,1271.4
2017-06-11,1497218400,1268.9
2017-06-12,1497304800,1268.6
2017-06-13,1497391200,1275.9
2017-06-14,1497477600,1254.6
2017-06-15,1497564000,1256.5
2017-06-18,1497823200,1246.7
2017-06-19,1497909600,1243.5
2017-06-20,1497996000,1245.8
2017-06-21,1498082400,1249.4
2017-06-22,1498168800,1256.4
2017-06-25,1498428000,1246.4
2017-06-26,1498514400,1246.9
2017-06-27,1498600800,1249.1
2017-06-28,1498687200,1245.8
2017-06-29,1498773600,1242.3
2017-07-02,1499032800,1219.2
2017-07-03,1499119200,1221.7
2017-07-05,1499292000,1223.3
2017-07-06,1499378400,1209.7
2017-07-09,1499637600,1213.2
2017-07-10,1499724000,1214.7
2017-07-11,1499810400,1219.1
2017-07-12,1499896800,1217.3
2017-07-13,1499983200,1227.5
2017-07-16,1500242400,1233.7
2017-07-17,1500328800,1241.9
2017-07-18,1500415200,1242
2017-07-19,1500501600,1245.5
2017-07-20,1500588000,1254.9
2017-07-23,1500847200,1254.3
2017-07-24,1500933600,1252.1
2017-07-25,1501020000,1249.4
2017-07-26,1501106400,1260
2017-07-27,1501192800,1275.3
2017-07-30,1501452000,1273.4
2017-07-31,1501538400,1279.4
2017-08-01,1501624800,1278.4
2017-08-02,1501711200,1274.4
2017-08-03,1501797600,1264.6
2017-08-06,1502056800,1264.7
2017-08-07,1502143200,1262.6
2017-08-08,1502229600,1279.3
2017-08-09,1502316000,1290.1
2017-08-10,1502402400,1294
2017-08-13,1502661600,1290.4
2017-08-14,1502748000,1279.7
2017-08-15,1502834400,1282.9
2017-08-16,1502920800,1292.4
2017-08-17,1503007200,1291.6
2017-08-20,1503266400,1296.7
2017-08-21,1503352800,1291
2017-08-22,1503439200,1294.7
2017-08-23,1503525600,1292
2017-08-24,1503612000,1297.9
2017-08-27,1503871200,1315.3
2017-08-28,1503957600,1318.9
2017-08-29,1504044000,1314.1
2017-08-30,1504130400,1322.2
2017-08-31,1504216800,1330.4
2017-09-03,1504476000,1344.5
2017-09-05,1504648800,1339
2017-09-06,1504735200,1350.3
2017-09-07,1504821600,1351.2
2017-09-10,1505080800,1335.7
2017-09-11,1505167200,1332.7
2017-09-12,1505253600,1328
2017-09-13,1505340000,1329.3
2017-09-14,1505426400,1325.2
2017-09-17,1505685600,1310.8
2017-09-18,1505772000,1310.6
2017-09-19,1505858400,1316.4
2017-09-20,1505944800,1294.8
2017-09-21,1506031200,1297.5
2017-09-24,1506290400,1311.5
2017-09-25,1506376800,1301.7
2017-09-26,1506463200,1287.8
2017-09-27,1506549600,1288.7
2017-09-28,1506636000,1284.8
2017-10-01,1506895200,1275.8
2017-10-02,1506981600,1274.6
2017-10-03,1507068000,1276.8
2017-10-04,1507154400,1273.2
2017-10-05,1507240800,1274.9
2017-10-08,1507500000,1285
2017-10-09,1507586400,1293.8
2017-10-10,1507672800,1288.9
2017-10-11,1507759200,1296.5
2017-10-12,1507845600,1304.6
2017-10-15,1508104800,1303
2017-10-16,1508191200,1286.2
2017-10-17,1508277600,1283
2017-10-18,1508364000,1290
2017-10-19,1508450400,1280.5
2017-10-22,1508709600,1280.9
2017-10-23,1508796000,1278.3
2017-10-24,1508882400,1279
2017-10-25,1508968800,1269.6
2017-10-26,1509055200,1271.8
2017-10-29,1509314400,1277.7
2017-10-30,1509400800,1270.5
2017-10-31,1509487200,1277.3
2017-11-01,1509573600,1278.1
2017-11-02,1509660000,1269.2
2017-11-05,1509922800,1281.6
2017-11-06,1510009200,1275.8
2017-11-07,1510095600,1283.7
2017-11-08,1510182000,1287.5
2017-11-09,1510268400,1274.2
2017-11-12,1510527600,1278.9
2017-11-13,1510614000,1282.9
2017-11-14,1510700400,1277.7
2017-11-15,1510786800,1278.2
2017-11-16,1510873200,1296.5
2017-11-19,1511132400,1275.3
2017-11-20,1511218800,1281.7
2017-11-21,1511305200,1292.2
2017-11-22,1511391600,1287.3
2017-11-26,1511737200,1294.4
2017-11-27,1511823600,1294.9
2017-11-28,1511910000,1286.2
2017-11-29,1511996400,1276.7
2017-11-30,1512082800,1282.3
2017-12-03,1512342000,1277.7
2017-12-04,1512428400,1264.9
2017-12-05,1512514800,1266.1
2017-12-06,1512601200,1253.1
2017-12-07,1512687600,1248.4
2017-12-10,1512946800,1246.9
2017-12-11,1513033200,1241.7
2017-12-12,1513119600,1248.6
2017-12-13,1513206000,1257.1
2017-12-14,1513292400,1257.5
2017-12-17,1513551600,1265.5
2017-12-18,1513638000,1264.2
2017-12-19,1513724400,1269.6
2017-12-20,1513810800,1270.6
2017-12-21,1513897200,1278.8
2017-12-25,1514242800,1287.5
2017-12-26,1514329200,1291.4
2017-12-27,1514415600,1297.2
2017-12-28,1514502000,1309.3
2018-01-01,1514847600,1316.1
2018-01-02,1514934000,1318.5
2018-01-03,1515020400,1321.6
2018-01-04,1515106800,1322.3
2018-01-07,1515366000,1320.4
2018-01-08,1515452400,1313.7
2018-01-09,1515538800,1319.3
2018-01-10,1515625200,1322.5
2018-01-11,1515711600,1334.9
2018-01-14,1515970800,1337.1
2018-01-16,1516143600,1339.2
2018-01-17,1516230000,1327.2
2018-01-18,1516316400,1333.1
2018-01-21,1516575600,1331.9
2018-01-22,1516662000,1336.7
2018-01-23,1516748400,1356.3
2018-01-24,1516834800,1362.9
2018-01-25,1516921200,1352.1
2018-01-28,1517180400,1340.3
2018-01-29,1517266800,1340
2018-01-30,1517353200,1343.1
2018-01-31,1517439600,1347.9
2018-02-01,1517526000,1337.3
2018-02-04,1517785200,1336.5
2018-02-05,1517871600,1329.5
2018-02-06,1517958000,1314.6
2018-02-07,1518044400,1319
2018-02-08,1518130800,1315.7
2018-02-11,1518390000,1326.4
2018-02-12,1518476400,1330.4
2018-02-13,1518562800,1358
2018-02-14,1518649200,1355.3
2018-02-15,1518735600,1356.2
2018-02-18,1518994800,1331.2
2018-02-20,1519167600,1332.1
2018-02-21,1519254000,1332.7
2018-02-22,1519340400,1330.3
2018-02-25,1519599600,1332.8
2018-02-26,1519686000,1318.6
2018-02-27,1519772400,1317.9
2018-02-28,1519858800,1305.2
2018-03-01,1519945200,1323.4
2018-03-04,1520204400,1319.9
2018-03-05,1520290800,1335.2
2018-03-06,1520377200,1327.6
2018-03-07,1520463600,1321.7
2018-03-08,1520550000,1324
2018-03-11,1520805600,1320.8
2018-03-12,1520892000,1327.1
2018-03-13,1520978400,1325.6
2018-03-14,1521064800,1317.8
2018-03-15,1521151200,1312.3
2018-03-18,1521410400,1317.8
2018-03-19,1521496800,1311.9
2018-03-20,1521583200,1321.5
2018-03-21,1521669600,1327.4
2018-03-22,1521756000,1349.9
2018-03-25,1522015200,1355
2018-03-26,1522101600,1342
2018-03-27,1522188000,1330
2018-03-28,1522274400,1327.3
2018-04-01,1522620000,1346.9
2018-04-02,1522706400,1337.3
2018-04-03,1522792800,1340.2
2018-04-04,1522879200,1328.5
2018-04-05,1522965600,1336.1
2018-04-08,1523224800,1340.1
2018-04-09,1523311200,1345.9
2018-04-10,1523397600,1360
2018-04-11,1523484000,1341.9
2018-04-12,1523570400,1347.9
2018-04-15,1523829600,1350.7
2018-04-16,1523916000,1349.5
2018-04-17,1524002400,1353.5
2018-04-18,1524088800,1348.8
2018-04-19,1524175200,1338.3
2018-04-22,1524434400,1324
2018-04-23,1524520800,1333
2018-04-24,1524607200,1322.8
2018-04-25,1524693600,1317.9
2018-04-26,1524780000,1323.4
2018-04-29,1525039200,1319.2
2018-04-30,1525125600,1306.8
2018-05-01,1525212000,1305.6
2018-05-02,1525298400,1312.7
2018-05-03,1525384800,1314.7
2018-05-06,1525644000,1314.1
2018-05-07,1525730400,1313.7
2018-05-08,1525816800,1313
2018-05-09,1525903200,1322.3
2018-05-10,1525989600,1320.7
2018-05-13,1526248800,1318.2
2018-05-14,1526335200,1290.3
2018-05-15,1526421600,1291.5
2018-05-16,1526508000,1289.4
2018-05-17,1526594400,1291.3
2018-05-20,1526853600,1290.9
2018-05-21,1526940000,1292
2018-05-22,1527026400,1289.6
2018-05-23,1527112800,1304.4
2018-05-24,1527199200,1303.7
2018-05-27,1527458400,1299
2018-05-29,1527631200,1306.5
2018-05-30,1527717600,1304.7
2018-05-31,1527804000,1299.3
2018-06-03,1528063200,1297.3
2018-06-04,1528149600,1302.2
2018-06-05,1528236000,1301.4
2018-06-06,1528322400,1303
2018-06-07,1528408800,1302.7
2018-06-10,1528668000,1303.2
2018-06-11,1528754400,1299.4
2018-06-12,1528840800,1301.3
2018-06-13,1528927200,1308.3
2018-06-14,1529013600,1278.5
2018-06-17,1529272800,1280.1
2018-06-18,1529359200,1278.6
2018-06-19,1529445600,1274.5
2018-06-20,1529532000,1270.5
2018-06-21,1529618400,1270.7
2018-06-24,1529877600,1268.9
2018-06-25,1529964000,1259.9
2018-06-26,1530050400,1256.1
2018-06-27,1530136800,1251
2018-06-28,1530223200,1254.5
2018-07-01,1530482400,1241.7
2018-07-02,1530568800,1253.5
2018-07-03,1530655200,1258.8
2018-07-05,1530828000,1255.8
2018-07-08,1531087200,1259.6
2018-07-09,1531173600,1255.4
2018-07-10,1531260000,1244.4
2018-07-11,1531346400,1246.6
2018-07-12,1531432800,1241.2
2018-07-15,1531692000,1239.7
2018-07-16,1531778400,1227.3
2018-07-17,1531864800,1227.9
2018-07-18,1531951200,1224
2018-07-19,1532037600,1231.1
2018-07-22,1532296800,1225.6
2018-07-23,1532383200,1225.5
2018-07-24,1532469600,1231.8
2018-07-25,1532556000,1225.7
2018-07-26,1532642400,1223
2018-07-29,1532901600,1231.5
2018-07-30,1532988000,1233.6
2018-07-31,1533074400,1227.6
2018-08-01,1533160800,1220.1
2018-08-02,1533247200,1223.2
2018-08-05,1533506400,1217.7
2018-08-06,1533592800,1218.3
2018-08-07,1533679200,1221
2018-08-08,1533765600,1219.9
2018-08-09,1533852000,1219
2018-08-12,1534111200,1198.9
2018-08-13,1534197600,1200.7
2018-08-14,1534284000,1185
2018-08-15,1534370400,1184
2018-08-16,1534456800,1184.2
2018-08-19,1534716000,1194.6
2018-08-20,1534802400,1200
2018-08-21,1534888800,1203.3
2018-08-22,1534975200,1194
2018-08-23,1535061600,1213.3
2018-08-26,1535320800,1216
2018-08-27,1535407200,1214.4
2018-08-28,1535493600,1211.5
2018-08-29,1535580000,1205
2018-08-30,1535666400,1206.7
2018-09-02,1535925600,1199.1
2018-09-04,1536098400,1201.3
2018-09-05,1536184800,1204.3
2018-09-06,1536271200,1200.4
2018-09-09,1536530400,1199.8
2018-09-10,1536616800,1202.2
2018-09-11,1536703200,1210.9
2018-09-12,1536789600,1208.2
2018-09-13,1536876000,1201.1
2018-09-16,1537135200,1205.8
2018-09-17,1537221600,1202.9
2018-09-18,1537308000,1208.3
2018-09-19,1537394400,1211.3
2018-09-20,1537480800,1201.3
2018-09-23,1537740000,1204.4
2018-09-24,1537826400,1205.1
2018-09-25,1537912800,1199.1
2018-09-26,1537999200,1187.4
2018-09-27,1538085600,1196.2
2018-09-30,1538344800,1191.7
2018-10-01,1538431200,1207
2018-10-02,1538517600,1202.9
2018-10-03,1538604000,1201.6
2018-10-04,1538690400,1205.6
2018-10-07,1538949600,1188.6
2018-10-08,1539036000,1191.5
2018-10-09,1539122400,1193.4
2018-10-10,1539208800,1227.6
2018-10-11,1539295200,1222
2018-10-14,1539554400,1230.3
2018-10-15,1539640800,1231
2018-10-16,1539727200,1227.4
2018-10-17,1539813600,1230.1
2018-10-18,1539900000,1228.7
2018-10-21,1540159200,1224.6
2018-10-22,1540245600,1236.8
2018-10-23,1540332000,1231.1
2018-10-24,1540418400,1232.4
2018-10-25,1540504800,1235.8
2018-10-28,1540764000,1227.6
2018-10-29,1540850400,1225.3
2018-10-30,1540936800,1215
2018-10-31,1541023200,1238.6
2018-11-01,1541109600,1233.3
2018-11-04,1541372400,1232.3
2018-11-05,1541458800,1226.3
2018-11-06,1541545200,1228.7
2018-11-07,1541631600,1225.1
2018-11-08,1541718000,1208.6
2018-11-11,1541977200,1203.5
2018-11-12,1542063600,1201.4
2018-11-13,1542150000,1210.1
2018-11-14,1542236400,1215
2018-11-15,1542322800,1223
2018-11-18,1542582000,1225.3
2018-11-19,1542668400,1221.2
2018-11-20,1542754800,1228
2018-11-21,1542841200,1223.2
2018-11-25,1543186800,1222.4
2018-11-26,1543273200,1213.4
2018-11-27,1543359600,1223.6
2018-11-28,1543446000,1230.4
2018-11-29,1543532400,1226
2018-12-02,1543791600,1239.6
2018-12-03,1543878000,1246.6
2018-12-04,1543964400,1242.6
2018-12-05,1544050800,1243.6
2018-12-06,1544137200,1252.6
2018-12-09,1544396400,1249.4
2018-12-10,1544482800,1247.2
2018-12-11,1544569200,1250
2018-12-12,1544655600,1247.4
2018-12-13,1544742000,1241.4
2018-12-16,1545001200,1251.8
2018-12-17,1545087600,1253.6
2018-12-18,1545174000,1256.4
2018-12-19,1545260400,1267.9
2018-12-20,1545346800,1258.1
2018-12-23,1545606000,1271.8
2018-12-25,1545778800,1273
2018-12-26,1545865200,1281.1
2018-12-27,1545951600,1283
2018-12-30,1546210800,1281.3
2019-01-01,1546383600,1284.1
2019-01-02,1546470000,1294.8
2019-01-03,1546556400,1285.8
2019-01-06,1546815600,1289.9
2019-01-07,1546902000,1285.9
2019-01-08,1546988400,1292
2019-01-09,1547074800,1287.4
2019-01-10,1547161200,1289.5
2019-01-13,1547420400,1291.3
2019-01-14,1547506800,1288.4
2019-01-15,1547593200,1293.8
2019-01-16,1547679600,1292.3
2019-01-17,1547766000,1282.6
2019-01-20,1548025200,1283.4
2019-01-22,1548198000,1284
2019-01-23,1548284400,1279.8
2019-01-24,1548370800,1298.1
2019-01-27,1548630000,1303.1
2019-01-28,1548716400,1308.9
2019-01-29,1548802800,1315.5
2019-01-30,1548889200,1325.2
2019-01-31,1548975600,1322.1
2019-02-03,1549234800,1319.3
2019-02-04,1549321200,1319.2
2019-02-05,1549407600,1314.4
2019-02-06,1549494000,1314.2
2019-02-07,1549580400,1318.5
2019-02-10,1549839600,1311.9
2019-02-11,1549926000,1314
2019-02-12,1550012400,1315.1
2019-02-13,1550098800,1313.9
2019-02-14,1550185200,1322.1
2019-02-17,1550444400,1344.8
2019-02-19,1550617200,1347.9
2019-02-20,1550703600,1327.8
2019-02-21,1550790000,1332.8
2019-02-24,1551049200,1329.5
2019-02-25,1551135600,1328.5
2019-02-26,1551222000,1321.2
2019-02-27,1551308400,1316.1
2019-02-28,1551394800,1299.2
2019-03-03,1551654000,1287.5
2019-03-04,1551740400,1284.7
2019-03-05,1551826800,1287.6
2019-03-06,1551913200,1286.1
2019-03-07,1551999600,1299.3
2019-03-10,1552255200,1291.1
2019-03-11,1552341600,1298.1
2019-03-12,1552428000,1309.3
2019-03-13,1552514400,1295.1
2019-03-14,1552600800,1302.9
2019-03-17,1552860000,1301.5
2019-03-18,1552946400,1306.5
2019-03-19,1553032800,1301.7
2019-03-20,1553119200,1307.3
2019-03-21,1553205600,1312.3
2019-03-24,1553464800,1322.6
2019-03-25,1553551200,1315
2019-03-26,1553637600,1310.4
2019-03-27,1553724000,1295.3
2019-03-28,1553810400,1298.5
2019-03-31,1554069600,1294.2
2019-04-01,1554156000,1295.4
2019-04-02,1554242400,1295.3
2019-04-03,1554328800,1294.3
2019-04-04,1554415200,1295.6
2019-04-07,1554674400,1301.9
2019-04-08,1554760800,1308.3
2019-04-09,1554847200,1313.9
2019-04-10,1554933600,1293.3
2019-04-11,1555020000,1295.2
2019-04-14,1555279200,1291.3
2019-04-15,1555365600,1277.2
2019-04-16,1555452000,1276.8
2019-04-17,1555538400,1276
2019-04-21,1555884000,1277.6
2019-04-22,1555970400,1273.2
2019-04-23,1556056800,1279.4
2019-04-24,1556143200,1279.7
2019-04-25,1556229600,1288.8
2019-04-28,1556488800,1281.5
2019-04-29,1556575200,1285.7
2019-04-30,1556661600,1284.2
2019-05-01,1556748000,1272
2019-05-02,1556834400,1281.3
2019-05-05,1557093600,1283.8
2019-05-06,1557180000,1285.6
2019-05-07,1557266400,1281.4
2019-05-08,1557352800,1285.2
2019-05-09,1557439200,1287.4
2019-05-12,1557698400,1301.8
2019-05-13,1557784800,1296.3
2019-05-14,1557871200,1297.8
2019-05-15,1557957600,1286.2
2019-05-16,1558044000,1275.7
2019-05-19,1558303200,1277.3
2019-05-20,1558389600,1273.2
2019-05-21,1558476000,1274.2
2019-05-22,1558562400,1285.4
2019-05-23,1558648800,1283.6
2019-05-26,1558908000,1277.1
2019-05-28,1559080800,1281
2019-05-29,1559167200,1292.4
2019-05-30,1559253600,1311.1
2019-06-02,1559512800,1327.9
2019-06-03,1559599200,1328.7
2019-06-04,1559685600,1333.6
2019-06-05,1559772000,1342.7
2019-06-06,1559858400,1346.1
2019-06-09,1560117600,1329.3
2019-06-10,1560204000,1331.2
2019-06-11,1560290400,1336.8
2019-06-12,1560376800,1343.7
2019-06-13,1560463200,1344.5
2019-06-16,1560722400,1342.9
2019-06-17,1560808800,1350.7
2019-06-18,1560895200,1348.8
2019-06-19,1560981600,1396.9
2019-06-20,1561068000,1400.1
2019-06-23,1561327200,1418.2
2019-06-24,1561413600,1418.7
2019-06-25,1561500000,1415.4
2019-06-26,1561586400,1412
2019-06-27,1561672800,1413.7
2019-06-30,1561932000,1389.3
2019-07-01,1562018400,1408
2019-07-02,1562104800,1420.9
2019-07-03,1562191200,1400.1
2019-07-07,1562536800,1400
2019-07-08,1562623200,1400.5
2019-07-09,1562709600,1412.5
2019-07-10,1562796000,1406.7
2019-07-11,1562882400,1412.2
2019-07-14,1563141600,1413.5
2019-07-15,1563228000,1411.2
2019-07-16,1563314400,1423.3
2019-07-17,1563400800,1428.1
2019-07-18,1563487200,1426.7
2019-07-21,1563746400,1426.9
2019-07-22,1563832800,1421.7
2019-07-23,1563919200,1423.6
2019-07-24,1564005600,1414.7
2019-07-25,1564092000,1419.3
2019-07-28,1564351200,1420.4
2019-07-29,1564437600,1441.8
2019-07-30,1564524000,1437.8
2019-07-31,1564610400,1432.4
2019-08-01,1564696800,1457.5
2019-08-04,1564956000,1476.5
2019-08-05,1565042400,1484.2
2019-08-06,1565128800,1519.6
2019-08-07,1565215200,1509.5
2019-08-08,1565301600,1508.5
2019-08-11,1565560800,1517.2
2019-08-12,1565647200,1514.1
2019-08-13,1565733600,1527.8
2019-08-14,1565820000,1531.2
2019-08-15,1565906400,1523.6
2019-08-18,1566165600,1511.6
2019-08-19,1566252000,1515.7
2019-08-20,1566338400,1515.7
2019-08-21,1566424800,1508.5
2019-08-22,1566511200,1537.6
2019-08-25,1566770400,1537.2
2019-08-26,1566856800,1551.8
2019-08-27,1566943200,1549.1
2019-08-28,1567029600,1536.9
2019-08-29,1567116000,1529.4
2019-09-01,1567375200,1555.9
2019-09-03,1567548000,1560.4
2019-09-04,1567634400,1525.5
2019-09-05,1567720800,1515.5
2019-09-08,1567980000,1511.1
2019-09-09,1568066400,1499.2
2019-09-10,1568152800,1503.2
2019-09-11,1568239200,1507.4
2019-09-12,1568325600,1499.5
2019-09-15,1568584800,1511.5
2019-09-16,1568671200,1513.4
2019-09-17,1568757600,1515.8
2019-09-18,1568844000,1506.2
2019-09-19,1568930400,1515.1
2019-09-22,1569189600,1531.5
2019-09-23,1569276000,1540.2
2019-09-24,1569362400,1512.3
2019-09-25,1569448800,1515.2
2019-09-26,1569535200,1506.4
2019-09-29,1569794400,1472.9
2019-09-30,1569880800,1489
2019-10-01,1569967200,1507.9
2019-10-02,1570053600,1513.8
2019-10-03,1570140000,1512.9
2019-10-06,1570399200,1504.4
2019-10-07,1570485600,1503.9
2019-10-08,1570572000,1512.8
2019-10-09,1570658400,1500.9
2019-10-10,1570744800,1488.7
2019-10-13,1571004000,1497.6
2019-10-14,1571090400,1483.5
2019-10-15,1571176800,1494
2019-10-16,1571263200,1498.3
2019-10-17,1571349600,1494.1
2019-10-20,1571608800,1488.1
2019-10-21,1571695200,1487.5
2019-10-22,1571781600,1495.7
2019-10-23,1571868000,1504.7
2019-10-24,1571954400,1505.3
2019-10-27,1572213600,1495.8
2019-10-28,1572300000,1490.7
2019-10-29,1572386400,1496.7
2019-10-30,1572472800,1514.8
2019-10-31,1572559200,1511.4
2019-11-03,1572822000,1511.1
2019-11-04,1572908400,1483.7
2019-11-05,1572994800,1493.1
2019-11-06,1573081200,1466.4
2019-11-07,1573167600,1462.9
2019-11-10,1573426800,1457.1
2019-11-11,1573513200,1453.7
2019-11-12,1573599600,1463.3
2019-11-13,1573686000,1473.4
2019-11-14,1573772400,1468.5
2019-11-17,1574031600,1471.9
2019-11-18,1574118000,1474.3
2019-11-19,1574204400,1474.2
2019-11-20,1574290800,1463.6
2019-11-21,1574377200,1463.6
2019-11-24,1574636400,1456.9
2019-11-25,1574722800,1460.3
2019-11-26,1574809200,1460.8
2019-11-27,1574895600,1472.7
2019-12-01,1575241200,1469.2
2019-12-02,1575327600,1484.4
2019-12-03,1575414000,1480.2
2019-12-04,1575500400,1483.1
2019-12-05,1575586800,1465.1
2019-12-08,1575846000,1464.9
2019-12-09,1575932400,1468.1
2019-12-10,1576018800,1475
2019-12-11,1576105200,1472.3
2019-12-12,1576191600,1481.2
2019-12-15,1576450800,1480.5
2019-12-16,1576537200,1480.6
2019-12-17,1576623600,1478.7
2019-12-18,1576710000,1484.4
2019-12-19,1576796400,1480.9
2019-12-22,1577055600,1488.7
2019-12-23,1577142000,1504.8
2019-12-25,1577314800,1514.4
2019-12-26,1577401200,1518.1
2019-12-29,1577660400,1518.6
2019-12-30,1577746800,1523.1
2020-01-01,1577919600,1528.1
2020-01-02,1578006000,1552.4
2020-01-05,1578265200,1568.8
2020-01-06,1578351600,1574.3
2020-01-07,1578438000,1560.2
2020-01-08,1578524400,1554.3
2020-01-09,1578610800,1560.1
2020-01-12,1578870000,1550.6
2020-01-13,1578956400,1544.6
2020-01-14,1579042800,1554
2020-01-15,1579129200,1550.5
2020-01-16,1579215600,1560.3
2020-01-19,1579474800,1557.9
2020-01-21,1579647600,1556.7
2020-01-22,1579734000,1565.4
2020-01-23,1579820400,1571.9
2020-01-26,1580079600,1577.4
2020-01-27,1580166000,1569.8
2020-01-28,1580252400,1570.4
2020-01-29,1580338800,1589.2
2020-01-30,1580425200,1587.9
2020-02-02,1580684400,1582.4
2020-02-03,1580770800,1555.5
2020-02-04,1580857200,1562.8
2020-02-05,1580943600,1570
2020-02-06,1581030000,1573.4
2020-02-09,1581289200,1579.5
2020-02-10,1581375600,1570.1
2020-02-11,1581462000,1571.6
2020-02-12,1581548400,1578.8
2020-02-13,1581634800,1586.4
2020-02-16,1581894000,1603.6
2020-02-18,1582066800,1611.8
2020-02-19,1582153200,1620.5
2020-02-20,1582239600,1648.8
2020-02-23,1582498800,1676.6
2020-02-24,1582585200,1650
2020-02-25,1582671600,1643.1
2020-02-26,1582758000,1642.5
2020-02-27,1582844400,1566.7
2020-03-01,1583103600,1594.8
2020-03-02,1583190000,1644.4
2020-03-03,1583276400,1643
2020-03-04,1583362800,1668
2020-03-05,1583449200,1672.4
2020-03-08,1583704800,1675.7
2020-03-09,1583791200,1660.3
2020-03-10,1583877600,1642.3
2020-03-11,1583964000,1590.3
2020-03-12,1584050400,1516.7
2020-03-15,1584309600,1486.5
2020-03-16,1584396000,1525.8
2020-03-17,1584482400,1477.9
2020-03-18,1584568800,1479.3
2020-03-19,1584655200,1484.6
2020-03-22,1584914400,1567.6
2020-03-23,1585000800,1660.8
2020-03-24,1585087200,1633.4
2020-03-25,1585173600,1651.2
2020-03-26,1585260000,1625
2020-03-29,1585519200,1643.2
2020-03-30,1585605600,1596.6
2020-03-31,1585692000,1591.4
2020-04-01,1585778400,1637.7
2020-04-02,1585864800,1645.7
2020-04-05,1586124000,1693.9
2020-04-06,1586210400,1683.7
2020-04-07,1586296800,1684.3
2020-04-08,1586383200,1752.8
2020-04-12,1586728800,1761.4
2020-04-13,1586815200,1768.9
2020-04-14,1586901600,1740.2
2020-04-15,1586988000,1731.7
2020-04-16,1587074400,1698.8
2020-04-19,1587333600,1711.2
2020-04-20,1587420000,1687.8
2020-04-21,1587506400,1738.3
2020-04-22,1587592800,1745.4
2020-04-23,1587679200,1735.6
2020-04-26,1587938400,1723.8
2020-04-27,1588024800,1722.2
2020-04-28,1588111200,1713.4
2020-04-29,1588197600,1694.2
2020-04-30,1588284000,1700.9
2020-05-03,1588543200,1713.3
2020-05-04,1588629600,1710.6
2020-05-05,1588716000,1688.5
2020-05-06,1588802400,1725.8
2020-05-07,1588888800,1713.9
2020-05-10,1589148000,1698
2020-05-11,1589234400,1706.8
2020-05-12,1589320800,1716.4
2020-05-13,1589407200,1740.9
2020-05-14,1589493600,1756.3
2020-05-17,1589752800,1734.4
2020-05-18,1589839200,1745.6
2020-05-19,1589925600,1752.1
2020-05-20,1590012000,1721.9
2020-05-21,1590098400,1735.5
2020-05-24,1590357600,1705.6
2020-05-26,1590530400,1710.7
2020-05-27,1590616800,1728.3
2020-05-28,1590703200,1751.7
2020-05-31,1590962400,1750.3
2020-06-01,1591048800,1734
2020-06-02,1591135200,1704.8
2020-06-03,1591221600,1727.4
2020-06-04,1591308000,1683
2020-06-07,1591567200,1705.1
2020-06-08,1591653600,1721.9
2020-06-09,1591740000,1720.7
2020-06-10,1591826400,1739.8
2020-06-11,1591912800,1737.3
2020-06-14,1592172000,1727.2
2020-06-15,1592258400,1736.5
2020-06-16,1592344800,1735.6
2020-06-17,1592431200,1731.1
2020-06-18,1592517600,1753
2020-06-21,1592776800,1766.4
2020-06-22,1592863200,1782
2020-06-23,1592949600,1775.1
2020-06-24,1593036000,1770.6
2020-06-25,1593122400,1780.3
2020-06-28,1593381600,1781.2
2020-06-29,1593468000,1800.5
2020-06-30,1593554400,1779.9
2020-07-01,1593640800,1790
2020-07-02,1593727200,1793.5
2020-07-06,1594072800,1809.9
2020-07-07,1594159200,1820.6
2020-07-08,1594245600,1803.8
2020-07-09,1594332000,1801.9
2020-07-12,1594591200,1814.1
2020-07-13,1594677600,1813.4
2020-07-14,1594764000,1813.8
2020-07-15,1594850400,1800.3
2020-07-16,1594936800,1810
2020-07-19,1595196000,1817.4
2020-07-20,1595282400,1843.9
2020-07-21,1595368800,1865.1
2020-07-22,1595455200,1890
2020-07-23,1595541600,1897.5
2020-07-26,1595800800,1931
2020-07-27,1595887200,1944.6
2020-07-28,1595973600,1953.4
2020-07-29,1596060000,1966.8
2020-07-30,1596146400,1985.9
2020-08-02,1596405600,1986.3
2020-08-03,1596492000,2021
2020-08-04,1596578400,2049.3
2020-08-05,1596664800,2069.4
2020-08-06,1596751200,2028
2020-08-09,1597010400,2039.7
2020-08-10,1597096800,1946.3
2020-08-11,1597183200,1949
2020-08-12,1597269600,1970.4
2020-08-13,1597356000,1949.8
2020-08-16,1597615200,1998.7
2020-08-17,1597701600,2013.1
2020-08-18,1597788000,1970.3
2020-08-19,1597874400,1946.5
2020-08-20,1597960800,1947
2020-08-23,1598220000,1939.2
2020-08-24,1598306400,1923.1
2020-08-25,1598392800,1952.5
2020-08-26,1598479200,1932.6
2020-08-27,1598565600,1974.9
2020-08-30,1598824800,1978.6
2020-08-31,1598911200,1978.9
2020-09-01,1598997600,1944.7
2020-09-02,1599084000,1937.8
2020-09-03,1599170400,1934.3
2020-09-06,1599429600,1943.2
2020-09-08,1599602400,1954.9
2020-09-09,1599688800,1964.3
2020-09-10,1599775200,1947.9
2020-09-13,1600034400,1963.7
2020-09-14,1600120800,1966.2
2020-09-15,1600207200,1970.5
2020-09-16,1600293600,1949.9
2020-09-17,1600380000,1962.1
2020-09-20,1600639200,1910.6
2020-09-21,1600725600,1907.6
2020-09-22,1600812000,1868.4
2020-09-23,1600898400,1876.9
2020-09-24,1600984800,1866.3
2020-09-27,1601244000,1882.3
2020-09-28,1601330400,1903.2
2020-09-29,1601416800,1895.5
2020-09-30,1601503200,1916.3
2020-10-01,1601589600,1907.6
2020-10-04,1601848800,1920.1
2020-10-05,1601935200,1908.8
2020-10-06,1602021600,1890.8
2020-10-07,1602108000,1895.1
2020-10-08,1602194400,1926.2
2020-10-11,1602453600,1928.9
2020-10-12,1602540000,1894.6
2020-10-13,1602626400,1907.3
2020-10-14,1602712800,1908.9
2020-10-15,1602799200,1906.4
2020-10-18,1603058400,1911.7
2020-10-19,1603144800,1915.4
2020-10-20,1603231200,1929.5
2020-10-21,1603317600,1904.6
2020-10-22,1603404000,1905.2
2020-10-25,1603663200,1905.7
2020-10-26,1603749600,1911.9
2020-10-27,1603836000,1879.2
2020-10-28,1603922400,1868
2020-10-29,1604008800,1879.9
2020-11-01,1604271600,1892.5
2020-11-02,1604358000,1910.4
2020-11-03,1604444400,1896.2
2020-11-04,1604530800,1946.8
2020-11-05,1604617200,1951.7
2020-11-08,1604876400,1854.4
2020-11-09,1604962800,1876.4
2020-11-10,1605049200,1861.6
2020-11-11,1605135600,1873.3
2020-11-12,1605222000,1886.2
2020-11-15,1605481200,1887.8
2020-11-16,1605567600,1885.1
2020-11-17,1605654000,1873.9
2020-11-18,1605740400,1861.5
2020-11-19,1605826800,1872.4
2020-11-22,1606086000,1837.8
2020-11-23,1606172400,1804.6
2020-11-24,1606258800,1805.5
2020-11-25,1606345200,1788.1
2020-11-29,1606690800,1780.9
2020-11-30,1606777200,1818.9
2020-12-01,1606863600,1830.2
2020-12-02,1606950000,1841.1
2020-12-03,1607036400,1840
2020-12-06,1607295600,1866
2020-12-07,1607382000,1874.9
2020-12-08,1607468400,1838.5
2020-12-09,1607554800,1837.4
2020-12-10,1607641200,1843.6
2020-12-13,1607900400,1832.1
2020-12-14,1607986800,1855.3
2020-12-15,1608073200,1859.1
2020-12-16,1608159600,1890.4
2020-12-17,1608246000,1888.9
2020-12-20,1608505200,1882.8
2020-12-21,1608591600,1870.3
2020-12-22,1608678000,1878.1
2020-12-23,1608764400,1883.2
2020-12-27,1609110000,1880.4
2020-12-28,1609196400,1882.9
2020-12-29,1609282800,1893.4
2020-12-30,1609369200,1895.1
2021-01-03,1609714800,1946.6
2021-01-04,1609801200,1954.4
2021-01-05,1609887600,1908.6
2021-01-06,1609974000,1913.6
2021-01-07,1610060400,1835.4
2021-01-10,1610319600,1850.8
2021-01-11,1610406000,1844.2
2021-01-12,1610492400,1854.9
2021-01-13,1610578800,1851.4
2021-01-14,1610665200,1829.9
2021-01-17,1610924400,1840.2
2021-01-19,1611097200,1866.5
2021-01-20,1611183600,1865.9
2021-01-21,1611270000,1856.2
2021-01-24,1611529200,1855.2
2021-01-25,1611615600,1850.9
2021-01-26,1611702000,1844.9
2021-01-27,1611788400,1841.2
2021-01-28,1611874800,1850.3
2021-01-31,1612134000,1863.9
2021-02-01,1612220400,1833.4
2021-02-02,1612306800,1835.1
2021-02-03,1612393200,1791.2
2021-02-04,1612479600,1813
2021-02-07,1612738800,1834.2
2021-02-08,1612825200,1837.5
2021-02-09,1612911600,1842.7
2021-02-10,1612998000,1826.8
2021-02-11,1613084400,1823.2
2021-02-14,1613343600,1799
2021-02-16,1613516400,1772.8
2021-02-17,1613602800,1775
2021-02-18,1613689200,1777.4
2021-02-21,1613948400,1808.4
2021-02-22,1614034800,1805.9
2021-02-23,1614121200,1797.9
2021-02-24,1614207600,1775.4
2021-02-25,1614294000,1728.8
2021-02-28,1614553200,1723
2021-03-01,1614639600,1733.6
2021-03-02,1614726000,1715.8
2021-03-03,1614812400,1700.7
2021-03-04,1614898800,1698.5
2021-03-07,1615158000,1678
2021-03-08,1615244400,1716.9
2021-03-09,1615330800,1721.8
2021-03-10,1615417200,1722.6
2021-03-11,1615503600,1719.8
2021-03-14,1615759200,1729.2
2021-03-15,1615845600,1730.9
2021-03-16,1615932000,1727.1
2021-03-17,1616018400,1732.5
2021-03-18,1616104800,1741.7
2021-03-21,1616364000,1738.1
2021-03-22,1616450400,1725.1
2021-03-23,1616536800,1733.2
2021-03-24,1616623200,1725.1
2021-03-25,1616709600,1732.3
2021-03-28,1616968800,1712.2
2021-03-29,1617055200,1686
2021-03-30,1617141600,1715.6
2021-03-31,1617228000,1728.4
2021-04-04,1617573600,1728.8
2021-04-05,1617660000,1743
2021-04-06,1617746400,1741.6
2021-04-07,1617832800,1758.2
2021-04-08,1617919200,1744.8
2021-04-11,1618178400,1732.7
2021-04-12,1618264800,1747.6
2021-04-13,1618351200,1736.3
2021-04-14,1618437600,1766.8
2021-04-15,1618524000,1780.2
2021-04-18,1618783200,1770.6
2021-04-19,1618869600,1778.4
2021-04-20,1618956000,1793.1
2021-04-21,1619042400,1782
2021-04-22,1619128800,1777.8
2021-04-25,1619388000,1780.1
2021-04-26,1619474400,1778.8
2021-04-27,1619560800,1773.9
2021-04-28,1619647200,1768.3
2021-04-29,1619733600,1767.7
2021-05-02,1619992800,1791.8
2021-05-03,1620079200,1776
2021-05-04,1620165600,1784.3
2021-05-05,1620252000,1815.7
2021-05-06,1620338400,1831.3
2021-05-09,1620597600,1837.6
2021-05-10,1620684000,1836.1
2021-05-11,1620770400,1822.8
2021-05-12,1620856800,1824
2021-05-13,1620943200,1838.1
2021-05-16,1621202400,1867.6
2021-05-17,1621288800,1868
2021-05-18,1621375200,1881.5
2021-05-19,1621461600,1881.9
2021-05-20,1621548000,1876.7
2021-05-23,1621807200,1884.5
2021-05-24,1621893600,1898
2021-05-25,1621980000,1901.2
2021-05-26,1622066400,1898.5
2021-05-27,1622152800,1905.3
2021-05-30,1622412000,1905
2021-06-01,1622584800,1909.9
2021-06-02,1622671200,1873.3
2021-06-03,1622757600,1892
2021-06-06,1623016800,1898.8
2021-06-07,1623103200,1894.4
2021-06-08,1623189600,1895.5
2021-06-09,1623276000,1896.4
2021-06-10,1623362400,1879.6
2021-06-13,1623621600,1865.9
2021-06-14,1623708000,1856.4
2021-06-15,1623794400,1861.4
2021-06-16,1623880800,1774.8
2021-06-17,1623967200,1769
2021-06-20,1624226400,1782.9
2021-06-21,1624312800,1777.4
2021-06-22,1624399200,1783.4
2021-06-23,1624485600,1776.7
2021-06-24,1624572000,1777.8
2021-06-27,1624831200,1780.7
2021-06-28,1624917600,1763.6
2021-06-29,1625004000,1771.6
2021-06-30,1625090400,1776.8
2021-07-01,1625176800,1783.3
2021-07-04,1625436000,1794.2
2021-07-06,1625608800,1802.1
2021-07-07,1625695200,1800.2
2021-07-08,1625781600,1810.6
2021-07-11,1626040800,1805.9
2021-07-12,1626127200,1809.9
2021-07-13,1626213600,1825
2021-07-14,1626300000,1829
2021-07-15,1626386400,1815
2021-07-18,1626645600,1809.2
2021-07-19,1626732000,1811.4
2021-07-20,1626818400,1803.4
2021-07-21,1626904800,1805.4
2021-07-22,1626991200,1801.8
2021-07-25,1627250400,1799.2
2021-07-26,1627336800,1799.8
2021-07-27,1627423200,1799.7
2021-07-28,1627509600,1835.8
2021-07-29,1627596000,1817.2
2021-08-01,1627855200,1822.2
2021-08-02,1627941600,1814.1
2021-08-03,1628028000,1814.5
2021-08-04,1628114400,1808.9
2021-08-05,1628200800,1763.1
2021-08-08,1628460000,1726.5
2021-08-09,1628546400,1731.7
2021-08-10,1628632800,1753.3
2021-08-11,1628719200,1751.8
2021-08-12,1628805600,1778.2
2021-08-15,1629064800,1789.8
2021-08-16,1629151200,1787.8
2021-08-17,1629237600,1784.4
2021-08-18,1629324000,1783.1
2021-08-19,1629410400,1784
2021-08-22,1629669600,1806.3
2021-08-23,1629756000,1808.5
2021-08-24,1629842400,1791
2021-08-25,1629928800,1795.2
2021-08-26,1630015200,1819.5
2021-08-29,1630274400,1812.2
2021-08-30,1630360800,1818.1
2021-08-31,1630447200,1816
2021-09-01,1630533600,1811.5
2021-09-02,1630620000,1833.7
2021-09-05,1630879200,1798.5
2021-09-07,1631052000,1793.5
2021-09-08,1631138400,1800
2021-09-09,1631224800,1792.1
2021-09-12,1631484000,1794.4
2021-09-13,1631570400,1807.1
2021-09-14,1631656800,1794.8
2021-09-15,1631743200,1756.7
2021-09-16,1631829600,1751.4
2021-09-19,1632088800,1763.8
2021-09-20,1632175200,1778.2
2021-09-21,1632261600,1778.8
2021-09-22,1632348000,1749.8
2021-09-23,1632434400,1751.7
2021-09-26,1632693600,1752
2021-09-27,1632780000,1737.5
2021-09-28,1632866400,1722.9
2021-09-29,1632952800,1757
2021-09-30,1633039200,1758.4
2021-10-03,1633298400,1767.6
2021-10-04,1633384800,1760.9
2021-10-05,1633471200,1761.8
2021-10-06,1633557600,1759.2
2021-10-07,1633644000,1757.4
2021-10-10,1633903200,1755.7
2021-10-11,1633989600,1759.3
2021-10-12,1634076000,1794.7
2021-10-13,1634162400,1797.9
2021-10-14,1634248800,1768.3
2021-10-17,1634508000,1765.7
2021-10-18,1634594400,1770.5
2021-10-19,1634680800,1784.9
2021-10-20,1634767200,1781.9
2021-10-21,1634853600,1796.3
2021-10-24,1635112800,1806.8
2021-10-25,1635199200,1793.4
2021-10-26,1635285600,1798.8
2021-10-27,1635372000,1802.6
2021-10-28,1635458400,1783.9
2021-10-31,1635717600,1795.8
2021-11-01,1635804000,1789.4
2021-11-02,1635890400,1763.9
2021-11-03,1635976800,1793.5
2021-11-04,1636063200,1816.8
2021-11-07,1636326000,1828
2021-11-08,1636412400,1830.8
2021-11-09,1636498800,1848.3
2021-11-10,1636585200,1863.9
2021-11-11,1636671600,1868.5
2021-11-14,1636930800,1866.6
2021-11-15,1637017200,1854.1
2021-11-16,1637103600,1870.2
2021-11-17,1637190000,1861.4
2021-11-18,1637276400,1851.6
2021-11-21,1637535600,1806.3
2021-11-22,1637622000,1783.8
2021-11-23,1637708400,1784.3
2021-11-24,1637794800,1785.5
2021-11-28,1638140400,1785.2
2021-11-29,1638226800,1776.5
2021-11-30,1638313200,1784.3
2021-12-01,1638399600,1762.7
2021-12-02,1638486000,1783.9
2021-12-05,1638745200,1779.5
2021-12-06,1638831600,1784.7
2021-12-07,1638918000,1785.5
2021-12-08,1639004400,1776.7
2021-12-09,1639090800,1784.8
2021-12-12,1639350000,1788.3
2021-12-13,1639436400,1772.3
2021-12-14,1639522800,1764.5
2021-12-15,1639609200,1798.2
2021-12-16,1639695600,1804.9
2021-12-19,1639954800,1794.6
2021-12-20,1640041200,1788.7
2021-12-21,1640127600,1802.2
2021-12-22,1640214000,1811.7
2021-12-26,1640559600,1808.8
2021-12-27,1640646000,1810.9
2021-12-28,1640732400,1805.8
2021-12-29,1640818800,1814.1
2021-12-30,1640905200,1828.6
2022-01-02,1641164400,1800.1
2022-01-03,1641250800,1814.6
2022-01-04,1641337200,1825.1
2022-01-05,1641423600,1789.2
2022-01-06,1641510000,1797.4
2022-01-09,1641769200,1798.8
2022-01-10,1641855600,1818.5
2022-01-11,1641942000,1827.3
2022-01-12,1642028400,1821.4
2022-01-13,1642114800,1816.5
2022-01-16,1642374000,1812.4
2022-01-18,1642546800,1843.2
2022-01-19,1642633200,1842.6
2022-01-20,1642719600,1831.8
2022-01-23,1642978800,1841.7
2022-01-24,1643065200,1852.5
2022-01-25,1643151600,1829.7
2022-01-26,1643238000,1793.1
2022-01-27,1643324400,1786.6
2022-01-30,1643583600,1796.4
2022-01-31,1643670000,1801.5
2022-02-01,1643756400,1810.3
2022-02-02,1643842800,1804.1
2022-02-03,1643929200,1807.8
2022-02-06,1644188400,1821.8
2022-02-07,1644274800,1827.9
2022-02-08,1644361200,1836.6
2022-02-09,1644447600,1837.4
2022-02-10,1644534000,1842.1
2022-02-13,1644793200,1869.4
2022-02-14,1644879600,1856.2
2022-02-15,1644966000,1871.5
2022-02-16,1645052400,1902
2022-02-17,1645138800,1899.8
2022-02-20,1645398000,1907.4
2022-02-22,1645570800,1910.4
2022-02-23,1645657200,1926.3
2022-02-24,1645743600,1887.6
2022-02-27,1646002800,1900.7
2022-02-28,1646089200,1943.8
2022-03-01,1646175600,1922.3
2022-03-02,1646262000,1935.9
2022-03-03,1646348400,1966.6
2022-03-06,1646607600,1995.9
2022-03-07,1646694000,2043.3
2022-03-08,1646780400,1988.2
2022-03-09,1646866800,2000.4
2022-03-10,1646953200,1985
2022-03-13,1647208800,1960.8
2022-03-14,1647295200,1929.7
2022-03-15,1647381600,1909.2
2022-03-16,1647468000,1943.2
2022-03-17,1647554400,1929.3
2022-03-20,1647813600,1929.5
2022-03-21,1647900000,1921.5
2022-03-22,1647986400,1937.3
2022-03-23,1648072800,1962.2
2022-03-24,1648159200,1954.2
2022-03-27,1648418400,1939.8
2022-03-28,1648504800,1912.2
2022-03-29,1648591200,1939
2022-03-30,1648677600,1954
2022-03-31,1648764000,1923.7
2022-04-03,1649023200,1934
2022-04-04,1649109600,1927.5
2022-04-05,1649196000,1923.1
2022-04-06,1649282400,1937.8
2022-04-07,1649368800,1945.6
2022-04-10,1649628000,1948.2
2022-04-11,1649714400,1976.1
2022-04-12,1649800800,1984.7
2022-04-13,1649887200,1974.9
2022-04-17,1650232800,1986.4
2022-04-18,1650319200,1959
2022-04-19,1650405600,1955.6
2022-04-20,1650492000,1948.2
2022-04-21,1650578400,1934.3
2022-04-24,1650837600,1896
2022-04-25,1650924000,1904.1
2022-04-26,1651010400,1888.7
2022-04-27,1651096800,1891.3
2022-04-28,1651183200,1911.7
2022-05-01,1651442400,1863.6
2022-05-02,1651528800,1870.6
2022-05-03,1651615200,1868.8
2022-05-04,1651701600,1875.7
2022-05-05,1651788000,1882.8
2022-05-08,1652047200,1858.6
2022-05-09,1652133600,1841
2022-05-10,1652220000,1853.7
2022-05-11,1652306400,1824.6
2022-05-12,1652392800,1808.2
2022-05-15,1652652000,1814
2022-05-16,1652738400,1818.9
2022-05-17,1652824800,1815.9
2022-05-18,1652911200,1841.2
2022-05-19,1652997600,1842.1
2022-05-22,1653256800,1847.8
2022-05-23,1653343200,1865.4
2022-05-24,1653429600,1846.3
2022-05-25,1653516000,1847.6
2022-05-26,1653602400,1857.3
2022-05-29,1653861600,1848.4
2022-05-31,1654034400,1848.7
2022-06-01,1654120800,1871.4
2022-06-02,1654207200,1850.2
2022-06-05,1654466400,1843.7
2022-06-06,1654552800,1852.1
2022-06-07,1654639200,1856.5
2022-06-08,1654725600,1852.8
2022-06-09,1654812000,1875.5
2022-06-12,1655071200,1831.8
2022-06-13,1655157600,1813.5
2022-06-14,1655244000,1819.6
2022-06-15,1655330400,1849.9
2022-06-16,1655416800,1840.6
2022-06-19,1655676000,1838.8
2022-06-21,1655848800,1838.4
2022-06-22,1655935200,1829.8
2022-06-23,1656021600,1830.3
2022-06-26,1656280800,1824.8
2022-06-27,1656367200,1821.2
2022-06-28,1656453600,1817.5
2022-06-29,1656540000,1807.3
2022-06-30,1656626400,1801.5
2022-07-03,1656885600,1763.9
2022-07-05,1657058400,1736.5
2022-07-06,1657144800,1739.7
2022-07-07,1657231200,1742.3
2022-07-10,1657490400,1731.7
2022-07-11,1657576800,1724.8
2022-07-12,1657663200,1735.5
2022-07-13,1657749600,1705.8
2022-07-14,1657836000,1703.6
2022-07-17,1658095200,1710.2
2022-07-18,1658181600,1710.7
2022-07-19,1658268000,1700.2
2022-07-20,1658354400,1713.4
2022-07-21,1658440800,1727.4
2022-07-24,1658700000,1719.1
2022-07-25,1658786400,1717.7
2022-07-26,1658872800,1719.1
2022-07-27,1658959200,1769.2
2022-07-28,1659045600,1781.8
2022-07-31,1659304800,1787.7
2022-08-01,1659391200,1789.7
2022-08-02,1659477600,1776.4
2022-08-03,1659564000,1806.9
2022-08-04,1659650400,1791.2
2022-08-07,1659909600,1805.2
2022-08-08,1659996000,1812.3
2022-08-09,1660082400,1813.7
2022-08-10,1660168800,1807.2
2022-08-11,1660255200,1815.5
2022-08-14,1660514400,1798.1
2022-08-15,1660600800,1789.7
2022-08-16,1660687200,1776.7
2022-08-17,1660773600,1771.2
2022-08-18,1660860000,1762.9
2022-08-21,1661119200,1748.4
2022-08-22,1661205600,1761.2
2022-08-23,1661292000,1761.5
2022-08-24,1661378400,1771.4
2022-08-25,1661464800,1749.8
2022-08-28,1661724000,1749.7
2022-08-29,1661810400,1736.3
2022-08-30,1661896800,1726.2
2022-08-31,1661983200,1709.3
2022-09-01,1662069600,1722.6
2022-09-04,1662328800,1712.9
2022-09-06,1662501600,1727.8
2022-09-07,1662588000,1720.2
2022-09-08,1662674400,1728.6
2022-09-11,1662933600,1740.6
2022-09-12,1663020000,1717.4
2022-09-13,1663106400,1709.1
2022-09-14,1663192800,1677.3
2022-09-15,1663279200,1683.5
2022-09-18,1663538400,1678.2
2022-09-19,1663624800,1671.1
2022-09-20,1663711200,1675.7
2022-09-21,1663797600,1681.1
2022-09-22,1663884000,1655.6
2022-09-25,1664143200,1633.4
2022-09-26,1664229600,1636.2
2022-09-27,1664316000,1670
2022-09-28,1664402400,1668.6
2022-09-29,1664488800,1672
2022-10-02,1664748000,1702
2022-10-03,1664834400,1730.5
2022-10-04,1664920800,1720.8
2022-10-05,1665007200,1720.8
2022-10-06,1665093600,1709.3
2022-10-09,1665352800,1675.2
2022-10-10,1665439200,1686
2022-10-11,1665525600,1677.5
2022-10-12,1665612000,1677
2022-10-13,1665698400,1648.9
2022-10-16,1665957600,1664
2022-10-17,1666044000,1655.8
2022-10-18,1666130400,1634.2
2022-10-19,1666216800,1636.8
2022-10-20,1666303200,1656.3
2022-10-23,1666562400,1654.1
2022-10-24,1666648800,1658
2022-10-25,1666735200,1669.2
2022-10-26,1666821600,1665.6
2022-10-27,1666908000,1644.8
2022-10-30,1667167200,1640.7
2022-10-31,1667253600,1649.7
2022-11-01,1667340000,1650
2022-11-02,1667426400,1630.9
2022-11-03,1667512800,1676.6
2022-11-06,1667775600,1680.5
2022-11-07,1667862000,1716
2022-11-08,1667948400,1713.7
2022-11-09,1668034800,1753.7
2022-11-10,1668121200,1769.4
2022-11-13,1668380400,1776.9
2022-11-14,1668466800,1776.8
2022-11-15,1668553200,1775.8
2022-11-16,1668639600,1763
2022-11-17,1668726000,1754.4
2022-11-20,1668985200,1739.6
2022-11-21,1669071600,1739.9
2022-11-22,1669158000,1745.6
2022-11-23,1669244400,1754
2022-11-27,1669590000,1740.3
2022-11-28,1669676400,1763.7
2022-11-29,1669762800,1759.9
2022-11-30,1669849200,1815.2
2022-12-01,1669935600,1809.6
2022-12-04,1670194800,1781.3
2022-12-05,1670281200,1782.4
2022-12-06,1670367600,1798
2022-12-07,1670454000,1801.5
2022-12-08,1670540400,1810.7
2022-12-11,1670799600,1792.3
2022-12-12,1670886000,1825.5
2022-12-13,1670972400,1818.7
2022-12-14,1671058800,1787.8
2022-12-15,1671145200,1800.2
2022-12-18,1671404400,1797.7
2022-12-19,1671490800,1825.4
2022-12-20,1671577200,1825.4
2022-12-21,1671663600,1795.3
2022-12-22,1671750000,1804.2
2022-12-26,1672095600,1823.1
2022-12-27,1672182000,1815.8
2022-12-28,1672268400,1826
2022-12-29,1672354800,1826.2
2023-01-02,1672700400,1846.1
2023-01-03,1672786800,1859
2023-01-04,1672873200,1840.6
2023-01-05,1672959600,1869.7
2023-01-08,1673218800,1877.8
2023-01-09,1673305200,1876.5
2023-01-10,1673391600,1878.9
2023-01-11,1673478000,1898.8
2023-01-12,1673564400,1921.7
2023-01-15,1673823600,1909.9
2023-01-17,1673996400,1907
2023-01-18,1674082800,1923.9
2023-01-19,1674169200,1928.2
2023-01-22,1674428400,1928.6
2023-01-23,1674514800,1935.4
2023-01-24,1674601200,1942.6
2023-01-25,1674687600,1930
2023-01-26,1674774000,1929.4
2023-01-29,1675033200,1939.2
2023-01-30,1675119600,1945.3
2023-01-31,1675206000,1942.8
2023-02-01,1675292400,1930.8
2023-02-02,1675378800,1876.6
2023-02-05,1675638000,1879.5
2023-02-06,1675724400,1884.8
2023-02-07,1675810800,1890.7
2023-02-08,1675897200,1878.5
2023-02-09,1675983600,1874.5
2023-02-12,1676242800,1863.5
2023-02-13,1676329200,1865.4
2023-02-14,1676415600,1845.3
2023-02-15,1676502000,1851.8
2023-02-16,1676588400,1850.2
2023-02-19,1676847600,1842.5
2023-02-21,1677020400,1841.5
2023-02-22,1677106800,1826.8
2023-02-23,1677193200,1817.1
2023-02-26,1677452400,1824.9
2023-02-27,1677538800,1836.7
2023-02-28,1677625200,1845.4
2023-03-01,1677711600,1840.5
2023-03-02,1677798000,1854.6
2023-03-05,1678057200,1854.6
2023-03-06,1678143600,1820
2023-03-07,1678230000,1818.6
2023-03-08,1678316400,1834.6
2023-03-09,1678402800,1867.2
2023-03-12,1678658400,1916.5
2023-03-13,1678744800,1910.9
2023-03-14,1678831200,1931.3
2023-03-15,1678917600,1923
2023-03-16,1679004000,1973.5
2023-03-19,1679263200,1982.8
2023-03-20,1679349600,1941.1
2023-03-21,1679436000,1949.6
2023-03-22,1679522400,1995.9
2023-03-23,1679608800,1983.8
2023-03-26,1679868000,1953.8
2023-03-27,1679954400,1973.5
2023-03-28,1680040800,1966.9
2023-03-29,1680127200,1997.7
2023-03-30,1680213600,1986.2
2023-04-02,1680472800,2000.4
2023-04-03,1680559200,2038.2
2023-04-04,1680645600,2035.6
2023-04-05,1680732000,2026.4
2023-04-09,1681077600,2003.8
2023-04-10,1681164000,2019
2023-04-11,1681250400,2024.9
2023-04-12,1681336800,2055.3
2023-04-13,1681423200,2015.8
2023-04-16,1681682400,2007
2023-04-17,1681768800,2019.7
2023-04-18,1681855200,2007.3
2023-04-19,1681941600,2019.1
2023-04-20,1682028000,1990.5
2023-04-23,1682287200,1999.8
2023-04-24,1682373600,2004.5
2023-04-25,1682460000,1996
2023-04-26,1682546400,1999
2023-04-27,1682632800,1999.1
2023-04-30,1682892000,1992.2
2023-05-01,1682978400,2023.3
2023-05-02,1683064800,2037
2023-05-03,1683151200,2055.7
2023-05-04,1683237600,2024.8
2023-05-07,1683496800,2033.2
2023-05-08,1683583200,2042.9
2023-05-09,1683669600,2037.1
2023-05-10,1683756000,2020.5
2023-05-11,1683842400,2019.8
2023-05-14,1684101600,2022.7
2023-05-15,1684188000,1993
2023-05-16,1684274400,1984.9
2023-05-17,1684360800,1959.8
2023-05-18,1684447200,1981.6
2023-05-21,1684706400,1977.2
2023-05-22,1684792800,1974.5
2023-05-23,1684879200,1964.6
2023-05-24,1684965600,1943.7
2023-05-25,1685052000,1944.3
2023-05-28,1685311200,1977.1
2023-05-30,1685484000,1982.1
2023-05-31,1685570400,1995.5
2023-06-01,1685656800,1969.6
2023-06-04,1685916000,1974.3
2023-06-05,1686002400,1981.5
2023-06-06,1686088800,1958.4
2023-06-07,1686175200,1978.6
2023-06-08,1686261600,1977.2
2023-06-11,1686520800,1969.7
2023-06-12,1686607200,1958.6
2023-06-13,1686693600,1968.9
2023-06-14,1686780000,1970.7
2023-06-15,1686866400,1971.2
2023-06-18,1687125600,1947.7
2023-06-20,1687298400,1944.9
2023-06-21,1687384800,1923.7
2023-06-22,1687471200,1929.6
2023-06-25,1687730400,1933.8
2023-06-26,1687816800,1923.8
2023-06-27,1687903200,1922.2
2023-06-28,1687989600,1917.9
2023-06-29,1688076000,1929.4
2023-07-02,1688335200,1929.5
2023-07-03,1688421600,1927.1
2023-07-05,1688594400,1915.4
2023-07-06,1688680800,1932.5
2023-07-09,1688940000,1931
2023-07-10,1689026400,1937.1
2023-07-11,1689112800,1961.7
2023-07-12,1689199200,1963.8
2023-07-13,1689285600,1964.4
2023-07-16,1689544800,1956.4
2023-07-17,1689631200,1980.8
2023-07-18,1689717600,1980.8
2023-07-19,1689804000,1970.9
2023-07-20,1689890400,1966.6
2023-07-23,1690149600,1962.2
2023-07-24,1690236000,1963.7
2023-07-25,1690322400,1970.1
2023-07-26,1690408800,1945.7
2023-07-27,1690495200,1999.9
2023-07-30,1690754400,2009.2
2023-07-31,1690840800,1978.8
2023-08-01,1690927200,1975
2023-08-02,1691013600,1968.8
2023-08-03,1691100000,1976.1
2023-08-06,1691359200,1970
2023-08-07,1691445600,1959.9
2023-08-08,1691532000,1950.6
2023-08-09,1691618400,1948.9
2023-08-10,1691704800,1946.6
2023-08-13,1691964000,1944
2023-08-14,1692050400,1935.2
2023-08-15,1692136800,1928.3
2023-08-16,1692223200,1915.2
2023-08-17,1692309600,1916.5
2023-08-20,1692568800,1923
2023-08-21,1692655200,1926
2023-08-22,1692741600,1948.1
2023-08-23,1692828000,1947.1
2023-08-24,1692914400,1939.9
2023-08-27,1693173600,1946.8
2023-08-28,1693260000,1965.1
2023-08-29,1693346400,1973
2023-08-30,1693432800,1965.9
2023-08-31,1693519200,1967.1
2023-09-03,1693778400,1952.6
2023-09-05,1693951200,1944.2
2023-09-06,1694037600,1942.5
2023-09-07,1694124000,1942.7
2023-09-10,1694383200,1947.2
2023-09-11,1694469600,1935.1
2023-09-12,1694556000,1932.5
2023-09-13,1694642400,1932.8
2023-09-14,1694728800,1946.2
2023-09-17,1694988000,1953.4
2023-09-18,1695074400,1953.7
2023-09-19,1695160800,1967.1
2023-09-20,1695247200,1939.6
2023-09-21,1695333600,1945.6
2023-09-24,1695592800,1936.6
2023-09-25,1695679200,1919.8
2023-09-26,1695765600,1890.9
2023-09-27,1695852000,1878.6
2023-09-28,1695938400,1866.1
2023-10-01,1696197600,1847.2
2023-10-02,1696284000,1841.5
2023-10-03,1696370400,1834.8
2023-10-04,1696456800,1831.8
2023-10-05,1696543200,1845.2
2023-10-08,1696802400,1864.3
2023-10-09,1696888800,1875.3
2023-10-10,1696975200,1887.3
2023-10-11,1697061600,1883
2023-10-12,1697148000,1941.5
2023-10-15,1697407200,1934.3
2023-10-16,1697493600,1935.7
2023-10-17,1697580000,1968.3
2023-10-18,1697666400,1980.5
2023-10-19,1697752800,1994.4
2023-10-22,1698012000,1987.8
2023-10-23,1698098400,1986.1
2023-10-24,1698184800,1994.9
2023-10-25,1698271200,1997.4
2023-10-26,1698357600,1998.5
2023-10-29,1698616800,2005.6
2023-10-30,1698703200,1994.3
2023-10-31,1698789600,1987.5
2023-11-01,1698876000,1993.5
2023-11-02,1698962400,1999.2
2023-11-05,1699225200,1988.6
2023-11-06,1699311600,1973.5
2023-11-07,1699398000,1957.8
2023-11-08,1699484400,1969.8
2023-11-09,1699570800,1937.7
2023-11-12,1699830000,1950.2
2023-11-13,1699916400,1966.5
2023-11-14,1700002800,1964.3
2023-11-15,1700089200,1987.3
2023-11-16,1700175600,1984.7
2023-11-19,1700434800,1980.3
2023-11-20,1700521200,2001.6
2023-11-21,1700607600,1992.8
2023-11-22,1700694000,2003
2023-11-26,1701039600,2012.4
2023-11-27,1701126000,2040
2023-11-28,1701212400,2067.1
2023-11-29,1701298800,2057.2
2023-11-30,1701385200,2089.7
2023-12-03,1701644400,2042.2
2023-12-04,1701730800,2036.3
2023-12-05,1701817200,2047.9
2023-12-06,1701903600,2046.4
2023-12-07,1701990000,2014.5
2023-12-10,1702249200,1993.7
2023-12-11,1702335600,1993.2
2023-12-12,1702422000,1997.3
2023-12-13,1702508400,2044.9
2023-12-14,1702594800,2035.7
2023-12-17,1702854000,2040.5
2023-12-18,1702940400,2052.1
2023-12-19,1703026800,2047.7
2023-12-20,1703113200,2051.3
2023-12-21,1703199600,2069.1
2023-12-25,1703545200,2069.8
2023-12-26,1703631600,2093.1
2023-12-27,1703718000,2083.5
2023-12-28,1703804400,2071.8
2024-01-01,1704150000,2073.4
2024-01-02,1704236400,2042.8
2024-01-03,1704322800,2050
2024-01-04,1704409200,2049.8
2024-01-07,1704668400,2033.5
2024-01-08,1704754800,2033
2024-01-09,1704841200,2027.8
2024-01-10,1704927600,2019.2
2024-01-11,1705014000,2051.6
2024-01-14,1705273200,2030.2
2024-01-16,1705446000,2006.5
2024-01-17,1705532400,2021.6
2024-01-18,1705618800,2029.3
2024-01-21,1705878000,2022.2
2024-01-22,1705964400,2025.8
2024-01-23,1706050800,2016
2024-01-24,1706137200,2017.8
2024-01-25,1706223600,2017.3
2024-01-28,1706482800,2025.4
2024-01-29,1706569200,2050.9
2024-01-30,1706655600,2067.4
2024-01-31,1706742000,2071.1
2024-02-01,1706828400,2053.7
2024-02-04,1707087600,2042.9
2024-02-05,1707174000,2051.4
2024-02-06,1707260400,2051.7
2024-02-07,1707346800,2047.9
2024-02-08,1707433200,2038.7
2024-02-11,1707692400,2033
2024-02-12,1707778800,2007.2
2024-02-13,1707865200,2004.3
2024-02-14,1707951600,2014.9
2024-02-15,1708038000,2024.1
2024-02-18,1708297200,2039.8
2024-02-20,1708470000,2034.3
2024-02-21,1708556400,2030.7
2024-02-22,1708642800,2049.4
2024-02-25,1708902000,2038.9
2024-02-26,1708988400,2044.1
2024-02-27,1709074800,2042.7
2024-02-28,1709161200,2054.7
2024-02-29,1709247600,2095.7
2024-03-03,1709506800,2126.3
2024-03-04,1709593200,2141.9
2024-03-05,1709679600,2158.2
2024-03-06,1709766000,2165.2
2024-03-07,1709852400,2185.5
2024-03-10,1710108000,2188.6
2024-03-11,1710194400,2166.1
2024-03-12,1710280800,2180.8
2024-03-13,1710367200,2167.5
2024-03-14,1710453600,2161.5
2024-03-17,1710712800,2164.3
2024-03-18,1710799200,2159.7
2024-03-19,1710885600,2161
2024-03-20,1710972000,2184.7
2024-03-21,1711058400,2160
2024-03-24,1711317600,2176.4
2024-03-25,1711404000,2177.2
2024-03-26,1711490400,2212.7
2024-03-27,1711576800,2238.4
2024-03-31,1711922400,2257.1
2024-04-01,1712008800,2281.8
2024-04-02,1712095200,2315
2024-04-03,1712181600,2308.5
2024-04-04,1712268000,2345.4
2024-04-07,1712527200,2351
2024-04-08,1712613600,2362.4
2024-04-09,1712700000,2348.4
2024-04-10,1712786400,2372.7
2024-04-11,1712872800,2374.1
2024-04-14,1713132000,2383
2024-04-15,1713218400,2407.8
2024-04-16,1713304800,2388.4
2024-04-17,1713391200,2398
2024-04-18,1713477600,2413.8
2024-04-21,1713736800,2346.4
2024-04-22,1713823200,2342.1
2024-04-23,1713909600,2338.4
2024-04-24,1713996000,2342.5
2024-04-25,1714082400,2347.2
2024-04-28,1714341600,2357.7
2024-04-29,1714428000,2302.9
2024-04-30,1714514400,2311
2024-05-01,1714600800,2309.6
2024-05-02,1714687200,2308.6
2024-05-05,1714946400,2331.2
2024-05-06,1715032800,2324.2
2024-05-07,1715119200,2322.3
2024-05-08,1715205600,2340.3
2024-05-09,1715292000,2375
2024-05-12,1715551200,2343
2024-05-13,1715637600,2359.9
2024-05-14,1715724000,2394.9
2024-05-15,1715810400,2385.5
2024-05-16,1715896800,2417.4
2024-05-19,1716156000,2438.5
2024-05-20,1716242400,2425.9
2024-05-21,1716328800,2392.9
2024-05-22,1716415200,2337.2
2024-05-23,1716501600,2334.5
2024-05-26,1716760800,2356.5
2024-05-28,1716933600,2341.2
2024-05-29,1717020000,2366.5
2024-05-30,1717106400,2345.8
2024-06-02,1717365600,2369.3
2024-06-03,1717452000,2347.4
2024-06-04,1717538400,2375.5
2024-06-05,1717624800,2390.9
2024-06-06,1717711200,2325
2024-06-09,1717970400,2327
2024-06-10,1718056800,2326.6
2024-06-11,1718143200,2354.8
2024-06-12,1718229600,2318
2024-06-13,1718316000,2349.1
2024-06-16,1718575200,2329
2024-06-17,1718661600,2346.9
2024-06-18,1718748000,2369
2024-06-20,1718920800,2331.2
2024-06-23,1719180000,2344.4
2024-06-24,1719266400,2330.8
2024-06-25,1719352800,2313.2
2024-06-26,1719439200,2336.6
2024-06-27,1719525600,2339.6
2024-06-30,1719784800,2338.9
2024-07-01,1719871200,2333.4
2024-07-02,1719957600,2369.4
2024-07-03,1720044000,2397.7
2024-07-07,1720389600,2363.5
2024-07-08,1720476000,2367.9
2024-07-09,1720562400,2379.7
2024-07-10,1720648800,2421.9
2024-07-11,1720735200,2420.7
2024-07-14,1720994400,2428.9
2024-07-15,1721080800,2467.8
2024-07-16,1721167200,2459.9
2024-07-17,1721253600,2456.4
2024-07-18,1721340000,2399.1
2024-07-21,1721599200,2394.7
2024-07-22,1721685600,2407.3
2024-07-23,1721772000,2415.7
2024-07-24,1721858400,2353.5
2024-07-25,1721944800,2381
2024-07-28,1722204000,2377.8
2024-07-29,1722290400,2451.9
2024-07-30,1722376800,2473
2024-07-31,1722463200,2480.8
2024-08-01,1722549600,2469.8
2024-08-04,1722808800,2444.4
2024-08-05,1722895200,2431.6
2024-08-06,1722981600,2432.4
2024-08-07,1723068000,2463.3
2024-08-08,1723154400,2473.4
2024-08-11,1723413600,2504
2024-08-12,1723500000,2507.8
2024-08-13,1723586400,2479.7
2024-08-14,1723672800,2492.4
2024-08-15,1723759200,2537.8
2024-08-18,1724018400,2541.3
2024-08-19,1724104800,2550.6
2024-08-20,1724191200,2547.5
2024-08-21,1724277600,2516.7
2024-08-22,1724364000,2546.3
2024-08-25,1724623200,2555.2
2024-08-26,1724709600,2552.9
2024-08-27,1724796000,2537.8
2024-08-28,1724882400,2560.3
2024-08-29,1724968800,2527.6
2024-09-01,1725228000,2523
2024-09-03,1725400800,2526
2024-09-04,1725487200,2543.1
2024-09-05,1725573600,2524.6
2024-09-08,1725832800,2532.7
2024-09-09,1725919200,2543.1
2024-09-10,1726005600,2542.4
2024-09-11,1726092000,2580.6
2024-09-12,1726178400,2610.7
2024-09-15,1726437600,2608.9
2024-09-16,1726524000,2592.4
2024-09-17,1726610400,2598.6
2024-09-18,1726696800,2614.6
2024-09-19,1726783200,2646.2
2024-09-22,1727042400,2652.5
2024-09-23,1727128800,2677
2024-09-24,1727215200,2684.7
2024-09-25,1727301600,2694.9
2024-09-26,1727388000,2668.1
2024-09-29,1727647200,2659.4
2024-09-30,1727733600,2690.3
2024-10-01,1727820000,2669.7
2024-10-02,1727906400,2679.2
2024-10-03,1727992800,2667.8
2024-10-06,1728252000,2666
2024-10-07,1728338400,2635.4
2024-10-08,1728424800,2626
2024-10-09,1728511200,2639.3
2024-10-10,1728597600,2676.3
2024-10-13,1728856800,2665.6
2024-10-14,1728943200,2678.9
2024-10-15,1729029600,2691.3
2024-10-16,1729116000,2707.5
2024-10-17,1729202400,2730
2024-10-20,1729461600,2738.9
2024-10-21,1729548000,2759.8
2024-10-22,1729634400,2729.4
2024-10-23,1729720800,2748.9
2024-10-24,1729807200,2754.6
2024-10-27,1730066400,2755.9
2024-10-28,1730152800,2781.1
2024-10-29,1730239200,2800.8
2024-10-30,1730325600,2749.3
2024-10-31,1730412000,2749.2
2024-11-03,1730674800,2746.2
2024-11-04,1730761200,2749.7
2024-11-05,1730847600,2676.3
2024-11-06,1730934000,2705.8
2024-11-07,1731020400,2694.8
2024-11-10,1731279600,2617.7
2024-11-11,1731366000,2606.3
2024-11-12,1731452400,2586.5
2024-11-13,1731538800,2572.9
2024-11-14,1731625200,2570.1
2024-11-17,1731884400,2614.6
2024-11-18,1731970800,2631
2024-11-19,1732057200,2651.7
2024-11-20,1732143600,2674.9
2024-11-21,1732230000,2712.2
2024-11-24,1732489200,2618.5
2024-11-25,1732575600,2621.3
2024-11-26,1732662000,2664.8
2024-11-27,1732748400,2681
2024-12-01,1733094000,2658.5
2024-12-02,1733180400,2667.9
2024-12-03,1733266800,2676.2
2024-12-04,1733353200,2648.4
2024-12-05,1733439600,2659.6
2024-12-08,1733698800,2685.8
2024-12-09,1733785200,2718.4
2024-12-10,1733871600,2756.7
2024-12-11,1733958000,2709.4
2024-12-12,1734044400,2675.8
2024-12-15,1734303600,2670
2024-12-16,1734390000,2662
2024-12-17,1734476400,2653.3
2024-12-18,1734562800,2608.1
2024-12-19,1734649200,2645.1
2024-12-22,1734908400,2628.2
2024-12-23,1734994800,2635.5
2024-12-25,1735167600,2653.9
2024-12-26,1735254000,2631.9
2024-12-29,1735513200,2618.1
2024-12-30,1735599600,2641
2025-01-01,1735772400,2669
2025-01-02,1735858800,2654.7
2025-01-05,1736118000,2647.4
2025-01-06,1736204400,2665.4
2025-01-07,1736290800,2672.4
2025-01-08,1736377200,2690.8
2025-01-09,1736463600,2715
2025-01-12,1736722800,2678.6
2025-01-13,1736809200,2682.3
2025-01-14,1736895600,2717.8
2025-01-15,1736982000,2750.9
2025-01-16,1737068400,2748.7
2025-01-19,1737327600,2759.2
2025-01-21,1737500400,2770.9
2025-01-22,1737586800,2765
2025-01-23,1737673200,2778.9
2025-01-26,1737932400,2738.4
2025-01-27,1738018800,2767.5
2025-01-28,1738105200,2769.8
2025-01-29,1738191600,2845.2
2025-01-30,1738278000,2835
2025-02-02,1738537200,2857.1
2025-02-03,1738623600,2875.8
2025-02-04,1738710000,2893
2025-02-05,1738796400,2876.7
2025-02-06,1738882800,2887.6
2025-02-09,1739142000,2934.4
2025-02-10,1739228400,2932.6
2025-02-11,1739314800,2928.7
2025-02-12,1739401200,2945.4
2025-02-13,1739487600,2900.7
2025-02-16,1739746800,2949
2025-02-18,1739919600,2936.1
2025-02-19,1740006000,2956.1
2025-02-20,1740092400,2953.2
2025-02-23,1740351600,2963.2
2025-02-24,1740438000,2918.8
2025-02-25,1740524400,2930.6
2025-02-26,1740610800,2895.9
2025-02-27,1740697200,2848.5
2025-03-02,1740956400,2901.1
2025-03-03,1741042800,2920.6
2025-03-04,1741129200,2926
2025-03-05,1741215600,2926.6
2025-03-06,1741302000,2914.1
2025-03-09,1741557600,2899.4
2025-03-10,1741644000,2920.9
2025-03-11,1741730400,2946.8
2025-03-12,1741816800,2991.3
2025-03-13,1741903200,3001.1
2025-03-16,1742162400,3006.1
2025-03-17,1742248800,3040.8
2025-03-18,1742335200,3041.2
2025-03-19,1742421600,3043.8
2025-03-20,1742508000,3021.4
2025-03-23,1742767200,3015.6
2025-03-24,1742853600,3025.9
2025-03-25,1742940000,3022.5
2025-03-26,1743026400,3061
2025-03-27,1743112800,3114.3
2025-03-30,1743372000,3150.3
2025-03-31,1743458400,3146
2025-04-01,1743544800,3166.2
2025-04-02,1743631200,3121.7
2025-04-03,1743717600,3035.4
2025-04-06,1743976800,2973.6
2025-04-07,1744063200,2990.2
2025-04-08,1744149600,3079.4
2025-04-09,1744236000,3177.5
2025-04-10,1744322400,3244.6
2025-04-13,1744581600,3226.3
2025-04-14,1744668000,3240.4
2025-04-15,1744754400,3346.4
2025-04-16,1744840800,3328.4
2025-04-20,1745186400,3425.3
2025-04-21,1745272800,3419.4
2025-04-22,1745359200,3294.1
2025-04-23,1745445600,3348.6
2025-04-24,1745532000,3298.4
2025-04-27,1745791200,3347.7
2025-04-28,1745877600,3333.6
2025-04-29,1745964000,3319.1
2025-04-30,1746050400,3222.2
2025-05-01,1746136800,3243.3
2025-05-04,1746396000,3322.3
2025-05-05,1746482400,3422.8
2025-05-06,1746568800,3391.9
2025-05-07,1746655200,3306
2025-05-08,1746741600,3344
2025-05-11,1747000800,3228
2025-05-12,1747087200,3247.8
2025-05-13,1747173600,3188.3
2025-05-14,1747260000,3226.6
2025-05-15,1747346400,3187.2
2025-05-18,1747605600,3233.5
2025-05-19,1747692000,3284.6
2025-05-20,1747778400,3313.5
2025-05-21,1747864800,3295
2025-05-22,1747951200,3365.8
2025-05-25,1748210400,3300.4
2025-05-27,1748383200,3294.9
2025-05-28,1748469600,3343.9
2025-05-29,1748556000,3315.4
2025-06-01,1748815200,3397.2
2025-06-02,1748901600,3377.1
2025-06-03,1748988000,3399.2
2025-06-04,1749074400,3375.1
2025-06-05,1749160800,3346.6
2025-06-08,1749420000,3354.9
2025-06-09,1749506400,3343.4
2025-06-10,1749592800,3343.7
2025-06-11,1749679200,3402.4
2025-06-12,1749765600,3452.8
2025-06-15,1750024800,3417.3
2025-06-16,1750111200,3406.9
2025-06-17,1750197600,3408.1
2025-06-18,1750284000,3385.7
2025-06-22,1750629600,3395
2025-06-23,1750716000,3333.9
2025-06-24,1750802400,3343.1
2025-06-25,1750888800,3348
2025-06-26,1750975200,3287.6
2025-06-29,1751234400,3307.7
2025-06-30,1751320800,3349.8
2025-07-01,1751407200,3359.7
2025-07-02,1751493600,3342.9
2025-07-03,1751580000,3342.8
2025-07-07,1751925600,3316.9
2025-07-08,1752012000,3321
2025-07-09,1752098400,3325.7
2025-07-10,1752184800,3364
2025-07-13,1752444000,3359.1
2025-07-14,1752530400,3336.7
2025-07-15,1752616800,3359.1
2025-07-16,1752703200,3345.3
2025-07-17,1752789600,3358.3
2025-07-20,1753048800,3406.4
2025-07-21,1753135200,3443.7
2025-07-22,1753221600,3397.6
2025-07-23,1753308000,3373.5
2025-07-24,1753394400,3335.6
2025-07-27,1753653600,3310
2025-07-28,1753740000,3324
2025-07-29,1753826400,3352.8
2025-07-30,1753912800,3348.6
2025-07-31,1753999200,3399.8
2025-08-03,1754258400,3426.4
2025-08-04,1754344800,3434.7
2025-08-05,1754431200,3433.4
2025-08-06,1754517600,3453.7
2025-08-07,1754604000,3491.3
2025-08-10,1754863200,3404.7
2025-08-11,1754949600,3399
2025-08-12,1755036000,3408.3
2025-08-13,1755122400,3383.2
2025-08-14,1755208800,3382.6
2025-08-17,1755468000,3378
2025-08-18,1755554400,3358.7
2025-08-19,1755640800,3388.5
2025-08-20,1755727200,3381.6
2025-08-21,1755813600,3418.5
2025-08-24,1756072800,3417.5
2025-08-25,1756159200,3433
2025-08-26,1756245600,3448.6
2025-08-27,1756332000,3474.3
2025-08-28,1756418400,3516.1
2025-08-31,1756677600,3592.2
2025-09-02,1756850400,3635.5
2025-09-03,1756936800,3606.7
2025-09-04,1757023200,3653.3
2025-09-07,1757282400,3677.4
2025-09-08,1757368800,3682.2
2025-09-09,1757455200,3682
2025-09-10,1757541600,3673.6
2025-09-11,1757628000,3686.4
2025-09-14,1757887200,3719
2025-09-15,1757973600,3725.1
2025-09-16,1758060000,3717.8
2025-09-17,1758146400,3678.3
2025-09-18,1758232800,3705.8
2025-09-21,1758492000,3775.1
2025-09-22,1758578400,3815.7
2025-09-23,1758664800,3768.1
2025-09-24,1758751200,3771.1
2025-09-25,1758837600,3809
2025-09-28,1759096800,3855.2
2025-09-29,1759183200,3873.2
2025-09-30,1759269600,3897.5
2025-10-01,1759356000,3868.1
2025-10-02,1759442400,3908.9
2025-10-05,1759701600,3976.3
2025-10-06,1759788000,4004.4
2025-10-07,1759874400,4070.5
2025-10-08,1759960800,3972.6
2025-10-09,1760047200,4000.4
2025-10-12,1760306400,4133
2025-10-13,1760392800,4163.4
2025-10-14,1760479200,4201.6
2025-10-15,1760565600,4304.6
2025-10-16,1760652000,4213.3
2025-10-19,1760911200,4359.4
2025-10-20,1760997600,4109.1
2025-10-21,1761084000,4065.4
2025-10-22,1761170400,4145.6
2025-10-23,1761256800,4137.8
2025-10-26,1761516000,4019.7
2025-10-27,1761602400,3983.1
2025-10-28,1761688800,4000.7
2025-10-29,1761775200,4015.9
2025-10-30,1761861600,3996.5
2025-11-02,1762124400,4014
2025-11-03,1762210800,3960.5
2025-11-04,1762297200,3992.9
2025-11-05,1762383600,3991
2025-11-06,1762470000,4009.8
2025-11-09,1762729200,4122
2025-11-10,1762815600,4116.3
2025-11-11,1762902000,4213.6
2025-11-12,1762988400,4194.5
2025-11-13,1763074800,4094.2
2025-11-16,1763334000,4074.5
2025-11-17,1763420400,4066.5
2025-11-18,1763506800,4082.8
2025-11-19,1763593200,4060
2025-11-20,1763679600,4079.5
2025-11-23,1763938800,4094.2
2025-11-24,1764025200,4140
2025-11-25,1764111600,4202.3
2025-11-26,1764198000,4254.9
2025-11-30,1764543600,4274.8
2025-12-01,1764630000,4220.8
2025-12-02,1764716400,4232.5
2025-12-03,1764802800,4243
2025-12-04,1764889200,4243
2025-12-07,1765148400,4217.7
2025-12-08,1765234800,4236.2
2025-12-09,1765321200,4224.7
2025-12-10,1765407600,4313
2025-12-11,1765494000,4328.3
2025-12-14,1765753200,4335.2
2025-12-15,1765839600,4332.3
2025-12-16,1765926000,4373.9
2025-12-17,1766012400,4364.5
2025-12-18,1766098800,4387.3
2025-12-21,1766358000,4469.4
2025-12-22,1766444400,4505.7
2025-12-23,1766530800,4502.8
2025-12-25,1766703600,4552.7
2025-12-28,1766962800,4343.6
2025-12-29,1767049200,4386.3
2025-12-30,1767135600,4341.1
2026-01-01,1767308400,4329.6
2026-01-04,1767567600,4451.5
2026-01-05,1767654000,4496.1
2026-01-06,1767740400,4462.5
2026-01-07,1767826800,4460.7
2026-01-08,1767913200,4500.9
2026-01-11,1768172400,4614.7
2026-01-12,1768258800,4599.1
2026-01-13,1768345200,4635.7
2026-01-14,1768431600,4623.7
2026-01-15,1768518000,4595.4
2026-01-18,1768777200,4765.8
2026-01-20,1768950000,4837.5
2026-01-21,1769036400,4913.4
2026-01-22,1769122800,4979.7
2026-01-25,1769382000,5082.5
2026-01-26,1769468400,5082.6
2026-01-27,1769554800,5303.6
2026-01-28,1769641200,5354.8
2026-01-29,1769727600,4745.1
2026-02-01,1769986800,4652.6
2026-02-02,1770073200,4935
2026-02-03,1770159600,4950.8
2026-02-04,1770246000,4889.5
2026-02-05,1770332400,4979.8
2026-02-08,1770591600,5079.4
2026-02-09,1770678000,5031
2026-02-10,1770764400,5098.5
2026-02-11,1770850800,4948.4
2026-02-12,1770937200,5046.3
2026-02-15,1771196400,4905.9
2026-02-17,1771369200,5009.5
2026-02-18,1771455600,4997.4
2026-02-19,1771542000,5080.9
2026-02-22,1771801200,5225.6
2026-02-23,1771887600,5176.3
2026-02-24,1771974000,5226.2
2026-02-25,1772060400,5194.2
2026-02-26,1772146800,5247.9
2026-03-01,1772406000,5311.6
2026-03-02,1772492400,5123.7
2026-03-03,1772578800,5134.7
2026-03-04,1772665200,5078.7
2026-03-05,1772751600,5158.7
2026-03-08,1773007200,5103.7
2026-03-09,1773093600,5242.1
2026-03-10,1773180000,5179.1
2026-03-11,1773266400,5125.8
2026-03-12,1773352800,5061.7
2026-03-15,1773612000,5002.2
2026-03-16,1773698400,5008.2
2026-03-17,1773784800,4896.2
2026-03-18,1773871200,4605.7
2026-03-19,1773957600,4574.9
2026-03-22,1774216800,4407.3
2026-03-23,1774303200,4402
2026-03-24,1774389600,4552.3
2026-03-25,1774476000,4376.3
2026-03-26,1774562400,4492.5
2026-03-29,1774821600,4557.5
2026-03-30,1774908000,4678.6
2026-03-31,1774994400,4813.1
2026-04-01,1775080800,4679.7
2026-04-05,1775426400,4684.7
2026-04-06,1775512800,4684.7
2026-04-07,1775599200,4777.2
2026-04-08,1775685600,4818
2026-04-09,1775772000,4787.4
2026-04-12,1776031200,4767.4
2026-04-13,1776117600,4850.1
2026-04-14,1776204000,4823.6
2026-04-15,1776290400,4808.3
2026-04-16,1776376800,4879.6
2026-04-19,1776636000,4828.8
2026-04-20,1776722400,4719.6
2026-04-21,1776808800,4753
2026-04-22,1776895200,4724
2026-04-23,1776981600,4740.9
2026-04-26,1777240800,4693.7
2026-04-27,1777327200,4608.4
2026-04-28,1777413600,4561.5
2026-04-29,1777500000,4629.6
2026-04-30,1777586400,4644.5
2026-05-03,1777845600,4533.3
2026-05-04,1777932000,4568.5
2026-05-05,1778018400,4694.3
2026-05-06,1778104800,4710.9
2026-05-07,1778191200,4730.7
2026-05-10,1778450400,4728.7
2026-05-11,1778536800,4686.7
2026-05-12,1778623200,4706.7
2026-05-13,1778709600,4685.3
2026-05-14,1778796000,4561.9
2026-05-17,1779055200,4558
2026-05-18,1779141600,4511.2
2026-05-19,1779228000,4535.3
2026-05-20,1779314400,4542.5
2026-05-21,1779400800,4523.2
2026-05-24,1779660000,4502.3
2026-05-26,1779832800,4448.4
2026-05-27,1779919200,4532.4
2026-05-28,1780005600,4593
2026-05-31,1780264800,4506.3
2026-06-01,1780351200,4519.9
2026-06-02,1780437600,4466.9
2026-06-03,1780524000,4505
2026-06-04,1780610400,4365.3
2026-06-07,1780869600,4363.4
2026-06-08,1780956000,4286.4
2026-06-09,1781042400,4133.3
2026-06-10,1781128800,4114
2026-06-11,1781215200,4238.8
2026-06-14,1781474400,4351.6
2026-06-15,1781560800,4354.4
2026-06-16,1781647200,4381.4
2026-06-17,1781733600,4245.9
2026-06-18,1781820000,4202.7
2026-06-22,1782165600,4149.4
2026-06-23,1782252000,4008.8
2026-06-24,1782338400,4047.6
2026-06-25,1782424800,4096.3
2026-06-28,1782684000,4038.9
2026-06-29,1782770400,4038.5
2026-06-30,1782856800,4082.4
2026-07-01,1782943200,4125.7
2026-07-02,1783029600,4167.5
2026-07-06,1783375200,4157.4
2026-07-07,1783461600,4082.4
2026-07-08,1783548000,4140.8
2026-07-09,1783634400,4113.7
2026-07-12,1783893600,4005.7
2026-07-13,1783980000,4069.7
2026-07-14,1784066400,4051.8
2026-07-15,1784152800,3992.1
2026-07-16,1784239200,4018.8
2026-07-19,1784498400,4015.9
2026-07-20,1784584800,4076.4
2026-07-21,1784671200,4151.9
2026-07-22,1784757600,4050.2
2026-07-23,1784844000,4070.8
2026-07-26,1785103200,4077
2026-07-27,1785189600,4038.7
2026-07-28,1785276000,4036.3
2026-07-29,1785362400,4160.6
2026-07-30,1785448800,4107
2026-08-02,1785708000,4090.5
2026-08-03,1785794400,4152.6
2026-08-04,1785880800,4305.2
2026-08-05,1785967200,4299.6
2026-08-06,1786053600,4399.7
2026-08-09,1786312800,4419.7
2026-08-10,1786399200,4441.1
2026-08-11,1786485600,4467.5
2026-08-12,1786572000,4420.4
2026-08-13,1786658400,4437.3
2026-08-16,1786917600,4473.7
2026-08-17,1787004000,4420.6
2026-08-18,1787090400,4545.3
2026-08-19,1787176800,4571.4
2026-08-20,1787263200,4680.6
2026-08-23,1787522400,4697.8
2026-08-24,1787608800,4694.5
2026-08-25,1787695200,4653.3
2026-08-26,1787781600,4664
2026-08-27,1787868000,4529.9
2026-08-30,1788127200,4481.5
2026-08-31,1788213600,4396.4
2026-09-01,1788300000,4414.6
2026-09-02,1788386400,4539.9
2026-09-03,1788472800,4476.6
2026-09-06,1788732000,4439
2026-09-08,1788904800,4460.7
2026-09-09,1788991200,4407.3
2026-09-10,1789077600,4408.9
2026-09-13,1789336800,4351.9
2026-09-14,1789423200,4332.8
2026-09-15,1789509600,4387.5
2026-09-16,1789596000,4399.7
2026-09-17,1789682400,4424.9
2026-09-20,1789941600,4383.9
2026-09-21,1790028000,4376.4
2026-09-22,1790114400,4318.4
2026-09-23,1790200800,4298
2026-09-24,1790287200,4321.2
2026-09-27,1790546400,4168.4
2026-09-28,1790632800,4179.7
2026-09-29,1790719200,4186.7
2026-09-30,1790805600,4202.3
2026-10-01,1790892000,4162.3
2026-10-04,1791151200,4195.1
