date,timestamp_utc,close
2006-12-03,1165186800,3.176
2006-12-04,1165273200,3.247
2006-12-05,1165359600,3.16
2006-12-06,1165446000,3.102
2006-12-07,1165532400,3.112
2006-12-10,1165791600,3.1335
2006-12-11,1165878000,3.0945
2006-12-12,1165964400,3.033
2006-12-13,1166050800,3.0575
2006-12-14,1166137200,3.0165
2006-12-17,1166396400,3.0295
2006-12-18,1166482800,3.0175
2006-12-19,1166569200,2.9545
2006-12-20,1166655600,2.8805
2006-12-21,1166742000,2.854
2006-12-25,1167087600,2.878
2006-12-26,1167174000,2.914
2006-12-27,1167260400,2.895
2006-12-28,1167346800,2.871
2007-01-02,1167778800,2.649
2007-01-03,1167865200,2.602
2007-01-04,1167951600,2.535
2007-01-07,1168210800,2.528
2007-01-08,1168297200,2.556
2007-01-09,1168383600,2.664
2007-01-10,1168470000,2.659
2007-01-11,1168556400,2.603
2007-01-15,1168902000,2.5775
2007-01-16,1168988400,2.5695
2007-01-17,1169074800,2.492
2007-01-18,1169161200,2.517
2007-01-21,1169420400,2.5295
2007-01-22,1169506800,2.5795
2007-01-23,1169593200,2.6015
2007-01-24,1169679600,2.6545
2007-01-25,1169766000,2.637
2007-01-28,1170025200,2.542
2007-01-29,1170111600,2.5615
2007-01-30,1170198000,2.5945
2007-01-31,1170284400,2.5305
2007-02-01,1170370800,2.423
2007-02-04,1170630000,2.4165
2007-02-05,1170716400,2.4965
2007-02-06,1170802800,2.455
2007-02-07,1170889200,2.4505
2007-02-08,1170975600,2.5175
2007-02-11,1171234800,2.4775
2007-02-12,1171321200,2.5845
2007-02-13,1171407600,2.577
2007-02-14,1171494000,2.664
2007-02-15,1171580400,2.6445
2007-02-18,1171839600,2.6285
2007-02-19,1171926000,2.586
2007-02-20,1172012400,2.6545
2007-02-21,1172098800,2.766
2007-02-22,1172185200,2.84
2007-02-25,1172444400,2.8555
2007-02-26,1172530800,2.825
2007-02-27,1172617200,2.752
2007-02-28,1172703600,2.7545
2007-03-01,1172790000,2.707
2007-03-04,1173049200,2.6705
2007-03-05,1173135600,2.7135
2007-03-06,1173222000,2.782
2007-03-07,1173308400,2.8335
2007-03-08,1173394800,2.784
2007-03-11,1173650400,2.849
2007-03-12,1173736800,2.8245
2007-03-13,1173823200,2.826
2007-03-14,1173909600,2.988
2007-03-15,1173996000,3.011
2007-03-18,1174255200,3.0215
2007-03-19,1174341600,3.034
2007-03-20,1174428000,3.019
2007-03-21,1174514400,3.073
2007-03-22,1174600800,3.069
2007-03-25,1174860000,3.1385
2007-03-26,1174946400,3.0575
2007-03-27,1175032800,3.0625
2007-03-28,1175119200,3.0865
2007-03-29,1175205600,3.146
2007-04-01,1175464800,3.179
2007-04-02,1175551200,3.3145
2007-04-03,1175637600,3.3875
2007-04-04,1175724000,3.377
2007-04-08,1176069600,3.506
2007-04-09,1176156000,3.526
2007-04-10,1176242400,3.5825
2007-04-11,1176328800,3.502
2007-04-12,1176415200,3.532
2007-04-15,1176674400,3.5395
2007-04-16,1176760800,3.677
2007-04-17,1176847200,3.619
2007-04-18,1176933600,3.5865
2007-04-19,1177020000,3.6105
2007-04-22,1177279200,3.6325
2007-04-23,1177365600,3.5525
2007-04-24,1177452000,3.586
2007-04-25,1177538400,3.488
2007-04-26,1177624800,3.5325
2007-04-29,1177884000,3.5565
2007-04-30,1177970400,3.6345
2007-05-01,1178056800,3.6445
2007-05-02,1178143200,3.7265
2007-05-03,1178229600,3.7585
2007-05-06,1178488800,3.7155
2007-05-07,1178575200,3.7225
2007-05-08,1178661600,3.679
2007-05-09,1178748000,3.5665
2007-05-10,1178834400,3.604
2007-05-13,1179093600,3.497
2007-05-14,1179180000,3.5375
2007-05-15,1179266400,3.4225
2007-05-16,1179352800,3.3065
2007-05-17,1179439200,3.3235
2007-05-20,1179698400,3.4005
2007-05-21,1179784800,3.3025
2007-05-22,1179871200,3.3005
2007-05-23,1179957600,3.1805
2007-05-24,1180044000,3.3205
2007-05-28,1180389600,3.32
2007-05-29,1180476000,3.3035
2007-05-30,1180562400,3.3955
2007-05-31,1180648800,3.405
2007-06-03,1180908000,3.468
2007-06-04,1180994400,3.4415
2007-06-05,1181080800,3.404
2007-06-06,1181167200,3.377
2007-06-07,1181253600,3.2575
2007-06-10,1181512800,3.356
2007-06-11,1181599200,3.287
2007-06-12,1181685600,3.313
2007-06-13,1181772000,3.3925
2007-06-14,1181858400,3.422
2007-06-17,1182117600,3.418
2007-06-18,1182204000,3.3945
2007-06-19,1182290400,3.4425
2007-06-20,1182376800,3.403
2007-06-21,1182463200,3.382
2007-06-24,1182722400,3.397
2007-06-25,1182808800,3.3135
2007-06-26,1182895200,3.357
2007-06-27,1182981600,3.4275
2007-06-28,1183068000,3.4505
2007-07-01,1183327200,3.527
2007-07-02,1183413600,3.545
2007-07-03,1183500000,3.58
2007-07-04,1183586400,3.5935
2007-07-05,1183672800,3.5945
2007-07-08,1183932000,3.6295
2007-07-09,1184018400,3.61
2007-07-10,1184104800,3.6215
2007-07-11,1184191200,3.581
2007-07-12,1184277600,3.593
2007-07-15,1184536800,3.562
2007-07-16,1184623200,3.5525
2007-07-17,1184709600,3.563
2007-07-18,1184796000,3.662
2007-07-19,1184882400,3.7055
2007-07-22,1185141600,3.6565
2007-07-23,1185228000,3.6195
2007-07-24,1185314400,3.5555
2007-07-25,1185400800,3.5225
2007-07-26,1185487200,3.547
2007-07-29,1185746400,3.5885
2007-07-30,1185832800,3.6485
2007-07-31,1185919200,3.585
2007-08-01,1186005600,3.573
2007-08-02,1186092000,3.479
2007-08-05,1186351200,3.4735
2007-08-06,1186437600,3.5065
2007-08-07,1186524000,3.439
2007-08-08,1186610400,3.361
2007-08-09,1186696800,3.3595
2007-08-12,1186956000,3.441
2007-08-13,1187042400,3.37
2007-08-14,1187128800,3.332
2007-08-15,1187215200,3.09
2007-08-16,1187301600,3.1465
2007-08-19,1187560800,3.1595
2007-08-20,1187647200,3.15
2007-08-21,1187733600,3.212
2007-08-22,1187820000,3.263
2007-08-23,1187906400,3.3375
2007-08-26,1188165600,3.3495
2007-08-27,1188252000,3.3115
2007-08-28,1188338400,3.35
2007-08-29,1188424800,3.348
2007-08-30,1188511200,3.397
2007-09-02,1188770400,3.359
2007-09-03,1188856800,3.306
2007-09-04,1188943200,3.263
2007-09-05,1189029600,3.3025
2007-09-06,1189116000,3.2515
2007-09-09,1189375200,3.256
2007-09-10,1189461600,3.3875
2007-09-11,1189548000,3.3595
2007-09-12,1189634400,3.3965
2007-09-13,1189720800,3.3925
2007-09-16,1189980000,3.42
2007-09-17,1190066400,3.448
2007-09-18,1190152800,3.5755
2007-09-19,1190239200,3.5945
2007-09-20,1190325600,3.5925
2007-09-23,1190584800,3.645
2007-09-24,1190671200,3.629
2007-09-25,1190757600,3.614
2007-09-26,1190844000,3.648
2007-09-27,1190930400,3.64
2007-09-30,1191189600,3.6915
2007-10-01,1191276000,3.711
2007-10-02,1191362400,3.7635
2007-10-03,1191448800,3.738
2007-10-04,1191535200,3.7255
2007-10-07,1191794400,3.613
2007-10-08,1191880800,3.6175
2007-10-09,1191967200,3.694
2007-10-10,1192053600,3.669
2007-10-11,1192140000,3.6525
2007-10-14,1192399200,3.686
2007-10-15,1192485600,3.641
2007-10-16,1192572000,3.596
2007-10-17,1192658400,3.5415
2007-10-18,1192744800,3.5515
2007-10-21,1193004000,3.4865
2007-10-22,1193090400,3.5135
2007-10-23,1193176800,3.4525
2007-10-24,1193263200,3.486
2007-10-25,1193349600,3.5375
2007-10-28,1193608800,3.521
2007-10-29,1193695200,3.4815
2007-10-30,1193781600,3.473
2007-10-31,1193868000,3.3625
2007-11-01,1193954400,3.325
2007-11-04,1194217200,3.302
2007-11-05,1194303600,3.3415
2007-11-06,1194390000,3.259
2007-11-07,1194476400,3.204
2007-11-08,1194562800,3.1455
2007-11-11,1194822000,3.109
2007-11-12,1194908400,3.107
2007-11-13,1194994800,3.2965
2007-11-14,1195081200,3.081
2007-11-15,1195167600,3.1615
2007-11-18,1195426800,2.9835
2007-11-19,1195513200,3.027
2007-11-20,1195599600,2.888
2007-11-21,1195686000,2.9275
2007-11-22,1195772400,2.991
2007-11-25,1196031600,3.023
2007-11-26,1196118000,2.9625
2007-11-27,1196204400,3.006
2007-11-28,1196290800,3.094
2007-11-29,1196377200,3.1845
2007-12-02,1196636400,3.0785
2007-12-03,1196722800,3.02
2007-12-04,1196809200,3.04
2007-12-05,1196895600,3.0485
2007-12-06,1196982000,3.126
2007-12-09,1197241200,3.093
2007-12-10,1197327600,3.09
2007-12-11,1197414000,3.036
2007-12-12,1197500400,2.961
2007-12-13,1197586800,2.9565
2007-12-16,1197846000,2.889
2007-12-17,1197932400,2.8845
2007-12-18,1198018800,2.958
2007-12-19,1198105200,2.9655
2007-12-20,1198191600,3.0975
2007-12-23,1198450800,3.1535
2007-12-25,1198623600,3.17
2007-12-26,1198710000,3.132
2007-12-27,1198796400,3.072
2007-12-30,1199055600,3.041
2008-01-01,1199228400,3.064
2008-01-02,1199314800,3.188
2008-01-03,1199401200,3.1575
2008-01-06,1199660400,3.141
2008-01-07,1199746800,3.2985
2008-01-08,1199833200,3.2835
2008-01-09,1199919600,3.2815
2008-01-10,1200006000,3.304
2008-01-13,1200265200,3.339
2008-01-14,1200351600,3.2415
2008-01-15,1200438000,3.1725
2008-01-16,1200524400,3.182
2008-01-17,1200610800,3.2345
2008-01-21,1200956400,3.1965
2008-01-22,1201042800,3.072
2008-01-23,1201129200,3.1715
2008-01-24,1201215600,3.184
2008-01-27,1201474800,3.1895
2008-01-28,1201561200,3.299
2008-01-29,1201647600,3.2265
2008-01-30,1201734000,3.298
2008-01-31,1201820400,3.273
2008-02-03,1202079600,3.2985
2008-02-04,1202166000,3.212
2008-02-05,1202252400,3.309
2008-02-06,1202338800,3.454
2008-02-07,1202425200,3.5395
2008-02-10,1202684400,3.5585
2008-02-11,1202770800,3.56
2008-02-12,1202857200,3.5305
2008-02-13,1202943600,3.488
2008-02-14,1203030000,3.523
2008-02-17,1203289200,3.609
2008-02-18,1203375600,3.7235
2008-02-19,1203462000,3.7085
2008-02-20,1203548400,3.8105
2008-02-21,1203634800,3.7895
2008-02-24,1203894000,3.7395
2008-02-25,1203980400,3.779
2008-02-26,1204066800,3.838
2008-02-27,1204153200,3.878
2008-02-28,1204239600,3.855
2008-03-02,1204498800,3.9285
2008-03-03,1204585200,3.8215
2008-03-04,1204671600,3.982
2008-03-05,1204758000,3.9035
2008-03-06,1204844400,3.9215
2008-03-09,1205100000,3.795
2008-03-10,1205186400,3.7855
2008-03-11,1205272800,3.837
2008-03-12,1205359200,3.825
2008-03-13,1205445600,3.828
2008-03-16,1205704800,3.685
2008-03-17,1205791200,3.7465
2008-03-18,1205877600,3.6335
2008-03-19,1205964000,3.5735
2008-03-23,1206309600,3.6225
2008-03-24,1206396000,3.6785
2008-03-25,1206482400,3.725
2008-03-26,1206568800,3.873
2008-03-27,1206655200,3.8315
2008-03-30,1206914400,3.831
2008-03-31,1207000800,3.8065
2008-04-01,1207087200,3.8775
2008-04-02,1207173600,3.9015
2008-04-03,1207260000,3.9545
2008-04-06,1207519200,3.9795
2008-04-07,1207605600,3.8905
2008-04-08,1207692000,4
2008-04-09,1207778400,3.924
2008-04-10,1207864800,3.9445
2008-04-13,1208124000,3.8965
2008-04-14,1208210400,3.859
2008-04-15,1208296800,3.958
2008-04-16,1208383200,3.912
2008-04-17,1208469600,3.888
2008-04-20,1208728800,3.866
2008-04-21,1208815200,3.9655
2008-04-22,1208901600,3.904
2008-04-23,1208988000,3.875
2008-04-24,1209074400,3.9155
2008-04-27,1209333600,3.9355
2008-04-28,1209420000,3.881
2008-04-29,1209506400,3.9045
2008-04-30,1209592800,3.6945
2008-05-01,1209679200,3.8205
2008-05-04,1209938400,3.9475
2008-05-05,1210024800,3.8785
2008-05-06,1210111200,3.834
2008-05-07,1210197600,3.7875
2008-05-08,1210284000,3.7165
2008-05-11,1210543200,3.7495
2008-05-12,1210629600,3.7315
2008-05-13,1210716000,3.681
2008-05-14,1210802400,3.7385
2008-05-15,1210888800,3.8265
2008-05-18,1211148000,3.7755
2008-05-19,1211234400,3.7765
2008-05-20,1211320800,3.7445
2008-05-21,1211407200,3.7125
2008-05-22,1211493600,3.736
2008-05-25,1211752800,3.7305
2008-05-26,1211839200,3.716
2008-05-27,1211925600,3.695
2008-05-28,1212012000,3.5585
2008-05-29,1212098400,3.606
2008-06-01,1212357600,3.5965
2008-06-02,1212444000,3.578
2008-06-03,1212530400,3.545
2008-06-04,1212616800,3.543
2008-06-05,1212703200,3.623
2008-06-08,1212962400,3.613
2008-06-09,1213048800,3.56
2008-06-10,1213135200,3.5795
2008-06-11,1213221600,3.538
2008-06-12,1213308000,3.589
2008-06-15,1213567200,3.6655
2008-06-16,1213653600,3.6495
2008-06-17,1213740000,3.7475
2008-06-18,1213826400,3.7795
2008-06-19,1213912800,3.832
2008-06-22,1214172000,3.8095
2008-06-23,1214258400,3.788
2008-06-24,1214344800,3.777
2008-06-25,1214431200,3.83
2008-06-26,1214517600,3.878
2008-06-29,1214776800,3.8825
2008-06-30,1214863200,3.9105
2008-07-01,1214949600,4.0635
2008-07-02,1215036000,3.949
2008-07-03,1215122400,3.882
2008-07-06,1215381600,3.849
2008-07-07,1215468000,3.6965
2008-07-08,1215554400,3.739
2008-07-09,1215640800,3.7185
2008-07-10,1215727200,3.74
2008-07-13,1215986400,3.752
2008-07-14,1216072800,3.7
2008-07-15,1216159200,3.6505
2008-07-16,1216245600,3.715
2008-07-17,1216332000,3.669
2008-07-20,1216591200,3.681
2008-07-21,1216677600,3.6905
2008-07-22,1216764000,3.6575
2008-07-23,1216850400,3.577
2008-07-24,1216936800,3.605
2008-07-27,1217196000,3.612
2008-07-28,1217282400,3.5905
2008-07-29,1217368800,3.646
2008-07-30,1217455200,3.6615
2008-07-31,1217541600,3.5785
2008-08-03,1217800800,3.44
2008-08-04,1217887200,3.417
2008-08-05,1217973600,3.4235
2008-08-06,1218060000,3.418
2008-08-07,1218146400,3.333
2008-08-10,1218405600,3.2915
2008-08-11,1218492000,3.2275
2008-08-12,1218578400,3.352
2008-08-13,1218664800,3.305
2008-08-14,1218751200,3.3225
2008-08-17,1219010400,3.315
2008-08-18,1219096800,3.4285
2008-08-19,1219183200,3.397
2008-08-20,1219269600,3.546
2008-08-21,1219356000,3.4725
2008-08-24,1219615200,3.4815
2008-08-25,1219701600,3.4385
2008-08-26,1219788000,3.4715
2008-08-27,1219874400,3.4005
2008-08-28,1219960800,3.387
2008-09-01,1220306400,3.273
2008-09-02,1220392800,3.312
2008-09-03,1220479200,3.266
2008-09-04,1220565600,3.0985
2008-09-07,1220824800,3.093
2008-09-08,1220911200,3.087
2008-09-09,1220997600,3.114
2008-09-10,1221084000,3.1225
2008-09-11,1221170400,3.194
2008-09-14,1221429600,3.1365
2008-09-15,1221516000,3.089
2008-09-16,1221602400,3.0425
2008-09-17,1221688800,3.066
2008-09-18,1221775200,3.1765
2008-09-21,1222034400,3.255
2008-09-22,1222120800,3.152
2008-09-23,1222207200,3.1065
2008-09-24,1222293600,3.1345
2008-09-25,1222380000,3.0745
2008-09-28,1222639200,2.9065
2008-09-29,1222725600,2.879
2008-09-30,1222812000,2.7895
2008-10-01,1222898400,2.6275
2008-10-02,1222984800,2.69
2008-10-05,1223244000,2.493
2008-10-06,1223330400,2.5345
2008-10-07,1223416800,2.355
2008-10-08,1223503200,2.406
2008-10-09,1223589600,2.1445
2008-10-12,1223848800,2.3125
2008-10-13,1223935200,2.3945
2008-10-14,1224021600,2.2105
2008-10-15,1224108000,2.0855
2008-10-16,1224194400,2.1795
2008-10-19,1224453600,2.1165
2008-10-20,1224540000,2.007
2008-10-21,1224626400,1.8655
2008-10-22,1224712800,1.8045
2008-10-23,1224799200,1.6865
2008-10-26,1225058400,1.805
2008-10-27,1225144800,1.8585
2008-10-28,1225231200,2.088
2008-10-29,1225317600,1.8905
2008-10-30,1225404000,1.829
2008-11-02,1225666800,1.84
2008-11-03,1225753200,1.958
2008-11-04,1225839600,1.819
2008-11-05,1225926000,1.7255
2008-11-06,1226012400,1.697
2008-11-09,1226271600,1.752
2008-11-10,1226358000,1.648
2008-11-11,1226444400,1.6555
2008-11-12,1226530800,1.624
2008-11-13,1226617200,1.708
2008-11-16,1226876400,1.6565
2008-11-17,1226962800,1.662
2008-11-18,1227049200,1.6015
2008-11-19,1227135600,1.5755
2008-11-20,1227222000,1.579
2008-11-23,1227481200,1.6735
2008-11-24,1227567600,1.653
2008-11-25,1227654000,1.668
2008-11-27,1227826800,1.6495
2008-11-30,1228086000,1.631
2008-12-01,1228172400,1.6005
2008-12-02,1228258800,1.5545
2008-12-03,1228345200,1.4695
2008-12-04,1228431600,1.3735
2008-12-07,1228690800,1.498
2008-12-08,1228777200,1.4435
2008-12-09,1228863600,1.4955
2008-12-10,1228950000,1.512
2008-12-11,1229036400,1.4285
2008-12-14,1229295600,1.405
2008-12-15,1229382000,1.3785
2008-12-16,1229468400,1.373
2008-12-17,1229554800,1.3015
2008-12-18,1229641200,1.3265
2008-12-21,1229900400,1.3455
2008-12-22,1229986800,1.281
2008-12-23,1230073200,1.274
2008-12-25,1230246000,1.3035
2008-12-28,1230505200,1.3115
2008-12-29,1230591600,1.3205
2008-12-30,1230678000,1.41
2009-01-01,1230850800,1.461
2009-01-04,1231110000,1.459
2009-01-05,1231196400,1.583
2009-01-06,1231282800,1.5115
2009-01-07,1231369200,1.479
2009-01-08,1231455600,1.5595
2009-01-11,1231714800,1.4885
2009-01-12,1231801200,1.547
2009-01-13,1231887600,1.4875
2009-01-14,1231974000,1.4535
2009-01-15,1232060400,1.5275
2009-01-18,1232319600,1.5045
2009-01-20,1232492400,1.4335
2009-01-21,1232578800,1.396
2009-01-22,1232665200,1.472
2009-01-25,1232924400,1.5865
2009-01-26,1233010800,1.4845
2009-01-27,1233097200,1.496
2009-01-28,1233183600,1.4575
2009-01-29,1233270000,1.4685
2009-02-01,1233529200,1.431
2009-02-02,1233615600,1.522
2009-02-03,1233702000,1.531
2009-02-04,1233788400,1.5
2009-02-05,1233874800,1.6285
2009-02-08,1234134000,1.613
2009-02-09,1234220400,1.576
2009-02-10,1234306800,1.54
2009-02-11,1234393200,1.5345
2009-02-12,1234479600,1.5385
2009-02-15,1234738800,1.423
2009-02-17,1234911600,1.436
2009-02-18,1234998000,1.471
2009-02-19,1235084400,1.416
2009-02-22,1235343600,1.437
2009-02-23,1235430000,1.487
2009-02-24,1235516400,1.5245
2009-02-25,1235602800,1.579
2009-02-26,1235689200,1.5385
2009-03-01,1235948400,1.516
2009-03-02,1236034800,1.6045
2009-03-03,1236121200,1.694
2009-03-04,1236207600,1.6535
2009-03-05,1236294000,1.689
2009-03-08,1236549600,1.6395
2009-03-09,1236636000,1.6845
2009-03-10,1236722400,1.6255
2009-03-11,1236808800,1.6245
2009-03-12,1236895200,1.6645
2009-03-15,1237154400,1.747
2009-03-16,1237240800,1.724
2009-03-17,1237327200,1.7165
2009-03-18,1237413600,1.8075
2009-03-19,1237500000,1.796
2009-03-22,1237759200,1.841
2009-03-23,1237845600,1.806
2009-03-24,1237932000,1.803
2009-03-25,1238018400,1.855
2009-03-26,1238104800,1.836
2009-03-29,1238364000,1.766
2009-03-30,1238450400,1.8445
2009-03-31,1238536800,1.849
2009-04-01,1238623200,1.89
2009-04-02,1238709600,2.0005
2009-04-05,1238968800,1.959
2009-04-06,1239055200,1.99
2009-04-07,1239141600,1.9985
2009-04-08,1239228000,2.071
2009-04-12,1239573600,2.1255
2009-04-13,1239660000,2.115
2009-04-14,1239746400,2.199
2009-04-15,1239832800,2.1695
2009-04-16,1239919200,2.194
2009-04-19,1240178400,2.1035
2009-04-20,1240264800,2.087
2009-04-21,1240351200,2.0595
2009-04-22,1240437600,1.992
2009-04-23,1240524000,2.0505
2009-04-26,1240783200,1.9865
2009-04-27,1240869600,1.916
2009-04-28,1240956000,2.005
2009-04-29,1241042400,2.0475
2009-04-30,1241128800,2.101
2009-05-03,1241388000,2.144
2009-05-04,1241474400,2.0825
2009-05-05,1241560800,2.187
2009-05-06,1241647200,2.1645
2009-05-07,1241733600,2.1455
2009-05-10,1241992800,2.0885
2009-05-11,1242079200,2.086
2009-05-12,1242165600,2.031
2009-05-13,1242252000,2.027
2009-05-14,1242338400,2.0175
2009-05-17,1242597600,2.072
2009-05-18,1242684000,2.0695
2009-05-19,1242770400,2.1065
2009-05-20,1242856800,2.051
2009-05-21,1242943200,2.0975
2009-05-24,1243202400,2.141
2009-05-26,1243375200,2.121
2009-05-27,1243461600,2.137
2009-05-28,1243548000,2.1975
2009-05-31,1243807200,2.319
2009-06-01,1243893600,2.2975
2009-06-02,1243980000,2.212
2009-06-03,1244066400,2.301
2009-06-04,1244152800,2.284
2009-06-07,1244412000,2.253
2009-06-08,1244498400,2.3655
2009-06-09,1244584800,2.367
2009-06-10,1244671200,2.445
2009-06-11,1244757600,2.3735
2009-06-14,1245016800,2.285
2009-06-15,1245103200,2.2555
2009-06-16,1245189600,2.2595
2009-06-17,1245276000,2.272
2009-06-18,1245362400,2.2505
2009-06-21,1245621600,2.132
2009-06-22,1245708000,2.1985
2009-06-23,1245794400,2.2675
2009-06-24,1245880800,2.3015
2009-06-25,1245967200,2.2935
2009-06-28,1246226400,2.326
2009-06-29,1246312800,2.272
2009-06-30,1246399200,2.3305
2009-07-01,1246485600,2.3055
2009-07-02,1246572000,2.2625
2009-07-06,1246917600,2.2255
2009-07-07,1247004000,2.159
2009-07-08,1247090400,2.2375
2009-07-09,1247176800,2.2115
2009-07-12,1247436000,2.223
2009-07-13,1247522400,2.299
2009-07-14,1247608800,2.392
2009-07-15,1247695200,2.3895
2009-07-16,1247781600,2.423
2009-07-19,1248040800,2.469
2009-07-20,1248127200,2.451
2009-07-21,1248213600,2.5255
2009-07-22,1248300000,2.524
2009-07-23,1248386400,2.522
2009-07-26,1248645600,2.545
2009-07-27,1248732000,2.5205
2009-07-28,1248818400,2.4775
2009-07-29,1248904800,2.564
2009-07-30,1248991200,2.6235
2009-08-02,1249250400,2.7385
2009-08-03,1249336800,2.7955
2009-08-04,1249423200,2.812
2009-08-05,1249509600,2.752
2009-08-06,1249596000,2.7855
2009-08-09,1249855200,2.7705
2009-08-10,1249941600,2.7365
2009-08-11,1250028000,2.8235
2009-08-12,1250114400,2.914
2009-08-13,1250200800,2.836
2009-08-16,1250460000,2.7705
2009-08-17,1250546400,2.7615
2009-08-18,1250632800,2.7605
2009-08-19,1250719200,2.7415
2009-08-20,1250805600,2.8805
2009-08-23,1251064800,2.915
2009-08-24,1251151200,2.856
2009-08-25,1251237600,2.857
2009-08-26,1251324000,2.8485
2009-08-27,1251410400,2.9505
2009-08-30,1251669600,2.8265
2009-08-31,1251756000,2.8185
2009-09-01,1251842400,2.826
2009-09-02,1251928800,2.865
2009-09-03,1252015200,2.8665
2009-09-06,1252274400,2.956
2009-09-08,1252447200,2.924
2009-09-09,1252533600,2.8765
2009-09-10,1252620000,2.8465
2009-09-13,1252879200,2.8045
2009-09-14,1252965600,2.845
2009-09-15,1253052000,2.9365
2009-09-16,1253138400,2.896
2009-09-17,1253224800,2.785
2009-09-20,1253484000,2.8055
2009-09-21,1253570400,2.8645
2009-09-22,1253656800,2.808
2009-09-23,1253743200,2.7095
2009-09-24,1253829600,2.7405
2009-09-27,1254088800,2.727
2009-09-28,1254175200,2.729
2009-09-29,1254261600,2.819
2009-09-30,1254348000,2.737
2009-10-01,1254434400,2.6815
2009-10-04,1254693600,2.727
2009-10-05,1254780000,2.7845
2009-10-06,1254866400,2.7795
2009-10-07,1254952800,2.8985
2009-10-08,1255039200,2.838
2009-10-11,1255298400,2.857
2009-10-12,1255384800,2.7945
2009-10-13,1255471200,2.8445
2009-10-14,1255557600,2.859
2009-10-15,1255644000,2.8455
2009-10-18,1255903200,2.9665
2009-10-19,1255989600,2.932
2009-10-20,1256076000,3.036
2009-10-21,1256162400,2.998
2009-10-22,1256248800,3.0345
2009-10-25,1256508000,3.011
2009-10-26,1256594400,2.999
2009-10-27,1256680800,2.9305
2009-10-28,1256767200,3.0295
2009-10-29,1256853600,2.9555
2009-11-01,1257116400,2.945
2009-11-02,1257202800,2.956
2009-11-03,1257289200,2.993
2009-11-04,1257375600,2.957
2009-11-05,1257462000,2.9525
2009-11-08,1257721200,2.9675
2009-11-09,1257807600,2.9615
2009-11-10,1257894000,2.966
2009-11-11,1257980400,2.9475
2009-11-12,1258066800,2.9725
2009-11-15,1258326000,3.1035
2009-11-16,1258412400,3.1085
2009-11-17,1258498800,3.1105
2009-11-18,1258585200,3.081
2009-11-19,1258671600,3.108
2009-11-22,1258930800,3.1355
2009-11-23,1259017200,3.1135
2009-11-24,1259103600,3.165
2009-11-25,1259190000,3.1255
2009-11-29,1259535600,3.177
2009-11-30,1259622000,3.231
2009-12-01,1259708400,3.2585
2009-12-02,1259794800,3.245
2009-12-03,1259881200,3.2375
2009-12-06,1260140400,3.209
2009-12-07,1260226800,3.165
2009-12-08,1260313200,3.1235
2009-12-09,1260399600,3.103
2009-12-10,1260486000,3.133
2009-12-13,1260745200,3.152
2009-12-14,1260831600,3.1415
2009-12-15,1260918000,3.2055
2009-12-16,1261004400,3.128
2009-12-17,1261090800,3.1385
2009-12-20,1261350000,3.1585
2009-12-21,1261436400,3.138
2009-12-22,1261522800,3.2035
2009-12-23,1261609200,3.2925
2009-12-27,1261954800,3.3365
2009-12-28,1262041200,3.3135
2009-12-29,1262127600,3.345
2009-12-30,1262214000,3.3465
2010-01-03,1262559600,3.406
2010-01-04,1262646000,3.4135
2010-01-05,1262732400,3.4945
2010-01-06,1262818800,3.427
2010-01-07,1262905200,3.4005
2010-01-10,1263164400,3.441
2010-01-11,1263250800,3.3495
2010-01-12,1263337200,3.4
2010-01-13,1263423600,3.3875
2010-01-14,1263510000,3.366
2010-01-17,1263769200,3.447
2010-01-19,1263942000,3.355
2010-01-20,1264028400,3.295
2010-01-21,1264114800,3.347
2010-01-24,1264374000,3.393
2010-01-25,1264460400,3.3395
2010-01-26,1264546800,3.2225
2010-01-27,1264633200,3.098
2010-01-28,1264719600,3.0525
2010-01-31,1264978800,3.0835
2010-02-01,1265065200,3.0895
2010-02-02,1265151600,2.9735
2010-02-03,1265238000,2.879
2010-02-04,1265324400,2.8575
2010-02-07,1265583600,2.913
2010-02-08,1265670000,2.987
2010-02-09,1265756400,2.989
2010-02-10,1265842800,3.1335
2010-02-11,1265929200,3.0825
2010-02-14,1266188400,3.2215
2010-02-16,1266361200,3.2395
2010-02-17,1266447600,3.2855
2010-02-18,1266534000,3.357
2010-02-21,1266793200,3.3065
2010-02-22,1266879600,3.216
2010-02-23,1266966000,3.236
2010-02-24,1267052400,3.21
2010-02-25,1267138800,3.284
2010-02-28,1267398000,3.35
2010-03-01,1267484400,3.4115
2010-03-02,1267570800,3.435
2010-03-03,1267657200,3.3755
2010-03-04,1267743600,3.4175
2010-03-07,1268002800,3.4105
2010-03-08,1268089200,3.4115
2010-03-09,1268175600,3.368
2010-03-10,1268262000,3.377
2010-03-11,1268348400,3.38
2010-03-14,1268604000,3.315
2010-03-15,1268690400,3.365
2010-03-16,1268776800,3.418
2010-03-17,1268863200,3.3955
2010-03-18,1268949600,3.3725
2010-03-21,1269208800,3.3805
2010-03-22,1269295200,3.379
2010-03-23,1269381600,3.3455
2010-03-24,1269468000,3.3805
2010-03-25,1269554400,3.403
2010-03-28,1269813600,3.5355
2010-03-29,1269900000,3.5635
2010-03-30,1269986400,3.5535
2010-03-31,1270072800,3.584
2010-04-04,1270418400,3.6315
2010-04-05,1270504800,3.617
2010-04-06,1270591200,3.5975
2010-04-07,1270677600,3.5865
2010-04-08,1270764000,3.59
2010-04-11,1271023200,3.5645
2010-04-12,1271109600,3.6005
2010-04-13,1271196000,3.6105
2010-04-14,1271282400,3.6005
2010-04-15,1271368800,3.5145
2010-04-18,1271628000,3.497
2010-04-19,1271714400,3.5135
2010-04-20,1271800800,3.535
2010-04-21,1271887200,3.4865
2010-04-22,1271973600,3.513
2010-04-25,1272232800,3.528
2010-04-26,1272319200,3.3635
2010-04-27,1272405600,3.3685
2010-04-28,1272492000,3.3505
2010-04-29,1272578400,3.3535
2010-05-02,1272837600,3.2935
2010-05-03,1272924000,3.1785
2010-05-04,1273010400,3.1515
2010-05-05,1273096800,3.117
2010-05-06,1273183200,3.1445
2010-05-09,1273442400,3.228
2010-05-10,1273528800,3.2065
2010-05-11,1273615200,3.188
2010-05-12,1273701600,3.2315
2010-05-13,1273788000,3.134
2010-05-16,1274047200,2.932
2010-05-17,1274133600,3.031
2010-05-18,1274220000,2.9595
2010-05-19,1274306400,2.9445
2010-05-20,1274392800,3.061
2010-05-23,1274652000,3.1475
2010-05-24,1274738400,3.042
2010-05-25,1274824800,3.0805
2010-05-26,1274911200,3.1585
2010-05-27,1274997600,3.1045
2010-05-30,1275256800,3.063
2010-06-01,1275429600,3.0405
2010-06-02,1275516000,2.9465
2010-06-03,1275602400,2.8195
2010-06-06,1275861600,2.766
2010-06-07,1275948000,2.7795
2010-06-08,1276034400,2.85
2010-06-09,1276120800,2.8625
2010-06-10,1276207200,2.904
2010-06-13,1276466400,2.992
2010-06-14,1276552800,3.0045
2010-06-15,1276639200,2.9955
2010-06-16,1276725600,2.9055
2010-06-17,1276812000,2.884
2010-06-20,1277071200,2.942
2010-06-21,1277157600,2.992
2010-06-22,1277244000,2.9355
2010-06-23,1277330400,3.0055
2010-06-24,1277416800,3.0955
2010-06-27,1277676000,3.0715
2010-06-28,1277762400,2.9305
2010-06-29,1277848800,2.9505
2010-06-30,1277935200,2.877
2010-07-01,1278021600,2.916
2010-07-04,1278280800,2.971
2010-07-06,1278453600,3.015
2010-07-07,1278540000,3.0155
2010-07-08,1278626400,3.0535
2010-07-11,1278885600,3.009
2010-07-12,1278972000,3.0175
2010-07-13,1279058400,3.0085
2010-07-14,1279144800,3.012
2010-07-15,1279231200,2.9295
2010-07-18,1279490400,2.938
2010-07-19,1279576800,3.0015
2010-07-20,1279663200,3.093
2010-07-21,1279749600,3.1645
2010-07-22,1279836000,3.185
2010-07-25,1280095200,3.223
2010-07-26,1280181600,3.2065
2010-07-27,1280268000,3.2455
2010-07-28,1280354400,3.29
2010-07-29,1280440800,3.3115
2010-08-01,1280700000,3.3895
2010-08-02,1280786400,3.3585
2010-08-03,1280872800,3.4045
2010-08-04,1280959200,3.3535
2010-08-05,1281045600,3.343
2010-08-08,1281304800,3.354
2010-08-09,1281391200,3.3125
2010-08-10,1281477600,3.254
2010-08-11,1281564000,3.284
2010-08-12,1281650400,3.252
2010-08-15,1281909600,3.2795
2010-08-16,1281996000,3.3385
2010-08-17,1282082400,3.3495
2010-08-18,1282168800,3.3185
2010-08-19,1282255200,3.291
2010-08-22,1282514400,3.2915
2010-08-23,1282600800,3.241
2010-08-24,1282687200,3.211
2010-08-25,1282773600,3.3045
2010-08-26,1282860000,3.363
2010-08-29,1283119200,3.4295
2010-08-30,1283205600,3.37
2010-08-31,1283292000,3.4775
2010-09-01,1283378400,3.4955
2010-09-02,1283464800,3.5
2010-09-05,1283724000,3.4705
2010-09-07,1283896800,3.5005
2010-09-08,1283983200,3.4435
2010-09-09,1284069600,3.4065
2010-09-12,1284328800,3.479
2010-09-13,1284415200,3.4685
2010-09-14,1284501600,3.4665
2010-09-15,1284588000,3.4935
2010-09-16,1284674400,3.522
2010-09-19,1284933600,3.5045
2010-09-20,1285020000,3.481
2010-09-21,1285106400,3.565
2010-09-22,1285192800,3.5905
2010-09-23,1285279200,3.618
2010-09-26,1285538400,3.597
2010-09-27,1285624800,3.637
2010-09-28,1285711200,3.6615
2010-09-29,1285797600,3.6515
2010-09-30,1285884000,3.6905
2010-10-03,1286143200,3.664
2010-10-04,1286229600,3.7265
2010-10-05,1286316000,3.753
2010-10-06,1286402400,3.6795
2010-10-07,1286488800,3.7745
2010-10-10,1286748000,3.7895
2010-10-11,1286834400,3.7895
2010-10-12,1286920800,3.8205
2010-10-13,1287007200,3.8155
2010-10-14,1287093600,3.839
2010-10-17,1287352800,3.855
2010-10-18,1287439200,3.7575
2010-10-19,1287525600,3.7935
2010-10-20,1287612000,3.7815
2010-10-21,1287698400,3.797
2010-10-24,1287957600,3.863
2010-10-25,1288044000,3.869
2010-10-26,1288130400,3.7755
2010-10-27,1288216800,3.7875
2010-10-28,1288303200,3.7335
2010-10-31,1288562400,3.785
2010-11-01,1288648800,3.839
2010-11-02,1288735200,3.785
2010-11-03,1288821600,3.912
2010-11-04,1288908000,3.9485
2010-11-07,1289170800,3.9565
2010-11-08,1289257200,4.043
2010-11-09,1289343600,3.969
2010-11-10,1289430000,4.0225
2010-11-11,1289516400,3.8935
2010-11-14,1289775600,3.925
2010-11-15,1289862000,3.7275
2010-11-16,1289948400,3.7295
2010-11-17,1290034800,3.831
2010-11-18,1290121200,3.8335
2010-11-21,1290380400,3.7515
2010-11-22,1290466800,3.7025
2010-11-23,1290553200,3.7555
2010-11-24,1290639600,3.751
2010-11-28,1290985200,3.7675
2010-11-29,1291071600,3.8255
2010-11-30,1291158000,3.9475
2010-12-01,1291244400,3.979
2010-12-02,1291330800,3.999
2010-12-05,1291590000,4.008
2010-12-06,1291676400,4.0495
2010-12-07,1291762800,4.1005
2010-12-08,1291849200,4.087
2010-12-09,1291935600,4.112
2010-12-12,1292194800,4.207
2010-12-13,1292281200,4.209
2010-12-14,1292367600,4.1325
2010-12-15,1292454000,4.116
2010-12-16,1292540400,4.159
2010-12-19,1292799600,4.206
2010-12-20,1292886000,4.276
2010-12-21,1292972400,4.275
2010-12-22,1293058800,4.2585
2010-12-26,1293404400,4.28
2010-12-27,1293490800,4.328
2010-12-28,1293577200,4.3115
2010-12-29,1293663600,4.3625
2010-12-30,1293750000,4.447
2011-01-02,1294009200,4.4575
2011-01-03,1294095600,4.369
2011-01-04,1294182000,4.408
2011-01-05,1294268400,4.3295
2011-01-06,1294354800,4.2825
2011-01-09,1294614000,4.2645
2011-01-10,1294700400,4.349
2011-01-11,1294786800,4.4115
2011-01-12,1294873200,4.377
2011-01-13,1294959600,4.412
2011-01-16,1295218800,4.428
2011-01-18,1295391600,4.37
2011-01-19,1295478000,4.272
2011-01-20,1295564400,4.309
2011-01-23,1295823600,4.3485
2011-01-24,1295910000,4.226
2011-01-25,1295996400,4.267
2011-01-26,1296082800,4.3385
2011-01-27,1296169200,4.373
2011-01-30,1296428400,4.4585
2011-01-31,1296514800,4.547
2011-02-01,1296601200,4.544
2011-02-02,1296687600,4.5445
2011-02-03,1296774000,4.5795
2011-02-06,1297033200,4.575
2011-02-07,1297119600,4.574
2011-02-08,1297206000,4.524
2011-02-09,1297292400,4.5435
2011-02-10,1297378800,4.536
2011-02-13,1297638000,4.6285
2011-02-14,1297724400,4.536
2011-02-15,1297810800,4.47
2011-02-16,1297897200,4.484
2011-02-17,1297983600,4.482
2011-02-20,1298242800,4.347
2011-02-22,1298415600,4.2755
2011-02-23,1298502000,4.3265
2011-02-24,1298588400,4.455
2011-02-27,1298847600,4.4965
2011-02-28,1298934000,4.5095
2011-03-01,1299020400,4.498
2011-03-02,1299106800,4.49
2011-03-03,1299193200,4.4855
2011-03-06,1299452400,4.327
2011-03-07,1299538800,4.3385
2011-03-08,1299625200,4.2125
2011-03-09,1299711600,4.1975
2011-03-10,1299798000,4.2075
2011-03-13,1300053600,4.1865
2011-03-14,1300140000,4.137
2011-03-15,1300226400,4.1975
2011-03-16,1300312800,4.344
2011-03-17,1300399200,4.339
2011-03-20,1300658400,4.286
2011-03-21,1300744800,4.313
2011-03-22,1300831200,4.4285
2011-03-23,1300917600,4.4245
2011-03-24,1301004000,4.419
2011-03-27,1301263200,4.35
2011-03-28,1301349600,4.3465
2011-03-29,1301436000,4.274
2011-03-30,1301522400,4.3075
2011-03-31,1301608800,4.2585
2011-04-03,1301868000,4.255
2011-04-04,1301954400,4.2645
2011-04-05,1302040800,4.37
2011-04-06,1302127200,4.4165
2011-04-07,1302213600,4.5015
2011-04-10,1302472800,4.46
2011-04-11,1302559200,4.3835
2011-04-12,1302645600,4.2945
2011-04-13,1302732000,4.284
2011-04-14,1302818400,4.2575
2011-04-17,1303077600,4.198
2011-04-18,1303164000,4.2295
2011-04-19,1303250400,4.3395
2011-04-20,1303336800,4.4
2011-04-24,1303682400,4.303
2011-04-25,1303768800,4.319
2011-04-26,1303855200,4.228
2011-04-27,1303941600,4.2615
2011-04-28,1304028000,4.179
2011-05-01,1304287200,4.196
2011-05-02,1304373600,4.253
2011-05-03,1304460000,4.134
2011-05-04,1304546400,3.998
2011-05-05,1304632800,3.9755
2011-05-08,1304892000,4.0165
2011-05-09,1304978400,4.042
2011-05-10,1305064800,3.9135
2011-05-11,1305151200,3.9705
2011-05-12,1305237600,3.9835
2011-05-15,1305496800,3.9905
2011-05-16,1305583200,3.9985
2011-05-17,1305669600,4.105
2011-05-18,1305756000,4.0525
2011-05-19,1305842400,4.1215
2011-05-22,1306101600,3.9915
2011-05-23,1306188000,4.013
2011-05-24,1306274400,4.107
2011-05-25,1306360800,4.111
2011-05-26,1306447200,4.186
2011-05-29,1306706400,4.1775
2011-05-31,1306879200,4.1065
2011-06-01,1306965600,4.0845
2011-06-02,1307052000,4.1345
2011-06-05,1307311200,4.142
2011-06-06,1307397600,4.1495
2011-06-07,1307484000,4.1085
2011-06-08,1307570400,4.1075
2011-06-09,1307656800,4.056
2011-06-12,1307916000,4.0345
2011-06-13,1308002400,4.155
2011-06-14,1308088800,4.122
2011-06-15,1308175200,4.1175
2011-06-16,1308261600,4.102
2011-06-19,1308520800,4.0735
2011-06-20,1308607200,4.0885
2011-06-21,1308693600,4.088
2011-06-22,1308780000,4.039
2011-06-23,1308866400,4.0985
2011-06-26,1309125600,4.0515
2011-06-27,1309212000,4.092
2011-06-28,1309298400,4.224
2011-06-29,1309384800,4.2825
2011-06-30,1309471200,4.3025
2011-07-03,1309730400,4.3475
2011-07-05,1309903200,4.335
2011-07-06,1309989600,4.442
2011-07-07,1310076000,4.412
2011-07-10,1310335200,4.368
2011-07-11,1310421600,4.3915
2011-07-12,1310508000,4.4035
2011-07-13,1310594400,4.38
2011-07-14,1310680800,4.413
2011-07-17,1310940000,4.403
2011-07-18,1311026400,4.468
2011-07-19,1311112800,4.436
2011-07-20,1311199200,4.3835
2011-07-21,1311285600,4.41
2011-07-24,1311544800,4.4065
2011-07-25,1311631200,4.478
2011-07-26,1311717600,4.4465
2011-07-27,1311804000,4.4695
2011-07-28,1311890400,4.4795
2011-07-31,1312149600,4.41
2011-08-01,1312236000,4.395
2011-08-02,1312322400,4.326
2011-08-03,1312408800,4.2355
2011-08-04,1312495200,4.117
2011-08-07,1312754400,3.9615
2011-08-08,1312840800,3.97
2011-08-09,1312927200,3.8885
2011-08-10,1313013600,4.0085
2011-08-11,1313100000,4.012
2011-08-14,1313359200,4.032
2011-08-15,1313445600,3.994
2011-08-16,1313532000,4.032
2011-08-17,1313618400,3.966
2011-08-18,1313704800,3.9835
2011-08-21,1313964000,3.9555
2011-08-22,1314050400,3.996
2011-08-23,1314136800,3.998
2011-08-24,1314223200,4.079
2011-08-25,1314309600,4.099
2011-08-28,1314568800,4.089
2011-08-29,1314655200,4.1415
2011-08-30,1314741600,4.2045
2011-08-31,1314828000,4.1605
2011-09-01,1314914400,4.1245
2011-09-04,1315173600,4.056
2011-09-06,1315346400,4.132
2011-09-07,1315432800,4.1435
2011-09-08,1315519200,4.0025
2011-09-11,1315778400,3.9655
2011-09-12,1315864800,3.97
2011-09-13,1315951200,3.898
2011-09-14,1316037600,3.957
2011-09-15,1316124000,3.9315
2011-09-18,1316383200,3.7825
2011-09-19,1316469600,3.7255
2011-09-20,1316556000,3.764
2011-09-21,1316642400,3.4885
2011-09-22,1316728800,3.28
2011-09-25,1316988000,3.283
2011-09-26,1317074400,3.4395
2011-09-27,1317160800,3.2465
2011-09-28,1317247200,3.246
2011-09-29,1317333600,3.152
2011-10-02,1317592800,3.1505
2011-10-03,1317679200,3.1035
2011-10-04,1317765600,3.106
2011-10-05,1317852000,3.2465
2011-10-06,1317938400,3.2735
2011-10-09,1318197600,3.368
2011-10-10,1318284000,3.2905
2011-10-11,1318370400,3.3935
2011-10-12,1318456800,3.307
2011-10-13,1318543200,3.4085
2011-10-16,1318802400,3.378
2011-10-17,1318888800,3.36
2011-10-18,1318975200,3.258
2011-10-19,1319061600,3.0575
2011-10-20,1319148000,3.223
2011-10-23,1319407200,3.449
2011-10-24,1319493600,3.4205
2011-10-25,1319580000,3.49
2011-10-26,1319666400,3.692
2011-10-27,1319752800,3.706
2011-10-30,1320012000,3.632
2011-10-31,1320098400,3.5025
2011-11-01,1320184800,3.581
2011-11-02,1320271200,3.5885
2011-11-03,1320357600,3.5645
2011-11-06,1320620400,3.5355
2011-11-07,1320706800,3.533
2011-11-08,1320793200,3.441
2011-11-09,1320879600,3.374
2011-11-10,1320966000,3.4635
2011-11-13,1321225200,3.488
2011-11-14,1321311600,3.5015
2011-11-15,1321398000,3.4845
2011-11-16,1321484400,3.3825
2011-11-17,1321570800,3.402
2011-11-20,1321830000,3.303
2011-11-21,1321916400,3.333
2011-11-22,1322002800,3.279
2011-11-23,1322089200,3.27
2011-11-27,1322434800,3.3605
2011-11-28,1322521200,3.3905
2011-11-29,1322607600,3.5755
2011-11-30,1322694000,3.534
2011-12-01,1322780400,3.5845
2011-12-04,1323039600,3.6155
2011-12-05,1323126000,3.5755
2011-12-06,1323212400,3.556
2011-12-07,1323298800,3.5
2011-12-08,1323385200,3.5575
2011-12-11,1323644400,3.464
2011-12-12,1323730800,3.4415
2011-12-13,1323817200,3.2785
2011-12-14,1323903600,3.267
2011-12-15,1323990000,3.331
2011-12-18,1324249200,3.3085
2011-12-19,1324335600,3.3695
2011-12-20,1324422000,3.3945
2011-12-21,1324508400,3.4155
2011-12-22,1324594800,3.4695
2011-12-26,1324940400,3.409
2011-12-27,1325026800,3.3655
2011-12-28,1325113200,3.37
2011-12-29,1325199600,3.436
2012-01-02,1325545200,3.5285
2012-01-03,1325631600,3.4345
2012-01-04,1325718000,3.4265
2012-01-05,1325804400,3.435
2012-01-08,1326063600,3.416
2012-01-09,1326150000,3.513
2012-01-10,1326236400,3.546
2012-01-11,1326322800,3.649
2012-01-12,1326409200,3.637
2012-01-15,1326668400,3.7295
2012-01-17,1326841200,3.7525
2012-01-18,1326927600,3.8005
2012-01-19,1327014000,3.745
2012-01-22,1327273200,3.7985
2012-01-23,1327359600,3.8075
2012-01-24,1327446000,3.8295
2012-01-25,1327532400,3.9015
2012-01-26,1327618800,3.889
2012-01-29,1327878000,3.8265
2012-01-30,1327964400,3.79
2012-01-31,1328050800,3.842
2012-02-01,1328137200,3.781
2012-02-02,1328223600,3.9015
2012-02-05,1328482800,3.8645
2012-02-06,1328569200,3.876
2012-02-07,1328655600,3.9095
2012-02-08,1328742000,3.9785
2012-02-09,1328828400,3.862
2012-02-12,1329087600,3.8395
2012-02-13,1329174000,3.8145
2012-02-14,1329260400,3.8015
2012-02-15,1329346800,3.791
2012-02-16,1329433200,3.708
2012-02-19,1329692400,3.8365
2012-02-21,1329865200,3.8335
2012-02-22,1329951600,3.806
2012-02-23,1330038000,3.863
2012-02-26,1330297200,3.8805
2012-02-27,1330383600,3.9215
2012-02-28,1330470000,3.8795
2012-02-29,1330556400,3.9315
2012-03-01,1330642800,3.903
2012-03-04,1330902000,3.8595
2012-03-05,1330988400,3.7375
2012-03-06,1331074800,3.767
2012-03-07,1331161200,3.7915
2012-03-08,1331247600,3.8585
2012-03-11,1331503200,3.8375
2012-03-12,1331589600,3.9025
2012-03-13,1331676000,3.848
2012-03-14,1331762400,3.8975
2012-03-15,1331848800,3.878
2012-03-18,1332108000,3.909
2012-03-19,1332194400,3.8305
2012-03-20,1332280800,3.8455
2012-03-21,1332367200,3.7655
2012-03-22,1332453600,3.8085
2012-03-25,1332712800,3.8875
2012-03-26,1332799200,3.88
2012-03-27,1332885600,3.7925
2012-03-28,1332972000,3.7965
2012-03-29,1333058400,3.825
2012-04-01,1333317600,3.921
2012-04-02,1333404000,3.919
2012-04-03,1333490400,3.7905
2012-04-04,1333576800,3.7955
2012-04-08,1333922400,3.72
2012-04-09,1334008800,3.65
2012-04-10,1334095200,3.6395
2012-04-11,1334181600,3.7205
2012-04-12,1334268000,3.627
2012-04-15,1334527200,3.628
2012-04-16,1334613600,3.647
2012-04-17,1334700000,3.631
2012-04-18,1334786400,3.6275
2012-04-19,1334872800,3.698
2012-04-22,1335132000,3.626
2012-04-23,1335218400,3.6725
2012-04-24,1335304800,3.7
2012-04-25,1335391200,3.767
2012-04-26,1335477600,3.825
2012-04-29,1335736800,3.8295
2012-04-30,1335823200,3.8435
2012-05-01,1335909600,3.787
2012-05-02,1335996000,3.736
2012-05-03,1336082400,3.721
2012-05-06,1336341600,3.7735
2012-05-07,1336428000,3.6775
2012-05-08,1336514400,3.6595
2012-05-09,1336600800,3.6905
2012-05-10,1336687200,3.648
2012-05-13,1336946400,3.554
2012-05-14,1337032800,3.5175
2012-05-15,1337119200,3.478
2012-05-16,1337205600,3.479
2012-05-17,1337292000,3.4685
2012-05-20,1337551200,3.502
2012-05-21,1337637600,3.487
2012-05-22,1337724000,3.396
2012-05-23,1337810400,3.4285
2012-05-24,1337896800,3.448
2012-05-27,1338156000,3.462
2012-05-29,1338328800,3.39
2012-05-30,1338415200,3.3655
2012-05-31,1338501600,3.3135
2012-06-03,1338760800,3.307
2012-06-04,1338847200,3.289
2012-06-05,1338933600,3.379
2012-06-06,1339020000,3.3705
2012-06-07,1339106400,3.285
2012-06-10,1339365600,3.343
2012-06-11,1339452000,3.3355
2012-06-12,1339538400,3.3395
2012-06-13,1339624800,3.3545
2012-06-14,1339711200,3.3835
2012-06-17,1339970400,3.3955
2012-06-18,1340056800,3.4335
2012-06-19,1340143200,3.3875
2012-06-20,1340229600,3.298
2012-06-21,1340316000,3.306
2012-06-24,1340575200,3.316
2012-06-25,1340661600,3.313
2012-06-26,1340748000,3.3495
2012-06-27,1340834400,3.3315
2012-06-28,1340920800,3.4965
2012-07-01,1341180000,3.469
2012-07-02,1341266400,3.54
2012-07-03,1341352800,3.493
2012-07-05,1341525600,3.4095
2012-07-08,1341784800,3.4315
2012-07-09,1341871200,3.398
2012-07-10,1341957600,3.4475
2012-07-11,1342044000,3.415
2012-07-12,1342130400,3.504
2012-07-15,1342389600,3.485
2012-07-16,1342476000,3.4555
2012-07-17,1342562400,3.474
2012-07-18,1342648800,3.5345
2012-07-19,1342735200,3.448
2012-07-22,1342994400,3.38
2012-07-23,1343080800,3.353
2012-07-24,1343167200,3.3745
2012-07-25,1343253600,3.3935
2012-07-26,1343340000,3.426
2012-07-29,1343599200,3.416
2012-07-30,1343685600,3.4175
2012-07-31,1343772000,3.375
2012-08-01,1343858400,3.2905
2012-08-02,1343944800,3.3675
2012-08-05,1344204000,3.389
2012-08-06,1344290400,3.4405
2012-08-07,1344376800,3.4215
2012-08-08,1344463200,3.425
2012-08-09,1344549600,3.3925
2012-08-12,1344808800,3.3535
2012-08-13,1344895200,3.359
2012-08-14,1344981600,3.3495
2012-08-15,1345068000,3.3825
2012-08-16,1345154400,3.4195
2012-08-19,1345413600,3.371
2012-08-20,1345500000,3.453
2012-08-21,1345586400,3.4545
2012-08-22,1345672800,3.4925
2012-08-23,1345759200,3.4835
2012-08-26,1346018400,3.4765
2012-08-27,1346104800,3.4625
2012-08-28,1346191200,3.4425
2012-08-29,1346277600,3.447
2012-08-30,1346364000,3.457
2012-09-02,1346623200,3.469
2012-09-04,1346796000,3.529
2012-09-05,1346882400,3.5165
2012-09-06,1346968800,3.645
2012-09-09,1347228000,3.6885
2012-09-10,1347314400,3.697
2012-09-11,1347400800,3.6925
2012-09-12,1347487200,3.71
2012-09-13,1347573600,3.8325
2012-09-16,1347832800,3.792
2012-09-17,1347919200,3.787
2012-09-18,1348005600,3.814
2012-09-19,1348092000,3.759
2012-09-20,1348178400,3.789
2012-09-23,1348437600,3.7315
2012-09-24,1348524000,3.7585
2012-09-25,1348610400,3.71
2012-09-26,1348696800,3.744
2012-09-27,1348783200,3.758
2012-09-30,1349042400,3.7855
2012-10-01,1349128800,3.801
2012-10-02,1349215200,3.784
2012-10-03,1349301600,3.786
2012-10-04,1349388000,3.778
2012-10-07,1349647200,3.718
2012-10-08,1349733600,3.718
2012-10-09,1349820000,3.718
2012-10-10,1349906400,3.7515
2012-10-11,1349992800,3.703
2012-10-14,1350252000,3.7015
2012-10-15,1350338400,3.7
2012-10-16,1350424800,3.748
2012-10-17,1350511200,3.743
2012-10-18,1350597600,3.6375
2012-10-21,1350856800,3.622
2012-10-22,1350943200,3.5695
2012-10-23,1351029600,3.568
2012-10-24,1351116000,3.5505
2012-10-25,1351202400,3.55
2012-10-28,1351461600,3.4945
2012-10-29,1351548000,3.506
2012-10-30,1351634400,3.5175
2012-10-31,1351720800,3.552
2012-11-01,1351807200,3.4815
2012-11-04,1352070000,3.47
2012-11-05,1352156400,3.506
2012-11-06,1352242800,3.4415
2012-11-07,1352329200,3.4695
2012-11-08,1352415600,3.4455
2012-11-11,1352674800,3.468
2012-11-12,1352761200,3.471
2012-11-13,1352847600,3.4535
2012-11-14,1352934000,3.4625
2012-11-15,1353020400,3.4515
2012-11-18,1353279600,3.5275
2012-11-19,1353366000,3.5165
2012-11-20,1353452400,3.496
2012-11-21,1353538800,3.528
2012-11-25,1353884400,3.5365
2012-11-26,1353970800,3.5365
2012-11-27,1354057200,3.5245
2012-11-28,1354143600,3.6055
2012-11-29,1354230000,3.65
2012-12-02,1354489200,3.6585
2012-12-03,1354575600,3.6555
2012-12-04,1354662000,3.6865
2012-12-05,1354748400,3.6445
2012-12-06,1354834800,3.663
2012-12-09,1355094000,3.706
2012-12-10,1355180400,3.6865
2012-12-11,1355266800,3.716
2012-12-12,1355353200,3.66
2012-12-13,1355439600,3.683
2012-12-16,1355698800,3.666
2012-12-17,1355785200,3.6535
2012-12-18,1355871600,3.6055
2012-12-19,1355958000,3.536
2012-12-20,1356044400,3.567
2012-12-23,1356303600,3.546
2012-12-25,1356476400,3.5975
2012-12-26,1356562800,3.601
2012-12-27,1356649200,3.5895
2012-12-30,1356908400,3.6525
2013-01-01,1357081200,3.736
2013-01-02,1357167600,3.717
2013-01-03,1357254000,3.6935
2013-01-06,1357513200,3.678
2013-01-07,1357599600,3.672
2013-01-08,1357686000,3.6705
2013-01-09,1357772400,3.709
2013-01-10,1357858800,3.654
2013-01-13,1358118000,3.634
2013-01-14,1358204400,3.6375
2013-01-15,1358290800,3.6065
2013-01-16,1358377200,3.662
2013-01-17,1358463600,3.679
2013-01-20,1358722800,3.705
2013-01-22,1358895600,3.6845
2013-01-23,1358982000,3.6765
2013-01-24,1359068400,3.652
2013-01-27,1359327600,3.6615
2013-01-28,1359414000,3.6915
2013-01-29,1359500400,3.75
2013-01-30,1359586800,3.732
2013-01-31,1359673200,3.7845
2013-02-03,1359932400,3.7685
2013-02-04,1360018800,3.77
2013-02-05,1360105200,3.7405
2013-02-06,1360191600,3.727
2013-02-07,1360278000,3.7595
2013-02-10,1360537200,3.7225
2013-02-11,1360623600,3.744
2013-02-12,1360710000,3.7425
2013-02-13,1360796400,3.7375
2013-02-14,1360882800,3.737
2013-02-17,1361142000,3.6495
2013-02-19,1361314800,3.608
2013-02-20,1361401200,3.553
2013-02-21,1361487600,3.533
2013-02-24,1361746800,3.543
2013-02-25,1361833200,3.5665
2013-02-26,1361919600,3.567
2013-02-27,1362006000,3.5475
2013-02-28,1362092400,3.501
2013-03-03,1362351600,3.5015
2013-03-04,1362438000,3.515
2013-03-05,1362524400,3.493
2013-03-06,1362610800,3.5205
2013-03-07,1362697200,3.509
2013-03-10,1362952800,3.517
2013-03-11,1363039200,3.5545
2013-03-12,1363125600,3.525
2013-03-13,1363212000,3.5365
2013-03-14,1363298400,3.5205
2013-03-17,1363557600,3.428
2013-03-18,1363644000,3.4055
2013-03-19,1363730400,3.4465
2013-03-20,1363816800,3.435
2013-03-21,1363903200,3.466
2013-03-24,1364162400,3.445
2013-03-25,1364248800,3.4425
2013-03-26,1364335200,3.4435
2013-03-27,1364421600,3.402
2013-03-31,1364767200,3.3745
2013-04-01,1364853600,3.3785
2013-04-02,1364940000,3.333
2013-04-03,1365026400,3.3515
2013-04-04,1365112800,3.344
2013-04-07,1365372000,3.371
2013-04-08,1365458400,3.4415
2013-04-09,1365544800,3.418
2013-04-10,1365631200,3.4335
2013-04-11,1365717600,3.35
2013-04-14,1365976800,3.273
2013-04-15,1366063200,3.3055
2013-04-16,1366149600,3.1875
2013-04-17,1366236000,3.2045
2013-04-18,1366322400,3.1485
2013-04-21,1366581600,3.131
2013-04-22,1366668000,3.093
2013-04-23,1366754400,3.157
2013-04-24,1366840800,3.237
2013-04-25,1366927200,3.1845
2013-04-28,1367186400,3.2265
2013-04-29,1367272800,3.1875
2013-04-30,1367359200,3.08
2013-05-01,1367445600,3.1045
2013-05-02,1367532000,3.3145
2013-05-05,1367791200,3.3105
2013-05-06,1367877600,3.3025
2013-05-07,1367964000,3.3705
2013-05-08,1368050400,3.3405
2013-05-09,1368136800,3.353
2013-05-12,1368396000,3.3595
2013-05-13,1368482400,3.288
2013-05-14,1368568800,3.265
2013-05-15,1368655200,3.2945
2013-05-16,1368741600,3.323
2013-05-19,1369000800,3.36
2013-05-20,1369087200,3.3435
2013-05-21,1369173600,3.3805
2013-05-22,1369260000,3.304
2013-05-23,1369346400,3.2955
2013-05-26,1369605600,3.315
2013-05-28,1369778400,3.297
2013-05-29,1369864800,3.3155
2013-05-30,1369951200,3.2925
2013-06-02,1370210400,3.3305
2013-06-03,1370296800,3.369
2013-06-04,1370383200,3.3715
2013-06-05,1370469600,3.319
2013-06-06,1370556000,3.2685
2013-06-09,1370815200,3.241
2013-06-10,1370901600,3.195
2013-06-11,1370988000,3.2255
2013-06-12,1371074400,3.185
2013-06-13,1371160800,3.2015
2013-06-16,1371420000,3.1975
2013-06-17,1371506400,3.155
2013-06-18,1371592800,3.141
2013-06-19,1371679200,3.062
2013-06-20,1371765600,3.0955
2013-06-23,1372024800,3.0245
2013-06-24,1372111200,3.0725
2013-06-25,1372197600,3.041
2013-06-26,1372284000,3.0595
2013-06-27,1372370400,3.0575
2013-06-30,1372629600,3.157
2013-07-01,1372716000,3.143
2013-07-02,1372802400,3.1745
2013-07-03,1372888800,3.065
2013-07-07,1373234400,3.0995
2013-07-08,1373320800,3.0645
2013-07-09,1373407200,3.091
2013-07-10,1373493600,3.1775
2013-07-11,1373580000,3.155
2013-07-14,1373839200,3.1445
2013-07-15,1373925600,3.1865
2013-07-16,1374012000,3.1285
2013-07-17,1374098400,3.1315
2013-07-18,1374184800,3.14
2013-07-21,1374444000,3.185
2013-07-22,1374530400,3.198
2013-07-23,1374616800,3.179
2013-07-24,1374703200,3.1855
2013-07-25,1374789600,3.1055
2013-07-28,1375048800,3.1075
2013-07-29,1375135200,3.042
2013-07-30,1375221600,3.1185
2013-07-31,1375308000,3.166
2013-08-01,1375394400,3.1725
2013-08-04,1375653600,3.168
2013-08-05,1375740000,3.173
2013-08-06,1375826400,3.173
2013-08-07,1375912800,3.2705
2013-08-08,1375999200,3.3065
2013-08-11,1376258400,3.303
2013-08-12,1376344800,3.317
2013-08-13,1376431200,3.34
2013-08-14,1376517600,3.3375
2013-08-15,1376604000,3.363
2013-08-18,1376863200,3.332
2013-08-19,1376949600,3.338
2013-08-20,1377036000,3.3065
2013-08-21,1377122400,3.33
2013-08-22,1377208800,3.3485
2013-08-25,1377468000,3.3195
2013-08-26,1377554400,3.3285
2013-08-27,1377640800,3.3015
2013-08-28,1377727200,3.2605
2013-08-29,1377813600,3.233
2013-09-01,1378072800,3.3045
2013-09-03,1378245600,3.241
2013-09-04,1378332000,3.244
2013-09-05,1378418400,3.2615
2013-09-08,1378677600,3.278
2013-09-09,1378764000,3.2625
2013-09-10,1378850400,3.257
2013-09-11,1378936800,3.21
2013-09-12,1379023200,3.2035
2013-09-15,1379282400,3.222
2013-09-16,1379368800,3.223
2013-09-17,1379455200,3.2785
2013-09-18,1379541600,3.347
2013-09-19,1379628000,3.3205
2013-09-22,1379887200,3.2985
2013-09-23,1379973600,3.2565
2013-09-24,1380060000,3.272
2013-09-25,1380146400,3.307
2013-09-26,1380232800,3.3295
2013-09-29,1380492000,3.323
2013-09-30,1380578400,3.274
2013-10-01,1380664800,3.316
2013-10-02,1380751200,3.2685
2013-10-03,1380837600,3.301
2013-10-06,1381096800,3.2965
2013-10-07,1381183200,3.2925
2013-10-08,1381269600,3.231
2013-10-09,1381356000,3.2485
2013-10-10,1381442400,3.269
2013-10-13,1381701600,3.303
2013-10-14,1381788000,3.3075
2013-10-15,1381874400,3.308
2013-10-16,1381960800,3.297
2013-10-17,1382047200,3.299
2013-10-20,1382306400,3.3035
2013-10-21,1382392800,3.3355
2013-10-22,1382479200,3.2675
2013-10-23,1382565600,3.2635
2013-10-24,1382652000,3.269
2013-10-27,1382911200,3.269
2013-10-28,1382997600,3.278
2013-10-29,1383084000,3.3255
2013-10-30,1383170400,3.3005
2013-10-31,1383256800,3.2985
2013-11-03,1383519600,3.253
2013-11-04,1383606000,3.2585
2013-11-05,1383692400,3.237
2013-11-06,1383778800,3.2485
2013-11-07,1383865200,3.254
2013-11-10,1384124400,3.2595
2013-11-11,1384210800,3.234
2013-11-12,1384297200,3.1595
2013-11-13,1384383600,3.1605
2013-11-14,1384470000,3.171
2013-11-17,1384729200,3.1495
2013-11-18,1384815600,3.1575
2013-11-19,1384902000,3.1595
2013-11-20,1384988400,3.1915
2013-11-21,1385074800,3.214
2013-11-24,1385334000,3.225
2013-11-25,1385420400,3.214
2013-11-26,1385506800,3.1905
2013-11-27,1385593200,3.205
2013-12-01,1385938800,3.1825
2013-12-02,1386025200,3.1675
2013-12-03,1386111600,3.249
2013-12-04,1386198000,3.2295
2013-12-05,1386284400,3.2485
2013-12-08,1386543600,3.258
2013-12-09,1386630000,3.2665
2013-12-10,1386716400,3.295
2013-12-11,1386802800,3.2955
2013-12-12,1386889200,3.312
2013-12-15,1387148400,3.3295
2013-12-16,1387234800,3.3215
2013-12-17,1387321200,3.319
2013-12-18,1387407600,3.2955
2013-12-19,1387494000,3.308
2013-12-22,1387753200,3.3075
2013-12-23,1387839600,3.374
2013-12-25,1388012400,3.3985
2013-12-26,1388098800,3.385
2013-12-29,1388358000,3.3825
2013-12-30,1388444400,3.3965
2014-01-01,1388617200,3.3815
2014-01-02,1388703600,3.355
2014-01-05,1388962800,3.3595
2014-01-06,1389049200,3.3595
2014-01-07,1389135600,3.3425
2014-01-08,1389222000,3.299
2014-01-09,1389308400,3.3415
2014-01-12,1389567600,3.3465
2014-01-13,1389654000,3.336
2014-01-14,1389740400,3.358
2014-01-15,1389826800,3.3425
2014-01-16,1389913200,3.3445
2014-01-19,1390172400,3.351
2014-01-21,1390345200,3.337
2014-01-22,1390431600,3.2855
2014-01-23,1390518000,3.2715
2014-01-26,1390777200,3.259
2014-01-27,1390863600,3.253
2014-01-28,1390950000,3.2405
2014-01-29,1391036400,3.2265
2014-01-30,1391122800,3.197
2014-02-02,1391382000,3.1835
2014-02-03,1391468400,3.192
2014-02-04,1391554800,3.1885
2014-02-05,1391641200,3.229
2014-02-06,1391727600,3.236
2014-02-09,1391986800,3.2245
2014-02-10,1392073200,3.215
2014-02-11,1392159600,3.256
2014-02-12,1392246000,3.25
2014-02-13,1392332400,3.2645
2014-02-16,1392591600,3.2855
2014-02-18,1392764400,3.2855
2014-02-19,1392850800,3.279
2014-02-20,1392937200,3.291
2014-02-23,1393196400,3.27
2014-02-24,1393282800,3.2585
2014-02-25,1393369200,3.2445
2014-02-26,1393455600,3.201
2014-02-27,1393542000,3.1875
2014-03-02,1393801200,3.172
2014-03-03,1393887600,3.2145
2014-03-04,1393974000,3.2025
2014-03-05,1394060400,3.218
2014-03-06,1394146800,3.0825
2014-03-09,1394402400,3.0315
2014-03-10,1394488800,2.952
2014-03-11,1394575200,2.962
2014-03-12,1394661600,2.923
2014-03-13,1394748000,2.9505
2014-03-16,1395007200,2.952
2014-03-17,1395093600,2.9515
2014-03-18,1395180000,2.987
2014-03-19,1395266400,2.9285
2014-03-20,1395352800,2.9505
2014-03-23,1395612000,2.9455
2014-03-24,1395698400,3.0055
2014-03-25,1395784800,2.9655
2014-03-26,1395871200,2.993
2014-03-27,1395957600,3.0415
2014-03-30,1396216800,3.0255
2014-03-31,1396303200,3.0345
2014-04-01,1396389600,3.0455
2014-04-02,1396476000,3.027
2014-04-03,1396562400,3.0225
2014-04-06,1396821600,3.0395
2014-04-07,1396908000,3.051
2014-04-08,1396994400,3.037
2014-04-09,1397080800,3.045
2014-04-10,1397167200,3.0415
2014-04-13,1397426400,3.0475
2014-04-14,1397512800,2.9875
2014-04-15,1397599200,3.0255
2014-04-16,1397685600,3.045
2014-04-20,1398031200,3.043
2014-04-21,1398117600,3.0535
2014-04-22,1398204000,3.059
2014-04-23,1398290400,3.1205
2014-04-24,1398376800,3.1245
2014-04-27,1398636000,3.11
2014-04-28,1398722400,3.073
2014-04-29,1398808800,3.0275
2014-04-30,1398895200,3.0215
2014-05-01,1398981600,3.07
2014-05-04,1399240800,3.0535
2014-05-05,1399327200,3.057
2014-05-06,1399413600,3.0325
2014-05-07,1399500000,3.0625
2014-05-08,1399586400,3.083
2014-05-11,1399845600,3.1495
2014-05-12,1399932000,3.1355
2014-05-13,1400018400,3.16
2014-05-14,1400104800,3.1445
2014-05-15,1400191200,3.147
2014-05-18,1400450400,3.167
2014-05-19,1400536800,3.145
2014-05-20,1400623200,3.123
2014-05-21,1400709600,3.142
2014-05-22,1400796000,3.1675
2014-05-25,1401055200,3.1775
2014-05-27,1401228000,3.1735
2014-05-28,1401314400,3.1445
2014-05-29,1401400800,3.1235
2014-06-01,1401660000,3.1705
2014-06-02,1401746400,3.137
2014-06-03,1401832800,3.093
2014-06-04,1401919200,3.0905
2014-06-05,1402005600,3.051
2014-06-08,1402264800,3.0435
2014-06-09,1402351200,3.053
2014-06-10,1402437600,3.0405
2014-06-11,1402524000,3.0155
2014-06-12,1402610400,3.0295
2014-06-15,1402869600,3.05
2014-06-16,1402956000,3.061
2014-06-17,1403042400,3.06
2014-06-18,1403128800,3.0785
2014-06-19,1403215200,3.1215
2014-06-22,1403474400,3.1495
2014-06-23,1403560800,3.151
2014-06-24,1403647200,3.167
2014-06-25,1403733600,3.1655
2014-06-26,1403820000,3.168
2014-06-29,1404079200,3.2035
2014-06-30,1404165600,3.204
2014-07-01,1404252000,3.265
2014-07-02,1404338400,3.2795
2014-07-03,1404424800,3.261
2014-07-07,1404770400,3.257
2014-07-08,1404856800,3.248
2014-07-09,1404943200,3.267
2014-07-10,1405029600,3.269
2014-07-13,1405288800,3.249
2014-07-14,1405375200,3.2495
2014-07-15,1405461600,3.2145
2014-07-16,1405548000,3.2205
2014-07-17,1405634400,3.1845
2014-07-20,1405893600,3.199
2014-07-21,1405980000,3.208
2014-07-22,1406066400,3.207
2014-07-23,1406152800,3.2665
2014-07-24,1406239200,3.2405
2014-07-27,1406498400,3.2435
2014-07-28,1406584800,3.219
2014-07-29,1406671200,3.2415
2014-07-30,1406757600,3.231
2014-07-31,1406844000,3.2145
2014-08-03,1407103200,3.244
2014-08-04,1407189600,3.2045
2014-08-05,1407276000,3.166
2014-08-06,1407362400,3.176
2014-08-07,1407448800,3.1735
2014-08-10,1407708000,3.1745
2014-08-11,1407794400,3.1545
2014-08-12,1407880800,3.112
2014-08-13,1407967200,3.091
2014-08-14,1408053600,3.103
2014-08-17,1408312800,3.109
2014-08-18,1408399200,3.0885
2014-08-19,1408485600,3.177
2014-08-20,1408572000,3.176
2014-08-21,1408658400,3.2045
2014-08-24,1408917600,3.218
2014-08-25,1409004000,3.186
2014-08-26,1409090400,3.178
2014-08-27,1409176800,3.1505
2014-08-28,1409263200,3.1605
2014-08-31,1409522400,3.155
2014-09-02,1409695200,3.127
2014-09-03,1409781600,3.151
2014-09-04,1409868000,3.1695
2014-09-07,1410127200,3.1685
2014-09-08,1410213600,3.102
2014-09-09,1410300000,3.1105
2014-09-10,1410386400,3.0925
2014-09-11,1410472800,3.1065
2014-09-14,1410732000,3.0855
2014-09-15,1410818400,3.166
2014-09-16,1410904800,3.1435
2014-09-17,1410991200,3.094
2014-09-18,1411077600,3.0915
2014-09-21,1411336800,3.0385
2014-09-22,1411423200,3.035
2014-09-23,1411509600,3.0535
2014-09-24,1411596000,3.03
2014-09-25,1411682400,3.0355
2014-09-28,1411941600,3.0565
2014-09-29,1412028000,3.0075
2014-09-30,1412114400,3.036
2014-10-01,1412200800,2.9985
2014-10-02,1412287200,2.9985
2014-10-05,1412546400,3.0355
2014-10-06,1412632800,3.039
2014-10-07,1412719200,3.0035
2014-10-08,1412805600,3.03
2014-10-09,1412892000,3.035
2014-10-12,1413151200,3.0405
2014-10-13,1413237600,3.09
2014-10-14,1413324000,3.009
2014-10-15,1413410400,2.9815
2014-10-16,1413496800,3.0035
2014-10-19,1413756000,2.988
2014-10-20,1413842400,3.028
2014-10-21,1413928800,3.0175
2014-10-22,1414015200,3.04
2014-10-23,1414101600,3.041
2014-10-26,1414360800,3.064
2014-10-27,1414447200,3.093
2014-10-28,1414533600,3.1045
2014-10-29,1414620000,3.0625
2014-10-30,1414706400,3.047
2014-11-02,1414969200,3.065
2014-11-03,1415055600,3.0185
2014-11-04,1415142000,3.0075
2014-11-05,1415228400,3.0175
2014-11-06,1415314800,3.0385
2014-11-09,1415574000,3.02
2014-11-10,1415660400,3.033
2014-11-11,1415746800,3.025
2014-11-12,1415833200,2.9945
2014-11-13,1415919600,3.0465
2014-11-16,1416178800,3.0395
2014-11-17,1416265200,3.002
2014-11-18,1416351600,3.045
2014-11-19,1416438000,3.0195
2014-11-20,1416524400,3.0315
2014-11-23,1416783600,3
2014-11-24,1416870000,2.957
2014-11-25,1416956400,2.9565
2014-11-26,1417042800,2.846
2014-11-30,1417388400,2.898
2014-12-01,1417474800,2.8915
2014-12-02,1417561200,2.872
2014-12-03,1417647600,2.9145
2014-12-04,1417734000,2.9025
2014-12-07,1417993200,2.8855
2014-12-08,1418079600,2.9275
2014-12-09,1418166000,2.893
2014-12-10,1418252400,2.921
2014-12-11,1418338800,2.934
2014-12-14,1418598000,2.8785
2014-12-15,1418684400,2.8585
2014-12-16,1418770800,2.8705
2014-12-17,1418857200,2.8535
2014-12-18,1418943600,2.8845
2014-12-21,1419202800,2.8725
2014-12-22,1419289200,2.866
2014-12-23,1419375600,2.8535
2014-12-25,1419548400,2.814
2014-12-28,1419807600,2.822
2014-12-29,1419894000,2.854
2014-12-30,1419980400,2.8255
2015-01-01,1420153200,2.8175
2015-01-04,1420412400,2.766
2015-01-05,1420498800,2.767
2015-01-06,1420585200,2.7585
2015-01-07,1420671600,2.7695
2015-01-08,1420758000,2.7545
2015-01-11,1421017200,2.7255
2015-01-12,1421103600,2.644
2015-01-13,1421190000,2.5055
2015-01-14,1421276400,2.558
2015-01-15,1421362800,2.617
2015-01-18,1421622000,2.594
2015-01-20,1421794800,2.6125
2015-01-21,1421881200,2.5785
2015-01-22,1421967600,2.5015
2015-01-25,1422226800,2.543
2015-01-26,1422313200,2.4625
2015-01-27,1422399600,2.4795
2015-01-28,1422486000,2.4515
2015-01-29,1422572400,2.4945
2015-02-01,1422831600,2.49
2015-02-02,1422918000,2.5815
2015-02-03,1423004400,2.591
2015-02-04,1423090800,2.595
2015-02-05,1423177200,2.5855
2015-02-08,1423436400,2.5805
2015-02-09,1423522800,2.5515
2015-02-10,1423609200,2.541
2015-02-11,1423695600,2.602
2015-02-12,1423782000,2.605
2015-02-15,1424041200,2.5815
2015-02-17,1424214000,2.6145
2015-02-18,1424300400,2.62
2015-02-19,1424386800,2.5945
2015-02-22,1424646000,2.5925
2015-02-23,1424732400,2.648
2015-02-24,1424818800,2.6635
2015-02-25,1424905200,2.6945
2015-02-26,1424991600,2.6915
2015-03-01,1425250800,2.6975
2015-03-02,1425337200,2.6565
2015-03-03,1425423600,2.6595
2015-03-04,1425510000,2.6525
2015-03-05,1425596400,2.609
2015-03-08,1425852000,2.6705
2015-03-09,1425938400,2.624
2015-03-10,1426024800,2.606
2015-03-11,1426111200,2.6585
2015-03-12,1426197600,2.6635
2015-03-15,1426456800,2.6675
2015-03-16,1426543200,2.633
2015-03-17,1426629600,2.5705
2015-03-18,1426716000,2.66
2015-03-19,1426802400,2.761
2015-03-22,1427061600,2.7895
2015-03-23,1427148000,2.803
2015-03-24,1427234400,2.792
2015-03-25,1427320800,2.811
2015-03-26,1427407200,2.7675
2015-03-29,1427666400,2.7815
2015-03-30,1427752800,2.74
2015-03-31,1427839200,2.7485
2015-04-01,1427925600,2.734
2015-04-05,1428271200,2.717
2015-04-06,1428357600,2.763
2015-04-07,1428444000,2.7315
2015-04-08,1428530400,2.729
2015-04-09,1428616800,2.734
2015-04-12,1428876000,2.719
2015-04-13,1428962400,2.7
2015-04-14,1429048800,2.7125
2015-04-15,1429135200,2.774
2015-04-16,1429221600,2.774
2015-04-19,1429480800,2.7325
2015-04-20,1429567200,2.702
2015-04-21,1429653600,2.6655
2015-04-22,1429740000,2.694
2015-04-23,1429826400,2.748
2015-04-26,1430085600,2.77
2015-04-27,1430172000,2.78
2015-04-28,1430258400,2.799
2015-04-29,1430344800,2.8865
2015-04-30,1430431200,2.9295
2015-05-03,1430690400,2.9205
2015-05-04,1430776800,2.935
2015-05-05,1430863200,2.926
2015-05-06,1430949600,2.918
2015-05-07,1431036000,2.9205
2015-05-10,1431295200,2.903
2015-05-11,1431381600,2.9315
2015-05-12,1431468000,2.929
2015-05-13,1431554400,2.9235
2015-05-14,1431640800,2.9245
2015-05-17,1431900000,2.9065
2015-05-18,1431986400,2.8375
2015-05-19,1432072800,2.829
2015-05-20,1432159200,2.8485
2015-05-21,1432245600,2.811
2015-05-24,1432504800,2.778
2015-05-26,1432677600,2.7685
2015-05-27,1432764000,2.7675
2015-05-28,1432850400,2.728
2015-05-31,1433109600,2.72
2015-06-01,1433196000,2.736
2015-06-02,1433282400,2.7265
2015-06-03,1433368800,2.687
2015-06-04,1433455200,2.6925
2015-06-07,1433714400,2.6965
2015-06-08,1433800800,2.714
2015-06-09,1433887200,2.747
2015-06-10,1433973600,2.669
2015-06-11,1434060000,2.678
2015-06-14,1434319200,2.647
2015-06-15,1434405600,2.6155
2015-06-16,1434492000,2.604
2015-06-17,1434578400,2.606
2015-06-18,1434664800,2.569
2015-06-21,1434924000,2.567
2015-06-22,1435010400,2.613
2015-06-23,1435096800,2.6245
2015-06-24,1435183200,2.623
2015-06-25,1435269600,2.6445
2015-06-28,1435528800,2.6335
2015-06-29,1435615200,2.615
2015-06-30,1435701600,2.6305
2015-07-01,1435788000,2.631
2015-07-02,1435874400,2.538
2015-07-06,1436220000,2.4465
2015-07-07,1436306400,2.497
2015-07-08,1436392800,2.5515
2015-07-09,1436479200,2.5375
2015-07-12,1436738400,2.5445
2015-07-13,1436824800,2.535
2015-07-14,1436911200,2.5215
2015-07-15,1436997600,2.523
2015-07-16,1437084000,2.496
2015-07-19,1437343200,2.4815
2015-07-20,1437429600,2.4745
2015-07-21,1437516000,2.428
2015-07-22,1437602400,2.3855
2015-07-23,1437688800,2.3825
2015-07-26,1437948000,2.3535
2015-07-27,1438034400,2.4025
2015-07-28,1438120800,2.4075
2015-07-29,1438207200,2.377
2015-07-30,1438293600,2.3635
2015-08-02,1438552800,2.346
2015-08-03,1438639200,2.362
2015-08-04,1438725600,2.3485
2015-08-05,1438812000,2.341
2015-08-06,1438898400,2.3325
2015-08-09,1439157600,2.4
2015-08-10,1439244000,2.3315
2015-08-11,1439330400,2.35
2015-08-12,1439416800,2.353
2015-08-13,1439503200,2.3515
2015-08-16,1439762400,2.321
2015-08-17,1439848800,2.287
2015-08-18,1439935200,2.276
2015-08-19,1440021600,2.3195
2015-08-20,1440108000,2.3035
2015-08-23,1440367200,2.259
2015-08-24,1440453600,2.3135
2015-08-25,1440540000,2.248
2015-08-26,1440626400,2.334
2015-08-27,1440712800,2.346
2015-08-30,1440972000,2.3375
2015-08-31,1441058400,2.3015
2015-09-01,1441144800,2.3295
2015-09-02,1441231200,2.3845
2015-09-03,1441317600,2.312
2015-09-06,1441576800,2.434
2015-09-08,1441749600,2.4365
2015-09-09,1441836000,2.447
2015-09-10,1441922400,2.4535
2015-09-13,1442181600,2.4055
2015-09-14,1442268000,2.4265
2015-09-15,1442354400,2.452
2015-09-16,1442440800,2.452
2015-09-17,1442527200,2.386
2015-09-20,1442786400,2.3885
2015-09-21,1442872800,2.2975
2015-09-22,1442959200,2.2955
2015-09-23,1443045600,2.3025
2015-09-24,1443132000,2.2835
2015-09-27,1443391200,2.2515
2015-09-28,1443477600,2.2515
2015-09-29,1443564000,2.341
2015-09-30,1443650400,2.3045
2015-10-01,1443736800,2.3255
2015-10-04,1443996000,2.3555
2015-10-05,1444082400,2.355
2015-10-06,1444168800,2.367
2015-10-07,1444255200,2.343
2015-10-08,1444341600,2.414
2015-10-11,1444600800,2.4155
2015-10-12,1444687200,2.3875
2015-10-13,1444773600,2.4155
2015-10-14,1444860000,2.423
2015-10-15,1444946400,2.4035
2015-10-18,1445205600,2.3675
2015-10-19,1445292000,2.3655
2015-10-20,1445378400,2.3605
2015-10-21,1445464800,2.3835
2015-10-22,1445551200,2.35
2015-10-25,1445810400,2.357
2015-10-26,1445896800,2.362
2015-10-27,1445983200,2.3625
2015-10-28,1446069600,2.321
2015-10-29,1446156000,2.3175
2015-11-01,1446418800,2.319
2015-11-02,1446505200,2.3305
2015-11-03,1446591600,2.3225
2015-11-04,1446678000,2.255
2015-11-05,1446764400,2.242
2015-11-08,1447023600,2.23
2015-11-09,1447110000,2.2175
2015-11-10,1447196400,2.218
2015-11-11,1447282800,2.1725
2015-11-12,1447369200,2.168
2015-11-15,1447628400,2.1155
2015-11-16,1447714800,2.104
2015-11-17,1447801200,2.078
2015-11-18,1447887600,2.0765
2015-11-19,1447974000,2.055
2015-11-22,1448233200,2.021
2015-11-23,1448319600,2.0545
2015-11-24,1448406000,2.046
2015-11-25,1448492400,2.0575
2015-11-29,1448838000,2.0485
2015-11-30,1448924400,2.0715
2015-12-01,1449010800,2.033
2015-12-02,1449097200,2.061
2015-12-03,1449183600,2.079
2015-12-06,1449442800,2.051
2015-12-07,1449529200,2.054
2015-12-08,1449615600,2.066
2015-12-09,1449702000,2.0725
2015-12-10,1449788400,2.1165
2015-12-13,1450047600,2.1115
2015-12-14,1450134000,2.0565
2015-12-15,1450220400,2.0715
2015-12-16,1450306800,2.0435
2015-12-17,1450393200,2.1125
2015-12-20,1450652400,2.14
2015-12-21,1450738800,2.109
2015-12-22,1450825200,2.1245
2015-12-23,1450911600,2.124
2015-12-27,1451257200,2.079
2015-12-28,1451343600,2.1365
2015-12-29,1451430000,2.1465
2015-12-30,1451516400,2.135
2016-01-03,1451862000,2.0795
2016-01-04,1451948400,2.0955
2016-01-05,1452034800,2.088
2016-01-06,1452121200,2.022
2016-01-07,1452207600,2.022
2016-01-10,1452466800,1.9725
2016-01-11,1452553200,1.959
2016-01-12,1452639600,1.956
2016-01-13,1452726000,1.976
2016-01-14,1452812400,1.9435
2016-01-17,1453071600,1.9775
2016-01-19,1453244400,1.9595
2016-01-20,1453330800,1.9965
2016-01-21,1453417200,2.0025
2016-01-24,1453676400,1.998
2016-01-25,1453762800,2.0375
2016-01-26,1453849200,2.064
2016-01-27,1453935600,2.0515
2016-01-28,1454022000,2.067
2016-01-31,1454281200,2.0555
2016-02-01,1454367600,2.055
2016-02-02,1454454000,2.095
2016-02-03,1454540400,2.1315
2016-02-04,1454626800,2.103
2016-02-07,1454886000,2.0905
2016-02-08,1454972400,2.0395
2016-02-09,1455058800,2.027
2016-02-10,1455145200,2.0065
2016-02-11,1455231600,2.029
2016-02-14,1455490800,2.051
2016-02-16,1455663600,2.0755
2016-02-17,1455750000,2.0735
2016-02-18,1455836400,2.0765
2016-02-21,1456095600,2.115
2016-02-22,1456182000,2.1055
2016-02-23,1456268400,2.096
2016-02-24,1456354800,2.0665
2016-02-25,1456441200,2.125
2016-02-28,1456700400,2.1325
2016-02-29,1456786800,2.1455
2016-03-01,1456873200,2.181
2016-03-02,1456959600,2.2085
2016-03-03,1457046000,2.2745
2016-03-06,1457305200,2.2835
2016-03-07,1457391600,2.222
2016-03-08,1457478000,2.2325
2016-03-09,1457564400,2.22
2016-03-10,1457650800,2.241
2016-03-13,1457906400,2.2395
2016-03-14,1457992800,2.2335
2016-03-15,1458079200,2.234
2016-03-16,1458165600,2.2925
2016-03-17,1458252000,2.2825
2016-03-20,1458511200,2.2925
2016-03-21,1458597600,2.2895
2016-03-22,1458684000,2.2355
2016-03-23,1458770400,2.229
2016-03-27,1459116000,2.246
2016-03-28,1459202400,2.214
2016-03-29,1459288800,2.19
2016-03-30,1459375200,2.183
2016-03-31,1459461600,2.163
2016-04-03,1459720800,2.1405
2016-04-04,1459807200,2.138
2016-04-05,1459893600,2.1435
2016-04-06,1459980000,2.0765
2016-04-07,1460066400,2.087
2016-04-10,1460325600,2.0905
2016-04-11,1460412000,2.147
2016-04-12,1460498400,2.168
2016-04-13,1460584800,2.171
2016-04-14,1460671200,2.153
2016-04-17,1460930400,2.1645
2016-04-18,1461016800,2.2235
2016-04-19,1461103200,2.238
2016-04-20,1461189600,2.251
2016-04-21,1461276000,2.2645
2016-04-24,1461535200,2.2525
2016-04-25,1461621600,2.242
2016-04-26,1461708000,2.2165
2016-04-27,1461794400,2.2315
2016-04-28,1461880800,2.2835
2016-05-01,1462140000,2.2665
2016-05-02,1462226400,2.219
2016-05-03,1462312800,2.1865
2016-05-04,1462399200,2.154
2016-05-05,1462485600,2.154
2016-05-08,1462744800,2.1065
2016-05-09,1462831200,2.0925
2016-05-10,1462917600,2.1035
2016-05-11,1463004000,2.0745
2016-05-12,1463090400,2.074
2016-05-15,1463349600,2.089
2016-05-16,1463436000,2.089
2016-05-17,1463522400,2.0785
2016-05-18,1463608800,2.061
2016-05-19,1463695200,2.0555
2016-05-22,1463954400,2.055
2016-05-23,1464040800,2.0665
2016-05-24,1464127200,2.1015
2016-05-25,1464213600,2.1025
2016-05-26,1464300000,2.114
2016-05-29,1464559200,2.0955
2016-05-31,1464732000,2.073
2016-06-01,1464818400,2.07
2016-06-02,1464904800,2.113
2016-06-05,1465164000,2.1175
2016-06-06,1465250400,2.051
2016-06-07,1465336800,2.0615
2016-06-08,1465423200,2.039
2016-06-09,1465509600,2.0305
2016-06-12,1465768800,2.0535
2016-06-13,1465855200,2.0405
2016-06-14,1465941600,2.091
2016-06-15,1466028000,2.048
2016-06-16,1466114400,2.051
2016-06-19,1466373600,2.093
2016-06-20,1466460000,2.116
2016-06-21,1466546400,2.1355
2016-06-22,1466632800,2.1625
2016-06-23,1466719200,2.1105
2016-06-26,1466978400,2.122
2016-06-27,1467064800,2.1705
2016-06-28,1467151200,2.186
2016-06-29,1467237600,2.1955
2016-06-30,1467324000,2.217
2016-07-03,1467583200,2.1835
2016-07-05,1467756000,2.1535
2016-07-06,1467842400,2.1235
2016-07-07,1467928800,2.119
2016-07-10,1468188000,2.1475
2016-07-11,1468274400,2.213
2016-07-12,1468360800,2.24
2016-07-13,1468447200,2.243
2016-07-14,1468533600,2.2335
2016-07-17,1468792800,2.237
2016-07-18,1468879200,2.263
2016-07-19,1468965600,2.254
2016-07-20,1469052000,2.2585
2016-07-21,1469138400,2.2355
2016-07-24,1469397600,2.217
2016-07-25,1469484000,2.2255
2016-07-26,1469570400,2.185
2016-07-27,1469656800,2.209
2016-07-28,1469743200,2.2215
2016-07-31,1470002400,2.1995
2016-08-01,1470088800,2.209
2016-08-02,1470175200,2.1985
2016-08-03,1470261600,2.174
2016-08-04,1470348000,2.154
2016-08-07,1470607200,2.165
2016-08-08,1470693600,2.15
2016-08-09,1470780000,2.171
2016-08-10,1470866400,2.191
2016-08-11,1470952800,2.14
2016-08-14,1471212000,2.1515
2016-08-15,1471298400,2.172
2016-08-16,1471384800,2.152
2016-08-17,1471471200,2.1675
2016-08-18,1471557600,2.167
2016-08-21,1471816800,2.14
2016-08-22,1471903200,2.115
2016-08-23,1471989600,2.0765
2016-08-24,1472076000,2.0765
2016-08-25,1472162400,2.0785
2016-08-28,1472421600,2.0745
2016-08-29,1472508000,2.0765
2016-08-30,1472594400,2.0775
2016-08-31,1472680800,2.0755
2016-09-01,1472767200,2.078
2016-09-04,1473026400,2.089
2016-09-06,1473199200,2.0975
2016-09-07,1473285600,2.1
2016-09-08,1473372000,2.0925
2016-09-11,1473631200,2.1
2016-09-12,1473717600,2.1015
2016-09-13,1473804000,2.155
2016-09-14,1473890400,2.1595
2016-09-15,1473976800,2.16
2016-09-18,1474236000,2.1565
2016-09-19,1474322400,2.165
2016-09-20,1474408800,2.155
2016-09-21,1474495200,2.1945
2016-09-22,1474581600,2.201
2016-09-25,1474840800,2.1985
2016-09-26,1474927200,2.171
2016-09-27,1475013600,2.1875
2016-09-28,1475100000,2.19
2016-09-29,1475186400,2.2105
2016-10-02,1475445600,2.192
2016-10-03,1475532000,2.167
2016-10-04,1475618400,2.1645
2016-10-05,1475704800,2.1555
2016-10-06,1475791200,2.1635
2016-10-09,1476050400,2.1975
2016-10-10,1476136800,2.1855
2016-10-11,1476223200,2.1765
2016-10-12,1476309600,2.122
2016-10-13,1476396000,2.1105
2016-10-16,1476655200,2.107
2016-10-17,1476741600,2.1055
2016-10-18,1476828000,2.1035
2016-10-19,1476914400,2.096
2016-10-20,1477000800,2.0885
2016-10-23,1477260000,2.093
2016-10-24,1477346400,2.1385
2016-10-25,1477432800,2.1455
2016-10-26,1477519200,2.1635
2016-10-27,1477605600,2.1935
2016-10-30,1477864800,2.205
2016-10-31,1477951200,2.229
2016-11-01,1478037600,2.2305
2016-11-02,1478124000,2.249
2016-11-03,1478210400,2.265
2016-11-06,1478473200,2.3095
2016-11-07,1478559600,2.38
2016-11-08,1478646000,2.4595
2016-11-09,1478732400,2.551
2016-11-10,1478818800,2.509
2016-11-13,1479078000,2.521
2016-11-14,1479164400,2.505
2016-11-15,1479250800,2.4675
2016-11-16,1479337200,2.491
2016-11-17,1479423600,2.4675
2016-11-20,1479682800,2.515
2016-11-21,1479769200,2.5445
2016-11-22,1479855600,2.6075
2016-11-23,1479942000,2.668
2016-11-27,1480287600,2.6565
2016-11-28,1480374000,2.61
2016-11-29,1480460400,2.633
2016-11-30,1480546800,2.643
2016-12-01,1480633200,2.625
2016-12-04,1480892400,2.698
2016-12-05,1480978800,2.68
2016-12-06,1481065200,2.644
2016-12-07,1481151600,2.626
2016-12-08,1481238000,2.6475
2016-12-11,1481497200,2.619
2016-12-12,1481583600,2.5985
2016-12-13,1481670000,2.6045
2016-12-14,1481756400,2.6005
2016-12-15,1481842800,2.5645
2016-12-18,1482102000,2.4995
2016-12-19,1482188400,2.5025
2016-12-20,1482274800,2.497
2016-12-21,1482361200,2.4995
2016-12-22,1482447600,2.479
2016-12-26,1482793200,2.5155
2016-12-27,1482879600,2.5005
2016-12-28,1482966000,2.488
2016-12-29,1483052400,2.5055
2017-01-02,1483398000,2.489
2017-01-03,1483484400,2.5565
2017-01-04,1483570800,2.5375
2017-01-05,1483657200,2.546
2017-01-08,1483916400,2.5385
2017-01-09,1484002800,2.6125
2017-01-10,1484089200,2.6105
2017-01-11,1484175600,2.6715
2017-01-12,1484262000,2.69
2017-01-15,1484521200,2.625
2017-01-17,1484694000,2.6165
2017-01-18,1484780400,2.6105
2017-01-19,1484866800,2.625
2017-01-22,1485126000,2.6475
2017-01-23,1485212400,2.7085
2017-01-24,1485298800,2.71
2017-01-25,1485385200,2.673
2017-01-26,1485471600,2.6895
2017-01-29,1485730800,2.655
2017-01-30,1485817200,2.7275
2017-01-31,1485903600,2.7115
2017-02-01,1485990000,2.6855
2017-02-02,1486076400,2.616
2017-02-05,1486335600,2.6515
2017-02-06,1486422000,2.632
2017-02-07,1486508400,2.6665
2017-02-08,1486594800,2.6535
2017-02-09,1486681200,2.768
2017-02-12,1486940400,2.783
2017-02-13,1487026800,2.737
2017-02-14,1487113200,2.7405
2017-02-15,1487199600,2.7185
2017-02-16,1487286000,2.707
2017-02-19,1487545200,2.7455
2017-02-21,1487718000,2.733
2017-02-22,1487804400,2.6435
2017-02-23,1487890800,2.68
2017-02-26,1488150000,2.698
2017-02-27,1488236400,2.714
2017-02-28,1488322800,2.736
2017-03-01,1488409200,2.6905
2017-03-02,1488495600,2.6965
2017-03-05,1488754800,2.652
2017-03-06,1488841200,2.6185
2017-03-07,1488927600,2.6005
2017-03-08,1489014000,2.58
2017-03-09,1489100400,2.595
2017-03-12,1489356000,2.6255
2017-03-13,1489442400,2.635
2017-03-14,1489528800,2.6565
2017-03-15,1489615200,2.6775
2017-03-16,1489701600,2.6915
2017-03-19,1489960800,2.667
2017-03-20,1490047200,2.6185
2017-03-21,1490133600,2.6305
2017-03-22,1490220000,2.6445
2017-03-23,1490306400,2.631
2017-03-26,1490565600,2.632
2017-03-27,1490652000,2.676
2017-03-28,1490738400,2.6775
2017-03-29,1490824800,2.6715
2017-03-30,1490911200,2.6525
2017-04-02,1491170400,2.6035
2017-04-03,1491256800,2.612
2017-04-04,1491343200,2.68
2017-04-05,1491429600,2.658
2017-04-06,1491516000,2.647
2017-04-09,1491775200,2.604
2017-04-10,1491861600,2.608
2017-04-11,1491948000,2.545
2017-04-12,1492034400,2.5705
2017-04-16,1492380000,2.596
2017-04-17,1492466400,2.529
2017-04-18,1492552800,2.5345
2017-04-19,1492639200,2.542
2017-04-20,1492725600,2.5375
2017-04-23,1492984800,2.5525
2017-04-24,1493071200,2.5785
2017-04-25,1493157600,2.5885
2017-04-26,1493244000,2.593
2017-04-27,1493330400,2.6075
2017-04-30,1493589600,2.6605
2017-05-01,1493676000,2.6355
2017-05-02,1493762400,2.5435
2017-05-03,1493848800,2.5115
2017-05-04,1493935200,2.5285
2017-05-07,1494194400,2.4935
2017-05-08,1494280800,2.498
2017-05-09,1494367200,2.4945
2017-05-10,1494453600,2.508
2017-05-11,1494540000,2.524
2017-05-14,1494799200,2.539
2017-05-15,1494885600,2.5505
2017-05-16,1494972000,2.5465
2017-05-17,1495058400,2.5315
2017-05-18,1495144800,2.5815
2017-05-21,1495404000,2.5955
2017-05-22,1495490400,2.596
2017-05-23,1495576800,2.5835
2017-05-24,1495663200,2.5975
2017-05-25,1495749600,2.566
2017-05-28,1496008800,2.564
2017-05-30,1496181600,2.58
2017-05-31,1496268000,2.5875
2017-06-01,1496354400,2.5745
2017-06-04,1496613600,2.5575
2017-06-05,1496700000,2.547
2017-06-06,1496786400,2.5515
2017-06-07,1496872800,2.6095
2017-06-08,1496959200,2.6495
2017-06-11,1497218400,2.6155
2017-06-12,1497304800,2.5965
2017-06-13,1497391200,2.5735
2017-06-14,1497477600,2.5655
2017-06-15,1497564000,2.564
2017-06-18,1497823200,2.5895
2017-06-19,1497909600,2.5545
2017-06-20,1497996000,2.602
2017-06-21,1498082400,2.599
2017-06-22,1498168800,2.624
2017-06-25,1498428000,2.6255
2017-06-26,1498514400,2.647
2017-06-27,1498600800,2.6605
2017-06-28,1498687200,2.6955
2017-06-29,1498773600,2.711
2017-07-02,1499032800,2.693
2017-07-03,1499119200,2.66
2017-07-05,1499292000,2.6615
2017-07-06,1499378400,2.647
2017-07-09,1499637600,2.6475
2017-07-10,1499724000,2.672
2017-07-11,1499810400,2.684
2017-07-12,1499896800,2.6615
2017-07-13,1499983200,2.691
2017-07-16,1500242400,2.724
2017-07-17,1500328800,2.7305
2017-07-18,1500415200,2.7105
2017-07-19,1500501600,2.716
2017-07-20,1500588000,2.7225
2017-07-23,1500847200,2.7365
2017-07-24,1500933600,2.8465
2017-07-25,1501020000,2.872
2017-07-26,1501106400,2.8775
2017-07-27,1501192800,2.875
2017-07-30,1501452000,2.8915
2017-07-31,1501538400,2.881
2017-08-01,1501624800,2.8845
2017-08-02,1501711200,2.878
2017-08-03,1501797600,2.885
2017-08-06,1502056800,2.907
2017-08-07,1502143200,2.9425
2017-08-08,1502229600,2.927
2017-08-09,1502316000,2.903
2017-08-10,1502402400,2.912
2017-08-13,1502661600,2.9045
2017-08-14,1502748000,2.883
2017-08-15,1502834400,2.9535
2017-08-16,1502920800,2.938
2017-08-17,1503007200,2.9395
2017-08-20,1503266400,2.9805
2017-08-21,1503352800,2.987
2017-08-22,1503439200,2.9805
2017-08-23,1503525600,3.034
2017-08-24,1503612000,3.0335
2017-08-27,1503871200,3.063
2017-08-28,1503957600,3.081
2017-08-29,1504044000,3.087
2017-08-30,1504130400,3.0985
2017-08-31,1504216800,3.118
2017-09-03,1504476000,3.128
2017-09-05,1504648800,3.1515
2017-09-06,1504735200,3.1435
2017-09-07,1504821600,3.0415
2017-09-10,1505080800,3.066
2017-09-11,1505167200,3.036
2017-09-12,1505253600,2.981
2017-09-13,1505340000,2.9575
2017-09-14,1505426400,2.949
2017-09-17,1505685600,2.969
2017-09-18,1505772000,2.9695
2017-09-19,1505858400,2.969
2017-09-20,1505944800,2.9345
2017-09-21,1506031200,2.9445
2017-09-24,1506290400,2.9375
2017-09-25,1506376800,2.919
2017-09-26,1506463200,2.9295
2017-09-27,1506549600,2.981
2017-09-28,1506636000,2.955
2017-10-01,1506895200,2.9555
2017-10-02,1506981600,2.9635
2017-10-03,1507068000,2.959
2017-10-04,1507154400,3.0465
2017-10-05,1507240800,3.029
2017-10-08,1507500000,3.031
2017-10-09,1507586400,3.0605
2017-10-10,1507672800,3.0955
2017-10-11,1507759200,3.12
2017-10-12,1507845600,3.1335
2017-10-15,1508104800,3.239
2017-10-16,1508191200,3.1955
2017-10-17,1508277600,3.178
2017-10-18,1508364000,3.1675
2017-10-19,1508450400,3.1655
2017-10-22,1508709600,3.188
2017-10-23,1508796000,3.198
2017-10-24,1508882400,3.183
2017-10-25,1508968800,3.1775
2017-10-26,1509055200,3.1035
2017-10-29,1509314400,3.112
2017-10-30,1509400800,3.101
2017-10-31,1509487200,3.1425
2017-11-01,1509573600,3.1435
2017-11-02,1509660000,3.1175
2017-11-05,1509922800,3.1575
2017-11-06,1510009200,3.089
2017-11-07,1510095600,3.0995
2017-11-08,1510182000,3.086
2017-11-09,1510268400,3.076
2017-11-12,1510527600,3.1165
2017-11-13,1510614000,3.065
2017-11-14,1510700400,3.0545
2017-11-15,1510786800,3.048
2017-11-16,1510873200,3.067
2017-11-19,1511132400,3.093
2017-11-20,1511218800,3.1285
2017-11-21,1511305200,3.137
2017-11-22,1511391600,3.169
2017-11-26,1511737200,3.1345
2017-11-27,1511823600,3.0715
2017-11-28,1511910000,3.0685
2017-11-29,1511996400,3.064
2017-11-30,1512082800,3.0925
2017-12-03,1512342000,3.09
2017-12-04,1512428400,2.946
2017-12-05,1512514800,2.9615
2017-12-06,1512601200,2.9645
2017-12-07,1512687600,2.9785
2017-12-10,1512946800,3.0115
2017-12-11,1513033200,3.023
2017-12-12,1513119600,3.0535
2017-12-13,1513206000,3.0725
2017-12-14,1513292400,3.1345
2017-12-17,1513551600,3.146
2017-12-18,1513638000,3.1515
2017-12-19,1513724400,3.196
2017-12-20,1513810800,3.2195
2017-12-21,1513897200,3.2385
2017-12-25,1514242800,3.2805
2017-12-26,1514329200,3.284
2017-12-27,1514415600,3.3085
2017-12-28,1514502000,3.3005
2018-01-01,1514847600,3.278
2018-01-02,1514934000,3.2575
2018-01-03,1515020400,3.263
2018-01-04,1515106800,3.2295
2018-01-07,1515366000,3.224
2018-01-08,1515452400,3.216
2018-01-09,1515538800,3.2355
2018-01-10,1515625200,3.233
2018-01-11,1515711600,3.2185
2018-01-14,1515970800,3.2195
2018-01-16,1516143600,3.189
2018-01-17,1516230000,3.199
2018-01-18,1516316400,3.1875
2018-01-21,1516575600,3.1985
2018-01-22,1516662000,3.111
2018-01-23,1516748400,3.2285
2018-01-24,1516834800,3.2165
2018-01-25,1516921200,3.199
2018-01-28,1517180400,3.194
2018-01-29,1517266800,3.189
2018-01-30,1517353200,3.1955
2018-01-31,1517439600,3.209
2018-02-01,1517526000,3.1875
2018-02-04,1517785200,3.221
2018-02-05,1517871600,3.189
2018-02-06,1517958000,3.0875
2018-02-07,1518044400,3.082
2018-02-08,1518130800,3.0335
2018-02-11,1518390000,3.0865
2018-02-12,1518476400,3.1625
2018-02-13,1518562800,3.236
2018-02-14,1518649200,3.2455
2018-02-15,1518735600,3.2485
2018-02-18,1518994800,3.1905
2018-02-20,1519167600,3.216
2018-02-21,1519254000,3.2415
2018-02-22,1519340400,3.2125
2018-02-25,1519599600,3.1975
2018-02-26,1519686000,3.1865
2018-02-27,1519772400,3.1325
2018-02-28,1519858800,3.123
2018-03-01,1519945200,3.1245
2018-03-04,1520204400,3.128
2018-03-05,1520290800,3.159
2018-03-06,1520377200,3.136
2018-03-07,1520463600,3.079
2018-03-08,1520550000,3.136
2018-03-11,1520805600,3.124
2018-03-12,1520892000,3.138
2018-03-13,1520978400,3.1585
2018-03-14,1521064800,3.1275
2018-03-15,1521151200,3.1075
2018-03-18,1521410400,3.082
2018-03-19,1521496800,3.038
2018-03-20,1521583200,3.0585
2018-03-21,1521669600,3.02
2018-03-22,1521756000,2.993
2018-03-25,1522015200,2.97
2018-03-26,1522101600,3.0005
2018-03-27,1522188000,3.002
2018-03-28,1522274400,3.0255
2018-04-01,1522620000,3.05
2018-04-02,1522706400,3.0635
2018-04-03,1522792800,3.0105
2018-04-04,1522879200,3.0745
2018-04-05,1522965600,3.0585
2018-04-08,1523224800,3.077
2018-04-09,1523311200,3.137
2018-04-10,1523397600,3.117
2018-04-11,1523484000,3.0635
2018-04-12,1523570400,3.071
2018-04-15,1523829600,3.0955
2018-04-16,1523916000,3.0795
2018-04-17,1524002400,3.1585
2018-04-18,1524088800,3.132
2018-04-19,1524175200,3.135
2018-04-22,1524434400,3.1105
2018-04-23,1524520800,3.142
2018-04-24,1524607200,3.1345
2018-04-25,1524693600,3.114
2018-04-26,1524780000,3.0695
2018-04-29,1525039200,3.074
2018-04-30,1525125600,3.0375
2018-05-01,1525212000,3.0685
2018-05-02,1525298400,3.0805
2018-05-03,1525384800,3.0855
2018-05-06,1525644000,3.079
2018-05-07,1525730400,3.059
2018-05-08,1525816800,3.0575
2018-05-09,1525903200,3.11
2018-05-10,1525989600,3.1115
2018-05-13,1526248800,3.093
2018-05-14,1526335200,3.056
2018-05-15,1526421600,3.0705
2018-05-16,1526508000,3.089
2018-05-17,1526594400,3.0635
2018-05-20,1526853600,3.0985
2018-05-21,1526940000,3.132
2018-05-22,1527026400,3.0705
2018-05-23,1527112800,3.096
2018-05-24,1527199200,3.0775
2018-05-27,1527458400,3.0625
2018-05-29,1527631200,3.069
2018-05-30,1527717600,3.065
2018-05-31,1527804000,3.0985
2018-06-03,1528063200,3.1345
2018-06-04,1528149600,3.1985
2018-06-05,1528236000,3.262
2018-06-06,1528322400,3.275
2018-06-07,1528408800,3.3
2018-06-10,1528668000,3.257
2018-06-11,1528754400,3.2495
2018-06-12,1528840800,3.254
2018-06-13,1528927200,3.222
2018-06-14,1529013600,3.1445
2018-06-17,1529272800,3.1065
2018-06-18,1529359200,3.047
2018-06-19,1529445600,3.0405
2018-06-20,1529532000,3.0215
2018-06-21,1529618400,3.027
2018-06-24,1529877600,2.987
2018-06-25,1529964000,2.992
2018-06-26,1530050400,2.9845
2018-06-27,1530136800,2.9715
2018-06-28,1530223200,2.966
2018-07-01,1530482400,2.944
2018-07-02,1530568800,2.917
2018-07-03,1530655200,2.826
2018-07-05,1530828000,2.824
2018-07-08,1531087200,2.85
2018-07-09,1531173600,2.8395
2018-07-10,1531260000,2.7435
2018-07-11,1531346400,2.777
2018-07-12,1531432800,2.7755
2018-07-15,1531692000,2.7645
2018-07-16,1531778400,2.747
2018-07-17,1531864800,2.76
2018-07-18,1531951200,2.6955
2018-07-19,1532037600,2.756
2018-07-22,1532296800,2.7465
2018-07-23,1532383200,2.8105
2018-07-24,1532469600,2.8175
2018-07-25,1532556000,2.818
2018-07-26,1532642400,2.802
2018-07-29,1532901600,2.792
2018-07-30,1532988000,2.8315
2018-07-31,1533074400,2.7475
2018-08-01,1533160800,2.7375
2018-08-02,1533247200,2.7635
2018-08-05,1533506400,2.7315
2018-08-06,1533592800,2.752
2018-08-07,1533679200,2.751
2018-08-08,1533765600,2.7655
2018-08-09,1533852000,2.7425
2018-08-12,1534111200,2.731
2018-08-13,1534197600,2.682
2018-08-14,1534284000,2.56
2018-08-15,1534370400,2.6165
2018-08-16,1534456800,2.629
2018-08-19,1534716000,2.6685
2018-08-20,1534802400,2.6955
2018-08-21,1534888800,2.6735
2018-08-22,1534975200,2.6545
2018-08-23,1535061600,2.7005
2018-08-26,1535320800,2.7085
2018-08-27,1535407200,2.736
2018-08-28,1535493600,2.71
2018-08-29,1535580000,2.7175
2018-08-30,1535666400,2.671
2018-09-02,1535925600,2.602
2018-09-04,1536098400,2.61
2018-09-05,1536184800,2.6365
2018-09-06,1536271200,2.6225
2018-09-09,1536530400,2.628
2018-09-10,1536616800,2.6215
2018-09-11,1536703200,2.676
2018-09-12,1536789600,2.683
2018-09-13,1536876000,2.646
2018-09-16,1537135200,2.651
2018-09-17,1537221600,2.7305
2018-09-18,1537308000,2.7295
2018-09-19,1537394400,2.74
2018-09-20,1537480800,2.8575
2018-09-23,1537740000,2.836
2018-09-24,1537826400,2.8235
2018-09-25,1537912800,2.828
2018-09-26,1537999200,2.783
2018-09-27,1538085600,2.805
2018-09-30,1538344800,2.7875
2018-10-01,1538431200,2.8065
2018-10-02,1538517600,2.834
2018-10-03,1538604000,2.7775
2018-10-04,1538690400,2.763
2018-10-07,1538949600,2.767
2018-10-08,1539036000,2.8065
2018-10-09,1539122400,2.7805
2018-10-10,1539208800,2.803
2018-10-11,1539295200,2.8005
2018-10-14,1539554400,2.7885
2018-10-15,1539640800,2.7795
2018-10-16,1539727200,2.778
2018-10-17,1539813600,2.7465
2018-10-18,1539900000,2.778
2018-10-21,1540159200,2.7855
2018-10-22,1540245600,2.758
2018-10-23,1540332000,2.7575
2018-10-24,1540418400,2.7545
2018-10-25,1540504800,2.741
2018-10-28,1540764000,2.7405
2018-10-29,1540850400,2.664
2018-10-30,1540936800,2.659
2018-10-31,1541023200,2.7215
2018-11-01,1541109600,2.807
2018-11-04,1541372400,2.756
2018-11-05,1541458800,2.7325
2018-11-06,1541545200,2.7545
2018-11-07,1541631600,2.736
2018-11-08,1541718000,2.6845
2018-11-11,1541977200,2.6765
2018-11-12,1542063600,2.687
2018-11-13,1542150000,2.71
2018-11-14,1542236400,2.7465
2018-11-15,1542322800,2.7985
2018-11-18,1542582000,2.799
2018-11-19,1542668400,2.7665
2018-11-20,1542754800,2.7945
2018-11-21,1542841200,2.7665
2018-11-25,1543186800,2.7555
2018-11-26,1543273200,2.7075
2018-11-27,1543359600,2.7955
2018-11-28,1543446000,2.7895
2018-11-29,1543532400,2.7875
2018-12-02,1543791600,2.8095
2018-12-03,1543878000,2.759
2018-12-04,1543964400,2.774
2018-12-05,1544050800,2.743
2018-12-06,1544137200,2.7595
2018-12-09,1544396400,2.72
2018-12-10,1544482800,2.767
2018-12-11,1544569200,2.77
2018-12-12,1544655600,2.767
2018-12-13,1544742000,2.7625
2018-12-16,1545001200,2.7545
2018-12-17,1545087600,2.6645
2018-12-18,1545174000,2.716
2018-12-19,1545260400,2.6965
2018-12-20,1545346800,2.674
2018-12-23,1545606000,2.661
2018-12-25,1545778800,2.7
2018-12-26,1545865200,2.668
2018-12-27,1545951600,2.6815
2018-12-30,1546210800,2.631
2019-01-01,1546383600,2.623
2019-01-02,1546470000,2.568
2019-01-03,1546556400,2.6475
2019-01-06,1546815600,2.637
2019-01-07,1546902000,2.656
2019-01-08,1546988400,2.657
2019-01-09,1547074800,2.6375
2019-01-10,1547161200,2.662
2019-01-13,1547420400,2.635
2019-01-14,1547506800,2.6345
2019-01-15,1547593200,2.6735
2019-01-16,1547679600,2.68
2019-01-17,1547766000,2.719
2019-01-20,1548025200,2.6595
2019-01-22,1548198000,2.6545
2019-01-23,1548284400,2.6445
2019-01-24,1548370800,2.729
2019-01-27,1548630000,2.68
2019-01-28,1548716400,2.725
2019-01-29,1548802800,2.7675
2019-01-30,1548889200,2.7845
2019-01-31,1548975600,2.773
2019-02-03,1549234800,2.7945
2019-02-04,1549321200,2.817
2019-02-05,1549407600,2.8365
2019-02-06,1549494000,2.8285
2019-02-07,1549580400,2.8105
2019-02-10,1549839600,2.79
2019-02-11,1549926000,2.772
2019-02-12,1550012400,2.773
2019-02-13,1550098800,2.774
2019-02-14,1550185200,2.7985
2019-02-17,1550444400,2.8745
2019-02-19,1550617200,2.92
2019-02-20,1550703600,2.897
2019-02-21,1550790000,2.9515
2019-02-24,1551049200,2.945
2019-02-25,1551135600,2.945
2019-02-26,1551222000,2.9625
2019-02-27,1551308400,2.948
2019-02-28,1551394800,2.932
2019-03-03,1551654000,2.909
2019-03-04,1551740400,2.9335
2019-03-05,1551826800,2.9185
2019-03-06,1551913200,2.9105
2019-03-07,1551999600,2.8935
2019-03-10,1552255200,2.901
2019-03-11,1552341600,2.9285
2019-03-12,1552428000,2.9355
2019-03-13,1552514400,2.8915
2019-03-14,1552600800,2.906
2019-03-17,1552860000,2.909
2019-03-18,1552946400,2.923
2019-03-19,1553032800,2.921
2019-03-20,1553119200,2.906
2019-03-21,1553205600,2.8425
2019-03-24,1553464800,2.8565
2019-03-25,1553551200,2.854
2019-03-26,1553637600,2.863
2019-03-27,1553724000,2.8725
2019-03-28,1553810400,2.936
2019-03-31,1554069600,2.9245
2019-04-01,1554156000,2.9055
2019-04-02,1554242400,2.9485
2019-04-03,1554328800,2.91
2019-04-04,1554415200,2.8945
2019-04-07,1554674400,2.932
2019-04-08,1554760800,2.934
2019-04-09,1554847200,2.9255
2019-04-10,1554933600,2.887
2019-04-11,1555020000,2.946
2019-04-14,1555279200,2.935
2019-04-15,1555365600,2.9305
2019-04-16,1555452000,2.9675
2019-04-17,1555538400,2.92
2019-04-21,1555884000,2.9015
2019-04-22,1555970400,2.8935
2019-04-23,1556056800,2.91
2019-04-24,1556143200,2.8615
2019-04-25,1556229600,2.8865
2019-04-28,1556488800,2.897
2019-04-29,1556575200,2.904
2019-04-30,1556661600,2.8015
2019-05-01,1556748000,2.7795
2019-05-02,1556834400,2.819
2019-05-05,1557093600,2.8295
2019-05-06,1557180000,2.7855
2019-05-07,1557266400,2.7745
2019-05-08,1557352800,2.7715
2019-05-09,1557439200,2.7745
2019-05-12,1557698400,2.719
2019-05-13,1557784800,2.725
2019-05-14,1557871200,2.743
2019-05-15,1557957600,2.748
2019-05-16,1558044000,2.7385
2019-05-19,1558303200,2.726
2019-05-20,1558389600,2.715
2019-05-21,1558476000,2.678
2019-05-22,1558562400,2.6805
2019-05-23,1558648800,2.6995
2019-05-26,1558908000,2.696
2019-05-28,1559080800,2.664
2019-05-29,1559167200,2.654
2019-05-30,1559253600,2.64
2019-06-02,1559512800,2.65
2019-06-03,1559599200,2.669
2019-06-04,1559685600,2.623
2019-06-05,1559772000,2.6505
2019-06-06,1559858400,2.6275
2019-06-09,1560117600,2.6615
2019-06-10,1560204000,2.6715
2019-06-11,1560290400,2.654
2019-06-12,1560376800,2.6565
2019-06-13,1560463200,2.6295
2019-06-16,1560722400,2.6465
2019-06-17,1560808800,2.703
2019-06-18,1560895200,2.6805
2019-06-19,1560981600,2.712
2019-06-20,1561068000,2.7045
2019-06-23,1561327200,2.7055
2019-06-24,1561413600,2.7355
2019-06-25,1561500000,2.7135
2019-06-26,1561586400,2.7165
2019-06-27,1561672800,2.7135
2019-06-30,1561932000,2.688
2019-07-01,1562018400,2.664
2019-07-02,1562104800,2.683
2019-07-03,1562191200,2.661
2019-07-07,1562536800,2.659
2019-07-08,1562623200,2.625
2019-07-09,1562709600,2.694
2019-07-10,1562796000,2.6875
2019-07-11,1562882400,2.694
2019-07-14,1563141600,2.711
2019-07-15,1563228000,2.7
2019-07-16,1563314400,2.716
2019-07-17,1563400800,2.71
2019-07-18,1563487200,2.7525
2019-07-21,1563746400,2.722
2019-07-22,1563832800,2.7
2019-07-23,1563919200,2.712
2019-07-24,1564005600,2.7035
2019-07-25,1564092000,2.685
2019-07-28,1564351200,2.7175
2019-07-29,1564437600,2.6785
2019-07-30,1564524000,2.666
2019-07-31,1564610400,2.6655
2019-08-01,1564696800,2.5715
2019-08-04,1564956000,2.544
2019-08-05,1565042400,2.5575
2019-08-06,1565128800,2.571
2019-08-07,1565215200,2.6075
2019-08-08,1565301600,2.589
2019-08-11,1565560800,2.585
2019-08-12,1565647200,2.63
2019-08-13,1565733600,2.592
2019-08-14,1565820000,2.595
2019-08-15,1565906400,2.595
2019-08-18,1566165600,2.6015
2019-08-19,1566252000,2.578
2019-08-20,1566338400,2.5855
2019-08-21,1566424800,2.5575
2019-08-22,1566511200,2.53
2019-08-25,1566770400,2.5435
2019-08-26,1566856800,2.5475
2019-08-27,1566943200,2.554
2019-08-28,1567029600,2.5775
2019-08-29,1567116000,2.5515
2019-09-01,1567375200,2.528
2019-09-03,1567548000,2.595
2019-09-04,1567634400,2.642
2019-09-05,1567720800,2.634
2019-09-08,1567980000,2.6275
2019-09-09,1568066400,2.628
2019-09-10,1568152800,2.6145
2019-09-11,1568239200,2.6405
2019-09-12,1568325600,2.6995
2019-09-15,1568584800,2.6405
2019-09-16,1568671200,2.627
2019-09-17,1568757600,2.613
2019-09-18,1568844000,2.6085
2019-09-19,1568930400,2.6065
2019-09-22,1569189600,2.6115
2019-09-23,1569276000,2.6065
2019-09-24,1569362400,2.612
2019-09-25,1569448800,2.5775
2019-09-26,1569535200,2.5975
2019-09-29,1569794400,2.5785
2019-09-30,1569880800,2.5605
2019-10-01,1569967200,2.5705
2019-10-02,1570053600,2.5535
2019-10-03,1570140000,2.5625
2019-10-06,1570399200,2.577
2019-10-07,1570485600,2.5685
2019-10-08,1570572000,2.568
2019-10-09,1570658400,2.6135
2019-10-10,1570744800,2.628
2019-10-13,1571004000,2.634
2019-10-14,1571090400,2.614
2019-10-15,1571176800,2.5895
2019-10-16,1571263200,2.5975
2019-10-17,1571349600,2.636
2019-10-20,1571608800,2.6465
2019-10-21,1571695200,2.633
2019-10-22,1571781600,2.6715
2019-10-23,1571868000,2.668
2019-10-24,1571954400,2.6755
2019-10-27,1572213600,2.683
2019-10-28,1572300000,2.6915
2019-10-29,1572386400,2.686
2019-10-30,1572472800,2.638
2019-10-31,1572559200,2.653
2019-11-03,1572822000,2.671
2019-11-04,1572908400,2.7005
2019-11-05,1572994800,2.665
2019-11-06,1573081200,2.7275
2019-11-07,1573167600,2.682
2019-11-10,1573426800,2.664
2019-11-11,1573513200,2.6455
2019-11-12,1573599600,2.6395
2019-11-13,1573686000,2.6215
2019-11-14,1573772400,2.638
2019-11-17,1574031600,2.62
2019-11-18,1574118000,2.6565
2019-11-19,1574204400,2.6495
2019-11-20,1574290800,2.6235
2019-11-21,1574377200,2.648
2019-11-24,1574636400,2.6475
2019-11-25,1574722800,2.6775
2019-11-26,1574809200,2.696
2019-11-27,1574895600,2.6615
2019-12-01,1575241200,2.6505
2019-12-02,1575327600,2.623
2019-12-03,1575414000,2.659
2019-12-04,1575500400,2.663
2019-12-05,1575586800,2.725
2019-12-08,1575846000,2.7585
2019-12-09,1575932400,2.7655
2019-12-10,1576018800,2.7895
2019-12-11,1576105200,2.7965
2019-12-12,1576191600,2.781
2019-12-15,1576450800,2.8115
2019-12-16,1576537200,2.8135
2019-12-17,1576623600,2.8125
2019-12-18,1576710000,2.8265
2019-12-19,1576796400,2.806
2019-12-22,1577055600,2.8085
2019-12-23,1577142000,2.8275
2019-12-25,1577314800,2.849
2019-12-26,1577401200,2.8295
2019-12-29,1577660400,2.8335
2019-12-30,1577746800,2.797
2020-01-01,1577919600,2.825
2020-01-02,1578006000,2.787
2020-01-05,1578265200,2.79
2020-01-06,1578351600,2.7935
2020-01-07,1578438000,2.812
2020-01-08,1578524400,2.802
2020-01-09,1578610800,2.8135
2020-01-12,1578870000,2.861
2020-01-13,1578956400,2.8735
2020-01-14,1579042800,2.866
2020-01-15,1579129200,2.847
2020-01-16,1579215600,2.8455
2020-01-19,1579474800,2.7935
2020-01-21,1579647600,2.765
2020-01-22,1579734000,2.726
2020-01-23,1579820400,2.684
2020-01-26,1580079600,2.5965
2020-01-27,1580166000,2.5795
2020-01-28,1580252400,2.554
2020-01-29,1580338800,2.524
2020-01-30,1580425200,2.517
2020-02-02,1580684400,2.507
2020-02-03,1580770800,2.542
2020-02-04,1580857200,2.5745
2020-02-05,1580943600,2.593
2020-02-06,1581030000,2.553
2020-02-09,1581289200,2.5505
2020-02-10,1581375600,2.583
2020-02-11,1581462000,2.6
2020-02-12,1581548400,2.613
2020-02-13,1581634800,2.5995
2020-02-16,1581894000,2.604
2020-02-18,1582066800,2.606
2020-02-19,1582153200,2.588
2020-02-20,1582239600,2.608
2020-02-23,1582498800,2.577
2020-02-24,1582585200,2.578
2020-02-25,1582671600,2.5725
2020-02-26,1582758000,2.5715
2020-02-27,1582844400,2.54
2020-03-01,1583103600,2.595
2020-03-02,1583190000,2.573
2020-03-03,1583276400,2.586
2020-03-04,1583362800,2.573
2020-03-05,1583449200,2.5605
2020-03-08,1583704800,2.5105
2020-03-09,1583791200,2.5215
2020-03-10,1583877600,2.502
2020-03-11,1583964000,2.4725
2020-03-12,1584050400,2.464
2020-03-15,1584309600,2.3925
2020-03-16,1584396000,2.3135
2020-03-17,1584482400,2.151
2020-03-18,1584568800,2.1855
2020-03-19,1584655200,2.1715
2020-03-22,1584914400,2.1005
2020-03-23,1585000800,2.18
2020-03-24,1585087200,2.204
2020-03-25,1585173600,2.178
2020-03-26,1585260000,2.172
2020-03-29,1585519200,2.1555
2020-03-30,1585605600,2.228
2020-03-31,1585692000,2.1745
2020-04-01,1585778400,2.2185
2020-04-02,1585864800,2.1925
2020-04-05,1586124000,2.2175
2020-04-06,1586210400,2.2725
2020-04-07,1586296800,2.26
2020-04-08,1586383200,2.2595
2020-04-12,1586728800,2.3025
2020-04-13,1586815200,2.3295
2020-04-14,1586901600,2.296
2020-04-15,1586988000,2.291
2020-04-16,1587074400,2.3445
2020-04-19,1587333600,2.32
2020-04-20,1587420000,2.2295
2020-04-21,1587506400,2.29
2020-04-22,1587592800,2.312
2020-04-23,1587679200,2.337
2020-04-26,1587938400,2.35
2020-04-27,1588024800,2.3455
2020-04-28,1588111200,2.3705
2020-04-29,1588197600,2.344
2020-04-30,1588284000,2.312
2020-05-03,1588543200,2.3125
2020-05-04,1588629600,2.3325
2020-05-05,1588716000,2.347
2020-05-06,1588802400,2.3805
2020-05-07,1588888800,2.406
2020-05-10,1589148000,2.38
2020-05-11,1589234400,2.359
2020-05-12,1589320800,2.346
2020-05-13,1589407200,2.346
2020-05-14,1589493600,2.3305
2020-05-17,1589752800,2.404
2020-05-18,1589839200,2.418
2020-05-19,1589925600,2.46
2020-05-20,1590012000,2.432
2020-05-21,1590098400,2.3865
2020-05-24,1590357600,2.4185
2020-05-26,1590530400,2.382
2020-05-27,1590616800,2.4135
2020-05-28,1590703200,2.4255
2020-05-31,1590962400,2.4705
2020-06-01,1591048800,2.491
2020-06-02,1591135200,2.4875
2020-06-03,1591221600,2.4895
2020-06-04,1591308000,2.5555
2020-06-07,1591567200,2.5655
2020-06-08,1591653600,2.599
2020-06-09,1591740000,2.6565
2020-06-10,1591826400,2.5865
2020-06-11,1591912800,2.6
2020-06-14,1592172000,2.567
2020-06-15,1592258400,2.5645
2020-06-16,1592344800,2.5895
2020-06-17,1592431200,2.588
2020-06-18,1592517600,2.611
2020-06-21,1592776800,2.6525
2020-06-22,1592863200,2.6585
2020-06-23,1592949600,2.6505
2020-06-24,1593036000,2.663
2020-06-25,1593122400,2.659
2020-06-28,1593381600,2.6925
2020-06-29,1593468000,2.7285
2020-06-30,1593554400,2.734
2020-07-01,1593640800,2.7485
2020-07-02,1593727200,2.7745
2020-07-06,1594072800,2.797
2020-07-07,1594159200,2.824
2020-07-08,1594245600,2.8385
2020-07-09,1594332000,2.8975
2020-07-12,1594591200,2.955
2020-07-13,1594677600,2.9325
2020-07-14,1594764000,2.885
2020-07-15,1594850400,2.9015
2020-07-16,1594936800,2.9045
2020-07-19,1595196000,2.9155
2020-07-20,1595282400,2.958
2020-07-21,1595368800,2.9245
2020-07-22,1595455200,2.9385
2020-07-23,1595541600,2.8925
2020-07-26,1595800800,2.8975
2020-07-27,1595887200,2.9175
2020-07-28,1595973600,2.919
2020-07-29,1596060000,2.914
2020-07-30,1596146400,2.868
2020-08-02,1596405600,2.912
2020-08-03,1596492000,2.8945
2020-08-04,1596578400,2.917
2020-08-05,1596664800,2.9105
2020-08-06,1596751200,2.7925
2020-08-09,1597010400,2.8615
2020-08-10,1597096800,2.8755
2020-08-11,1597183200,2.891
2020-08-12,1597269600,2.807
2020-08-13,1597356000,2.859
2020-08-16,1597615200,2.9015
2020-08-17,1597701600,2.975
2020-08-18,1597788000,3.023
2020-08-19,1597874400,2.9745
2020-08-20,1597960800,2.9175
2020-08-23,1598220000,2.9265
2020-08-24,1598306400,2.934
2020-08-25,1598392800,2.9615
2020-08-26,1598479200,2.9675
2020-08-27,1598565600,3.0195
2020-08-30,1598824800,3.0615
2020-08-31,1598911200,3.0285
2020-09-01,1598997600,3.0205
2020-09-02,1599084000,2.975
2020-09-03,1599170400,3.062
2020-09-06,1599429600,3.025
2020-09-08,1599602400,3.0515
2020-09-09,1599688800,2.9985
2020-09-10,1599775200,3.0395
2020-09-13,1600034400,3.068
2020-09-14,1600120800,3.063
2020-09-15,1600207200,3.061
2020-09-16,1600293600,3.071
2020-09-17,1600380000,3.116
2020-09-20,1600639200,3.032
2020-09-21,1600725600,3.061
2020-09-22,1600812000,2.993
2020-09-23,1600898400,2.968
2020-09-24,1600984800,2.971
2020-09-27,1601244000,2.99
2020-09-28,1601330400,2.99
2020-09-29,1601416800,3.0325
2020-09-30,1601503200,2.8655
2020-10-01,1601589600,2.9775
2020-10-04,1601848800,2.963
2020-10-05,1601935200,2.9635
2020-10-06,1602021600,3.033
2020-10-07,1602108000,3.042
2020-10-08,1602194400,3.0825
2020-10-11,1602453600,3.064
2020-10-12,1602540000,3.0445
2020-10-13,1602626400,3.0505
2020-10-14,1602712800,3.0855
2020-10-15,1602799200,3.0675
2020-10-18,1603058400,3.086
2020-10-19,1603144800,3.148
2020-10-20,1603231200,3.1985
2020-10-21,1603317600,3.1535
2020-10-22,1603404000,3.129
2020-10-25,1603663200,3.0895
2020-10-26,1603749600,3.0935
2020-10-27,1603836000,3.064
2020-10-28,1603922400,3.0565
2020-10-29,1604008800,3.0475
2020-11-01,1604271600,3.077
2020-11-02,1604358000,3.0925
2020-11-03,1604444400,3.107
2020-11-04,1604530800,3.11
2020-11-05,1604617200,3.154
2020-11-08,1604876400,3.156
2020-11-09,1604962800,3.1555
2020-11-10,1605049200,3.134
2020-11-11,1605135600,3.145
2020-11-12,1605222000,3.178
2020-11-15,1605481200,3.222
2020-11-16,1605567600,3.198
2020-11-17,1605654000,3.198
2020-11-18,1605740400,3.202
2020-11-19,1605826800,3.291
2020-11-22,1606086000,3.258
2020-11-23,1606172400,3.2995
2020-11-24,1606258800,3.3095
2020-11-25,1606345200,3.4175
2020-11-29,1606690800,3.438
2020-11-30,1606777200,3.485
2020-12-01,1606863600,3.489
2020-12-02,1606950000,3.4905
2020-12-03,1607036400,3.5245
2020-12-06,1607295600,3.5165
2020-12-07,1607382000,3.499
2020-12-08,1607468400,3.5135
2020-12-09,1607554800,3.576
2020-12-10,1607641200,3.528
2020-12-13,1607900400,3.5265
2020-12-14,1607986800,3.5445
2020-12-15,1608073200,3.559
2020-12-16,1608159600,3.6015
2020-12-17,1608246000,3.6325
2020-12-20,1608505200,3.5775
2020-12-21,1608591600,3.52
2020-12-22,1608678000,3.556
2020-12-23,1608764400,3.5625
2020-12-27,1609110000,3.571
2020-12-28,1609196400,3.5555
2020-12-29,1609282800,3.549
2020-12-30,1609369200,3.519
2021-01-03,1609714800,3.5545
2021-01-04,1609801200,3.6395
2021-01-05,1609887600,3.6505
2021-01-06,1609974000,3.696
2021-01-07,1610060400,3.6735
2021-01-10,1610319600,3.5645
2021-01-11,1610406000,3.6055
2021-01-12,1610492400,3.617
2021-01-13,1610578800,3.6645
2021-01-14,1610665200,3.602
2021-01-17,1610924400,3.6335
2021-01-19,1611097200,3.6415
2021-01-20,1611183600,3.6475
2021-01-21,1611270000,3.626
2021-01-24,1611529200,3.6295
2021-01-25,1611615600,3.6195
2021-01-26,1611702000,3.5575
2021-01-27,1611788400,3.578
2021-01-28,1611874800,3.556
2021-01-31,1612134000,3.546
2021-02-01,1612220400,3.5245
2021-02-02,1612306800,3.5655
2021-02-03,1612393200,3.553
2021-02-04,1612479600,3.626
2021-02-07,1612738800,3.666
2021-02-08,1612825200,3.72
2021-02-09,1612911600,3.7725
2021-02-10,1612998000,3.7715
2021-02-11,1613084400,3.788
2021-02-14,1613343600,3.834
2021-02-16,1613516400,3.8205
2021-02-17,1613602800,3.901
2021-02-18,1613689200,4.074
2021-02-21,1613948400,4.141
2021-02-22,1614034800,4.1785
2021-02-23,1614121200,4.2945
2021-02-24,1614207600,4.2635
2021-02-25,1614294000,4.0925
2021-02-28,1614553200,4.113
2021-03-01,1614639600,4.222
2021-03-02,1614726000,4.142
2021-03-03,1614812400,3.9785
2021-03-04,1614898800,4.0755
2021-03-07,1615158000,4.093
2021-03-08,1615244400,4.0085
2021-03-09,1615330800,4.0325
2021-03-10,1615417200,4.139
2021-03-11,1615503600,4.14
2021-03-14,1615759200,4.1405
2021-03-15,1615845600,4.0715
2021-03-16,1615932000,4.119
2021-03-17,1616018400,4.108
2021-03-18,1616104800,4.113
2021-03-21,1616364000,4.1395
2021-03-22,1616450400,4.0795
2021-03-23,1616536800,4.064
2021-03-24,1616623200,3.978
2021-03-25,1616709600,4.068
2021-03-28,1616968800,4.0345
2021-03-29,1617055200,3.9785
2021-03-30,1617141600,3.9955
2021-03-31,1617228000,3.9905
2021-04-04,1617573600,4.1375
2021-04-05,1617660000,4.1165
2021-04-06,1617746400,4.0545
2021-04-07,1617832800,4.0945
2021-04-08,1617919200,4.04
2021-04-11,1618178400,4.0185
2021-04-12,1618264800,4.0315
2021-04-13,1618351200,4.1285
2021-04-14,1618437600,4.2185
2021-04-15,1618524000,4.168
2021-04-18,1618783200,4.238
2021-04-19,1618869600,4.213
2021-04-20,1618956000,4.279
2021-04-21,1619042400,4.273
2021-04-22,1619128800,4.336
2021-04-25,1619388000,4.441
2021-04-26,1619474400,4.488
2021-04-27,1619560800,4.498
2021-04-28,1619647200,4.4865
2021-04-29,1619733600,4.468
2021-05-02,1619992800,4.5285
2021-05-03,1620079200,4.5215
2021-05-04,1620165600,4.524
2021-05-05,1620252000,4.6025
2021-05-06,1620338400,4.7485
2021-05-09,1620597600,4.716
2021-05-10,1620684000,4.762
2021-05-11,1620770400,4.736
2021-05-12,1620856800,4.6905
2021-05-13,1620943200,4.6545
2021-05-16,1621202400,4.7115
2021-05-17,1621288800,4.7255
2021-05-18,1621375200,4.5765
2021-05-19,1621461600,4.568
2021-05-20,1621548000,4.481
2021-05-23,1621807200,4.5255
2021-05-24,1621893600,4.5065
2021-05-25,1621980000,4.5295
2021-05-26,1622066400,4.663
2021-05-27,1622152800,4.6775
2021-05-30,1622412000,4.6535
2021-06-01,1622584800,4.5915
2021-06-02,1622671200,4.463
2021-06-03,1622757600,4.529
2021-06-06,1623016800,4.5265
2021-06-07,1623103200,4.556
2021-06-08,1623189600,4.531
2021-06-09,1623276000,4.485
2021-06-10,1623362400,4.5375
2021-06-13,1623621600,4.527
2021-06-14,1623708000,4.333
2021-06-15,1623794400,4.385
2021-06-16,1623880800,4.178
2021-06-17,1623967200,4.157
2021-06-20,1624226400,4.184
2021-06-21,1624312800,4.23
2021-06-22,1624399200,4.3305
2021-06-23,1624485600,4.311
2021-06-24,1624572000,4.292
2021-06-27,1624831200,4.278
2021-06-28,1624917600,4.2645
2021-06-29,1625004000,4.289
2021-06-30,1625090400,4.236
2021-07-01,1625176800,4.276
2021-07-04,1625436000,4.251
2021-07-06,1625608800,4.3225
2021-07-07,1625695200,4.2645
2021-07-08,1625781600,4.3455
2021-07-11,1626040800,4.316
2021-07-12,1626127200,4.307
2021-07-13,1626213600,4.2675
2021-07-14,1626300000,4.323
2021-07-15,1626386400,4.323
2021-07-18,1626645600,4.2015
2021-07-19,1626732000,4.263
2021-07-20,1626818400,4.272
2021-07-21,1626904800,4.3375
2021-07-22,1626991200,4.4
2021-07-25,1627250400,4.585
2021-07-26,1627336800,4.5445
2021-07-27,1627423200,4.482
2021-07-28,1627509600,4.5235
2021-07-29,1627596000,4.4825
2021-08-01,1627855200,4.433
2021-08-02,1627941600,4.386
2021-08-03,1628028000,4.3325
2021-08-04,1628114400,4.348
2021-08-05,1628200800,4.348
2021-08-08,1628460000,4.2895
2021-08-09,1628546400,4.354
2021-08-10,1628632800,4.3675
2021-08-11,1628719200,4.36
2021-08-12,1628805600,4.3915
2021-08-15,1629064800,4.327
2021-08-16,1629151200,4.206
2021-08-17,1629237600,4.12
2021-08-18,1629324000,4.041
2021-08-19,1629410400,4.137
2021-08-22,1629669600,4.237
2021-08-23,1629756000,4.258
2021-08-24,1629842400,4.2675
2021-08-25,1629928800,4.2475
2021-08-26,1630015200,4.3185
2021-08-29,1630274400,4.3755
2021-08-30,1630360800,4.375
2021-08-31,1630447200,4.278
2021-09-01,1630533600,4.304
2021-09-02,1630620000,4.334
2021-09-05,1630879200,4.2815
2021-09-07,1631052000,4.233
2021-09-08,1631138400,4.2855
2021-09-09,1631224800,4.452
2021-09-12,1631484000,4.367
2021-09-13,1631570400,4.321
2021-09-14,1631656800,4.4065
2021-09-15,1631743200,4.2815
2021-09-16,1631829600,4.246
2021-09-19,1632088800,4.1145
2021-09-20,1632175200,4.126
2021-09-21,1632261600,4.252
2021-09-22,1632348000,4.231
2021-09-23,1632434400,4.2855
2021-09-26,1632693600,4.2895
2021-09-27,1632780000,4.2465
2021-09-28,1632866400,4.199
2021-09-29,1632952800,4.089
2021-09-30,1633039200,4.1885
2021-10-03,1633298400,4.2385
2021-10-04,1633384800,4.1925
2021-10-05,1633471200,4.1475
2021-10-06,1633557600,4.2435
2021-10-07,1633644000,4.2755
2021-10-10,1633903200,4.3665
2021-10-11,1633989600,4.3255
2021-10-12,1634076000,4.516
2021-10-13,1634162400,4.6315
2021-10-14,1634248800,4.7295
2021-10-17,1634508000,4.7255
2021-10-18,1634594400,4.703
2021-10-19,1634680800,4.7345
2021-10-20,1634767200,4.5585
2021-10-21,1634853600,4.498
2021-10-24,1635112800,4.528
2021-10-25,1635199200,4.486
2021-10-26,1635285600,4.3895
2021-10-27,1635372000,4.4385
2021-10-28,1635458400,4.368
2021-10-31,1635717600,4.3935
2021-11-01,1635804000,4.366
2021-11-02,1635890400,4.321
2021-11-03,1635976800,4.3205
2021-11-04,1636063200,4.343
2021-11-07,1636326000,4.399
2021-11-08,1636412400,4.373
2021-11-09,1636498800,4.323
2021-11-10,1636585200,4.3995
2021-11-11,1636671600,4.4495
2021-11-14,1636930800,4.4
2021-11-15,1637017200,4.3515
2021-11-16,1637103600,4.266
2021-11-17,1637190000,4.3045
2021-11-18,1637276400,4.4075
2021-11-21,1637535600,4.3965
2021-11-22,1637622000,4.4235
2021-11-23,1637708400,4.459
2021-11-24,1637794800,4.2835
2021-11-28,1638140400,4.341
2021-11-29,1638226800,4.28
2021-11-30,1638313200,4.2475
2021-12-01,1638399600,4.299
2021-12-02,1638486000,4.267
2021-12-05,1638745200,4.3375
2021-12-06,1638831600,4.3395
2021-12-07,1638918000,4.3935
2021-12-08,1639004400,4.333
2021-12-09,1639090800,4.2865
2021-12-12,1639350000,4.284
2021-12-13,1639436400,4.2575
2021-12-14,1639522800,4.1825
2021-12-15,1639609200,4.3045
2021-12-16,1639695600,4.295
2021-12-19,1639954800,4.2935
2021-12-20,1640041200,4.346
2021-12-21,1640127600,4.3915
2021-12-22,1640214000,4.3925
2021-12-26,1640559600,4.472
2021-12-27,1640646000,4.433
2021-12-28,1640732400,4.413
2021-12-29,1640818800,4.3925
2021-12-30,1640905200,4.4635
2022-01-02,1641164400,4.4215
2022-01-03,1641250800,4.475
2022-01-04,1641337200,4.4135
2022-01-05,1641423600,4.3545
2022-01-06,1641510000,4.41
2022-01-09,1641769200,4.352
2022-01-10,1641855600,4.429
2022-01-11,1641942000,4.5765
2022-01-12,1642028400,4.546
2022-01-13,1642114800,4.4205
2022-01-16,1642374000,4.3825
2022-01-18,1642546800,4.47
2022-01-19,1642633200,4.5825
2022-01-20,1642719600,4.524
2022-01-23,1642978800,4.4125
2022-01-24,1643065200,4.45
2022-01-25,1643151600,4.515
2022-01-26,1643238000,4.4235
2022-01-27,1643324400,4.31
2022-01-30,1643583600,4.3245
2022-01-31,1643670000,4.434
2022-02-01,1643756400,4.496
2022-02-02,1643842800,4.471
2022-02-03,1643929200,4.4875
2022-02-06,1644188400,4.4625
2022-02-07,1644274800,4.461
2022-02-08,1644361200,4.6025
2022-02-09,1644447600,4.6595
2022-02-10,1644534000,4.506
2022-02-13,1644793200,4.5075
2022-02-14,1644879600,4.5315
2022-02-15,1644966000,4.5365
2022-02-16,1645052400,4.523
2022-02-17,1645138800,4.5195
2022-02-20,1645398000,4.5105
2022-02-22,1645570800,4.484
2022-02-23,1645657200,4.456
2022-02-24,1645743600,4.485
2022-02-27,1646002800,4.4545
2022-02-28,1646089200,4.5965
2022-03-01,1646175600,4.6655
2022-03-02,1646262000,4.7815
2022-03-03,1646348400,4.9375
2022-03-06,1646607600,4.731
2022-03-07,1646694000,4.71
2022-03-08,1646780400,4.5725
2022-03-09,1646866800,4.6525
2022-03-10,1646953200,4.6255
2022-03-13,1647208800,4.523
2022-03-14,1647295200,4.513
2022-03-15,1647381600,4.6005
2022-03-16,1647468000,4.702
2022-03-17,1647554400,4.7395
2022-03-20,1647813600,4.7105
2022-03-21,1647900000,4.7
2022-03-22,1647986400,4.7765
2022-03-23,1648072800,4.7425
2022-03-24,1648159200,4.6985
2022-03-27,1648418400,4.7255
2022-03-28,1648504800,4.731
2022-03-29,1648591200,4.7505
2022-03-30,1648677600,4.751
2022-03-31,1648764000,4.6885
2022-04-03,1649023200,4.7815
2022-04-04,1649109600,4.795
2022-04-05,1649196000,4.738
2022-04-06,1649282400,4.6995
2022-04-07,1649368800,4.725
2022-04-10,1649628000,4.634
2022-04-11,1649714400,4.7095
2022-04-12,1649800800,4.712
2022-04-13,1649887200,4.7235
2022-04-17,1650232800,4.802
2022-04-18,1650319200,4.718
2022-04-19,1650405600,4.652
2022-04-20,1650492000,4.704
2022-04-21,1650578400,4.5815
2022-04-24,1650837600,4.449
2022-04-25,1650924000,4.441
2022-04-26,1651010400,4.4565
2022-04-27,1651096800,4.4335
2022-04-28,1651183200,4.4085
2022-05-01,1651442400,4.268
2022-05-02,1651528800,4.283
2022-05-03,1651615200,4.338
2022-05-04,1651701600,4.2915
2022-05-05,1651788000,4.267
2022-05-08,1652047200,4.1935
2022-05-09,1652133600,4.1545
2022-05-10,1652220000,4.209
2022-05-11,1652306400,4.1005
2022-05-12,1652392800,4.175
2022-05-15,1652652000,4.1915
2022-05-16,1652738400,4.239
2022-05-17,1652824800,4.1785
2022-05-18,1652911200,4.283
2022-05-19,1652997600,4.275
2022-05-22,1653256800,4.3455
2022-05-23,1653343200,4.305
2022-05-24,1653429600,4.2545
2022-05-25,1653516000,4.259
2022-05-26,1653602400,4.3065
2022-05-29,1653861600,4.296
2022-05-31,1654034400,4.3285
2022-06-01,1654120800,4.5525
2022-06-02,1654207200,4.472
2022-06-05,1654466400,4.435
2022-06-06,1654552800,4.4355
2022-06-07,1654639200,4.4545
2022-06-08,1654725600,4.381
2022-06-09,1654812000,4.2945
2022-06-12,1655071200,4.2115
2022-06-13,1655157600,4.1565
2022-06-14,1655244000,4.1635
2022-06-15,1655330400,4.108
2022-06-16,1655416800,4.0135
2022-06-19,1655676000,4.039
2022-06-21,1655848800,3.944
2022-06-22,1655935200,3.739
2022-06-23,1656021600,3.7405
2022-06-26,1656280800,3.7625
2022-06-27,1656367200,3.774
2022-06-28,1656453600,3.7805
2022-06-29,1656540000,3.71
2022-06-30,1656626400,3.604
2022-07-03,1656885600,3.415
2022-07-05,1657058400,3.408
2022-07-06,1657144800,3.572
2022-07-07,1657231200,3.522
2022-07-10,1657490400,3.4305
2022-07-11,1657576800,3.288
2022-07-12,1657663200,3.3225
2022-07-13,1657749600,3.2115
2022-07-14,1657836000,3.234
2022-07-17,1658095200,3.346
2022-07-18,1658181600,3.291
2022-07-19,1658268000,3.325
2022-07-20,1658354400,3.2985
2022-07-21,1658440800,3.3495
2022-07-24,1658700000,3.3545
2022-07-25,1658786400,3.3845
2022-07-26,1658872800,3.43
2022-07-27,1658959200,3.4745
2022-07-28,1659045600,3.5735
2022-07-31,1659304800,3.5425
2022-08-01,1659391200,3.5185
2022-08-02,1659477600,3.467
2022-08-03,1659564000,3.4815
2022-08-04,1659650400,3.552
2022-08-07,1659909600,3.5865
2022-08-08,1659996000,3.5855
2022-08-09,1660082400,3.6495
2022-08-10,1660168800,3.7065
2022-08-11,1660255200,3.6685
2022-08-14,1660514400,3.6175
2022-08-15,1660600800,3.6245
2022-08-16,1660687200,3.5835
2022-08-17,1660773600,3.6315
2022-08-18,1660860000,3.6645
2022-08-21,1661119200,3.6515
2022-08-22,1661205600,3.6955
2022-08-23,1661292000,3.644
2022-08-24,1661378400,3.699
2022-08-25,1661464800,3.697
2022-08-28,1661724000,3.612
2022-08-29,1661810400,3.551
2022-08-30,1661896800,3.5185
2022-08-31,1661983200,3.4065
2022-09-01,1662069600,3.4135
2022-09-04,1662328800,3.462
2022-09-06,1662501600,3.4305
2022-09-07,1662588000,3.527
2022-09-08,1662674400,3.568
2022-09-11,1662933600,3.6105
2022-09-12,1663020000,3.5555
2022-09-13,1663106400,3.5195
2022-09-14,1663192800,3.49
2022-09-15,1663279200,3.5165
2022-09-18,1663538400,3.5125
2022-09-19,1663624800,3.503
2022-09-20,1663711200,3.467
2022-09-21,1663797600,3.471
2022-09-22,1663884000,3.343
2022-09-25,1664143200,3.2945
2022-09-26,1664229600,3.2835
2022-09-27,1664316000,3.3585
2022-09-28,1664402400,3.418
2022-09-29,1664488800,3.4125
2022-10-02,1664748000,3.41
2022-10-03,1664834400,3.49
2022-10-04,1664920800,3.5005
2022-10-05,1665007200,3.446
2022-10-06,1665093600,3.3865
2022-10-09,1665352800,3.4305
2022-10-10,1665439200,3.462
2022-10-11,1665525600,3.425
2022-10-12,1665612000,3.4405
2022-10-13,1665698400,3.4235
2022-10-16,1665957600,3.4155
2022-10-17,1666044000,3.362
2022-10-18,1666130400,3.318
2022-10-19,1666216800,3.4105
2022-10-20,1666303200,3.4745
2022-10-23,1666562400,3.4305
2022-10-24,1666648800,3.397
2022-10-25,1666735200,3.545
2022-10-26,1666821600,3.5195
2022-10-27,1666908000,3.429
2022-10-30,1667167200,3.375
2022-10-31,1667253600,3.4725
2022-11-01,1667340000,3.4685
2022-11-02,1667426400,3.427
2022-11-03,1667512800,3.6865
2022-11-06,1667775600,3.6035
2022-11-07,1667862000,3.6825
2022-11-08,1667948400,3.7
2022-11-09,1668034800,3.758
2022-11-10,1668121200,3.9135
2022-11-13,1668380400,3.8335
2022-11-14,1668466800,3.82
2022-11-15,1668553200,3.7735
2022-11-16,1668639600,3.688
2022-11-17,1668726000,3.632
2022-11-20,1668985200,3.5715
2022-11-21,1669071600,3.6145
2022-11-22,1669158000,3.618
2022-11-23,1669244400,3.6275
2022-11-27,1669590000,3.6115
2022-11-28,1669676400,3.6395
2022-11-29,1669762800,3.738
2022-11-30,1669849200,3.8175
2022-12-01,1669935600,3.8505
2022-12-04,1670194800,3.795
2022-12-05,1670281200,3.818
2022-12-06,1670367600,3.8605
2022-12-07,1670454000,3.8835
2022-12-08,1670540400,3.8785
2022-12-11,1670799600,3.8005
2022-12-12,1670886000,3.842
2022-12-13,1670972400,3.878
2022-12-14,1671058800,3.763
2022-12-15,1671145200,3.7615
2022-12-18,1671404400,3.783
2022-12-19,1671490800,3.799
2022-12-20,1671577200,3.81
2022-12-21,1671663600,3.757
2022-12-22,1671750000,3.809
2022-12-26,1672095600,3.8405
2022-12-27,1672182000,3.8425
2022-12-28,1672268400,3.824
2022-12-29,1672354800,3.8105
2023-01-02,1672700400,3.7665
2023-01-03,1672786800,3.7405
2023-01-04,1672873200,3.821
2023-01-05,1672959600,3.911
2023-01-08,1673218800,4.0265
2023-01-09,1673305200,4.0775
2023-01-10,1673391600,4.166
2023-01-11,1673478000,4.1965
2023-01-12,1673564400,4.216
2023-01-15,1673823600,4.223
2023-01-17,1673996400,4.2345
2023-01-18,1674082800,4.2315
2023-01-19,1674169200,4.2515
2023-01-22,1674428400,4.2565
2023-01-23,1674514800,4.2485
2023-01-24,1674601200,4.2445
2023-01-25,1674687600,4.2675
2023-01-26,1674774000,4.2225
2023-01-29,1675033200,4.202
2023-01-30,1675119600,4.226
2023-01-31,1675206000,4.111
2023-02-01,1675292400,4.091
2023-02-02,1675378800,4.0565
2023-02-05,1675638000,4.035
2023-02-06,1675724400,4.0805
2023-02-07,1675810800,4.0355
2023-02-08,1675897200,4.097
2023-02-09,1675983600,4.0165
2023-02-12,1676242800,4.0575
2023-02-13,1676329200,4.075
2023-02-14,1676415600,4.0105
2023-02-15,1676502000,4.1355
2023-02-16,1676588400,4.1085
2023-02-19,1676847600,4.2255
2023-02-21,1677020400,4.1905
2023-02-22,1677106800,4.059
2023-02-23,1677193200,3.952
2023-02-26,1677452400,4.011
2023-02-27,1677538800,4.0895
2023-02-28,1677625200,4.16
2023-03-01,1677711600,4.076
2023-03-02,1677798000,4.067
2023-03-05,1678057200,4.0885
2023-03-06,1678143600,3.975
2023-03-07,1678230000,4.027
2023-03-08,1678316400,4.039
2023-03-09,1678402800,4.0305
2023-03-12,1678658400,4.0535
2023-03-13,1678744800,4.003
2023-03-14,1678831200,3.843
2023-03-15,1678917600,3.8645
2023-03-16,1679004000,3.8925
2023-03-19,1679263200,3.9515
2023-03-20,1679349600,3.994
2023-03-21,1679436000,4.0445
2023-03-22,1679522400,4.1235
2023-03-23,1679608800,4.075
2023-03-26,1679868000,4.0785
2023-03-27,1679954400,4.0855
2023-03-28,1680040800,4.0865
2023-03-29,1680127200,4.0915
2023-03-30,1680213600,4.0945
2023-04-02,1680472800,4.0455
2023-04-03,1680559200,3.971
2023-04-04,1680645600,3.9865
2023-04-05,1680732000,4.0155
2023-04-09,1681077600,3.9765
2023-04-10,1681164000,4.0195
2023-04-11,1681250400,4.081
2023-04-12,1681336800,4.124
2023-04-13,1681423200,4.1065
2023-04-16,1681682400,4.066
2023-04-17,1681768800,4.0915
2023-04-18,1681855200,4.077
2023-04-19,1681941600,4.0255
2023-04-20,1682028000,3.98
2023-04-23,1682287200,3.954
2023-04-24,1682373600,3.848
2023-04-25,1682460000,3.8535
2023-04-26,1682546400,3.884
2023-04-27,1682632800,3.8905
2023-04-30,1682892000,3.934
2023-05-01,1682978400,3.8625
2023-05-02,1683064800,3.845
2023-05-03,1683151200,3.863
2023-05-04,1683237600,3.883
2023-05-07,1683496800,3.9295
2023-05-08,1683583200,3.9015
2023-05-09,1683669600,3.841
2023-05-10,1683756000,3.71
2023-05-11,1683842400,3.7285
2023-05-14,1684101600,3.751
2023-05-15,1684188000,3.667
2023-05-16,1684274400,3.7545
2023-05-17,1684360800,3.6895
2023-05-18,1684447200,3.732
2023-05-21,1684706400,3.685
2023-05-22,1684792800,3.6545
2023-05-23,1684879200,3.5615
2023-05-24,1684965600,3.588
2023-05-25,1685052000,3.682
2023-05-28,1685311200,3.663
2023-05-30,1685484000,3.637
2023-05-31,1685570400,3.711
2023-06-01,1685656800,3.7275
2023-06-04,1685916000,3.768
2023-06-05,1686002400,3.7685
2023-06-06,1686088800,3.756
2023-06-07,1686175200,3.795
2023-06-08,1686261600,3.789
2023-06-11,1686520800,3.752
2023-06-12,1686607200,3.831
2023-06-13,1686693600,3.87
2023-06-14,1686780000,3.901
2023-06-15,1686866400,3.889
2023-06-18,1687125600,3.8835
2023-06-20,1687298400,3.9135
2023-06-21,1687384800,3.89
2023-06-22,1687471200,3.8035
2023-06-25,1687730400,3.784
2023-06-26,1687816800,3.7705
2023-06-27,1687903200,3.7225
2023-06-28,1687989600,3.699
2023-06-29,1688076000,3.7595
2023-07-02,1688335200,3.794
2023-07-03,1688421600,3.7685
2023-07-05,1688594400,3.7345
2023-07-06,1688680800,3.782
2023-07-09,1688940000,3.7845
2023-07-10,1689026400,3.766
2023-07-11,1689112800,3.853
2023-07-12,1689199200,3.94
2023-07-13,1689285600,3.933
2023-07-16,1689544800,3.844
2023-07-17,1689631200,3.8295
2023-07-18,1689717600,3.814
2023-07-19,1689804000,3.8345
2023-07-20,1689890400,3.818
2023-07-23,1690149600,3.8555
2023-07-24,1690236000,3.9155
2023-07-25,1690322400,3.902
2023-07-26,1690408800,3.8755
2023-07-27,1690495200,3.9265
2023-07-30,1690754400,4.008
2023-07-31,1690840800,3.9085
2023-08-01,1690927200,3.8435
2023-08-02,1691013600,3.8995
2023-08-03,1691100000,3.8675
2023-08-06,1691359200,3.835
2023-08-07,1691445600,3.7665
2023-08-08,1691532000,3.7835
2023-08-09,1691618400,3.765
2023-08-10,1691704800,3.719
2023-08-13,1691964000,3.7255
2023-08-14,1692050400,3.6675
2023-08-15,1692136800,3.6575
2023-08-16,1692223200,3.6915
2023-08-17,1692309600,3.706
2023-08-20,1692568800,3.7185
2023-08-21,1692655200,3.757
2023-08-22,1692741600,3.8085
2023-08-23,1692828000,3.771
2023-08-24,1692914400,3.762
2023-08-27,1693173600,3.756
2023-08-28,1693260000,3.7945
2023-08-29,1693346400,3.844
2023-08-30,1693432800,3.822
2023-08-31,1693519200,3.852
2023-09-03,1693778400,3.8485
2023-09-05,1693951200,3.786
2023-09-06,1694037600,3.762
2023-09-07,1694124000,3.7165
2023-09-10,1694383200,3.807
2023-09-11,1694469600,3.792
2023-09-12,1694556000,3.793
2023-09-13,1694642400,3.8215
2023-09-14,1694728800,3.801
2023-09-17,1694988000,3.779
2023-09-18,1695074400,3.747
2023-09-19,1695160800,3.776
2023-09-20,1695247200,3.696
2023-09-21,1695333600,3.696
2023-09-24,1695592800,3.67
2023-09-25,1695679200,3.649
2023-09-26,1695765600,3.6365
2023-09-27,1695852000,3.708
2023-09-28,1695938400,3.7375
2023-10-01,1696197600,3.6415
2023-10-02,1696284000,3.621
2023-10-03,1696370400,3.589
2023-10-04,1696456800,3.552
2023-10-05,1696543200,3.6275
2023-10-08,1696802400,3.646
2023-10-09,1696888800,3.634
2023-10-10,1696975200,3.612
2023-10-11,1697061600,3.591
2023-10-12,1697148000,3.571
2023-10-15,1697407200,3.582
2023-10-16,1697493600,3.5785
2023-10-17,1697580000,3.587
2023-10-18,1697666400,3.601
2023-10-19,1697752800,3.563
2023-10-22,1698012000,3.5865
2023-10-23,1698098400,3.624
2023-10-24,1698184800,3.591
2023-10-25,1698271200,3.5845
2023-10-26,1698357600,3.646
2023-10-29,1698616800,3.6585
2023-10-30,1698703200,3.649
2023-10-31,1698789600,3.649
2023-11-01,1698876000,3.6725
2023-11-02,1698962400,3.6815
2023-11-05,1699225200,3.719
2023-11-06,1699311600,3.679
2023-11-07,1699398000,3.638
2023-11-08,1699484400,3.6405
2023-11-09,1699570800,3.587
2023-11-12,1699830000,3.666
2023-11-13,1699916400,3.6835
2023-11-14,1700002800,3.7185
2023-11-15,1700089200,3.7025
2023-11-16,1700175600,3.7385
2023-11-19,1700434800,3.814
2023-11-20,1700521200,3.8125
2023-11-21,1700607600,3.763
2023-11-22,1700694000,3.789
2023-11-26,1701039600,3.758
2023-11-27,1701126000,3.8
2023-11-28,1701212400,3.8255
2023-11-29,1701298800,3.8505
2023-11-30,1701385200,3.9315
2023-12-03,1701644400,3.8355
2023-12-04,1701730800,3.784
2023-12-05,1701817200,3.7345
2023-12-06,1701903600,3.7975
2023-12-07,1701990000,3.8305
2023-12-10,1702249200,3.7805
2023-12-11,1702335600,3.7875
2023-12-12,1702422000,3.7875
2023-12-13,1702508400,3.8925
2023-12-14,1702594800,3.8905
2023-12-17,1702854000,3.852
2023-12-18,1702940400,3.898
2023-12-19,1703026800,3.906
2023-12-20,1703113200,3.9175
2023-12-21,1703199600,3.905
2023-12-25,1703545200,3.902
2023-12-26,1703631600,3.9595
2023-12-27,1703718000,3.9245
2023-12-28,1703804400,3.8905
2024-01-01,1704150000,3.8805
2024-01-02,1704236400,3.8615
2024-01-03,1704322800,3.844
2024-01-04,1704409200,3.806
2024-01-07,1704668400,3.81
2024-01-08,1704754800,3.7585
2024-01-09,1704841200,3.781
2024-01-10,1704927600,3.7765
2024-01-11,1705014000,3.7405
2024-01-14,1705273200,3.7665
2024-01-16,1705446000,3.733
2024-01-17,1705532400,3.745
2024-01-18,1705618800,3.7865
2024-01-21,1705878000,3.7635
2024-01-22,1705964400,3.7935
2024-01-23,1706050800,3.886
2024-01-24,1706137200,3.869
2024-01-25,1706223600,3.852
2024-01-28,1706482800,3.879
2024-01-29,1706569200,3.911
2024-01-30,1706655600,3.906
2024-01-31,1706742000,3.8535
2024-02-01,1706828400,3.8215
2024-02-04,1707087600,3.7715
2024-02-05,1707174000,3.781
2024-02-06,1707260400,3.7355
2024-02-07,1707346800,3.702
2024-02-08,1707433200,3.6815
2024-02-11,1707692400,3.724
2024-02-12,1707778800,3.711
2024-02-13,1707865200,3.7
2024-02-14,1707951600,3.758
2024-02-15,1708038000,3.8385
2024-02-18,1708297200,3.8675
2024-02-20,1708470000,3.875
2024-02-21,1708556400,3.897
2024-02-22,1708642800,3.88
2024-02-25,1708902000,3.82
2024-02-26,1708988400,3.828
2024-02-27,1709074800,3.8405
2024-02-28,1709161200,3.847
2024-02-29,1709247600,3.8615
2024-03-03,1709506800,3.857
2024-03-04,1709593200,3.847
2024-03-05,1709679600,3.875
2024-03-06,1709766000,3.926
2024-03-07,1709852400,3.8915
2024-03-10,1710108000,3.9285
2024-03-11,1710194400,3.932
2024-03-12,1710280800,4.06
2024-03-13,1710367200,4.0455
2024-03-14,1710453600,4.1245
2024-03-17,1710712800,4.13
2024-03-18,1710799200,4.0745
2024-03-19,1710885600,4.0515
2024-03-20,1710972000,4.0585
2024-03-21,1711058400,4.0075
2024-03-24,1711317600,4.016
2024-03-25,1711404000,4.0085
2024-03-26,1711490400,4
2024-03-27,1711576800,4.007
2024-03-31,1711922400,4.0485
2024-04-01,1712008800,4.0705
2024-04-02,1712095200,4.194
2024-04-03,1712181600,4.249
2024-04-04,1712268000,4.236
2024-04-07,1712527200,4.276
2024-04-08,1712613600,4.2855
2024-04-09,1712700000,4.282
2024-04-10,1712786400,4.253
2024-04-11,1712872800,4.2585
2024-04-14,1713132000,4.379
2024-04-15,1713218400,4.3035
2024-04-16,1713304800,4.3395
2024-04-17,1713391200,4.4365
2024-04-18,1713477600,4.4975
2024-04-21,1713736800,4.476
2024-04-22,1713823200,4.4345
2024-04-23,1713909600,4.4575
2024-04-24,1713996000,4.5175
2024-04-25,1714082400,4.564
2024-04-28,1714341600,4.6765
2024-04-29,1714428000,4.5645
2024-04-30,1714514400,4.546
2024-05-01,1714600800,4.4845
2024-05-02,1714687200,4.557
2024-05-05,1714946400,4.615
2024-05-06,1715032800,4.6055
2024-05-07,1715119200,4.5425
2024-05-08,1715205600,4.585
2024-05-09,1715292000,4.6625
2024-05-12,1715551200,4.766
2024-05-13,1715637600,4.895
2024-05-14,1715724000,4.9245
2024-05-15,1715810400,4.877
2024-05-16,1715896800,5.05
2024-05-19,1716156000,5.079
2024-05-20,1716242400,5.106
2024-05-21,1716328800,4.8485
2024-05-22,1716415200,4.7925
2024-05-23,1716501600,4.7535
2024-05-26,1716760800,4.855
2024-05-28,1716933600,4.791
2024-05-29,1717020000,4.6585
2024-05-30,1717106400,4.602
2024-06-02,1717365600,4.6675
2024-06-03,1717452000,4.537
2024-06-04,1717538400,4.606
2024-06-05,1717624800,4.678
2024-06-06,1717711200,4.4835
2024-06-09,1717970400,4.5435
2024-06-10,1718056800,4.51
2024-06-11,1718143200,4.567
2024-06-12,1718229600,4.4815
2024-06-13,1718316000,4.495
2024-06-16,1718575200,4.4475
2024-06-17,1718661600,4.4905
2024-06-18,1718748000,4.562
2024-06-20,1718920800,4.442
2024-06-23,1719180000,4.437
2024-06-24,1719266400,4.3775
2024-06-25,1719352800,4.37
2024-06-26,1719439200,4.3485
2024-06-27,1719525600,4.3915
2024-06-30,1719784800,4.418
2024-07-01,1719871200,4.419
2024-07-02,1719957600,4.5335
2024-07-03,1720044000,4.652
2024-07-07,1720389600,4.618
2024-07-08,1720476000,4.5775
2024-07-09,1720562400,4.6085
2024-07-10,1720648800,4.5065
2024-07-11,1720735200,4.593
2024-07-14,1720994400,4.5265
2024-07-15,1721080800,4.4495
2024-07-16,1721167200,4.4085
2024-07-17,1721253600,4.2795
2024-07-18,1721340000,4.2365
2024-07-21,1721599200,4.1975
2024-07-22,1721685600,4.1605
2024-07-23,1721772000,4.109
2024-07-24,1721858400,4.1255
2024-07-25,1721944800,4.124
2024-07-28,1722204000,4.0845
2024-07-29,1722290400,4.084
2024-07-30,1722376800,4.1765
2024-07-31,1722463200,4.0825
2024-08-01,1722549600,4.103
2024-08-04,1722808800,3.999
2024-08-05,1722895200,4.027
2024-08-06,1722981600,3.952
2024-08-07,1723068000,3.959
2024-08-08,1723154400,3.993
2024-08-11,1723413600,4.0685
2024-08-12,1723500000,4.0515
2024-08-13,1723586400,4.04
2024-08-14,1723672800,4.151
2024-08-15,1723759200,4.1435
2024-08-18,1724018400,4.1805
2024-08-19,1724104800,4.1585
2024-08-20,1724191200,4.19
2024-08-21,1724277600,4.148
2024-08-22,1724364000,4.201
2024-08-25,1724623200,4.2185
2024-08-26,1724709600,4.2375
2024-08-27,1724796000,4.1495
2024-08-28,1724882400,4.2225
2024-08-29,1724968800,4.2115
2024-09-01,1725228000,4.092
2024-09-03,1725400800,4.079
2024-09-04,1725487200,4.1375
2024-09-05,1725573600,4.0735
2024-09-08,1725832800,4.1445
2024-09-09,1725919200,4.098
2024-09-10,1726005600,4.142
2024-09-11,1726092000,4.1955
2024-09-12,1726178400,4.236
2024-09-15,1726437600,4.2735
2024-09-16,1726524000,4.273
2024-09-17,1726610400,4.299
2024-09-18,1726696800,4.347
2024-09-19,1726783200,4.343
2024-09-22,1727042400,4.3475
2024-09-23,1727128800,4.4915
2024-09-24,1727215200,4.4895
2024-09-25,1727301600,4.639
2024-09-26,1727388000,4.5995
2024-09-29,1727647200,4.553
2024-09-30,1727733600,4.589
2024-10-01,1727820000,4.649
2024-10-02,1727906400,4.553
2024-10-03,1727992800,4.574
2024-10-06,1728252000,4.5665
2024-10-07,1728338400,4.4565
2024-10-08,1728424800,4.3995
2024-10-09,1728511200,4.4275
2024-10-10,1728597600,4.4935
2024-10-13,1728856800,4.406
2024-10-14,1728943200,4.3375
2024-10-15,1729029600,4.3675
2024-10-16,1729116000,4.325
2024-10-17,1729202400,4.3845
2024-10-20,1729461600,4.3595
2024-10-21,1729548000,4.3805
2024-10-22,1729634400,4.3365
2024-10-23,1729720800,4.3515
2024-10-24,1729807200,4.3705
2024-10-27,1730066400,4.3625
2024-10-28,1730152800,4.3605
2024-10-29,1730239200,4.3515
2024-10-30,1730325600,4.34
2024-10-31,1730412000,4.3715
2024-11-03,1730674800,4.4315
2024-11-04,1730761200,4.475
2024-11-05,1730847600,4.246
2024-11-06,1730934000,4.4315
2024-11-07,1731020400,4.306
2024-11-10,1731279600,4.2285
2024-11-11,1731366000,4.1365
2024-11-12,1731452400,4.083
2024-11-13,1731538800,4.0875
2024-11-14,1731625200,4.0645
2024-11-17,1731884400,4.12
2024-11-18,1731970800,4.142
2024-11-19,1732057200,4.1555
2024-11-20,1732143600,4.125
2024-11-21,1732230000,4.086
2024-11-24,1732489200,4.1
2024-11-25,1732575600,4.049
2024-11-26,1732662000,4.139
2024-11-27,1732748400,4.14
2024-12-01,1733094000,4.1305
2024-12-02,1733180400,4.202
2024-12-03,1733266800,4.2015
2024-12-04,1733353200,4.1925
2024-12-05,1733439600,4.1965
2024-12-08,1733698800,4.2755
2024-12-09,1733785200,4.272
2024-12-10,1733871600,4.2635
2024-12-11,1733958000,4.2445
2024-12-12,1734044400,4.197
2024-12-15,1734303600,4.191
2024-12-16,1734390000,4.1465
2024-12-17,1734476400,4.157
2024-12-18,1734562800,4.077
2024-12-19,1734649200,4.1005
2024-12-22,1734908400,4.085
2024-12-23,1734994800,4.11
2024-12-25,1735167600,4.1275
2024-12-26,1735254000,4.122
2024-12-29,1735513200,4.093
2024-12-30,1735599600,4.0265
2025-01-01,1735772400,4.026
2025-01-02,1735858800,4.0735
2025-01-05,1736118000,4.1615
2025-01-06,1736204400,4.1955
2025-01-07,1736290800,4.2585
2025-01-08,1736377200,4.3095
2025-01-09,1736463600,4.304
2025-01-12,1736722800,4.3255
2025-01-13,1736809200,4.3425
2025-01-14,1736895600,4.389
2025-01-15,1736982000,4.441
2025-01-16,1737068400,4.3685
2025-01-19,1737327600,4.341
2025-01-21,1737500400,4.301
2025-01-22,1737586800,4.3285
2025-01-23,1737673200,4.321
2025-01-26,1737932400,4.2315
2025-01-27,1738018800,4.2465
2025-01-28,1738105200,4.283
2025-01-29,1738191600,4.3075
2025-01-30,1738278000,4.279
2025-02-02,1738537200,4.3055
2025-02-03,1738623600,4.3535
2025-02-04,1738710000,4.444
2025-02-05,1738796400,4.461
2025-02-06,1738882800,4.589
2025-02-09,1739142000,4.707
2025-02-10,1739228400,4.601
2025-02-11,1739314800,4.7045
2025-02-12,1739401200,4.778
2025-02-13,1739487600,4.6645
2025-02-16,1739746800,4.591
2025-02-18,1739919600,4.5625
2025-02-19,1740006000,4.612
2025-02-20,1740092400,4.56
2025-02-23,1740351600,4.515
2025-02-24,1740438000,4.4815
2025-02-25,1740524400,4.54
2025-02-26,1740610800,4.6185
2025-02-27,1740697200,4.548
2025-03-02,1740956400,4.607
2025-03-03,1741042800,4.5565
2025-03-04,1741129200,4.794
2025-03-05,1741215600,4.8075
2025-03-06,1741302000,4.71
2025-03-09,1741557600,4.6665
2025-03-10,1741644000,4.766
2025-03-11,1741730400,4.8495
2025-03-12,1741816800,4.9255
2025-03-13,1741903200,4.896
2025-03-16,1742162400,4.959
2025-03-17,1742248800,5.0165
2025-03-18,1742335200,5.1
2025-03-19,1742421600,5.112
2025-03-20,1742508000,5.1135
2025-03-23,1742767200,5.0925
2025-03-24,1742853600,5.2105
2025-03-25,1742940000,5.243
2025-03-26,1743026400,5.1195
2025-03-27,1743112800,5.13
2025-03-30,1743372000,5.034
2025-03-31,1743458400,5.035
2025-04-01,1743544800,5.0405
2025-04-02,1743631200,4.8285
2025-04-03,1743717600,4.402
2025-04-06,1743976800,4.186
2025-04-07,1744063200,4.144
2025-04-08,1744149600,4.1925
2025-04-09,1744236000,4.3365
2025-04-10,1744322400,4.523
2025-04-13,1744581600,4.6255
2025-04-14,1744668000,4.626
2025-04-15,1744754400,4.6855
2025-04-16,1744840800,4.739
2025-04-20,1745186400,4.7285
2025-04-21,1745272800,4.878
2025-04-22,1745359200,4.8435
2025-04-23,1745445600,4.856
2025-04-24,1745532000,4.84
2025-04-27,1745791200,4.8405
2025-04-28,1745877600,4.8725
2025-04-29,1745964000,4.609
2025-04-30,1746050400,4.628
2025-05-01,1746136800,4.673
2025-05-04,1746396000,4.699
2025-05-05,1746482400,4.778
2025-05-06,1746568800,4.6595
2025-05-07,1746655200,4.604
2025-05-08,1746741600,4.653
2025-05-11,1747000800,4.621
2025-05-12,1747087200,4.723
2025-05-13,1747173600,4.6505
2025-05-14,1747260000,4.6835
2025-05-15,1747346400,4.5935
2025-05-18,1747605600,4.6705
2025-05-19,1747692000,4.654
2025-05-20,1747778400,4.672
2025-05-21,1747864800,4.6795
2025-05-22,1747951200,4.8365
2025-05-25,1748210400,4.74
2025-05-27,1748383200,4.6745
2025-05-28,1748469600,4.6755
2025-05-29,1748556000,4.6775
2025-06-01,1748815200,4.8585
2025-06-02,1748901600,4.834
2025-06-03,1748988000,4.8865
2025-06-04,1749074400,4.933
2025-06-05,1749160800,4.848
2025-06-08,1749420000,4.925
2025-06-09,1749506400,4.9
2025-06-10,1749592800,4.8145
2025-06-11,1749679200,4.8355
2025-06-12,1749765600,4.8145
2025-06-15,1750024800,4.836
2025-06-16,1750111200,4.809
2025-06-17,1750197600,4.853
2025-06-18,1750284000,4.8335
2025-06-22,1750629600,4.8495
2025-06-23,1750716000,4.8725
2025-06-24,1750802400,4.9175
2025-06-25,1750888800,5.066
2025-06-26,1750975200,5.123
2025-06-29,1751234400,5.0825
2025-06-30,1751320800,5.0995
2025-07-01,1751407200,5.1975
2025-07-02,1751493600,5.1415
2025-07-03,1751580000,5.026
2025-07-07,1751925600,5.6855
2025-07-08,1752012000,5.4865
2025-07-09,1752098400,5.591
2025-07-10,1752184800,5.6045
2025-07-13,1752444000,5.5505
2025-07-14,1752530400,5.5775
2025-07-15,1752616800,5.526
2025-07-16,1752703200,5.5125
2025-07-17,1752789600,5.6045
2025-07-20,1753048800,5.6375
2025-07-21,1753135200,5.7215
2025-07-22,1753221600,5.8195
2025-07-23,1753308000,5.8015
2025-07-24,1753394400,5.785
2025-07-27,1753653600,5.6155
2025-07-28,1753740000,5.6255
2025-07-29,1753826400,5.586
2025-07-30,1753912800,4.3545
2025-07-31,1753999200,4.4355
2025-08-03,1754258400,4.4375
2025-08-04,1754344800,4.386
2025-08-05,1754431200,4.413
2025-08-06,1754517600,4.3985
2025-08-07,1754604000,4.4715
2025-08-10,1754863200,4.44
2025-08-11,1754949600,4.5255
2025-08-12,1755036000,4.4975
2025-08-13,1755122400,4.4795
2025-08-14,1755208800,4.4925
2025-08-17,1755468000,4.471
2025-08-18,1755554400,4.4225
2025-08-19,1755640800,4.44
2025-08-20,1755727200,4.4435
2025-08-21,1755813600,4.459
2025-08-24,1756072800,4.4775
2025-08-25,1756159200,4.4595
2025-08-26,1756245600,4.42
2025-08-27,1756332000,4.539
2025-08-28,1756418400,4.5905
2025-08-31,1756677600,4.641
2025-09-02,1756850400,4.63
2025-09-03,1756936800,4.5585
2025-09-04,1757023200,4.551
2025-09-07,1757282400,4.5595
2025-09-08,1757368800,4.5695
2025-09-09,1757455200,4.618
2025-09-10,1757541600,4.658
2025-09-11,1757628000,4.652
2025-09-14,1757887200,4.7175
2025-09-15,1757973600,4.694
2025-09-16,1758060000,4.632
2025-09-17,1758146400,4.6005
2025-09-18,1758232800,4.6275
2025-09-21,1758492000,4.632
2025-09-22,1758578400,4.644
2025-09-23,1758664800,4.8135
2025-09-24,1758751200,4.758
2025-09-25,1758837600,4.7715
2025-09-28,1759096800,4.892
2025-09-29,1759183200,4.8565
2025-09-30,1759269600,4.8825
2025-10-01,1759356000,4.9495
2025-10-02,1759442400,5.109
2025-10-05,1759701600,5.038
2025-10-06,1759788000,5.0975
2025-10-07,1759874400,5.0945
2025-10-08,1759960800,5.123
2025-10-09,1760047200,4.894
2025-10-12,1760306400,5.144
2025-10-13,1760392800,5.023
2025-10-14,1760479200,5.0145
2025-10-15,1760565600,4.999
2025-10-16,1760652000,4.9695
2025-10-19,1760911200,5.036
2025-10-20,1760997600,4.966
2025-10-21,1761084000,4.9955
2025-10-22,1761170400,5.1105
2025-10-23,1761256800,5.1225
2025-10-26,1761516000,5.1715
2025-10-27,1761602400,5.171
2025-10-28,1761688800,5.2635
2025-10-29,1761775200,5.104
2025-10-30,1761861600,5.089
2025-11-02,1762124400,5.069
2025-11-03,1762210800,4.9485
2025-11-04,1762297200,4.986
2025-11-05,1762383600,4.9675
2025-11-06,1762470000,4.957
2025-11-09,1762729200,5.106
2025-11-10,1762815600,5.066
2025-11-11,1762902000,5.1055
2025-11-12,1762988400,5.102
2025-11-13,1763074800,5.063
2025-11-16,1763334000,5.012
2025-11-17,1763420400,4.974
2025-11-18,1763506800,5.0185
2025-11-19,1763593200,4.9685
2025-11-20,1763679600,5.015
2025-11-23,1763938800,4.9675
2025-11-24,1764025200,5.003
2025-11-25,1764111600,5.194
2025-11-26,1764198000,5.272
2025-11-30,1764543600,5.303
2025-12-01,1764630000,5.243
2025-12-02,1764716400,5.389
2025-12-03,1764802800,5.3735
2025-12-04,1764889200,5.462
2025-12-07,1765148400,5.4445
2025-12-08,1765234800,5.32
2025-12-09,1765321200,5.3535
2025-12-10,1765407600,5.5015
2025-12-11,1765494000,5.359
2025-12-14,1765753200,5.412
2025-12-15,1765839600,5.359
2025-12-16,1765926000,5.4355
2025-12-17,1766012400,5.4375
2025-12-18,1766098800,5.51
2025-12-21,1766358000,5.5095
2025-12-22,1766444400,5.552
2025-12-23,1766530800,5.575
2025-12-25,1766703600,5.8395
2025-12-28,1766962800,5.5665
2025-12-29,1767049200,5.7815
2025-12-30,1767135600,5.682
2026-01-01,1767308400,5.6915
2026-01-04,1767567600,5.9755
2026-01-05,1767654000,6.0625
2026-01-06,1767740400,5.8605
2026-01-07,1767826800,5.7965
2026-01-08,1767913200,5.9025
2026-01-11,1768172400,6.0315
2026-01-12,1768258800,6.016
2026-01-13,1768345200,6.0555
2026-01-14,1768431600,5.9915
2026-01-15,1768518000,5.831
2026-01-18,1768777200,5.8125
2026-01-20,1768950000,5.768
2026-01-21,1769036400,5.779
2026-01-22,1769122800,5.9475
2026-01-25,1769382000,6.0205
2026-01-26,1769468400,5.8615
2026-01-27,1769554800,5.925
2026-01-28,1769641200,6.2035
2026-01-29,1769727600,5.924
2026-02-01,1769986800,5.8255
2026-02-02,1770073200,6.0865
2026-02-03,1770159600,5.85
2026-02-04,1770246000,5.821
2026-02-05,1770332400,5.882
2026-02-08,1770591600,5.9625
2026-02-09,1770678000,5.9135
2026-02-10,1770764400,5.9655
2026-02-11,1770850800,5.7855
2026-02-12,1770937200,5.803
2026-02-15,1771196400,5.6425
2026-02-17,1771369200,5.803
2026-02-18,1771455600,5.7385
2026-02-19,1771542000,5.839
2026-02-22,1771801200,5.7805
2026-02-23,1771887600,5.9305
2026-02-24,1771974000,5.9855
2026-02-25,1772060400,6.005
2026-02-26,1772146800,6.0595
2026-03-01,1772406000,5.948
2026-03-02,1772492400,5.826
2026-03-03,1772578800,5.9075
2026-03-04,1772665200,5.8045
2026-03-05,1772751600,5.807
2026-03-08,1773007200,5.8485
2026-03-09,1773093600,5.952
2026-03-10,1773180000,5.8915
2026-03-11,1773266400,5.868
2026-03-12,1773352800,5.757
2026-03-15,1773612000,5.8315
2026-03-16,1773698400,5.767
2026-03-17,1773784800,5.594
2026-03-18,1773871200,5.469
2026-03-19,1773957600,5.3745
2026-03-22,1774216800,5.4725
2026-03-23,1774303200,5.455
2026-03-24,1774389600,5.561
2026-03-25,1774476000,5.477
2026-03-26,1774562400,5.4945
2026-03-29,1774821600,5.502
2026-03-30,1774908000,5.614
2026-03-31,1774994400,5.6465
2026-04-01,1775080800,5.5835
2026-04-05,1775426400,5.601
2026-04-06,1775512800,5.563
2026-04-07,1775599200,5.777
2026-04-08,1775685600,5.7645
2026-04-09,1775772000,5.886
2026-04-12,1776031200,5.9905
2026-04-13,1776117600,6.0835
2026-04-14,1776204000,6.085
2026-04-15,1776290400,6.0765
2026-04-16,1776376800,6.1145
2026-04-19,1776636000,6.046
2026-04-20,1776722400,6.0105
2026-04-21,1776808800,6.1285
2026-04-22,1776895200,6.0815
2026-04-23,1776981600,6.027
2026-04-26,1777240800,6.021
2026-04-27,1777327200,5.9175
2026-04-28,1777413600,5.933
2026-04-29,1777500000,5.9805
2026-04-30,1777586400,5.9845
2026-05-03,1777845600,5.8465
2026-05-04,1777932000,5.993
2026-05-05,1778018400,6.1865
2026-05-06,1778104800,6.176
2026-05-07,1778191200,6.2965
2026-05-10,1778450400,6.4605
2026-05-11,1778536800,6.531
2026-05-12,1778623200,6.679
2026-05-13,1778709600,6.6115
2026-05-14,1778796000,6.295
2026-05-17,1779055200,6.3155
2026-05-18,1779141600,6.2065
2026-05-19,1779228000,6.3305
2026-05-20,1779314400,6.294
2026-05-21,1779400800,6.379
2026-05-24,1779660000,6.397
2026-05-26,1779832800,6.34
2026-05-27,1779919200,6.426
2026-05-28,1780005600,6.389
2026-05-31,1780264800,6.5525
2026-06-01,1780351200,6.6765
2026-06-02,1780437600,6.5075
2026-06-03,1780524000,6.535
2026-06-04,1780610400,6.2845
2026-06-07,1780869600,6.35
2026-06-08,1780956000,6.322
2026-06-09,1781042400,6.267
2026-06-10,1781128800,6.275
2026-06-11,1781215200,6.445
2026-06-14,1781474400,6.496
2026-06-15,1781560800,6.5035
2026-06-16,1781647200,6.4935
2026-06-17,1781733600,6.3855
2026-06-18,1781820000,6.3655
2026-06-22,1782165600,6.148
2026-06-23,1782252000,5.9485
2026-06-24,1782338400,6.074
2026-06-25,1782424800,6.144
2026-06-28,1782684000,6.1635
2026-06-29,1782770400,6.254
2026-06-30,1782856800,6.1795
2026-07-01,1782943200,6.169
2026-07-02,1783029600,6.232
2026-07-06,1783375200,6.226
2026-07-07,1783461600,6.1075
2026-07-08,1783548000,6.2655
2026-07-09,1783634400,6.282
2026-07-12,1783893600,6.281
2026-07-13,1783980000,6.378
2026-07-14,1784066400,6.341
2026-07-15,1784152800,6.342
2026-07-16,1784239200,6.265
2026-07-19,1784498400,6.341
2026-07-20,1784584800,6.5525
2026-07-21,1784671200,6.4935
2026-07-22,1784757600,6.3435
2026-07-23,1784844000,6.3575
2026-07-26,1785103200,6.379
2026-07-27,1785189600,6.3595
2026-07-28,1785276000,6.3115
2026-07-29,1785362400,6.4745
2026-07-30,1785448800,6.4655
2026-08-02,1785708000,6.5405
2026-08-03,1785794400,6.6435
2026-08-04,1785880800,6.7275
2026-08-05,1785967200,6.709
2026-08-06,1786053600,6.591
2026-08-09,1786312800,6.616
2026-08-10,1786399200,6.634
2026-08-11,1786485600,6.6155
2026-08-12,1786572000,6.608
2026-08-13,1786658400,6.613
2026-08-16,1786917600,6.616
2026-08-17,1787004000,6.4925
2026-08-18,1787090400,6.496
2026-08-19,1787176800,6.469
2026-08-20,1787263200,6.587
2026-08-23,1787522400,6.605
2026-08-24,1787608800,6.714
2026-08-25,1787695200,6.5995
2026-08-26,1787781600,6.5895
2026-08-27,1787868000,6.659
2026-08-30,1788127200,6.6875
2026-08-31,1788213600,6.6005
2026-09-01,1788300000,6.593
2026-09-02,1788386400,6.6645
2026-09-03,1788472800,6.6825
2026-09-06,1788732000,6.8235
2026-09-08,1788904800,6.8885
2026-09-09,1788991200,6.5475
2026-09-10,1789077600,6.548
2026-09-13,1789336800,6.4045
2026-09-14,1789423200,6.4435
2026-09-15,1789509600,6.509
2026-09-16,1789596000,6.6615
2026-09-17,1789682400,6.6915
2026-09-20,1789941600,6.7625
2026-09-21,1790028000,6.836
2026-09-22,1790114400,6.7535
2026-09-23,1790200800,6.79
2026-09-24,1790287200,6.766
2026-09-27,1790546400,6.6335
2026-09-28,1790632800,6.6035
2026-09-29,1790719200,6.6215
2026-09-30,1790805600,6.538
2026-10-01,1790892000,6.549
2026-10-04,1791151200,6.6055
