date,timestamp_utc,close
2006-11-27,1164668400,60.99
2006-11-28,1164754800,62.46
2006-11-29,1164841200,63.13
2006-11-30,1164927600,63.43
2006-12-03,1165186800,62.44
2006-12-04,1165273200,62.43
2006-12-05,1165359600,62.19
2006-12-06,1165446000,62.49
2006-12-07,1165532400,62.03
2006-12-10,1165791600,61.22
2006-12-11,1165878000,61.02
2006-12-12,1165964400,61.37
2006-12-13,1166050800,62.51
2006-12-14,1166137200,64.09
2006-12-17,1166396400,62.79
2006-12-18,1166482800,63.46
2006-12-19,1166569200,63.72
2006-12-20,1166655600,62.66
2006-12-21,1166742000,62.41
2006-12-25,1167087600,61.1
2006-12-26,1167174000,60.34
2006-12-27,1167260400,60.53
2006-12-28,1167346800,61.05
2007-01-01,1167692400,61.05
2007-01-02,1167778800,58.32
2007-01-03,1167865200,55.59
2007-01-04,1167951600,56.31
2007-01-07,1168210800,56.09
2007-01-08,1168297200,55.64
2007-01-09,1168383600,54.02
2007-01-10,1168470000,51.88
2007-01-11,1168556400,52.99
2007-01-15,1168902000,51.21
2007-01-16,1168988400,52.24
2007-01-17,1169074800,51.81
2007-01-18,1169161200,53.4
2007-01-21,1169420400,52.58
2007-01-22,1169506800,55.04
2007-01-23,1169593200,55.37
2007-01-24,1169679600,54.23
2007-01-25,1169766000,55.42
2007-01-28,1170025200,54.01
2007-01-29,1170111600,56.97
2007-01-30,1170198000,58.14
2007-01-31,1170284400,57.3
2007-02-01,1170370800,59.02
2007-02-04,1170630000,58.74
2007-02-05,1170716400,58.88
2007-02-06,1170802800,57.71
2007-02-07,1170889200,59.71
2007-02-08,1170975600,59.89
2007-02-11,1171234800,57.81
2007-02-12,1171321200,59.06
2007-02-13,1171407600,58
2007-02-14,1171494000,58.51
2007-02-15,1171580400,59.86
2007-02-19,1171926000,58.85
2007-02-20,1172012400,60.07
2007-02-21,1172098800,60.95
2007-02-22,1172185200,61.14
2007-02-25,1172444400,61.39
2007-02-26,1172530800,61.46
2007-02-27,1172617200,61.79
2007-02-28,1172703600,62
2007-03-01,1172790000,61.64
2007-03-04,1173049200,60.07
2007-03-05,1173135600,60.69
2007-03-06,1173222000,61.82
2007-03-07,1173308400,61.64
2007-03-08,1173394800,60.05
2007-03-11,1173650400,58.91
2007-03-12,1173736800,57.93
2007-03-13,1173823200,58.16
2007-03-14,1173909600,57.55
2007-03-15,1173996000,59.58
2007-03-18,1174255200,59.7
2007-03-19,1174341600,59.25
2007-03-20,1174428000,59.61
2007-03-21,1174514400,61.69
2007-03-22,1174600800,62.28
2007-03-25,1174860000,62.91
2007-03-26,1174946400,62.93
2007-03-27,1175032800,64.08
2007-03-28,1175119200,66.03
2007-03-29,1175205600,65.87
2007-04-01,1175464800,65.94
2007-04-02,1175551200,64.64
2007-04-03,1175637600,64.38
2007-04-04,1175724000,64.28
2007-04-08,1176069600,61.51
2007-04-09,1176156000,61.89
2007-04-10,1176242400,62.01
2007-04-11,1176328800,63.85
2007-04-12,1176415200,63.63
2007-04-15,1176674400,63.61
2007-04-16,1176760800,63.1
2007-04-17,1176847200,64.38
2007-04-18,1176933600,63.32
2007-04-19,1177020000,64.11
2007-04-22,1177279200,65.89
2007-04-23,1177365600,64.58
2007-04-24,1177452000,65.84
2007-04-25,1177538400,65.06
2007-04-26,1177624800,66.46
2007-04-29,1177884000,65.71
2007-04-30,1177970400,64.4
2007-05-01,1178056800,63.68
2007-05-02,1178143200,63.19
2007-05-03,1178229600,61.93
2007-05-06,1178488800,61.47
2007-05-07,1178575200,62.26
2007-05-08,1178661600,61.55
2007-05-09,1178748000,61.81
2007-05-10,1178834400,62.37
2007-05-13,1179093600,62.46
2007-05-14,1179180000,63.17
2007-05-15,1179266400,62.55
2007-05-16,1179352800,64.86
2007-05-17,1179439200,65.98
2007-05-20,1179698400,66.87
2007-05-21,1179784800,65.51
2007-05-22,1179871200,65.77
2007-05-23,1179957600,64.18
2007-05-24,1180044000,65.2
2007-05-28,1180389600,63.15
2007-05-29,1180476000,63.49
2007-05-30,1180562400,64.01
2007-05-31,1180648800,65.08
2007-06-03,1180908000,66.21
2007-06-04,1180994400,65.61
2007-06-05,1181080800,65.96
2007-06-06,1181167200,66.93
2007-06-07,1181253600,64.76
2007-06-10,1181512800,65.97
2007-06-11,1181599200,65.35
2007-06-12,1181685600,66.26
2007-06-13,1181772000,67.65
2007-06-14,1181858400,68
2007-06-17,1182117600,69.62
2007-06-18,1182204000,69.54
2007-06-19,1182290400,68.86
2007-06-20,1182376800,68.65
2007-06-21,1182463200,69.14
2007-06-24,1182722400,69.18
2007-06-25,1182808800,67.77
2007-06-26,1182895200,68.97
2007-06-27,1182981600,69.57
2007-06-28,1183068000,70.68
2007-07-01,1183327200,71.09
2007-07-02,1183413600,71.41
2007-07-03,1183500000,71.45
2007-07-04,1183586400,71.81
2007-07-05,1183672800,72.81
2007-07-08,1183932000,72.19
2007-07-09,1184018400,72.81
2007-07-10,1184104800,72.56
2007-07-11,1184191200,72.5
2007-07-12,1184277600,73.93
2007-07-15,1184536800,74.15
2007-07-16,1184623200,74.02
2007-07-17,1184709600,75.3
2007-07-18,1184796000,76.07
2007-07-19,1184882400,75.79
2007-07-22,1185141600,74.89
2007-07-23,1185228000,73.56
2007-07-24,1185314400,75.88
2007-07-25,1185400800,74.95
2007-07-26,1185487200,77.02
2007-07-29,1185746400,76.83
2007-07-30,1185832800,78.21
2007-07-31,1185919200,76.53
2007-08-01,1186005600,76.86
2007-08-02,1186092000,75.48
2007-08-05,1186351200,72.06
2007-08-06,1186437600,72.42
2007-08-07,1186524000,72.15
2007-08-08,1186610400,71.59
2007-08-09,1186696800,71.47
2007-08-12,1186956000,71.62
2007-08-13,1187042400,72.38
2007-08-14,1187128800,73.33
2007-08-15,1187215200,71
2007-08-16,1187301600,71.82
2007-08-19,1187560800,70.96
2007-08-20,1187647200,69.57
2007-08-21,1187733600,69.26
2007-08-22,1187820000,69.83
2007-08-23,1187906400,71.09
2007-08-26,1188165600,71.97
2007-08-27,1188252000,71.73
2007-08-28,1188338400,73.51
2007-08-29,1188424800,73.36
2007-08-30,1188511200,74.04
2007-09-02,1188770400,74.23
2007-09-03,1188856800,75.08
2007-09-04,1188943200,75.73
2007-09-05,1189029600,76.3
2007-09-06,1189116000,76.7
2007-09-09,1189375200,77.49
2007-09-10,1189461600,78.23
2007-09-11,1189548000,79.91
2007-09-12,1189634400,80.09
2007-09-13,1189720800,79.1
2007-09-16,1189980000,80.57
2007-09-17,1190066400,80.23
2007-09-18,1190152800,80.85
2007-09-19,1190239200,81.78
2007-09-20,1190325600,81.62
2007-09-23,1190584800,80.95
2007-09-24,1190671200,79.53
2007-09-25,1190757600,80.3
2007-09-26,1190844000,82.88
2007-09-27,1190930400,81.66
2007-09-30,1191189600,80.24
2007-10-01,1191276000,80.05
2007-10-02,1191362400,79.94
2007-10-03,1191448800,81.44
2007-10-04,1191535200,81.22
2007-10-07,1191794400,79.02
2007-10-08,1191880800,80.26
2007-10-09,1191967200,81.3
2007-10-10,1192053600,83.08
2007-10-11,1192140000,83.69
2007-10-14,1192399200,86.13
2007-10-15,1192485600,87.61
2007-10-16,1192572000,87.4
2007-10-17,1192658400,88.04
2007-10-18,1192744800,86.95
2007-10-21,1193004000,86.02
2007-10-22,1193090400,85.27
2007-10-23,1193176800,87.1
2007-10-24,1193263200,90.46
2007-10-25,1193349600,91.86
2007-10-28,1193608800,93.53
2007-10-29,1193695200,90.38
2007-10-30,1193781600,94.53
2007-10-31,1193868000,93.49
2007-11-01,1193954400,95.93
2007-11-04,1194217200,93.98
2007-11-05,1194303600,96.7
2007-11-06,1194390000,96.37
2007-11-07,1194476400,95.46
2007-11-08,1194562800,96.32
2007-11-11,1194822000,94.62
2007-11-12,1194908400,91.17
2007-11-13,1194994800,92.83
2007-11-14,1195081200,92.07
2007-11-15,1195167600,93.84
2007-11-18,1195426800,94.64
2007-11-19,1195513200,98.03
2007-11-20,1195599600,97.29
2007-11-22,1195772400,98.18
2007-11-25,1196031600,97.7
2007-11-26,1196118000,94.42
2007-11-27,1196204400,90.62
2007-11-28,1196290800,91.01
2007-11-29,1196377200,88.71
2007-12-02,1196636400,89.31
2007-12-03,1196722800,88.32
2007-12-04,1196809200,87.49
2007-12-05,1196895600,90.23
2007-12-06,1196982000,88.28
2007-12-09,1197241200,87.86
2007-12-10,1197327600,90.02
2007-12-11,1197414000,94.39
2007-12-12,1197500400,92.25
2007-12-13,1197586800,91.55
2007-12-16,1197846000,91.05
2007-12-17,1197932400,90.08
2007-12-18,1198018800,91.24
2007-12-19,1198105200,91.06
2007-12-20,1198191600,93.31
2007-12-23,1198450800,94.13
2007-12-25,1198623600,95.97
2007-12-26,1198710000,96.62
2007-12-27,1198796400,96
2007-12-30,1199055600,95.98
2008-01-01,1199228400,99.62
2008-01-02,1199314800,99.18
2008-01-03,1199401200,97.91
2008-01-06,1199660400,95.09
2008-01-07,1199746800,96.33
2008-01-08,1199833200,95.67
2008-01-09,1199919600,93.71
2008-01-10,1200006000,92.69
2008-01-13,1200265200,94.2
2008-01-14,1200351600,91.9
2008-01-15,1200438000,90.84
2008-01-16,1200524400,89.57
2008-01-17,1200610800,89.92
2008-01-21,1200956400,89.21
2008-01-22,1201042800,86.99
2008-01-23,1201129200,89.41
2008-01-24,1201215600,90.71
2008-01-27,1201474800,90.99
2008-01-28,1201561200,91.64
2008-01-29,1201647600,92.33
2008-01-30,1201734000,91.75
2008-01-31,1201820400,88.96
2008-02-03,1202079600,90.02
2008-02-04,1202166000,88.41
2008-02-05,1202252400,87.14
2008-02-06,1202338800,88.11
2008-02-07,1202425200,91.77
2008-02-10,1202684400,93.59
2008-02-11,1202770800,92.78
2008-02-12,1202857200,93.27
2008-02-13,1202943600,95.46
2008-02-14,1203030000,95.45
2008-02-18,1203375600,99.7
2008-02-19,1203462000,99.7
2008-02-20,1203548400,98.23
2008-02-21,1203634800,98.81
2008-02-24,1203894000,99.23
2008-02-25,1203980400,100.88
2008-02-26,1204066800,99.64
2008-02-27,1204153200,102.59
2008-02-28,1204239600,101.84
2008-03-02,1204498800,102.45
2008-03-03,1204585200,99.52
2008-03-04,1204671600,104.52
2008-03-05,1204758000,105.47
2008-03-06,1204844400,105.15
2008-03-09,1205100000,107.9
2008-03-10,1205186400,108.75
2008-03-11,1205272800,109.92
2008-03-12,1205359200,110.33
2008-03-13,1205445600,110.21
2008-03-16,1205704800,104.23
2008-03-17,1205791200,108.5
2008-03-18,1205877600,102.54
2008-03-19,1205964000,101.84
2008-03-23,1206309600,100.86
2008-03-24,1206396000,101.22
2008-03-25,1206482400,105.9
2008-03-26,1206568800,107.58
2008-03-27,1206655200,105.62
2008-03-30,1206914400,101.58
2008-03-31,1207000800,100.98
2008-04-01,1207087200,104.83
2008-04-02,1207173600,103.83
2008-04-03,1207260000,106.23
2008-04-06,1207519200,109.09
2008-04-07,1207605600,108.5
2008-04-08,1207692000,110.87
2008-04-09,1207778400,110.11
2008-04-10,1207864800,110.14
2008-04-13,1208124000,111.76
2008-04-14,1208210400,113.79
2008-04-15,1208296800,114.93
2008-04-16,1208383200,114.86
2008-04-17,1208469600,116.16
2008-04-20,1208728800,116.63
2008-04-21,1208815200,118.07
2008-04-22,1208901600,118.3
2008-04-23,1208988000,116.06
2008-04-24,1209074400,118.52
2008-04-27,1209333600,118.75
2008-04-28,1209420000,115.63
2008-04-29,1209506400,113.46
2008-04-30,1209592800,112.52
2008-05-01,1209679200,116.32
2008-05-04,1209938400,119.97
2008-05-05,1210024800,121.84
2008-05-06,1210111200,123.53
2008-05-07,1210197600,123.69
2008-05-08,1210284000,125.96
2008-05-11,1210543200,124.23
2008-05-12,1210629600,125.8
2008-05-13,1210716000,124.22
2008-05-14,1210802400,124.12
2008-05-15,1210888800,126.04
2008-05-18,1211148000,126.72
2008-05-19,1211234400,128.98
2008-05-20,1211320800,133.17
2008-05-21,1211407200,130.81
2008-05-22,1211493600,132.19
2008-05-26,1211839200,128.85
2008-05-27,1211925600,131.03
2008-05-28,1212012000,126.62
2008-05-29,1212098400,127.35
2008-06-01,1212357600,127.76
2008-06-02,1212444000,124.31
2008-06-03,1212530400,122.3
2008-06-04,1212616800,127.79
2008-06-05,1212703200,138.54
2008-06-08,1212962400,134.35
2008-06-09,1213048800,131.31
2008-06-10,1213135200,136.38
2008-06-11,1213221600,136.74
2008-06-12,1213308000,134.86
2008-06-15,1213567200,134.61
2008-06-16,1213653600,134.01
2008-06-17,1213740000,137.17
2008-06-18,1213826400,132.6
2008-06-19,1213912800,135.36
2008-06-22,1214172000,136.74
2008-06-23,1214258400,137
2008-06-24,1214344800,134.55
2008-06-25,1214431200,139.64
2008-06-26,1214517600,140.21
2008-06-29,1214776800,140
2008-06-30,1214863200,140.97
2008-07-01,1214949600,143.57
2008-07-02,1215036000,145.29
2008-07-06,1215381600,141.37
2008-07-07,1215468000,136.04
2008-07-08,1215554400,136.05
2008-07-09,1215640800,141.65
2008-07-10,1215727200,145.08
2008-07-13,1215986400,145.18
2008-07-14,1216072800,138.74
2008-07-15,1216159200,134.6
2008-07-16,1216245600,129.29
2008-07-17,1216332000,129.47
2008-07-20,1216591200,131.82
2008-07-21,1216677600,128.42
2008-07-22,1216764000,124.44
2008-07-23,1216850400,125.49
2008-07-24,1216936800,123.26
2008-07-27,1217196000,124.73
2008-07-28,1217282400,122.19
2008-07-29,1217368800,126.77
2008-07-30,1217455200,124.08
2008-07-31,1217541600,125.1
2008-08-03,1217800800,121.41
2008-08-04,1217887200,119.17
2008-08-05,1217973600,118.58
2008-08-06,1218060000,120.02
2008-08-07,1218146400,115.2
2008-08-10,1218405600,114.45
2008-08-11,1218492000,113.01
2008-08-12,1218578400,116
2008-08-13,1218664800,115.01
2008-08-14,1218751200,113.77
2008-08-17,1219010400,112.89
2008-08-18,1219096800,114.54
2008-08-19,1219183200,115.56
2008-08-20,1219269600,121.18
2008-08-21,1219356000,114.59
2008-08-24,1219615200,115.11
2008-08-25,1219701600,116.27
2008-08-26,1219788000,118.15
2008-08-27,1219874400,115.59
2008-08-28,1219960800,115.46
2008-09-01,1220306400,109.71
2008-09-02,1220392800,109.35
2008-09-03,1220479200,107.89
2008-09-04,1220565600,106.23
2008-09-07,1220824800,106.34
2008-09-08,1220911200,103.26
2008-09-09,1220997600,102.58
2008-09-10,1221084000,100.87
2008-09-11,1221170400,101.18
2008-09-14,1221429600,95.71
2008-09-15,1221516000,91.15
2008-09-16,1221602400,97.16
2008-09-17,1221688800,97.54
2008-09-18,1221775200,102.75
2008-09-21,1222034400,109.37
2008-09-22,1222120800,106.61
2008-09-23,1222207200,105.73
2008-09-24,1222293600,108.02
2008-09-25,1222380000,106.89
2008-09-28,1222639200,96.37
2008-09-29,1222725600,100.64
2008-09-30,1222812000,98.53
2008-10-01,1222898400,93.97
2008-10-02,1222984800,93.88
2008-10-05,1223244000,87.81
2008-10-06,1223330400,90.06
2008-10-07,1223416800,88.95
2008-10-08,1223503200,86.59
2008-10-09,1223589600,77.7
2008-10-12,1223848800,81.19
2008-10-13,1223935200,78.63
2008-10-14,1224021600,74.54
2008-10-15,1224108000,69.85
2008-10-16,1224194400,72.13
2008-10-19,1224453600,74.39
2008-10-20,1224540000,72.18
2008-10-21,1224626400,66.75
2008-10-22,1224712800,67.84
2008-10-23,1224799200,64.15
2008-10-26,1225058400,63.22
2008-10-27,1225144800,62.73
2008-10-28,1225231200,67.5
2008-10-29,1225317600,65.96
2008-10-30,1225404000,67.81
2008-11-02,1225666800,63.91
2008-11-03,1225753200,70.53
2008-11-04,1225839600,65.3
2008-11-05,1225926000,60.77
2008-11-06,1226012400,61.04
2008-11-09,1226271600,62.41
2008-11-10,1226358000,59.33
2008-11-11,1226444400,56.16
2008-11-12,1226530800,58.24
2008-11-13,1226617200,57.04
2008-11-16,1226876400,54.95
2008-11-17,1226962800,54.76
2008-11-18,1227049200,54.1
2008-11-19,1227135600,49.42
2008-11-20,1227222000,49.93
2008-11-23,1227481200,54.5
2008-11-24,1227567600,50.77
2008-11-25,1227654000,54.44
2008-11-27,1227826800,54.43
2008-11-30,1228086000,49.28
2008-12-01,1228172400,46.96
2008-12-02,1228258800,46.79
2008-12-03,1228345200,43.67
2008-12-04,1228431600,40.81
2008-12-07,1228690800,43.71
2008-12-08,1228777200,42.07
2008-12-09,1228863600,43.52
2008-12-10,1228950000,47.98
2008-12-11,1229036400,46.28
2008-12-14,1229295600,44.51
2008-12-15,1229382000,43.6
2008-12-16,1229468400,44.61
2008-12-17,1229554800,41.67
2008-12-18,1229641200,42.36
2008-12-21,1229900400,39.91
2008-12-22,1229986800,38.98
2008-12-23,1230073200,35.35
2008-12-25,1230246000,37.71
2008-12-28,1230505200,40.02
2008-12-29,1230591600,39.03
2008-12-30,1230678000,44.6
2009-01-01,1230850800,46.34
2009-01-04,1231110000,48.81
2009-01-05,1231196400,48.58
2009-01-06,1231282800,42.63
2009-01-07,1231369200,41.7
2009-01-08,1231455600,40.83
2009-01-11,1231714800,37.59
2009-01-12,1231801200,37.78
2009-01-13,1231887600,37.28
2009-01-14,1231974000,43.54
2009-01-15,1232060400,42.57
2009-01-18,1232319600,40.84
2009-01-20,1232492400,43.55
2009-01-21,1232578800,43.67
2009-01-22,1232665200,46.47
2009-01-25,1232924400,45.73
2009-01-26,1233010800,41.58
2009-01-27,1233097200,42.16
2009-01-28,1233183600,41.44
2009-01-29,1233270000,41.68
2009-02-01,1233529200,40.08
2009-02-02,1233615600,40.78
2009-02-03,1233702000,40.32
2009-02-04,1233788400,41.17
2009-02-05,1233874800,40.17
2009-02-08,1234134000,39.56
2009-02-09,1234220400,37.55
2009-02-10,1234306800,35.94
2009-02-11,1234393200,33.98
2009-02-12,1234479600,37.51
2009-02-15,1234738800,34.93
2009-02-17,1234911600,37.41
2009-02-18,1234998000,40.18
2009-02-19,1235084400,40.03
2009-02-22,1235343600,38.44
2009-02-23,1235430000,39.96
2009-02-24,1235516400,42.5
2009-02-25,1235602800,45.22
2009-02-26,1235689200,44.76
2009-03-01,1235948400,40.15
2009-03-02,1236034800,41.65
2009-03-03,1236121200,45.38
2009-03-04,1236207600,43.61
2009-03-05,1236294000,45.52
2009-03-08,1236549600,47.07
2009-03-09,1236636000,45.71
2009-03-10,1236722400,42.33
2009-03-11,1236808800,47.03
2009-03-12,1236895200,46.25
2009-03-15,1237154400,47.35
2009-03-16,1237240800,49.16
2009-03-17,1237327200,48.9
2009-03-18,1237413600,52.04
2009-03-19,1237500000,52.07
2009-03-22,1237759200,53.8
2009-03-23,1237845600,53.98
2009-03-24,1237932000,52.77
2009-03-25,1238018400,54.34
2009-03-26,1238104800,52.38
2009-03-29,1238364000,48.41
2009-03-30,1238450400,49.66
2009-03-31,1238536800,48.39
2009-04-01,1238623200,52.64
2009-04-02,1238709600,52.51
2009-04-05,1238968800,51.05
2009-04-06,1239055200,49.15
2009-04-07,1239141600,49.38
2009-04-08,1239228000,52.24
2009-04-12,1239573600,50.05
2009-04-13,1239660000,49.41
2009-04-14,1239746400,49.25
2009-04-15,1239832800,49.98
2009-04-16,1239919200,52.47
2009-04-19,1240178400,48.51
2009-04-20,1240264800,48.55
2009-04-21,1240351200,48.85
2009-04-22,1240437600,49.62
2009-04-23,1240524000,51.55
2009-04-26,1240783200,50.14
2009-04-27,1240869600,49.92
2009-04-28,1240956000,50.97
2009-04-29,1241042400,51.12
2009-04-30,1241128800,53.2
2009-05-03,1241388000,54.47
2009-05-04,1241474400,53.84
2009-05-05,1241560800,56.34
2009-05-06,1241647200,56.71
2009-05-07,1241733600,58.63
2009-05-10,1241992800,58.5
2009-05-11,1242079200,58.85
2009-05-12,1242165600,58.02
2009-05-13,1242252000,58.62
2009-05-14,1242338400,57
2009-05-17,1242597600,59.59
2009-05-18,1242684000,60.1
2009-05-19,1242770400,62.04
2009-05-20,1242856800,61.05
2009-05-21,1242943200,61.67
2009-05-24,1243202400,62.45
2009-05-26,1243375200,63.45
2009-05-27,1243461600,65.08
2009-05-28,1243548000,66.31
2009-05-31,1243807200,68.58
2009-06-01,1243893600,68.55
2009-06-02,1243980000,66.12
2009-06-03,1244066400,68.81
2009-06-04,1244152800,68.44
2009-06-07,1244412000,68.09
2009-06-08,1244498400,70.01
2009-06-09,1244584800,71.33
2009-06-10,1244671200,72.68
2009-06-11,1244757600,72.04
2009-06-14,1245016800,70.62
2009-06-15,1245103200,70.47
2009-06-16,1245189600,71.03
2009-06-17,1245276000,71.91
2009-06-18,1245362400,70.02
2009-06-21,1245621600,67.5
2009-06-22,1245708000,69.24
2009-06-23,1245794400,68.67
2009-06-24,1245880800,70.23
2009-06-25,1245967200,69.16
2009-06-28,1246226400,71.49
2009-06-29,1246312800,69.89
2009-06-30,1246399200,69.31
2009-07-01,1246485600,66.73
2009-07-02,1246572000,64.05
2009-07-06,1246917600,62.93
2009-07-07,1247004000,60.14
2009-07-08,1247090400,60.41
2009-07-09,1247176800,59.89
2009-07-12,1247436000,59.69
2009-07-13,1247522400,59.52
2009-07-14,1247608800,61.54
2009-07-15,1247695200,62.02
2009-07-16,1247781600,64.58
2009-07-19,1248040800,65.29
2009-07-20,1248127200,65.61
2009-07-21,1248213600,65.4
2009-07-22,1248300000,67.16
2009-07-23,1248386400,68.05
2009-07-26,1248645600,68.38
2009-07-27,1248732000,67.23
2009-07-28,1248818400,63.35
2009-07-29,1248904800,66.94
2009-07-30,1248991200,69.45
2009-08-02,1249250400,71.58
2009-08-03,1249336800,71.42
2009-08-04,1249423200,71.97
2009-08-05,1249509600,71.94
2009-08-06,1249596000,70.93
2009-08-09,1249855200,70.6
2009-08-10,1249941600,69.45
2009-08-11,1250028000,70.16
2009-08-12,1250114400,70.52
2009-08-13,1250200800,67.51
2009-08-16,1250460000,66.75
2009-08-17,1250546400,71.09
2009-08-18,1250632800,73.83
2009-08-19,1250719200,72.91
2009-08-20,1250805600,73.89
2009-08-23,1251064800,74.37
2009-08-24,1251151200,72.05
2009-08-25,1251237600,71.43
2009-08-26,1251324000,72.49
2009-08-27,1251410400,72.74
2009-08-30,1251669600,69.96
2009-08-31,1251756000,68.05
2009-09-01,1251842400,68.05
2009-09-02,1251928800,67.96
2009-09-03,1252015200,68.02
2009-09-06,1252274400,71.1
2009-09-08,1252447200,71.31
2009-09-09,1252533600,71.94
2009-09-10,1252620000,69.29
2009-09-13,1252879200,68.86
2009-09-14,1252965600,70.93
2009-09-15,1253052000,72.51
2009-09-16,1253138400,72.47
2009-09-17,1253224800,72.49
2009-09-20,1253484000,69.93
2009-09-21,1253570400,71.76
2009-09-22,1253656800,68.97
2009-09-23,1253743200,65.89
2009-09-24,1253829600,66.02
2009-09-27,1254088800,66.84
2009-09-28,1254175200,66.71
2009-09-29,1254261600,70.61
2009-09-30,1254348000,70.82
2009-10-01,1254434400,69.95
2009-10-04,1254693600,70.41
2009-10-05,1254780000,70.88
2009-10-06,1254866400,69.57
2009-10-07,1254952800,71.69
2009-10-08,1255039200,71.77
2009-10-11,1255298400,73.27
2009-10-12,1255384800,74.15
2009-10-13,1255471200,75.18
2009-10-14,1255557600,77.58
2009-10-15,1255644000,79.02
2009-10-18,1255903200,79.96
2009-10-19,1255989600,79.12
2009-10-20,1256076000,81.37
2009-10-21,1256162400,81.19
2009-10-22,1256248800,80.5
2009-10-25,1256508000,78.68
2009-10-26,1256594400,79.55
2009-10-27,1256680800,77.46
2009-10-28,1256767200,79.87
2009-10-29,1256853600,77
2009-11-01,1257116400,78.13
2009-11-02,1257202800,79.6
2009-11-03,1257289200,80.4
2009-11-04,1257375600,79.62
2009-11-05,1257462000,77.43
2009-11-08,1257721200,79.43
2009-11-09,1257807600,79.05
2009-11-10,1257894000,79.28
2009-11-11,1257980400,76.94
2009-11-12,1258066800,76.35
2009-11-15,1258326000,78.9
2009-11-16,1258412400,79.14
2009-11-17,1258498800,80.1
2009-11-18,1258585200,78.05
2009-11-19,1258671600,77.47
2009-11-22,1258930800,77.56
2009-11-23,1259017200,76.02
2009-11-24,1259103600,77.96
2009-11-25,1259190000,76.05
2009-11-29,1259535600,77.28
2009-11-30,1259622000,78.37
2009-12-01,1259708400,76.6
2009-12-02,1259794800,76.46
2009-12-03,1259881200,75.47
2009-12-06,1260140400,73.93
2009-12-07,1260226800,72.62
2009-12-08,1260313200,70.67
2009-12-09,1260399600,70.54
2009-12-10,1260486000,69.87
2009-12-13,1260745200,69.51
2009-12-14,1260831600,70.69
2009-12-15,1260918000,72.66
2009-12-16,1261004400,74.08
2009-12-17,1261090800,74.42
2009-12-20,1261350000,73.72
2009-12-21,1261436400,74.4
2009-12-22,1261522800,76.67
2009-12-23,1261609200,78.05
2009-12-27,1261954800,78.77
2009-12-28,1262041200,78.87
2009-12-29,1262127600,79.28
2009-12-30,1262214000,79.36
2010-01-03,1262559600,81.51
2010-01-04,1262646000,81.77
2010-01-05,1262732400,83.18
2010-01-06,1262818800,82.66
2010-01-07,1262905200,82.75
2010-01-10,1263164400,82.52
2010-01-11,1263250800,80.79
2010-01-12,1263337200,79.65
2010-01-13,1263423600,79.39
2010-01-14,1263510000,78.37
2010-01-17,1263769200,79.32
2010-01-19,1263942000,77.74
2010-01-20,1264028400,76.08
2010-01-21,1264114800,74.54
2010-01-24,1264374000,75.26
2010-01-25,1264460400,74.71
2010-01-26,1264546800,73.67
2010-01-27,1264633200,73.64
2010-01-28,1264719600,72.89
2010-01-31,1264978800,74.43
2010-02-01,1265065200,77.23
2010-02-02,1265151600,76.98
2010-02-03,1265238000,73.14
2010-02-04,1265324400,71.19
2010-02-07,1265583600,71.89
2010-02-08,1265670000,73.75
2010-02-09,1265756400,74.52
2010-02-10,1265842800,75.28
2010-02-11,1265929200,74.13
2010-02-14,1266188400,77.01
2010-02-16,1266361200,77.33
2010-02-17,1266447600,79.42
2010-02-18,1266534000,80.06
2010-02-21,1266793200,80.31
2010-02-22,1266879600,78.86
2010-02-23,1266966000,80
2010-02-24,1267052400,78.17
2010-02-25,1267138800,79.66
2010-02-28,1267398000,78.7
2010-03-01,1267484400,79.68
2010-03-02,1267570800,80.87
2010-03-03,1267657200,80.21
2010-03-04,1267743600,81.5
2010-03-07,1268002800,81.87
2010-03-08,1268089200,81.49
2010-03-09,1268175600,82.09
2010-03-10,1268262000,82.11
2010-03-11,1268348400,81.24
2010-03-14,1268604000,79.8
2010-03-15,1268690400,81.7
2010-03-16,1268776800,82.93
2010-03-17,1268863200,82.54
2010-03-18,1268949600,80.97
2010-03-21,1269208800,81.6
2010-03-22,1269295200,81.91
2010-03-23,1269381600,80.61
2010-03-24,1269468000,80.53
2010-03-25,1269554400,80
2010-03-28,1269813600,82.17
2010-03-29,1269900000,82.37
2010-03-30,1269986400,83.76
2010-03-31,1270072800,84.87
2010-04-04,1270418400,86.62
2010-04-05,1270504800,86.84
2010-04-06,1270591200,85.88
2010-04-07,1270677600,85.39
2010-04-08,1270764000,84.92
2010-04-11,1271023200,84.34
2010-04-12,1271109600,84.05
2010-04-13,1271196000,85.84
2010-04-14,1271282400,85.51
2010-04-15,1271368800,84.67
2010-04-18,1271628000,83.13
2010-04-19,1271714400,83.85
2010-04-20,1271800800,83.68
2010-04-21,1271887200,83.7
2010-04-22,1271973600,85.12
2010-04-25,1272232800,84.2
2010-04-26,1272319200,82.44
2010-04-27,1272405600,83.22
2010-04-28,1272492000,85.17
2010-04-29,1272578400,86.15
2010-05-02,1272837600,86.19
2010-05-03,1272924000,82.74
2010-05-04,1273010400,79.97
2010-05-05,1273096800,77.11
2010-05-06,1273183200,75.11
2010-05-09,1273442400,76.8
2010-05-10,1273528800,76.37
2010-05-11,1273615200,75.65
2010-05-12,1273701600,74.4
2010-05-13,1273788000,71.61
2010-05-16,1274047200,70.08
2010-05-17,1274133600,72.7
2010-05-18,1274220000,72.48
2010-05-19,1274306400,70.8
2010-05-20,1274392800,70.04
2010-05-23,1274652000,70.21
2010-05-24,1274738400,68.75
2010-05-25,1274824800,71.51
2010-05-26,1274911200,74.55
2010-05-27,1274997600,73.97
2010-05-30,1275256800,72.58
2010-06-01,1275429600,72.86
2010-06-02,1275516000,74.61
2010-06-03,1275602400,71.51
2010-06-06,1275861600,71.44
2010-06-07,1275948000,71.99
2010-06-08,1276034400,74.38
2010-06-09,1276120800,75.48
2010-06-10,1276207200,73.78
2010-06-13,1276466400,75.12
2010-06-14,1276552800,76.94
2010-06-15,1276639200,77.67
2010-06-16,1276725600,76.79
2010-06-17,1276812000,78.26
2010-06-20,1277071200,78.61
2010-06-21,1277157600,77.85
2010-06-22,1277244000,76.35
2010-06-23,1277330400,76.51
2010-06-24,1277416800,78.86
2010-06-27,1277676000,78.25
2010-06-28,1277762400,75.94
2010-06-29,1277848800,75.63
2010-06-30,1277935200,72.95
2010-07-01,1278021600,72.14
2010-07-04,1278280800,71.98
2010-07-06,1278453600,74.07
2010-07-07,1278540000,75.44
2010-07-08,1278626400,76.09
2010-07-11,1278885600,74.95
2010-07-12,1278972000,77.15
2010-07-13,1279058400,77.04
2010-07-14,1279144800,76.62
2010-07-15,1279231200,76.38
2010-07-18,1279490400,76.9
2010-07-19,1279576800,77.58
2010-07-20,1279663200,76.56
2010-07-21,1279749600,79.3
2010-07-22,1279836000,78.98
2010-07-25,1280095200,78.98
2010-07-26,1280181600,77.5
2010-07-27,1280268000,76.99
2010-07-28,1280354400,78.36
2010-07-29,1280440800,78.95
2010-08-01,1280700000,81.34
2010-08-02,1280786400,82.55
2010-08-03,1280872800,82.47
2010-08-04,1280959200,82.01
2010-08-05,1281045600,80.7
2010-08-08,1281304800,81.48
2010-08-09,1281391200,80.25
2010-08-10,1281477600,78.02
2010-08-11,1281564000,75.74
2010-08-12,1281650400,75.39
2010-08-15,1281909600,75.24
2010-08-16,1281996000,75.77
2010-08-17,1282082400,75.78
2010-08-18,1282168800,74.77
2010-08-19,1282255200,73.82
2010-08-22,1282514400,73.1
2010-08-23,1282600800,71.63
2010-08-24,1282687200,72.52
2010-08-25,1282773600,73.36
2010-08-26,1282860000,75.17
2010-08-29,1283119200,74.7
2010-08-30,1283205600,71.92
2010-08-31,1283292000,73.91
2010-09-01,1283378400,75.02
2010-09-02,1283464800,74.6
2010-09-05,1283724000,74.09
2010-09-07,1283896800,74.67
2010-09-08,1283983200,74.25
2010-09-09,1284069600,76.45
2010-09-12,1284328800,77.19
2010-09-13,1284415200,76.8
2010-09-14,1284501600,76.02
2010-09-15,1284588000,74.57
2010-09-16,1284674400,74.92
2010-09-19,1284933600,76.19
2010-09-20,1285020000,74.97
2010-09-21,1285106400,74.71
2010-09-22,1285192800,75.18
2010-09-23,1285279200,76.49
2010-09-26,1285538400,76.52
2010-09-27,1285624800,76.18
2010-09-28,1285711200,77.86
2010-09-29,1285797600,79.97
2010-09-30,1285884000,81.58
2010-10-03,1286143200,81.47
2010-10-04,1286229600,82.82
2010-10-05,1286316000,83.23
2010-10-06,1286402400,81.67
2010-10-07,1286488800,82.66
2010-10-10,1286748000,82.21
2010-10-11,1286834400,81.67
2010-10-12,1286920800,83.01
2010-10-13,1287007200,82.69
2010-10-14,1287093600,81.25
2010-10-17,1287352800,83.8
2010-10-18,1287439200,80.16
2010-10-19,1287525600,82.54
2010-10-20,1287612000,80.56
2010-10-21,1287698400,81.69
2010-10-24,1287957600,82.52
2010-10-25,1288044000,82.55
2010-10-26,1288130400,81.94
2010-10-27,1288216800,82.18
2010-10-28,1288303200,81.43
2010-10-31,1288562400,82.95
2010-11-01,1288648800,83.9
2010-11-02,1288735200,84.69
2010-11-03,1288821600,86.49
2010-11-04,1288908000,86.85
2010-11-07,1289170800,87.06
2010-11-08,1289257200,86.72
2010-11-09,1289343600,87.81
2010-11-10,1289430000,87.81
2010-11-11,1289516400,84.88
2010-11-14,1289775600,84.86
2010-11-15,1289862000,82.34
2010-11-16,1289948400,81.04
2010-11-17,1290034800,82.42
2010-11-18,1290121200,81.98
2010-11-21,1290380400,81.74
2010-11-22,1290466800,81.25
2010-11-23,1290553200,83.86
2010-11-24,1290639600,83.76
2010-11-28,1290985200,85.73
2010-11-29,1291071600,84.11
2010-11-30,1291158000,86.75
2010-12-01,1291244400,88
2010-12-02,1291330800,89.19
2010-12-05,1291590000,89.38
2010-12-06,1291676400,88.69
2010-12-07,1291762800,88.28
2010-12-08,1291849200,88.37
2010-12-09,1291935600,87.79
2010-12-12,1292194800,88.61
2010-12-13,1292281200,88.28
2010-12-14,1292367600,88.62
2010-12-15,1292454000,88.4
2010-12-16,1292540400,88.6
2010-12-19,1292799600,89.37
2010-12-20,1292886000,89.82
2010-12-21,1292972400,90.48
2010-12-22,1293058800,91.51
2010-12-26,1293404400,91
2010-12-27,1293490800,91.49
2010-12-28,1293577200,91.12
2010-12-29,1293663600,89.84
2010-12-30,1293750000,91.38
2011-01-02,1294009200,91.55
2011-01-03,1294095600,89.38
2011-01-04,1294182000,90.3
2011-01-05,1294268400,88.38
2011-01-06,1294354800,88.03
2011-01-09,1294614000,89.25
2011-01-10,1294700400,91.11
2011-01-11,1294786800,91.86
2011-01-12,1294873200,91.4
2011-01-13,1294959600,91.54
2011-01-16,1295218800,92.31
2011-01-18,1295391600,91.81
2011-01-19,1295478000,89.59
2011-01-20,1295564400,89.11
2011-01-23,1295823600,87.87
2011-01-24,1295910000,86.19
2011-01-25,1295996400,87.33
2011-01-26,1296082800,85.64
2011-01-27,1296169200,89.34
2011-01-30,1296428400,92.19
2011-01-31,1296514800,90.77
2011-02-01,1296601200,90.86
2011-02-02,1296687600,90.54
2011-02-03,1296774000,89.03
2011-02-06,1297033200,87.48
2011-02-07,1297119600,86.94
2011-02-08,1297206000,86.71
2011-02-09,1297292400,86.73
2011-02-10,1297378800,85.58
2011-02-13,1297638000,84.81
2011-02-14,1297724400,84.32
2011-02-15,1297810800,84.99
2011-02-16,1297897200,88.84
2011-02-17,1297983600,89.71
2011-02-20,1298242800,95.42
2011-02-22,1298415600,98.1
2011-02-23,1298502000,97.28
2011-02-24,1298588400,97.88
2011-02-27,1298847600,96.97
2011-02-28,1298934000,99.63
2011-03-01,1299020400,102.23
2011-03-02,1299106800,101.91
2011-03-03,1299193200,104.42
2011-03-06,1299452400,105.44
2011-03-07,1299538800,105.02
2011-03-08,1299625200,104.38
2011-03-09,1299711600,102.7
2011-03-10,1299798000,101.16
2011-03-13,1300053600,101.19
2011-03-14,1300140000,97.18
2011-03-15,1300226400,97.98
2011-03-16,1300312800,101.42
2011-03-17,1300399200,101.85
2011-03-20,1300658400,103.09
2011-03-21,1300744800,104.97
2011-03-22,1300831200,105.75
2011-03-23,1300917600,105.6
2011-03-24,1301004000,105.4
2011-03-27,1301263200,103.98
2011-03-28,1301349600,104.79
2011-03-29,1301436000,104.27
2011-03-30,1301522400,106.72
2011-03-31,1301608800,107.94
2011-04-03,1301868000,108.47
2011-04-04,1301954400,108.34
2011-04-05,1302040800,108.83
2011-04-06,1302127200,110.3
2011-04-07,1302213600,112.79
2011-04-10,1302472800,109.92
2011-04-11,1302559200,106.25
2011-04-12,1302645600,107.11
2011-04-13,1302732000,108.11
2011-04-14,1302818400,110.22
2011-04-17,1303077600,107.69
2011-04-18,1303164000,108.28
2011-04-19,1303250400,111.45
2011-04-20,1303336800,112.29
2011-04-24,1303682400,112.28
2011-04-25,1303768800,112.21
2011-04-26,1303855200,112.76
2011-04-27,1303941600,112.86
2011-04-28,1304028000,113.93
2011-05-01,1304287200,113.52
2011-05-02,1304373600,111.05
2011-05-03,1304460000,109.24
2011-05-04,1304546400,99.8
2011-05-05,1304632800,97.18
2011-05-08,1304892000,102.55
2011-05-09,1304978400,103.88
2011-05-10,1305064800,98.21
2011-05-11,1305151200,98.97
2011-05-12,1305237600,99.65
2011-05-15,1305496800,97.37
2011-05-16,1305583200,96.91
2011-05-17,1305669600,100.56
2011-05-18,1305756000,98.93
2011-05-19,1305842400,100.1
2011-05-22,1306101600,97.7
2011-05-23,1306188000,99.59
2011-05-24,1306274400,101.32
2011-05-25,1306360800,100.23
2011-05-26,1306447200,100.59
2011-05-29,1306706400,102.7
2011-05-31,1306879200,100.29
2011-06-01,1306965600,100.4
2011-06-02,1307052000,100.22
2011-06-05,1307311200,99.01
2011-06-06,1307397600,99.09
2011-06-07,1307484000,100.74
2011-06-08,1307570400,101.93
2011-06-09,1307656800,99.29
2011-06-12,1307916000,97.3
2011-06-13,1308002400,99.37
2011-06-14,1308088800,94.81
2011-06-15,1308175200,94.95
2011-06-16,1308261600,93.4
2011-06-19,1308520800,93.63
2011-06-20,1308607200,94.17
2011-06-21,1308693600,95.41
2011-06-22,1308780000,91.02
2011-06-23,1308866400,91.16
2011-06-26,1309125600,90.61
2011-06-27,1309212000,92.89
2011-06-28,1309298400,94.77
2011-06-29,1309384800,95.42
2011-06-30,1309471200,94.94
2011-07-03,1309730400,96.89
2011-07-05,1309903200,96.65
2011-07-06,1309989600,98.67
2011-07-07,1310076000,96.2
2011-07-10,1310335200,95.15
2011-07-11,1310421600,97.43
2011-07-12,1310508000,98.05
2011-07-13,1310594400,95.69
2011-07-14,1310680800,97.24
2011-07-17,1310940000,96.25
2011-07-18,1311026400,97.86
2011-07-19,1311112800,98.4
2011-07-20,1311199200,99.13
2011-07-21,1311285600,99.87
2011-07-24,1311544800,99.2
2011-07-25,1311631200,99.59
2011-07-26,1311717600,97.4
2011-07-27,1311804000,97.44
2011-07-28,1311890400,95.7
2011-07-31,1312149600,94.89
2011-08-01,1312236000,93.79
2011-08-02,1312322400,91.93
2011-08-03,1312408800,86.63
2011-08-04,1312495200,86.88
2011-08-07,1312754400,81.31
2011-08-08,1312840800,79.3
2011-08-09,1312927200,82.89
2011-08-10,1313013600,85.72
2011-08-11,1313100000,85.38
2011-08-14,1313359200,87.88
2011-08-15,1313445600,86.65
2011-08-16,1313532000,87.58
2011-08-17,1313618400,82.51
2011-08-18,1313704800,82.41
2011-08-21,1313964000,84.42
2011-08-22,1314050400,85.44
2011-08-23,1314136800,85.16
2011-08-24,1314223200,85.3
2011-08-25,1314309600,85.37
2011-08-28,1314568800,87.27
2011-08-29,1314655200,88.9
2011-08-30,1314741600,88.81
2011-08-31,1314828000,88.93
2011-09-01,1314914400,86.45
2011-09-04,1315173600,86.02
2011-09-06,1315346400,89.34
2011-09-07,1315432800,89.05
2011-09-08,1315519200,87.24
2011-09-11,1315778400,88.19
2011-09-12,1315864800,90.21
2011-09-13,1315951200,88.91
2011-09-14,1316037600,89.4
2011-09-15,1316124000,88.18
2011-09-18,1316383200,85.81
2011-09-19,1316469600,86.92
2011-09-20,1316556000,85.92
2011-09-21,1316642400,80.51
2011-09-22,1316728800,79.85
2011-09-25,1316988000,80.24
2011-09-26,1317074400,84.45
2011-09-27,1317160800,81.21
2011-09-28,1317247200,82.14
2011-09-29,1317333600,79.2
2011-10-02,1317592800,77.61
2011-10-03,1317679200,75.67
2011-10-04,1317765600,79.68
2011-10-05,1317852000,82.59
2011-10-06,1317938400,82.98
2011-10-09,1318197600,85.41
2011-10-10,1318284000,85.81
2011-10-11,1318370400,85.57
2011-10-12,1318456800,84.23
2011-10-13,1318543200,86.8
2011-10-16,1318802400,86.38
2011-10-17,1318888800,88.53
2011-10-18,1318975200,86.29
2011-10-19,1319061600,86.07
2011-10-20,1319148000,87.4
2011-10-23,1319407200,91.27
2011-10-24,1319493600,93.17
2011-10-25,1319580000,90.2
2011-10-26,1319666400,93.96
2011-10-27,1319752800,93.32
2011-10-30,1320012000,93.19
2011-10-31,1320098400,92.19
2011-11-01,1320184800,92.51
2011-11-02,1320271200,94.07
2011-11-03,1320357600,94.26
2011-11-06,1320620400,95.52
2011-11-07,1320706800,96.8
2011-11-08,1320793200,95.74
2011-11-09,1320879600,97.78
2011-11-10,1320966000,98.99
2011-11-13,1321225200,98.14
2011-11-14,1321311600,99.37
2011-11-15,1321398000,102.6
2011-11-16,1321484400,98.93
2011-11-17,1321570800,97.67
2011-11-20,1321830000,96.92
2011-11-21,1321916400,98.01
2011-11-22,1322002800,96.17
2011-11-23,1322089200,96.77
2011-11-27,1322434800,98.21
2011-11-28,1322521200,99.79
2011-11-29,1322607600,100.36
2011-11-30,1322694000,100.2
2011-12-01,1322780400,100.96
2011-12-04,1323039600,100.99
2011-12-05,1323126000,101.28
2011-12-06,1323212400,100.49
2011-12-07,1323298800,98.34
2011-12-08,1323385200,99.41
2011-12-11,1323644400,97.77
2011-12-12,1323730800,100.14
2011-12-13,1323817200,94.95
2011-12-14,1323903600,93.87
2011-12-15,1323990000,93.75
2011-12-18,1324249200,94.05
2011-12-19,1324335600,97.24
2011-12-20,1324422000,98.67
2011-12-21,1324508400,99.53
2011-12-22,1324594800,99.68
2011-12-26,1324940400,101.34
2011-12-27,1325026800,99.36
2011-12-28,1325113200,99.65
2011-12-29,1325199600,98.83
2012-01-02,1325545200,102.96
2012-01-03,1325631600,103.22
2012-01-04,1325718000,101.81
2012-01-05,1325804400,101.56
2012-01-08,1326063600,101.31
2012-01-09,1326150000,102.24
2012-01-10,1326236400,100.87
2012-01-11,1326322800,99.1
2012-01-12,1326409200,98.7
2012-01-15,1326668400,100.71
2012-01-17,1326841200,100.76
2012-01-18,1326927600,100.54
2012-01-19,1327014000,98.33
2012-01-22,1327273200,99.58
2012-01-23,1327359600,98.95
2012-01-24,1327446000,99.4
2012-01-25,1327532400,99.7
2012-01-26,1327618800,99.56
2012-01-29,1327878000,98.78
2012-01-30,1327964400,98.48
2012-01-31,1328050800,97.61
2012-02-01,1328137200,96.36
2012-02-02,1328223600,97.84
2012-02-05,1328482800,96.91
2012-02-06,1328569200,98.41
2012-02-07,1328655600,98.71
2012-02-08,1328742000,99.84
2012-02-09,1328828400,98.67
2012-02-12,1329087600,100.91
2012-02-13,1329174000,100.74
2012-02-14,1329260400,101.8
2012-02-15,1329346800,102.64
2012-02-16,1329433200,103.6
2012-02-19,1329692400,106.25
2012-02-21,1329865200,106.28
2012-02-22,1329951600,107.83
2012-02-23,1330038000,109.77
2012-02-26,1330297200,108.56
2012-02-27,1330383600,106.55
2012-02-28,1330470000,107.07
2012-02-29,1330556400,108.84
2012-03-01,1330642800,106.7
2012-03-04,1330902000,106.72
2012-03-05,1330988400,104.7
2012-03-06,1331074800,106.16
2012-03-07,1331161200,106.58
2012-03-08,1331247600,107.4
2012-03-11,1331503200,106.34
2012-03-12,1331589600,106.71
2012-03-13,1331676000,105.43
2012-03-14,1331762400,105.11
2012-03-15,1331848800,107.58
2012-03-18,1332108000,108.56
2012-03-19,1332194400,106.07
2012-03-20,1332280800,107.27
2012-03-21,1332367200,105.35
2012-03-22,1332453600,106.87
2012-03-25,1332712800,107.03
2012-03-26,1332799200,107.33
2012-03-27,1332885600,105.41
2012-03-28,1332972000,102.78
2012-03-29,1333058400,103.02
2012-04-01,1333317600,105.23
2012-04-02,1333404000,104.01
2012-04-03,1333490400,101.47
2012-04-04,1333576800,103.31
2012-04-08,1333922400,102.46
2012-04-09,1334008800,101.02
2012-04-10,1334095200,102.7
2012-04-11,1334181600,103.64
2012-04-12,1334268000,102.83
2012-04-15,1334527200,102.93
2012-04-16,1334613600,104.2
2012-04-17,1334700000,103.12
2012-04-18,1334786400,102.72
2012-04-19,1334872800,103.88
2012-04-22,1335132000,103.11
2012-04-23,1335218400,103.55
2012-04-24,1335304800,104.12
2012-04-25,1335391200,104.55
2012-04-26,1335477600,104.93
2012-04-29,1335736800,104.87
2012-04-30,1335823200,106.16
2012-05-01,1335909600,105.22
2012-05-02,1335996000,102.54
2012-05-03,1336082400,98.49
2012-05-06,1336341600,97.94
2012-05-07,1336428000,97.01
2012-05-08,1336514400,96.81
2012-05-09,1336600800,97.08
2012-05-10,1336687200,96.13
2012-05-13,1336946400,94.78
2012-05-14,1337032800,93.98
2012-05-15,1337119200,92.81
2012-05-16,1337205600,92.56
2012-05-17,1337292000,91.8
2012-05-20,1337551200,92.86
2012-05-21,1337637600,91.85
2012-05-22,1337724000,89.9
2012-05-23,1337810400,90.66
2012-05-24,1337896800,90.86
2012-05-27,1338156000,90.76
2012-05-29,1338328800,87.82
2012-05-30,1338415200,86.53
2012-05-31,1338501600,83.23
2012-06-03,1338760800,83.98
2012-06-04,1338847200,84.29
2012-06-05,1338933600,85.02
2012-06-06,1339020000,84.82
2012-06-07,1339106400,84.1
2012-06-10,1339365600,82.7
2012-06-11,1339452000,83.32
2012-06-12,1339538400,82.62
2012-06-13,1339624800,83.91
2012-06-14,1339711200,84.03
2012-06-17,1339970400,83.6
2012-06-18,1340056800,84.35
2012-06-19,1340143200,81.45
2012-06-20,1340229600,78.2
2012-06-21,1340316000,79.76
2012-06-24,1340575200,79.21
2012-06-25,1340661600,79.36
2012-06-26,1340748000,80.21
2012-06-27,1340834400,77.69
2012-06-28,1340920800,84.96
2012-07-01,1341180000,83.75
2012-07-02,1341266400,87.66
2012-07-03,1341352800,87.22
2012-07-05,1341525600,84.45
2012-07-08,1341784800,85.99
2012-07-09,1341871200,83.91
2012-07-10,1341957600,85.81
2012-07-11,1342044000,86.08
2012-07-12,1342130400,87.1
2012-07-15,1342389600,88.43
2012-07-16,1342476000,89.22
2012-07-17,1342562400,90.17
2012-07-18,1342648800,92.97
2012-07-19,1342735200,91.83
2012-07-22,1342994400,88.14
2012-07-23,1343080800,88.5
2012-07-24,1343167200,88.97
2012-07-25,1343253600,89.39
2012-07-26,1343340000,90.13
2012-07-29,1343599200,89.78
2012-07-30,1343685600,88.06
2012-07-31,1343772000,88.91
2012-08-01,1343858400,87.13
2012-08-02,1343944800,91.4
2012-08-05,1344204000,92.2
2012-08-06,1344290400,93.67
2012-08-07,1344376800,93.35
2012-08-08,1344463200,93.36
2012-08-09,1344549600,92.87
2012-08-12,1344808800,92.73
2012-08-13,1344895200,93.43
2012-08-14,1344981600,94.33
2012-08-15,1345068000,95.6
2012-08-16,1345154400,96.32
2012-08-19,1345413600,96.26
2012-08-20,1345500000,96.84
2012-08-21,1345586400,97.26
2012-08-22,1345672800,96.27
2012-08-23,1345759200,96.15
2012-08-26,1346018400,95.47
2012-08-27,1346104800,96.33
2012-08-28,1346191200,95.49
2012-08-29,1346277600,94.62
2012-08-30,1346364000,96.47
2012-09-02,1346623200,95.3
2012-09-04,1346796000,95.36
2012-09-05,1346882400,95.53
2012-09-06,1346968800,96.42
2012-09-09,1347228000,96.54
2012-09-10,1347314400,97.17
2012-09-11,1347400800,97.01
2012-09-12,1347487200,98.31
2012-09-13,1347573600,99
2012-09-16,1347832800,96.62
2012-09-17,1347919200,95.62
2012-09-18,1348005600,92.3
2012-09-19,1348092000,92.42
2012-09-20,1348178400,92.89
2012-09-23,1348437600,91.93
2012-09-24,1348524000,91.37
2012-09-25,1348610400,89.98
2012-09-26,1348696800,91.85
2012-09-27,1348783200,92.19
2012-09-30,1349042400,92.48
2012-10-01,1349128800,91.89
2012-10-02,1349215200,88.14
2012-10-03,1349301600,91.71
2012-10-04,1349388000,89.88
2012-10-07,1349647200,89.33
2012-10-08,1349733600,92.39
2012-10-09,1349820000,91.25
2012-10-10,1349906400,92.07
2012-10-11,1349992800,91.86
2012-10-14,1350252000,91.85
2012-10-15,1350338400,92.09
2012-10-16,1350424800,92.12
2012-10-17,1350511200,92.53
2012-10-18,1350597600,90.44
2012-10-21,1350856800,88.65
2012-10-22,1350943200,86.67
2012-10-23,1351029600,85.73
2012-10-24,1351116000,86.05
2012-10-25,1351202400,86.28
2012-10-28,1351461600,85.54
2012-10-29,1351548000,85.68
2012-10-30,1351634400,86.24
2012-10-31,1351720800,87.09
2012-11-01,1351807200,84.86
2012-11-04,1352070000,85.65
2012-11-05,1352156400,88.71
2012-11-06,1352242800,84.44
2012-11-07,1352329200,85.09
2012-11-08,1352415600,86.07
2012-11-11,1352674800,85.57
2012-11-12,1352761200,85.38
2012-11-13,1352847600,86.75
2012-11-14,1352934000,85.87
2012-11-15,1353020400,86.92
2012-11-18,1353279600,89.28
2012-11-19,1353366000,86.75
2012-11-20,1353452400,87.38
2012-11-21,1353538800,88.28
2012-11-25,1353884400,87.74
2012-11-26,1353970800,87.18
2012-11-27,1354057200,86.49
2012-11-28,1354143600,88.07
2012-11-29,1354230000,88.91
2012-12-02,1354489200,89.09
2012-12-03,1354575600,88.5
2012-12-04,1354662000,87.88
2012-12-05,1354748400,86.26
2012-12-06,1354834800,85.93
2012-12-09,1355094000,85.56
2012-12-10,1355180400,85.79
2012-12-11,1355266800,86.77
2012-12-12,1355353200,85.89
2012-12-13,1355439600,86.73
2012-12-16,1355698800,87.67
2012-12-17,1355785200,88.4
2012-12-18,1355871600,89.98
2012-12-19,1355958000,90.13
2012-12-20,1356044400,88.66
2012-12-23,1356303600,88.61
2012-12-25,1356476400,90.98
2012-12-26,1356562800,90.87
2012-12-27,1356649200,90.8
2012-12-30,1356908400,91.82
2013-01-01,1357081200,93.12
2013-01-02,1357167600,92.92
2013-01-03,1357254000,93.09
2013-01-06,1357513200,93.19
2013-01-07,1357599600,93.15
2013-01-08,1357686000,93.1
2013-01-09,1357772400,93.82
2013-01-10,1357858800,93.56
2013-01-13,1358118000,94.14
2013-01-14,1358204400,93.28
2013-01-15,1358290800,94.24
2013-01-16,1358377200,95.94
2013-01-17,1358463600,96.04
2013-01-20,1358722800,96.68
2013-01-22,1358895600,95.23
2013-01-23,1358982000,95.95
2013-01-24,1359068400,95.88
2013-01-27,1359327600,96.44
2013-01-28,1359414000,97.57
2013-01-29,1359500400,97.94
2013-01-30,1359586800,97.49
2013-01-31,1359673200,97.77
2013-02-03,1359932400,96.17
2013-02-04,1360018800,96.64
2013-02-05,1360105200,96.62
2013-02-06,1360191600,95.83
2013-02-07,1360278000,95.72
2013-02-10,1360537200,97.03
2013-02-11,1360623600,97.51
2013-02-12,1360710000,97.01
2013-02-13,1360796400,97.31
2013-02-14,1360882800,96.41
2013-02-17,1361142000,97.1
2013-02-19,1361314800,95.22
2013-02-20,1361401200,92.84
2013-02-21,1361487600,93.13
2013-02-24,1361746800,93.11
2013-02-25,1361833200,92.63
2013-02-26,1361919600,92.76
2013-02-27,1362006000,92.05
2013-02-28,1362092400,90.68
2013-03-03,1362351600,90.12
2013-03-04,1362438000,90.82
2013-03-05,1362524400,90.43
2013-03-06,1362610800,91.56
2013-03-07,1362697200,91.95
2013-03-10,1362952800,92.06
2013-03-11,1363039200,92.54
2013-03-12,1363125600,92.52
2013-03-13,1363212000,93.03
2013-03-14,1363298400,93.45
2013-03-17,1363557600,94.11
2013-03-18,1363644000,92.52
2013-03-19,1363730400,93.5
2013-03-20,1363816800,92.45
2013-03-21,1363903200,93.71
2013-03-24,1364162400,94.81
2013-03-25,1364248800,96.34
2013-03-26,1364335200,96.58
2013-03-27,1364421600,97.23
2013-03-31,1364767200,97.07
2013-04-01,1364853600,97.19
2013-04-02,1364940000,94.45
2013-04-03,1365026400,93.26
2013-04-04,1365112800,92.7
2013-04-07,1365372000,93.36
2013-04-08,1365458400,94.2
2013-04-09,1365544800,94.64
2013-04-10,1365631200,93.51
2013-04-11,1365717600,91.29
2013-04-14,1365976800,88.71
2013-04-15,1366063200,88.72
2013-04-16,1366149600,86.68
2013-04-17,1366236000,88
2013-04-18,1366322400,88.27
2013-04-21,1366581600,89.19
2013-04-22,1366668000,89.18
2013-04-23,1366754400,91.43
2013-04-24,1366840800,93.64
2013-04-25,1366927200,93
2013-04-28,1367186400,94.5
2013-04-29,1367272800,93.46
2013-04-30,1367359200,91.03
2013-05-01,1367445600,93.99
2013-05-02,1367532000,95.61
2013-05-05,1367791200,96.16
2013-05-06,1367877600,95.62
2013-05-07,1367964000,96.62
2013-05-08,1368050400,96.39
2013-05-09,1368136800,96.04
2013-05-12,1368396000,95.17
2013-05-13,1368482400,94.21
2013-05-14,1368568800,94.3
2013-05-15,1368655200,95.16
2013-05-16,1368741600,96.29
2013-05-19,1369000800,96.93
2013-05-20,1369087200,96.18
2013-05-21,1369173600,94.28
2013-05-22,1369260000,94.25
2013-05-23,1369346400,94.15
2013-05-26,1369605600,95.01
2013-05-28,1369778400,93.13
2013-05-29,1369864800,93.61
2013-05-30,1369951200,91.97
2013-06-02,1370210400,93.45
2013-06-03,1370296800,93.31
2013-06-04,1370383200,93.74
2013-06-05,1370469600,94.76
2013-06-06,1370556000,96.03
2013-06-09,1370815200,95.77
2013-06-10,1370901600,95.38
2013-06-11,1370988000,95.88
2013-06-12,1371074400,96.69
2013-06-13,1371160800,97.85
2013-06-16,1371420000,97.77
2013-06-17,1371506400,98.67
2013-06-18,1371592800,98.48
2013-06-19,1371679200,95.14
2013-06-20,1371765600,93.69
2013-06-23,1372024800,95.18
2013-06-24,1372111200,95.32
2013-06-25,1372197600,95.5
2013-06-26,1372284000,97.05
2013-06-27,1372370400,96.56
2013-06-30,1372629600,97.99
2013-07-01,1372716000,99.6
2013-07-02,1372802400,101.24
2013-07-03,1372888800,103.22
2013-07-07,1373234400,103.14
2013-07-08,1373320800,103.53
2013-07-09,1373407200,106.52
2013-07-10,1373493600,104.91
2013-07-11,1373580000,105.95
2013-07-14,1373839200,106.32
2013-07-15,1373925600,106
2013-07-16,1374012000,106.48
2013-07-17,1374098400,107.81
2013-07-18,1374184800,107.87
2013-07-21,1374444000,106.94
2013-07-22,1374530400,107.23
2013-07-23,1374616800,105.39
2013-07-24,1374703200,105.49
2013-07-25,1374789600,104.7
2013-07-28,1375048800,104.55
2013-07-29,1375135200,103.08
2013-07-30,1375221600,105.03
2013-07-31,1375308000,107.89
2013-08-01,1375394400,106.94
2013-08-04,1375653600,106.56
2013-08-05,1375740000,105.3
2013-08-06,1375826400,104.37
2013-08-07,1375912800,103.4
2013-08-08,1375999200,105.97
2013-08-11,1376258400,106.11
2013-08-12,1376344800,106.83
2013-08-13,1376431200,106.85
2013-08-14,1376517600,107.33
2013-08-15,1376604000,107.29
2013-08-18,1376863200,106.86
2013-08-19,1376949600,105.11
2013-08-20,1377036000,103.85
2013-08-21,1377122400,105.03
2013-08-22,1377208800,106.42
2013-08-25,1377468000,105.92
2013-08-26,1377554400,109.01
2013-08-27,1377640800,110.1
2013-08-28,1377727200,108.8
2013-08-29,1377813600,107.65
2013-09-01,1378072800,108.54
2013-09-03,1378245600,107.23
2013-09-04,1378332000,108.37
2013-09-05,1378418400,110.53
2013-09-08,1378677600,109.52
2013-09-09,1378764000,107.39
2013-09-10,1378850400,107.56
2013-09-11,1378936800,108.6
2013-09-12,1379023200,108.21
2013-09-15,1379282400,106.59
2013-09-16,1379368800,105.42
2013-09-17,1379455200,107.28
2013-09-18,1379541600,105.86
2013-09-19,1379628000,104.75
2013-09-22,1379887200,103.59
2013-09-23,1379973600,103.13
2013-09-24,1380060000,102.66
2013-09-25,1380146400,103.03
2013-09-26,1380232800,102.87
2013-09-29,1380492000,102.33
2013-09-30,1380578400,102.04
2013-10-01,1380664800,104.1
2013-10-02,1380751200,103.31
2013-10-03,1380837600,103.84
2013-10-06,1381096800,103.03
2013-10-07,1381183200,103.49
2013-10-08,1381269600,101.61
2013-10-09,1381356000,103.01
2013-10-10,1381442400,102.02
2013-10-13,1381701600,102.41
2013-10-14,1381788000,101.21
2013-10-15,1381874400,102.29
2013-10-16,1381960800,100.67
2013-10-17,1382047200,101.11
2013-10-20,1382306400,99.68
2013-10-21,1382392800,98.3
2013-10-22,1382479200,96.86
2013-10-23,1382565600,97.11
2013-10-24,1382652000,97.85
2013-10-27,1382911200,98.68
2013-10-28,1382997600,98.2
2013-10-29,1383084000,96.77
2013-10-30,1383170400,96.38
2013-10-31,1383256800,94.61
2013-11-03,1383519600,94.62
2013-11-04,1383606000,93.37
2013-11-05,1383692400,94.8
2013-11-06,1383778800,94.2
2013-11-07,1383865200,94.6
2013-11-10,1384124400,95.14
2013-11-11,1384210800,93.04
2013-11-12,1384297200,93.88
2013-11-13,1384383600,93.76
2013-11-14,1384470000,93.84
2013-11-17,1384729200,93.68
2013-11-18,1384815600,93.89
2013-11-19,1384902000,93.85
2013-11-20,1384988400,95.44
2013-11-21,1385074800,94.84
2013-11-24,1385334000,94.09
2013-11-25,1385420400,93.68
2013-11-26,1385506800,92.3
2013-11-27,1385593200,92.72
2013-12-01,1385938800,93.82
2013-12-02,1386025200,96.04
2013-12-03,1386111600,97.2
2013-12-04,1386198000,97.38
2013-12-05,1386284400,97.65
2013-12-08,1386543600,97.34
2013-12-09,1386630000,98.51
2013-12-10,1386716400,97.44
2013-12-11,1386802800,97.5
2013-12-12,1386889200,96.6
2013-12-15,1387148400,97.48
2013-12-16,1387234800,97.47
2013-12-17,1387321200,98.06
2013-12-18,1387407600,99.04
2013-12-19,1387494000,99.32
2013-12-22,1387753200,98.91
2013-12-23,1387839600,99.22
2013-12-25,1388012400,99.55
2013-12-26,1388098800,100.32
2013-12-29,1388358000,99.29
2013-12-30,1388444400,98.42
2014-01-01,1388617200,95.44
2014-01-02,1388703600,93.96
2014-01-05,1388962800,93.43
2014-01-06,1389049200,93.67
2014-01-07,1389135600,92.33
2014-01-08,1389222000,91.66
2014-01-09,1389308400,92.72
2014-01-12,1389567600,91.8
2014-01-13,1389654000,92.59
2014-01-14,1389740400,94.17
2014-01-15,1389826800,94.1
2014-01-16,1389913200,94.59
2014-01-19,1390172400,94.97
2014-01-21,1390345200,96.73
2014-01-22,1390431600,97.32
2014-01-23,1390518000,96.64
2014-01-26,1390777200,95.72
2014-01-27,1390863600,97.41
2014-01-28,1390950000,97.36
2014-01-29,1391036400,98.23
2014-01-30,1391122800,97.49
2014-02-02,1391382000,96.43
2014-02-03,1391468400,97.19
2014-02-04,1391554800,97.38
2014-02-05,1391641200,97.84
2014-02-06,1391727600,99.88
2014-02-09,1391986800,100.06
2014-02-10,1392073200,99.94
2014-02-11,1392159600,100.37
2014-02-12,1392246000,100.35
2014-02-13,1392332400,100.3
2014-02-16,1392591600,102.1
2014-02-18,1392764400,102.84
2014-02-19,1392850800,102.75
2014-02-20,1392937200,102.2
2014-02-23,1393196400,102.82
2014-02-24,1393282800,101.83
2014-02-25,1393369200,102.59
2014-02-26,1393455600,102.4
2014-02-27,1393542000,102.59
2014-03-02,1393801200,104.92
2014-03-03,1393887600,103.33
2014-03-04,1393974000,101.45
2014-03-05,1394060400,101.56
2014-03-06,1394146800,102.58
2014-03-09,1394402400,101.12
2014-03-10,1394488800,100.03
2014-03-11,1394575200,97.99
2014-03-12,1394661600,98.2
2014-03-13,1394748000,98.89
2014-03-16,1395007200,98.08
2014-03-17,1395093600,98.88
2014-03-18,1395180000,99.17
2014-03-19,1395266400,98.9
2014-03-20,1395352800,99.46
2014-03-23,1395612000,99.6
2014-03-24,1395698400,99.19
2014-03-25,1395784800,100.26
2014-03-26,1395871200,101.28
2014-03-27,1395957600,101.67
2014-03-30,1396216800,101.58
2014-03-31,1396303200,99.74
2014-04-01,1396389600,99.62
2014-04-02,1396476000,100.29
2014-04-03,1396562400,101.14
2014-04-06,1396821600,100.44
2014-04-07,1396908000,102.56
2014-04-08,1396994400,103.6
2014-04-09,1397080800,103.4
2014-04-10,1397167200,103.74
2014-04-13,1397426400,104.05
2014-04-14,1397512800,103.75
2014-04-15,1397599200,103.76
2014-04-16,1397685600,103.37
2014-04-20,1398031200,103.65
2014-04-21,1398117600,101.75
2014-04-22,1398204000,101.44
2014-04-23,1398290400,101.94
2014-04-24,1398376800,100.6
2014-04-27,1398636000,100.84
2014-04-28,1398722400,101.28
2014-04-29,1398808800,99.74
2014-04-30,1398895200,99.42
2014-05-01,1398981600,99.76
2014-05-04,1399240800,99.48
2014-05-05,1399327200,99.5
2014-05-06,1399413600,100.77
2014-05-07,1399500000,100.26
2014-05-08,1399586400,99.99
2014-05-11,1399845600,100.59
2014-05-12,1399932000,101.7
2014-05-13,1400018400,102.37
2014-05-14,1400104800,101.5
2014-05-15,1400191200,101.58
2014-05-18,1400450400,102.11
2014-05-19,1400536800,102.33
2014-05-20,1400623200,104.07
2014-05-21,1400709600,103.74
2014-05-22,1400796000,104.35
2014-05-25,1401055200,104.11
2014-05-27,1401228000,102.72
2014-05-28,1401314400,103.58
2014-05-29,1401400800,102.71
2014-06-01,1401660000,102.47
2014-06-02,1401746400,102.66
2014-06-03,1401832800,102.64
2014-06-04,1401919200,102.48
2014-06-05,1402005600,102.66
2014-06-08,1402264800,104.41
2014-06-09,1402351200,104.35
2014-06-10,1402437600,104.4
2014-06-11,1402524000,106.53
2014-06-12,1402610400,106.91
2014-06-15,1402869600,106.9
2014-06-16,1402956000,106.36
2014-06-17,1403042400,105.59
2014-06-18,1403128800,106.05
2014-06-19,1403215200,106.83
2014-06-22,1403474400,106.17
2014-06-23,1403560800,106.03
2014-06-24,1403647200,106.5
2014-06-25,1403733600,105.84
2014-06-26,1403820000,105.74
2014-06-29,1404079200,105.37
2014-06-30,1404165600,105.34
2014-07-01,1404252000,104.48
2014-07-02,1404338400,104.06
2014-07-03,1404424800,103.53
2014-07-07,1404770400,103.4
2014-07-08,1404856800,102.29
2014-07-09,1404943200,102.93
2014-07-10,1405029600,100.83
2014-07-13,1405288800,100.91
2014-07-14,1405375200,99.96
2014-07-15,1405461600,101.2
2014-07-16,1405548000,103.19
2014-07-17,1405634400,101.95
2014-07-20,1405893600,102.86
2014-07-21,1405980000,102.39
2014-07-22,1406066400,103.12
2014-07-23,1406152800,102.07
2014-07-24,1406239200,102.09
2014-07-27,1406498400,101.67
2014-07-28,1406584800,100.97
2014-07-29,1406671200,100.27
2014-07-30,1406757600,98.17
2014-07-31,1406844000,97.88
2014-08-03,1407103200,98.29
2014-08-04,1407189600,97.38
2014-08-05,1407276000,96.92
2014-08-06,1407362400,97.34
2014-08-07,1407448800,97.65
2014-08-10,1407708000,98.08
2014-08-11,1407794400,97.37
2014-08-12,1407880800,97.59
2014-08-13,1407967200,95.58
2014-08-14,1408053600,97.35
2014-08-17,1408312800,93.75
2014-08-18,1408399200,92.86
2014-08-19,1408485600,93.45
2014-08-20,1408572000,93.96
2014-08-21,1408658400,93.65
2014-08-24,1408917600,93.35
2014-08-25,1409004000,93.86
2014-08-26,1409090400,93.88
2014-08-27,1409176800,94.55
2014-08-28,1409263200,95.96
2014-08-31,1409522400,92.88
2014-09-02,1409695200,95.54
2014-09-03,1409781600,94.45
2014-09-04,1409868000,93.29
2014-09-07,1410127200,92.66
2014-09-08,1410213600,92.75
2014-09-09,1410300000,91.67
2014-09-10,1410386400,92.83
2014-09-11,1410472800,92.27
2014-09-14,1410732000,92.92
2014-09-15,1410818400,94.88
2014-09-16,1410904800,94.42
2014-09-17,1410991200,91.98
2014-09-18,1411077600,91.65
2014-09-21,1411336800,90.87
2014-09-22,1411423200,91.56
2014-09-23,1411509600,92.8
2014-09-24,1411596000,92.53
2014-09-25,1411682400,93.54
2014-09-28,1411941600,94.57
2014-09-29,1412028000,91.16
2014-09-30,1412114400,90.73
2014-10-01,1412200800,91.01
2014-10-02,1412287200,89.74
2014-10-05,1412546400,90.34
2014-10-06,1412632800,88.85
2014-10-07,1412719200,87.31
2014-10-08,1412805600,85.77
2014-10-09,1412892000,85.82
2014-10-12,1413151200,85.74
2014-10-13,1413237600,81.84
2014-10-14,1413324000,81.78
2014-10-15,1413410400,82.7
2014-10-16,1413496800,82.06
2014-10-19,1413756000,81.91
2014-10-20,1413842400,82.49
2014-10-21,1413928800,80.52
2014-10-22,1414015200,82.09
2014-10-23,1414101600,81.01
2014-10-26,1414360800,81
2014-10-27,1414447200,81.42
2014-10-28,1414533600,82.2
2014-10-29,1414620000,81.12
2014-10-30,1414706400,80.54
2014-11-02,1414969200,78.78
2014-11-03,1415055600,77.19
2014-11-04,1415142000,78.68
2014-11-05,1415228400,77.91
2014-11-06,1415314800,78.65
2014-11-09,1415574000,77.4
2014-11-10,1415660400,77.94
2014-11-11,1415746800,77.18
2014-11-12,1415833200,74.21
2014-11-13,1415919600,75.82
2014-11-16,1416178800,75.64
2014-11-17,1416265200,74.64
2014-11-18,1416351600,74.5
2014-11-19,1416438000,75.85
2014-11-20,1416524400,76.51
2014-11-23,1416783600,75.78
2014-11-24,1416870000,74.09
2014-11-25,1416956400,73.69
2014-11-26,1417042800,66.15
2014-11-30,1417388400,69
2014-12-01,1417474800,66.88
2014-12-02,1417561200,67.38
2014-12-03,1417647600,66.81
2014-12-04,1417734000,65.84
2014-12-07,1417993200,63.05
2014-12-08,1418079600,63.82
2014-12-09,1418166000,60.94
2014-12-10,1418252400,59.95
2014-12-11,1418338800,57.81
2014-12-14,1418598000,55.91
2014-12-15,1418684400,55.93
2014-12-16,1418770800,56.79
2014-12-17,1418857200,54.36
2014-12-18,1418943600,57.13
2014-12-21,1419202800,55.26
2014-12-22,1419289200,57.12
2014-12-23,1419375600,55.84
2014-12-25,1419548400,54.73
2014-12-28,1419807600,53.61
2014-12-29,1419894000,54.12
2014-12-30,1419980400,53.27
2015-01-01,1420153200,52.69
2015-01-04,1420412400,50.04
2015-01-05,1420498800,47.93
2015-01-06,1420585200,48.65
2015-01-07,1420671600,48.79
2015-01-08,1420758000,48.36
2015-01-11,1421017200,46.07
2015-01-12,1421103600,45.89
2015-01-13,1421190000,48.48
2015-01-14,1421276400,46.73
2015-01-15,1421362800,49.13
2015-01-18,1421622000,46.47
2015-01-20,1421794800,47.78
2015-01-21,1421881200,46.31
2015-01-22,1421967600,45.59
2015-01-25,1422226800,45.15
2015-01-26,1422313200,46.23
2015-01-27,1422399600,44.45
2015-01-28,1422486000,44.53
2015-01-29,1422572400,48.24
2015-02-01,1422831600,49.57
2015-02-02,1422918000,53.05
2015-02-03,1423004400,48.45
2015-02-04,1423090800,50.48
2015-02-05,1423177200,51.69
2015-02-08,1423436400,52.86
2015-02-09,1423522800,50.02
2015-02-10,1423609200,48.84
2015-02-11,1423695600,51.21
2015-02-12,1423782000,52.78
2015-02-15,1424041200,53.53
2015-02-17,1424214000,52.82
2015-02-18,1424300400,51.83
2015-02-19,1424386800,50.81
2015-02-22,1424646000,49.45
2015-02-23,1424732400,49.28
2015-02-24,1424818800,50.99
2015-02-25,1424905200,48.17
2015-02-26,1424991600,49.76
2015-03-01,1425250800,49.59
2015-03-02,1425337200,50.52
2015-03-03,1425423600,51.53
2015-03-04,1425510000,50.76
2015-03-05,1425596400,49.61
2015-03-08,1425852000,50
2015-03-09,1425938400,48.29
2015-03-10,1426024800,48.17
2015-03-11,1426111200,47.05
2015-03-12,1426197600,44.84
2015-03-15,1426456800,43.88
2015-03-16,1426543200,43.46
2015-03-17,1426629600,46.65
2015-03-18,1426716000,45.53
2015-03-19,1426802400,46.57
2015-03-22,1427061600,47.45
2015-03-23,1427148000,47.51
2015-03-24,1427234400,49.21
2015-03-25,1427320800,51.43
2015-03-26,1427407200,48.87
2015-03-29,1427666400,48.68
2015-03-30,1427752800,47.6
2015-03-31,1427839200,50.09
2015-04-01,1427925600,49.14
2015-04-05,1428271200,52.14
2015-04-06,1428357600,53.98
2015-04-07,1428444000,50.42
2015-04-08,1428530400,50.79
2015-04-09,1428616800,51.64
2015-04-12,1428876000,51.91
2015-04-13,1428962400,53.29
2015-04-14,1429048800,56.39
2015-04-15,1429135200,56.71
2015-04-16,1429221600,57.32
2015-04-19,1429480800,57.88
2015-04-20,1429567200,56.61
2015-04-21,1429653600,56.16
2015-04-22,1429740000,57.74
2015-04-23,1429826400,57.15
2015-04-26,1430085600,56.99
2015-04-27,1430172000,57.06
2015-04-28,1430258400,58.58
2015-04-29,1430344800,59.63
2015-04-30,1430431200,59.15
2015-05-03,1430690400,58.93
2015-05-04,1430776800,60.4
2015-05-05,1430863200,60.93
2015-05-06,1430949600,58.94
2015-05-07,1431036000,59.39
2015-05-10,1431295200,59.25
2015-05-11,1431381600,60.75
2015-05-12,1431468000,60.5
2015-05-13,1431554400,59.88
2015-05-14,1431640800,60.54
2015-05-17,1431900000,60.24
2015-05-18,1431986400,57.99
2015-05-19,1432072800,58.98
2015-05-20,1432159200,60.72
2015-05-21,1432245600,59.72
2015-05-24,1432504800,58.03
2015-05-26,1432677600,57.51
2015-05-27,1432764000,57.68
2015-05-28,1432850400,60.3
2015-05-31,1433109600,60.2
2015-06-01,1433196000,61.26
2015-06-02,1433282400,59.64
2015-06-03,1433368800,58
2015-06-04,1433455200,59.13
2015-06-07,1433714400,58.14
2015-06-08,1433800800,60.14
2015-06-09,1433887200,61.43
2015-06-10,1433973600,60.77
2015-06-11,1434060000,59.96
2015-06-14,1434319200,59.52
2015-06-15,1434405600,59.97
2015-06-16,1434492000,59.92
2015-06-17,1434578400,60.82
2015-06-18,1434664800,59.97
2015-06-21,1434924000,60.38
2015-06-22,1435010400,61.01
2015-06-23,1435096800,60.27
2015-06-24,1435183200,59.7
2015-06-25,1435269600,59.63
2015-06-28,1435528800,58.33
2015-06-29,1435615200,59.47
2015-06-30,1435701600,56.96
2015-07-01,1435788000,56.93
2015-07-02,1435874400,52.53
2015-07-06,1436220000,52.33
2015-07-07,1436306400,51.65
2015-07-08,1436392800,52.78
2015-07-09,1436479200,52.74
2015-07-12,1436738400,52.2
2015-07-13,1436824800,53.04
2015-07-14,1436911200,51.41
2015-07-15,1436997600,50.91
2015-07-16,1437084000,51.21
2015-07-19,1437343200,50.44
2015-07-20,1437429600,50.86
2015-07-21,1437516000,49.19
2015-07-22,1437602400,48.45
2015-07-23,1437688800,48.14
2015-07-26,1437948000,47.39
2015-07-27,1438034400,47.98
2015-07-28,1438120800,48.79
2015-07-29,1438207200,48.52
2015-07-30,1438293600,47.12
2015-08-02,1438552800,45.17
2015-08-03,1438639200,45.74
2015-08-04,1438725600,45.15
2015-08-05,1438812000,44.66
2015-08-06,1438898400,43.87
2015-08-09,1439157600,44.96
2015-08-10,1439244000,43.08
2015-08-11,1439330400,43.3
2015-08-12,1439416800,42.23
2015-08-13,1439503200,42.5
2015-08-16,1439762400,41.87
2015-08-17,1439848800,43.12
2015-08-18,1439935200,41.27
2015-08-19,1440021600,41.32
2015-08-20,1440108000,40.45
2015-08-23,1440367200,38.24
2015-08-24,1440453600,39.31
2015-08-25,1440540000,38.6
2015-08-26,1440626400,42.56
2015-08-27,1440712800,45.22
2015-08-30,1440972000,49.2
2015-08-31,1441058400,45.41
2015-09-01,1441144800,46.25
2015-09-02,1441231200,46.75
2015-09-03,1441317600,46.05
2015-09-06,1441576800,45.94
2015-09-08,1441749600,44.15
2015-09-09,1441836000,45.92
2015-09-10,1441922400,44.63
2015-09-13,1442181600,44
2015-09-14,1442268000,44.59
2015-09-15,1442354400,47.15
2015-09-16,1442440800,46.9
2015-09-17,1442527200,45.02
2015-09-20,1442786400,46.96
2015-09-21,1442872800,46.36
2015-09-22,1442959200,44.48
2015-09-23,1443045600,44.91
2015-09-24,1443132000,45.7
2015-09-27,1443391200,44.43
2015-09-28,1443477600,45.23
2015-09-29,1443564000,45.09
2015-09-30,1443650400,44.74
2015-10-01,1443736800,45.54
2015-10-04,1443996000,46.26
2015-10-05,1444082400,48.53
2015-10-06,1444168800,47.81
2015-10-07,1444255200,49.43
2015-10-08,1444341600,49.63
2015-10-11,1444600800,47.1
2015-10-12,1444687200,46.66
2015-10-13,1444773600,46.64
2015-10-14,1444860000,46.38
2015-10-15,1444946400,47.72
2015-10-18,1445205600,46.28
2015-10-19,1445292000,46.29
2015-10-20,1445378400,45.2
2015-10-21,1445464800,45.38
2015-10-22,1445551200,44.6
2015-10-25,1445810400,43.98
2015-10-26,1445896800,43.2
2015-10-27,1445983200,45.94
2015-10-28,1446069600,46.06
2015-10-29,1446156000,46.59
2015-11-01,1446418800,46.14
2015-11-02,1446505200,47.9
2015-11-03,1446591600,46.32
2015-11-04,1446678000,45.2
2015-11-05,1446764400,44.29
2015-11-08,1447023600,43.87
2015-11-09,1447110000,44.21
2015-11-10,1447196400,42.93
2015-11-11,1447282800,41.75
2015-11-12,1447369200,40.74
2015-11-15,1447628400,41.74
2015-11-16,1447714800,40.67
2015-11-17,1447801200,41.95
2015-11-18,1447887600,41.72
2015-11-19,1447974000,41.9
2015-11-22,1448233200,41.75
2015-11-23,1448319600,42.87
2015-11-24,1448406000,43.04
2015-11-25,1448492400,41.71
2015-11-29,1448838000,41.65
2015-11-30,1448924400,41.85
2015-12-01,1449010800,39.94
2015-12-02,1449097200,41.08
2015-12-03,1449183600,39.97
2015-12-06,1449442800,37.65
2015-12-07,1449529200,37.51
2015-12-08,1449615600,37.16
2015-12-09,1449702000,36.76
2015-12-10,1449788400,35.62
2015-12-13,1450047600,36.31
2015-12-14,1450134000,37.35
2015-12-15,1450220400,35.52
2015-12-16,1450306800,36.27
2015-12-17,1450393200,36.06
2015-12-20,1450652400,35.81
2015-12-21,1450738800,36.14
2015-12-22,1450825200,37.5
2015-12-23,1450911600,38.1
2015-12-27,1451257200,36.81
2015-12-28,1451343600,37.87
2015-12-29,1451430000,36.6
2015-12-30,1451516400,37.04
2016-01-03,1451862000,36.76
2016-01-04,1451948400,35.97
2016-01-05,1452034800,33.97
2016-01-06,1452121200,33.27
2016-01-07,1452207600,33.16
2016-01-10,1452466800,31.41
2016-01-11,1452553200,30.44
2016-01-12,1452639600,30.48
2016-01-13,1452726000,31.2
2016-01-14,1452812400,30.39
2016-01-17,1453071600,29.57
2016-01-19,1453244400,28.35
2016-01-20,1453330800,29.53
2016-01-21,1453417200,32.19
2016-01-24,1453676400,30.34
2016-01-25,1453762800,31.45
2016-01-26,1453849200,32.3
2016-01-27,1453935600,33.22
2016-01-28,1454022000,33.62
2016-01-31,1454281200,31.62
2016-02-01,1454367600,29.88
2016-02-02,1454454000,32.28
2016-02-03,1454540400,31.72
2016-02-04,1454626800,30.89
2016-02-07,1454886000,29.69
2016-02-08,1454972400,27.94
2016-02-09,1455058800,27.45
2016-02-10,1455145200,26.21
2016-02-11,1455231600,29.44
2016-02-14,1455490800,29.04
2016-02-16,1455663600,30.66
2016-02-17,1455750000,32.93
2016-02-18,1455836400,31.75
2016-02-21,1456095600,33.39
2016-02-22,1456182000,31.87
2016-02-23,1456268400,32.15
2016-02-24,1456354800,33.07
2016-02-25,1456441200,32.78
2016-02-28,1456700400,33.75
2016-02-29,1456786800,34.4
2016-03-01,1456873200,34.66
2016-03-02,1456959600,34.57
2016-03-03,1457046000,35.92
2016-03-06,1457305200,37.9
2016-03-07,1457391600,36.5
2016-03-08,1457478000,38.29
2016-03-09,1457564400,37.84
2016-03-10,1457650800,38.5
2016-03-13,1457906400,37.18
2016-03-14,1457992800,36.34
2016-03-15,1458079200,38.46
2016-03-16,1458165600,41.66
2016-03-17,1458252000,41.14
2016-03-20,1458511200,41.52
2016-03-21,1458597600,41.45
2016-03-22,1458684000,39.79
2016-03-23,1458770400,39.46
2016-03-27,1459116000,39.39
2016-03-28,1459202400,38.28
2016-03-29,1459288800,38.32
2016-03-30,1459375200,38.34
2016-03-31,1459461600,36.79
2016-04-03,1459720800,35.7
2016-04-04,1459807200,35.89
2016-04-05,1459893600,37.75
2016-04-06,1459980000,37.26
2016-04-07,1460066400,39.72
2016-04-10,1460325600,40.36
2016-04-11,1460412000,42.17
2016-04-12,1460498400,41.76
2016-04-13,1460584800,41.5
2016-04-14,1460671200,40.36
2016-04-17,1460930400,41.19
2016-04-18,1461016800,42.47
2016-04-19,1461103200,44.18
2016-04-20,1461189600,43.18
2016-04-21,1461276000,43.73
2016-04-24,1461535200,42.64
2016-04-25,1461621600,44.04
2016-04-26,1461708000,45.33
2016-04-27,1461794400,46.03
2016-04-28,1461880800,45.92
2016-05-01,1462140000,44.78
2016-05-02,1462226400,43.65
2016-05-03,1462312800,43.78
2016-05-04,1462399200,44.32
2016-05-05,1462485600,44.66
2016-05-08,1462744800,43.44
2016-05-09,1462831200,44.66
2016-05-10,1462917600,46.23
2016-05-11,1463004000,46.7
2016-05-12,1463090400,46.21
2016-05-15,1463349600,47.72
2016-05-16,1463436000,48.31
2016-05-17,1463522400,48.78
2016-05-18,1463608800,48.67
2016-05-19,1463695200,48.41
2016-05-22,1463954400,48.08
2016-05-23,1464040800,48.62
2016-05-24,1464127200,49.56
2016-05-25,1464213600,49.48
2016-05-26,1464300000,49.33
2016-05-29,1464559200,49.1
2016-05-31,1464732000,49.01
2016-06-01,1464818400,49.17
2016-06-02,1464904800,48.62
2016-06-05,1465164000,49.69
2016-06-06,1465250400,50.36
2016-06-07,1465336800,51.23
2016-06-08,1465423200,50.56
2016-06-09,1465509600,49.07
2016-06-12,1465768800,48.88
2016-06-13,1465855200,48.49
2016-06-14,1465941600,48.01
2016-06-15,1466028000,46.21
2016-06-16,1466114400,48.56
2016-06-19,1466373600,49.96
2016-06-20,1466460000,49.85
2016-06-21,1466546400,49.13
2016-06-22,1466632800,50.11
2016-06-23,1466719200,47.64
2016-06-26,1466978400,46.33
2016-06-27,1467064800,47.85
2016-06-28,1467151200,49.88
2016-06-29,1467237600,48.33
2016-06-30,1467324000,48.99
2016-07-03,1467583200,46.6
2016-07-05,1467756000,47.43
2016-07-06,1467842400,45.14
2016-07-07,1467928800,45.41
2016-07-10,1468188000,44.76
2016-07-11,1468274400,46.8
2016-07-12,1468360800,44.75
2016-07-13,1468447200,45.68
2016-07-14,1468533600,45.95
2016-07-17,1468792800,45.94
2016-07-18,1468879200,45.45
2016-07-19,1468965600,45.75
2016-07-20,1469052000,44.75
2016-07-21,1469138400,44.19
2016-07-24,1469397600,43.13
2016-07-25,1469484000,42.92
2016-07-26,1469570400,41.92
2016-07-27,1469656800,41.14
2016-07-28,1469743200,41.6
2016-07-31,1470002400,40.06
2016-08-01,1470088800,39.51
2016-08-02,1470175200,40.83
2016-08-03,1470261600,41.93
2016-08-04,1470348000,41.8
2016-08-07,1470607200,43.02
2016-08-08,1470693600,42.77
2016-08-09,1470780000,41.71
2016-08-10,1470866400,43.49
2016-08-11,1470952800,44.49
2016-08-14,1471212000,45.74
2016-08-15,1471298400,46.58
2016-08-16,1471384800,46.79
2016-08-17,1471471200,48.89
2016-08-18,1471557600,49.11
2016-08-21,1471816800,47.41
2016-08-22,1471903200,48.1
2016-08-23,1471989600,46.77
2016-08-24,1472076000,47.33
2016-08-25,1472162400,47.64
2016-08-28,1472421600,46.98
2016-08-29,1472508000,46.35
2016-08-30,1472594400,44.7
2016-08-31,1472680800,43.16
2016-09-01,1472767200,44.44
2016-09-04,1473026400,44.83
2016-09-06,1473199200,45.5
2016-09-07,1473285600,47.62
2016-09-08,1473372000,45.88
2016-09-11,1473631200,46.29
2016-09-12,1473717600,44.9
2016-09-13,1473804000,43.58
2016-09-14,1473890400,43.91
2016-09-15,1473976800,43.62
2016-09-18,1474236000,43.86
2016-09-19,1474322400,44.05
2016-09-20,1474408800,45.34
2016-09-21,1474495200,46.32
2016-09-22,1474581600,44.48
2016-09-25,1474840800,45.93
2016-09-26,1474927200,44.67
2016-09-27,1475013600,47.05
2016-09-28,1475100000,47.83
2016-09-29,1475186400,48.24
2016-10-02,1475445600,48.81
2016-10-03,1475532000,48.69
2016-10-04,1475618400,49.83
2016-10-05,1475704800,50.44
2016-10-06,1475791200,49.81
2016-10-09,1476050400,51.35
2016-10-10,1476136800,50.79
2016-10-11,1476223200,50.18
2016-10-12,1476309600,50.44
2016-10-13,1476396000,50.35
2016-10-16,1476655200,49.94
2016-10-17,1476741600,50.62
2016-10-18,1476828000,51.82
2016-10-19,1476914400,50.63
2016-10-20,1477000800,50.85
2016-10-23,1477260000,50.52
2016-10-24,1477346400,49.96
2016-10-25,1477432800,49.18
2016-10-26,1477519200,49.72
2016-10-27,1477605600,48.7
2016-10-30,1477864800,46.86
2016-10-31,1477951200,46.67
2016-11-01,1478037600,45.34
2016-11-02,1478124000,44.66
2016-11-03,1478210400,44.07
2016-11-06,1478473200,44.89
2016-11-07,1478559600,44.98
2016-11-08,1478646000,45.27
2016-11-09,1478732400,44.66
2016-11-10,1478818800,43.41
2016-11-13,1479078000,43.32
2016-11-14,1479164400,45.81
2016-11-15,1479250800,45.57
2016-11-16,1479337200,45.98
2016-11-17,1479423600,46.36
2016-11-20,1479682800,48.24
2016-11-21,1479769200,48.03
2016-11-22,1479855600,47.96
2016-11-23,1479942000,46.06
2016-11-27,1480287600,47.08
2016-11-28,1480374000,45.23
2016-11-29,1480460400,49.44
2016-11-30,1480546800,51.06
2016-12-01,1480633200,51.68
2016-12-04,1480892400,51.79
2016-12-05,1480978800,50.93
2016-12-06,1481065200,49.77
2016-12-07,1481151600,50.84
2016-12-08,1481238000,51.5
2016-12-11,1481497200,52.83
2016-12-12,1481583600,52.98
2016-12-13,1481670000,51.04
2016-12-14,1481756400,50.9
2016-12-15,1481842800,52.95
2016-12-18,1482102000,53.06
2016-12-19,1482188400,53.3
2016-12-20,1482274800,52.49
2016-12-21,1482361200,52.95
2016-12-22,1482447600,53.02
2016-12-26,1482793200,53.9
2016-12-27,1482879600,54.06
2016-12-28,1482966000,53.77
2016-12-29,1483052400,53.72
2017-01-02,1483398000,52.33
2017-01-03,1483484400,53.26
2017-01-04,1483570800,53.76
2017-01-05,1483657200,53.99
2017-01-08,1483916400,51.96
2017-01-09,1484002800,50.82
2017-01-10,1484089200,52.25
2017-01-11,1484175600,53.01
2017-01-12,1484262000,52.37
2017-01-15,1484521200,52.48
2017-01-17,1484694000,51.89
2017-01-18,1484780400,52.12
2017-01-19,1484866800,53.22
2017-01-22,1485126000,52.75
2017-01-23,1485212400,53.18
2017-01-24,1485298800,52.75
2017-01-25,1485385200,53.78
2017-01-26,1485471600,53.17
2017-01-29,1485730800,52.63
2017-01-30,1485817200,52.81
2017-01-31,1485903600,53.88
2017-02-01,1485990000,53.54
2017-02-02,1486076400,53.83
2017-02-05,1486335600,53.01
2017-02-06,1486422000,52.17
2017-02-07,1486508400,52.34
2017-02-08,1486594800,53
2017-02-09,1486681200,53.86
2017-02-12,1486940400,52.93
2017-02-13,1487026800,53.2
2017-02-14,1487113200,53.11
2017-02-15,1487199600,53.75
2017-02-16,1487286000,53.78
2017-02-19,1487545200,54.33
2017-02-21,1487718000,53.59
2017-02-22,1487804400,54.45
2017-02-23,1487890800,53.99
2017-02-26,1488150000,54.05
2017-02-27,1488236400,54.01
2017-02-28,1488322800,53.83
2017-03-01,1488409200,52.61
2017-03-02,1488495600,53.33
2017-03-05,1488754800,53.2
2017-03-06,1488841200,53.14
2017-03-07,1488927600,50.28
2017-03-08,1489014000,49.28
2017-03-09,1489100400,48.49
2017-03-12,1489356000,48.4
2017-03-13,1489442400,47.72
2017-03-14,1489528800,48.86
2017-03-15,1489615200,48.75
2017-03-16,1489701600,49.31
2017-03-19,1489960800,48.91
2017-03-20,1490047200,48.24
2017-03-21,1490133600,48.04
2017-03-22,1490220000,47.7
2017-03-23,1490306400,47.97
2017-03-26,1490565600,47.73
2017-03-27,1490652000,48.37
2017-03-28,1490738400,49.51
2017-03-29,1490824800,50.35
2017-03-30,1490911200,50.6
2017-04-02,1491170400,50.24
2017-04-03,1491256800,51.03
2017-04-04,1491343200,51.15
2017-04-05,1491429600,51.7
2017-04-06,1491516000,52.24
2017-04-09,1491775200,53.08
2017-04-10,1491861600,53.4
2017-04-11,1491948000,53.11
2017-04-12,1492034400,53.18
2017-04-16,1492380000,52.65
2017-04-17,1492466400,52.85
2017-04-18,1492552800,50.85
2017-04-19,1492639200,50.71
2017-04-20,1492725600,49.62
2017-04-23,1492984800,49.23
2017-04-24,1493071200,49.56
2017-04-25,1493157600,49.62
2017-04-26,1493244000,48.97
2017-04-27,1493330400,49.33
2017-04-30,1493589600,48.84
2017-05-01,1493676000,47.66
2017-05-02,1493762400,47.82
2017-05-03,1493848800,45.52
2017-05-04,1493935200,46.22
2017-05-07,1494194400,46.43
2017-05-08,1494280800,45.88
2017-05-09,1494367200,47.33
2017-05-10,1494453600,47.83
2017-05-11,1494540000,47.84
2017-05-14,1494799200,48.85
2017-05-15,1494885600,48.66
2017-05-16,1494972000,49.07
2017-05-17,1495058400,49.66
2017-05-18,1495144800,50.67
2017-05-21,1495404000,51.13
2017-05-22,1495490400,51.47
2017-05-23,1495576800,51.36
2017-05-24,1495663200,48.9
2017-05-25,1495749600,49.8
2017-05-28,1496008800,49.66
2017-05-30,1496181600,48.32
2017-05-31,1496268000,48.36
2017-06-01,1496354400,47.66
2017-06-04,1496613600,47.4
2017-06-05,1496700000,48.19
2017-06-06,1496786400,45.72
2017-06-07,1496872800,45.64
2017-06-08,1496959200,45.83
2017-06-11,1497218400,46.08
2017-06-12,1497304800,46.46
2017-06-13,1497391200,44.73
2017-06-14,1497477600,44.46
2017-06-15,1497564000,44.97
2017-06-18,1497823200,44.43
2017-06-19,1497909600,43.51
2017-06-20,1497996000,42.53
2017-06-21,1498082400,42.74
2017-06-22,1498168800,43.01
2017-06-25,1498428000,43.38
2017-06-26,1498514400,44.24
2017-06-27,1498600800,44.74
2017-06-28,1498687200,44.93
2017-06-29,1498773600,46.04
2017-07-02,1499032800,47.07
2017-07-03,1499119200,45.13
2017-07-05,1499292000,45.52
2017-07-06,1499378400,44.23
2017-07-09,1499637600,44.4
2017-07-10,1499724000,45.04
2017-07-11,1499810400,45.49
2017-07-12,1499896800,46.08
2017-07-13,1499983200,46.54
2017-07-16,1500242400,46.02
2017-07-17,1500328800,46.59
2017-07-18,1500415200,47.32
2017-07-19,1500501600,46.92
2017-07-20,1500588000,45.77
2017-07-23,1500847200,46.34
2017-07-24,1500933600,47.89
2017-07-25,1501020000,48.75
2017-07-26,1501106400,49.04
2017-07-27,1501192800,49.71
2017-07-30,1501452000,50.17
2017-07-31,1501538400,49.16
2017-08-01,1501624800,49.59
2017-08-02,1501711200,49.03
2017-08-03,1501797600,49.58
2017-08-06,1502056800,49.39
2017-08-07,1502143200,49.17
2017-08-08,1502229600,49.56
2017-08-09,1502316000,48.59
2017-08-10,1502402400,48.82
2017-08-13,1502661600,47.59
2017-08-14,1502748000,47.55
2017-08-15,1502834400,46.78
2017-08-16,1502920800,47.09
2017-08-17,1503007200,48.66
2017-08-20,1503266400,47.53
2017-08-21,1503352800,47.83
2017-08-22,1503439200,48.41
2017-08-23,1503525600,47.43
2017-08-24,1503612000,47.87
2017-08-27,1503871200,46.57
2017-08-28,1503957600,46.44
2017-08-29,1504044000,45.96
2017-08-30,1504130400,47.23
2017-08-31,1504216800,47.29
2017-09-03,1504476000,48.66
2017-09-05,1504648800,49.16
2017-09-06,1504735200,49.09
2017-09-07,1504821600,47.48
2017-09-10,1505080800,48.07
2017-09-11,1505167200,48.23
2017-09-12,1505253600,49.3
2017-09-13,1505340000,49.89
2017-09-14,1505426400,49.89
2017-09-17,1505685600,50.35
2017-09-18,1505772000,49.9
2017-09-19,1505858400,50.69
2017-09-20,1505944800,50.55
2017-09-21,1506031200,50.66
2017-09-24,1506290400,52.22
2017-09-25,1506376800,51.88
2017-09-26,1506463200,52.14
2017-09-27,1506549600,51.56
2017-09-28,1506636000,51.67
2017-10-01,1506895200,50.58
2017-10-02,1506981600,50.42
2017-10-03,1507068000,49.98
2017-10-04,1507154400,50.79
2017-10-05,1507240800,49.29
2017-10-08,1507500000,49.58
2017-10-09,1507586400,50.92
2017-10-10,1507672800,51.3
2017-10-11,1507759200,50.6
2017-10-12,1507845600,51.45
2017-10-15,1508104800,51.87
2017-10-16,1508191200,51.88
2017-10-17,1508277600,52.26
2017-10-18,1508364000,51.51
2017-10-19,1508450400,51.84
2017-10-22,1508709600,51.9
2017-10-23,1508796000,52.47
2017-10-24,1508882400,52.18
2017-10-25,1508968800,52.64
2017-10-26,1509055200,53.9
2017-10-29,1509314400,54.15
2017-10-30,1509400800,54.38
2017-10-31,1509487200,54.3
2017-11-01,1509573600,54.54
2017-11-02,1509660000,55.64
2017-11-05,1509922800,57.35
2017-11-06,1510009200,57.2
2017-11-07,1510095600,56.81
2017-11-08,1510182000,57.17
2017-11-09,1510268400,56.74
2017-11-12,1510527600,56.76
2017-11-13,1510614000,55.7
2017-11-14,1510700400,55.33
2017-11-15,1510786800,55.35
2017-11-16,1510873200,56.71
2017-11-19,1511132400,56.42
2017-11-20,1511218800,56.83
2017-11-21,1511305200,58.02
2017-11-22,1511391600,58.95
2017-11-26,1511737200,58.11
2017-11-27,1511823600,57.99
2017-11-28,1511910000,57.3
2017-11-29,1511996400,57.4
2017-11-30,1512082800,58.36
2017-12-03,1512342000,57.47
2017-12-04,1512428400,57.62
2017-12-05,1512514800,55.96
2017-12-06,1512601200,56.69
2017-12-07,1512687600,57.36
2017-12-10,1512946800,57.99
2017-12-11,1513033200,57.14
2017-12-12,1513119600,56.6
2017-12-13,1513206000,57.04
2017-12-14,1513292400,57.33
2017-12-17,1513551600,57.22
2017-12-18,1513638000,57.56
2017-12-19,1513724400,58.09
2017-12-20,1513810800,58.36
2017-12-21,1513897200,58.47
2017-12-25,1514242800,59.97
2017-12-26,1514329200,59.64
2017-12-27,1514415600,59.84
2017-12-28,1514502000,60.42
2018-01-01,1514847600,60.37
2018-01-02,1514934000,61.63
2018-01-03,1515020400,62.01
2018-01-04,1515106800,61.44
2018-01-07,1515366000,61.73
2018-01-08,1515452400,62.96
2018-01-09,1515538800,63.57
2018-01-10,1515625200,63.8
2018-01-11,1515711600,64.3
2018-01-14,1515970800,63.73
2018-01-16,1516143600,63.97
2018-01-17,1516230000,63.89
2018-01-18,1516316400,63.31
2018-01-21,1516575600,63.57
2018-01-22,1516662000,64.47
2018-01-23,1516748400,65.61
2018-01-24,1516834800,65.51
2018-01-25,1516921200,66.14
2018-01-28,1517180400,65.56
2018-01-29,1517266800,64.5
2018-01-30,1517353200,64.73
2018-01-31,1517439600,65.8
2018-02-01,1517526000,65.45
2018-02-04,1517785200,64.15
2018-02-05,1517871600,63.39
2018-02-06,1517958000,61.79
2018-02-07,1518044400,61.15
2018-02-08,1518130800,59.2
2018-02-11,1518390000,59.29
2018-02-12,1518476400,59.19
2018-02-13,1518562800,60.6
2018-02-14,1518649200,61.17
2018-02-15,1518735600,61.55
2018-02-18,1518994800,61.79
2018-02-20,1519167600,61.68
2018-02-21,1519254000,62.77
2018-02-22,1519340400,63.55
2018-02-25,1519599600,63.91
2018-02-26,1519686000,63.01
2018-02-27,1519772400,61.64
2018-02-28,1519858800,60.99
2018-03-01,1519945200,61.25
2018-03-04,1520204400,62.57
2018-03-05,1520290800,62.6
2018-03-06,1520377200,61.15
2018-03-07,1520463600,60.12
2018-03-08,1520550000,62.04
2018-03-11,1520805600,61.36
2018-03-12,1520892000,60.71
2018-03-13,1520978400,60.96
2018-03-14,1521064800,61.19
2018-03-15,1521151200,62.41
2018-03-18,1521410400,62.13
2018-03-19,1521496800,63.54
2018-03-20,1521583200,65.17
2018-03-21,1521669600,64.3
2018-03-22,1521756000,65.88
2018-03-25,1522015200,65.55
2018-03-26,1522101600,65.25
2018-03-27,1522188000,64.38
2018-03-28,1522274400,64.94
2018-04-01,1522620000,63.01
2018-04-02,1522706400,63.51
2018-04-03,1522792800,63.37
2018-04-04,1522879200,63.54
2018-04-05,1522965600,62.06
2018-04-08,1523224800,63.42
2018-04-09,1523311200,65.51
2018-04-10,1523397600,66.82
2018-04-11,1523484000,67.07
2018-04-12,1523570400,67.39
2018-04-15,1523829600,66.22
2018-04-16,1523916000,66.52
2018-04-17,1524002400,68.47
2018-04-18,1524088800,68.33
2018-04-19,1524175200,68.4
2018-04-22,1524434400,68.64
2018-04-23,1524520800,67.7
2018-04-24,1524607200,68.05
2018-04-25,1524693600,68.19
2018-04-26,1524780000,68.1
2018-04-29,1525039200,68.57
2018-04-30,1525125600,67.25
2018-05-01,1525212000,67.93
2018-05-02,1525298400,68.43
2018-05-03,1525384800,69.72
2018-05-06,1525644000,70.73
2018-05-07,1525730400,69.06
2018-05-08,1525816800,71.14
2018-05-09,1525903200,71.36
2018-05-10,1525989600,70.7
2018-05-13,1526248800,70.96
2018-05-14,1526335200,71.31
2018-05-15,1526421600,71.49
2018-05-16,1526508000,71.49
2018-05-17,1526594400,71.37
2018-05-20,1526853600,72.35
2018-05-21,1526940000,72.2
2018-05-22,1527026400,71.84
2018-05-23,1527112800,70.71
2018-05-24,1527199200,67.88
2018-05-27,1527458400,66.73
2018-05-29,1527631200,68.21
2018-05-30,1527717600,67.04
2018-05-31,1527804000,65.81
2018-06-03,1528063200,64.75
2018-06-04,1528149600,65.52
2018-06-05,1528236000,64.73
2018-06-06,1528322400,65.95
2018-06-07,1528408800,65.74
2018-06-10,1528668000,66.1
2018-06-11,1528754400,66.36
2018-06-12,1528840800,66.64
2018-06-13,1528927200,66.89
2018-06-14,1529013600,65.06
2018-06-17,1529272800,65.69
2018-06-18,1529359200,64.9
2018-06-19,1529445600,65.71
2018-06-20,1529532000,65.54
2018-06-21,1529618400,68.58
2018-06-24,1529877600,68.08
2018-06-25,1529964000,70.53
2018-06-26,1530050400,72.76
2018-06-27,1530136800,73.45
2018-06-28,1530223200,74.15
2018-07-01,1530482400,73.94
2018-07-02,1530568800,74.14
2018-07-03,1530655200,72.94
2018-07-05,1530828000,73.8
2018-07-08,1531087200,73.85
2018-07-09,1531173600,74.11
2018-07-10,1531260000,70.38
2018-07-11,1531346400,70.33
2018-07-12,1531432800,71.01
2018-07-15,1531692000,68.06
2018-07-16,1531778400,68.08
2018-07-17,1531864800,67.75
2018-07-18,1531951200,68.24
2018-07-19,1532037600,68.26
2018-07-22,1532296800,67.89
2018-07-23,1532383200,68.52
2018-07-24,1532469600,69.3
2018-07-25,1532556000,69.61
2018-07-26,1532642400,68.69
2018-07-29,1532901600,70.13
2018-07-30,1532988000,68.76
2018-07-31,1533074400,67.66
2018-08-01,1533160800,68.96
2018-08-02,1533247200,68.49
2018-08-05,1533506400,69.01
2018-08-06,1533592800,69.17
2018-08-07,1533679200,66.94
2018-08-08,1533765600,66.81
2018-08-09,1533852000,67.63
2018-08-12,1534111200,67.2
2018-08-13,1534197600,67.04
2018-08-14,1534284000,65.01
2018-08-15,1534370400,65.46
2018-08-16,1534456800,65.21
2018-08-19,1534716000,65.42
2018-08-20,1534802400,65.84
2018-08-21,1534888800,67.86
2018-08-22,1534975200,67.83
2018-08-23,1535061600,68.72
2018-08-26,1535320800,68.87
2018-08-27,1535407200,68.53
2018-08-28,1535493600,69.51
2018-08-29,1535580000,70.25
2018-08-30,1535666400,69.8
2018-09-02,1535925600,69.87
2018-09-04,1536098400,68.72
2018-09-05,1536184800,67.77
2018-09-06,1536271200,67.75
2018-09-09,1536530400,67.54
2018-09-10,1536616800,69.25
2018-09-11,1536703200,70.37
2018-09-12,1536789600,68.59
2018-09-13,1536876000,68.99
2018-09-16,1537135200,68.91
2018-09-17,1537221600,69.59
2018-09-18,1537308000,70.77
2018-09-19,1537394400,70.32
2018-09-20,1537480800,70.78
2018-09-23,1537740000,72.08
2018-09-24,1537826400,72.28
2018-09-25,1537912800,71.57
2018-09-26,1537999200,72.12
2018-09-27,1538085600,73.25
2018-09-30,1538344800,75.3
2018-10-01,1538431200,75.23
2018-10-02,1538517600,76.41
2018-10-03,1538604000,74.33
2018-10-04,1538690400,74.34
2018-10-07,1538949600,74.29
2018-10-08,1539036000,74.96
2018-10-09,1539122400,73.17
2018-10-10,1539208800,70.97
2018-10-11,1539295200,71.34
2018-10-14,1539554400,71.78
2018-10-15,1539640800,71.92
2018-10-16,1539727200,69.75
2018-10-17,1539813600,68.71
2018-10-18,1539900000,69.28
2018-10-21,1540159200,69.36
2018-10-22,1540245600,66.43
2018-10-23,1540332000,66.82
2018-10-24,1540418400,67.33
2018-10-25,1540504800,67.59
2018-10-28,1540764000,67.04
2018-10-29,1540850400,66.18
2018-10-30,1540936800,65.31
2018-10-31,1541023200,63.69
2018-11-01,1541109600,63.14
2018-11-04,1541372400,63.1
2018-11-05,1541458800,62.21
2018-11-06,1541545200,61.67
2018-11-07,1541631600,60.67
2018-11-08,1541718000,60.19
2018-11-11,1541977200,59.93
2018-11-12,1542063600,55.69
2018-11-13,1542150000,56.25
2018-11-14,1542236400,56.68
2018-11-15,1542322800,56.68
2018-11-18,1542582000,57.2
2018-11-19,1542668400,53.43
2018-11-20,1542754800,54.63
2018-11-21,1542841200,50.42
2018-11-25,1543186800,51.63
2018-11-26,1543273200,51.56
2018-11-27,1543359600,50.29
2018-11-28,1543446000,51.45
2018-11-29,1543532400,50.93
2018-12-02,1543791600,52.95
2018-12-03,1543878000,53.25
2018-12-04,1543964400,52.89
2018-12-05,1544050800,51.49
2018-12-06,1544137200,52.61
2018-12-09,1544396400,51
2018-12-10,1544482800,51.65
2018-12-11,1544569200,51.15
2018-12-12,1544655600,52.58
2018-12-13,1544742000,51.2
2018-12-16,1545001200,50.2
2018-12-17,1545087600,46.6
2018-12-18,1545174000,48.17
2018-12-19,1545260400,45.88
2018-12-20,1545346800,45.59
2018-12-23,1545606000,42.53
2018-12-25,1545778800,46.22
2018-12-26,1545865200,44.61
2018-12-27,1545951600,45.33
2018-12-30,1546210800,45.41
2019-01-01,1546383600,46.54
2019-01-02,1546470000,47.09
2019-01-03,1546556400,47.96
2019-01-06,1546815600,48.52
2019-01-07,1546902000,49.78
2019-01-08,1546988400,52.36
2019-01-09,1547074800,52.59
2019-01-10,1547161200,51.59
2019-01-13,1547420400,50.51
2019-01-14,1547506800,52.11
2019-01-15,1547593200,52.31
2019-01-16,1547679600,52.36
2019-01-17,1547766000,54.04
2019-01-20,1548025200,53.01
2019-01-22,1548198000,52.62
2019-01-23,1548284400,53.13
2019-01-24,1548370800,53.69
2019-01-27,1548630000,51.99
2019-01-28,1548716400,53.31
2019-01-29,1548802800,54.23
2019-01-30,1548889200,53.79
2019-01-31,1548975600,55.26
2019-02-03,1549234800,54.56
2019-02-04,1549321200,53.66
2019-02-05,1549407600,54.01
2019-02-06,1549494000,52.64
2019-02-07,1549580400,52.72
2019-02-10,1549839600,52.41
2019-02-11,1549926000,53.1
2019-02-12,1550012400,53.9
2019-02-13,1550098800,54.41
2019-02-14,1550185200,55.98
2019-02-17,1550444400,56.45
2019-02-19,1550617200,57.16
2019-02-20,1550703600,56.96
2019-02-21,1550790000,57.26
2019-02-24,1551049200,55.48
2019-02-25,1551135600,55.5
2019-02-26,1551222000,56.94
2019-02-27,1551308400,57.22
2019-02-28,1551394800,55.8
2019-03-03,1551654000,56.59
2019-03-04,1551740400,56.56
2019-03-05,1551826800,56.22
2019-03-06,1551913200,56.66
2019-03-07,1551999600,56.07
2019-03-10,1552255200,56.79
2019-03-11,1552341600,56.87
2019-03-12,1552428000,58.26
2019-03-13,1552514400,58.61
2019-03-14,1552600800,58.52
2019-03-17,1552860000,59.38
2019-03-18,1552946400,59.29
2019-03-19,1553032800,60.23
2019-03-20,1553119200,59.98
2019-03-21,1553205600,59.04
2019-03-24,1553464800,58.82
2019-03-25,1553551200,59.94
2019-03-26,1553637600,59.41
2019-03-27,1553724000,59.3
2019-03-28,1553810400,60.14
2019-03-31,1554069600,61.59
2019-04-01,1554156000,62.58
2019-04-02,1554242400,62.46
2019-04-03,1554328800,62.1
2019-04-04,1554415200,63.08
2019-04-07,1554674400,64.4
2019-04-08,1554760800,63.98
2019-04-09,1554847200,64.61
2019-04-10,1554933600,63.58
2019-04-11,1555020000,63.89
2019-04-14,1555279200,63.4
2019-04-15,1555365600,64.05
2019-04-16,1555452000,63.87
2019-04-17,1555538400,64.07
2019-04-21,1555884000,65.55
2019-04-22,1555970400,66.3
2019-04-23,1556056800,65.89
2019-04-24,1556143200,65.21
2019-04-25,1556229600,63.3
2019-04-28,1556488800,63.5
2019-04-29,1556575200,63.91
2019-04-30,1556661600,63.6
2019-05-01,1556748000,61.81
2019-05-02,1556834400,61.94
2019-05-05,1557093600,62.25
2019-05-06,1557180000,61.4
2019-05-07,1557266400,62.12
2019-05-08,1557352800,61.7
2019-05-09,1557439200,61.66
2019-05-12,1557698400,61.04
2019-05-13,1557784800,61.78
2019-05-14,1557871200,62.02
2019-05-15,1557957600,62.87
2019-05-16,1558044000,62.92
2019-05-19,1558303200,63.21
2019-05-20,1558389600,63.13
2019-05-21,1558476000,61.42
2019-05-22,1558562400,57.91
2019-05-23,1558648800,58.63
2019-05-26,1558908000,59.14
2019-05-28,1559080800,58.81
2019-05-29,1559167200,56.59
2019-05-30,1559253600,53.5
2019-06-02,1559512800,53.25
2019-06-03,1559599200,53.48
2019-06-04,1559685600,51.68
2019-06-05,1559772000,52.59
2019-06-06,1559858400,53.99
2019-06-09,1560117600,53.26
2019-06-10,1560204000,53.27
2019-06-11,1560290400,51.14
2019-06-12,1560376800,52.28
2019-06-13,1560463200,52.51
2019-06-16,1560722400,51.93
2019-06-17,1560808800,54.11
2019-06-18,1560895200,53.97
2019-06-19,1560981600,57.07
2019-06-20,1561068000,57.43
2019-06-23,1561327200,57.9
2019-06-24,1561413600,57.83
2019-06-25,1561500000,59.38
2019-06-26,1561586400,59.43
2019-06-27,1561672800,58.47
2019-06-30,1561932000,59.09
2019-07-01,1562018400,56.25
2019-07-02,1562104800,57.34
2019-07-03,1562191200,57.51
2019-07-07,1562536800,57.66
2019-07-08,1562623200,57.83
2019-07-09,1562709600,60.43
2019-07-10,1562796000,60.2
2019-07-11,1562882400,60.21
2019-07-14,1563141600,59.58
2019-07-15,1563228000,57.62
2019-07-16,1563314400,56.78
2019-07-17,1563400800,55.42
2019-07-18,1563487200,55.76
2019-07-21,1563746400,56.22
2019-07-22,1563832800,56.77
2019-07-23,1563919200,55.88
2019-07-24,1564005600,56.02
2019-07-25,1564092000,56.2
2019-07-28,1564351200,56.87
2019-07-29,1564437600,58.05
2019-07-30,1564524000,58.58
2019-07-31,1564610400,53.95
2019-08-01,1564696800,55.66
2019-08-04,1564956000,54.69
2019-08-05,1565042400,53.63
2019-08-06,1565128800,51.09
2019-08-07,1565215200,52.54
2019-08-08,1565301600,54.5
2019-08-11,1565560800,54.93
2019-08-12,1565647200,57.1
2019-08-13,1565733600,55.23
2019-08-14,1565820000,54.47
2019-08-15,1565906400,54.81
2019-08-18,1566165600,56.14
2019-08-19,1566252000,56.13
2019-08-20,1566338400,55.68
2019-08-21,1566424800,55.35
2019-08-22,1566511200,54.17
2019-08-25,1566770400,53.64
2019-08-26,1566856800,54.93
2019-08-27,1566943200,55.78
2019-08-28,1567029600,56.71
2019-08-29,1567116000,55.1
2019-09-01,1567375200,53.94
2019-09-03,1567548000,56.26
2019-09-04,1567634400,56.3
2019-09-05,1567720800,56.52
2019-09-08,1567980000,57.85
2019-09-09,1568066400,57.4
2019-09-10,1568152800,55.75
2019-09-11,1568239200,55.09
2019-09-12,1568325600,54.85
2019-09-15,1568584800,62.9
2019-09-16,1568671200,59.34
2019-09-17,1568757600,58.04
2019-09-18,1568844000,58.19
2019-09-19,1568930400,58.09
2019-09-22,1569189600,58.64
2019-09-23,1569276000,57.29
2019-09-24,1569362400,56.49
2019-09-25,1569448800,56.41
2019-09-26,1569535200,55.91
2019-09-29,1569794400,54.07
2019-09-30,1569880800,53.62
2019-10-01,1569967200,52.64
2019-10-02,1570053600,52.45
2019-10-03,1570140000,52.81
2019-10-06,1570399200,52.75
2019-10-07,1570485600,52.63
2019-10-08,1570572000,52.59
2019-10-09,1570658400,53.55
2019-10-10,1570744800,54.7
2019-10-13,1571004000,53.59
2019-10-14,1571090400,52.81
2019-10-15,1571176800,53.36
2019-10-16,1571263200,53.93
2019-10-17,1571349600,53.87
2019-10-20,1571608800,53.51
2019-10-21,1571695200,54.48
2019-10-22,1571781600,55.97
2019-10-23,1571868000,56.23
2019-10-24,1571954400,56.66
2019-10-27,1572213600,55.81
2019-10-28,1572300000,55.54
2019-10-29,1572386400,55.06
2019-10-30,1572472800,54.18
2019-10-31,1572559200,56.2
2019-11-03,1572822000,56.54
2019-11-04,1572908400,57.23
2019-11-05,1572994800,56.35
2019-11-06,1573081200,57.15
2019-11-07,1573167600,57.24
2019-11-10,1573426800,56.86
2019-11-11,1573513200,56.8
2019-11-12,1573599600,57.12
2019-11-13,1573686000,56.77
2019-11-14,1573772400,57.72
2019-11-17,1574031600,57.14
2019-11-18,1574118000,55.35
2019-11-19,1574204400,57.01
2019-11-20,1574290800,58.58
2019-11-21,1574377200,57.77
2019-11-24,1574636400,58.01
2019-11-25,1574722800,58.41
2019-11-26,1574809200,58.11
2019-11-27,1574895600,55.17
2019-12-01,1575241200,55.96
2019-12-02,1575327600,56.1
2019-12-03,1575414000,58.43
2019-12-04,1575500400,58.43
2019-12-05,1575586800,59.2
2019-12-08,1575846000,59.02
2019-12-09,1575932400,59.24
2019-12-10,1576018800,58.76
2019-12-11,1576105200,59.18
2019-12-12,1576191600,60.07
2019-12-15,1576450800,60.21
2019-12-16,1576537200,60.87
2019-12-17,1576623600,60.85
2019-12-18,1576710000,61.18
2019-12-19,1576796400,60.44
2019-12-22,1577055600,60.52
2019-12-23,1577142000,61.11
2019-12-25,1577314800,61.68
2019-12-26,1577401200,61.72
2019-12-29,1577660400,61.68
2019-12-30,1577746800,61.06
2020-01-01,1577919600,61.18
2020-01-02,1578006000,63.05
2020-01-05,1578265200,63.27
2020-01-06,1578351600,62.7
2020-01-07,1578438000,59.61
2020-01-08,1578524400,59.56
2020-01-09,1578610800,59.04
2020-01-12,1578870000,58.08
2020-01-13,1578956400,58.23
2020-01-14,1579042800,57.81
2020-01-15,1579129200,58.53
2020-01-16,1579215600,58.58
2020-01-19,1579474800,58.38
2020-01-21,1579647600,56.74
2020-01-22,1579734000,55.59
2020-01-23,1579820400,54.19
2020-01-26,1580079600,53.14
2020-01-27,1580166000,53.48
2020-01-28,1580252400,53.33
2020-01-29,1580338800,52.14
2020-01-30,1580425200,51.56
2020-02-02,1580684400,50.11
2020-02-03,1580770800,49.61
2020-02-04,1580857200,50.75
2020-02-05,1580943600,50.95
2020-02-06,1581030000,50.32
2020-02-09,1581289200,49.57
2020-02-10,1581375600,49.94
2020-02-11,1581462000,51.17
2020-02-12,1581548400,51.42
2020-02-13,1581634800,52.05
2020-02-16,1581894000,52.29
2020-02-18,1582066800,53.49
2020-02-19,1582153200,53.88
2020-02-20,1582239600,53.38
2020-02-23,1582498800,51.43
2020-02-24,1582585200,49.9
2020-02-25,1582671600,48.73
2020-02-26,1582758000,47.09
2020-02-27,1582844400,44.76
2020-03-01,1583103600,46.75
2020-03-02,1583190000,47.18
2020-03-03,1583276400,46.78
2020-03-04,1583362800,45.9
2020-03-05,1583449200,41.28
2020-03-08,1583704800,31.13
2020-03-09,1583791200,34.36
2020-03-10,1583877600,32.98
2020-03-11,1583964000,31.5
2020-03-12,1584050400,31.73
2020-03-15,1584309600,28.7
2020-03-16,1584396000,26.95
2020-03-17,1584482400,20.83
2020-03-18,1584568800,25.91
2020-03-19,1584655200,22.63
2020-03-22,1584914400,23.36
2020-03-23,1585000800,24.01
2020-03-24,1585087200,24.49
2020-03-25,1585173600,22.6
2020-03-26,1585260000,21.51
2020-03-29,1585519200,20.09
2020-03-30,1585605600,20.48
2020-03-31,1585692000,20.31
2020-04-01,1585778400,25.32
2020-04-02,1585864800,28.34
2020-04-05,1586124000,26.08
2020-04-06,1586210400,23.63
2020-04-07,1586296800,25.09
2020-04-08,1586383200,22.76
2020-04-12,1586728800,22.41
2020-04-13,1586815200,20.11
2020-04-14,1586901600,19.87
2020-04-15,1586988000,19.87
2020-04-16,1587074400,18.27
2020-04-19,1587333600,-37.63
2020-04-20,1587420000,11.57
2020-04-21,1587506400,13.78
2020-04-22,1587592800,16.5
2020-04-23,1587679200,16.94
2020-04-26,1587938400,12.78
2020-04-27,1588024800,12.34
2020-04-28,1588111200,15.06
2020-04-29,1588197600,18.84
2020-04-30,1588284000,19.78
2020-05-03,1588543200,20.39
2020-05-04,1588629600,24.56
2020-05-05,1588716000,23.99
2020-05-06,1588802400,23.55
2020-05-07,1588888800,24.74
2020-05-10,1589148000,24.14
2020-05-11,1589234400,25.78
2020-05-12,1589320800,25.29
2020-05-13,1589407200,27.56
2020-05-14,1589493600,29.52
2020-05-17,1589752800,31.65
2020-05-18,1589839200,31.96
2020-05-19,1589925600,33.49
2020-05-20,1590012000,33.92
2020-05-21,1590098400,33.25
2020-05-24,1590357600,34.35
2020-05-26,1590530400,32.81
2020-05-27,1590616800,33.71
2020-05-28,1590703200,35.49
2020-05-31,1590962400,35.44
2020-06-01,1591048800,36.81
2020-06-02,1591135200,37.29
2020-06-03,1591221600,37.41
2020-06-04,1591308000,39.55
2020-06-07,1591567200,38.19
2020-06-08,1591653600,38.94
2020-06-09,1591740000,39.6
2020-06-10,1591826400,36.34
2020-06-11,1591912800,36.26
2020-06-14,1592172000,37.12
2020-06-15,1592258400,38.38
2020-06-16,1592344800,37.96
2020-06-17,1592431200,39.05
2020-06-18,1592517600,39.83
2020-06-21,1592776800,40.73
2020-06-22,1592863200,40.37
2020-06-23,1592949600,38.01
2020-06-24,1593036000,38.72
2020-06-25,1593122400,38.49
2020-06-28,1593381600,39.7
2020-06-29,1593468000,39.27
2020-06-30,1593554400,39.82
2020-07-01,1593640800,40.65
2020-07-02,1593727200,40.63
2020-07-06,1594072800,40.62
2020-07-07,1594159200,40.9
2020-07-08,1594245600,39.62
2020-07-09,1594332000,40.55
2020-07-12,1594591200,40.1
2020-07-13,1594677600,40.29
2020-07-14,1594764000,41.2
2020-07-15,1594850400,40.75
2020-07-16,1594936800,40.75
2020-07-19,1595196000,40.92
2020-07-20,1595282400,41.92
2020-07-21,1595368800,41.9
2020-07-22,1595455200,41.07
2020-07-23,1595541600,41.29
2020-07-26,1595800800,41.6
2020-07-27,1595887200,41.04
2020-07-28,1595973600,41.27
2020-07-29,1596060000,39.92
2020-07-30,1596146400,40.27
2020-08-02,1596405600,41.01
2020-08-03,1596492000,41.7
2020-08-04,1596578400,42.19
2020-08-05,1596664800,41.95
2020-08-06,1596751200,41.22
2020-08-09,1597010400,41.94
2020-08-10,1597096800,41.61
2020-08-11,1597183200,42.67
2020-08-12,1597269600,42.24
2020-08-13,1597356000,42.01
2020-08-16,1597615200,42.89
2020-08-17,1597701600,43.12
2020-08-18,1597788000,43.11
2020-08-19,1597874400,42.82
2020-08-20,1597960800,42.34
2020-08-23,1598220000,42.62
2020-08-24,1598306400,43.35
2020-08-25,1598392800,43.39
2020-08-26,1598479200,43.04
2020-08-27,1598565600,42.97
2020-08-30,1598824800,42.61
2020-08-31,1598911200,42.76
2020-09-01,1598997600,41.51
2020-09-02,1599084000,41.37
2020-09-03,1599170400,39.77
2020-09-06,1599429600,36.76
2020-09-08,1599602400,38.05
2020-09-09,1599688800,37.3
2020-09-10,1599775200,37.33
2020-09-13,1600034400,37.26
2020-09-14,1600120800,38.28
2020-09-15,1600207200,40.16
2020-09-16,1600293600,40.97
2020-09-17,1600380000,41.32
2020-09-20,1600639200,39.54
2020-09-21,1600725600,39.8
2020-09-22,1600812000,39.93
2020-09-23,1600898400,40.31
2020-09-24,1600984800,40.25
2020-09-27,1601244000,40.6
2020-09-28,1601330400,39.29
2020-09-29,1601416800,40.22
2020-09-30,1601503200,38.72
2020-10-01,1601589600,37.05
2020-10-04,1601848800,39.22
2020-10-05,1601935200,40.67
2020-10-06,1602021600,39.95
2020-10-07,1602108000,41.19
2020-10-08,1602194400,40.6
2020-10-11,1602453600,39.43
2020-10-12,1602540000,40.2
2020-10-13,1602626400,41.04
2020-10-14,1602712800,40.96
2020-10-15,1602799200,41.12
2020-10-18,1603058400,41.06
2020-10-19,1603144800,41.7
2020-10-20,1603231200,40.03
2020-10-21,1603317600,40.64
2020-10-22,1603404000,39.85
2020-10-25,1603663200,38.56
2020-10-26,1603749600,39.57
2020-10-27,1603836000,37.39
2020-10-28,1603922400,36.17
2020-10-29,1604008800,35.79
2020-11-01,1604271600,36.81
2020-11-02,1604358000,37.66
2020-11-03,1604444400,39.15
2020-11-04,1604530800,38.79
2020-11-05,1604617200,37.14
2020-11-08,1604876400,40.29
2020-11-09,1604962800,41.36
2020-11-10,1605049200,41.45
2020-11-11,1605135600,41.12
2020-11-12,1605222000,40.13
2020-11-15,1605481200,41.34
2020-11-16,1605567600,41.43
2020-11-17,1605654000,42.01
2020-11-18,1605740400,41.9
2020-11-19,1605826800,42.42
2020-11-22,1606086000,43.06
2020-11-23,1606172400,44.91
2020-11-24,1606258800,45.71
2020-11-25,1606345200,45.53
2020-11-29,1606690800,45.34
2020-11-30,1606777200,44.55
2020-12-01,1606863600,45.28
2020-12-02,1606950000,45.64
2020-12-03,1607036400,46.26
2020-12-06,1607295600,45.76
2020-12-07,1607382000,45.6
2020-12-08,1607468400,45.52
2020-12-09,1607554800,46.78
2020-12-10,1607641200,46.57
2020-12-13,1607900400,46.99
2020-12-14,1607986800,47.62
2020-12-15,1608073200,47.82
2020-12-16,1608159600,48.54
2020-12-17,1608246000,49.24
2020-12-20,1608505200,47.97
2020-12-21,1608591600,47.02
2020-12-22,1608678000,48.12
2020-12-23,1608764400,48.23
2020-12-27,1609110000,47.62
2020-12-28,1609196400,48
2020-12-29,1609282800,48.4
2020-12-30,1609369200,48.52
2021-01-03,1609714800,47.62
2021-01-04,1609801200,49.93
2021-01-05,1609887600,50.63
2021-01-06,1609974000,50.83
2021-01-07,1610060400,52.24
2021-01-10,1610319600,52.25
2021-01-11,1610406000,53.21
2021-01-12,1610492400,52.91
2021-01-13,1610578800,53.57
2021-01-14,1610665200,52.42
2021-01-17,1610924400,52.98
2021-01-19,1611097200,53.31
2021-01-20,1611183600,53.13
2021-01-21,1611270000,52.27
2021-01-24,1611529200,52.77
2021-01-25,1611615600,52.61
2021-01-26,1611702000,52.85
2021-01-27,1611788400,52.34
2021-01-28,1611874800,52.2
2021-01-31,1612134000,53.55
2021-02-01,1612220400,54.76
2021-02-02,1612306800,55.69
2021-02-03,1612393200,56.23
2021-02-04,1612479600,56.85
2021-02-07,1612738800,57.97
2021-02-08,1612825200,58.36
2021-02-09,1612911600,58.68
2021-02-10,1612998000,58.24
2021-02-11,1613084400,59.47
2021-02-14,1613343600,60.05
2021-02-16,1613516400,61.14
2021-02-17,1613602800,60.53
2021-02-18,1613689200,59.26
2021-02-21,1613948400,61.7
2021-02-22,1614034800,61.67
2021-02-23,1614121200,63.22
2021-02-24,1614207600,63.53
2021-02-25,1614294000,61.5
2021-02-28,1614553200,60.64
2021-03-01,1614639600,59.75
2021-03-02,1614726000,61.28
2021-03-03,1614812400,63.83
2021-03-04,1614898800,66.09
2021-03-07,1615158000,65.05
2021-03-08,1615244400,64.01
2021-03-09,1615330800,64.44
2021-03-10,1615417200,66.02
2021-03-11,1615503600,65.61
2021-03-14,1615759200,65.39
2021-03-15,1615845600,64.8
2021-03-16,1615932000,64.6
2021-03-17,1616018400,60.06
2021-03-18,1616104800,61.44
2021-03-21,1616364000,61.56
2021-03-22,1616450400,57.76
2021-03-23,1616536800,61.18
2021-03-24,1616623200,58.56
2021-03-25,1616709600,60.97
2021-03-28,1616968800,61.56
2021-03-29,1617055200,60.55
2021-03-30,1617141600,59.16
2021-03-31,1617228000,61.45
2021-04-04,1617573600,58.65
2021-04-05,1617660000,59.33
2021-04-06,1617746400,59.77
2021-04-07,1617832800,59.6
2021-04-08,1617919200,59.32
2021-04-11,1618178400,59.7
2021-04-12,1618264800,60.18
2021-04-13,1618351200,63.15
2021-04-14,1618437600,63.46
2021-04-15,1618524000,63.19
2021-04-18,1618783200,63.43
2021-04-19,1618869600,62.67
2021-04-20,1618956000,61.35
2021-04-21,1619042400,61.43
2021-04-22,1619128800,62.14
2021-04-25,1619388000,61.91
2021-04-26,1619474400,62.94
2021-04-27,1619560800,63.86
2021-04-28,1619647200,65.01
2021-04-29,1619733600,63.58
2021-05-02,1619992800,64.49
2021-05-03,1620079200,65.69
2021-05-04,1620165600,65.63
2021-05-05,1620252000,64.71
2021-05-06,1620338400,64.9
2021-05-09,1620597600,64.92
2021-05-10,1620684000,65.28
2021-05-11,1620770400,66.08
2021-05-12,1620856800,63.82
2021-05-13,1620943200,65.37
2021-05-16,1621202400,66.27
2021-05-17,1621288800,65.5
2021-05-18,1621375200,63.35
2021-05-19,1621461600,61.94
2021-05-20,1621548000,63.58
2021-05-23,1621807200,66.05
2021-05-24,1621893600,66.07
2021-05-25,1621980000,66.21
2021-05-26,1622066400,66.85
2021-05-27,1622152800,66.32
2021-05-30,1622412000,67.72
2021-06-01,1622584800,68.83
2021-06-02,1622671200,68.81
2021-06-03,1622757600,69.62
2021-06-06,1623016800,69.23
2021-06-07,1623103200,70.05
2021-06-08,1623189600,69.96
2021-06-09,1623276000,70.29
2021-06-10,1623362400,70.91
2021-06-13,1623621600,70.88
2021-06-14,1623708000,72.12
2021-06-15,1623794400,72.15
2021-06-16,1623880800,71.04
2021-06-17,1623967200,71.29
2021-06-20,1624226400,73.12
2021-06-21,1624312800,72.85
2021-06-22,1624399200,73.08
2021-06-23,1624485600,73.3
2021-06-24,1624572000,74.05
2021-06-27,1624831200,72.91
2021-06-28,1624917600,72.98
2021-06-29,1625004000,73.47
2021-06-30,1625090400,75.23
2021-07-01,1625176800,75.16
2021-07-04,1625436000,73.37
2021-07-06,1625608800,72.2
2021-07-07,1625695200,72.94
2021-07-08,1625781600,74.56
2021-07-11,1626040800,74.1
2021-07-12,1626127200,75.25
2021-07-13,1626213600,73.13
2021-07-14,1626300000,71.65
2021-07-15,1626386400,71.56
2021-07-18,1626645600,66.35
2021-07-19,1626732000,67.2
2021-07-20,1626818400,70.3
2021-07-21,1626904800,71.91
2021-07-22,1626991200,72.07
2021-07-25,1627250400,71.91
2021-07-26,1627336800,71.65
2021-07-27,1627423200,72.39
2021-07-28,1627509600,73.62
2021-07-29,1627596000,73.95
2021-08-01,1627855200,71.26
2021-08-02,1627941600,70.56
2021-08-03,1628028000,68.15
2021-08-04,1628114400,69.09
2021-08-05,1628200800,68.28
2021-08-08,1628460000,66.48
2021-08-09,1628546400,68.29
2021-08-10,1628632800,69.25
2021-08-11,1628719200,69.09
2021-08-12,1628805600,68.44
2021-08-15,1629064800,67.29
2021-08-16,1629151200,66.59
2021-08-17,1629237600,65.21
2021-08-18,1629324000,63.5
2021-08-19,1629410400,62.14
2021-08-22,1629669600,65.64
2021-08-23,1629756000,67.54
2021-08-24,1629842400,68.36
2021-08-25,1629928800,67.42
2021-08-26,1630015200,68.74
2021-08-29,1630274400,69.21
2021-08-30,1630360800,68.5
2021-08-31,1630447200,68.59
2021-09-01,1630533600,69.99
2021-09-02,1630620000,69.29
2021-09-05,1630879200,68.35
2021-09-07,1631052000,69.3
2021-09-08,1631138400,68.14
2021-09-09,1631224800,69.72
2021-09-12,1631484000,70.45
2021-09-13,1631570400,70.46
2021-09-14,1631656800,72.61
2021-09-15,1631743200,72.61
2021-09-16,1631829600,71.82
2021-09-19,1632088800,70.14
2021-09-20,1632175200,70.49
2021-09-21,1632261600,72.23
2021-09-22,1632348000,73.3
2021-09-23,1632434400,73.98
2021-09-26,1632693600,75.45
2021-09-27,1632780000,75.29
2021-09-28,1632866400,74.83
2021-09-29,1632952800,75.03
2021-09-30,1633039200,75.88
2021-10-03,1633298400,77.62
2021-10-04,1633384800,78.93
2021-10-05,1633471200,77.43
2021-10-06,1633557600,78.3
2021-10-07,1633644000,79.35
2021-10-10,1633903200,80.52
2021-10-11,1633989600,80.64
2021-10-12,1634076000,80.44
2021-10-13,1634162400,81.31
2021-10-14,1634248800,82.28
2021-10-17,1634508000,81.69
2021-10-18,1634594400,82.44
2021-10-19,1634680800,83.42
2021-10-20,1634767200,82.5
2021-10-21,1634853600,83.76
2021-10-24,1635112800,83.76
2021-10-25,1635199200,84.65
2021-10-26,1635285600,82.66
2021-10-27,1635372000,82.81
2021-10-28,1635458400,83.57
2021-10-31,1635717600,84.05
2021-11-01,1635804000,83.91
2021-11-02,1635890400,80.86
2021-11-03,1635976800,78.81
2021-11-04,1636063200,81.27
2021-11-07,1636326000,81.93
2021-11-08,1636412400,84.15
2021-11-09,1636498800,81.34
2021-11-10,1636585200,81.59
2021-11-11,1636671600,80.79
2021-11-14,1636930800,80.88
2021-11-15,1637017200,80.76
2021-11-16,1637103600,77.55
2021-11-17,1637190000,78.41
2021-11-18,1637276400,75.94
2021-11-21,1637535600,76.75
2021-11-22,1637622000,78.5
2021-11-23,1637708400,78.39
2021-11-24,1637794800,68.15
2021-11-28,1638140400,69.95
2021-11-29,1638226800,66.18
2021-11-30,1638313200,65.57
2021-12-01,1638399600,66.5
2021-12-02,1638486000,66.26
2021-12-05,1638745200,69.49
2021-12-06,1638831600,72.05
2021-12-07,1638918000,72.36
2021-12-08,1639004400,70.94
2021-12-09,1639090800,71.67
2021-12-12,1639350000,71.29
2021-12-13,1639436400,70.73
2021-12-14,1639522800,70.87
2021-12-15,1639609200,72.15
2021-12-16,1639695600,70.72
2021-12-19,1639954800,68.61
2021-12-20,1640041200,71.12
2021-12-21,1640127600,72.76
2021-12-22,1640214000,73.79
2021-12-26,1640559600,75.57
2021-12-27,1640646000,75.98
2021-12-28,1640732400,76.56
2021-12-29,1640818800,76.99
2021-12-30,1640905200,75.21
2022-01-02,1641164400,76.08
2022-01-03,1641250800,76.99
2022-01-04,1641337200,77.85
2022-01-05,1641423600,79.46
2022-01-06,1641510000,78.9
2022-01-09,1641769200,78.23
2022-01-10,1641855600,81.22
2022-01-11,1641942000,82.64
2022-01-12,1642028400,82.12
2022-01-13,1642114800,83.82
2022-01-16,1642374000,84.83
2022-01-18,1642546800,85.8
2022-01-19,1642633200,85.55
2022-01-20,1642719600,85.14
2022-01-23,1642978800,83.31
2022-01-24,1643065200,85.6
2022-01-25,1643151600,87.35
2022-01-26,1643238000,86.61
2022-01-27,1643324400,86.82
2022-01-30,1643583600,88.15
2022-01-31,1643670000,88.2
2022-02-01,1643756400,88.26
2022-02-02,1643842800,90.27
2022-02-03,1643929200,92.31
2022-02-06,1644188400,91.32
2022-02-07,1644274800,89.36
2022-02-08,1644361200,89.66
2022-02-09,1644447600,89.88
2022-02-10,1644534000,93.1
2022-02-13,1644793200,95.46
2022-02-14,1644879600,92.07
2022-02-15,1644966000,93.66
2022-02-16,1645052400,90.04
2022-02-17,1645138800,90.21
2022-02-20,1645398000,91.91
2022-02-22,1645570800,92.1
2022-02-23,1645657200,92.81
2022-02-24,1645743600,91.59
2022-02-27,1646002800,95.72
2022-02-28,1646089200,103.41
2022-03-01,1646175600,110.6
2022-03-02,1646262000,107.67
2022-03-03,1646348400,115.68
2022-03-06,1646607600,119.4
2022-03-07,1646694000,123.7
2022-03-08,1646780400,108.7
2022-03-09,1646866800,106.02
2022-03-10,1646953200,109.33
2022-03-13,1647208800,103.01
2022-03-14,1647295200,96.44
2022-03-15,1647381600,95.04
2022-03-16,1647468000,102.98
2022-03-17,1647554400,103.09
2022-03-20,1647813600,109.97
2022-03-21,1647900000,109.27
2022-03-22,1647986400,114.93
2022-03-23,1648072800,112.34
2022-03-24,1648159200,113.9
2022-03-27,1648418400,105.96
2022-03-28,1648504800,104.24
2022-03-29,1648591200,107.82
2022-03-30,1648677600,100.28
2022-03-31,1648764000,99.27
2022-04-03,1649023200,103.28
2022-04-04,1649109600,101.96
2022-04-05,1649196000,96.23
2022-04-06,1649282400,96.03
2022-04-07,1649368800,98.26
2022-04-10,1649628000,94.29
2022-04-11,1649714400,100.6
2022-04-12,1649800800,104.25
2022-04-13,1649887200,106.95
2022-04-17,1650232800,107.61
2022-04-18,1650319200,102.05
2022-04-19,1650405600,102.19
2022-04-20,1650492000,103.79
2022-04-21,1650578400,102.07
2022-04-24,1650837600,98.54
2022-04-25,1650924000,101.7
2022-04-26,1651010400,102.02
2022-04-27,1651096800,105.36
2022-04-28,1651183200,104.69
2022-05-01,1651442400,105.17
2022-05-02,1651528800,102.41
2022-05-03,1651615200,107.81
2022-05-04,1651701600,108.26
2022-05-05,1651788000,109.77
2022-05-08,1652047200,103.09
2022-05-09,1652133600,99.76
2022-05-10,1652220000,105.71
2022-05-11,1652306400,106.13
2022-05-12,1652392800,110.49
2022-05-15,1652652000,114.2
2022-05-16,1652738400,112.4
2022-05-17,1652824800,107.04
2022-05-18,1652911200,109.89
2022-05-19,1652997600,110.28
2022-05-22,1653256800,110.29
2022-05-23,1653343200,109.77
2022-05-24,1653429600,110.33
2022-05-25,1653516000,114.09
2022-05-26,1653602400,115.07
2022-05-29,1653861600,114.67
2022-05-31,1654034400,115.26
2022-06-01,1654120800,116.87
2022-06-02,1654207200,118.87
2022-06-05,1654466400,118.5
2022-06-06,1654552800,119.41
2022-06-07,1654639200,122.11
2022-06-08,1654725600,121.51
2022-06-09,1654812000,120.67
2022-06-12,1655071200,120.93
2022-06-13,1655157600,118.93
2022-06-14,1655244000,115.31
2022-06-15,1655330400,115.25
2022-06-16,1655416800,107.99
2022-06-19,1655676000,109.52
2022-06-21,1655848800,106.19
2022-06-22,1655935200,104.27
2022-06-23,1656021600,107.62
2022-06-26,1656280800,109.57
2022-06-27,1656367200,111.76
2022-06-28,1656453600,109.78
2022-06-29,1656540000,105.76
2022-06-30,1656626400,108.43
2022-07-03,1656885600,99.5
2022-07-05,1657058400,98.53
2022-07-06,1657144800,102.73
2022-07-07,1657231200,104.79
2022-07-10,1657490400,104.09
2022-07-11,1657576800,95.84
2022-07-12,1657663200,96.3
2022-07-13,1657749600,95.78
2022-07-14,1657836000,97.59
2022-07-17,1658095200,99.42
2022-07-18,1658181600,100.74
2022-07-19,1658268000,99.88
2022-07-20,1658354400,96.35
2022-07-21,1658440800,94.7
2022-07-24,1658700000,96.7
2022-07-25,1658786400,94.98
2022-07-26,1658872800,97.26
2022-07-27,1658959200,96.42
2022-07-28,1659045600,98.62
2022-07-31,1659304800,93.89
2022-08-01,1659391200,94.42
2022-08-02,1659477600,90.66
2022-08-03,1659564000,88.54
2022-08-04,1659650400,89.01
2022-08-07,1659909600,90.76
2022-08-08,1659996000,90.5
2022-08-09,1660082400,91.93
2022-08-10,1660168800,94.34
2022-08-11,1660255200,92.09
2022-08-14,1660514400,89.41
2022-08-15,1660600800,86.53
2022-08-16,1660687200,88.11
2022-08-17,1660773600,90.11
2022-08-18,1660860000,90.44
2022-08-21,1661119200,90.36
2022-08-22,1661205600,93.74
2022-08-23,1661292000,94.89
2022-08-24,1661378400,92.52
2022-08-25,1661464800,93.06
2022-08-28,1661724000,97.01
2022-08-29,1661810400,91.64
2022-08-30,1661896800,89.55
2022-08-31,1661983200,86.61
2022-09-01,1662069600,86.87
2022-09-04,1662328800,86.88
2022-09-06,1662501600,81.94
2022-09-07,1662588000,83.54
2022-09-08,1662674400,86.79
2022-09-11,1662933600,87.78
2022-09-12,1663020000,87.31
2022-09-13,1663106400,88.48
2022-09-14,1663192800,85.1
2022-09-15,1663279200,84.76
2022-09-18,1663538400,85.36
2022-09-19,1663624800,83.94
2022-09-20,1663711200,82.94
2022-09-21,1663797600,83.49
2022-09-22,1663884000,78.74
2022-09-25,1664143200,76.71
2022-09-26,1664229600,78.5
2022-09-27,1664316000,82.15
2022-09-28,1664402400,81.23
2022-09-29,1664488800,79.49
2022-10-02,1664748000,83.63
2022-10-03,1664834400,86.52
2022-10-04,1664920800,87.76
2022-10-05,1665007200,88.45
2022-10-06,1665093600,92.64
2022-10-09,1665352800,91.13
2022-10-10,1665439200,89.35
2022-10-11,1665525600,87.27
2022-10-12,1665612000,89.11
2022-10-13,1665698400,85.61
2022-10-16,1665957600,85.46
2022-10-17,1666044000,82.07
2022-10-18,1666130400,84.52
2022-10-19,1666216800,84.51
2022-10-20,1666303200,85.05
2022-10-23,1666562400,84.58
2022-10-24,1666648800,85.32
2022-10-25,1666735200,87.91
2022-10-26,1666821600,89.08
2022-10-27,1666908000,87.9
2022-10-30,1667167200,86.53
2022-10-31,1667253600,88.37
2022-11-01,1667340000,90
2022-11-02,1667426400,88.17
2022-11-03,1667512800,92.61
2022-11-06,1667775600,91.79
2022-11-07,1667862000,88.91
2022-11-08,1667948400,85.83
2022-11-09,1668034800,86.47
2022-11-10,1668121200,88.96
2022-11-13,1668380400,85.87
2022-11-14,1668466800,86.92
2022-11-15,1668553200,85.59
2022-11-16,1668639600,81.4
2022-11-17,1668726000,80.11
2022-11-20,1668985200,80.04
2022-11-21,1669071600,80.95
2022-11-22,1669158000,77.94
2022-11-23,1669244400,76.28
2022-11-27,1669590000,77.24
2022-11-28,1669676400,78.2
2022-11-29,1669762800,80.55
2022-11-30,1669849200,81.22
2022-12-01,1669935600,79.98
2022-12-04,1670194800,76.93
2022-12-05,1670281200,74.25
2022-12-06,1670367600,72.01
2022-12-07,1670454000,71.46
2022-12-08,1670540400,71.02
2022-12-11,1670799600,73.17
2022-12-12,1670886000,75.39
2022-12-13,1670972400,77.28
2022-12-14,1671058800,76.11
2022-12-15,1671145200,74.46
2022-12-18,1671404400,75.38
2022-12-19,1671490800,76.23
2022-12-20,1671577200,78.29
2022-12-21,1671663600,77.49
2022-12-22,1671750000,79.56
2022-12-26,1672095600,79.53
2022-12-27,1672182000,78.96
2022-12-28,1672268400,78.4
2022-12-29,1672354800,80.26
2023-01-02,1672700400,76.93
2023-01-03,1672786800,72.84
2023-01-04,1672873200,73.67
2023-01-05,1672959600,73.77
2023-01-08,1673218800,74.63
2023-01-09,1673305200,75.12
2023-01-10,1673391600,77.41
2023-01-11,1673478000,78.39
2023-01-12,1673564400,79.86
2023-01-15,1673823600,80.18
2023-01-17,1673996400,79.8
2023-01-18,1674082800,80.61
2023-01-19,1674169200,81.64
2023-01-22,1674428400,81.62
2023-01-23,1674514800,80.13
2023-01-24,1674601200,80.15
2023-01-25,1674687600,81.01
2023-01-26,1674774000,79.68
2023-01-29,1675033200,77.9
2023-01-30,1675119600,78.87
2023-01-31,1675206000,76.41
2023-02-01,1675292400,75.88
2023-02-02,1675378800,73.39
2023-02-05,1675638000,74.11
2023-02-06,1675724400,77.14
2023-02-07,1675810800,78.47
2023-02-08,1675897200,78.06
2023-02-09,1675983600,79.72
2023-02-12,1676242800,80.14
2023-02-13,1676329200,79.06
2023-02-14,1676415600,78.59
2023-02-15,1676502000,78.74
2023-02-16,1676588400,76.55
2023-02-19,1676847600,76.36
2023-02-21,1677020400,73.95
2023-02-22,1677106800,75.39
2023-02-23,1677193200,76.32
2023-02-26,1677452400,75.68
2023-02-27,1677538800,77.05
2023-02-28,1677625200,77.69
2023-03-01,1677711600,78.16
2023-03-02,1677798000,79.68
2023-03-05,1678057200,80.46
2023-03-06,1678143600,77.58
2023-03-07,1678230000,76.66
2023-03-08,1678316400,75.72
2023-03-09,1678402800,76.68
2023-03-12,1678658400,74.8
2023-03-13,1678744800,71.33
2023-03-14,1678831200,67.61
2023-03-15,1678917600,68.35
2023-03-16,1679004000,66.93
2023-03-19,1679263200,67.82
2023-03-20,1679349600,69.67
2023-03-21,1679436000,70.9
2023-03-22,1679522400,69.96
2023-03-23,1679608800,69.26
2023-03-26,1679868000,72.81
2023-03-27,1679954400,73.2
2023-03-28,1680040800,72.97
2023-03-29,1680127200,74.37
2023-03-30,1680213600,75.67
2023-04-02,1680472800,80.42
2023-04-03,1680559200,80.71
2023-04-04,1680645600,80.61
2023-04-05,1680732000,80.7
2023-04-09,1681077600,79.74
2023-04-10,1681164000,81.53
2023-04-11,1681250400,83.26
2023-04-12,1681336800,82.16
2023-04-13,1681423200,82.52
2023-04-16,1681682400,80.83
2023-04-17,1681768800,80.9
2023-04-18,1681855200,79.24
2023-04-19,1681941600,77.37
2023-04-20,1682028000,77.87
2023-04-23,1682287200,78.76
2023-04-24,1682373600,77.07
2023-04-25,1682460000,74.3
2023-04-26,1682546400,74.76
2023-04-27,1682632800,76.78
2023-04-30,1682892000,75.66
2023-05-01,1682978400,71.66
2023-05-02,1683064800,68.6
2023-05-03,1683151200,68.56
2023-05-04,1683237600,71.34
2023-05-07,1683496800,73.16
2023-05-08,1683583200,73.71
2023-05-09,1683669600,72.56
2023-05-10,1683756000,70.87
2023-05-11,1683842400,70.04
2023-05-14,1684101600,71.11
2023-05-15,1684188000,70.86
2023-05-16,1684274400,72.83
2023-05-17,1684360800,71.94
2023-05-18,1684447200,71.69
2023-05-21,1684706400,72.05
2023-05-22,1684792800,72.91
2023-05-23,1684879200,74.34
2023-05-24,1684965600,71.83
2023-05-25,1685052000,72.67
2023-05-28,1685311200,69.46
2023-05-30,1685484000,68.09
2023-05-31,1685570400,70.1
2023-06-01,1685656800,71.74
2023-06-04,1685916000,72.15
2023-06-05,1686002400,71.74
2023-06-06,1686088800,72.53
2023-06-07,1686175200,71.29
2023-06-08,1686261600,70.17
2023-06-11,1686520800,67.12
2023-06-12,1686607200,69.42
2023-06-13,1686693600,68.27
2023-06-14,1686780000,70.81
2023-06-15,1686866400,71.93
2023-06-18,1687125600,71.19
2023-06-20,1687298400,72.53
2023-06-21,1687384800,69.51
2023-06-22,1687471200,69.16
2023-06-25,1687730400,69.37
2023-06-26,1687816800,67.7
2023-06-27,1687903200,69.56
2023-06-28,1687989600,69.86
2023-06-29,1688076000,70.64
2023-07-02,1688335200,69.79
2023-07-03,1688421600,71.79
2023-07-05,1688594400,71.8
2023-07-06,1688680800,73.86
2023-07-09,1688940000,72.99
2023-07-10,1689026400,74.83
2023-07-11,1689112800,75.75
2023-07-12,1689199200,76.89
2023-07-13,1689285600,75.42
2023-07-16,1689544800,74.15
2023-07-17,1689631200,75.66
2023-07-18,1689717600,75.29
2023-07-19,1689804000,75.65
2023-07-20,1689890400,77.07
2023-07-23,1690149600,78.74
2023-07-24,1690236000,79.63
2023-07-25,1690322400,78.78
2023-07-26,1690408800,80.09
2023-07-27,1690495200,80.58
2023-07-30,1690754400,81.8
2023-07-31,1690840800,81.37
2023-08-01,1690927200,79.49
2023-08-02,1691013600,81.55
2023-08-03,1691100000,82.82
2023-08-06,1691359200,81.94
2023-08-07,1691445600,82.92
2023-08-08,1691532000,84.4
2023-08-09,1691618400,82.82
2023-08-10,1691704800,83.19
2023-08-13,1691964000,82.51
2023-08-14,1692050400,80.99
2023-08-15,1692136800,79.38
2023-08-16,1692223200,80.39
2023-08-17,1692309600,80.66
2023-08-20,1692568800,80.12
2023-08-21,1692655200,79.64
2023-08-22,1692741600,78.89
2023-08-23,1692828000,79.05
2023-08-24,1692914400,79.83
2023-08-27,1693173600,80.1
2023-08-28,1693260000,81.16
2023-08-29,1693346400,81.63
2023-08-30,1693432800,83.63
2023-08-31,1693519200,85.55
2023-09-03,1693778400,86.69
2023-09-05,1693951200,87.54
2023-09-06,1694037600,86.87
2023-09-07,1694124000,87.51
2023-09-10,1694383200,87.29
2023-09-11,1694469600,88.84
2023-09-12,1694556000,88.52
2023-09-13,1694642400,90.16
2023-09-14,1694728800,90.77
2023-09-17,1694988000,90.58
2023-09-18,1695074400,90.48
2023-09-19,1695160800,89.66
2023-09-20,1695247200,89.63
2023-09-21,1695333600,90.03
2023-09-24,1695592800,89.68
2023-09-25,1695679200,90.39
2023-09-26,1695765600,93.68
2023-09-27,1695852000,91.71
2023-09-28,1695938400,90.79
2023-10-01,1696197600,88.82
2023-10-02,1696284000,89.23
2023-10-03,1696370400,84.22
2023-10-04,1696456800,82.31
2023-10-05,1696543200,82.79
2023-10-08,1696802400,86.38
2023-10-09,1696888800,85.97
2023-10-10,1696975200,83.49
2023-10-11,1697061600,82.91
2023-10-12,1697148000,87.69
2023-10-15,1697407200,86.66
2023-10-16,1697493600,86.66
2023-10-17,1697580000,87.27
2023-10-18,1697666400,88.37
2023-10-19,1697752800,88.08
2023-10-22,1698012000,85.49
2023-10-23,1698098400,83.74
2023-10-24,1698184800,85.39
2023-10-25,1698271200,83.21
2023-10-26,1698357600,85.54
2023-10-29,1698616800,82.31
2023-10-30,1698703200,81.02
2023-10-31,1698789600,80.44
2023-11-01,1698876000,82.46
2023-11-02,1698962400,80.51
2023-11-05,1699225200,80.82
2023-11-06,1699311600,77.37
2023-11-07,1699398000,75.33
2023-11-08,1699484400,75.74
2023-11-09,1699570800,77.17
2023-11-12,1699830000,78.26
2023-11-13,1699916400,78.26
2023-11-14,1700002800,76.66
2023-11-15,1700089200,73.09
2023-11-16,1700175600,76.04
2023-11-19,1700434800,77.83
2023-11-20,1700521200,77.77
2023-11-21,1700607600,77.1
2023-11-22,1700694000,75.54
2023-11-26,1701039600,74.86
2023-11-27,1701126000,76.41
2023-11-28,1701212400,77.86
2023-11-29,1701298800,75.96
2023-11-30,1701385200,74.07
2023-12-03,1701644400,73.04
2023-12-04,1701730800,72.32
2023-12-05,1701817200,69.38
2023-12-06,1701903600,69.34
2023-12-07,1701990000,71.23
2023-12-10,1702249200,71.32
2023-12-11,1702335600,68.61
2023-12-12,1702422000,69.47
2023-12-13,1702508400,71.58
2023-12-14,1702594800,71.78
2023-12-17,1702854000,72.82
2023-12-18,1702940400,73.94
2023-12-19,1703026800,74.22
2023-12-20,1703113200,73.89
2023-12-21,1703199600,73.56
2023-12-25,1703545200,75.57
2023-12-26,1703631600,74.11
2023-12-27,1703718000,71.77
2023-12-28,1703804400,71.65
2024-01-01,1704150000,70.38
2024-01-02,1704236400,72.7
2024-01-03,1704322800,72.19
2024-01-04,1704409200,73.81
2024-01-07,1704668400,70.77
2024-01-08,1704754800,72.24
2024-01-09,1704841200,71.37
2024-01-10,1704927600,72.02
2024-01-11,1705014000,72.68
2024-01-14,1705273200,72.4
2024-01-16,1705446000,72.56
2024-01-17,1705532400,73.95
2024-01-18,1705618800,73.25
2024-01-21,1705878000,74.76
2024-01-22,1705964400,74.37
2024-01-23,1706050800,75.09
2024-01-24,1706137200,77.36
2024-01-25,1706223600,78.01
2024-01-28,1706482800,76.78
2024-01-29,1706569200,77.82
2024-01-30,1706655600,75.85
2024-01-31,1706742000,73.82
2024-02-01,1706828400,72.28
2024-02-04,1707087600,72.78
2024-02-05,1707174000,73.31
2024-02-06,1707260400,73.86
2024-02-07,1707346800,76.22
2024-02-08,1707433200,76.84
2024-02-11,1707692400,76.92
2024-02-12,1707778800,77.87
2024-02-13,1707865200,76.64
2024-02-14,1707951600,77.59
2024-02-15,1708038000,78.46
2024-02-18,1708297200,77.04
2024-02-20,1708470000,77.91
2024-02-21,1708556400,78.61
2024-02-22,1708642800,76.49
2024-02-25,1708902000,77.58
2024-02-26,1708988400,78.87
2024-02-27,1709074800,78.54
2024-02-28,1709161200,78.26
2024-02-29,1709247600,79.97
2024-03-03,1709506800,78.74
2024-03-04,1709593200,78.15
2024-03-05,1709679600,79.13
2024-03-06,1709766000,78.93
2024-03-07,1709852400,78.01
2024-03-10,1710108000,77.93
2024-03-11,1710194400,77.56
2024-03-12,1710280800,79.72
2024-03-13,1710367200,81.26
2024-03-14,1710453600,81.04
2024-03-17,1710712800,82.16
2024-03-18,1710799200,82.73
2024-03-19,1710885600,81.27
2024-03-20,1710972000,81.07
2024-03-21,1711058400,80.63
2024-03-24,1711317600,81.95
2024-03-25,1711404000,81.62
2024-03-26,1711490400,81.35
2024-03-27,1711576800,83.17
2024-03-31,1711922400,83.71
2024-04-01,1712008800,85.15
2024-04-02,1712095200,85.43
2024-04-03,1712181600,86.59
2024-04-04,1712268000,86.91
2024-04-07,1712527200,86.43
2024-04-08,1712613600,85.23
2024-04-09,1712700000,86.21
2024-04-10,1712786400,85.02
2024-04-11,1712872800,85.66
2024-04-14,1713132000,85.41
2024-04-15,1713218400,85.36
2024-04-16,1713304800,82.69
2024-04-17,1713391200,82.1
2024-04-18,1713477600,82.22
2024-04-21,1713736800,81.9
2024-04-22,1713823200,83.36
2024-04-23,1713909600,82.81
2024-04-24,1713996000,83.57
2024-04-25,1714082400,83.85
2024-04-28,1714341600,82.63
2024-04-29,1714428000,81.93
2024-04-30,1714514400,79
2024-05-01,1714600800,78.95
2024-05-02,1714687200,78.11
2024-05-05,1714946400,78.48
2024-05-06,1715032800,78.38
2024-05-07,1715119200,78.99
2024-05-08,1715205600,79.26
2024-05-09,1715292000,78.26
2024-05-12,1715551200,79.12
2024-05-13,1715637600,78.02
2024-05-14,1715724000,78.63
2024-05-15,1715810400,79.23
2024-05-16,1715896800,79.58
2024-05-19,1716156000,79.3
2024-05-20,1716242400,78.66
2024-05-21,1716328800,77.57
2024-05-22,1716415200,76.87
2024-05-23,1716501600,77.72
2024-05-26,1716760800,79.83
2024-05-28,1716933600,79.23
2024-05-29,1717020000,77.91
2024-05-30,1717106400,76.99
2024-06-02,1717365600,74.22
2024-06-03,1717452000,73.25
2024-06-04,1717538400,74.07
2024-06-05,1717624800,75.55
2024-06-06,1717711200,75.53
2024-06-09,1717970400,77.74
2024-06-10,1718056800,77.9
2024-06-11,1718143200,78.5
2024-06-12,1718229600,78.62
2024-06-13,1718316000,78.45
2024-06-16,1718575200,79.72
2024-06-17,1718661600,80.71
2024-06-18,1718748000,81.29
2024-06-20,1718920800,80.73
2024-06-23,1719180000,81.63
2024-06-24,1719266400,80.83
2024-06-25,1719352800,80.9
2024-06-26,1719439200,81.74
2024-06-27,1719525600,81.54
2024-06-30,1719784800,83.38
2024-07-01,1719871200,82.81
2024-07-02,1719957600,83.88
2024-07-03,1720044000,83.16
2024-07-07,1720389600,82.33
2024-07-08,1720476000,81.41
2024-07-09,1720562400,82.1
2024-07-10,1720648800,82.62
2024-07-11,1720735200,82.21
2024-07-14,1720994400,81.91
2024-07-15,1721080800,80.76
2024-07-16,1721167200,82.85
2024-07-17,1721253600,81.3
2024-07-18,1721340000,78.64
2024-07-21,1721599200,78.4
2024-07-22,1721685600,76.96
2024-07-23,1721772000,77.59
2024-07-24,1721858400,78.28
2024-07-25,1721944800,77.16
2024-07-28,1722204000,75.81
2024-07-29,1722290400,74.73
2024-07-30,1722376800,77.91
2024-07-31,1722463200,76.31
2024-08-01,1722549600,73.52
2024-08-04,1722808800,72.94
2024-08-05,1722895200,73.2
2024-08-06,1722981600,75.23
2024-08-07,1723068000,76.19
2024-08-08,1723154400,76.84
2024-08-11,1723413600,80.06
2024-08-12,1723500000,78.35
2024-08-13,1723586400,76.98
2024-08-14,1723672800,78.16
2024-08-15,1723759200,75.54
2024-08-18,1724018400,73.66
2024-08-19,1724104800,73.17
2024-08-20,1724191200,71.93
2024-08-21,1724277600,73.01
2024-08-22,1724364000,74.83
2024-08-25,1724623200,77.42
2024-08-26,1724709600,75.53
2024-08-27,1724796000,74.52
2024-08-28,1724882400,75.91
2024-08-29,1724968800,73.55
2024-09-01,1725228000,70.34
2024-09-03,1725400800,69.2
2024-09-04,1725487200,69.15
2024-09-05,1725573600,67.67
2024-09-08,1725832800,68.71
2024-09-09,1725919200,65.75
2024-09-10,1726005600,67.31
2024-09-11,1726092000,68.97
2024-09-12,1726178400,68.65
2024-09-15,1726437600,70.09
2024-09-16,1726524000,71.19
2024-09-17,1726610400,69.88
2024-09-18,1726696800,71.16
2024-09-19,1726783200,71
2024-09-22,1727042400,70.37
2024-09-23,1727128800,71.56
2024-09-24,1727215200,69.69
2024-09-25,1727301600,67.67
2024-09-26,1727388000,68.18
2024-09-29,1727647200,68.17
2024-09-30,1727733600,69.83
2024-10-01,1727820000,70.1
2024-10-02,1727906400,73.71
2024-10-03,1727992800,74.38
2024-10-06,1728252000,77.14
2024-10-07,1728338400,73.57
2024-10-08,1728424800,73.24
2024-10-09,1728511200,75.85
2024-10-10,1728597600,75.56
2024-10-13,1728856800,73.83
2024-10-14,1728943200,70.58
2024-10-15,1729029600,70.39
2024-10-16,1729116000,70.67
2024-10-17,1729202400,68.69
2024-10-20,1729461600,70.04
2024-10-21,1729548000,71.74
2024-10-22,1729634400,70.77
2024-10-23,1729720800,70.19
2024-10-24,1729807200,71.78
2024-10-27,1730066400,67.38
2024-10-28,1730152800,67.21
2024-10-29,1730239200,68.61
2024-10-30,1730325600,69.26
2024-10-31,1730412000,69.49
2024-11-03,1730674800,71.47
2024-11-04,1730761200,71.99
2024-11-05,1730847600,71.69
2024-11-06,1730934000,72.36
2024-11-07,1731020400,70.38
2024-11-10,1731279600,68.04
2024-11-11,1731366000,68.12
2024-11-12,1731452400,68.43
2024-11-13,1731538800,68.7
2024-11-14,1731625200,67.02
2024-11-17,1731884400,69.17
2024-11-18,1731970800,69.24
2024-11-19,1732057200,68.75
2024-11-20,1732143600,70.1
2024-11-21,1732230000,71.24
2024-11-24,1732489200,68.94
2024-11-25,1732575600,68.77
2024-11-26,1732662000,68.72
2024-11-27,1732748400,68
2024-12-01,1733094000,68.1
2024-12-02,1733180400,69.94
2024-12-03,1733266800,68.54
2024-12-04,1733353200,68.3
2024-12-05,1733439600,67.2
2024-12-08,1733698800,68.37
2024-12-09,1733785200,68.59
2024-12-10,1733871600,70.29
2024-12-11,1733958000,70.02
2024-12-12,1734044400,71.29
2024-12-15,1734303600,70.71
2024-12-16,1734390000,69.65
2024-12-17,1734476400,70.02
2024-12-18,1734562800,69.38
2024-12-19,1734649200,69.46
2024-12-22,1734908400,69.24
2024-12-23,1734994800,70.1
2024-12-25,1735167600,69.62
2024-12-26,1735254000,70.6
2024-12-29,1735513200,70.99
2024-12-30,1735599600,71.72
2025-01-01,1735772400,73.13
2025-01-02,1735858800,73.96
2025-01-05,1736118000,73.56
2025-01-06,1736204400,74.25
2025-01-07,1736290800,73.32
2025-01-08,1736377200,73.92
2025-01-09,1736463600,76.57
2025-01-12,1736722800,78.82
2025-01-13,1736809200,77.5
2025-01-14,1736895600,80.04
2025-01-15,1736982000,77.85
2025-01-16,1737068400,77.39
2025-01-19,1737327600,75.83
2025-01-21,1737500400,75.44
2025-01-22,1737586800,74.62
2025-01-23,1737673200,74.66
2025-01-26,1737932400,73.17
2025-01-27,1738018800,73.77
2025-01-28,1738105200,72.62
2025-01-29,1738191600,72.73
2025-01-30,1738278000,72.53
2025-02-02,1738537200,73.16
2025-02-03,1738623600,72.7
2025-02-04,1738710000,71.03
2025-02-05,1738796400,70.61
2025-02-06,1738882800,71
2025-02-09,1739142000,72.32
2025-02-10,1739228400,73.32
2025-02-11,1739314800,71.37
2025-02-12,1739401200,71.29
2025-02-13,1739487600,70.74
2025-02-16,1739746800,71.83
2025-02-18,1739919600,72.1
2025-02-19,1740006000,72.48
2025-02-20,1740092400,70.4
2025-02-23,1740351600,70.7
2025-02-24,1740438000,68.93
2025-02-25,1740524400,68.62
2025-02-26,1740610800,70.35
2025-02-27,1740697200,69.76
2025-03-02,1740956400,68.37
2025-03-03,1741042800,68.26
2025-03-04,1741129200,66.31
2025-03-05,1741215600,66.36
2025-03-06,1741302000,67.04
2025-03-09,1741557600,66.03
2025-03-10,1741644000,66.25
2025-03-11,1741730400,67.68
2025-03-12,1741816800,66.55
2025-03-13,1741903200,67.18
2025-03-16,1742162400,67.58
2025-03-17,1742248800,66.75
2025-03-18,1742335200,66.91
2025-03-19,1742421600,68.07
2025-03-20,1742508000,68.28
2025-03-23,1742767200,69.11
2025-03-24,1742853600,69
2025-03-25,1742940000,69.65
2025-03-26,1743026400,69.92
2025-03-27,1743112800,69.36
2025-03-30,1743372000,71.48
2025-03-31,1743458400,71.2
2025-04-01,1743544800,71.71
2025-04-02,1743631200,66.95
2025-04-03,1743717600,61.99
2025-04-06,1743976800,60.7
2025-04-07,1744063200,59.58
2025-04-08,1744149600,62.35
2025-04-09,1744236000,60.07
2025-04-10,1744322400,61.5
2025-04-13,1744581600,61.53
2025-04-14,1744668000,61.33
2025-04-15,1744754400,62.47
2025-04-16,1744840800,64.01
2025-04-20,1745186400,62.41
2025-04-21,1745272800,63.67
2025-04-22,1745359200,62.27
2025-04-23,1745445600,62.79
2025-04-24,1745532000,63.02
2025-04-27,1745791200,62.05
2025-04-28,1745877600,60.42
2025-04-29,1745964000,58.21
2025-04-30,1746050400,59.24
2025-05-01,1746136800,58.29
2025-05-04,1746396000,57.13
2025-05-05,1746482400,59.09
2025-05-06,1746568800,58.07
2025-05-07,1746655200,59.91
2025-05-08,1746741600,61.02
2025-05-11,1747000800,61.95
2025-05-12,1747087200,63.67
2025-05-13,1747173600,63.15
2025-05-14,1747260000,61.62
2025-05-15,1747346400,61.97
2025-05-18,1747605600,62.14
2025-05-19,1747692000,62.03
2025-05-20,1747778400,61.57
2025-05-21,1747864800,61.2
2025-05-22,1747951200,61.53
2025-05-25,1748210400,60.89
2025-05-27,1748383200,61.84
2025-05-28,1748469600,60.94
2025-05-29,1748556000,60.79
2025-06-01,1748815200,62.52
2025-06-02,1748901600,63.41
2025-06-03,1748988000,62.85
2025-06-04,1749074400,63.37
2025-06-05,1749160800,64.58
2025-06-08,1749420000,65.29
2025-06-09,1749506400,64.98
2025-06-10,1749592800,68.15
2025-06-11,1749679200,68.04
2025-06-12,1749765600,72.98
2025-06-15,1750024800,71.77
2025-06-16,1750111200,73.27
2025-06-17,1750197600,73.5
2025-06-18,1750284000,73.84
2025-06-22,1750629600,68.51
2025-06-23,1750716000,64.37
2025-06-24,1750802400,64.92
2025-06-25,1750888800,65.24
2025-06-26,1750975200,65.52
2025-06-29,1751234400,65.11
2025-06-30,1751320800,65.45
2025-07-01,1751407200,67.45
2025-07-02,1751493600,67
2025-07-03,1751580000,67.93
2025-07-07,1751925600,68.33
2025-07-08,1752012000,68.38
2025-07-09,1752098400,66.57
2025-07-10,1752184800,68.45
2025-07-13,1752444000,66.98
2025-07-14,1752530400,66.52
2025-07-15,1752616800,66.38
2025-07-16,1752703200,67.54
2025-07-17,1752789600,66.05
2025-07-20,1753048800,65.95
2025-07-21,1753135200,65.31
2025-07-22,1753221600,65.25
2025-07-23,1753308000,66.03
2025-07-24,1753394400,65.16
2025-07-27,1753653600,66.71
2025-07-28,1753740000,69.21
2025-07-29,1753826400,70
2025-07-30,1753912800,69.26
2025-07-31,1753999200,67.33
2025-08-03,1754258400,66.29
2025-08-04,1754344800,65.16
2025-08-05,1754431200,64.35
2025-08-06,1754517600,63.88
2025-08-07,1754604000,63.88
2025-08-10,1754863200,63.96
2025-08-11,1754949600,63.17
2025-08-12,1755036000,62.65
2025-08-13,1755122400,63.96
2025-08-14,1755208800,62.8
2025-08-17,1755468000,62.7
2025-08-18,1755554400,61.77
2025-08-19,1755640800,62.71
2025-08-20,1755727200,63.52
2025-08-21,1755813600,63.66
2025-08-24,1756072800,64.8
2025-08-25,1756159200,63.25
2025-08-26,1756245600,64.15
2025-08-27,1756332000,64.6
2025-08-28,1756418400,64.01
2025-08-31,1756677600,65.59
2025-09-02,1756850400,63.97
2025-09-03,1756936800,63.48
2025-09-04,1757023200,61.87
2025-09-07,1757282400,62.26
2025-09-08,1757368800,62.63
2025-09-09,1757455200,63.67
2025-09-10,1757541600,62.37
2025-09-11,1757628000,62.69
2025-09-14,1757887200,63.3
2025-09-15,1757973600,64.52
2025-09-16,1758060000,64.05
2025-09-17,1758146400,63.26
2025-09-18,1758232800,62.4
2025-09-21,1758492000,62.28
2025-09-22,1758578400,63.41
2025-09-23,1758664800,64.99
2025-09-24,1758751200,64.98
2025-09-25,1758837600,65.72
2025-09-28,1759096800,63.45
2025-09-29,1759183200,62.37
2025-09-30,1759269600,61.78
2025-10-01,1759356000,60.48
2025-10-02,1759442400,60.88
2025-10-05,1759701600,61.69
2025-10-06,1759788000,61.73
2025-10-07,1759874400,62.55
2025-10-08,1759960800,61.51
2025-10-09,1760047200,58.9
2025-10-12,1760306400,59.49
2025-10-13,1760392800,58.7
2025-10-14,1760479200,58.27
2025-10-15,1760565600,57.46
2025-10-16,1760652000,57.15
2025-10-19,1760911200,57.02
2025-10-20,1760997600,57.24
2025-10-21,1761084000,58.5
2025-10-22,1761170400,61.79
2025-10-23,1761256800,61.5
2025-10-26,1761516000,61.31
2025-10-27,1761602400,60.15
2025-10-28,1761688800,60.48
2025-10-29,1761775200,60.57
2025-10-30,1761861600,60.98
2025-11-02,1762124400,61.05
2025-11-03,1762210800,60.56
2025-11-04,1762297200,59.6
2025-11-05,1762383600,59.43
2025-11-06,1762470000,59.75
2025-11-09,1762729200,60.13
2025-11-10,1762815600,61.04
2025-11-11,1762902000,58.49
2025-11-12,1762988400,58.69
2025-11-13,1763074800,60.09
2025-11-16,1763334000,59.91
2025-11-17,1763420400,60.67
2025-11-18,1763506800,59.25
2025-11-19,1763593200,59
2025-11-20,1763679600,58.06
2025-11-23,1763938800,58.84
2025-11-24,1764025200,57.95
2025-11-25,1764111600,58.65
2025-11-26,1764198000,58.55
2025-11-30,1764543600,59.32
2025-12-01,1764630000,58.64
2025-12-02,1764716400,58.95
2025-12-03,1764802800,59.67
2025-12-04,1764889200,60.08
2025-12-07,1765148400,58.88
2025-12-08,1765234800,58.25
2025-12-09,1765321200,58.46
2025-12-10,1765407600,57.6
2025-12-11,1765494000,57.44
2025-12-14,1765753200,56.82
2025-12-15,1765839600,55.27
2025-12-16,1765926000,55.81
2025-12-17,1766012400,56
2025-12-18,1766098800,56.52
2025-12-21,1766358000,58.01
2025-12-22,1766444400,58.38
2025-12-23,1766530800,58.35
2025-12-25,1766703600,56.74
2025-12-28,1766962800,58.08
2025-12-29,1767049200,57.95
2025-12-30,1767135600,57.42
2026-01-01,1767308400,57.32
2026-01-04,1767567600,58.32
2026-01-05,1767654000,57.13
2026-01-06,1767740400,55.99
2026-01-07,1767826800,57.76
2026-01-08,1767913200,59.12
2026-01-11,1768172400,59.5
2026-01-12,1768258800,61.15
2026-01-13,1768345200,62.02
2026-01-14,1768431600,59.08
2026-01-15,1768518000,59.34
2026-01-18,1768777200,60.36
2026-01-20,1768950000,60.62
2026-01-21,1769036400,59.36
2026-01-22,1769122800,61.07
2026-01-25,1769382000,60.63
2026-01-26,1769468400,62.39
2026-01-27,1769554800,63.21
2026-01-28,1769641200,65.42
2026-01-29,1769727600,65.21
2026-02-01,1769986800,62.14
2026-02-02,1770073200,63.21
2026-02-03,1770159600,65.14
2026-02-04,1770246000,63.29
2026-02-05,1770332400,63.55
2026-02-08,1770591600,64.36
2026-02-09,1770678000,63.96
2026-02-10,1770764400,64.63
2026-02-11,1770850800,62.84
2026-02-12,1770937200,62.89
2026-02-15,1771196400,62.33
2026-02-17,1771369200,65.05
2026-02-18,1771455600,66.4
2026-02-19,1771542000,66.48
2026-02-22,1771801200,66.31
2026-02-23,1771887600,65.63
2026-02-24,1771974000,65.42
2026-02-25,1772060400,65.21
2026-02-26,1772146800,67.02
2026-03-01,1772406000,71.23
2026-03-02,1772492400,74.56
2026-03-03,1772578800,74.66
2026-03-04,1772665200,81.01
2026-03-05,1772751600,90.9
2026-03-08,1773007200,94.77
2026-03-09,1773093600,83.45
2026-03-10,1773180000,87.25
2026-03-11,1773266400,95.73
2026-03-12,1773352800,98.71
2026-03-15,1773612000,93.5
2026-03-16,1773698400,96.21
2026-03-17,1773784800,95.46
2026-03-18,1773871200,95.55
2026-03-19,1773957600,98.23
2026-03-22,1774216800,88.13
2026-03-23,1774303200,92.35
2026-03-24,1774389600,90.32
2026-03-25,1774476000,94.48
2026-03-26,1774562400,99.64
2026-03-29,1774821600,102.88
2026-03-30,1774908000,101.38
2026-03-31,1774994400,100.12
2026-04-01,1775080800,111.54
2026-04-05,1775426400,112.41
2026-04-06,1775512800,112.95
2026-04-07,1775599200,94.41
2026-04-08,1775685600,97.87
2026-04-09,1775772000,96.57
2026-04-12,1776031200,99.08
2026-04-13,1776117600,91.28
2026-04-14,1776204000,91.29
2026-04-15,1776290400,94.69
2026-04-16,1776376800,82.59
2026-04-19,1776636000,87.42
2026-04-20,1776722400,89.67
2026-04-21,1776808800,92.96
2026-04-22,1776895200,95.85
2026-04-23,1776981600,94.4
2026-04-26,1777240800,96.37
2026-04-27,1777327200,99.93
2026-04-28,1777413600,106.88
2026-04-29,1777500000,105.07
2026-04-30,1777586400,101.94
2026-05-03,1777845600,106.42
2026-05-04,1777932000,102.27
2026-05-05,1778018400,95.08
2026-05-06,1778104800,94.81
2026-05-07,1778191200,95.42
2026-05-10,1778450400,98.07
2026-05-11,1778536800,102.18
2026-05-12,1778623200,101.02
2026-05-13,1778709600,101.17
2026-05-14,1778796000,101.02
2026-05-17,1779055200,104.38
2026-05-18,1779141600,104.15
2026-05-19,1779228000,98.26
2026-05-20,1779314400,96.35
2026-05-21,1779400800,96.6
2026-05-24,1779660000,93.89
2026-05-26,1779832800,88.68
2026-05-27,1779919200,88.9
2026-05-28,1780005600,87.36
2026-05-31,1780264800,92.16
2026-06-01,1780351200,93.76
2026-06-02,1780437600,96.02
2026-06-03,1780524000,93.04
2026-06-04,1780610400,90.54
2026-06-07,1780869600,91.3
2026-06-08,1780956000,88.2
2026-06-09,1781042400,90.03
2026-06-10,1781128800,87.71
2026-06-11,1781215200,84.88
2026-06-14,1781474400,80.75
2026-06-15,1781560800,76.05
2026-06-16,1781647200,76.01
2026-06-17,1781733600,75.85
2026-06-18,1781820000,73.86
2026-06-22,1782165600,73.21
2026-06-23,1782252000,70.34
2026-06-24,1782338400,71.92
2026-06-25,1782424800,69.23
2026-06-28,1782684000,70.75
2026-06-29,1782770400,69.5
2026-06-30,1782856800,68.58
2026-07-01,1782943200,68.69
2026-07-02,1783029600,68.55
2026-07-06,1783375200,70.44
2026-07-07,1783461600,73.52
2026-07-08,1783548000,72.08
2026-07-09,1783634400,71.41
2026-07-12,1783893600,78.14
2026-07-13,1783980000,79.34
2026-07-14,1784066400,79.6
2026-07-15,1784152800,78.95
2026-07-16,1784239200,81.78
2026-07-19,1784498400,82.48
2026-07-20,1784584800,84.34
2026-07-21,1784671200,86.83
2026-07-22,1784757600,92.19
2026-07-23,1784844000,89.31
2026-07-26,1785103200,82.61
2026-07-27,1785189600,79.26
2026-07-28,1785276000,84.46
2026-07-29,1785362400,83.59
2026-07-30,1785448800,84.67
2026-08-02,1785708000,80.34
2026-08-03,1785794400,75.77
2026-08-04,1785880800,75.22
2026-08-05,1785967200,77.29
2026-08-06,1786053600,78.18
2026-08-09,1786312800,82.13
2026-08-10,1786399200,83.2
2026-08-11,1786485600,83.27
2026-08-12,1786572000,81.25
2026-08-13,1786658400,82.4
2026-08-16,1786917600,84.5
2026-08-17,1787004000,84.06
2026-08-18,1787090400,84.39
2026-08-19,1787176800,86.83
2026-08-20,1787263200,87.06
2026-08-23,1787522400,85.01
2026-08-24,1787608800,82.36
2026-08-25,1787695200,82.23
2026-08-26,1787781600,83.53
2026-08-27,1787868000,83.4
2026-08-30,1788127200,85.76
2026-08-31,1788213600,90.22
2026-09-01,1788300000,91.01
2026-09-02,1788386400,91.3
2026-09-03,1788472800,91.48
2026-09-06,1788732000,93.03
2026-09-08,1788904800,96.05
2026-09-09,1788991200,102.48
2026-09-10,1789077600,100.05
2026-09-13,1789336800,101.39
2026-09-14,1789423200,105.83
2026-09-15,1789509600,102.43
2026-09-16,1789596000,101.91
2026-09-17,1789682400,96.08
2026-09-20,1789941600,92.37
2026-09-21,1790028000,90.52
2026-09-22,1790114400,92.16
2026-09-23,1790200800,94.61
2026-09-24,1790287200,92.41
2026-09-27,1790546400,92.6
2026-09-28,1790632800,89.38
2026-09-29,1790719200,90.42
2026-09-30,1790805600,92.87
2026-10-01,1790892000,91.11
2026-10-04,1791151200,90.91
