date,timestamp_utc,close
2006-11-27,1164668400,1.6373
2006-11-28,1164754800,1.6984
2006-11-29,1164841200,1.7008
2006-11-30,1164927600,1.708
2006-12-03,1165186800,1.6631
2006-12-04,1165273200,1.643
2006-12-05,1165359600,1.6213
2006-12-06,1165446000,1.6232
2006-12-07,1165532400,1.6171
2006-12-10,1165791600,1.5958
2006-12-11,1165878000,1.597
2006-12-12,1165964400,1.6485
2006-12-13,1166050800,1.6881
2006-12-14,1166137200,1.7134
2006-12-17,1166396400,1.6797
2006-12-18,1166482800,1.7071
2006-12-19,1166569200,1.697
2006-12-20,1166655600,1.6579
2006-12-21,1166742000,1.6525
2006-12-25,1167087600,1.5897
2006-12-26,1167174000,1.5941
2006-12-27,1167260400,1.595
2006-12-28,1167346800,1.6163
2007-01-01,1167692400,1.6163
2007-01-02,1167778800,1.5489
2007-01-03,1167865200,1.487
2007-01-04,1167951600,1.4931
2007-01-07,1168210800,1.4685
2007-01-08,1168297200,1.4696
2007-01-09,1168383600,1.4292
2007-01-10,1168470000,1.3905
2007-01-11,1168556400,1.432
2007-01-15,1168902000,1.3998
2007-01-16,1168988400,1.4171
2007-01-17,1169074800,1.3938
2007-01-18,1169161200,1.4345
2007-01-21,1169420400,1.4142
2007-01-22,1169506800,1.4819
2007-01-23,1169593200,1.4941
2007-01-24,1169679600,1.4741
2007-01-25,1169766000,1.515
2007-01-28,1170025200,1.474
2007-01-29,1170111600,1.5508
2007-01-30,1170198000,1.5524
2007-01-31,1170284400,1.5253
2007-02-01,1170370800,1.5729
2007-02-04,1170630000,1.5599
2007-02-05,1170716400,1.5725
2007-02-06,1170802800,1.5415
2007-02-07,1170889200,1.5933
2007-02-08,1170975600,1.6148
2007-02-11,1171234800,1.6792
2007-02-12,1171321200,1.7256
2007-02-13,1171407600,1.7092
2007-02-14,1171494000,1.6867
2007-02-15,1171580400,1.7293
2007-02-19,1171926000,1.7161
2007-02-20,1172012400,1.7697
2007-02-21,1172098800,1.8078
2007-02-22,1172185200,1.8181
2007-02-25,1172444400,1.8337
2007-02-26,1172530800,1.8491
2007-02-27,1172617200,1.8738
2007-02-28,1172703600,1.9101
2007-03-01,1172790000,1.9018
2007-03-04,1173049200,1.8447
2007-03-05,1173135600,1.8533
2007-03-06,1173222000,1.8955
2007-03-07,1173308400,1.9261
2007-03-08,1173394800,1.9021
2007-03-11,1173650400,1.9105
2007-03-12,1173736800,1.9318
2007-03-13,1173823200,1.9283
2007-03-14,1173909600,1.8531
2007-03-15,1173996000,1.8701
2007-03-18,1174255200,1.8991
2007-03-19,1174341600,1.8912
2007-03-20,1174428000,1.8853
2007-03-21,1174514400,1.9205
2007-03-22,1174600800,1.9494
2007-03-25,1174860000,2.0152
2007-03-26,1174946400,2.0214
2007-03-27,1175032800,2.0112
2007-03-28,1175119200,2.0739
2007-03-29,1175205600,2.058
2007-04-01,1175464800,2.0428
2007-04-02,1175551200,2.0177
2007-04-03,1175637600,2.1054
2007-04-04,1175724000,2.1288
2007-04-08,1176069600,2.0946
2007-04-09,1176156000,2.123
2007-04-10,1176242400,2.1587
2007-04-11,1176328800,2.1918
2007-04-12,1176415200,2.1465
2007-04-15,1176674400,2.0942
2007-04-16,1176760800,2.0383
2007-04-17,1176847200,2.0643
2007-04-18,1176933600,2.0628
2007-04-19,1177020000,2.1099
2007-04-22,1177279200,2.1617
2007-04-23,1177365600,2.1586
2007-04-24,1177452000,2.2262
2007-04-25,1177538400,2.2089
2007-04-26,1177624800,2.2598
2007-04-29,1177884000,2.2594
2007-04-30,1177970400,2.2447
2007-05-01,1178056800,2.2326
2007-05-02,1178143200,2.2476
2007-05-03,1178229600,2.2164
2007-05-06,1178488800,2.1896
2007-05-07,1178575200,2.2045
2007-05-08,1178661600,2.2309
2007-05-09,1178748000,2.3261
2007-05-10,1178834400,2.3521
2007-05-13,1179093600,2.3012
2007-05-14,1179180000,2.2411
2007-05-15,1179266400,2.2635
2007-05-16,1179352800,2.3356
2007-05-17,1179439200,2.3112
2007-05-20,1179698400,2.3073
2007-05-21,1179784800,2.2353
2007-05-22,1179871200,2.2274
2007-05-23,1179957600,2.2669
2007-05-24,1180044000,2.3105
2007-05-28,1180389600,2.1934
2007-05-29,1180476000,2.199
2007-05-30,1180562400,2.2032
2007-05-31,1180648800,2.2446
2007-06-03,1180908000,2.238
2007-06-04,1180994400,2.2073
2007-06-05,1181080800,2.1904
2007-06-06,1181167200,2.1927
2007-06-07,1181253600,2.1271
2007-06-10,1181512800,2.1513
2007-06-11,1181599200,2.135
2007-06-12,1181685600,2.1553
2007-06-13,1181772000,2.1962
2007-06-14,1181858400,2.2251
2007-06-17,1182117600,2.2328
2007-06-18,1182204000,2.2042
2007-06-19,1182290400,2.1976
2007-06-20,1182376800,2.2162
2007-06-21,1182463200,2.2476
2007-06-24,1182722400,2.2519
2007-06-25,1182808800,2.1934
2007-06-26,1182895200,2.2019
2007-06-27,1182981600,2.2086
2007-06-28,1183068000,2.2428
2007-07-01,1183327200,2.2487
2007-07-02,1183413600,2.2644
2007-07-03,1183500000,2.2635
2007-07-04,1183586400,2.2843
2007-07-05,1183672800,2.3096
2007-07-08,1183932000,2.3446
2007-07-09,1184018400,2.3694
2007-07-10,1184104800,2.3063
2007-07-11,1184191200,2.2663
2007-07-12,1184277600,2.2248
2007-07-15,1184536800,2.1012
2007-07-16,1184623200,2.0722
2007-07-17,1184709600,2.1553
2007-07-18,1184796000,2.1609
2007-07-19,1184882400,2.1424
2007-07-22,1185141600,2.0864
2007-07-23,1185228000,2.03
2007-07-24,1185314400,2.0725
2007-07-25,1185400800,2.0533
2007-07-26,1185487200,2.0821
2007-07-29,1185746400,2.0592
2007-07-30,1185832800,2.1059
2007-07-31,1185919200,2.0296
2007-08-01,1186005600,2.0362
2007-08-02,1186092000,2.029
2007-08-05,1186351200,1.9259
2007-08-06,1186437600,1.9442
2007-08-07,1186524000,1.9377
2007-08-08,1186610400,1.934
2007-08-09,1186696800,1.9548
2007-08-12,1186956000,1.9375
2007-08-13,1187042400,1.9738
2007-08-14,1187128800,2.0088
2007-08-15,1187215200,1.8923
2007-08-16,1187301600,1.9403
2007-08-19,1187560800,1.874
2007-08-20,1187647200,1.8177
2007-08-21,1187733600,1.8264
2007-08-22,1187820000,1.8573
2007-08-23,1187906400,1.906
2007-08-26,1188165600,1.9485
2007-08-27,1188252000,1.9154
2007-08-28,1188338400,1.9737
2007-08-29,1188424800,1.9597
2007-08-30,1188511200,1.9645
2007-09-02,1188770400,1.9735
2007-09-03,1188856800,1.991
2007-09-04,1188943200,1.9965
2007-09-05,1189029600,1.9717
2007-09-06,1189116000,1.9864
2007-09-09,1189375200,1.9786
2007-09-10,1189461600,1.9811
2007-09-11,1189548000,2.016
2007-09-12,1189634400,2.0299
2007-09-13,1189720800,2.0144
2007-09-16,1189980000,2.0257
2007-09-17,1190066400,2.0391
2007-09-18,1190152800,2.0681
2007-09-19,1190239200,2.1046
2007-09-20,1190325600,2.0884
2007-09-23,1190584800,2.0628
2007-09-24,1190671200,2.0224
2007-09-25,1190757600,2.0145
2007-09-26,1190844000,2.0763
2007-09-27,1190930400,2.0411
2007-09-30,1191189600,1.9813
2007-10-01,1191276000,1.9828
2007-10-02,1191362400,1.9959
2007-10-03,1191448800,2.0522
2007-10-04,1191535200,2.0493
2007-10-07,1191794400,2.0002
2007-10-08,1191880800,2.0202
2007-10-09,1191967200,2.0336
2007-10-10,1192053600,2.0666
2007-10-11,1192140000,2.0851
2007-10-14,1192399200,2.1575
2007-10-15,1192485600,2.1732
2007-10-16,1192572000,2.1506
2007-10-17,1192658400,2.1876
2007-10-18,1192744800,2.1712
2007-10-21,1193004000,2.1384
2007-10-22,1193090400,2.1177
2007-10-23,1193176800,2.1567
2007-10-24,1193263200,2.2455
2007-10-25,1193349600,2.2775
2007-10-28,1193608800,2.3239
2007-10-29,1193695200,2.2501
2007-10-30,1193781600,2.337
2007-10-31,1193868000,2.3432
2007-11-01,1193954400,2.4395
2007-11-04,1194217200,2.3811
2007-11-05,1194303600,2.435
2007-11-06,1194390000,2.4406
2007-11-07,1194476400,2.4376
2007-11-08,1194562800,2.456
2007-11-11,1194822000,2.4165
2007-11-12,1194908400,2.3167
2007-11-13,1194994800,2.3711
2007-11-14,1195081200,2.3337
2007-11-15,1195167600,2.3694
2007-11-18,1195426800,2.3779
2007-11-19,1195513200,2.45
2007-11-20,1195599600,2.4353
2007-11-22,1195772400,2.465
2007-11-25,1196031600,2.4409
2007-11-26,1196118000,2.3715
2007-11-27,1196204400,2.2724
2007-11-28,1196290800,2.2657
2007-11-29,1196377200,2.2306
2007-12-02,1196636400,2.2501
2007-12-03,1196722800,2.2517
2007-12-04,1196809200,2.217
2007-12-05,1196895600,2.3013
2007-12-06,1196982000,2.269
2007-12-09,1197241200,2.2501
2007-12-10,1197327600,2.2914
2007-12-11,1197414000,2.4128
2007-12-12,1197500400,2.4004
2007-12-13,1197586800,2.3692
2007-12-16,1197846000,2.3634
2007-12-17,1197932400,2.3343
2007-12-18,1198018800,2.3609
2007-12-19,1198105200,2.3584
2007-12-20,1198191600,2.4074
2007-12-23,1198450800,2.4127
2007-12-25,1198623600,2.4777
2007-12-26,1198710000,2.5192
2007-12-27,1198796400,2.4782
2007-12-30,1199055600,2.4908
2008-01-01,1199228400,2.5689
2008-01-02,1199314800,2.5414
2008-01-03,1199401200,2.511
2008-01-06,1199660400,2.4298
2008-01-07,1199746800,2.4739
2008-01-08,1199833200,2.4355
2008-01-09,1199919600,2.3601
2008-01-10,1200006000,2.3203
2008-01-13,1200265200,2.3728
2008-01-14,1200351600,2.3477
2008-01-15,1200438000,2.3178
2008-01-16,1200524400,2.3068
2008-01-17,1200610800,2.3383
2008-01-21,1200956400,2.3154
2008-01-22,1201042800,2.2804
2008-01-23,1201129200,2.3159
2008-01-24,1201215600,2.3542
2008-01-27,1201474800,2.3633
2008-01-28,1201561200,2.3715
2008-01-29,1201647600,2.377
2008-01-30,1201734000,2.3572
2008-01-31,1201820400,2.2834
2008-02-03,1202079600,2.3117
2008-02-04,1202166000,2.2647
2008-02-05,1202252400,2.2399
2008-02-06,1202338800,2.2678
2008-02-07,1202425200,2.3572
2008-02-10,1202684400,2.3962
2008-02-11,1202770800,2.368
2008-02-12,1202857200,2.5494
2008-02-13,1202943600,2.6241
2008-02-14,1203030000,2.6278
2008-02-18,1203375600,2.7337
2008-02-19,1203462000,2.7302
2008-02-20,1203548400,2.6755
2008-02-21,1203634800,2.6763
2008-02-24,1203894000,2.6854
2008-02-25,1203980400,2.7133
2008-02-26,1204066800,2.6479
2008-02-27,1204153200,2.6717
2008-02-28,1204239600,2.6699
2008-03-02,1204498800,2.672
2008-03-03,1204585200,2.5291
2008-03-04,1204671600,2.6421
2008-03-05,1204758000,2.6532
2008-03-06,1204844400,2.6943
2008-03-09,1205100000,2.7149
2008-03-10,1205186400,2.7261
2008-03-11,1205272800,2.7286
2008-03-12,1205359200,2.7073
2008-03-13,1205445600,2.7089
2008-03-16,1205704800,2.5281
2008-03-17,1205791200,2.6764
2008-03-18,1205877600,2.5755
2008-03-19,1205964000,2.6123
2008-03-23,1206309600,2.6326
2008-03-24,1206396000,2.671
2008-03-25,1206482400,2.7349
2008-03-26,1206568800,2.7153
2008-03-27,1206655200,2.7135
2008-03-30,1206914400,2.6271
2008-03-31,1207000800,2.6392
2008-04-01,1207087200,2.7736
2008-04-02,1207173600,2.7243
2008-04-03,1207260000,2.7567
2008-04-06,1207519200,2.7835
2008-04-07,1207605600,2.7504
2008-04-08,1207692000,2.7742
2008-04-09,1207778400,2.7921
2008-04-10,1207864800,2.8073
2008-04-13,1208124000,2.8218
2008-04-14,1208210400,2.873
2008-04-15,1208296800,2.9305
2008-04-16,1208383200,2.9468
2008-04-17,1208469600,2.9788
2008-04-20,1208728800,2.9725
2008-04-21,1208815200,3.0101
2008-04-22,1208901600,3.0424
2008-04-23,1208988000,3.0093
2008-04-24,1209074400,3.0467
2008-04-27,1209333600,3.0217
2008-04-28,1209420000,2.9327
2008-04-29,1209506400,2.9063
2008-04-30,1209592800,2.8782
2008-05-01,1209679200,2.9664
2008-05-04,1209938400,3.0529
2008-05-05,1210024800,3.1055
2008-05-06,1210111200,3.1182
2008-05-07,1210197600,3.1378
2008-05-08,1210284000,3.2012
2008-05-11,1210543200,3.1642
2008-05-12,1210629600,3.2
2008-05-13,1210716000,3.1719
2008-05-14,1210802400,3.1578
2008-05-15,1210888800,3.2127
2008-05-18,1211148000,3.2278
2008-05-19,1211234400,3.2959
2008-05-20,1211320800,3.3878
2008-05-21,1211407200,3.3185
2008-05-22,1211493600,3.366
2008-05-26,1211839200,3.327
2008-05-27,1211925600,3.3841
2008-05-28,1212012000,3.3272
2008-05-29,1212098400,3.3482
2008-06-01,1212357600,3.3907
2008-06-02,1212444000,3.3525
2008-06-03,1212530400,3.1951
2008-06-04,1212616800,3.3345
2008-06-05,1212703200,3.548
2008-06-08,1212962400,3.394
2008-06-09,1213048800,3.3193
2008-06-10,1213135200,3.4658
2008-06-11,1213221600,3.526
2008-06-12,1213308000,3.4516
2008-06-15,1213567200,3.4314
2008-06-16,1213653600,3.4139
2008-06-17,1213740000,3.4687
2008-06-18,1213826400,3.3646
2008-06-19,1213912800,3.4467
2008-06-22,1214172000,3.4656
2008-06-23,1214258400,3.473
2008-06-24,1214344800,3.4069
2008-06-25,1214431200,3.5243
2008-06-26,1214517600,3.5172
2008-06-29,1214776800,3.4991
2008-06-30,1214863200,3.5134
2008-07-01,1214949600,3.5494
2008-07-02,1215036000,3.571
2008-07-06,1215381600,3.4827
2008-07-07,1215468000,3.3631
2008-07-08,1215554400,3.3808
2008-07-09,1215640800,3.5109
2008-07-10,1215727200,3.5632
2008-07-13,1215986400,3.5577
2008-07-14,1216072800,3.3848
2008-07-15,1216159200,3.3044
2008-07-16,1216245600,3.1858
2008-07-17,1216332000,3.1904
2008-07-20,1216591200,3.2376
2008-07-21,1216677600,3.1684
2008-07-22,1216764000,3.0529
2008-07-23,1216850400,3.0764
2008-07-24,1216936800,3.0408
2008-07-27,1217196000,3.074
2008-07-28,1217282400,3.0132
2008-07-29,1217368800,3.1399
2008-07-30,1217455200,3.0709
2008-07-31,1217541600,3.0843
2008-08-03,1217800800,3.0002
2008-08-04,1217887200,2.9564
2008-08-05,1217973600,2.9493
2008-08-06,1218060000,3.0027
2008-08-07,1218146400,2.8874
2008-08-10,1218405600,2.8666
2008-08-11,1218492000,2.8432
2008-08-12,1218578400,2.9323
2008-08-13,1218664800,2.8155
2008-08-14,1218751200,2.7687
2008-08-17,1219010400,2.7267
2008-08-18,1219096800,2.7749
2008-08-19,1219183200,2.8165
2008-08-20,1219269600,2.9538
2008-08-21,1219356000,2.7926
2008-08-24,1219615200,2.8069
2008-08-25,1219701600,2.8597
2008-08-26,1219788000,2.9172
2008-08-27,1219874400,2.8644
2008-08-28,1219960800,2.8542
2008-09-01,1220306400,2.7337
2008-09-02,1220392800,2.7668
2008-09-03,1220479200,2.7404
2008-09-04,1220565600,2.6861
2008-09-07,1220824800,2.7503
2008-09-08,1220911200,2.6526
2008-09-09,1220997600,2.6616
2008-09-10,1221084000,2.7488
2008-09-11,1221170400,2.7696
2008-09-14,1221429600,2.4244
2008-09-15,1221516000,2.2828
2008-09-16,1221602400,2.391
2008-09-17,1221688800,2.4279
2008-09-18,1221775200,2.5443
2008-09-21,1222034400,2.6759
2008-09-22,1222120800,2.5847
2008-09-23,1222207200,2.5706
2008-09-24,1222293600,2.6475
2008-09-25,1222380000,2.6151
2008-09-28,1222639200,2.3615
2008-09-29,1222725600,2.4577
2008-09-30,1222812000,2.36
2008-10-01,1222898400,2.255
2008-10-02,1222984800,2.2283
2008-10-05,1223244000,2.0591
2008-10-06,1223330400,2.0628
2008-10-07,1223416800,2.0298
2008-10-08,1223503200,2.0273
2008-10-09,1223589600,1.807
2008-10-12,1223848800,1.9176
2008-10-13,1223935200,1.8848
2008-10-14,1224021600,1.7822
2008-10-15,1224108000,1.6076
2008-10-16,1224194400,1.6496
2008-10-19,1224453600,1.6971
2008-10-20,1224540000,1.6509
2008-10-21,1224626400,1.5344
2008-10-22,1224712800,1.5504
2008-10-23,1224799200,1.4497
2008-10-26,1225058400,1.4268
2008-10-27,1225144800,1.4095
2008-10-28,1225231200,1.506
2008-10-29,1225317600,1.447
2008-10-30,1225404000,1.4959
2008-11-02,1225666800,1.3625
2008-11-03,1225753200,1.5327
2008-11-04,1225839600,1.4244
2008-11-05,1225926000,1.336
2008-11-06,1226012400,1.3495
2008-11-09,1226271600,1.3679
2008-11-10,1226358000,1.3059
2008-11-11,1226444400,1.2826
2008-11-12,1226530800,1.3359
2008-11-13,1226617200,1.2736
2008-11-16,1226876400,1.2041
2008-11-17,1226962800,1.1703
2008-11-18,1227049200,1.1435
2008-11-19,1227135600,1.0399
2008-11-20,1227222000,1.0907
2008-11-23,1227481200,1.1695
2008-11-24,1227567600,1.1179
2008-11-25,1227654000,1.2008
2008-11-27,1227826800,1.2096
2008-11-30,1228086000,1.1112
2008-12-01,1228172400,1.0583
2008-12-02,1228258800,1.0415
2008-12-03,1228345200,0.9695
2008-12-04,1228431600,0.9012
2008-12-07,1228690800,0.9618
2008-12-08,1228777200,0.9364
2008-12-09,1228863600,0.9687
2008-12-10,1228950000,1.0786
2008-12-11,1229036400,1.0777
2008-12-14,1229295600,1.0829
2008-12-15,1229382000,1.0797
2008-12-16,1229468400,1.0475
2008-12-17,1229554800,1.0014
2008-12-18,1229641200,1.0083
2008-12-21,1229900400,0.9282
2008-12-22,1229986800,0.8995
2008-12-23,1230073200,0.8347
2008-12-25,1230246000,0.883
2008-12-28,1230505200,0.9185
2008-12-29,1230591600,0.9328
2008-12-30,1230678000,1.062
2009-01-01,1230850800,1.1105
2009-01-04,1231110000,1.1824
2009-01-05,1231196400,1.1892
2009-01-06,1231282800,1.0764
2009-01-07,1231369200,1.0882
2009-01-08,1231455600,1.1112
2009-01-11,1231714800,1.0841
2009-01-12,1231801200,1.1489
2009-01-13,1231887600,1.2037
2009-01-14,1231974000,1.2081
2009-01-15,1232060400,1.1987
2009-01-18,1232319600,1.1726
2009-01-20,1232492400,1.1998
2009-01-21,1232578800,1.1191
2009-01-22,1232665200,1.1827
2009-01-25,1232924400,1.1851
2009-01-26,1233010800,1.138
2009-01-27,1233097200,1.2056
2009-01-28,1233183600,1.2434
2009-01-29,1233270000,1.2687
2009-02-01,1233529200,1.1492
2009-02-02,1233615600,1.167
2009-02-03,1233702000,1.2184
2009-02-04,1233788400,1.2748
2009-02-05,1233874800,1.2507
2009-02-08,1234134000,1.2471
2009-02-09,1234220400,1.2439
2009-02-10,1234306800,1.3468
2009-02-11,1234393200,1.3443
2009-02-12,1234479600,1.3003
2009-02-15,1234738800,1.1992
2009-02-17,1234911600,1.1497
2009-02-18,1234998000,1.199
2009-02-19,1235084400,1.187
2009-02-22,1235343600,1.1573
2009-02-23,1235430000,1.1917
2009-02-24,1235516400,1.2657
2009-02-25,1235602800,1.3895
2009-02-26,1235689200,1.3725
2009-03-01,1235948400,1.2862
2009-03-02,1236034800,1.3194
2009-03-03,1236121200,1.3816
2009-03-04,1236207600,1.3127
2009-03-05,1236294000,1.3322
2009-03-08,1236549600,1.3351
2009-03-09,1236636000,1.2972
2009-03-10,1236722400,1.2512
2009-03-11,1236808800,1.3457
2009-03-12,1236895200,1.3529
2009-03-15,1237154400,1.378
2009-03-16,1237240800,1.4362
2009-03-17,1237327200,1.384
2009-03-18,1237413600,1.4563
2009-03-19,1237500000,1.4733
2009-03-22,1237759200,1.5092
2009-03-23,1237845600,1.5204
2009-03-24,1237932000,1.5113
2009-03-25,1238018400,1.547
2009-03-26,1238104800,1.5027
2009-03-29,1238364000,1.3938
2009-03-30,1238450400,1.4213
2009-03-31,1238536800,1.3717
2009-04-01,1238623200,1.4698
2009-04-02,1238709600,1.4924
2009-04-05,1238968800,1.4755
2009-04-06,1239055200,1.4604
2009-04-07,1239141600,1.4396
2009-04-08,1239228000,1.481
2009-04-12,1239573600,1.4632
2009-04-13,1239660000,1.4576
2009-04-14,1239746400,1.4633
2009-04-15,1239832800,1.489
2009-04-16,1239919200,1.5034
2009-04-19,1240178400,1.4195
2009-04-20,1240264800,1.4194
2009-04-21,1240351200,1.3988
2009-04-22,1240437600,1.4015
2009-04-23,1240524000,1.4475
2009-04-26,1240783200,1.4083
2009-04-27,1240869600,1.3995
2009-04-28,1240956000,1.4463
2009-04-29,1241042400,1.4658
2009-04-30,1241128800,1.5174
2009-05-03,1241388000,1.586
2009-05-04,1241474400,1.5722
2009-05-05,1241560800,1.628
2009-05-06,1241647200,1.6655
2009-05-07,1241733600,1.7055
2009-05-10,1241992800,1.6802
2009-05-11,1242079200,1.6679
2009-05-12,1242165600,1.6795
2009-05-13,1242252000,1.7094
2009-05-14,1242338400,1.6646
2009-05-17,1242597600,1.7381
2009-05-18,1242684000,1.7755
2009-05-19,1242770400,1.7788
2009-05-20,1242856800,1.7718
2009-05-21,1242943200,1.8107
2009-05-24,1243202400,1.8218
2009-05-26,1243375200,1.855
2009-05-27,1243461600,1.8741
2009-05-28,1243548000,1.8953
2009-05-31,1243807200,1.9243
2009-06-01,1243893600,1.9252
2009-06-02,1243980000,1.9016
2009-06-03,1244066400,1.9621
2009-06-04,1244152800,1.9546
2009-06-07,1244412000,1.936
2009-06-08,1244498400,1.9667
2009-06-09,1244584800,2.0153
2009-06-10,1244671200,2.0649
2009-06-11,1244757600,2.0431
2009-06-14,1245016800,2.0306
2009-06-15,1245103200,2.0435
2009-06-16,1245189600,2.0095
2009-06-17,1245276000,2.0078
2009-06-18,1245362400,1.9172
2009-06-21,1245621600,1.8555
2009-06-22,1245708000,1.8907
2009-06-23,1245794400,1.85
2009-06-24,1245880800,1.9016
2009-06-25,1245967200,1.8719
2009-06-28,1246226400,1.9354
2009-06-29,1246312800,1.902
2009-06-30,1246399200,1.859
2009-07-01,1246485600,1.7908
2009-07-02,1246572000,1.7404
2009-07-06,1246917600,1.7328
2009-07-07,1247004000,1.6333
2009-07-08,1247090400,1.6638
2009-07-09,1247176800,1.6505
2009-07-12,1247436000,1.6394
2009-07-13,1247522400,1.6466
2009-07-14,1247608800,1.7081
2009-07-15,1247695200,1.7062
2009-07-16,1247781600,1.7614
2009-07-19,1248040800,1.7809
2009-07-20,1248127200,1.7959
2009-07-21,1248213600,1.8145
2009-07-22,1248300000,1.8813
2009-07-23,1248386400,1.888
2009-07-26,1248645600,1.9055
2009-07-27,1248732000,1.8792
2009-07-28,1248818400,1.8201
2009-07-29,1248904800,1.9514
2009-07-30,1248991200,2.0126
2009-08-02,1249250400,2.0693
2009-08-03,1249336800,2.0567
2009-08-04,1249423200,2.0512
2009-08-05,1249509600,2.0607
2009-08-06,1249596000,2.0081
2009-08-09,1249855200,2.0274
2009-08-10,1249941600,2.0422
2009-08-11,1250028000,2.0253
2009-08-12,1250114400,2.0192
2009-08-13,1250200800,1.8182
2009-08-16,1250460000,1.8213
2009-08-17,1250546400,1.8708
2009-08-18,1250632800,1.9092
2009-08-19,1250719200,1.8739
2009-08-20,1250805600,1.8906
2009-08-23,1251064800,1.9296
2009-08-24,1251151200,1.8723
2009-08-25,1251237600,1.8468
2009-08-26,1251324000,1.8884
2009-08-27,1251410400,1.8999
2009-08-30,1251669600,1.8099
2009-08-31,1251756000,1.7822
2009-09-01,1251842400,1.8086
2009-09-02,1251928800,1.7928
2009-09-03,1252015200,1.7763
2009-09-06,1252274400,1.8289
2009-09-08,1252447200,1.8281
2009-09-09,1252533600,1.8036
2009-09-10,1252620000,1.7598
2009-09-13,1252879200,1.7433
2009-09-14,1252965600,1.7927
2009-09-15,1253052000,1.8501
2009-09-16,1253138400,1.8532
2009-09-17,1253224800,1.8366
2009-09-20,1253484000,1.7584
2009-09-21,1253570400,1.7959
2009-09-22,1253656800,1.7211
2009-09-23,1253743200,1.6493
2009-09-24,1253829600,1.636
2009-09-27,1254088800,1.6506
2009-09-28,1254175200,1.6413
2009-09-29,1254261600,1.7516
2009-09-30,1254348000,1.7579
2009-10-01,1254434400,1.7409
2009-10-04,1254693600,1.7539
2009-10-05,1254780000,1.7727
2009-10-06,1254866400,1.7203
2009-10-07,1254952800,1.7797
2009-10-08,1255039200,1.768
2009-10-11,1255298400,1.799
2009-10-12,1255384800,1.8318
2009-10-13,1255471200,1.8575
2009-10-14,1255557600,1.9602
2009-10-15,1255644000,1.9941
2009-10-18,1255903200,2.0029
2009-10-19,1255989600,2
2009-10-20,1256076000,2.0654
2009-10-21,1256162400,2.0555
2009-10-22,1256248800,2.0524
2009-10-25,1256508000,2.0377
2009-10-26,1256594400,2.0672
2009-10-27,1256680800,1.9818
2009-10-28,1256767200,2.0248
2009-10-29,1256853600,1.9595
2009-11-01,1257116400,1.9903
2009-11-02,1257202800,2.0004
2009-11-03,1257289200,2.0127
2009-11-04,1257375600,1.9877
2009-11-05,1257462000,1.9243
2009-11-08,1257721200,1.9818
2009-11-09,1257807600,1.9774
2009-11-10,1257894000,1.9927
2009-11-11,1257980400,1.9703
2009-11-12,1258066800,1.9472
2009-11-15,1258326000,2.0177
2009-11-16,1258412400,2.0354
2009-11-17,1258498800,2.0395
2009-11-18,1258585200,1.9973
2009-11-19,1258671600,2.0014
2009-11-22,1258930800,1.9993
2009-11-23,1259017200,1.9598
2009-11-24,1259103600,2.0213
2009-11-25,1259190000,1.9548
2009-11-29,1259535600,2.0115
2009-11-30,1259622000,2.0423
2009-12-01,1259708400,1.9928
2009-12-02,1259794800,1.993
2009-12-03,1259881200,1.975
2009-12-06,1260140400,1.9406
2009-12-07,1260226800,1.9246
2009-12-08,1260313200,1.8573
2009-12-09,1260399600,1.8351
2009-12-10,1260486000,1.8416
2009-12-13,1260745200,1.8267
2009-12-14,1260831600,1.8703
2009-12-15,1260918000,1.9003
2009-12-16,1261004400,1.8784
2009-12-17,1261090800,1.9171
2009-12-20,1261350000,1.8936
2009-12-21,1261436400,1.9126
2009-12-22,1261522800,1.9868
2009-12-23,1261609200,2.0106
2009-12-27,1261954800,2.0371
2009-12-28,1262041200,2.029
2009-12-29,1262127600,2.0566
2009-12-30,1262214000,2.0529
2010-01-03,1262559600,2.1044
2010-01-04,1262646000,2.125
2010-01-05,1262732400,2.1366
2010-01-06,1262818800,2.1349
2010-01-07,1262905200,2.1553
2010-01-10,1263164400,2.1427
2010-01-11,1263250800,2.0978
2010-01-12,1263337200,2.0754
2010-01-13,1263423600,2.0863
2010-01-14,1263510000,2.059
2010-01-17,1263769200,2.0735
2010-01-19,1263942000,2.0576
2010-01-20,1264028400,1.9944
2010-01-21,1264114800,1.9734
2010-01-24,1264374000,2.0076
2010-01-25,1264460400,1.9767
2010-01-26,1264546800,1.9474
2010-01-27,1264633200,1.9274
2010-01-28,1264719600,1.9134
2010-01-31,1264978800,1.9321
2010-02-01,1265065200,2.0179
2010-02-02,1265151600,2.0362
2010-02-03,1265238000,1.9508
2010-02-04,1265324400,1.8864
2010-02-07,1265583600,1.894
2010-02-08,1265670000,1.929
2010-02-09,1265756400,2.0507
2010-02-10,1265842800,2.0657
2010-02-11,1265929200,2.0538
2010-02-14,1266188400,2.1134
2010-02-16,1266361200,2.1279
2010-02-17,1266447600,2.181
2010-02-18,1266534000,2.2004
2010-02-21,1266793200,2.223
2010-02-22,1266879600,2.1683
2010-02-23,1266966000,2.2067
2010-02-24,1267052400,2.1477
2010-02-25,1267138800,2.1879
2010-02-28,1267398000,2.1556
2010-03-01,1267484400,2.1966
2010-03-02,1267570800,2.2476
2010-03-03,1267657200,2.2337
2010-03-04,1267743600,2.271
2010-03-07,1268002800,2.2892
2010-03-08,1268089200,2.2603
2010-03-09,1268175600,2.2851
2010-03-10,1268262000,2.272
2010-03-11,1268348400,2.255
2010-03-14,1268604000,2.2228
2010-03-15,1268690400,2.2738
2010-03-16,1268776800,2.3093
2010-03-17,1268863200,2.2985
2010-03-18,1268949600,2.2543
2010-03-21,1269208800,2.256
2010-03-22,1269295200,2.2625
2010-03-23,1269381600,2.2225
2010-03-24,1269468000,2.2199
2010-03-25,1269554400,2.2085
2010-03-28,1269813600,2.2627
2010-03-29,1269900000,2.2721
2010-03-30,1269986400,2.3072
2010-03-31,1270072800,2.3237
2010-04-04,1270418400,2.3502
2010-04-05,1270504800,2.3483
2010-04-06,1270591200,2.3147
2010-04-07,1270677600,2.2983
2010-04-08,1270764000,2.2893
2010-04-11,1271023200,2.2958
2010-04-12,1271109600,2.3093
2010-04-13,1271196000,2.3327
2010-04-14,1271282400,2.3393
2010-04-15,1271368800,2.2939
2010-04-18,1271628000,2.2682
2010-04-19,1271714400,2.2938
2010-04-20,1271800800,2.2959
2010-04-21,1271887200,2.3103
2010-04-22,1271973600,2.3592
2010-04-25,1272232800,2.3453
2010-04-26,1272319200,2.3284
2010-04-27,1272405600,2.333
2010-04-28,1272492000,2.3568
2010-04-29,1272578400,2.3994
2010-05-02,1272837600,2.4351
2010-05-03,1272924000,2.3222
2010-05-04,1273010400,2.2204
2010-05-05,1273096800,2.1563
2010-05-06,1273183200,2.1251
2010-05-09,1273442400,2.1726
2010-05-10,1273528800,2.1952
2010-05-11,1273615200,2.2104
2010-05-12,1273701600,2.1965
2010-05-13,1273788000,2.1292
2010-05-16,1274047200,2.0424
2010-05-17,1274133600,2.0386
2010-05-18,1274220000,2.0094
2010-05-19,1274306400,1.9591
2010-05-20,1274392800,1.9528
2010-05-23,1274652000,1.9571
2010-05-24,1274738400,1.9193
2010-05-25,1274824800,1.9648
2010-05-26,1274911200,2.0354
2010-05-27,1274997600,2.0266
2010-05-30,1275256800,1.9825
2010-06-01,1275429600,2.0261
2010-06-02,1275516000,2.0812
2010-06-03,1275602400,1.9953
2010-06-06,1275861600,1.9949
2010-06-07,1275948000,1.9891
2010-06-08,1276034400,2.0397
2010-06-09,1276120800,2.0705
2010-06-10,1276207200,2.0497
2010-06-13,1276466400,2.0764
2010-06-14,1276552800,2.113
2010-06-15,1276639200,2.1381
2010-06-16,1276725600,2.1547
2010-06-17,1276812000,2.14
2010-06-20,1277071200,2.1379
2010-06-21,1277157600,2.1262
2010-06-22,1277244000,2.0774
2010-06-23,1277330400,2.0883
2010-06-24,1277416800,2.1588
2010-06-27,1277676000,2.1302
2010-06-28,1277762400,2.0651
2010-06-29,1277848800,2.0604
2010-06-30,1277935200,1.9976
2010-07-01,1278021600,1.9777
2010-07-04,1278280800,1.9713
2010-07-06,1278453600,2.0253
2010-07-07,1278540000,2.0511
2010-07-08,1278626400,2.07
2010-07-11,1278885600,2.028
2010-07-12,1278972000,2.0821
2010-07-13,1279058400,2.0665
2010-07-14,1279144800,2.0593
2010-07-15,1279231200,2.0484
2010-07-18,1279490400,2.0582
2010-07-19,1279576800,2.0767
2010-07-20,1279663200,2.0649
2010-07-21,1279749600,2.1409
2010-07-22,1279836000,2.1192
2010-07-25,1280095200,2.1064
2010-07-26,1280181600,2.0641
2010-07-27,1280268000,2.0647
2010-07-28,1280354400,2.101
2010-07-29,1280440800,2.1224
2010-08-01,1280700000,2.1685
2010-08-02,1280786400,2.1935
2010-08-03,1280872800,2.175
2010-08-04,1280959200,2.1644
2010-08-05,1281045600,2.1127
2010-08-08,1281304800,2.1187
2010-08-09,1281391200,2.0853
2010-08-10,1281477600,1.9976
2010-08-11,1281564000,1.9548
2010-08-12,1281650400,1.9396
2010-08-15,1281909600,1.8785
2010-08-16,1281996000,1.907
2010-08-17,1282082400,1.907
2010-08-18,1282168800,1.8765
2010-08-19,1282255200,1.8675
2010-08-22,1282514400,1.839
2010-08-23,1282600800,1.8093
2010-08-24,1282687200,1.8254
2010-08-25,1282773600,1.8686
2010-08-26,1282860000,1.9148
2010-08-29,1283119200,1.9078
2010-08-30,1283205600,1.8574
2010-08-31,1283292000,1.8891
2010-09-01,1283378400,1.9216
2010-09-02,1283464800,1.9195
2010-09-05,1283724000,1.9329
2010-09-07,1283896800,1.9394
2010-09-08,1283983200,1.9354
2010-09-09,1284069600,1.9731
2010-09-12,1284328800,1.9806
2010-09-13,1284415200,1.969
2010-09-14,1284501600,1.9606
2010-09-15,1284588000,1.9258
2010-09-16,1284674400,1.9189
2010-09-19,1284933600,1.948
2010-09-20,1285020000,1.9187
2010-09-21,1285106400,1.9013
2010-09-22,1285192800,1.9129
2010-09-23,1285279200,1.9404
2010-09-26,1285538400,1.9391
2010-09-27,1285624800,1.937
2010-09-28,1285711200,1.9829
2010-09-29,1285797600,2.0361
2010-09-30,1285884000,2.0861
2010-10-03,1286143200,2.0933
2010-10-04,1286229600,2.1255
2010-10-05,1286316000,2.1559
2010-10-06,1286402400,2.118
2010-10-07,1286488800,2.1512
2010-10-10,1286748000,2.1655
2010-10-11,1286834400,2.1239
2010-10-12,1286920800,2.1661
2010-10-13,1287007200,2.1179
2010-10-14,1287093600,2.081
2010-10-17,1287352800,2.1275
2010-10-18,1287439200,2.0327
2010-10-19,1287525600,2.0729
2010-10-20,1287612000,2.03
2010-10-21,1287698400,2.054
2010-10-24,1287957600,2.0673
2010-10-25,1288044000,2.0772
2010-10-26,1288130400,2.0754
2010-10-27,1288216800,2.0828
2010-10-28,1288303200,2.0594
2010-10-31,1288562400,2.0929
2010-11-01,1288648800,2.1096
2010-11-02,1288735200,2.138
2010-11-03,1288821600,2.1771
2010-11-04,1288908000,2.18
2010-11-07,1289170800,2.1785
2010-11-08,1289257200,2.185
2010-11-09,1289343600,2.2362
2010-11-10,1289430000,2.2357
2010-11-11,1289516400,2.1652
2010-11-14,1289775600,2.1614
2010-11-15,1289862000,2.1141
2010-11-16,1289948400,2.1034
2010-11-17,1290034800,2.1585
2010-11-18,1290121200,2.1271
2010-11-21,1290380400,2.0977
2010-11-22,1290466800,2.0868
2010-11-23,1290553200,2.1618
2010-11-24,1290639600,2.1584
2010-11-28,1290985200,2.2244
2010-11-29,1291071600,2.1868
2010-11-30,1291158000,2.3004
2010-12-01,1291244400,2.3553
2010-12-02,1291330800,2.3521
2010-12-05,1291590000,2.3417
2010-12-06,1291676400,2.323
2010-12-07,1291762800,2.3046
2010-12-08,1291849200,2.3405
2010-12-09,1291935600,2.3093
2010-12-12,1292194800,2.3184
2010-12-13,1292281200,2.2964
2010-12-14,1292367600,2.3077
2010-12-15,1292454000,2.3013
2010-12-16,1292540400,2.3125
2010-12-19,1292799600,2.362
2010-12-20,1292886000,2.3816
2010-12-21,1292972400,2.4069
2010-12-22,1293058800,2.4262
2010-12-26,1293404400,2.4068
2010-12-27,1293490800,2.3978
2010-12-28,1293577200,2.3885
2010-12-29,1293663600,2.3848
2010-12-30,1293750000,2.4303
2011-01-02,1294009200,2.4273
2011-01-03,1294095600,2.414
2011-01-04,1294182000,2.4451
2011-01-05,1294268400,2.443
2011-01-06,1294354800,2.4131
2011-01-09,1294614000,2.4543
2011-01-10,1294700400,2.4784
2011-01-11,1294786800,2.4631
2011-01-12,1294873200,2.4615
2011-01-13,1294959600,2.5064
2011-01-16,1295218800,2.4939
2011-01-18,1295391600,2.4963
2011-01-19,1295478000,2.4421
2011-01-20,1295564400,2.4785
2011-01-23,1295823600,2.4379
2011-01-24,1295910000,2.3706
2011-01-25,1295996400,2.4566
2011-01-26,1296082800,2.4132
2011-01-27,1296169200,2.4859
2011-01-30,1296428400,2.5001
2011-01-31,1296514800,2.5194
2011-02-01,1296601200,2.4985
2011-02-02,1296687600,2.5034
2011-02-03,1296774000,2.4353
2011-02-06,1297033200,2.4505
2011-02-07,1297119600,2.4942
2011-02-08,1297206000,2.526
2011-02-09,1297292400,2.6189
2011-02-10,1297378800,2.615
2011-02-13,1297638000,2.6577
2011-02-14,1297724400,2.6236
2011-02-15,1297810800,2.6822
2011-02-16,1297897200,2.666
2011-02-17,1297983600,2.6901
2011-02-20,1298242800,2.7464
2011-02-22,1298415600,2.8677
2011-02-23,1298502000,2.8749
2011-02-24,1298588400,2.9086
2011-02-27,1298847600,2.8927
2011-02-28,1298934000,2.9834
2011-03-01,1299020400,3.0295
2011-03-02,1299106800,3.0262
2011-03-03,1299193200,3.0464
2011-03-06,1299452400,3.0039
2011-03-07,1299538800,2.9467
2011-03-08,1299625200,3.0272
2011-03-09,1299711600,3.0196
2011-03-10,1299798000,2.9877
2011-03-13,1300053600,2.9603
2011-03-14,1300140000,2.8029
2011-03-15,1300226400,2.8503
2011-03-16,1300312800,2.9563
2011-03-17,1300399200,2.9544
2011-03-20,1300658400,3.006
2011-03-21,1300744800,3.0136
2011-03-22,1300831200,3.0286
2011-03-23,1300917600,3.0508
2011-03-24,1301004000,3.0495
2011-03-27,1301263200,3.0276
2011-03-28,1301349600,3.0436
2011-03-29,1301436000,3.0573
2011-03-30,1301522400,3.1077
2011-03-31,1301608800,3.1513
2011-04-03,1301868000,3.1688
2011-04-04,1301954400,3.2013
2011-04-05,1302040800,3.1929
2011-04-06,1302127200,3.1865
2011-04-07,1302213600,3.2607
2011-04-10,1302472800,3.2005
2011-04-11,1302559200,3.1641
2011-04-12,1302645600,3.2162
2011-04-13,1302732000,3.2038
2011-04-14,1302818400,3.2543
2011-04-17,1303077600,3.2184
2011-04-18,1303164000,3.1993
2011-04-19,1303250400,3.2484
2011-04-20,1303336800,3.2723
2011-04-24,1303682400,3.2785
2011-04-25,1303768800,3.3072
2011-04-26,1303855200,3.3582
2011-04-27,1303941600,3.3696
2011-04-28,1304028000,3.3984
2011-05-01,1304287200,3.3479
2011-05-02,1304373600,3.3294
2011-05-03,1304460000,3.3225
2011-05-04,1304546400,3.0954
2011-05-05,1304632800,3.0901
2011-05-08,1304892000,3.2784
2011-05-09,1304978400,3.3797
2011-05-10,1305064800,3.1228
2011-05-11,1305151200,3.0639
2011-05-12,1305237600,3.0163
2011-05-15,1305496800,2.9017
2011-05-16,1305583200,2.8842
2011-05-17,1305669600,2.926
2011-05-18,1305756000,2.904
2011-05-19,1305842400,2.9203
2011-05-22,1306101600,2.9059
2011-05-23,1306188000,2.958
2011-05-24,1306274400,2.9867
2011-05-25,1306360800,3.0074
2011-05-26,1306447200,3.0313
2011-05-29,1306706400,3.0503
2011-05-31,1306879200,2.9773
2011-06-01,1306965600,2.9677
2011-06-02,1307052000,2.9931
2011-06-05,1307311200,2.9499
2011-06-06,1307397600,2.9919
2011-06-07,1307484000,2.9787
2011-06-08,1307570400,3.0398
2011-06-09,1307656800,3.0177
2011-06-12,1307916000,2.9968
2011-06-13,1308002400,3.0646
2011-06-14,1308088800,2.8771
2011-06-15,1308175200,2.8974
2011-06-16,1308261600,2.8894
2011-06-19,1308520800,2.8526
2011-06-20,1308607200,2.8297
2011-06-21,1308693600,2.9288
2011-06-22,1308780000,2.7764
2011-06-23,1308866400,2.7159
2011-06-26,1309125600,2.7444
2011-06-27,1309212000,2.8156
2011-06-28,1309298400,2.9349
2011-06-29,1309384800,2.9692
2011-06-30,1309471200,2.9726
2011-07-03,1309730400,2.9774
2011-07-05,1309903200,2.9976
2011-07-06,1309989600,3.127
2011-07-07,1310076000,3.0926
2011-07-10,1310335200,3.0705
2011-07-11,1310421600,3.0982
2011-07-12,1310508000,3.1516
2011-07-13,1310594400,3.0617
2011-07-14,1310680800,3.0765
2011-07-17,1310940000,3.0479
2011-07-18,1311026400,3.0649
2011-07-19,1311112800,3.0946
2011-07-20,1311199200,3.0567
2011-07-21,1311285600,3.0906
2011-07-24,1311544800,3.0817
2011-07-25,1311631200,3.0985
2011-07-26,1311717600,3.0831
2011-07-27,1311804000,3.0638
2011-07-28,1311890400,3.0579
2011-07-31,1312149600,3.054
2011-08-01,1312236000,3.0373
2011-08-02,1312322400,2.9313
2011-08-03,1312408800,2.7372
2011-08-04,1312495200,2.8052
2011-08-07,1312754400,2.6916
2011-08-08,1312840800,2.6676
2011-08-09,1312927200,2.7825
2011-08-10,1313013600,2.8273
2011-08-11,1313100000,2.8222
2011-08-14,1313359200,2.8745
2011-08-15,1313445600,2.7016
2011-08-16,1313532000,2.7402
2011-08-17,1313618400,2.6652
2011-08-18,1313704800,2.7162
2011-08-21,1313964000,2.7129
2011-08-22,1314050400,2.7472
2011-08-23,1314136800,2.7558
2011-08-24,1314223200,2.8017
2011-08-25,1314309600,2.786
2011-08-28,1314568800,2.7695
2011-08-29,1314655200,2.8415
2011-08-30,1314741600,2.8763
2011-08-31,1314828000,2.8927
2011-09-01,1314914400,2.8396
2011-09-04,1315173600,2.8226
2011-09-06,1315346400,2.908
2011-09-07,1315432800,2.8852
2011-09-08,1315519200,2.771
2011-09-11,1315778400,2.7382
2011-09-12,1315864800,2.7424
2011-09-13,1315951200,2.7258
2011-09-14,1316037600,2.7568
2011-09-15,1316124000,2.7587
2011-09-18,1316383200,2.6751
2011-09-19,1316469600,2.6843
2011-09-20,1316556000,2.6564
2011-09-21,1316642400,2.5437
2011-09-22,1316728800,2.5244
2011-09-25,1316988000,2.5284
2011-09-26,1317074400,2.636
2011-09-27,1317160800,2.5753
2011-09-28,1317247200,2.5586
2011-09-29,1317333600,2.5381
2011-10-02,1317592800,2.511
2011-10-03,1317679200,2.4884
2011-10-04,1317765600,2.5692
2011-10-05,1317852000,2.686
2011-10-06,1317938400,2.6476
2011-10-09,1318197600,2.6953
2011-10-10,1318284000,2.7476
2011-10-11,1318370400,2.7487
2011-10-12,1318456800,2.7575
2011-10-13,1318543200,2.7695
2011-10-16,1318802400,2.7091
2011-10-17,1318888800,2.7173
2011-10-18,1318975200,2.6449
2011-10-19,1319061600,2.657
2011-10-20,1319148000,2.6582
2011-10-23,1319407200,2.6703
2011-10-24,1319493600,2.6747
2011-10-25,1319580000,2.6253
2011-10-26,1319666400,2.7072
2011-10-27,1319752800,2.6461
2011-10-30,1320012000,2.6057
2011-10-31,1320098400,2.6244
2011-11-01,1320184800,2.6272
2011-11-02,1320271200,2.6418
2011-11-03,1320357600,2.6634
2011-11-06,1320620400,2.7282
2011-11-07,1320706800,2.7064
2011-11-08,1320793200,2.6442
2011-11-09,1320879600,2.6368
2011-11-10,1320966000,2.6038
2011-11-13,1321225200,2.5424
2011-11-14,1321311600,2.5921
2011-11-15,1321398000,2.6319
2011-11-16,1321484400,2.5156
2011-11-17,1321570800,2.488
2011-11-20,1321830000,2.4987
2011-11-21,1321916400,2.565
2011-11-22,1322002800,2.5205
2011-11-23,1322089200,2.4542
2011-11-27,1322434800,2.5177
2011-11-28,1322521200,2.5398
2011-11-29,1322607600,2.5584
2011-11-30,1322694000,2.5579
2011-12-01,1322780400,2.6162
2011-12-04,1323039600,2.6137
2011-12-05,1323126000,2.6454
2011-12-06,1323212400,2.5869
2011-12-07,1323298800,2.5666
2011-12-08,1323385200,2.5961
2011-12-11,1323644400,2.5636
2011-12-12,1323730800,2.6254
2011-12-13,1323817200,2.5144
2011-12-14,1323903600,2.4961
2011-12-15,1323990000,2.4949
2011-12-18,1324249200,2.4972
2011-12-19,1324335600,2.584
2011-12-20,1324422000,2.6215
2011-12-21,1324508400,2.6368
2011-12-22,1324594800,2.6781
2011-12-26,1324940400,2.681
2011-12-27,1325026800,2.6456
2011-12-28,1325113200,2.6694
2011-12-29,1325199600,2.6574
2012-01-02,1325545200,2.7486
2012-01-03,1325631600,2.7852
2012-01-04,1325718000,2.7365
2012-01-05,1325804400,2.7516
2012-01-08,1326063600,2.759
2012-01-09,1326150000,2.7728
2012-01-10,1326236400,2.7633
2012-01-11,1326322800,2.7313
2012-01-12,1326409200,2.7397
2012-01-15,1326668400,2.7796
2012-01-17,1326841200,2.8292
2012-01-18,1326927600,2.8228
2012-01-19,1327014000,2.7903
2012-01-22,1327273200,2.7856
2012-01-23,1327359600,2.8105
2012-01-24,1327446000,2.8374
2012-01-25,1327532400,2.8508
2012-01-26,1327618800,2.9234
2012-01-29,1327878000,2.8727
2012-01-30,1327964400,2.8909
2012-01-31,1328050800,2.8922
2012-02-01,1328137200,2.8689
2012-02-02,1328223600,2.9144
2012-02-05,1328482800,2.9279
2012-02-06,1328569200,2.9275
2012-02-07,1328655600,2.9752
2012-02-08,1328742000,3.0128
2012-02-09,1328828400,2.9749
2012-02-12,1329087600,3.16
2012-02-13,1329174000,3.1404
2012-02-14,1329260400,3.1692
2012-02-15,1329346800,3.2066
2012-02-16,1329433200,3.1876
2012-02-19,1329692400,3.2485
2012-02-21,1329865200,3.263
2012-02-22,1329951600,3.288
2012-02-23,1330038000,3.3247
2012-02-26,1330297200,3.3027
2012-02-27,1330383600,3.2247
2012-02-28,1330470000,3.2572
2012-02-29,1330556400,3.3517
2012-03-01,1330642800,3.2721
2012-03-04,1330902000,3.258
2012-03-05,1330988400,3.2299
2012-03-06,1331074800,3.2874
2012-03-07,1331161200,3.314
2012-03-08,1331247600,3.3324
2012-03-11,1331503200,3.323
2012-03-12,1331589600,3.3546
2012-03-13,1331676000,3.347
2012-03-14,1331762400,3.2842
2012-03-15,1331848800,3.3535
2012-03-18,1332108000,3.3618
2012-03-19,1332194400,3.3513
2012-03-20,1332280800,3.3452
2012-03-21,1332367200,3.3257
2012-03-22,1332453600,3.3689
2012-03-25,1332712800,3.3987
2012-03-26,1332799200,3.3864
2012-03-27,1332885600,3.3621
2012-03-28,1332972000,3.3397
2012-03-29,1333058400,3.3081
2012-04-01,1333317600,3.3822
2012-04-02,1333404000,3.3954
2012-04-03,1333490400,3.3336
2012-04-04,1333576800,3.3405
2012-04-08,1333922400,3.2967
2012-04-09,1334008800,3.2496
2012-04-10,1334095200,3.2955
2012-04-11,1334181600,3.3567
2012-04-12,1334268000,3.2667
2012-04-15,1334527200,3.1941
2012-04-16,1334613600,3.1752
2012-04-17,1334700000,3.1489
2012-04-18,1334786400,3.1158
2012-04-19,1334872800,3.11
2012-04-22,1335132000,3.1476
2012-04-23,1335218400,3.1241
2012-04-24,1335304800,3.1191
2012-04-25,1335391200,3.1328
2012-04-26,1335477600,3.1445
2012-04-29,1335736800,3.1246
2012-04-30,1335823200,3.0971
2012-05-01,1335909600,3.0757
2012-05-02,1335996000,3.05
2012-05-03,1336082400,2.9758
2012-05-06,1336341600,2.9741
2012-05-07,1336428000,2.9944
2012-05-08,1336514400,3.0241
2012-05-09,1336600800,3.0102
2012-05-10,1336687200,3.0008
2012-05-13,1336946400,2.959
2012-05-14,1337032800,2.8916
2012-05-15,1337119200,2.8651
2012-05-16,1337205600,2.8174
2012-05-17,1337292000,2.8202
2012-05-20,1337551200,2.8646
2012-05-21,1337637600,2.8592
2012-05-22,1337724000,2.8015
2012-05-23,1337810400,2.8193
2012-05-24,1337896800,2.8317
2012-05-27,1338156000,2.8335
2012-05-29,1338328800,2.7739
2012-05-30,1338415200,2.7227
2012-05-31,1338501600,2.6568
2012-06-03,1338760800,2.6707
2012-06-04,1338847200,2.6847
2012-06-05,1338933600,2.6903
2012-06-06,1339020000,2.685
2012-06-07,1339106400,2.6852
2012-06-10,1339365600,2.6566
2012-06-11,1339452000,2.6502
2012-06-12,1339538400,2.6554
2012-06-13,1339624800,2.6036
2012-06-14,1339711200,2.6257
2012-06-17,1339970400,2.5865
2012-06-18,1340056800,2.5699
2012-06-19,1340143200,2.5073
2012-06-20,1340229600,2.452
2012-06-21,1340316000,2.4676
2012-06-24,1340575200,2.4982
2012-06-25,1340661600,2.5229
2012-06-26,1340748000,2.4989
2012-06-27,1340834400,2.4773
2012-06-28,1340920800,2.6318
2012-07-01,1341180000,2.6239
2012-07-02,1341266400,2.7229
2012-07-03,1341352800,2.7648
2012-07-05,1341525600,2.716
2012-07-08,1341784800,2.7594
2012-07-09,1341871200,2.7469
2012-07-10,1341957600,2.7689
2012-07-11,1342044000,2.8062
2012-07-12,1342130400,2.8161
2012-07-15,1342389600,2.7287
2012-07-16,1342476000,2.7349
2012-07-17,1342562400,2.7755
2012-07-18,1342648800,2.8414
2012-07-19,1342735200,2.8445
2012-07-22,1342994400,2.7638
2012-07-23,1343080800,2.7258
2012-07-24,1343167200,2.7162
2012-07-25,1343253600,2.737
2012-07-26,1343340000,2.7967
2012-07-29,1343599200,2.8184
2012-07-30,1343685600,2.7743
2012-07-31,1343772000,2.8342
2012-08-01,1343858400,2.8696
2012-08-02,1343944800,2.931
2012-08-05,1344204000,2.9222
2012-08-06,1344290400,2.9913
2012-08-07,1344376800,2.9804
2012-08-08,1344463200,3.0008
2012-08-09,1344549600,3.0039
2012-08-12,1344808800,2.9907
2012-08-13,1344895200,3.0014
2012-08-14,1344981600,3.084
2012-08-15,1345068000,2.9041
2012-08-16,1345154400,2.8684
2012-08-19,1345413600,2.8729
2012-08-20,1345500000,2.9068
2012-08-21,1345586400,2.9382
2012-08-22,1345672800,2.9484
2012-08-23,1345759200,2.9105
2012-08-26,1346018400,2.95
2012-08-27,1346104800,2.9333
2012-08-28,1346191200,2.9168
2012-08-29,1346277600,2.908
2012-08-30,1346364000,2.9728
2012-09-02,1346623200,2.9522
2012-09-04,1346796000,2.9498
2012-09-05,1346882400,2.991
2012-09-06,1346968800,3.0196
2012-09-09,1347228000,3.024
2012-09-10,1347314400,3.0435
2012-09-11,1347400800,3.0016
2012-09-12,1347487200,2.8893
2012-09-13,1347573600,2.9315
2012-09-16,1347832800,2.8596
2012-09-17,1347919200,2.8092
2012-09-18,1348005600,2.7273
2012-09-19,1348092000,2.7809
2012-09-20,1348178400,2.8195
2012-09-23,1348437600,2.7877
2012-09-24,1348524000,2.8224
2012-09-25,1348610400,2.8738
2012-09-26,1348696800,2.8972
2012-09-27,1348783200,2.9201
2012-09-30,1349042400,2.9201
2012-10-01,1349128800,2.8692
2012-10-02,1349215200,2.7995
2012-10-03,1349301600,2.9429
2012-10-04,1349388000,2.9525
2012-10-07,1349647200,2.8931
2012-10-08,1349733600,2.9587
2012-10-09,1349820000,2.9593
2012-10-10,1349906400,2.9556
2012-10-11,1349992800,2.8928
2012-10-14,1350252000,2.8503
2012-10-15,1350338400,2.8021
2012-10-16,1350424800,2.7642
2012-10-17,1350511200,2.7269
2012-10-18,1350597600,2.6721
2012-10-21,1350856800,2.6348
2012-10-22,1350943200,2.5911
2012-10-23,1351029600,2.5913
2012-10-24,1351116000,2.6323
2012-10-25,1351202400,2.6417
2012-10-28,1351461600,2.6411
2012-10-29,1351548000,2.6155
2012-10-30,1351634400,2.6303
2012-10-31,1351720800,2.6336
2012-11-01,1351807200,2.5736
2012-11-04,1352070000,2.6202
2012-11-05,1352156400,2.6989
2012-11-06,1352242800,2.5889
2012-11-07,1352329200,2.6073
2012-11-08,1352415600,2.6992
2012-11-11,1352674800,2.6763
2012-11-12,1352761200,2.6538
2012-11-13,1352847600,2.6521
2012-11-14,1352934000,2.6612
2012-11-15,1353020400,2.6819
2012-11-18,1353279600,2.7321
2012-11-19,1353366000,2.6884
2012-11-20,1353452400,2.7225
2012-11-21,1353538800,2.7204
2012-11-25,1353884400,2.7039
2012-11-26,1353970800,2.6956
2012-11-27,1354057200,2.6877
2012-11-28,1354143600,2.7334
2012-11-29,1354230000,2.7303
2012-12-02,1354489200,2.7265
2012-12-03,1354575600,2.689
2012-12-04,1354662000,2.6378
2012-12-05,1354748400,2.5969
2012-12-06,1354834800,2.5974
2012-12-09,1355094000,2.5981
2012-12-10,1355180400,2.6105
2012-12-11,1355266800,2.6465
2012-12-12,1355353200,2.6093
2012-12-13,1355439600,2.6608
2012-12-16,1355698800,2.6496
2012-12-17,1355785200,2.6842
2012-12-18,1355871600,2.7338
2012-12-19,1355958000,2.74
2012-12-20,1356044400,2.7158
2012-12-23,1356303600,2.7257
2012-12-25,1356476400,2.7885
2012-12-26,1356562800,2.7893
2012-12-27,1356649200,2.7585
2012-12-30,1356908400,2.7617
2013-01-01,1357081200,2.7951
2013-01-02,1357167600,2.7977
2013-01-03,1357254000,2.7643
2013-01-06,1357513200,2.7774
2013-01-07,1357599600,2.7944
2013-01-08,1357686000,2.7789
2013-01-09,1357772400,2.7933
2013-01-10,1357858800,2.7395
2013-01-13,1358118000,2.7541
2013-01-14,1358204400,2.7261
2013-01-15,1358290800,2.7385
2013-01-16,1358377200,2.7825
2013-01-17,1358463600,2.8113
2013-01-20,1358722800,2.8411
2013-01-22,1358895600,2.8489
2013-01-23,1358982000,2.8767
2013-01-24,1359068400,2.8898
2013-01-27,1359327600,2.9409
2013-01-28,1359414000,2.9763
2013-01-29,1359500400,3.0332
2013-01-30,1359586800,3.0317
2013-01-31,1359673200,3.0536
2013-02-03,1359932400,3.0115
2013-02-04,1360018800,3.0374
2013-02-05,1360105200,3.0397
2013-02-06,1360191600,2.9999
2013-02-07,1360278000,3.0588
2013-02-10,1360537200,3.0212
2013-02-11,1360623600,3.2607
2013-02-12,1360710000,3.2718
2013-02-13,1360796400,3.3164
2013-02-14,1360882800,3.3138
2013-02-17,1361142000,3.3152
2013-02-19,1361314800,3.2585
2013-02-20,1361401200,3.234
2013-02-21,1361487600,3.2658
2013-02-24,1361746800,3.2636
2013-02-25,1361833200,3.1988
2013-02-26,1361919600,3.1063
2013-02-27,1362006000,3.1117
2013-02-28,1362092400,3.1286
2013-03-03,1362351600,3.0983
2013-03-04,1362438000,3.1482
2013-03-05,1362524400,3.1247
2013-03-06,1362610800,3.1233
2013-03-07,1362697200,3.2035
2013-03-10,1362952800,3.1524
2013-03-11,1363039200,3.1502
2013-03-12,1363125600,3.1318
2013-03-13,1363212000,3.1297
2013-03-14,1363298400,3.1503
2013-03-17,1363557600,3.1176
2013-03-18,1363644000,3.0403
2013-03-19,1363730400,3.102
2013-03-20,1363816800,3.0597
2013-03-21,1363903200,3.0512
2013-03-24,1364162400,3.0542
2013-03-25,1364248800,3.1025
2013-03-26,1364335200,3.1118
2013-03-27,1364421600,3.1106
2013-03-31,1364767200,3.1015
2013-04-01,1364853600,3.0408
2013-04-02,1364940000,2.914
2013-04-03,1365026400,2.8987
2013-04-04,1365112800,2.8636
2013-04-07,1365372000,2.9093
2013-04-08,1365458400,2.9424
2013-04-09,1365544800,2.8651
2013-04-10,1365631200,2.831
2013-04-11,1365717600,2.8018
2013-04-14,1365976800,2.7607
2013-04-15,1366063200,2.7741
2013-04-16,1366149600,2.7205
2013-04-17,1366236000,2.7483
2013-04-18,1366322400,2.7614
2013-04-21,1366581600,2.7615
2013-04-22,1366668000,2.7167
2013-04-23,1366754400,2.7518
2013-04-24,1366840800,2.8106
2013-04-25,1366927200,2.8273
2013-04-28,1367186400,2.822
2013-04-29,1367272800,2.802
2013-04-30,1367359200,2.7193
2013-05-01,1367445600,2.7806
2013-05-02,1367532000,2.8254
2013-05-05,1367791200,2.8657
2013-05-06,1367877600,2.8334
2013-05-07,1367964000,2.8538
2013-05-08,1368050400,2.8851
2013-05-09,1368136800,2.8603
2013-05-12,1368396000,2.821
2013-05-13,1368482400,2.8376
2013-05-14,1368568800,2.848
2013-05-15,1368655200,2.8629
2013-05-16,1368741600,2.8913
2013-05-19,1369000800,2.8924
2013-05-20,1369087200,2.8379
2013-05-21,1369173600,2.8122
2013-05-22,1369260000,2.8181
2013-05-23,1369346400,2.8281
2013-05-26,1369605600,2.8454
2013-05-28,1369778400,2.798
2013-05-29,1369864800,2.8073
2013-05-30,1369951200,2.7549
2013-06-02,1370210400,2.7851
2013-06-03,1370296800,2.8182
2013-06-04,1370383200,2.823
2013-06-05,1370469600,2.8509
2013-06-06,1370556000,2.8715
2013-06-09,1370815200,2.8481
2013-06-10,1370901600,2.8231
2013-06-11,1370988000,2.8101
2013-06-12,1371074400,2.8489
2013-06-13,1371160800,2.883
2013-06-16,1371420000,2.8475
2013-06-17,1371506400,2.8706
2013-06-18,1371592800,2.8834
2013-06-19,1371679200,2.7775
2013-06-20,1371765600,2.7467
2013-06-23,1372024800,2.7271
2013-06-24,1372111200,2.7248
2013-06-25,1372197600,2.7178
2013-06-26,1372284000,2.7281
2013-06-27,1372370400,2.7156
2013-06-30,1372629600,2.7379
2013-07-01,1372716000,2.7833
2013-07-02,1372802400,2.8382
2013-07-03,1372888800,2.8968
2013-07-07,1373234400,2.8837
2013-07-08,1373320800,2.926
2013-07-09,1373407200,3.0149
2013-07-10,1373493600,3.0214
2013-07-11,1373580000,3.1175
2013-07-14,1373839200,3.1029
2013-07-15,1373925600,3.053
2013-07-16,1374012000,3.0381
2013-07-17,1374098400,3.0449
2013-07-18,1374184800,3.0581
2013-07-21,1374444000,3.0182
2013-07-22,1374530400,3.029
2013-07-23,1374616800,3.0219
2013-07-24,1374703200,2.9855
2013-07-25,1374789600,3.0033
2013-07-28,1375048800,2.978
2013-07-29,1375135200,2.975
2013-07-30,1375221600,2.9963
2013-07-31,1375308000,3.0284
2013-08-01,1375394400,2.9947
2013-08-04,1375653600,2.9506
2013-08-05,1375740000,2.9151
2013-08-06,1375826400,2.8711
2013-08-07,1375912800,2.8576
2013-08-08,1375999200,2.9082
2013-08-11,1376258400,2.9041
2013-08-12,1376344800,2.9425
2013-08-13,1376431200,2.983
2013-08-14,1376517600,2.8545
2013-08-15,1376604000,2.8464
2013-08-18,1376863200,2.8163
2013-08-19,1376949600,2.8184
2013-08-20,1377036000,2.8184
2013-08-21,1377122400,2.8384
2013-08-22,1377208800,2.8707
2013-08-25,1377468000,2.8345
2013-08-26,1377554400,2.9127
2013-08-27,1377640800,2.9616
2013-08-28,1377727200,2.9306
2013-08-29,1377813600,2.8901
2013-09-01,1378072800,2.8646
2013-09-03,1378245600,2.8643
2013-09-04,1378332000,2.836
2013-09-05,1378418400,2.8537
2013-09-08,1378677600,2.8024
2013-09-09,1378764000,2.7357
2013-09-10,1378850400,2.7122
2013-09-11,1378936800,2.7627
2013-09-12,1379023200,2.7569
2013-09-15,1379282400,2.7065
2013-09-16,1379368800,2.6495
2013-09-17,1379455200,2.7268
2013-09-18,1379541600,2.6796
2013-09-19,1379628000,2.6674
2013-09-22,1379887200,2.615
2013-09-23,1379973600,2.6469
2013-09-24,1380060000,2.6569
2013-09-25,1380146400,2.6887
2013-09-26,1380232800,2.6602
2013-09-29,1380492000,2.6282
2013-09-30,1380578400,2.6106
2013-10-01,1380664800,2.6287
2013-10-02,1380751200,2.6396
2013-10-03,1380837600,2.6076
2013-10-06,1381096800,2.6261
2013-10-07,1381183200,2.6306
2013-10-08,1381269600,2.623
2013-10-09,1381356000,2.6981
2013-10-10,1381442400,2.6681
2013-10-13,1381701600,2.6668
2013-10-14,1381788000,2.6598
2013-10-15,1381874400,2.6838
2013-10-16,1381960800,2.6344
2013-10-17,1382047200,2.6579
2013-10-20,1382306400,2.6401
2013-10-21,1382392800,2.6068
2013-10-22,1382479200,2.5431
2013-10-23,1382565600,2.5724
2013-10-24,1382652000,2.5674
2013-10-27,1382911200,2.6103
2013-10-28,1382997600,2.5917
2013-10-29,1383084000,2.6216
2013-10-30,1383170400,2.587
2013-10-31,1383256800,2.5454
2013-11-03,1383519600,2.5282
2013-11-04,1383606000,2.5161
2013-11-05,1383692400,2.548
2013-11-06,1383778800,2.5031
2013-11-07,1383865200,2.5534
2013-11-10,1384124400,2.5965
2013-11-11,1384210800,2.5864
2013-11-12,1384297200,2.6131
2013-11-13,1384383600,2.6624
2013-11-14,1384470000,2.6389
2013-11-17,1384729200,2.6364
2013-11-18,1384815600,2.6199
2013-11-19,1384902000,2.6458
2013-11-20,1384988400,2.7191
2013-11-21,1385074800,2.7111
2013-11-24,1385334000,2.6736
2013-11-25,1385420400,2.6825
2013-11-26,1385506800,2.6946
2013-11-27,1385593200,2.6628
2013-12-01,1385938800,2.6784
2013-12-02,1386025200,2.7237
2013-12-03,1386111600,2.7192
2013-12-04,1386198000,2.7127
2013-12-05,1386284400,2.7269
2013-12-08,1386543600,2.6749
2013-12-09,1386630000,2.6829
2013-12-10,1386716400,2.6611
2013-12-11,1386802800,2.6348
2013-12-12,1386889200,2.6438
2013-12-15,1387148400,2.6586
2013-12-16,1387234800,2.6586
2013-12-17,1387321200,2.7077
2013-12-18,1387407600,2.7469
2013-12-19,1387494000,2.7848
2013-12-22,1387753200,2.7807
2013-12-23,1387839600,2.8134
2013-12-25,1388012400,2.8149
2013-12-26,1388098800,2.8095
2013-12-29,1388358000,2.7869
2013-12-30,1388444400,2.7859
2014-01-01,1388617200,2.695
2014-01-02,1388703600,2.6488
2014-01-05,1388962800,2.646
2014-01-06,1389049200,2.6786
2014-01-07,1389135600,2.6563
2014-01-08,1389222000,2.6426
2014-01-09,1389308400,2.6691
2014-01-12,1389567600,2.6341
2014-01-13,1389654000,2.6224
2014-01-14,1389740400,2.642
2014-01-15,1389826800,2.6109
2014-01-16,1389913200,2.6309
2014-01-19,1390172400,2.6334
2014-01-21,1390345200,2.6882
2014-01-22,1390431600,2.6697
2014-01-23,1390518000,2.6706
2014-01-26,1390777200,2.6329
2014-01-27,1390863600,2.6376
2014-01-28,1390950000,2.6686
2014-01-29,1391036400,2.6743
2014-01-30,1391122800,2.6314
2014-02-02,1391382000,2.6069
2014-02-03,1391468400,2.6031
2014-02-04,1391554800,2.6413
2014-02-05,1391641200,2.683
2014-02-06,1391727600,2.7489
2014-02-09,1391986800,2.7248
2014-02-10,1392073200,2.7526
2014-02-11,1392159600,2.9367
2014-02-12,1392246000,2.9481
2014-02-13,1392332400,2.9722
2014-02-16,1392591600,3.0007
2014-02-18,1392764400,2.9968
2014-02-19,1392850800,3.021
2014-02-20,1392937200,3.003
2014-02-23,1393196400,3.007
2014-02-24,1393282800,2.9716
2014-02-25,1393369200,2.9857
2014-02-26,1393455600,2.9605
2014-02-27,1393542000,2.9774
2014-03-02,1393801200,3.0203
2014-03-03,1393887600,2.9853
2014-03-04,1393974000,2.9403
2014-03-05,1394060400,2.9455
2014-03-06,1394146800,2.9738
2014-03-09,1394402400,2.9494
2014-03-10,1394488800,2.967
2014-03-11,1394575200,2.9558
2014-03-12,1394661600,2.9329
2014-03-13,1394748000,2.9502
2014-03-16,1395007200,2.8731
2014-03-17,1395093600,2.8953
2014-03-18,1395180000,2.8627
2014-03-19,1395266400,2.8889
2014-03-20,1395352800,2.8996
2014-03-23,1395612000,2.8857
2014-03-24,1395698400,2.8817
2014-03-25,1395784800,2.9063
2014-03-26,1395871200,2.9394
2014-03-27,1395957600,2.9367
2014-03-30,1396216800,2.9179
2014-03-31,1396303200,2.8697
2014-04-01,1396389600,2.8668
2014-04-02,1396476000,2.9118
2014-04-03,1396562400,2.9313
2014-04-06,1396821600,2.926
2014-04-07,1396908000,2.9801
2014-04-08,1396994400,3.0084
2014-04-09,1397080800,3.0079
2014-04-10,1397167200,3.0144
2014-04-13,1397426400,3.0031
2014-04-14,1397512800,3.0111
2014-04-15,1397599200,3.0109
2014-04-16,1397685600,3.0228
2014-04-20,1398031200,3.0449
2014-04-21,1398117600,3.0446
2014-04-22,1398204000,3.0404
2014-04-23,1398290400,3.0452
2014-04-24,1398376800,3.0266
2014-04-27,1398636000,2.9864
2014-04-28,1398722400,3.008
2014-04-29,1398808800,2.9644
2014-04-30,1398895200,2.9388
2014-05-01,1398981600,2.9445
2014-05-04,1399240800,2.9092
2014-05-05,1399327200,2.8858
2014-05-06,1399413600,2.9182
2014-05-07,1399500000,2.905
2014-05-08,1399586400,2.896
2014-05-11,1399845600,2.9146
2014-05-12,1399932000,2.9302
2014-05-13,1400018400,2.9509
2014-05-14,1400104800,2.9452
2014-05-15,1400191200,2.9555
2014-05-18,1400450400,2.9491
2014-05-19,1400536800,2.9502
2014-05-20,1400623200,2.9793
2014-05-21,1400709600,2.9884
2014-05-22,1400796000,3.0066
2014-05-25,1401055200,2.9807
2014-05-27,1401228000,2.9881
2014-05-28,1401314400,2.9958
2014-05-29,1401400800,2.9719
2014-06-01,1401660000,2.9499
2014-06-02,1401746400,2.9487
2014-06-03,1401832800,2.9352
2014-06-04,1401919200,2.9563
2014-06-05,1402005600,2.939
2014-06-08,1402264800,2.9848
2014-06-09,1402351200,2.9745
2014-06-10,1402437600,3.0008
2014-06-11,1402524000,3.0837
2014-06-12,1402610400,3.0234
2014-06-15,1402869600,3.0405
2014-06-16,1402956000,3.058
2014-06-17,1403042400,3.0661
2014-06-18,1403128800,3.0928
2014-06-19,1403215200,3.0962
2014-06-22,1403474400,3.0792
2014-06-23,1403560800,3.0965
2014-06-24,1403647200,3.0705
2014-06-25,1403733600,3.0612
2014-06-26,1403820000,3.0742
2014-06-29,1404079200,3.0433
2014-06-30,1404165600,3.0366
2014-07-01,1404252000,3.024
2014-07-02,1404338400,3.0198
2014-07-03,1404424800,2.989
2014-07-07,1404770400,2.9729
2014-07-08,1404856800,2.9377
2014-07-09,1404943200,2.9576
2014-07-10,1405029600,2.9085
2014-07-13,1405288800,2.9251
2014-07-14,1405375200,2.8986
2014-07-15,1405461600,2.8558
2014-07-16,1405548000,2.8563
2014-07-17,1405634400,2.8349
2014-07-20,1405893600,2.8632
2014-07-21,1405980000,2.8523
2014-07-22,1406066400,2.8388
2014-07-23,1406152800,2.813
2014-07-24,1406239200,2.8402
2014-07-27,1406498400,2.8255
2014-07-28,1406584800,2.8452
2014-07-29,1406671200,2.8158
2014-07-30,1406757600,2.7975
2014-07-31,1406844000,2.7443
2014-08-03,1407103200,2.7249
2014-08-04,1407189600,2.7155
2014-08-05,1407276000,2.7397
2014-08-06,1407362400,2.7723
2014-08-07,1407448800,2.7537
2014-08-10,1407708000,2.7525
2014-08-11,1407794400,2.7345
2014-08-12,1407880800,2.7544
2014-08-13,1407967200,2.5403
2014-08-14,1408053600,2.575
2014-08-17,1408312800,2.5367
2014-08-18,1408399200,2.5636
2014-08-19,1408485600,2.5751
2014-08-20,1408572000,2.5991
2014-08-21,1408658400,2.5889
2014-08-24,1408917600,2.5954
2014-08-25,1409004000,2.6001
2014-08-26,1409090400,2.5905
2014-08-27,1409176800,2.5908
2014-08-28,1409263200,2.6229
2014-08-31,1409522400,2.543
2014-09-02,1409695200,2.62
2014-09-03,1409781600,2.5999
2014-09-04,1409868000,2.5834
2014-09-07,1410127200,2.5619
2014-09-08,1410213600,2.5484
2014-09-09,1410300000,2.5265
2014-09-10,1410386400,2.5241
2014-09-11,1410472800,2.5188
2014-09-14,1410732000,2.4776
2014-09-15,1410818400,2.5061
2014-09-16,1410904800,2.5138
2014-09-17,1410991200,2.496
2014-09-18,1411077600,2.527
2014-09-21,1411336800,2.4901
2014-09-22,1411423200,2.504
2014-09-23,1411509600,2.5123
2014-09-24,1411596000,2.5398
2014-09-25,1411682400,2.4881
2014-09-28,1411941600,2.5142
2014-09-29,1412028000,2.4373
2014-09-30,1412114400,2.4497
2014-10-01,1412200800,2.4091
2014-10-02,1412287200,2.3785
2014-10-05,1412546400,2.4132
2014-10-06,1412632800,2.3683
2014-10-07,1412719200,2.3184
2014-10-08,1412805600,2.2749
2014-10-09,1412892000,2.2575
2014-10-12,1413151200,2.2553
2014-10-13,1413237600,2.1802
2014-10-14,1413324000,2.1487
2014-10-15,1413410400,2.1503
2014-10-16,1413496800,2.1646
2014-10-19,1413756000,2.1414
2014-10-20,1413842400,2.1559
2014-10-21,1413928800,2.109
2014-10-22,1414015200,2.1662
2014-10-23,1414101600,2.1424
2014-10-26,1414360800,2.1346
2014-10-27,1414447200,2.1552
2014-10-28,1414533600,2.1816
2014-10-29,1414620000,2.161
2014-10-30,1414706400,2.1478
2014-11-02,1414969200,2.1176
2014-11-03,1415055600,2.078
2014-11-04,1415142000,2.0867
2014-11-05,1415228400,2.1301
2014-11-06,1415314800,2.1352
2014-11-09,1415574000,2.1011
2014-11-10,1415660400,2.1036
2014-11-11,1415746800,2.0813
2014-11-12,1415833200,1.9827
2014-11-13,1415919600,2.0216
2014-11-16,1416178800,2.0083
2014-11-17,1416265200,2.0236
2014-11-18,1416351600,2.0225
2014-11-19,1416438000,2.015
2014-11-20,1416524400,2.0439
2014-11-23,1416783600,2.0217
2014-11-24,1416870000,2.0123
2014-11-25,1416956400,2.0119
2014-11-26,1417042800,1.8276
2014-11-30,1417388400,1.881
2014-12-01,1417474800,1.8116
2014-12-02,1417561200,1.807
2014-12-03,1417647600,1.7948
2014-12-04,1417734000,1.7734
2014-12-07,1417993200,1.7066
2014-12-08,1418079600,1.7236
2014-12-09,1418166000,1.6418
2014-12-10,1418252400,1.6244
2014-12-11,1418338800,1.5973
2014-12-14,1418598000,1.5905
2014-12-15,1418684400,1.5544
2014-12-16,1418770800,1.5793
2014-12-17,1418857200,1.5401
2014-12-18,1418943600,1.5746
2014-12-21,1419202800,1.5485
2014-12-22,1419289200,1.5848
2014-12-23,1419375600,1.5287
2014-12-25,1419548400,1.5247
2014-12-28,1419807600,1.467
2014-12-29,1419894000,1.4711
2014-12-30,1419980400,1.4721
2015-01-01,1420153200,1.4334
2015-01-04,1420412400,1.3814
2015-01-05,1420498800,1.3543
2015-01-06,1420585200,1.3376
2015-01-07,1420671600,1.3409
2015-01-08,1420758000,1.3232
2015-01-11,1421017200,1.2745
2015-01-12,1421103600,1.2685
2015-01-13,1421190000,1.379
2015-01-14,1421276400,1.3339
2015-01-15,1421362800,1.3905
2015-01-18,1421622000,1.3413
2015-01-20,1421794800,1.3582
2015-01-21,1421881200,1.3569
2015-01-22,1421967600,1.3725
2015-01-25,1422226800,1.347
2015-01-26,1422313200,1.3841
2015-01-27,1422399600,1.377
2015-01-28,1422486000,1.3913
2015-01-29,1422572400,1.4788
2015-02-01,1422831600,1.5446
2015-02-02,1422918000,1.6013
2015-02-03,1423004400,1.4817
2015-02-04,1423090800,1.5248
2015-02-05,1423177200,1.5591
2015-02-08,1423436400,1.5782
2015-02-09,1423522800,1.5523
2015-02-10,1423609200,1.7714
2015-02-11,1423695600,1.8273
2015-02-12,1423782000,1.8591
2015-02-15,1424041200,1.8393
2015-02-17,1424214000,1.8167
2015-02-18,1424300400,1.839
2015-02-19,1424386800,1.8417
2015-02-22,1424646000,1.8382
2015-02-23,1424732400,1.8226
2015-02-24,1424818800,1.9169
2015-02-25,1424905200,1.9008
2015-02-26,1424991600,1.9779
2015-03-01,1425250800,1.8973
2015-03-02,1425337200,1.9499
2015-03-03,1425423600,1.9257
2015-03-04,1425510000,1.8873
2015-03-05,1425596400,1.8819
2015-03-08,1425852000,1.8747
2015-03-09,1425938400,1.8183
2015-03-10,1426024800,1.8264
2015-03-11,1426111200,1.8095
2015-03-12,1426197600,1.7623
2015-03-15,1426456800,1.7264
2015-03-16,1426543200,1.7256
2015-03-17,1426629600,1.7963
2015-03-18,1426716000,1.7715
2015-03-19,1426802400,1.7948
2015-03-22,1427061600,1.8032
2015-03-23,1427148000,1.7977
2015-03-24,1427234400,1.8348
2015-03-25,1427320800,1.8815
2015-03-26,1427407200,1.7968
2015-03-29,1427666400,1.7952
2015-03-30,1427752800,1.77
2015-03-31,1427839200,1.8312
2015-04-01,1427925600,1.7613
2015-04-05,1428271200,1.8425
2015-04-06,1428357600,1.8609
2015-04-07,1428444000,1.7392
2015-04-08,1428530400,1.7592
2015-04-09,1428616800,1.8073
2015-04-12,1428876000,1.8046
2015-04-13,1428962400,1.836
2015-04-14,1429048800,1.9369
2015-04-15,1429135200,1.9406
2015-04-16,1429221600,1.934
2015-04-19,1429480800,1.9368
2015-04-20,1429567200,1.8926
2015-04-21,1429653600,1.9265
2015-04-22,1429740000,1.9934
2015-04-23,1429826400,2.0058
2015-04-26,1430085600,2.0049
2015-04-27,1430172000,1.9969
2015-04-28,1430258400,2.0125
2015-04-29,1430344800,2.0451
2015-04-30,1430431200,2.0453
2015-05-03,1430690400,2.0339
2015-05-04,1430776800,2.0634
2015-05-05,1430863200,2.0366
2015-05-06,1430949600,1.9903
2015-05-07,1431036000,1.9918
2015-05-10,1431295200,1.9864
2015-05-11,1431381600,2.0393
2015-05-12,1431468000,2.032
2015-05-13,1431554400,2.0453
2015-05-14,1431640800,2.0456
2015-05-17,1431900000,2.0312
2015-05-18,1431986400,1.9832
2015-05-19,1432072800,2.027
2015-05-20,1432159200,2.0679
2015-05-21,1432245600,2.039
2015-05-24,1432504800,1.9839
2015-05-26,1432677600,1.9326
2015-05-27,1432764000,1.97
2015-05-28,1432850400,2.0627
2015-05-31,1433109600,2.0422
2015-06-01,1433196000,2.0648
2015-06-02,1433282400,2.0453
2015-06-03,1433368800,1.9806
2015-06-04,1433455200,2.03
2015-06-07,1433714400,2.0075
2015-06-08,1433800800,2.0771
2015-06-09,1433887200,2.1464
2015-06-10,1433973600,2.1381
2015-06-11,1434060000,2.1211
2015-06-14,1434319200,2.0583
2015-06-15,1434405600,2.0796
2015-06-16,1434492000,2.0606
2015-06-17,1434578400,2.069
2015-06-18,1434664800,2.0202
2015-06-21,1434924000,1.9962
2015-06-22,1435010400,2.0433
2015-06-23,1435096800,2.0248
2015-06-24,1435183200,2.0085
2015-06-25,1435269600,2.0204
2015-06-28,1435528800,2.0033
2015-06-29,1435615200,2.0494
2015-06-30,1435701600,2.0068
2015-07-01,1435788000,2.0343
2015-07-02,1435874400,1.9237
2015-07-06,1436220000,1.9494
2015-07-07,1436306400,1.999
2015-07-08,1436392800,2.0451
2015-07-09,1436479200,2.0165
2015-07-12,1436738400,1.9396
2015-07-13,1436824800,1.9307
2015-07-14,1436911200,1.8589
2015-07-15,1436997600,1.8429
2015-07-16,1437084000,1.8774
2015-07-19,1437343200,1.8783
2015-07-20,1437429600,1.8745
2015-07-21,1437516000,1.8231
2015-07-22,1437602400,1.8081
2015-07-23,1437688800,1.7824
2015-07-26,1437948000,1.7666
2015-07-27,1438034400,1.7484
2015-07-28,1438120800,1.755
2015-07-29,1438207200,1.769
2015-07-30,1438293600,1.772
2015-08-02,1438552800,1.6745
2015-08-03,1438639200,1.6852
2015-08-04,1438725600,1.6705
2015-08-05,1438812000,1.6478
2015-08-06,1438898400,1.623
2015-08-09,1439157600,1.694
2015-08-10,1439244000,1.6937
2015-08-11,1439330400,1.7635
2015-08-12,1439416800,1.7141
2015-08-13,1439503200,1.5055
2015-08-16,1439762400,1.4914
2015-08-17,1439848800,1.4823
2015-08-18,1439935200,1.418
2015-08-19,1440021600,1.3929
2015-08-20,1440108000,1.3844
2015-08-23,1440367200,1.3117
2015-08-24,1440453600,1.2935
2015-08-25,1440540000,1.2306
2015-08-26,1440626400,1.3287
2015-08-27,1440712800,1.3971
2015-08-30,1440972000,1.4991
2015-08-31,1441058400,1.3956
2015-09-01,1441144800,1.4252
2015-09-02,1441231200,1.4371
2015-09-03,1441317600,1.4182
2015-09-06,1441576800,1.4021
2015-09-08,1441749600,1.3597
2015-09-09,1441836000,1.3936
2015-09-10,1441922400,1.3699
2015-09-13,1442181600,1.3043
2015-09-14,1442268000,1.322
2015-09-15,1442354400,1.3689
2015-09-16,1442440800,1.3624
2015-09-17,1442527200,1.3382
2015-09-20,1442786400,1.3838
2015-09-21,1442872800,1.3976
2015-09-22,1442959200,1.3649
2015-09-23,1443045600,1.3513
2015-09-24,1443132000,1.3793
2015-09-27,1443391200,1.3326
2015-09-28,1443477600,1.3495
2015-09-29,1443564000,1.3667
2015-09-30,1443650400,1.3668
2015-10-01,1443736800,1.3414
2015-10-04,1443996000,1.3853
2015-10-05,1444082400,1.4362
2015-10-06,1444168800,1.39
2015-10-07,1444255200,1.4078
2015-10-08,1444341600,1.4167
2015-10-11,1444600800,1.3411
2015-10-12,1444687200,1.314
2015-10-13,1444773600,1.3083
2015-10-14,1444860000,1.3128
2015-10-15,1444946400,1.335
2015-10-18,1445205600,1.2685
2015-10-19,1445292000,1.2895
2015-10-20,1445378400,1.2859
2015-10-21,1445464800,1.306
2015-10-22,1445551200,1.2964
2015-10-25,1445810400,1.2828
2015-10-26,1445896800,1.2783
2015-10-27,1445983200,1.3384
2015-10-28,1446069600,1.3394
2015-10-29,1446156000,1.3716
2015-11-01,1446418800,1.3753
2015-11-02,1446505200,1.4455
2015-11-03,1446591600,1.3919
2015-11-04,1446678000,1.361
2015-11-05,1446764400,1.3695
2015-11-08,1447023600,1.3705
2015-11-09,1447110000,1.3618
2015-11-10,1447196400,1.3294
2015-11-11,1447282800,1.2619
2015-11-12,1447369200,1.2312
2015-11-15,1447628400,1.234
2015-11-16,1447714800,1.2264
2015-11-17,1447801200,1.2508
2015-11-18,1447887600,1.2651
2015-11-19,1447974000,1.2671
2015-11-22,1448233200,1.2864
2015-11-23,1448319600,1.3562
2015-11-24,1448406000,1.3536
2015-11-25,1448492400,1.3367
2015-11-29,1448838000,1.3069
2015-11-30,1448924400,1.363
2015-12-01,1449010800,1.2931
2015-12-02,1449097200,1.2963
2015-12-03,1449183600,1.2702
2015-12-06,1449442800,1.2094
2015-12-07,1449529200,1.2036
2015-12-08,1449615600,1.2317
2015-12-09,1449702000,1.2802
2015-12-10,1449788400,1.2815
2015-12-13,1450047600,1.2558
2015-12-14,1450134000,1.2571
2015-12-15,1450220400,1.2424
2015-12-16,1450306800,1.2624
2015-12-17,1450393200,1.27
2015-12-20,1450652400,1.2173
2015-12-21,1450738800,1.1859
2015-12-22,1450825200,1.252
2015-12-23,1450911600,1.2758
2015-12-27,1451257200,1.243
2015-12-28,1451343600,1.2853
2015-12-29,1451430000,1.2436
2015-12-30,1451516400,1.271
2016-01-03,1451862000,1.2907
2016-01-04,1451948400,1.2567
2016-01-05,1452034800,1.1618
2016-01-06,1452121200,1.146
2016-01-07,1452207600,1.1277
2016-01-10,1452466800,1.113
2016-01-11,1452553200,1.0848
2016-01-12,1452639600,1.0821
2016-01-13,1452726000,1.0964
2016-01-14,1452812400,1.0458
2016-01-17,1453071600,1.0527
2016-01-19,1453244400,1.0427
2016-01-20,1453330800,1.0549
2016-01-21,1453417200,1.1081
2016-01-24,1453676400,1.0525
2016-01-25,1453762800,1.0685
2016-01-26,1453849200,1.067
2016-01-27,1453935600,1.1003
2016-01-28,1454022000,1.1323
2016-01-31,1454281200,1.083
2016-02-01,1454367600,1.0008
2016-02-02,1454454000,1.0137
2016-02-03,1454540400,1.0284
2016-02-04,1454626800,0.9927
2016-02-07,1454886000,0.9561
2016-02-08,1454972400,0.8989
2016-02-09,1455058800,0.9425
2016-02-10,1455145200,1.1668
2016-02-11,1455231600,1.2679
2016-02-14,1455490800,1.2021
2016-02-16,1455663600,1.2458
2016-02-17,1455750000,1.2272
2016-02-18,1455836400,1.2069
2016-02-21,1456095600,1.252
2016-02-22,1456182000,1.2197
2016-02-23,1456268400,1.2758
2016-02-24,1456354800,1.3122
2016-02-25,1456441200,1.2951
2016-02-28,1456700400,1.3207
2016-02-29,1456786800,1.3035
2016-03-01,1456873200,1.3107
2016-03-02,1456959600,1.2988
2016-03-03,1457046000,1.3321
2016-03-06,1457305200,1.3927
2016-03-07,1457391600,1.3878
2016-03-08,1457478000,1.4705
2016-03-09,1457564400,1.439
2016-03-10,1457650800,1.4443
2016-03-13,1457906400,1.4226
2016-03-14,1457992800,1.4397
2016-03-15,1458079200,1.4514
2016-03-16,1458165600,1.4732
2016-03-17,1458252000,1.4609
2016-03-20,1458511200,1.4912
2016-03-21,1458597600,1.526
2016-03-22,1458684000,1.4832
2016-03-23,1458770400,1.4946
2016-03-27,1459116000,1.4956
2016-03-28,1459202400,1.4808
2016-03-29,1459288800,1.4661
2016-03-30,1459375200,1.4467
2016-03-31,1459461600,1.4016
2016-04-03,1459720800,1.377
2016-04-04,1459807200,1.3778
2016-04-05,1459893600,1.3947
2016-04-06,1459980000,1.3812
2016-04-07,1460066400,1.4637
2016-04-10,1460325600,1.5077
2016-04-11,1460412000,1.5343
2016-04-12,1460498400,1.5295
2016-04-13,1460584800,1.5212
2016-04-14,1460671200,1.4783
2016-04-17,1460930400,1.4553
2016-04-18,1461016800,1.4981
2016-04-19,1461103200,1.5268
2016-04-20,1461189600,1.5322
2016-04-21,1461276000,1.5484
2016-04-24,1461535200,1.5314
2016-04-25,1461621600,1.5794
2016-04-26,1461708000,1.5947
2016-04-27,1461794400,1.6107
2016-04-28,1461880800,1.6044
2016-05-01,1462140000,1.5628
2016-05-02,1462226400,1.51
2016-05-03,1462312800,1.4866
2016-05-04,1462399200,1.4914
2016-05-05,1462485600,1.4962
2016-05-08,1462744800,1.4427
2016-05-09,1462831200,1.4857
2016-05-10,1462917600,1.5815
2016-05-11,1463004000,1.5833
2016-05-12,1463090400,1.5956
2016-05-15,1463349600,1.6132
2016-05-16,1463436000,1.6393
2016-05-17,1463522400,1.6536
2016-05-18,1463608800,1.6399
2016-05-19,1463695200,1.6412
2016-05-22,1463954400,1.6488
2016-05-23,1464040800,1.6572
2016-05-24,1464127200,1.6486
2016-05-25,1464213600,1.6267
2016-05-26,1464300000,1.6378
2016-05-29,1464559200,1.6134
2016-05-31,1464732000,1.6153
2016-06-01,1464818400,1.6346
2016-06-02,1464904800,1.6075
2016-06-05,1465164000,1.5887
2016-06-06,1465250400,1.5871
2016-06-07,1465336800,1.6198
2016-06-08,1465423200,1.6186
2016-06-09,1465509600,1.5596
2016-06-12,1465768800,1.5362
2016-06-13,1465855200,1.5213
2016-06-14,1465941600,1.5152
2016-06-15,1466028000,1.4785
2016-06-16,1466114400,1.5202
2016-06-19,1466373600,1.5954
2016-06-20,1466460000,1.6034
2016-06-21,1466546400,1.5948
2016-06-22,1466632800,1.6116
2016-06-23,1466719200,1.5338
2016-06-26,1466978400,1.4864
2016-06-27,1467064800,1.5199
2016-06-28,1467151200,1.5383
2016-06-29,1467237600,1.5013
2016-06-30,1467324000,1.5135
2016-07-03,1467583200,1.4287
2016-07-05,1467756000,1.4329
2016-07-06,1467842400,1.3631
2016-07-07,1467928800,1.3708
2016-07-10,1468188000,1.3835
2016-07-11,1468274400,1.4301
2016-07-12,1468360800,1.3784
2016-07-13,1468447200,1.422
2016-07-14,1468533600,1.4299
2016-07-17,1468792800,1.3961
2016-07-18,1468879200,1.3852
2016-07-19,1468965600,1.373
2016-07-20,1469052000,1.3614
2016-07-21,1469138400,1.3615
2016-07-24,1469397600,1.3335
2016-07-25,1469484000,1.3436
2016-07-26,1469570400,1.3172
2016-07-27,1469656800,1.3011
2016-07-28,1469743200,1.3194
2016-07-31,1470002400,1.3036
2016-08-01,1470088800,1.3116
2016-08-02,1470175200,1.3499
2016-08-03,1470261600,1.368
2016-08-04,1470348000,1.3763
2016-08-07,1470607200,1.362
2016-08-08,1470693600,1.3462
2016-08-09,1470780000,1.3014
2016-08-10,1470866400,1.3617
2016-08-11,1470952800,1.3709
2016-08-14,1471212000,1.4007
2016-08-15,1471298400,1.3626
2016-08-16,1471384800,1.3887
2016-08-17,1471471200,1.4214
2016-08-18,1471557600,1.4385
2016-08-21,1471816800,1.4046
2016-08-22,1471903200,1.4196
2016-08-23,1471989600,1.4147
2016-08-24,1472076000,1.4237
2016-08-25,1472162400,1.4284
2016-08-28,1472421600,1.3958
2016-08-29,1472508000,1.3745
2016-08-30,1472594400,1.3334
2016-08-31,1472680800,1.2724
2016-09-01,1472767200,1.3016
2016-09-04,1473026400,1.3164
2016-09-06,1473199200,1.3464
2016-09-07,1473285600,1.4165
2016-09-08,1473372000,1.3611
2016-09-11,1473631200,1.3899
2016-09-12,1473717600,1.3765
2016-09-13,1473804000,1.3615
2016-09-14,1473890400,1.3785
2016-09-15,1473976800,1.3839
2016-09-18,1474236000,1.3534
2016-09-19,1474322400,1.3254
2016-09-20,1474408800,1.3655
2016-09-21,1474495200,1.3787
2016-09-22,1474581600,1.3557
2016-09-25,1474840800,1.3857
2016-09-26,1474927200,1.3626
2016-09-27,1475013600,1.4385
2016-09-28,1475100000,1.4421
2016-09-29,1475186400,1.4631
2016-10-02,1475445600,1.4705
2016-10-03,1475532000,1.4996
2016-10-04,1475618400,1.4928
2016-10-05,1475704800,1.4978
2016-10-06,1475791200,1.4818
2016-10-09,1476050400,1.4972
2016-10-10,1476136800,1.4829
2016-10-11,1476223200,1.4619
2016-10-12,1476309600,1.4818
2016-10-13,1476396000,1.4853
2016-10-16,1476655200,1.4823
2016-10-17,1476741600,1.4922
2016-10-18,1476828000,1.5032
2016-10-19,1476914400,1.4799
2016-10-20,1477000800,1.5122
2016-10-23,1477260000,1.4892
2016-10-24,1477346400,1.4859
2016-10-25,1477432800,1.4712
2016-10-26,1477519200,1.4777
2016-10-27,1477605600,1.4549
2016-10-30,1477864800,1.4195
2016-10-31,1477951200,1.4841
2016-11-01,1478037600,1.4479
2016-11-02,1478124000,1.4245
2016-11-03,1478210400,1.3786
2016-11-06,1478473200,1.371
2016-11-07,1478559600,1.3692
2016-11-08,1478646000,1.3572
2016-11-09,1478732400,1.3377
2016-11-10,1478818800,1.3053
2016-11-13,1479078000,1.2839
2016-11-14,1479164400,1.3376
2016-11-15,1479250800,1.3228
2016-11-16,1479337200,1.3449
2016-11-17,1479423600,1.343
2016-11-20,1479682800,1.401
2016-11-21,1479769200,1.4137
2016-11-22,1479855600,1.4256
2016-11-23,1479942000,1.3761
2016-11-27,1480287600,1.4146
2016-11-28,1480374000,1.3772
2016-11-29,1480460400,1.4825
2016-11-30,1480546800,1.547
2016-12-01,1480633200,1.5591
2016-12-04,1480892400,1.5575
2016-12-05,1480978800,1.5359
2016-12-06,1481065200,1.5082
2016-12-07,1481151600,1.5047
2016-12-08,1481238000,1.5073
2016-12-11,1481497200,1.543
2016-12-12,1481583600,1.5507
2016-12-13,1481670000,1.5515
2016-12-14,1481756400,1.5594
2016-12-15,1481842800,1.5767
2016-12-18,1482102000,1.583
2016-12-19,1482188400,1.6111
2016-12-20,1482274800,1.6202
2016-12-21,1482361200,1.6198
2016-12-22,1482447600,1.6399
2016-12-26,1482793200,1.6617
2016-12-27,1482879600,1.6757
2016-12-28,1482966000,1.6798
2016-12-29,1483052400,1.6709
2017-01-02,1483398000,1.6218
2017-01-03,1483484400,1.6459
2017-01-04,1483570800,1.6377
2017-01-05,1483657200,1.634
2017-01-08,1483916400,1.5707
2017-01-09,1484002800,1.5467
2017-01-10,1484089200,1.5929
2017-01-11,1484175600,1.6108
2017-01-12,1484262000,1.6373
2017-01-15,1484521200,1.6278
2017-01-17,1484694000,1.5774
2017-01-18,1484780400,1.564
2017-01-19,1484866800,1.594
2017-01-22,1485126000,1.5926
2017-01-23,1485212400,1.6018
2017-01-24,1485298800,1.5524
2017-01-25,1485385200,1.5693
2017-01-26,1485471600,1.5518
2017-01-29,1485730800,1.5331
2017-01-30,1485817200,1.5501
2017-01-31,1485903600,1.5791
2017-02-01,1485990000,1.5329
2017-02-02,1486076400,1.5537
2017-02-05,1486335600,1.5103
2017-02-06,1486422000,1.4875
2017-02-07,1486508400,1.5527
2017-02-08,1486594800,1.5702
2017-02-09,1486681200,1.7934
2017-02-12,1486940400,1.7601
2017-02-13,1487026800,1.765
2017-02-14,1487113200,1.7663
2017-02-15,1487199600,1.7463
2017-02-16,1487286000,1.7424
2017-02-19,1487545200,1.7239
2017-02-21,1487718000,1.7348
2017-02-22,1487804400,1.7476
2017-02-23,1487890800,1.7365
2017-02-26,1488150000,1.7417
2017-02-27,1488236400,1.7294
2017-02-28,1488322800,1.678
2017-03-01,1488409200,1.6433
2017-03-02,1488495600,1.6531
2017-03-05,1488754800,1.6723
2017-03-06,1488841200,1.6798
2017-03-07,1488927600,1.6526
2017-03-08,1489014000,1.6243
2017-03-09,1489100400,1.6001
2017-03-12,1489356000,1.5807
2017-03-13,1489442400,1.5835
2017-03-14,1489528800,1.5834
2017-03-15,1489615200,1.612
2017-03-16,1489701600,1.6148
2017-03-19,1489960800,1.6248
2017-03-20,1490047200,1.617
2017-03-21,1490133600,1.6125
2017-03-22,1490220000,1.6013
2017-03-23,1490306400,1.6154
2017-03-26,1490565600,1.6263
2017-03-27,1490652000,1.6364
2017-03-28,1490738400,1.6734
2017-03-29,1490824800,1.6837
2017-03-30,1490911200,1.703
2017-04-02,1491170400,1.6937
2017-04-03,1491256800,1.7217
2017-04-04,1491343200,1.7153
2017-04-05,1491429600,1.7296
2017-04-06,1491516000,1.7462
2017-04-09,1491775200,1.7581
2017-04-10,1491861600,1.7577
2017-04-11,1491948000,1.7446
2017-04-12,1492034400,1.7389
2017-04-16,1492380000,1.7261
2017-04-17,1492466400,1.7165
2017-04-18,1492552800,1.6634
2017-04-19,1492639200,1.6713
2017-04-20,1492725600,1.6453
2017-04-23,1492984800,1.6258
2017-04-24,1493071200,1.6261
2017-04-25,1493157600,1.5944
2017-04-26,1493244000,1.5543
2017-04-27,1493330400,1.5481
2017-04-30,1493589600,1.5272
2017-05-01,1493676000,1.5136
2017-05-02,1493762400,1.5338
2017-05-03,1493848800,1.4812
2017-05-04,1493935200,1.5046
2017-05-07,1494194400,1.5178
2017-05-08,1494280800,1.4895
2017-05-09,1494367200,1.5396
2017-05-10,1494453600,1.5622
2017-05-11,1494540000,1.5761
2017-05-14,1494799200,1.5936
2017-05-15,1494885600,1.6015
2017-05-16,1494972000,1.6005
2017-05-17,1495058400,1.6041
2017-05-18,1495144800,1.6478
2017-05-21,1495404000,1.6583
2017-05-22,1495490400,1.656
2017-05-23,1495576800,1.6476
2017-05-24,1495663200,1.6019
2017-05-25,1495749600,1.6261
2017-05-28,1496008800,1.6243
2017-05-30,1496181600,1.5965
2017-05-31,1496268000,1.6014
2017-06-01,1496354400,1.5771
2017-06-04,1496613600,1.5381
2017-06-05,1496700000,1.5545
2017-06-06,1496786400,1.4913
2017-06-07,1496872800,1.4919
2017-06-08,1496959200,1.5017
2017-06-11,1497218400,1.488
2017-06-12,1497304800,1.4995
2017-06-13,1497391200,1.4327
2017-06-14,1497477600,1.4337
2017-06-15,1497564000,1.4501
2017-06-18,1497823200,1.4446
2017-06-19,1497909600,1.4188
2017-06-20,1497996000,1.4041
2017-06-21,1498082400,1.4239
2017-06-22,1498168800,1.4224
2017-06-25,1498428000,1.4281
2017-06-26,1498514400,1.4517
2017-06-27,1498600800,1.4735
2017-06-28,1498687200,1.477
2017-06-29,1498773600,1.5137
2017-07-02,1499032800,1.5348
2017-07-03,1499119200,1.5024
2017-07-05,1499292000,1.5287
2017-07-06,1499378400,1.4984
2017-07-09,1499637600,1.5007
2017-07-10,1499724000,1.5183
2017-07-11,1499810400,1.5208
2017-07-12,1499896800,1.5261
2017-07-13,1499983200,1.5334
2017-07-16,1500242400,1.5259
2017-07-17,1500328800,1.5408
2017-07-18,1500415200,1.5784
2017-07-19,1500501600,1.572
2017-07-20,1500588000,1.5342
2017-07-23,1500847200,1.5336
2017-07-24,1500933600,1.572
2017-07-25,1501020000,1.5944
2017-07-26,1501106400,1.6197
2017-07-27,1501192800,1.6458
2017-07-30,1501452000,1.6766
2017-07-31,1501538400,1.6613
2017-08-01,1501624800,1.6448
2017-08-02,1501711200,1.6319
2017-08-03,1501797600,1.6463
2017-08-06,1502056800,1.6299
2017-08-07,1502143200,1.6208
2017-08-08,1502229600,1.62
2017-08-09,1502316000,1.6028
2017-08-10,1502402400,1.613
2017-08-13,1502661600,1.5767
2017-08-14,1502748000,1.5795
2017-08-15,1502834400,1.4733
2017-08-16,1502920800,1.4949
2017-08-17,1503007200,1.5331
2017-08-20,1503266400,1.4961
2017-08-21,1503352800,1.5015
2017-08-22,1503439200,1.5278
2017-08-23,1503525600,1.5481
2017-08-24,1503612000,1.5408
2017-08-27,1503871200,1.5713
2017-08-28,1503957600,1.6019
2017-08-29,1504044000,1.6375
2017-08-30,1504130400,1.7792
2017-08-31,1504216800,1.7479
2017-09-03,1504476000,1.6991
2017-09-05,1504648800,1.6733
2017-09-06,1504735200,1.661
2017-09-07,1504821600,1.6476
2017-09-10,1505080800,1.6345
2017-09-11,1505167200,1.6563
2017-09-12,1505253600,1.6473
2017-09-13,1505340000,1.5967
2017-09-14,1505426400,1.6214
2017-09-17,1505685600,1.6166
2017-09-18,1505772000,1.6059
2017-09-19,1505858400,1.6158
2017-09-20,1505944800,1.6066
2017-09-21,1506031200,1.6261
2017-09-24,1506290400,1.6674
2017-09-25,1506376800,1.6491
2017-09-26,1506463200,1.622
2017-09-27,1506549600,1.6148
2017-09-28,1506636000,1.591
2017-10-01,1506895200,1.5553
2017-10-02,1506981600,1.5655
2017-10-03,1507068000,1.5805
2017-10-04,1507154400,1.6114
2017-10-05,1507240800,1.5588
2017-10-08,1507500000,1.5594
2017-10-09,1507586400,1.5915
2017-10-10,1507672800,1.6092
2017-10-11,1507759200,1.5832
2017-10-12,1507845600,1.6222
2017-10-15,1508104800,1.5994
2017-10-16,1508191200,1.6123
2017-10-17,1508277600,1.619
2017-10-18,1508364000,1.6154
2017-10-19,1508450400,1.6435
2017-10-22,1508709600,1.639
2017-10-23,1508796000,1.6734
2017-10-24,1508882400,1.6861
2017-10-25,1508968800,1.7017
2017-10-26,1509055200,1.7174
2017-10-29,1509314400,1.7132
2017-10-30,1509400800,1.7325
2017-10-31,1509487200,1.741
2017-11-01,1509573600,1.7697
2017-11-02,1509660000,1.7934
2017-11-05,1509922800,1.83
2017-11-06,1510009200,1.8153
2017-11-07,1510095600,1.8213
2017-11-08,1510182000,1.8197
2017-11-09,1510268400,1.8124
2017-11-12,1510527600,1.7929
2017-11-13,1510614000,1.7531
2017-11-14,1510700400,1.733
2017-11-15,1510786800,1.7117
2017-11-16,1510873200,1.7442
2017-11-19,1511132400,1.7378
2017-11-20,1511218800,1.7649
2017-11-21,1511305200,1.7619
2017-11-22,1511391600,1.7809
2017-11-26,1511737200,1.7851
2017-11-27,1511823600,1.7686
2017-11-28,1511910000,1.7339
2017-11-29,1511996400,1.73
2017-11-30,1512082800,1.7416
2017-12-03,1512342000,1.6922
2017-12-04,1512428400,1.7184
2017-12-05,1512514800,1.6609
2017-12-06,1512601200,1.7
2017-12-07,1512687600,1.7166
2017-12-10,1512946800,1.7266
2017-12-11,1513033200,1.6976
2017-12-12,1513119600,1.6646
2017-12-13,1513206000,1.6875
2017-12-14,1513292400,1.6725
2017-12-17,1513551600,1.688
2017-12-18,1513638000,1.7109
2017-12-19,1513724400,1.7447
2017-12-20,1513810800,1.7555
2017-12-21,1513897200,1.7668
2017-12-25,1514242800,1.7928
2017-12-26,1514329200,1.7953
2017-12-27,1514415600,1.7946
2017-12-28,1514502000,1.7958
2018-01-01,1514847600,1.7631
2018-01-02,1514934000,1.7974
2018-01-03,1515020400,1.8067
2018-01-04,1515106800,1.7858
2018-01-07,1515366000,1.7918
2018-01-08,1515452400,1.8362
2018-01-09,1515538800,1.8327
2018-01-10,1515625200,1.837
2018-01-11,1515711600,1.8495
2018-01-14,1515970800,1.8529
2018-01-16,1516143600,1.8691
2018-01-17,1516230000,1.8877
2018-01-18,1516316400,1.8647
2018-01-21,1516575600,1.8801
2018-01-22,1516662000,1.9075
2018-01-23,1516748400,1.9122
2018-01-24,1516834800,1.9089
2018-01-25,1516921200,1.9263
2018-01-28,1517180400,1.916
2018-01-29,1517266800,1.8707
2018-01-30,1517353200,1.8937
2018-01-31,1517439600,1.8958
2018-02-01,1517526000,1.872
2018-02-04,1517785200,1.8466
2018-02-05,1517871600,1.8052
2018-02-06,1517958000,1.766
2018-02-07,1518044400,1.765
2018-02-08,1518130800,1.7002
2018-02-11,1518390000,1.8624
2018-02-12,1518476400,1.8662
2018-02-13,1518562800,1.896
2018-02-14,1518649200,1.9143
2018-02-15,1518735600,1.932
2018-02-18,1518994800,1.9346
2018-02-20,1519167600,1.9446
2018-02-21,1519254000,1.9607
2018-02-22,1519340400,1.9896
2018-02-25,1519599600,2.0028
2018-02-26,1519686000,1.9843
2018-02-27,1519772400,1.9246
2018-02-28,1519858800,1.8964
2018-03-01,1519945200,1.9014
2018-03-04,1520204400,1.9349
2018-03-05,1520290800,1.9331
2018-03-06,1520377200,1.9103
2018-03-07,1520463600,1.8677
2018-03-08,1520550000,1.9043
2018-03-11,1520805600,1.894
2018-03-12,1520892000,1.8863
2018-03-13,1520978400,1.933
2018-03-14,1521064800,1.9345
2018-03-15,1521151200,1.9573
2018-03-18,1521410400,1.9375
2018-03-19,1521496800,1.9751
2018-03-20,1521583200,2.0222
2018-03-21,1521669600,2.0179
2018-03-22,1521756000,2.0415
2018-03-25,1522015200,2.0203
2018-03-26,1522101600,2.021
2018-03-27,1522188000,2.0192
2018-03-28,1522274400,2.0206
2018-04-01,1522620000,1.9661
2018-04-02,1522706400,1.9741
2018-04-03,1522792800,1.9768
2018-04-04,1522879200,1.9816
2018-04-05,1522965600,1.9547
2018-04-08,1523224800,1.9842
2018-04-09,1523311200,2.0409
2018-04-10,1523397600,2.0676
2018-04-11,1523484000,2.0546
2018-04-12,1523570400,2.0686
2018-04-15,1523829600,2.0444
2018-04-16,1523916000,2.0468
2018-04-17,1524002400,2.0742
2018-04-18,1524088800,2.0828
2018-04-19,1524175200,2.0996
2018-04-22,1524434400,2.1267
2018-04-23,1524520800,2.0996
2018-04-24,1524607200,2.0949
2018-04-25,1524693600,2.1166
2018-04-26,1524780000,2.1279
2018-04-29,1525039200,2.1308
2018-04-30,1525125600,2.0876
2018-05-01,1525212000,2.0798
2018-05-02,1525298400,2.0875
2018-05-03,1525384800,2.114
2018-05-06,1525644000,2.134
2018-05-07,1525730400,2.1114
2018-05-08,1525816800,2.1673
2018-05-09,1525903200,2.189
2018-05-10,1525989600,2.1888
2018-05-13,1526248800,2.2002
2018-05-14,1526335200,2.2045
2018-05-15,1526421600,2.2455
2018-05-16,1526508000,2.2394
2018-05-17,1526594400,2.2303
2018-05-20,1526853600,2.2524
2018-05-21,1526940000,2.2636
2018-05-22,1527026400,2.2547
2018-05-23,1527112800,2.2282
2018-05-24,1527199200,2.1743
2018-05-27,1527458400,2.1371
2018-05-29,1527631200,2.1724
2018-05-30,1527717600,2.1605
2018-05-31,1527804000,2.1434
2018-06-03,1528063200,2.1224
2018-06-04,1528149600,2.1062
2018-06-05,1528236000,2.07
2018-06-06,1528322400,2.1148
2018-06-07,1528408800,2.1153
2018-06-10,1528668000,2.1049
2018-06-11,1528754400,2.0899
2018-06-12,1528840800,2.1252
2018-06-13,1528927200,2.0798
2018-06-14,1529013600,2.0114
2018-06-17,1529272800,2.044
2018-06-18,1529359200,2.0271
2018-06-19,1529445600,2.0112
2018-06-20,1529532000,1.996
2018-06-21,1529618400,2.0539
2018-06-24,1529877600,2.0339
2018-06-25,1529964000,2.0567
2018-06-26,1530050400,2.1103
2018-06-27,1530136800,2.1055
2018-06-28,1530223200,2.1512
2018-07-01,1530482400,2.1048
2018-07-02,1530568800,2.1176
2018-07-03,1530655200,2.1293
2018-07-05,1530828000,2.1085
2018-07-08,1531087200,2.1485
2018-07-09,1531173600,2.1603
2018-07-10,1531260000,2.0614
2018-07-11,1531346400,2.0717
2018-07-12,1531432800,2.1067
2018-07-15,1531692000,1.9757
2018-07-16,1531778400,1.9972
2018-07-17,1531864800,2.0159
2018-07-18,1531951200,2.0135
2018-07-19,1532037600,2.0343
2018-07-22,1532296800,2.0528
2018-07-23,1532383200,2.0587
2018-07-24,1532469600,2.0851
2018-07-25,1532556000,2.1166
2018-07-26,1532642400,2.1128
2018-07-29,1532901600,2.1132
2018-07-30,1532988000,2.0805
2018-07-31,1533074400,2.0451
2018-08-01,1533160800,2.0681
2018-08-02,1533247200,2.0655
2018-08-05,1533506400,2.0651
2018-08-06,1533592800,2.104
2018-08-07,1533679200,2.0195
2018-08-08,1533765600,1.9999
2018-08-09,1533852000,2.0392
2018-08-12,1534111200,2.0147
2018-08-13,1534197600,2.0341
2018-08-14,1534284000,1.9974
2018-08-15,1534370400,1.8853
2018-08-16,1534456800,1.8841
2018-08-19,1534716000,1.9109
2018-08-20,1534802400,1.911
2018-08-21,1534888800,1.9606
2018-08-22,1534975200,1.9551
2018-08-23,1535061600,1.9753
2018-08-26,1535320800,1.9867
2018-08-27,1535407200,1.9751
2018-08-28,1535493600,1.9998
2018-08-29,1535580000,2.009
2018-08-30,1535666400,1.997
2018-09-02,1535925600,1.9942
2018-09-04,1536098400,1.9648
2018-09-05,1536184800,1.951
2018-09-06,1536271200,1.97
2018-09-09,1536530400,1.9592
2018-09-10,1536616800,2.0142
2018-09-11,1536703200,2.0348
2018-09-12,1536789600,1.9764
2018-09-13,1536876000,1.9591
2018-09-16,1537135200,1.9646
2018-09-17,1537221600,1.9927
2018-09-18,1537308000,2.0085
2018-09-19,1537394400,2.0013
2018-09-20,1537480800,2.0021
2018-09-23,1537740000,2.0421
2018-09-24,1537826400,2.0555
2018-09-25,1537912800,2.0462
2018-09-26,1537999200,2.0689
2018-09-27,1538085600,2.0857
2018-09-30,1538344800,2.1275
2018-10-01,1538431200,2.1269
2018-10-02,1538517600,2.1378
2018-10-03,1538604000,2.1004
2018-10-04,1538690400,2.0861
2018-10-07,1538949600,2.0937
2018-10-08,1539036000,2.0774
2018-10-09,1539122400,2.0204
2018-10-10,1539208800,1.9327
2018-10-11,1539295200,1.942
2018-10-14,1539554400,1.9443
2018-10-15,1539640800,1.9738
2018-10-16,1539727200,1.9165
2018-10-17,1539813600,1.888
2018-10-18,1539900000,1.9102
2018-10-21,1540159200,1.905
2018-10-22,1540245600,1.8344
2018-10-23,1540332000,1.8193
2018-10-24,1540418400,1.8104
2018-10-25,1540504800,1.812
2018-10-28,1540764000,1.8209
2018-10-29,1540850400,1.8023
2018-10-30,1540936800,1.7514
2018-10-31,1541023200,1.7165
2018-11-01,1541109600,1.7083
2018-11-04,1541372400,1.6919
2018-11-05,1541458800,1.694
2018-11-06,1541545200,1.6474
2018-11-07,1541631600,1.6443
2018-11-08,1541718000,1.6214
2018-11-11,1541977200,1.6367
2018-11-12,1542063600,1.5427
2018-11-13,1542150000,1.5472
2018-11-14,1542236400,1.5464
2018-11-15,1542322800,1.5682
2018-11-18,1542582000,1.5717
2018-11-19,1542668400,1.4792
2018-11-20,1542754800,1.4943
2018-11-21,1542841200,1.376
2018-11-25,1543186800,1.4232
2018-11-26,1543273200,1.404
2018-11-27,1543359600,1.3784
2018-11-28,1543446000,1.4299
2018-11-29,1543532400,1.4019
2018-12-02,1543791600,1.4314
2018-12-03,1543878000,1.4434
2018-12-04,1543964400,1.4456
2018-12-05,1544050800,1.4334
2018-12-06,1544137200,1.4858
2018-12-09,1544396400,1.4189
2018-12-10,1544482800,1.4398
2018-12-11,1544569200,1.4204
2018-12-12,1544655600,1.4799
2018-12-13,1544742000,1.4381
2018-12-16,1545001200,1.4128
2018-12-17,1545087600,1.3456
2018-12-18,1545174000,1.3731
2018-12-19,1545260400,1.3079
2018-12-20,1545346800,1.3061
2018-12-23,1545606000,1.2389
2018-12-25,1545778800,1.3199
2018-12-26,1545865200,1.285
2018-12-27,1545951600,1.3014
2018-12-30,1546210800,1.3021
2019-01-01,1546383600,1.3256
2019-01-02,1546470000,1.3495
2019-01-03,1546556400,1.3478
2019-01-06,1546815600,1.3408
2019-01-07,1546902000,1.3626
2019-01-08,1546988400,1.4254
2019-01-09,1547074800,1.4307
2019-01-10,1547161200,1.4007
2019-01-13,1547420400,1.3638
2019-01-14,1547506800,1.4273
2019-01-15,1547593200,1.4328
2019-01-16,1547679600,1.4432
2019-01-17,1547766000,1.4658
2019-01-20,1548025200,1.4158
2019-01-22,1548198000,1.4017
2019-01-23,1548284400,1.4035
2019-01-24,1548370800,1.4047
2019-01-27,1548630000,1.3518
2019-01-28,1548716400,1.3722
2019-01-29,1548802800,1.4026
2019-01-30,1548889200,1.3776
2019-01-31,1548975600,1.4369
2019-02-03,1549234800,1.4323
2019-02-04,1549321200,1.4259
2019-02-05,1549407600,1.4591
2019-02-06,1549494000,1.4258
2019-02-07,1549580400,1.4464
2019-02-10,1549839600,1.4192
2019-02-11,1549926000,1.6174
2019-02-12,1550012400,1.6518
2019-02-13,1550098800,1.6838
2019-02-14,1550185200,1.7382
2019-02-17,1550444400,1.7359
2019-02-19,1550617200,1.7644
2019-02-20,1550703600,1.7678
2019-02-21,1550790000,1.7669
2019-02-24,1551049200,1.7037
2019-02-25,1551135600,1.7243
2019-02-26,1551222000,1.7606
2019-02-27,1551308400,1.7523
2019-02-28,1551394800,1.7303
2019-03-03,1551654000,1.749
2019-03-04,1551740400,1.7674
2019-03-05,1551826800,1.789
2019-03-06,1551913200,1.8054
2019-03-07,1551999600,1.8017
2019-03-10,1552255200,1.826
2019-03-11,1552341600,1.8155
2019-03-12,1552428000,1.8568
2019-03-13,1552514400,1.8407
2019-03-14,1552600800,1.8454
2019-03-17,1552860000,1.8663
2019-03-18,1552946400,1.8746
2019-03-19,1553032800,1.8973
2019-03-20,1553119200,1.8941
2019-03-21,1553205600,1.8901
2019-03-24,1553464800,1.8893
2019-03-25,1553551200,1.906
2019-03-26,1553637600,1.8733
2019-03-27,1553724000,1.8639
2019-03-28,1553810400,1.8825
2019-03-31,1554069600,1.8989
2019-04-01,1554156000,1.9285
2019-04-02,1554242400,1.9512
2019-04-03,1554328800,1.9399
2019-04-04,1554415200,1.9687
2019-04-07,1554674400,1.988
2019-04-08,1554760800,1.999
2019-04-09,1554847200,2.0692
2019-04-10,1554933600,2.0309
2019-04-11,1555020000,2.0123
2019-04-14,1555279200,1.9911
2019-04-15,1555365600,2.0081
2019-04-16,1555452000,2.0111
2019-04-17,1555538400,2.0325
2019-04-21,1555884000,2.0765
2019-04-22,1555970400,2.082
2019-04-23,1556056800,2.0746
2019-04-24,1556143200,2.0782
2019-04-25,1556229600,2.0463
2019-04-28,1556488800,2.0294
2019-04-29,1556575200,2.0668
2019-04-30,1556661600,2.0642
2019-05-01,1556748000,2.0183
2019-05-02,1556834400,2.0265
2019-05-05,1557093600,1.9966
2019-05-06,1557180000,1.9487
2019-05-07,1557266400,1.975
2019-05-08,1557352800,1.9754
2019-05-09,1557439200,1.9891
2019-05-12,1557698400,1.9637
2019-05-13,1557784800,1.9767
2019-05-14,1557871200,1.9822
2019-05-15,1557957600,2.028
2019-05-16,1558044000,2.0182
2019-05-19,1558303200,1.9849
2019-05-20,1558389600,1.9973
2019-05-21,1558476000,1.9675
2019-05-22,1558562400,1.891
2019-05-23,1558648800,1.9132
2019-05-26,1558908000,1.936
2019-05-28,1559080800,1.9202
2019-05-29,1559167200,1.8542
2019-05-30,1559253600,1.7714
2019-06-02,1559512800,1.7413
2019-06-03,1559599200,1.7242
2019-06-04,1559685600,1.6928
2019-06-05,1559772000,1.7076
2019-06-06,1559858400,1.7389
2019-06-09,1560117600,1.7303
2019-06-10,1560204000,1.7563
2019-06-11,1560290400,1.6861
2019-06-12,1560376800,1.6946
2019-06-13,1560463200,1.7071
2019-06-16,1560722400,1.6696
2019-06-17,1560808800,1.7
2019-06-18,1560895200,1.7096
2019-06-19,1560981600,1.7622
2019-06-20,1561068000,1.8161
2019-06-23,1561327200,1.8172
2019-06-24,1561413600,1.8436
2019-06-25,1561500000,1.931
2019-06-26,1561586400,1.9149
2019-06-27,1561672800,1.8966
2019-06-30,1561932000,1.9305
2019-07-01,1562018400,1.8703
2019-07-02,1562104800,1.9167
2019-07-03,1562191200,1.9295
2019-07-07,1562536800,1.9013
2019-07-08,1562623200,1.9269
2019-07-09,1562709600,2.0052
2019-07-10,1562796000,1.9895
2019-07-11,1562882400,1.977
2019-07-14,1563141600,1.9303
2019-07-15,1563228000,1.8448
2019-07-16,1563314400,1.8317
2019-07-17,1563400800,1.7862
2019-07-18,1563487200,1.7952
2019-07-21,1563746400,1.7882
2019-07-22,1563832800,1.814
2019-07-23,1563919200,1.8043
2019-07-24,1564005600,1.8254
2019-07-25,1564092000,1.8224
2019-07-28,1564351200,1.8153
2019-07-29,1564437600,1.846
2019-07-30,1564524000,1.8628
2019-07-31,1564610400,1.7499
2019-08-01,1564696800,1.7815
2019-08-04,1564956000,1.718
2019-08-05,1565042400,1.6873
2019-08-06,1565128800,1.6203
2019-08-07,1565215200,1.6457
2019-08-08,1565301600,1.674
2019-08-11,1565560800,1.6652
2019-08-12,1565647200,1.7364
2019-08-13,1565733600,1.6758
2019-08-14,1565820000,1.5069
2019-08-15,1565906400,1.522
2019-08-18,1566165600,1.5305
2019-08-19,1566252000,1.5482
2019-08-20,1566338400,1.5639
2019-08-21,1566424800,1.5462
2019-08-22,1566511200,1.527
2019-08-25,1566770400,1.5079
2019-08-26,1566856800,1.5387
2019-08-27,1566943200,1.5648
2019-08-28,1567029600,1.5748
2019-08-29,1567116000,1.5297
2019-09-01,1567375200,1.4705
2019-09-03,1567548000,1.5329
2019-09-04,1567634400,1.546
2019-09-05,1567720800,1.5742
2019-09-08,1567980000,1.5846
2019-09-09,1568066400,1.5908
2019-09-10,1568152800,1.5699
2019-09-11,1568239200,1.553
2019-09-12,1568325600,1.5354
2019-09-15,1568584800,1.7301
2019-09-16,1568671200,1.6488
2019-09-17,1568757600,1.6301
2019-09-18,1568844000,1.6631
2019-09-19,1568930400,1.647
2019-09-22,1569189600,1.658
2019-09-23,1569276000,1.6264
2019-09-24,1569362400,1.6002
2019-09-25,1569448800,1.6221
2019-09-26,1569535200,1.6065
2019-09-29,1569794400,1.5665
2019-09-30,1569880800,1.5737
2019-10-01,1569967200,1.5455
2019-10-02,1570053600,1.5559
2019-10-03,1570140000,1.5734
2019-10-06,1570399200,1.5694
2019-10-07,1570485600,1.5809
2019-10-08,1570572000,1.5871
2019-10-09,1570658400,1.6233
2019-10-10,1570744800,1.6388
2019-10-13,1571004000,1.6132
2019-10-14,1571090400,1.6144
2019-10-15,1571176800,1.5842
2019-10-16,1571263200,1.5819
2019-10-17,1571349600,1.5778
2019-10-20,1571608800,1.5637
2019-10-21,1571695200,1.569
2019-10-22,1571781600,1.6133
2019-10-23,1571868000,1.6259
2019-10-24,1571954400,1.6356
2019-10-27,1572213600,1.6344
2019-10-28,1572300000,1.6416
2019-10-29,1572386400,1.6178
2019-10-30,1572472800,1.5946
2019-10-31,1572559200,1.6557
2019-11-03,1572822000,1.6637
2019-11-04,1572908400,1.6746
2019-11-05,1572994800,1.6262
2019-11-06,1573081200,1.6355
2019-11-07,1573167600,1.6337
2019-11-10,1573426800,1.6099
2019-11-11,1573513200,1.6144
2019-11-12,1573599600,1.6309
2019-11-13,1573686000,1.6116
2019-11-14,1573772400,1.6308
2019-11-17,1574031600,1.616
2019-11-18,1574118000,1.5983
2019-11-19,1574204400,1.6506
2019-11-20,1574290800,1.6983
2019-11-21,1574377200,1.6698
2019-11-24,1574636400,1.6715
2019-11-25,1574722800,1.6976
2019-11-26,1574809200,1.6765
2019-11-27,1574895600,1.591
2019-12-01,1575241200,1.5733
2019-12-02,1575327600,1.5629
2019-12-03,1575414000,1.6042
2019-12-04,1575500400,1.6211
2019-12-05,1575586800,1.6474
2019-12-08,1575846000,1.6548
2019-12-09,1575932400,1.6525
2019-12-10,1576018800,1.6261
2019-12-11,1576105200,1.6283
2019-12-12,1576191600,1.6672
2019-12-15,1576450800,1.6678
2019-12-16,1576537200,1.6899
2019-12-17,1576623600,1.6899
2019-12-18,1576710000,1.7097
2019-12-19,1576796400,1.7072
2019-12-22,1577055600,1.7065
2019-12-23,1577142000,1.7274
2019-12-25,1577314800,1.7539
2019-12-26,1577401200,1.7447
2019-12-29,1577660400,1.724
2019-12-30,1577746800,1.6905
2020-01-01,1577919600,1.7042
2020-01-02,1578006000,1.7488
2020-01-05,1578265200,1.7544
2020-01-06,1578351600,1.7222
2020-01-07,1578438000,1.6488
2020-01-08,1578524400,1.6527
2020-01-09,1578610800,1.6596
2020-01-12,1578870000,1.6573
2020-01-13,1578956400,1.6544
2020-01-14,1579042800,1.6492
2020-01-15,1579129200,1.667
2020-01-16,1579215600,1.6549
2020-01-19,1579474800,1.6509
2020-01-21,1579647600,1.5934
2020-01-22,1579734000,1.573
2020-01-23,1579820400,1.5259
2020-01-26,1580079600,1.493
2020-01-27,1580166000,1.5143
2020-01-28,1580252400,1.5408
2020-01-29,1580338800,1.5055
2020-01-30,1580425200,1.5041
2020-02-02,1580684400,1.4737
2020-02-03,1580770800,1.4432
2020-02-04,1580857200,1.4863
2020-02-05,1580943600,1.498
2020-02-06,1581030000,1.5239
2020-02-09,1581289200,1.5213
2020-02-10,1581375600,1.5142
2020-02-11,1581462000,1.7241
2020-02-12,1581548400,1.7227
2020-02-13,1581634800,1.7273
2020-02-16,1581894000,1.7424
2020-02-18,1582066800,1.7819
2020-02-19,1582153200,1.7845
2020-02-20,1582239600,1.7612
2020-02-23,1582498800,1.7132
2020-02-24,1582585200,1.6419
2020-02-25,1582671600,1.5645
2020-02-26,1582758000,1.5206
2020-02-27,1582844400,1.4828
2020-03-01,1583103600,1.5396
2020-03-02,1583190000,1.5313
2020-03-03,1583276400,1.5555
2020-03-04,1583362800,1.5218
2020-03-05,1583449200,1.389
2020-03-08,1583704800,1.1369
2020-03-09,1583791200,1.1571
2020-03-10,1583877600,1.1103
2020-03-11,1583964000,0.8975
2020-03-12,1584050400,0.8992
2020-03-15,1584309600,0.7017
2020-03-16,1584396000,0.719
2020-03-17,1584482400,0.6459
2020-03-18,1584568800,0.6932
2020-03-19,1584655200,0.6281
2020-03-22,1584914400,0.4947
2020-03-23,1585000800,0.5105
2020-03-24,1585087200,0.6054
2020-03-25,1585173600,0.598
2020-03-26,1585260000,0.6136
2020-03-29,1585519200,0.6168
2020-03-30,1585605600,0.5927
2020-03-31,1585692000,0.5465
2020-04-01,1585778400,0.6628
2020-04-02,1585864800,0.6916
2020-04-05,1586124000,0.7016
2020-04-06,1586210400,0.6482
2020-04-07,1586296800,0.678
2020-04-08,1586383200,0.6773
2020-04-12,1586728800,0.7033
2020-04-13,1586815200,0.72
2020-04-14,1586901600,0.7676
2020-04-15,1586988000,0.7569
2020-04-16,1587074400,0.7646
2020-04-19,1587333600,0.7255
2020-04-20,1587420000,0.5695
2020-04-21,1587506400,0.6875
2020-04-22,1587592800,0.6821
2020-04-23,1587679200,0.7001
2020-04-26,1587938400,0.6849
2020-04-27,1588024800,0.704
2020-04-28,1588111200,0.7545
2020-04-29,1588197600,0.7837
2020-04-30,1588284000,0.7663
2020-05-03,1588543200,0.8215
2020-05-04,1588629600,0.9013
2020-05-05,1588716000,0.8769
2020-05-06,1588802400,0.9314
2020-05-07,1588888800,0.9522
2020-05-10,1589148000,0.9242
2020-05-11,1589234400,0.9185
2020-05-12,1589320800,0.8818
2020-05-13,1589407200,0.9369
2020-05-14,1589493600,0.9838
2020-05-17,1589752800,1.0426
2020-05-18,1589839200,1.055
2020-05-19,1589925600,1.0561
2020-05-20,1590012000,1.0618
2020-05-21,1590098400,1.0518
2020-05-24,1590357600,1.0648
2020-05-26,1590530400,1.0177
2020-05-27,1590616800,1.026
2020-05-28,1590703200,1.0785
2020-05-31,1590962400,1.0667
2020-06-01,1591048800,1.1183
2020-06-02,1591135200,1.1193
2020-06-03,1591221600,1.149
2020-06-04,1591308000,1.2136
2020-06-07,1591567200,1.195
2020-06-08,1591653600,1.2103
2020-06-09,1591740000,1.2099
2020-06-10,1591826400,1.1188
2020-06-11,1591912800,1.1243
2020-06-14,1592172000,1.1732
2020-06-15,1592258400,1.2149
2020-06-16,1592344800,1.2219
2020-06-17,1592431200,1.2575
2020-06-18,1592517600,1.271
2020-06-21,1592776800,1.2904
2020-06-22,1592863200,1.2983
2020-06-23,1592949600,1.1992
2020-06-24,1593036000,1.1972
2020-06-25,1593122400,1.1569
2020-06-28,1593381600,1.1878
2020-06-29,1593468000,1.2015
2020-06-30,1593554400,1.2169
2020-07-01,1593640800,1.2592
2020-07-02,1593727200,1.2408
2020-07-06,1594072800,1.275
2020-07-07,1594159200,1.2909
2020-07-08,1594245600,1.2505
2020-07-09,1594332000,1.2831
2020-07-12,1594591200,1.2734
2020-07-13,1594677600,1.2474
2020-07-14,1594764000,1.2645
2020-07-15,1594850400,1.2157
2020-07-16,1594936800,1.2062
2020-07-19,1595196000,1.2131
2020-07-20,1595282400,1.2604
2020-07-21,1595368800,1.2603
2020-07-22,1595455200,1.2363
2020-07-23,1595541600,1.256
2020-07-26,1595800800,1.2447
2020-07-27,1595887200,1.2352
2020-07-28,1595973600,1.2132
2020-07-29,1596060000,1.1908
2020-07-30,1596146400,1.1711
2020-08-02,1596405600,1.2131
2020-08-03,1596492000,1.2143
2020-08-04,1596578400,1.2228
2020-08-05,1596664800,1.2281
2020-08-06,1596751200,1.2076
2020-08-09,1597010400,1.2293
2020-08-10,1597096800,1.2045
2020-08-11,1597183200,1.2438
2020-08-12,1597269600,1.2348
2020-08-13,1597356000,1.188
2020-08-16,1597615200,1.2134
2020-08-17,1597701600,1.2249
2020-08-18,1597788000,1.2285
2020-08-19,1597874400,1.2264
2020-08-20,1597960800,1.213
2020-08-23,1598220000,1.2598
2020-08-24,1598306400,1.2685
2020-08-25,1598392800,1.2634
2020-08-26,1598479200,1.2182
2020-08-27,1598565600,1.2465
2020-08-30,1598824800,1.2137
2020-08-31,1598911200,1.2247
2020-09-01,1598997600,1.202
2020-09-02,1599084000,1.2049
2020-09-03,1599170400,1.1772
2020-09-06,1599429600,1.1028
2020-09-08,1599602400,1.1193
2020-09-09,1599688800,1.0977
2020-09-10,1599775200,1.0949
2020-09-13,1600034400,1.1068
2020-09-14,1600120800,1.1199
2020-09-15,1600207200,1.1694
2020-09-16,1600293600,1.2017
2020-09-17,1600380000,1.2097
2020-09-20,1600639200,1.1544
2020-09-21,1600725600,1.1438
2020-09-22,1600812000,1.1578
2020-09-23,1600898400,1.1732
2020-09-24,1600984800,1.1898
2020-09-27,1601244000,1.2132
2020-09-28,1601330400,1.1711
2020-09-29,1601416800,1.1816
2020-09-30,1601503200,1.1524
2020-10-01,1601589600,1.1235
2020-10-04,1601848800,1.1941
2020-10-05,1601935200,1.2351
2020-10-06,1602021600,1.2009
2020-10-07,1602108000,1.2316
2020-10-08,1602194400,1.2032
2020-10-11,1602453600,1.1757
2020-10-12,1602540000,1.1827
2020-10-13,1602626400,1.1971
2020-10-14,1602712800,1.1637
2020-10-15,1602799200,1.1535
2020-10-18,1603058400,1.1485
2020-10-19,1603144800,1.1725
2020-10-20,1603231200,1.1271
2020-10-21,1603317600,1.1452
2020-10-22,1603404000,1.127
2020-10-25,1603663200,1.0969
2020-10-26,1603749600,1.1288
2020-10-27,1603836000,1.0636
2020-10-28,1603922400,1.028
2020-10-29,1604008800,1.0322
2020-11-01,1604271600,1.052
2020-11-02,1604358000,1.0769
2020-11-03,1604444400,1.1081
2020-11-04,1604530800,1.1159
2020-11-05,1604617200,1.0844
2020-11-08,1604876400,1.1607
2020-11-09,1604962800,1.1941
2020-11-10,1605049200,1.1759
2020-11-11,1605135600,1.1558
2020-11-12,1605222000,1.125
2020-11-15,1605481200,1.147
2020-11-16,1605567600,1.1528
2020-11-17,1605654000,1.1626
2020-11-18,1605740400,1.1596
2020-11-19,1605826800,1.1703
2020-11-22,1606086000,1.1971
2020-11-23,1606172400,1.251
2020-11-24,1606258800,1.271
2020-11-25,1606345200,1.266
2020-11-29,1606690800,1.2416
2020-11-30,1606777200,1.2204
2020-12-01,1606863600,1.2399
2020-12-02,1606950000,1.2617
2020-12-03,1607036400,1.2685
2020-12-06,1607295600,1.2558
2020-12-07,1607382000,1.2559
2020-12-08,1607468400,1.2759
2020-12-09,1607554800,1.3166
2020-12-10,1607641200,1.3077
2020-12-13,1607900400,1.3191
2020-12-14,1607986800,1.3305
2020-12-15,1608073200,1.3515
2020-12-16,1608159600,1.3817
2020-12-17,1608246000,1.391
2020-12-20,1608505200,1.3548
2020-12-21,1608591600,1.3355
2020-12-22,1608678000,1.3762
2020-12-23,1608764400,1.3722
2020-12-27,1609110000,1.3607
2020-12-28,1609196400,1.3783
2020-12-29,1609282800,1.4013
2020-12-30,1609369200,1.4101
2021-01-03,1609714800,1.3729
2021-01-04,1609801200,1.4521
2021-01-05,1609887600,1.475
2021-01-06,1609974000,1.4827
2021-01-07,1610060400,1.5423
2021-01-10,1610319600,1.5208
2021-01-11,1610406000,1.553
2021-01-12,1610492400,1.5467
2021-01-13,1610578800,1.5538
2021-01-14,1610665200,1.5277
2021-01-17,1610924400,1.5379
2021-01-19,1611097200,1.5437
2021-01-20,1611183600,1.5472
2021-01-21,1611270000,1.545
2021-01-24,1611529200,1.5579
2021-01-25,1611615600,1.5748
2021-01-26,1611702000,1.5716
2021-01-27,1611788400,1.5754
2021-01-28,1611874800,1.5527
2021-01-31,1612134000,1.5901
2021-02-01,1612220400,1.616
2021-02-02,1612306800,1.6486
2021-02-03,1612393200,1.6448
2021-02-04,1612479600,1.6493
2021-02-07,1612738800,1.6748
2021-02-08,1612825200,1.6736
2021-02-09,1612911600,1.7841
2021-02-10,1612998000,1.7786
2021-02-11,1613084400,1.8139
2021-02-14,1613343600,1.8637
2021-02-16,1613516400,1.8938
2021-02-17,1613602800,1.8872
2021-02-18,1613689200,1.8889
2021-02-21,1613948400,1.9309
2021-02-22,1614034800,1.9425
2021-02-23,1614121200,1.9777
2021-02-24,1614207600,1.9764
2021-02-25,1614294000,1.9505
2021-02-28,1614553200,1.9429
2021-03-01,1614639600,1.9364
2021-03-02,1614726000,1.9518
2021-03-03,1614812400,1.9979
2021-03-04,1614898800,2.0647
2021-03-07,1615158000,2.0487
2021-03-08,1615244400,2.0502
2021-03-09,1615330800,2.0795
2021-03-10,1615417200,2.138
2021-03-11,1615503600,2.15
2021-03-14,1615759200,2.1046
2021-03-15,1615845600,2.0957
2021-03-16,1615932000,2.0475
2021-03-17,1616018400,1.9407
2021-03-18,1616104800,1.9437
2021-03-21,1616364000,1.9584
2021-03-22,1616450400,1.8959
2021-03-23,1616536800,1.9875
2021-03-24,1616623200,1.9196
2021-03-25,1616709600,1.9709
2021-03-28,1616968800,2.0009
2021-03-29,1617055200,1.9964
2021-03-30,1617141600,1.9597
2021-03-31,1617228000,2.0223
2021-04-04,1617573600,1.9611
2021-04-05,1617660000,1.9663
2021-04-06,1617746400,1.9518
2021-04-07,1617832800,1.9593
2021-04-08,1617919200,1.9621
2021-04-11,1618178400,1.97
2021-04-12,1618264800,1.9757
2021-04-13,1618351200,2.0355
2021-04-14,1618437600,2.0526
2021-04-15,1618524000,2.0426
2021-04-18,1618783200,2.0463
2021-04-19,1618869600,2.0209
2021-04-20,1618956000,1.9881
2021-04-21,1619042400,1.9811
2021-04-22,1619128800,2.0051
2021-04-25,1619388000,1.9902
2021-04-26,1619474400,2.0288
2021-04-27,1619560800,2.0743
2021-04-28,1619647200,2.1038
2021-04-29,1619733600,2.0763
2021-05-02,1619992800,2.1015
2021-05-03,1620079200,2.1512
2021-05-04,1620165600,2.1513
2021-05-05,1620252000,2.1137
2021-05-06,1620338400,2.1269
2021-05-09,1620597600,2.1334
2021-05-10,1620684000,2.1399
2021-05-11,1620770400,2.161
2021-05-12,1620856800,2.093
2021-05-13,1620943200,2.1224
2021-05-16,1621202400,2.1536
2021-05-17,1621288800,2.1554
2021-05-18,1621375200,2.0979
2021-05-19,1621461600,2.0462
2021-05-20,1621548000,2.0709
2021-05-23,1621807200,2.1217
2021-05-24,1621893600,2.1229
2021-05-25,1621980000,2.1512
2021-05-26,1622066400,2.1552
2021-05-27,1622152800,2.1369
2021-05-30,1622412000,2.1704
2021-06-01,1622584800,2.1941
2021-06-02,1622671200,2.2018
2021-06-03,1622757600,2.2115
2021-06-06,1623016800,2.1931
2021-06-07,1623103200,2.219
2021-06-08,1623189600,2.2025
2021-06-09,1623276000,2.2122
2021-06-10,1623362400,2.1861
2021-06-13,1623621600,2.1712
2021-06-14,1623708000,2.1729
2021-06-15,1623794400,2.16
2021-06-16,1623880800,2.1388
2021-06-17,1623967200,2.174
2021-06-20,1624226400,2.2031
2021-06-21,1624312800,2.2301
2021-06-22,1624399200,2.2699
2021-06-23,1624485600,2.28
2021-06-24,1624572000,2.2612
2021-06-27,1624831200,2.2177
2021-06-28,1624917600,2.2415
2021-06-29,1625004000,2.2418
2021-06-30,1625090400,2.2676
2021-07-01,1625176800,2.2998
2021-07-04,1625436000,2.2282
2021-07-06,1625608800,2.206
2021-07-07,1625695200,2.2552
2021-07-08,1625781600,2.292
2021-07-11,1626040800,2.2772
2021-07-12,1626127200,2.3183
2021-07-13,1626213600,2.2935
2021-07-14,1626300000,2.2318
2021-07-15,1626386400,2.2345
2021-07-18,1626645600,2.0903
2021-07-19,1626732000,2.1104
2021-07-20,1626818400,2.1941
2021-07-21,1626904800,2.2474
2021-07-22,1626991200,2.2612
2021-07-25,1627250400,2.2754
2021-07-26,1627336800,2.2813
2021-07-27,1627423200,2.282
2021-07-28,1627509600,2.3251
2021-07-29,1627596000,2.3347
2021-08-01,1627855200,2.2747
2021-08-02,1627941600,2.2708
2021-08-03,1628028000,2.25
2021-08-04,1628114400,2.294
2021-08-05,1628200800,2.2569
2021-08-08,1628460000,2.2348
2021-08-09,1628546400,2.2679
2021-08-10,1628632800,2.3022
2021-08-11,1628719200,2.2754
2021-08-12,1628805600,2.2626
2021-08-15,1629064800,2.0668
2021-08-16,1629151200,2.0397
2021-08-17,1629237600,2.0162
2021-08-18,1629324000,1.9525
2021-08-19,1629410400,1.8902
2021-08-22,1629669600,1.9866
2021-08-23,1629756000,2.0576
2021-08-24,1629842400,2.145
2021-08-25,1629928800,2.0923
2021-08-26,1630015200,2.1196
2021-08-29,1630274400,2.1538
2021-08-30,1630360800,2.1419
2021-08-31,1630447200,2.1109
2021-09-01,1630533600,2.1635
2021-09-02,1630620000,2.154
2021-09-05,1630879200,2.13
2021-09-07,1631052000,2.1321
2021-09-08,1631138400,2.0997
2021-09-09,1631224800,2.154
2021-09-12,1631484000,2.1609
2021-09-13,1631570400,2.1724
2021-09-14,1631656800,2.1438
2021-09-15,1631743200,2.1269
2021-09-16,1631829600,2.1157
2021-09-19,1632088800,2.0603
2021-09-20,1632175200,2.0598
2021-09-21,1632261600,2.0837
2021-09-22,1632348000,2.1261
2021-09-23,1632434400,2.1377
2021-09-26,1632693600,2.17
2021-09-27,1632780000,2.1475
2021-09-28,1632866400,2.175
2021-09-29,1632952800,2.194
2021-09-30,1633039200,2.25
2021-10-03,1633298400,2.3085
2021-10-04,1633384800,2.3579
2021-10-05,1633471200,2.3082
2021-10-06,1633557600,2.3344
2021-10-07,1633644000,2.3662
2021-10-10,1633903200,2.3779
2021-10-11,1633989600,2.3829
2021-10-12,1634076000,2.4055
2021-10-13,1634162400,2.3824
2021-10-14,1634248800,2.4251
2021-10-17,1634508000,2.4223
2021-10-18,1634594400,2.4176
2021-10-19,1634680800,2.4469
2021-10-20,1634767200,2.419
2021-10-21,1634853600,2.4156
2021-10-24,1635112800,2.4427
2021-10-25,1635199200,2.4472
2021-10-26,1635285600,2.3792
2021-10-27,1635372000,2.3589
2021-10-28,1635458400,2.3697
2021-10-31,1635717600,2.4093
2021-11-01,1635804000,2.4501
2021-11-02,1635890400,2.3385
2021-11-03,1635976800,2.2926
2021-11-04,1636063200,2.3209
2021-11-07,1636326000,2.3222
2021-11-08,1636412400,2.3752
2021-11-09,1636498800,2.2972
2021-11-10,1636585200,2.3178
2021-11-11,1636671600,2.2685
2021-11-14,1636930800,2.2762
2021-11-15,1637017200,2.2936
2021-11-16,1637103600,2.2305
2021-11-17,1637190000,2.2427
2021-11-18,1637276400,2.1569
2021-11-21,1637535600,2.2033
2021-11-22,1637622000,2.2783
2021-11-23,1637708400,2.2659
2021-11-24,1637794800,1.9811
2021-11-28,1638140400,2.033
2021-11-29,1638226800,1.9401
2021-11-30,1638313200,1.9511
2021-12-01,1638399600,1.9677
2021-12-02,1638486000,1.9529
2021-12-05,1638745200,2.0433
2021-12-06,1638831600,2.1
2021-12-07,1638918000,2.1485
2021-12-08,1639004400,2.1284
2021-12-09,1639090800,2.1372
2021-12-12,1639350000,2.1165
2021-12-13,1639436400,2.1108
2021-12-14,1639522800,2.1123
2021-12-15,1639609200,2.1644
2021-12-16,1639695600,2.1126
2021-12-19,1639954800,2.0786
2021-12-20,1640041200,2.1448
2021-12-21,1640127600,2.165
2021-12-22,1640214000,2.2033
2021-12-26,1640559600,2.2304
2021-12-27,1640646000,2.246
2021-12-28,1640732400,2.2666
2021-12-29,1640818800,2.2914
2021-12-30,1640905200,2.2246
2022-01-02,1641164400,2.2565
2022-01-03,1641250800,2.2763
2022-01-04,1641337200,2.2921
2022-01-05,1641423600,2.3043
2022-01-06,1641510000,2.2989
2022-01-09,1641769200,2.2754
2022-01-10,1641855600,2.3574
2022-01-11,1641942000,2.3908
2022-01-12,1642028400,2.3877
2022-01-13,1642114800,2.4237
2022-01-16,1642374000,2.4387
2022-01-18,1642546800,2.4615
2022-01-19,1642633200,2.4662
2022-01-20,1642719600,2.4465
2022-01-23,1642978800,2.4021
2022-01-24,1643065200,2.4626
2022-01-25,1643151600,2.5232
2022-01-26,1643238000,2.521
2022-01-27,1643324400,2.5379
2022-01-30,1643583600,2.5544
2022-01-31,1643670000,2.5752
2022-02-01,1643756400,2.607
2022-02-02,1643842800,2.6427
2022-02-03,1643929200,2.6785
2022-02-06,1644188400,2.6853
2022-02-07,1644274800,2.6251
2022-02-08,1644361200,2.6534
2022-02-09,1644447600,2.7915
2022-02-10,1644534000,2.8727
2022-02-13,1644793200,2.9068
2022-02-14,1644879600,2.8095
2022-02-15,1644966000,2.8283
2022-02-16,1645052400,2.796
2022-02-17,1645138800,2.8119
2022-02-20,1645398000,2.8543
2022-02-22,1645570800,2.876
2022-02-23,1645657200,2.9165
2022-02-24,1645743600,2.8741
2022-02-27,1646002800,2.9325
2022-02-28,1646089200,3.0887
2022-03-01,1646175600,3.3083
2022-03-02,1646262000,3.2844
2022-03-03,1646348400,3.544
2022-03-06,1646607600,3.5721
2022-03-07,1646694000,3.6826
2022-03-08,1646780400,3.2938
2022-03-09,1646866800,3.1567
2022-03-10,1646953200,3.3121
2022-03-13,1647208800,3.1689
2022-03-14,1647295200,2.9981
2022-03-15,1647381600,2.952
2022-03-16,1647468000,3.1822
2022-03-17,1647554400,3.2059
2022-03-20,1647813600,3.3379
2022-03-21,1647900000,3.3046
2022-03-22,1647986400,3.4195
2022-03-23,1648072800,3.3689
2022-03-24,1648159200,3.4363
2022-03-27,1648418400,3.1962
2022-03-28,1648504800,3.1767
2022-03-29,1648591200,3.2864
2022-03-30,1648677600,3.1509
2022-03-31,1648764000,3.1535
2022-04-03,1649023200,3.1981
2022-04-04,1649109600,3.1649
2022-04-05,1649196000,3.0462
2022-04-06,1649282400,3.0398
2022-04-07,1649368800,3.1316
2022-04-10,1649628000,3.0031
2022-04-11,1649714400,3.1538
2022-04-12,1649800800,3.2706
2022-04-13,1649887200,3.3606
2022-04-17,1650232800,3.358
2022-04-18,1650319200,3.2289
2022-04-19,1650405600,3.2618
2022-04-20,1650492000,3.3175
2022-04-21,1650578400,3.286
2022-04-24,1650837600,3.2206
2022-04-25,1650924000,3.311
2022-04-26,1651010400,3.4135
2022-04-27,1651096800,3.4759
2022-04-28,1651183200,3.4424
2022-05-01,1651442400,3.5101
2022-05-02,1651528800,3.5012
2022-05-03,1651615200,3.6523
2022-05-04,1651701600,3.6587
2022-05-05,1651788000,3.759
2022-05-08,1652047200,3.6419
2022-05-09,1652133600,3.5415
2022-05-10,1652220000,3.6855
2022-05-11,1652306400,3.7917
2022-05-12,1652392800,3.7848
2022-05-15,1652652000,3.8405
2022-05-16,1652738400,3.7763
2022-05-17,1652824800,3.5913
2022-05-18,1652911200,3.6776
2022-05-19,1652997600,3.6897
2022-05-22,1653256800,3.6802
2022-05-23,1653343200,3.6897
2022-05-24,1653429600,3.7253
2022-05-25,1653516000,3.7924
2022-05-26,1653602400,3.9119
2022-05-29,1653861600,3.9162
2022-05-31,1654034400,4.0716
2022-06-01,1654120800,4.1909
2022-06-02,1654207200,4.2522
2022-06-05,1654466400,4.193
2022-06-06,1654552800,4.1577
2022-06-07,1654639200,4.2219
2022-06-08,1654725600,4.2762
2022-06-09,1654812000,4.1722
2022-06-12,1655071200,4.0353
2022-06-13,1655157600,3.8419
2022-06-14,1655244000,3.7705
2022-06-15,1655330400,3.8438
2022-06-16,1655416800,3.6812
2022-06-19,1655676000,3.6953
2022-06-21,1655848800,3.7298
2022-06-22,1655935200,3.661
2022-06-23,1656021600,3.7817
2022-06-26,1656280800,3.7399
2022-06-27,1656367200,3.8442
2022-06-28,1656453600,3.7233
2022-06-29,1656540000,3.5363
2022-06-30,1656626400,3.6878
2022-07-03,1656885600,3.329
2022-07-05,1657058400,3.2366
2022-07-06,1657144800,3.4204
2022-07-07,1657231200,3.4471
2022-07-10,1657490400,3.4622
2022-07-11,1657576800,3.2646
2022-07-12,1657663200,3.2337
2022-07-13,1657749600,3.0172
2022-07-14,1657836000,3.0541
2022-07-17,1658095200,3.1204
2022-07-18,1658181600,3.1689
2022-07-19,1658268000,3.1356
2022-07-20,1658354400,2.9979
2022-07-21,1658440800,3.0268
2022-07-24,1658700000,3.1163
2022-07-25,1658786400,3.0818
2022-07-26,1658872800,3.1536
2022-07-27,1658959200,3.1018
2022-07-28,1659045600,3.1132
2022-07-31,1659304800,2.9981
2022-08-01,1659391200,3.0567
2022-08-02,1659477600,2.9122
2022-08-03,1659564000,2.7935
2022-08-04,1659650400,2.8556
2022-08-07,1659909600,2.8862
2022-08-08,1659996000,2.9602
2022-08-09,1660082400,3.0703
2022-08-10,1660168800,3.0715
2022-08-11,1660255200,3.046
2022-08-14,1660514400,2.9517
2022-08-15,1660600800,2.6603
2022-08-16,1660687200,2.7117
2022-08-17,1660773600,2.7884
2022-08-18,1660860000,2.7889
2022-08-21,1661119200,2.6822
2022-08-22,1661205600,2.7463
2022-08-23,1661292000,2.647
2022-08-24,1661378400,2.6524
2022-08-25,1661464800,2.6774
2022-08-28,1661724000,2.7161
2022-08-29,1661810400,2.5303
2022-08-30,1661896800,2.4308
2022-08-31,1661983200,2.3853
2022-09-01,1662069600,2.4636
2022-09-04,1662328800,2.4159
2022-09-06,1662501600,2.3077
2022-09-07,1662588000,2.3461
2022-09-08,1662674400,2.4331
2022-09-11,1662933600,2.4448
2022-09-12,1663020000,2.4804
2022-09-13,1663106400,2.5245
2022-09-14,1663192800,2.3848
2022-09-15,1663279200,2.3753
2022-09-18,1663538400,2.4151
2022-09-19,1663624800,2.3925
2022-09-20,1663711200,2.4124
2022-09-21,1663797600,2.4316
2022-09-22,1663884000,2.3081
2022-09-25,1664143200,2.2888
2022-09-26,1664229600,2.3727
2022-09-27,1664316000,2.4617
2022-09-28,1664402400,2.4027
2022-09-29,1664488800,2.3698
2022-10-02,1664748000,2.5129
2022-10-03,1664834400,2.683
2022-10-04,1664920800,2.6685
2022-10-05,1665007200,2.6814
2022-10-06,1665093600,2.7346
2022-10-09,1665352800,2.6228
2022-10-10,1665439200,2.6273
2022-10-11,1665525600,2.6303
2022-10-12,1665612000,2.7034
2022-10-13,1665698400,2.454
2022-10-16,1665957600,2.4344
2022-10-17,1666044000,2.4074
2022-10-18,1666130400,2.4807
2022-10-19,1666216800,2.4661
2022-10-20,1666303200,2.4748
2022-10-23,1666562400,2.4984
2022-10-24,1666648800,2.5567
2022-10-25,1666735200,2.5776
2022-10-26,1666821600,2.6415
2022-10-27,1666908000,2.5629
2022-10-30,1667167200,2.5257
2022-10-31,1667253600,2.5945
2022-11-01,1667340000,2.6972
2022-11-02,1667426400,2.6939
2022-11-03,1667512800,2.7348
2022-11-06,1667775600,2.6531
2022-11-07,1667862000,2.6367
2022-11-08,1667948400,2.5446
2022-11-09,1668034800,2.5663
2022-11-10,1668121200,2.6096
2022-11-13,1668380400,2.4719
2022-11-14,1668466800,2.4742
2022-11-15,1668553200,2.4597
2022-11-16,1668639600,2.3975
2022-11-17,1668726000,2.351
2022-11-20,1668985200,2.3646
2022-11-21,1669071600,2.4438
2022-11-22,1669158000,2.393
2022-11-23,1669244400,2.2729
2022-11-27,1669590000,2.2723
2022-11-28,1669676400,2.2878
2022-11-29,1669762800,2.3847
2022-11-30,1669849200,2.342
2022-12-01,1669935600,2.2804
2022-12-04,1670194800,2.2019
2022-12-05,1670281200,2.1491
2022-12-06,1670367600,2.0772
2022-12-07,1670454000,2.0491
2022-12-08,1670540400,2.0561
2022-12-11,1670799600,2.081
2022-12-12,1670886000,2.1609
2022-12-13,1670972400,2.2536
2022-12-14,1671058800,2.18
2022-12-15,1671145200,2.1459
2022-12-18,1671404400,2.1906
2022-12-19,1671490800,2.232
2022-12-20,1671577200,2.2647
2022-12-21,1671663600,2.2597
2022-12-22,1671750000,2.3915
2022-12-26,1672095600,2.3683
2022-12-27,1672182000,2.3721
2022-12-28,1672268400,2.3767
2022-12-29,1672354800,2.4783
2023-01-02,1672700400,2.3612
2023-01-03,1672786800,2.2592
2023-01-04,1672873200,2.2671
2023-01-05,1672959600,2.2446
2023-01-08,1673218800,2.2929
2023-01-09,1673305200,2.3277
2023-01-10,1673391600,2.4345
2023-01-11,1673478000,2.4753
2023-01-12,1673564400,2.5393
2023-01-15,1673823600,2.5542
2023-01-17,1673996400,2.5338
2023-01-18,1674082800,2.6032
2023-01-19,1674169200,2.65
2023-01-22,1674428400,2.7001
2023-01-23,1674514800,2.6521
2023-01-24,1674601200,2.5978
2023-01-25,1674687600,2.6166
2023-01-26,1674774000,2.5935
2023-01-29,1675033200,2.5058
2023-01-30,1675119600,2.5668
2023-01-31,1675206000,2.4538
2023-02-01,1675292400,2.4523
2023-02-02,1675378800,2.321
2023-02-05,1675638000,2.3734
2023-02-06,1675724400,2.4568
2023-02-07,1675810800,2.4628
2023-02-08,1675897200,2.4475
2023-02-09,1675983600,2.7019
2023-02-12,1676242800,2.7276
2023-02-13,1676329200,2.6939
2023-02-14,1676415600,2.6942
2023-02-15,1676502000,2.6456
2023-02-16,1676588400,2.6222
2023-02-19,1676847600,2.6233
2023-02-21,1677020400,2.5502
2023-02-22,1677106800,2.5848
2023-02-23,1677193200,2.5814
2023-02-26,1677452400,2.584
2023-02-27,1677538800,2.642
2023-02-28,1677625200,2.6748
2023-03-01,1677711600,2.7003
2023-03-02,1677798000,2.7504
2023-03-05,1678057200,2.7965
2023-03-06,1678143600,2.7007
2023-03-07,1678230000,2.6889
2023-03-08,1678316400,2.6051
2023-03-09,1678402800,2.6458
2023-03-12,1678658400,2.5914
2023-03-13,1678744800,2.553
2023-03-14,1678831200,2.4384
2023-03-15,1678917600,2.4746
2023-03-16,1679004000,2.4658
2023-03-19,1679263200,2.4968
2023-03-20,1679349600,2.5063
2023-03-21,1679436000,2.56
2023-03-22,1679522400,2.5671
2023-03-23,1679608800,2.5548
2023-03-26,1679868000,2.6551
2023-03-27,1679954400,2.6805
2023-03-28,1680040800,2.6373
2023-03-29,1680127200,2.6378
2023-03-30,1680213600,2.681
2023-04-02,1680472800,2.7575
2023-04-03,1680559200,2.7371
2023-04-04,1680645600,2.8201
2023-04-05,1680732000,2.8133
2023-04-09,1681077600,2.8079
2023-04-10,1681164000,2.8652
2023-04-11,1681250400,2.8727
2023-04-12,1681336800,2.7802
2023-04-13,1681423200,2.7865
2023-04-16,1681682400,2.7306
2023-04-17,1681768800,2.7082
2023-04-18,1681855200,2.6131
2023-04-19,1681941600,2.56
2023-04-20,1682028000,2.5753
2023-04-23,1682287200,2.61
2023-04-24,1682373600,2.5583
2023-04-25,1682460000,2.5125
2023-04-26,1682546400,2.4927
2023-04-27,1682632800,2.5301
2023-04-30,1682892000,2.5504
2023-05-01,1682978400,2.4357
2023-05-02,1683064800,2.3221
2023-05-03,1683151200,2.3259
2023-05-04,1683237600,2.379
2023-05-07,1683496800,2.4616
2023-05-08,1683583200,2.4799
2023-05-09,1683669600,2.4949
2023-05-10,1683756000,2.4577
2023-05-11,1683842400,2.4302
2023-05-14,1684101600,2.4235
2023-05-15,1684188000,2.4294
2023-05-16,1684274400,2.5139
2023-05-17,1684360800,2.5049
2023-05-18,1684447200,2.4977
2023-05-21,1684706400,2.5389
2023-05-22,1684792800,2.56
2023-05-23,1684879200,2.62
2023-05-24,1684965600,2.5526
2023-05-25,1685052000,2.5913
2023-05-28,1685311200,2.4792
2023-05-30,1685484000,2.4438
2023-05-31,1685570400,2.4362
2023-06-01,1685656800,2.5007
2023-06-04,1685916000,2.5244
2023-06-05,1686002400,2.5643
2023-06-06,1686088800,2.6412
2023-06-07,1686175200,2.6127
2023-06-08,1686261600,2.5932
2023-06-11,1686520800,2.4826
2023-06-12,1686607200,2.5579
2023-06-13,1686693600,2.4503
2023-06-14,1686780000,2.5378
2023-06-15,1686866400,2.5885
2023-06-18,1687125600,2.5199
2023-06-20,1687298400,2.5381
2023-06-21,1687384800,2.4715
2023-06-22,1687471200,2.4366
2023-06-25,1687730400,2.4548
2023-06-26,1687816800,2.4221
2023-06-27,1687903200,2.4971
2023-06-28,1687989600,2.5034
2023-06-29,1688076000,2.5449
2023-07-02,1688335200,2.4624
2023-07-03,1688421600,2.5183
2023-07-05,1688594400,2.5438
2023-07-06,1688680800,2.5893
2023-07-09,1688940000,2.5696
2023-07-10,1689026400,2.6227
2023-07-11,1689112800,2.667
2023-07-12,1689199200,2.6786
2023-07-13,1689285600,2.5825
2023-07-16,1689544800,2.5714
2023-07-17,1689631200,2.6317
2023-07-18,1689717600,2.6705
2023-07-19,1689804000,2.6967
2023-07-20,1689890400,2.7567
2023-07-23,1690149600,2.8391
2023-07-24,1690236000,2.7963
2023-07-25,1690322400,2.8402
2023-07-26,1690408800,2.8815
2023-07-27,1690495200,2.8876
2023-07-30,1690754400,2.8955
2023-07-31,1690840800,2.873
2023-08-01,1690927200,2.7758
2023-08-02,1691013600,2.7647
2023-08-03,1691100000,2.7831
2023-08-06,1691359200,2.8044
2023-08-07,1691445600,2.8451
2023-08-08,1691532000,2.9284
2023-08-09,1691618400,2.9047
2023-08-10,1691704800,2.9649
2023-08-13,1691964000,2.9062
2023-08-14,1692050400,2.8476
2023-08-15,1692136800,2.6214
2023-08-16,1692223200,2.6035
2023-08-17,1692309600,2.6001
2023-08-20,1692568800,2.5539
2023-08-21,1692655200,2.5725
2023-08-22,1692741600,2.5595
2023-08-23,1692828000,2.581
2023-08-24,1692914400,2.645
2023-08-27,1693173600,2.5669
2023-08-28,1693260000,2.5565
2023-08-29,1693346400,2.5671
2023-08-30,1693432800,2.5659
2023-08-31,1693519200,2.5912
2023-09-03,1693778400,2.581
2023-09-05,1693951200,2.6014
2023-09-06,1694037600,2.623
2023-09-07,1694124000,2.6537
2023-09-10,1694383200,2.7187
2023-09-11,1694469600,2.7279
2023-09-12,1694556000,2.7384
2023-09-13,1694642400,2.6794
2023-09-14,1694728800,2.6489
2023-09-17,1694988000,2.6415
2023-09-18,1695074400,2.605
2023-09-19,1695160800,2.5707
2023-09-20,1695247200,2.5681
2023-09-21,1695333600,2.5119
2023-09-24,1695592800,2.5034
2023-09-25,1695679200,2.5166
2023-09-26,1695765600,2.5501
2023-09-27,1695852000,2.4662
2023-09-28,1695938400,2.3995
2023-10-01,1696197600,2.4122
2023-10-02,1696284000,2.3601
2023-10-03,1696370400,2.198
2023-10-04,1696456800,2.189
2023-10-05,1696543200,2.1922
2023-10-08,1696802400,2.2381
2023-10-09,1696888800,2.2584
2023-10-10,1696975200,2.2101
2023-10-11,1697061600,2.165
2023-10-12,1697148000,2.2653
2023-10-15,1697407200,2.2577
2023-10-16,1697493600,2.2725
2023-10-17,1697580000,2.3348
2023-10-18,1697666400,2.343
2023-10-19,1697752800,2.3538
2023-10-22,1698012000,2.3116
2023-10-23,1698098400,2.2527
2023-10-24,1698184800,2.2688
2023-10-25,1698271200,2.2371
2023-10-26,1698357600,2.2952
2023-10-29,1698616800,2.2168
2023-10-30,1698703200,2.2173
2023-10-31,1698789600,2.1855
2023-11-01,1698876000,2.246
2023-11-02,1698962400,2.201
2023-11-05,1699225200,2.2359
2023-11-06,1699311600,2.1677
2023-11-07,1699398000,2.1285
2023-11-08,1699484400,2.1608
2023-11-09,1699570800,2.1895
2023-11-12,1699830000,2.2359
2023-11-13,1699916400,2.2006
2023-11-14,1700002800,2.1803
2023-11-15,1700089200,2.076
2023-11-16,1700175600,2.1544
2023-11-19,1700434800,2.1972
2023-11-20,1700521200,2.208
2023-11-21,1700607600,2.1958
2023-11-22,1700694000,2.1366
2023-11-26,1701039600,2.1454
2023-11-27,1701126000,2.1926
2023-11-28,1701212400,2.2473
2023-11-29,1701298800,2.1758
2023-11-30,1701385200,2.1211
2023-12-03,1701644400,2.1342
2023-12-04,1701730800,2.1103
2023-12-05,1701817200,2.0302
2023-12-06,1701903600,2.0012
2023-12-07,1701990000,2.0498
2023-12-10,1702249200,2.0431
2023-12-11,1702335600,1.9797
2023-12-12,1702422000,2.039
2023-12-13,1702508400,2.1292
2023-12-14,1702594800,2.1476
2023-12-17,1702854000,2.1675
2023-12-18,1702940400,2.2065
2023-12-19,1703026800,2.2071
2023-12-20,1703113200,2.1666
2023-12-21,1703199600,2.1415
2023-12-25,1703545200,2.1724
2023-12-26,1703631600,2.1619
2023-12-27,1703718000,2.0997
2023-12-28,1703804400,2.1063
2024-01-01,1704150000,2.0949
2024-01-02,1704236400,2.1581
2024-01-03,1704322800,2.1101
2024-01-04,1704409200,2.1055
2024-01-07,1704668400,2.0278
2024-01-08,1704754800,2.0768
2024-01-09,1704841200,2.0673
2024-01-10,1704927600,2.1143
2024-01-11,1705014000,2.1203
2024-01-14,1705273200,2.1481
2024-01-16,1705446000,2.1585
2024-01-17,1705532400,2.2055
2024-01-18,1705618800,2.1852
2024-01-21,1705878000,2.2608
2024-01-22,1705964400,2.2333
2024-01-23,1706050800,2.2389
2024-01-24,1706137200,2.291
2024-01-25,1706223600,2.3258
2024-01-28,1706482800,2.2646
2024-01-29,1706569200,2.2968
2024-01-30,1706655600,2.2312
2024-01-31,1706742000,2.1948
2024-02-01,1706828400,2.1475
2024-02-04,1707087600,2.2092
2024-02-05,1707174000,2.2173
2024-02-06,1707260400,2.263
2024-02-07,1707346800,2.342
2024-02-08,1707433200,2.3395
2024-02-11,1707692400,2.3673
2024-02-12,1707778800,2.6196
2024-02-13,1707865200,2.5522
2024-02-14,1707951600,2.5652
2024-02-15,1708038000,2.5783
2024-02-18,1708297200,2.5086
2024-02-20,1708470000,2.5308
2024-02-21,1708556400,2.5675
2024-02-22,1708642800,2.5093
2024-02-25,1708902000,2.5572
2024-02-26,1708988400,2.5944
2024-02-27,1709074800,2.5512
2024-02-28,1709161200,2.581
2024-02-29,1709247600,2.6144
2024-03-03,1709506800,2.5857
2024-03-04,1709593200,2.5328
2024-03-05,1709679600,2.5539
2024-03-06,1709766000,2.5548
2024-03-07,1709852400,2.5272
2024-03-10,1710108000,2.5805
2024-03-11,1710194400,2.5864
2024-03-12,1710280800,2.6534
2024-03-13,1710367200,2.6926
2024-03-14,1710453600,2.7068
2024-03-17,1710712800,2.7454
2024-03-18,1710799200,2.7489
2024-03-19,1710885600,2.7193
2024-03-20,1710972000,2.7122
2024-03-21,1711058400,2.717
2024-03-24,1711317600,2.7284
2024-03-25,1711404000,2.6853
2024-03-26,1711490400,2.6719
2024-03-27,1711576800,2.7206
2024-03-31,1711922400,2.71
2024-04-01,1712008800,2.7589
2024-04-02,1712095200,2.7609
2024-04-03,1712181600,2.7942
2024-04-04,1712268000,2.7886
2024-04-07,1712527200,2.7486
2024-04-08,1712613600,2.7556
2024-04-09,1712700000,2.7816
2024-04-10,1712786400,2.7741
2024-04-11,1712872800,2.8029
2024-04-14,1713132000,2.7597
2024-04-15,1713218400,2.7911
2024-04-16,1713304800,2.6992
2024-04-17,1713391200,2.6846
2024-04-18,1713477600,2.6834
2024-04-21,1713736800,2.663
2024-04-22,1713823200,2.7011
2024-04-23,1713909600,2.7087
2024-04-24,1713996000,2.7333
2024-04-25,1714082400,2.744
2024-04-28,1714341600,2.7309
2024-04-29,1714428000,2.6912
2024-04-30,1714514400,2.5774
2024-05-01,1714600800,2.5965
2024-05-02,1714687200,2.5551
2024-05-05,1714946400,2.5882
2024-05-06,1715032800,2.5434
2024-05-07,1715119200,2.5318
2024-05-08,1715205600,2.5418
2024-05-09,1715292000,2.4997
2024-05-12,1715551200,2.5105
2024-05-13,1715637600,2.4596
2024-05-14,1715724000,2.4861
2024-05-15,1715810400,2.5238
2024-05-16,1715896800,2.5586
2024-05-19,1716156000,2.5279
2024-05-20,1716242400,2.4982
2024-05-21,1716328800,2.4587
2024-05-22,1716415200,2.4565
2024-05-23,1716501600,2.4696
2024-05-26,1716760800,2.5018
2024-05-28,1716933600,2.4599
2024-05-29,1717020000,2.4035
2024-05-30,1717106400,2.4174
2024-06-02,1717365600,2.3356
2024-06-03,1717452000,2.3495
2024-06-04,1717538400,2.3536
2024-06-05,1717624800,2.3975
2024-06-06,1717711200,2.3826
2024-06-09,1717970400,2.4109
2024-06-10,1718056800,2.4089
2024-06-11,1718143200,2.3833
2024-06-12,1718229600,2.402
2024-06-13,1718316000,2.3877
2024-06-16,1718575200,2.4301
2024-06-17,1718661600,2.4652
2024-06-18,1718748000,2.4851
2024-06-20,1718920800,2.4966
2024-06-23,1719180000,2.495
2024-06-24,1719266400,2.4978
2024-06-25,1719352800,2.5245
2024-06-26,1719439200,2.5268
2024-06-27,1719525600,2.5015
2024-06-30,1719784800,2.5783
2024-07-01,1719871200,2.5734
2024-07-02,1719957600,2.6013
2024-07-03,1720044000,2.5591
2024-07-07,1720389600,2.5379
2024-07-08,1720476000,2.5274
2024-07-09,1720562400,2.5034
2024-07-10,1720648800,2.5178
2024-07-11,1720735200,2.5153
2024-07-14,1720994400,2.4916
2024-07-15,1721080800,2.4457
2024-07-16,1721167200,2.4669
2024-07-17,1721253600,2.478
2024-07-18,1721340000,2.4142
2024-07-21,1721599200,2.4288
2024-07-22,1721685600,2.3757
2024-07-23,1721772000,2.4129
2024-07-24,1721858400,2.4295
2024-07-25,1721944800,2.417
2024-07-28,1722204000,2.3723
2024-07-29,1722290400,2.3443
2024-07-30,1722376800,2.4425
2024-07-31,1722463200,2.398
2024-08-01,1722549600,2.3176
2024-08-04,1722808800,2.3336
2024-08-05,1722895200,2.3262
2024-08-06,1722981600,2.3573
2024-08-07,1723068000,2.3992
2024-08-08,1723154400,2.3903
2024-08-11,1723413600,2.4429
2024-08-12,1723500000,2.3747
2024-08-13,1723586400,2.3211
2024-08-14,1723672800,2.1859
2024-08-15,1723759200,2.1399
2024-08-18,1724018400,2.0943
2024-08-19,1724104800,2.0835
2024-08-20,1724191200,2.0513
2024-08-21,1724277600,2.0793
2024-08-22,1724364000,2.1186
2024-08-25,1724623200,2.1349
2024-08-26,1724709600,2.0976
2024-08-27,1724796000,2.0673
2024-08-28,1724882400,2.1077
2024-08-29,1724968800,2.0932
2024-09-01,1725228000,1.9777
2024-09-03,1725400800,1.9618
2024-09-04,1725487200,1.9258
2024-09-05,1725573600,1.896
2024-09-08,1725832800,1.9204
2024-09-09,1725919200,1.87
2024-09-10,1726005600,1.8972
2024-09-11,1726092000,1.927
2024-09-12,1726178400,1.9059
2024-09-15,1726437600,1.9415
2024-09-16,1726524000,1.9754
2024-09-17,1726610400,1.9836
2024-09-18,1726696800,2.0284
2024-09-19,1726783200,2.0073
2024-09-22,1727042400,1.9676
2024-09-23,1727128800,2.0055
2024-09-24,1727215200,1.9742
2024-09-25,1727301600,1.9348
2024-09-26,1727388000,1.927
2024-09-29,1727647200,1.9351
2024-09-30,1727733600,1.9666
2024-10-01,1727820000,1.9859
2024-10-02,1727906400,2.0926
2024-10-03,1727992800,2.0958
2024-10-06,1728252000,2.1538
2024-10-07,1728338400,2.0681
2024-10-08,1728424800,2.0664
2024-10-09,1728511200,2.1509
2024-10-10,1728597600,2.1516
2024-10-13,1728856800,2.1086
2024-10-14,1728943200,2.0377
2024-10-15,1729029600,2.0064
2024-10-16,1729116000,2.0103
2024-10-17,1729202400,1.9661
2024-10-20,1729461600,1.9831
2024-10-21,1729548000,2.0365
2024-10-22,1729634400,2.0041
2024-10-23,1729720800,1.9923
2024-10-24,1729807200,2.037
2024-10-27,1730066400,1.9257
2024-10-28,1730152800,1.9179
2024-10-29,1730239200,1.959
2024-10-30,1730325600,1.9738
2024-10-31,1730412000,1.9665
2024-11-03,1730674800,2.0192
2024-11-04,1730761200,2.0446
2024-11-05,1730847600,2.0354
2024-11-06,1730934000,2.0536
2024-11-07,1731020400,2.0125
2024-11-10,1731279600,1.957
2024-11-11,1731366000,1.9643
2024-11-12,1731452400,1.9379
2024-11-13,1731538800,1.9523
2024-11-14,1731625200,1.9214
2024-11-17,1731884400,1.982
2024-11-18,1731970800,1.9925
2024-11-19,1732057200,1.9912
2024-11-20,1732143600,2.0017
2024-11-21,1732230000,2.0149
2024-11-24,1732489200,1.9512
2024-11-25,1732575600,1.9485
2024-11-26,1732662000,1.9284
2024-11-27,1732748400,1.8988
2024-12-01,1733094000,1.9172
2024-12-02,1733180400,1.9624
2024-12-03,1733266800,1.9391
2024-12-04,1733353200,1.9325
2024-12-05,1733439600,1.9062
2024-12-08,1733698800,1.9525
2024-12-09,1733785200,1.9568
2024-12-10,1733871600,1.9858
2024-12-11,1733958000,1.9885
2024-12-12,1734044400,2.0086
2024-12-15,1734303600,1.9838
2024-12-16,1734390000,1.9542
2024-12-17,1734476400,1.9533
2024-12-18,1734562800,1.9319
2024-12-19,1734649200,1.9503
2024-12-22,1734908400,1.9466
2024-12-23,1734994800,1.9691
2024-12-25,1735167600,1.9572
2024-12-26,1735254000,1.9711
2024-12-29,1735513200,1.9902
2024-12-30,1735599600,2.0092
2025-01-01,1735772400,2.0519
2025-01-02,1735858800,2.0537
2025-01-05,1736118000,2.0355
2025-01-06,1736204400,2.0266
2025-01-07,1736290800,2.0102
2025-01-08,1736377200,2.0283
2025-01-09,1736463600,2.0749
2025-01-12,1736722800,2.1003
2025-01-13,1736809200,2.1046
2025-01-14,1736895600,2.1861
2025-01-15,1736982000,2.1525
2025-01-16,1737068400,2.144
2025-01-19,1737327600,2.1155
2025-01-21,1737500400,2.0869
2025-01-22,1737586800,2.0953
2025-01-23,1737673200,2.0765
2025-01-26,1737932400,2.0548
2025-01-27,1738018800,2.0757
2025-01-28,1738105200,2.0607
2025-01-29,1738191600,2.0665
2025-01-30,1738278000,2.0588
2025-02-02,1738537200,2.1177
2025-02-03,1738623600,2.099
2025-02-04,1738710000,2.0507
2025-02-05,1738796400,2.0747
2025-02-06,1738882800,2.105
2025-02-09,1739142000,2.1042
2025-02-10,1739228400,2.1473
2025-02-11,1739314800,2.3132
2025-02-12,1739401200,2.3267
2025-02-13,1739487600,2.3155
2025-02-16,1739746800,2.3222
2025-02-18,1739919600,2.3201
2025-02-19,1740006000,2.3217
2025-02-20,1740092400,2.2657
2025-02-23,1740351600,2.2572
2025-02-24,1740438000,2.2154
2025-02-25,1740524400,2.1922
2025-02-26,1740610800,2.2418
2025-02-27,1740697200,2.2223
2025-03-02,1740956400,2.1878
2025-03-03,1741042800,2.1942
2025-03-04,1741129200,2.137
2025-03-05,1741215600,2.1012
2025-03-06,1741302000,2.1087
2025-03-09,1741557600,2.0925
2025-03-10,1741644000,2.105
2025-03-11,1741730400,2.1501
2025-03-12,1741816800,2.1331
2025-03-13,1741903200,2.1507
2025-03-16,1742162400,2.182
2025-03-17,1742248800,2.1716
2025-03-18,1742335200,2.1728
2025-03-19,1742421600,2.195
2025-03-20,1742508000,2.1976
2025-03-23,1742767200,2.2093
2025-03-24,1742853600,2.2141
2025-03-25,1742940000,2.2394
2025-03-26,1743026400,2.2545
2025-03-27,1743112800,2.2435
2025-03-30,1743372000,2.2907
2025-03-31,1743458400,2.3025
2025-04-01,1743544800,2.331
2025-04-02,1743631200,2.1643
2025-04-03,1743717600,2.0545
2025-04-06,1743976800,2.0201
2025-04-07,1744063200,1.9914
2025-04-08,1744149600,2.0384
2025-04-09,1744236000,1.9613
2025-04-10,1744322400,1.9991
2025-04-13,1744581600,2.0158
2025-04-14,1744668000,2.0166
2025-04-15,1744754400,2.0363
2025-04-16,1744840800,2.0905
2025-04-20,1745186400,2.0556
2025-04-21,1745272800,2.0908
2025-04-22,1745359200,2.0743
2025-04-23,1745445600,2.0963
2025-04-24,1745532000,2.1072
2025-04-27,1745791200,2.0938
2025-04-28,1745877600,2.057
2025-04-29,1745964000,2.0177
2025-04-30,1746050400,2.0492
2025-05-01,1746136800,2.0199
2025-05-04,1746396000,2.0228
2025-05-05,1746482400,2.0645
2025-05-06,1746568800,2.0278
2025-05-07,1746655200,2.0854
2025-05-08,1746741600,2.1084
2025-05-11,1747000800,2.1331
2025-05-12,1747087200,2.166
2025-05-13,1747173600,2.1309
2025-05-14,1747260000,2.0944
2025-05-15,1747346400,2.1023
2025-05-18,1747605600,2.0941
2025-05-19,1747692000,2.1048
2025-05-20,1747778400,2.1051
2025-05-21,1747864800,2.0924
2025-05-22,1747951200,2.0755
2025-05-25,1748210400,2.048
2025-05-27,1748383200,2.0632
2025-05-28,1748469600,2.0372
2025-05-29,1748556000,2.0151
2025-06-01,1748815200,2.0525
2025-06-02,1748901600,2.0788
2025-06-03,1748988000,2.034
2025-06-04,1749074400,2.0629
2025-06-05,1749160800,2.0768
2025-06-08,1749420000,2.0952
2025-06-09,1749506400,2.088
2025-06-10,1749592800,2.1668
2025-06-11,1749679200,2.1271
2025-06-12,1749765600,2.2135
2025-06-15,1750024800,2.2062
2025-06-16,1750111200,2.2585
2025-06-17,1750197600,2.2898
2025-06-18,1750284000,2.3105
2025-06-22,1750629600,2.1991
2025-06-23,1750716000,2.0709
2025-06-24,1750802400,2.066
2025-06-25,1750888800,2.0777
2025-06-26,1750975200,2.0694
2025-06-29,1751234400,2.0721
2025-06-30,1751320800,2.1003
2025-07-01,1751407200,2.1229
2025-07-02,1751493600,2.1186
2025-07-03,1751580000,2.1522
2025-07-07,1751925600,2.185
2025-07-08,1752012000,2.1879
2025-07-09,1752098400,2.1524
2025-07-10,1752184800,2.187
2025-07-13,1752444000,2.1654
2025-07-14,1752530400,2.1696
2025-07-15,1752616800,2.1014
2025-07-16,1752703200,2.1291
2025-07-17,1752789600,2.1145
2025-07-20,1753048800,2.0956
2025-07-21,1753135200,2.0694
2025-07-22,1753221600,2.0881
2025-07-23,1753308000,2.0754
2025-07-24,1753394400,2.0633
2025-07-27,1753653600,2.1021
2025-07-28,1753740000,2.1759
2025-07-29,1753826400,2.2021
2025-07-30,1753912800,2.1739
2025-07-31,1753999200,2.1186
2025-08-03,1754258400,2.1022
2025-08-04,1754344800,2.0915
2025-08-05,1754431200,2.0904
2025-08-06,1754517600,2.0775
2025-08-07,1754604000,2.0861
2025-08-10,1754863200,2.0766
2025-08-11,1754949600,2.0744
2025-08-12,1755036000,2.0704
2025-08-13,1755122400,1.9409
2025-08-14,1755208800,1.9087
2025-08-17,1755468000,1.9369
2025-08-18,1755554400,1.9227
2025-08-19,1755640800,1.9591
2025-08-20,1755727200,1.9872
2025-08-21,1755813600,1.9938
2025-08-24,1756072800,1.9917
2025-08-25,1756159200,1.9547
2025-08-26,1756245600,1.9682
2025-08-27,1756332000,1.9902
2025-08-28,1756418400,1.9689
2025-08-31,1756677600,2.0428
2025-09-02,1756850400,2.012
2025-09-03,1756936800,2.0095
2025-09-04,1757023200,1.9642
2025-09-07,1757282400,1.9586
2025-09-08,1757368800,1.9925
2025-09-09,1757455200,2.008
2025-09-10,1757541600,1.9793
2025-09-11,1757628000,1.9854
2025-09-14,1757887200,1.952
2025-09-15,1757973600,1.9802
2025-09-16,1758060000,1.9684
2025-09-17,1758146400,1.9521
2025-09-18,1758232800,1.9126
2025-09-21,1758492000,1.918
2025-09-22,1758578400,1.9398
2025-09-23,1758664800,1.9622
2025-09-24,1758751200,1.9547
2025-09-25,1758837600,1.9888
2025-09-28,1759096800,1.9417
2025-09-29,1759183200,1.9223
2025-09-30,1759269600,1.8859
2025-10-01,1759356000,1.851
2025-10-02,1759442400,1.8605
2025-10-05,1759701600,1.9016
2025-10-06,1759788000,1.8939
2025-10-07,1759874400,1.9095
2025-10-08,1759960800,1.8826
2025-10-09,1760047200,1.8204
2025-10-12,1760306400,1.8438
2025-10-13,1760392800,1.8286
2025-10-14,1760479200,1.8344
2025-10-15,1760565600,1.7604
2025-10-16,1760652000,1.7817
2025-10-19,1760911200,1.7753
2025-10-20,1760997600,1.7718
2025-10-21,1761084000,1.8093
2025-10-22,1761170400,1.8729
2025-10-23,1761256800,1.8686
2025-10-26,1761516000,1.866
2025-10-27,1761602400,1.8634
2025-10-28,1761688800,1.8907
2025-10-29,1761775200,1.8926
2025-10-30,1761861600,1.9008
2025-11-02,1762124400,1.9161
2025-11-03,1762210800,1.9228
2025-11-04,1762297200,1.9093
2025-11-05,1762383600,1.9656
2025-11-06,1762470000,1.9403
2025-11-09,1762729200,1.9711
2025-11-10,1762815600,2.012
2025-11-11,1762902000,1.8883
2025-11-12,1762988400,1.8914
2025-11-13,1763074800,1.9332
2025-11-16,1763334000,1.9136
2025-11-17,1763420400,1.922
2025-11-18,1763506800,1.8604
2025-11-19,1763593200,1.844
2025-11-20,1763679600,1.8141
2025-11-23,1763938800,1.8257
2025-11-24,1764025200,1.8022
2025-11-25,1764111600,1.8273
2025-11-26,1764198000,1.8215
2025-11-30,1764543600,1.8689
2025-12-01,1764630000,1.8303
2025-12-02,1764716400,1.8272
2025-12-03,1764802800,1.8271
2025-12-04,1764889200,1.8341
2025-12-07,1765148400,1.7981
2025-12-08,1765234800,1.7897
2025-12-09,1765321200,1.7815
2025-12-10,1765407600,1.7598
2025-12-11,1765494000,1.7521
2025-12-14,1765753200,1.7367
2025-12-15,1765839600,1.6852
2025-12-16,1765926000,1.6992
2025-12-17,1766012400,1.7069
2025-12-18,1766098800,1.7144
2025-12-21,1766358000,1.7485
2025-12-22,1766444400,1.7501
2025-12-23,1766530800,1.7541
2025-12-25,1766703600,1.7074
2025-12-28,1766962800,1.7277
2025-12-29,1767049200,1.733
2025-12-30,1767135600,1.715
2026-01-01,1767308400,1.6982
2026-01-04,1767567600,1.72
2026-01-05,1767654000,1.7006
2026-01-06,1767740400,1.6945
2026-01-07,1767826800,1.7603
2026-01-08,1767913200,1.7806
2026-01-11,1768172400,1.7938
2026-01-12,1768258800,1.8265
2026-01-13,1768345200,1.8605
2026-01-14,1768431600,1.8103
2026-01-15,1768518000,1.8138
2026-01-18,1768777200,1.851
2026-01-20,1768950000,1.8795
2026-01-21,1769036400,1.8387
2026-01-22,1769122800,1.8694
2026-01-25,1769382000,1.8382
2026-01-26,1769468400,1.8826
2026-01-27,1769554800,1.9041
2026-01-28,1769641200,1.9353
2026-01-29,1769727600,1.9422
2026-02-01,1769986800,1.8514
2026-02-02,1770073200,1.8979
2026-02-03,1770159600,1.9652
2026-02-04,1770246000,1.9266
2026-02-05,1770332400,1.9532
2026-02-08,1770591600,1.9855
2026-02-09,1770678000,1.9592
2026-02-10,1770764400,2.2023
2026-02-11,1770850800,2.1436
2026-02-12,1770937200,2.14
2026-02-15,1771196400,2.1403
2026-02-17,1771369200,2.2048
2026-02-18,1771455600,2.2437
2026-02-19,1771542000,2.2434
2026-02-22,1771801200,2.2469
2026-02-23,1771887600,2.2306
2026-02-24,1771974000,2.2458
2026-02-25,1772060400,2.2537
2026-02-26,1772146800,2.2855
2026-03-01,1772406000,2.3706
2026-03-02,1772492400,2.4574
2026-03-03,1772578800,2.5149
2026-03-04,1772665200,2.6709
2026-03-05,1772751600,2.7466
2026-03-08,1773007200,2.8084
2026-03-09,1773093600,2.6403
2026-03-10,1773180000,2.7883
2026-03-11,1773266400,2.9646
2026-03-12,1773352800,3.0414
2026-03-15,1773612000,2.9536
2026-03-16,1773698400,3.0815
2026-03-17,1773784800,3.0715
2026-03-18,1773871200,3.0978
2026-03-19,1773957600,3.2319
2026-03-22,1774216800,2.9274
2026-03-23,1774303200,3.0946
2026-03-24,1774389600,2.9602
2026-03-25,1774476000,3.084
2026-03-26,1774562400,3.191
2026-03-29,1774821600,3.2598
2026-03-30,1774908000,3.2039
2026-03-31,1774994400,3.0914
2026-04-01,1775080800,3.288
2026-04-05,1775426400,3.3082
2026-04-06,1775512800,3.3052
2026-04-07,1775599200,3.0059
2026-04-08,1775685600,3.0007
2026-04-09,1775772000,3.0373
2026-04-12,1776031200,3.116
2026-04-13,1776117600,3.0395
2026-04-14,1776204000,3.0051
2026-04-15,1776290400,3.0913
2026-04-16,1776376800,2.9295
2026-04-19,1776636000,3.0356
2026-04-20,1776722400,3.1283
2026-04-21,1776808800,3.2484
2026-04-22,1776895200,3.3342
2026-04-23,1776981600,3.3277
2026-04-26,1777240800,3.3649
2026-04-27,1777327200,3.4272
2026-04-28,1777413600,3.5922
2026-04-29,1777500000,3.615
2026-04-30,1777586400,3.5952
2026-05-03,1777845600,3.7382
2026-05-04,1777932000,3.6206
2026-05-05,1778018400,3.4593
2026-05-06,1778104800,3.456
2026-05-07,1778191200,3.5267
2026-05-10,1778450400,3.5998
2026-05-11,1778536800,3.6977
2026-05-12,1778623200,3.4709
2026-05-13,1778709600,3.4607
2026-05-14,1778796000,3.5564
2026-05-17,1779055200,3.6214
2026-05-18,1779141600,3.5742
2026-05-19,1779228000,3.3831
2026-05-20,1779314400,3.2758
2026-05-21,1779400800,3.3514
2026-05-24,1779660000,3.1468
2026-05-26,1779832800,3.067
2026-05-27,1779919200,3.1009
2026-05-28,1780005600,3.0344
2026-05-31,1780264800,3.0847
2026-06-01,1780351200,3.1443
2026-06-02,1780437600,3.1316
2026-06-03,1780524000,3.0383
2026-06-04,1780610400,3.0459
2026-06-07,1780869600,3.0706
2026-06-08,1780956000,3.0211
2026-06-09,1781042400,3.1099
2026-06-10,1781128800,3.1014
2026-06-11,1781215200,2.9867
2026-06-14,1781474400,2.8843
2026-06-15,1781560800,2.8132
2026-06-16,1781647200,2.8333
2026-06-17,1781733600,2.9017
2026-06-18,1781820000,2.8795
2026-06-22,1782165600,2.8584
2026-06-23,1782252000,2.7915
2026-06-24,1782338400,2.9024
2026-06-25,1782424800,2.8259
2026-06-28,1782684000,2.9012
2026-06-29,1782770400,2.8949
2026-06-30,1782856800,2.9452
2026-07-01,1782943200,2.9173
2026-07-02,1783029600,3.0033
2026-07-06,1783375200,2.9539
2026-07-07,1783461600,3.1034
2026-07-08,1783548000,3.0387
2026-07-09,1783634400,2.9846
2026-07-12,1783893600,3.1663
2026-07-13,1783980000,3.2273
2026-07-14,1784066400,3.3009
2026-07-15,1784152800,3.0912
2026-07-16,1784239200,3.1916
2026-07-19,1784498400,3.1962
2026-07-20,1784584800,3.2263
2026-07-21,1784671200,3.2449
2026-07-22,1784757600,3.3242
2026-07-23,1784844000,3.2516
2026-07-26,1785103200,3.1696
2026-07-27,1785189600,3.1443
2026-07-28,1785276000,3.2258
2026-07-29,1785362400,3.1313
2026-07-30,1785448800,3.1142
2026-08-02,1785708000,2.9667
2026-08-03,1785794400,2.8522
2026-08-04,1785880800,2.8388
2026-08-05,1785967200,2.9385
2026-08-06,1786053600,2.9853
2026-08-09,1786312800,3.1354
2026-08-10,1786399200,3.1366
2026-08-11,1786485600,3.1537
2026-08-12,1786572000,3.128
2026-08-13,1786658400,2.9044
2026-08-16,1786917600,2.9776
2026-08-17,1787004000,3.0081
2026-08-18,1787090400,2.9775
2026-08-19,1787176800,3.0091
2026-08-20,1787263200,3.0468
2026-08-23,1787522400,2.9688
2026-08-24,1787608800,2.9297
2026-08-25,1787695200,2.9606
2026-08-26,1787781600,2.9904
2026-08-27,1787868000,3.0502
2026-08-30,1788127200,3.077
2026-08-31,1788213600,3.1351
2026-09-01,1788300000,3.1038
2026-09-02,1788386400,3.1349
2026-09-03,1788472800,3.2146
2026-09-06,1788732000,3.2525
2026-09-08,1788904800,3.2106
2026-09-09,1788991200,3.3932
2026-09-10,1789077600,3.3072
2026-09-13,1789336800,3.3171
2026-09-14,1789423200,3.2464
2026-09-15,1789509600,3.2332
2026-09-16,1789596000,3.2486
2026-09-17,1789682400,3.2555
2026-09-20,1789941600,3.1954
2026-09-21,1790028000,3.2221
2026-09-22,1790114400,3.3404
2026-09-23,1790200800,3.333
2026-09-24,1790287200,3.1875
2026-09-27,1790546400,3.1578
2026-09-28,1790632800,3.1323
2026-09-29,1790719200,3.2605
2026-09-30,1790805600,3.4026
2026-10-01,1790892000,3.3124
2026-10-04,1791151200,3.305
